Pool=766 | seeds=10 cycles=100 device=cuda | method=dkl_cold_live
BOLoop: 766 materials  |  direction=max  |  top-50 internal threshold=5.35  top-10% internal threshold=4.94
Init: 10 random labels  |  best (max) = 5.635
Cycle   1: full DKL retrain  (10 labelled)
GP warmup: 20 epochs on initial embeddings
/home/roy/Desktop/DKL-BO/venv/lib/python3.13/site-packages/torch/_compile.py:54: UserWarning: optimizer contains a parameter group with duplicate parameters; in future, this will cause an error; see github.com/pytorch/pytorch/issues/40967 for more information
  return disable_fn(*args, **kwargs)
Joint DKL training: 50 epochs
  Epoch 20/50  loss=1.8800
  Epoch 40/50  loss=1.7699
DKL training done in 0.8s
  → 2P2O3-2  gap=5.363 eV  best=5.635 eV  top50=1  top10%=1
Cycle   2: GP refit  (11 labelled)
  → 2PSbO4-1  gap=5.770 eV  best=5.770 eV  top50=2  top10%=2
Cycle   3: GP refit  (12 labelled)
  → 1NiCl2N2H4C6-1  gap=2.638 eV  best=5.770 eV  top50=2  top10%=2
Cycle   4: GP refit  (13 labelled)
  → 2OPt-3  gap=1.460 eV  best=5.770 eV  top50=2  top10%=2
Cycle   5: GP refit  (14 labelled)
  → 2ClNbO2-1  gap=4.453 eV  best=5.770 eV  top50=2  top10%=2
Cycle   6: full DKL retrain  (15 labelled)
GP warmup: 20 epochs on initial embeddings
Joint DKL training: 50 epochs
  Epoch 20/50  loss=1.2061
  Epoch 40/50  loss=1.0119
DKL training done in 0.3s
  → 2AlO-1  gap=1.849 eV  best=5.770 eV  top50=2  top10%=2
Cycle   7: GP refit  (16 labelled)
  → 2SbTlO3-1  gap=4.173 eV  best=5.770 eV  top50=2  top10%=2
Cycle   8: GP refit  (17 labelled)
  → 1ZrO2-3  gap=3.561 eV  best=5.770 eV  top50=2  top10%=2
Cycle   9: GP refit  (18 labelled)
  → 2CoAs2Br2O3-1  gap=3.781 eV  best=5.770 eV  top50=2  top10%=2
Cycle  10: GP refit  (19 labelled)
  → 2CoHO2-1  gap=2.596 eV  best=5.770 eV  top50=2  top10%=2
Cycle  11: full DKL retrain  (20 labelled)
GP warmup: 20 epochs on initial embeddings
Joint DKL training: 50 epochs
  Epoch 20/50  loss=1.0486
  Epoch 40/50  loss=0.8250
DKL training done in 0.3s
  → 2PVO5-1  gap=4.032 eV  best=5.770 eV  top50=2  top10%=2
Cycle  12: GP refit  (21 labelled)
  → 2AgO-1  gap=1.126 eV  best=5.770 eV  top50=2  top10%=2
Cycle  13: GP refit  (22 labelled)
  → 2FNaO-1  gap=5.377 eV  best=5.770 eV  top50=3  top10%=3
Cycle  14: GP refit  (23 labelled)
  → 2As2O3-1  gap=5.450 eV  best=5.770 eV  top50=4  top10%=4
Cycle  15: GP refit  (24 labelled)
  → 2SrSb2O4-1  gap=4.358 eV  best=5.770 eV  top50=4  top10%=4
Cycle  16: full DKL retrain  (25 labelled)
GP warmup: 20 epochs on initial embeddings
Joint DKL training: 50 epochs
  Epoch 20/50  loss=1.6084
  Epoch 40/50  loss=0.6752
DKL training done in 0.3s
  → 4AgF2-2  gap=1.637 eV  best=5.770 eV  top50=4  top10%=4
Cycle  17: GP refit  (26 labelled)
  → 4AgCl2-1  gap=0.971 eV  best=5.770 eV  top50=4  top10%=4
Cycle  18: GP refit  (27 labelled)
  → 2InO-2  gap=0.920 eV  best=5.770 eV  top50=4  top10%=4
Cycle  19: GP refit  (28 labelled)
  → 1SeAg2O4-1  gap=3.121 eV  best=5.770 eV  top50=4  top10%=4
Cycle  20: GP refit  (29 labelled)
  → 2ClKO3-1  gap=7.004 eV  best=7.004 eV  top50=5  top10%=5
Cycle  21: full DKL retrain  (30 labelled)
GP warmup: 20 epochs on initial embeddings
Joint DKL training: 50 epochs
  Epoch 20/50  loss=2.3329
  Epoch 40/50  loss=0.9844
DKL training done in 0.3s
  → 2Sb2O3-5  gap=4.624 eV  best=7.004 eV  top50=5  top10%=5
Cycle  22: GP refit  (31 labelled)
  → 2CKO3-1  gap=2.692 eV  best=7.004 eV  top50=5  top10%=5
Cycle  23: GP refit  (32 labelled)
  → 2KNO3-1  gap=5.261 eV  best=7.004 eV  top50=5  top10%=6
Cycle  24: GP refit  (33 labelled)
  → 2ClCu-4  gap=3.657 eV  best=7.004 eV  top50=5  top10%=6
Cycle  25: GP refit  (34 labelled)
  → 1FeZrBr6-1  gap=3.164 eV  best=7.004 eV  top50=5  top10%=6
Cycle  26: full DKL retrain  (35 labelled)
GP warmup: 20 epochs on initial embeddings
Joint DKL training: 50 epochs
  Epoch 20/50  loss=2.2225
  Epoch 40/50  loss=1.1360
DKL training done in 0.3s
  → 2AgF-3  gap=2.475 eV  best=7.004 eV  top50=5  top10%=6
Cycle  27: GP refit  (36 labelled)
  → 1BaCl2-2  gap=6.099 eV  best=7.004 eV  top50=6  top10%=7
Cycle  28: GP refit  (37 labelled)
  → 1AlAs-1  gap=2.028 eV  best=7.004 eV  top50=6  top10%=7
Cycle  29: GP refit  (38 labelled)
  → 2AgTe-2  gap=0.242 eV  best=7.004 eV  top50=6  top10%=7
Cycle  30: GP refit  (39 labelled)
  → 2ClK-2  gap=6.136 eV  best=7.004 eV  top50=7  top10%=8
Cycle  31: full DKL retrain  (40 labelled)
GP warmup: 20 epochs on initial embeddings
Joint DKL training: 50 epochs
  Epoch 20/50  loss=1.4126
  Epoch 40/50  loss=1.0998
DKL training done in 0.3s
  → 1HfCl2-1  gap=1.471 eV  best=7.004 eV  top50=7  top10%=8
Cycle  32: GP refit  (41 labelled)
  → 2HSeNa3O4-1  gap=5.631 eV  best=7.004 eV  top50=8  top10%=9
Cycle  33: GP refit  (42 labelled)
  → 2KNORuCl5-1  gap=1.558 eV  best=7.004 eV  top50=8  top10%=9
Cycle  34: GP refit  (43 labelled)
  → 1BaBrCl-1  gap=6.257 eV  best=7.004 eV  top50=9  top10%=10
Cycle  35: GP refit  (44 labelled)
  → 2ClRb-2  gap=5.891 eV  best=7.004 eV  top50=10  top10%=11
Cycle  36: full DKL retrain  (45 labelled)
GP warmup: 20 epochs on initial embeddings
Joint DKL training: 50 epochs
  Epoch 20/50  loss=1.1658
  Epoch 40/50  loss=0.7566
DKL training done in 0.3s
  → 1WAg2Te4-1  gap=1.318 eV  best=7.004 eV  top50=10  top10%=11
Cycle  37: GP refit  (46 labelled)
  → 1PbCl2-2  gap=3.856 eV  best=7.004 eV  top50=10  top10%=11
Cycle  38: GP refit  (47 labelled)
  → 1SeTeV-1  gap=0.831 eV  best=7.004 eV  top50=10  top10%=11
Cycle  39: GP refit  (48 labelled)
  → 2AuO-1  gap=0.865 eV  best=7.004 eV  top50=10  top10%=11
Cycle  40: GP refit  (49 labelled)
  → 2HSNa3O4-1  gap=5.084 eV  best=7.004 eV  top50=10  top10%=12
Cycle  41: full DKL retrain  (50 labelled)
GP warmup: 20 epochs on initial embeddings
Joint DKL training: 50 epochs
  Epoch 20/50  loss=1.5529
  Epoch 40/50  loss=1.2412
DKL training done in 0.3s
  → 2HNaO-2  gap=5.181 eV  best=7.004 eV  top50=10  top10%=13
Cycle  42: GP refit  (51 labelled)
  → 1N2O2Hf3-1  gap=0.508 eV  best=7.004 eV  top50=10  top10%=13
Cycle  43: GP refit  (52 labelled)
  → 1CrO2-2  gap=1.144 eV  best=7.004 eV  top50=10  top10%=13
Cycle  44: GP refit  (53 labelled)
  → 2HKS-2  gap=4.369 eV  best=7.004 eV  top50=10  top10%=13
Cycle  45: GP refit  (54 labelled)
  → 2HNaO-1  gap=4.458 eV  best=7.004 eV  top50=10  top10%=13
Cycle  46: full DKL retrain  (55 labelled)
GP warmup: 20 epochs on initial embeddings
Joint DKL training: 50 epochs
  Epoch 20/50  loss=1.1111
  Epoch 40/50  loss=0.8592
DKL training done in 0.3s
  → 1Cl2Ge2O3-1  gap=4.462 eV  best=7.004 eV  top50=10  top10%=13
Cycle  47: GP refit  (56 labelled)
  → 2HKTe-1  gap=3.400 eV  best=7.004 eV  top50=10  top10%=13
Cycle  48: GP refit  (57 labelled)
  → 2AgCl-7  gap=3.462 eV  best=7.004 eV  top50=10  top10%=13
Cycle  49: GP refit  (58 labelled)
  → 1SnCl2-2  gap=3.537 eV  best=7.004 eV  top50=10  top10%=13
Cycle  50: GP refit  (59 labelled)
  → 1IPd2Cl5-1  gap=1.393 eV  best=7.004 eV  top50=10  top10%=13
Cycle  51: full DKL retrain  (60 labelled)
GP warmup: 20 epochs on initial embeddings
Joint DKL training: 50 epochs
  Epoch 20/50  loss=0.7913
  Epoch 40/50  loss=0.5670
DKL training done in 0.3s
  → 2AgI-2  gap=2.922 eV  best=7.004 eV  top50=10  top10%=13
Cycle  52: GP refit  (61 labelled)
  → 2AgSe-1  gap=1.179 eV  best=7.004 eV  top50=10  top10%=13
Cycle  53: GP refit  (62 labelled)
  → 2ClGa-1  gap=3.220 eV  best=7.004 eV  top50=10  top10%=13
Cycle  54: GP refit  (63 labelled)
  → 1WAg2S4-1  gap=2.482 eV  best=7.004 eV  top50=10  top10%=13
Cycle  55: GP refit  (64 labelled)
  → 1HgO-1  gap=0.025 eV  best=7.004 eV  top50=10  top10%=13
Cycle  56: full DKL retrain  (65 labelled)
GP warmup: 20 epochs on initial embeddings
Joint DKL training: 50 epochs
  Epoch 20/50  loss=1.1079
  Epoch 40/50  loss=0.9129
DKL training done in 0.3s
  → 2BaSb2O4-1  gap=4.562 eV  best=7.004 eV  top50=10  top10%=13
Cycle  57: GP refit  (66 labelled)
  → 1BaClI-1  gap=5.106 eV  best=7.004 eV  top50=10  top10%=14
Cycle  58: GP refit  (67 labelled)
  → 2AgS-1  gap=1.557 eV  best=7.004 eV  top50=10  top10%=14
Cycle  59: GP refit  (68 labelled)
  → 1HgTe-1  gap=0.279 eV  best=7.004 eV  top50=10  top10%=14
Cycle  60: GP refit  (69 labelled)
  → 2FK-1  gap=7.022 eV  best=7.022 eV  top50=11  top10%=15
Cycle  61: full DKL retrain  (70 labelled)
GP warmup: 20 epochs on initial embeddings
Joint DKL training: 50 epochs
  Epoch 20/50  loss=0.8077
  Epoch 40/50  loss=0.4652
DKL training done in 0.3s
  → 2BrK-1  gap=5.470 eV  best=7.022 eV  top50=12  top10%=16
Cycle  62: GP refit  (71 labelled)
  → 2BaClF-1  gap=6.969 eV  best=7.022 eV  top50=13  top10%=17
Cycle  63: GP refit  (72 labelled)
  → 2FRb-1  gap=6.553 eV  best=7.022 eV  top50=14  top10%=18
Cycle  64: GP refit  (73 labelled)
  → 2HKO-2  gap=4.890 eV  best=7.022 eV  top50=14  top10%=18
Cycle  65: GP refit  (74 labelled)
  → 1BrClNi-1  gap=3.508 eV  best=7.022 eV  top50=14  top10%=18
Cycle  66: full DKL retrain  (75 labelled)
GP warmup: 20 epochs on initial embeddings
Joint DKL training: 50 epochs
  Epoch 20/50  loss=0.9287
  Epoch 40/50  loss=0.6844
DKL training done in 0.3s
  → 2BaBrF-1  gap=6.128 eV  best=7.022 eV  top50=15  top10%=19
Cycle  67: GP refit  (76 labelled)
  → 2BaClH-1  gap=4.823 eV  best=7.022 eV  top50=15  top10%=19
Cycle  68: GP refit  (77 labelled)
  → 1WMo3O8-1  gap=1.731 eV  best=7.022 eV  top50=15  top10%=19
Cycle  69: GP refit  (78 labelled)
  → 1RuCl2-3  gap=0.908 eV  best=7.022 eV  top50=15  top10%=19
Cycle  70: GP refit  (79 labelled)
  → 2HKO-1  gap=4.501 eV  best=7.022 eV  top50=15  top10%=19
Cycle  71: full DKL retrain  (80 labelled)
GP warmup: 20 epochs on initial embeddings
Joint DKL training: 50 epochs
  Epoch 20/50  loss=0.8893
  Epoch 40/50  loss=0.5351
DKL training done in 0.3s
  → 1HfTe2-2  gap=0.665 eV  best=7.022 eV  top50=15  top10%=19
Cycle  72: GP refit  (81 labelled)
  → 2NbOCl2-1  gap=1.951 eV  best=7.022 eV  top50=15  top10%=19
Cycle  73: GP refit  (82 labelled)
  → 1TiCl2-1  gap=1.395 eV  best=7.022 eV  top50=15  top10%=19
Cycle  74: GP refit  (83 labelled)
  → 2FeTe2-1  gap=0.581 eV  best=7.022 eV  top50=15  top10%=19
Cycle  75: GP refit  (84 labelled)
  → 2As2O3-4  gap=5.105 eV  best=7.022 eV  top50=15  top10%=20
Cycle  76: full DKL retrain  (85 labelled)
GP warmup: 20 epochs on initial embeddings
Joint DKL training: 50 epochs
  Epoch 20/50  loss=0.7934
  Epoch 40/50  loss=0.6388
DKL training done in 0.3s
  → 2HKSe-1  gap=3.865 eV  best=7.022 eV  top50=15  top10%=20
Cycle  77: GP refit  (86 labelled)
  → 2ClRbO3-1  gap=6.795 eV  best=7.022 eV  top50=16  top10%=21
Cycle  78: GP refit  (87 labelled)
  → 2NRbO3-1  gap=5.286 eV  best=7.022 eV  top50=16  top10%=22
Cycle  79: GP refit  (88 labelled)
  → 2MoO3-1  gap=3.738 eV  best=7.022 eV  top50=16  top10%=22
Cycle  80: GP refit  (89 labelled)
  → 2RhBr3-2  gap=1.129 eV  best=7.022 eV  top50=16  top10%=22
Cycle  81: full DKL retrain  (90 labelled)
GP warmup: 20 epochs on initial embeddings
Joint DKL training: 50 epochs
  Epoch 20/50  loss=0.7133
  Epoch 40/50  loss=0.4444
DKL training done in 0.3s
  → 1NiZrCl6-1  gap=4.484 eV  best=7.022 eV  top50=16  top10%=22
Cycle  82: GP refit  (91 labelled)
  → 1BrClGe2Se2-1  gap=2.697 eV  best=7.022 eV  top50=16  top10%=22
Cycle  83: GP refit  (92 labelled)
  → 1BaBr2-2  gap=5.328 eV  best=7.022 eV  top50=16  top10%=23
Cycle  84: GP refit  (93 labelled)
  → 4NaSbO2-1  gap=4.747 eV  best=7.022 eV  top50=16  top10%=23
Cycle  85: GP refit  (94 labelled)
  → 1BaI2-2  gap=4.274 eV  best=7.022 eV  top50=16  top10%=23
Cycle  86: full DKL retrain  (95 labelled)
GP warmup: 20 epochs on initial embeddings
Joint DKL training: 50 epochs
  Epoch 20/50  loss=0.7554
  Epoch 40/50  loss=0.4843
DKL training done in 0.3s
  → 2RuO2-1  gap=0.693 eV  best=7.022 eV  top50=16  top10%=23
Cycle  87: GP refit  (96 labelled)
  → 1HfPdF6-1  gap=3.959 eV  best=7.022 eV  top50=16  top10%=23
Cycle  88: GP refit  (97 labelled)
  → 2HNaSe-1  gap=3.958 eV  best=7.022 eV  top50=16  top10%=23
Cycle  89: GP refit  (98 labelled)
  → 1PbSe2-1  gap=1.847 eV  best=7.022 eV  top50=16  top10%=23
Cycle  90: GP refit  (99 labelled)
  → 2FeS2-1  gap=1.331 eV  best=7.022 eV  top50=16  top10%=23
Cycle  91: full DKL retrain  (100 labelled)
GP warmup: 20 epochs on initial embeddings
Joint DKL training: 50 epochs
  Epoch 20/50  loss=0.3695
  Epoch 40/50  loss=0.1551
DKL training done in 0.3s
  → 2RuSe2-1  gap=1.595 eV  best=7.022 eV  top50=16  top10%=23
Cycle  92: GP refit  (101 labelled)
  → 1ClIV-1  gap=3.537 eV  best=7.022 eV  top50=16  top10%=23
Cycle  93: GP refit  (102 labelled)
  → 2IIn-3  gap=2.347 eV  best=7.022 eV  top50=16  top10%=23
Cycle  94: GP refit  (103 labelled)
  → 2AuI-3  gap=1.592 eV  best=7.022 eV  top50=16  top10%=23
Cycle  95: GP refit  (104 labelled)
  → 2RuS2-1  gap=1.583 eV  best=7.022 eV  top50=16  top10%=23
Cycle  96: full DKL retrain  (105 labelled)
GP warmup: 20 epochs on initial embeddings
Joint DKL training: 50 epochs
  Epoch 20/50  loss=0.0802
  Epoch 40/50  loss=0.0645
DKL training done in 0.3s
  → 1MgCl2-3  gap=6.063 eV  best=7.022 eV  top50=17  top10%=24
Cycle  97: GP refit  (106 labelled)
  → 1ClIZr-1  gap=1.317 eV  best=7.022 eV  top50=17  top10%=24
Cycle  98: GP refit  (107 labelled)
  → 1SnO2-3  gap=1.956 eV  best=7.022 eV  top50=17  top10%=24
Cycle  99: GP refit  (108 labelled)
  → 2SeV-4  gap=0.788 eV  best=7.022 eV  top50=17  top10%=24
Cycle 100: GP refit  (109 labelled)
  → 2BaClI-1  gap=4.709 eV  best=7.022 eV  top50=17  top10%=24
  gap_max/seed0 → best=7.022 top50=17 top10%=24
BOLoop: 766 materials  |  direction=max  |  top-50 internal threshold=5.35  top-10% internal threshold=4.94
Init: 10 random labels  |  best (max) = 3.745
Cycle   1: full DKL retrain  (10 labelled)
GP warmup: 20 epochs on initial embeddings
/home/roy/Desktop/DKL-BO/venv/lib/python3.13/site-packages/torch/_compile.py:54: UserWarning: optimizer contains a parameter group with duplicate parameters; in future, this will cause an error; see github.com/pytorch/pytorch/issues/40967 for more information
  return disable_fn(*args, **kwargs)
Joint DKL training: 50 epochs
  Epoch 20/50  loss=1.3570
  Epoch 40/50  loss=1.2431
DKL training done in 0.3s
  → 1BiBrTe-1  gap=1.159 eV  best=3.745 eV  top50=0  top10%=0
Cycle   2: GP refit  (11 labelled)
  → 2BiHgIO2-1  gap=2.659 eV  best=3.745 eV  top50=0  top10%=0
Cycle   3: GP refit  (12 labelled)
  → 1BaCl2-2  gap=6.099 eV  best=6.099 eV  top50=1  top10%=1
Cycle   4: GP refit  (13 labelled)
  → 1BaBrCl-1  gap=6.257 eV  best=6.257 eV  top50=2  top10%=2
Cycle   5: GP refit  (14 labelled)
  → 1SnTe-1  gap=2.089 eV  best=6.257 eV  top50=2  top10%=2
Cycle   6: full DKL retrain  (15 labelled)
GP warmup: 20 epochs on initial embeddings
Joint DKL training: 50 epochs
  Epoch 20/50  loss=1.1418
  Epoch 40/50  loss=1.0691
DKL training done in 0.3s
  → 2BrTl-3  gap=3.214 eV  best=6.257 eV  top50=2  top10%=2
Cycle   7: GP refit  (16 labelled)
  → 1HgTe-1  gap=0.279 eV  best=6.257 eV  top50=2  top10%=2
Cycle   8: GP refit  (17 labelled)
  → 4HgSe-1  gap=0.937 eV  best=6.257 eV  top50=2  top10%=2
Cycle   9: GP refit  (18 labelled)
  → 2ClK-2  gap=6.136 eV  best=6.257 eV  top50=3  top10%=3
Cycle  10: GP refit  (19 labelled)
  → 1BN-1  gap=5.675 eV  best=6.257 eV  top50=4  top10%=4
Cycle  11: full DKL retrain  (20 labelled)
GP warmup: 20 epochs on initial embeddings
Joint DKL training: 50 epochs
  Epoch 20/50  loss=1.0042
  Epoch 40/50  loss=0.8398
DKL training done in 0.3s
  → 2HNaSe-1  gap=3.958 eV  best=6.257 eV  top50=4  top10%=4
Cycle  12: GP refit  (21 labelled)
  → 2OPb-3  gap=1.090 eV  best=6.257 eV  top50=4  top10%=4
Cycle  13: GP refit  (22 labelled)
  → 1PbCl2-2  gap=3.856 eV  best=6.257 eV  top50=4  top10%=4
Cycle  14: GP refit  (23 labelled)
  → 1InP-1  gap=1.774 eV  best=6.257 eV  top50=4  top10%=4
Cycle  15: GP refit  (24 labelled)
  → 2HLiO-1  gap=5.612 eV  best=6.257 eV  top50=5  top10%=5
Cycle  16: full DKL retrain  (25 labelled)
GP warmup: 20 epochs on initial embeddings
Joint DKL training: 50 epochs
  Epoch 20/50  loss=1.2849
  Epoch 40/50  loss=1.0234
DKL training done in 0.3s
  → 2HKTe-1  gap=3.400 eV  best=6.257 eV  top50=5  top10%=5
Cycle  17: GP refit  (26 labelled)
  → 1BaClI-1  gap=5.106 eV  best=6.257 eV  top50=5  top10%=6
Cycle  18: GP refit  (27 labelled)
  → 2ClRb-2  gap=5.891 eV  best=6.257 eV  top50=6  top10%=7
Cycle  19: GP refit  (28 labelled)
  → 2HKSe-1  gap=3.865 eV  best=6.257 eV  top50=6  top10%=7
Cycle  20: GP refit  (29 labelled)
  → 1CrO2-2  gap=1.144 eV  best=6.257 eV  top50=6  top10%=7
Cycle  21: full DKL retrain  (30 labelled)
GP warmup: 20 epochs on initial embeddings
Joint DKL training: 50 epochs
  Epoch 20/50  loss=2.2608
  Epoch 40/50  loss=1.2352
DKL training done in 0.3s
  → 1BP-1  gap=1.362 eV  best=6.257 eV  top50=6  top10%=7
Cycle  22: GP refit  (31 labelled)
  → 2HSeLi3O4-1  gap=5.856 eV  best=6.257 eV  top50=7  top10%=8
Cycle  23: GP refit  (32 labelled)
  → 2OPb-1  gap=3.463 eV  best=6.257 eV  top50=7  top10%=8
Cycle  24: GP refit  (33 labelled)
  → 2AgCl-7  gap=3.462 eV  best=6.257 eV  top50=7  top10%=8
Cycle  25: GP refit  (34 labelled)
  → 1BaBr2-2  gap=5.328 eV  best=6.257 eV  top50=7  top10%=9
Cycle  26: full DKL retrain  (35 labelled)
GP warmup: 20 epochs on initial embeddings
Joint DKL training: 50 epochs
  Epoch 20/50  loss=1.9737
  Epoch 40/50  loss=1.1135
DKL training done in 0.3s
  → 2FeSe2-1  gap=1.053 eV  best=6.257 eV  top50=7  top10%=9
Cycle  27: GP refit  (36 labelled)
  → 2HTeLi3O4-1  gap=5.347 eV  best=6.257 eV  top50=8  top10%=10
Cycle  28: GP refit  (37 labelled)
  → 1HfCl2-1  gap=1.471 eV  best=6.257 eV  top50=8  top10%=10
Cycle  29: GP refit  (38 labelled)
  → 2CoHO2-1  gap=2.596 eV  best=6.257 eV  top50=8  top10%=10
Cycle  30: GP refit  (39 labelled)
  → 2FLiO-1  gap=5.494 eV  best=6.257 eV  top50=9  top10%=11
Cycle  31: full DKL retrain  (40 labelled)
GP warmup: 20 epochs on initial embeddings
Joint DKL training: 50 epochs
  Epoch 20/50  loss=0.9040
  Epoch 40/50  loss=0.6863
DKL training done in 0.3s
  → 1OSeW-1  gap=2.004 eV  best=6.257 eV  top50=9  top10%=11
Cycle  32: GP refit  (41 labelled)
  → 1N2O2Zr3-1  gap=0.616 eV  best=6.257 eV  top50=9  top10%=11
Cycle  33: GP refit  (42 labelled)
  → 2SbTlO3-1  gap=4.173 eV  best=6.257 eV  top50=9  top10%=11
Cycle  34: GP refit  (43 labelled)
  → 2HSNa3O4-1  gap=5.084 eV  best=6.257 eV  top50=9  top10%=12
Cycle  35: GP refit  (44 labelled)
  → 2HSeNa3O4-1  gap=5.631 eV  best=6.257 eV  top50=10  top10%=13
Cycle  36: full DKL retrain  (45 labelled)
GP warmup: 20 epochs on initial embeddings
Joint DKL training: 50 epochs
  Epoch 20/50  loss=0.9011
  Epoch 40/50  loss=0.6960
DKL training done in 0.3s
  → 2HLi3S5-1  gap=3.300 eV  best=6.257 eV  top50=10  top10%=13
Cycle  37: GP refit  (46 labelled)
  → 2HInSeO4-1  gap=5.487 eV  best=6.257 eV  top50=11  top10%=14
Cycle  38: GP refit  (47 labelled)
  → 1HSbSe2O6-1  gap=4.431 eV  best=6.257 eV  top50=11  top10%=14
Cycle  39: GP refit  (48 labelled)
  → 3RuSCl2-1  gap=1.131 eV  best=6.257 eV  top50=11  top10%=14
Cycle  40: GP refit  (49 labelled)
  → 2NORbRuF5-1  gap=3.120 eV  best=6.257 eV  top50=11  top10%=14
Cycle  41: full DKL retrain  (50 labelled)
GP warmup: 20 epochs on initial embeddings
Joint DKL training: 50 epochs
  Epoch 20/50  loss=0.8396
  Epoch 40/50  loss=0.6011
DKL training done in 0.3s
  → 2GaHSeO4-1  gap=5.796 eV  best=6.257 eV  top50=12  top10%=15
Cycle  42: GP refit  (51 labelled)
  → 4LiSbO2-1  gap=4.432 eV  best=6.257 eV  top50=12  top10%=15
Cycle  43: GP refit  (52 labelled)
  → 2AlHSeO4-1  gap=6.063 eV  best=6.257 eV  top50=13  top10%=16
Cycle  44: GP refit  (53 labelled)
  → 2GaHTeO4-1  gap=5.308 eV  best=6.257 eV  top50=13  top10%=17
Cycle  45: GP refit  (54 labelled)
  → 2HInTeO4-1  gap=5.209 eV  best=6.257 eV  top50=13  top10%=18
Cycle  46: full DKL retrain  (55 labelled)
GP warmup: 20 epochs on initial embeddings
Joint DKL training: 50 epochs
  Epoch 20/50  loss=1.1552
  Epoch 40/50  loss=0.6817
DKL training done in 0.3s
  → 2AlHTeO4-1  gap=5.331 eV  best=6.257 eV  top50=13  top10%=19
Cycle  47: GP refit  (56 labelled)
  → 2HInTeS4-1  gap=2.900 eV  best=6.257 eV  top50=13  top10%=19
Cycle  48: GP refit  (57 labelled)
  → 2HNa3S5-1  gap=3.375 eV  best=6.257 eV  top50=13  top10%=19
Cycle  49: GP refit  (58 labelled)
  → 2AsTlO3-1  gap=4.438 eV  best=6.257 eV  top50=13  top10%=19
Cycle  50: GP refit  (59 labelled)
  → 2HSLi3O4-1  gap=5.694 eV  best=6.257 eV  top50=14  top10%=20
Cycle  51: full DKL retrain  (60 labelled)
GP warmup: 20 epochs on initial embeddings
Joint DKL training: 50 epochs
  Epoch 20/50  loss=0.9054
  Epoch 40/50  loss=0.2767
DKL training done in 0.3s
  → 4AsLiO2-1  gap=5.351 eV  best=6.257 eV  top50=15  top10%=21
Cycle  52: GP refit  (61 labelled)
  → 1TiF2-1  gap=2.096 eV  best=6.257 eV  top50=15  top10%=21
Cycle  53: GP refit  (62 labelled)
  → 1NiPd3Se8-1  gap=0.702 eV  best=6.257 eV  top50=15  top10%=21
Cycle  54: GP refit  (63 labelled)
  → 2P2O3-2  gap=5.363 eV  best=6.257 eV  top50=16  top10%=22
Cycle  55: GP refit  (64 labelled)
  → 2OPt-3  gap=1.460 eV  best=6.257 eV  top50=16  top10%=22
Cycle  56: full DKL retrain  (65 labelled)
GP warmup: 20 epochs on initial embeddings
Joint DKL training: 50 epochs
  Epoch 20/50  loss=0.7941
  Epoch 40/50  loss=0.4814
DKL training done in 0.3s
  → 1FeHfF6-1  gap=4.951 eV  best=6.257 eV  top50=16  top10%=23
Cycle  57: GP refit  (66 labelled)
  → 2PVO5-1  gap=4.032 eV  best=6.257 eV  top50=16  top10%=23
Cycle  58: GP refit  (67 labelled)
  → 1PbO2-3  gap=0.935 eV  best=6.257 eV  top50=16  top10%=23
Cycle  59: GP refit  (68 labelled)
  → 1BiClSe-2  gap=1.992 eV  best=6.257 eV  top50=16  top10%=23
Cycle  60: GP refit  (69 labelled)
  → 2CsNO3-1  gap=5.324 eV  best=6.257 eV  top50=16  top10%=24
Cycle  61: full DKL retrain  (70 labelled)
GP warmup: 20 epochs on initial embeddings
Joint DKL training: 50 epochs
  Epoch 20/50  loss=1.0864
  Epoch 40/50  loss=0.6914
DKL training done in 0.3s
  → 1CrS2-1  gap=1.351 eV  best=6.257 eV  top50=16  top10%=24
Cycle  62: GP refit  (71 labelled)
  → 2IrNbTe4-1  gap=0.033 eV  best=6.257 eV  top50=16  top10%=24
Cycle  63: GP refit  (72 labelled)
  → 1ZrI2-1  gap=1.038 eV  best=6.257 eV  top50=16  top10%=24
Cycle  64: GP refit  (73 labelled)
  → 2CCsO3-1  gap=2.664 eV  best=6.257 eV  top50=16  top10%=24
Cycle  65: GP refit  (74 labelled)
  → 2NRbO3-1  gap=5.286 eV  best=6.257 eV  top50=16  top10%=25
Cycle  66: full DKL retrain  (75 labelled)
GP warmup: 20 epochs on initial embeddings
Joint DKL training: 50 epochs
  Epoch 20/50  loss=0.8500
  Epoch 40/50  loss=0.5927
DKL training done in 0.3s
  → 2ClCsO3-1  gap=6.616 eV  best=6.616 eV  top50=17  top10%=26
Cycle  67: GP refit  (76 labelled)
  → 2ClRbO3-1  gap=6.795 eV  best=6.795 eV  top50=18  top10%=27
Cycle  68: GP refit  (77 labelled)
  → 2NOOsRbCl5-1  gap=1.751 eV  best=6.795 eV  top50=18  top10%=27
Cycle  69: GP refit  (78 labelled)
  → 2KNO3-1  gap=5.261 eV  best=6.795 eV  top50=18  top10%=28
Cycle  70: GP refit  (79 labelled)
  → 2CCsO3-2  gap=2.628 eV  best=6.795 eV  top50=18  top10%=28
Cycle  71: full DKL retrain  (80 labelled)
GP warmup: 20 epochs on initial embeddings
Joint DKL training: 50 epochs
  Epoch 20/50  loss=0.8570
  Epoch 40/50  loss=0.5087
DKL training done in 0.3s
  → 2AgF-3  gap=2.475 eV  best=6.795 eV  top50=18  top10%=28
Cycle  72: GP refit  (81 labelled)
  → 1OVCl2-1  gap=3.144 eV  best=6.795 eV  top50=18  top10%=28
Cycle  73: GP refit  (82 labelled)
  → 1BrClV-1  gap=3.751 eV  best=6.795 eV  top50=18  top10%=28
Cycle  74: GP refit  (83 labelled)
  → 1SSn-1  gap=2.978 eV  best=6.795 eV  top50=18  top10%=28
Cycle  75: GP refit  (84 labelled)
  → 2ClKO3-1  gap=7.004 eV  best=7.004 eV  top50=19  top10%=29
Cycle  76: full DKL retrain  (85 labelled)
GP warmup: 20 epochs on initial embeddings
Joint DKL training: 50 epochs
  Epoch 20/50  loss=0.5608
  Epoch 40/50  loss=0.1638
DKL training done in 0.3s
  → 2CKO3-1  gap=2.692 eV  best=7.004 eV  top50=19  top10%=29
Cycle  77: GP refit  (86 labelled)
  → 1OSn-1  gap=2.218 eV  best=7.004 eV  top50=19  top10%=29
Cycle  78: GP refit  (87 labelled)
  → 2PSbO4-1  gap=5.770 eV  best=7.004 eV  top50=20  top10%=30
Cycle  79: GP refit  (88 labelled)
  → 2BrCs-2  gap=5.145 eV  best=7.004 eV  top50=20  top10%=31
Cycle  80: GP refit  (89 labelled)
  → 2PdSeO3-1  gap=2.663 eV  best=7.004 eV  top50=20  top10%=31
Cycle  81: full DKL retrain  (90 labelled)
GP warmup: 20 epochs on initial embeddings
Joint DKL training: 50 epochs
  Epoch 20/50  loss=0.6332
  Epoch 40/50  loss=0.2060
DKL training done in 0.3s
  → 2Sb2O3-5  gap=4.624 eV  best=7.004 eV  top50=20  top10%=31
Cycle  82: GP refit  (91 labelled)
  → 2BaClF-1  gap=6.969 eV  best=7.004 eV  top50=21  top10%=32
Cycle  83: GP refit  (92 labelled)
  → 2BaBrF-1  gap=6.128 eV  best=7.004 eV  top50=22  top10%=33
Cycle  84: GP refit  (93 labelled)
  → 2BaClH-1  gap=4.823 eV  best=7.004 eV  top50=22  top10%=33
Cycle  85: GP refit  (94 labelled)
  → 2BiBrHgO2-1  gap=3.519 eV  best=7.004 eV  top50=22  top10%=33
Cycle  86: full DKL retrain  (95 labelled)
GP warmup: 20 epochs on initial embeddings
Joint DKL training: 50 epochs
  Epoch 20/50  loss=0.8535
  Epoch 40/50  loss=0.6208
DKL training done in 0.3s
  → 1OVBr2-1  gap=3.019 eV  best=7.004 eV  top50=22  top10%=33
Cycle  87: GP refit  (96 labelled)
  → 1BiBrS-2  gap=1.980 eV  best=7.004 eV  top50=22  top10%=33
Cycle  88: GP refit  (97 labelled)
  → 2TiCl2-1  gap=0.997 eV  best=7.004 eV  top50=22  top10%=33
Cycle  89: GP refit  (98 labelled)
  → 2RhBr3-2  gap=1.129 eV  best=7.004 eV  top50=22  top10%=33
Cycle  90: GP refit  (99 labelled)
  → 2HNaO-1  gap=4.458 eV  best=7.004 eV  top50=22  top10%=33
Cycle  91: full DKL retrain  (100 labelled)
GP warmup: 20 epochs on initial embeddings
Joint DKL training: 50 epochs
  Epoch 20/50  loss=0.4987
  Epoch 40/50  loss=0.0699
DKL training done in 0.3s
  → 2ClCs-1  gap=5.654 eV  best=7.004 eV  top50=23  top10%=34
Cycle  92: GP refit  (101 labelled)
  → 2V2O5-3  gap=3.877 eV  best=7.004 eV  top50=23  top10%=34
Cycle  93: GP refit  (102 labelled)
  → 4AgCl2-1  gap=0.971 eV  best=7.004 eV  top50=23  top10%=34
Cycle  94: GP refit  (103 labelled)
  → 2FNaO-1  gap=5.377 eV  best=7.004 eV  top50=24  top10%=35
Cycle  95: GP refit  (104 labelled)
  → 2AgO-1  gap=1.126 eV  best=7.004 eV  top50=24  top10%=35
Cycle  96: full DKL retrain  (105 labelled)
GP warmup: 20 epochs on initial embeddings
Joint DKL training: 50 epochs
  Epoch 20/50  loss=1.0345
  Epoch 40/50  loss=0.5652
DKL training done in 0.3s
  → 2CsF-1  gap=6.059 eV  best=7.004 eV  top50=25  top10%=36
Cycle  97: GP refit  (106 labelled)
  → 2FK-1  gap=7.022 eV  best=7.022 eV  top50=26  top10%=37
Cycle  98: GP refit  (107 labelled)
  → 2HKO-2  gap=4.890 eV  best=7.022 eV  top50=26  top10%=37
Cycle  99: GP refit  (108 labelled)
  → 2FRb-1  gap=6.553 eV  best=7.022 eV  top50=27  top10%=38
Cycle 100: GP refit  (109 labelled)
  → 2HNaO-2  gap=5.181 eV  best=7.022 eV  top50=27  top10%=39
  gap_max/seed1 → best=7.022 top50=27 top10%=39
BOLoop: 766 materials  |  direction=max  |  top-50 internal threshold=5.35  top-10% internal threshold=4.94
Init: 10 random labels  |  best (max) = 4.709
Cycle   1: full DKL retrain  (10 labelled)
GP warmup: 20 epochs on initial embeddings
/home/roy/Desktop/DKL-BO/venv/lib/python3.13/site-packages/torch/_compile.py:54: UserWarning: optimizer contains a parameter group with duplicate parameters; in future, this will cause an error; see github.com/pytorch/pytorch/issues/40967 for more information
  return disable_fn(*args, **kwargs)
Joint DKL training: 50 epochs
  Epoch 20/50  loss=1.6371
  Epoch 40/50  loss=1.5297
DKL training done in 0.3s
  → 1NiPdS4-1  gap=1.153 eV  best=4.709 eV  top50=0  top10%=0
Cycle   2: GP refit  (11 labelled)
  → 2BrCaF-1  gap=6.385 eV  best=6.385 eV  top50=1  top10%=1
Cycle   3: GP refit  (12 labelled)
  → 1HfPdF6-1  gap=3.959 eV  best=6.385 eV  top50=1  top10%=1
Cycle   4: GP refit  (13 labelled)
  → 1CaBr2-2  gap=5.515 eV  best=6.385 eV  top50=2  top10%=2
Cycle   5: GP refit  (14 labelled)
  → 1HfPdBr6-1  gap=2.003 eV  best=6.385 eV  top50=2  top10%=2
Cycle   6: full DKL retrain  (15 labelled)
GP warmup: 20 epochs on initial embeddings
Joint DKL training: 50 epochs
  Epoch 20/50  loss=1.4999
  Epoch 40/50  loss=1.3553
DKL training done in 0.3s
  → 2PtF3-1  gap=2.703 eV  best=6.385 eV  top50=2  top10%=2
Cycle   7: GP refit  (16 labelled)
  → 2BrCaH-1  gap=5.531 eV  best=6.385 eV  top50=3  top10%=3
Cycle   8: GP refit  (17 labelled)
  → 2CaFI-1  gap=5.209 eV  best=6.385 eV  top50=3  top10%=4
Cycle   9: GP refit  (18 labelled)
  → 2BrGa-1  gap=3.271 eV  best=6.385 eV  top50=3  top10%=4
Cycle  10: GP refit  (19 labelled)
  → 1ScH2-1  gap=0.549 eV  best=6.385 eV  top50=3  top10%=4
Cycle  11: full DKL retrain  (20 labelled)
GP warmup: 20 epochs on initial embeddings
Joint DKL training: 50 epochs
  Epoch 20/50  loss=1.3215
  Epoch 40/50  loss=0.8802
DKL training done in 0.3s
  → 1CaCl2-2  gap=6.384 eV  best=6.385 eV  top50=4  top10%=5
Cycle  12: GP refit  (21 labelled)
  → 2CaClF-1  gap=7.587 eV  best=7.587 eV  top50=5  top10%=6
Cycle  13: GP refit  (22 labelled)
  → 1CaI2-2  gap=4.063 eV  best=7.587 eV  top50=5  top10%=6
Cycle  14: GP refit  (23 labelled)
  → 1BN-1  gap=5.675 eV  best=7.587 eV  top50=6  top10%=7
Cycle  15: GP refit  (24 labelled)
  → 1BrClCa2S2-1  gap=3.810 eV  best=7.587 eV  top50=6  top10%=7
Cycle  16: full DKL retrain  (25 labelled)
GP warmup: 20 epochs on initial embeddings
Joint DKL training: 50 epochs
  Epoch 20/50  loss=1.4685
  Epoch 40/50  loss=1.2726
DKL training done in 0.3s
  → 2FLiO-1  gap=5.494 eV  best=7.587 eV  top50=7  top10%=8
Cycle  17: GP refit  (26 labelled)
  → 2AgS-1  gap=1.557 eV  best=7.587 eV  top50=7  top10%=8
Cycle  18: GP refit  (27 labelled)
  → 2CaClH-1  gap=5.233 eV  best=7.587 eV  top50=7  top10%=9
Cycle  19: GP refit  (28 labelled)
  → 2ClCs-1  gap=5.654 eV  best=7.587 eV  top50=8  top10%=10
Cycle  20: GP refit  (29 labelled)
  → 2BrCs-2  gap=5.145 eV  best=7.587 eV  top50=8  top10%=11
Cycle  21: full DKL retrain  (30 labelled)
GP warmup: 20 epochs on initial embeddings
Joint DKL training: 50 epochs
  Epoch 20/50  loss=1.0690
  Epoch 40/50  loss=0.8610
DKL training done in 0.3s
  → 2CsF-1  gap=6.059 eV  best=7.587 eV  top50=9  top10%=12
Cycle  22: GP refit  (31 labelled)
  → 2KTaF6-1  gap=8.681 eV  best=8.681 eV  top50=10  top10%=13
Cycle  23: GP refit  (32 labelled)
  → 2KNbF6-1  gap=8.177 eV  best=8.681 eV  top50=11  top10%=14
Cycle  24: GP refit  (33 labelled)
  → 4AuF2-1  gap=1.286 eV  best=8.681 eV  top50=11  top10%=14
Cycle  25: GP refit  (34 labelled)
  → 1HfNiF6-1  gap=6.181 eV  best=8.681 eV  top50=12  top10%=15
Cycle  26: full DKL retrain  (35 labelled)
GP warmup: 20 epochs on initial embeddings
Joint DKL training: 50 epochs
  Epoch 20/50  loss=1.5049
  Epoch 40/50  loss=1.1119
DKL training done in 0.3s
  → 2FK-1  gap=7.022 eV  best=8.681 eV  top50=13  top10%=16
Cycle  27: GP refit  (36 labelled)
  → 1SeTa3F7-1  gap=1.735 eV  best=8.681 eV  top50=13  top10%=16
Cycle  28: GP refit  (37 labelled)
  → 2ClK-2  gap=6.136 eV  best=8.681 eV  top50=14  top10%=17
Cycle  29: GP refit  (38 labelled)
  → 1TeTa3F7-1  gap=1.702 eV  best=8.681 eV  top50=14  top10%=17
Cycle  30: GP refit  (39 labelled)
  → 2BrK-1  gap=5.470 eV  best=8.681 eV  top50=15  top10%=18
Cycle  31: full DKL retrain  (40 labelled)
GP warmup: 20 epochs on initial embeddings
Joint DKL training: 50 epochs
  Epoch 20/50  loss=1.6665
  Epoch 40/50  loss=1.2190
DKL training done in 0.3s
  → 2HKO-2  gap=4.890 eV  best=8.681 eV  top50=15  top10%=18
Cycle  32: GP refit  (41 labelled)
  → 1SNb3F7-1  gap=1.872 eV  best=8.681 eV  top50=15  top10%=18
Cycle  33: GP refit  (42 labelled)
  → 2FRb-1  gap=6.553 eV  best=8.681 eV  top50=16  top10%=19
Cycle  34: GP refit  (43 labelled)
  → 1NiZrF6-1  gap=6.164 eV  best=8.681 eV  top50=17  top10%=20
Cycle  35: GP refit  (44 labelled)
  → 1SeNb3F7-1  gap=1.807 eV  best=8.681 eV  top50=17  top10%=20
Cycle  36: full DKL retrain  (45 labelled)
GP warmup: 20 epochs on initial embeddings
Joint DKL training: 50 epochs
  Epoch 20/50  loss=1.4719
  Epoch 40/50  loss=1.2429
DKL training done in 0.3s
  → 1BP-1  gap=1.362 eV  best=8.681 eV  top50=17  top10%=20
Cycle  37: GP refit  (46 labelled)
  → 2ClRb-2  gap=5.891 eV  best=8.681 eV  top50=18  top10%=21
Cycle  38: GP refit  (47 labelled)
  → 2BrRb-2  gap=5.268 eV  best=8.681 eV  top50=18  top10%=22
Cycle  39: GP refit  (48 labelled)
  → 2HKS-2  gap=4.369 eV  best=8.681 eV  top50=18  top10%=22
Cycle  40: GP refit  (49 labelled)
  → 2HLiS-1  gap=5.028 eV  best=8.681 eV  top50=18  top10%=23
Cycle  41: full DKL retrain  (50 labelled)
GP warmup: 20 epochs on initial embeddings
Joint DKL training: 50 epochs
  Epoch 20/50  loss=0.9034
  Epoch 40/50  loss=0.6772
DKL training done in 0.3s
  → 2AgTe-2  gap=0.242 eV  best=8.681 eV  top50=18  top10%=23
Cycle  42: GP refit  (51 labelled)
  → 2IK-2  gap=4.784 eV  best=8.681 eV  top50=18  top10%=23
Cycle  43: GP refit  (52 labelled)
  → 2IRb-1  gap=4.613 eV  best=8.681 eV  top50=18  top10%=23
Cycle  44: GP refit  (53 labelled)
  → 2HKO-1  gap=4.501 eV  best=8.681 eV  top50=18  top10%=23
Cycle  45: GP refit  (54 labelled)
  → 1FeHfF6-1  gap=4.951 eV  best=8.681 eV  top50=18  top10%=24
Cycle  46: full DKL retrain  (55 labelled)
GP warmup: 20 epochs on initial embeddings
Joint DKL training: 50 epochs
  Epoch 20/50  loss=0.5343
  Epoch 40/50  loss=0.3623
DKL training done in 0.3s
  → 1AgScP2S6-1  gap=3.453 eV  best=8.681 eV  top50=18  top10%=24
Cycle  47: GP refit  (56 labelled)
  → 1AgCrP2Se6-1  gap=1.789 eV  best=8.681 eV  top50=18  top10%=24
Cycle  48: GP refit  (57 labelled)
  → 1ScSe2-2  gap=1.490 eV  best=8.681 eV  top50=18  top10%=24
Cycle  49: GP refit  (58 labelled)
  → 2HLiO-1  gap=5.612 eV  best=8.681 eV  top50=19  top10%=25
Cycle  50: GP refit  (59 labelled)
  → 1HfZnF6-1  gap=8.573 eV  best=8.681 eV  top50=20  top10%=26
Cycle  51: full DKL retrain  (60 labelled)
GP warmup: 20 epochs on initial embeddings
Joint DKL training: 50 epochs
  Epoch 20/50  loss=0.9934
  Epoch 40/50  loss=0.7172
DKL training done in 0.3s
  → 1TiF2-1  gap=2.096 eV  best=8.681 eV  top50=20  top10%=26
Cycle  52: GP refit  (61 labelled)
  → 1GaN-1  gap=3.090 eV  best=8.681 eV  top50=20  top10%=26
Cycle  53: GP refit  (62 labelled)
  → 2AgF-3  gap=2.475 eV  best=8.681 eV  top50=20  top10%=26
Cycle  54: GP refit  (63 labelled)
  → 1AgCrP2Te6-1  gap=1.137 eV  best=8.681 eV  top50=20  top10%=26
Cycle  55: GP refit  (64 labelled)
  → 1CoLiP2S6-1  gap=2.395 eV  best=8.681 eV  top50=20  top10%=26
Cycle  56: full DKL retrain  (65 labelled)
GP warmup: 20 epochs on initial embeddings
Joint DKL training: 50 epochs
  Epoch 20/50  loss=0.4432
  Epoch 40/50  loss=0.1854
DKL training done in 0.3s
  → 1AgAlP2S6-1  gap=3.132 eV  best=8.681 eV  top50=20  top10%=26
Cycle  57: GP refit  (66 labelled)
  → 1AgAlP2Se6-1  gap=2.339 eV  best=8.681 eV  top50=20  top10%=26
Cycle  58: GP refit  (67 labelled)
  → 1AgCrP2S6-1  gap=2.012 eV  best=8.681 eV  top50=20  top10%=26
Cycle  59: GP refit  (68 labelled)
  → 1CoLiP2Se6-1  gap=2.004 eV  best=8.681 eV  top50=20  top10%=26
Cycle  60: GP refit  (69 labelled)
  → 2AgCrP2S6-1  gap=2.715 eV  best=8.681 eV  top50=20  top10%=26
Cycle  61: full DKL retrain  (70 labelled)
GP warmup: 20 epochs on initial embeddings
Joint DKL training: 50 epochs
  Epoch 20/50  loss=0.2891
  Epoch 40/50  loss=0.0454
DKL training done in 0.3s
  → 1AgInP2Se6-1  gap=1.707 eV  best=8.681 eV  top50=20  top10%=26
Cycle  62: GP refit  (71 labelled)
  → 1AgAlAs2Se6-1  gap=1.577 eV  best=8.681 eV  top50=20  top10%=26
Cycle  63: GP refit  (72 labelled)
  → 1BiHTe2O6-1  gap=4.226 eV  best=8.681 eV  top50=20  top10%=26
Cycle  64: GP refit  (73 labelled)
  → 1AgTlP2Se6-1  gap=0.901 eV  best=8.681 eV  top50=20  top10%=26
Cycle  65: GP refit  (74 labelled)
  → 2SSc-4  gap=0.981 eV  best=8.681 eV  top50=20  top10%=26
Cycle  66: full DKL retrain  (75 labelled)
GP warmup: 20 epochs on initial embeddings
Joint DKL training: 50 epochs
  Epoch 20/50  loss=0.4370
  Epoch 40/50  loss=0.2640
DKL training done in 0.3s
  → 2AlTe-1  gap=2.363 eV  best=8.681 eV  top50=20  top10%=26
Cycle  67: GP refit  (76 labelled)
  → 1ZnCl2-3  gap=4.718 eV  best=8.681 eV  top50=20  top10%=26
Cycle  68: GP refit  (77 labelled)
  → 2BiO-1  gap=1.042 eV  best=8.681 eV  top50=20  top10%=26
Cycle  69: GP refit  (78 labelled)
  → 2ClGa-1  gap=3.220 eV  best=8.681 eV  top50=20  top10%=26
Cycle  70: GP refit  (79 labelled)
  → 1InN-1  gap=1.565 eV  best=8.681 eV  top50=20  top10%=26
Cycle  71: full DKL retrain  (80 labelled)
GP warmup: 20 epochs on initial embeddings
Joint DKL training: 50 epochs
  Epoch 20/50  loss=0.6156
  Epoch 40/50  loss=0.4259
DKL training done in 0.3s
  → 2ScTe-4  gap=0.718 eV  best=8.681 eV  top50=20  top10%=26
Cycle  72: GP refit  (81 labelled)
  → 1AgGaP2S6-1  gap=2.285 eV  best=8.681 eV  top50=20  top10%=26
Cycle  73: GP refit  (82 labelled)
  → 1PdZnP2Se6-1  gap=0.796 eV  best=8.681 eV  top50=20  top10%=26
Cycle  74: GP refit  (83 labelled)
  → 1CoNaP2Se6-1  gap=1.717 eV  best=8.681 eV  top50=20  top10%=26
Cycle  75: GP refit  (84 labelled)
  → 1CoLiAs2Se6-1  gap=1.175 eV  best=8.681 eV  top50=20  top10%=26
Cycle  76: full DKL retrain  (85 labelled)
GP warmup: 20 epochs on initial embeddings
Joint DKL training: 50 epochs
  Epoch 20/50  loss=0.2075
  Epoch 40/50  loss=-0.0679
DKL training done in 0.3s
  → 1AgInP2S6-1  gap=2.365 eV  best=8.681 eV  top50=20  top10%=26
Cycle  77: GP refit  (86 labelled)
  → 1CoNaP2S6-1  gap=1.851 eV  best=8.681 eV  top50=20  top10%=26
Cycle  78: GP refit  (87 labelled)
  → 1CoNaAs2Se6-1  gap=1.295 eV  best=8.681 eV  top50=20  top10%=26
Cycle  79: GP refit  (88 labelled)
  → 1AgCrAs2Se6-1  gap=1.270 eV  best=8.681 eV  top50=20  top10%=26
Cycle  80: GP refit  (89 labelled)
  → 1AgGaP2Se6-1  gap=1.694 eV  best=8.681 eV  top50=20  top10%=26
Cycle  81: full DKL retrain  (90 labelled)
GP warmup: 20 epochs on initial embeddings
Joint DKL training: 50 epochs
  Epoch 20/50  loss=-0.1023
  Epoch 40/50  loss=-0.2913
DKL training done in 0.3s
  → 1AgScP2Se6-1  gap=2.775 eV  best=8.681 eV  top50=20  top10%=26
Cycle  82: GP refit  (91 labelled)
  → 2TlCl2-1  gap=2.820 eV  best=8.681 eV  top50=20  top10%=26
Cycle  83: GP refit  (92 labelled)
  → 1HSbSe2O6-1  gap=4.431 eV  best=8.681 eV  top50=20  top10%=26
Cycle  84: GP refit  (93 labelled)
  → 1AsB-1  gap=1.188 eV  best=8.681 eV  top50=20  top10%=26
Cycle  85: GP refit  (94 labelled)
  → 2BiIn-1  gap=0.138 eV  best=8.681 eV  top50=20  top10%=26
Cycle  86: full DKL retrain  (95 labelled)
GP warmup: 20 epochs on initial embeddings
Joint DKL training: 50 epochs
  Epoch 20/50  loss=0.0864
  Epoch 40/50  loss=-0.1121
DKL training done in 0.3s
  → 1AgAlP2Te6-1  gap=1.065 eV  best=8.681 eV  top50=20  top10%=26
Cycle  87: GP refit  (96 labelled)
  → 1N2O2Hf3-1  gap=0.508 eV  best=8.681 eV  top50=20  top10%=26
Cycle  88: GP refit  (97 labelled)
  → 1Cl2Ge2O3-1  gap=4.462 eV  best=8.681 eV  top50=20  top10%=26
Cycle  89: GP refit  (98 labelled)
  → 2AlO-1  gap=1.849 eV  best=8.681 eV  top50=20  top10%=26
Cycle  90: GP refit  (99 labelled)
  → 1N2O2Zr3-1  gap=0.616 eV  best=8.681 eV  top50=20  top10%=26
Cycle  91: full DKL retrain  (100 labelled)
GP warmup: 20 epochs on initial embeddings
Joint DKL training: 50 epochs
  Epoch 20/50  loss=0.1874
  Epoch 40/50  loss=-0.0398
DKL training done in 0.3s
  → 1C2O2Hf3-1  gap=0.917 eV  best=8.681 eV  top50=20  top10%=26
Cycle  92: GP refit  (101 labelled)
  → 2BaBi2O4-1  gap=4.146 eV  best=8.681 eV  top50=20  top10%=26
Cycle  93: GP refit  (102 labelled)
  → 1N2O2Y3-1  gap=1.648 eV  best=8.681 eV  top50=20  top10%=26
Cycle  94: GP refit  (103 labelled)
  → 1Br2Se2Pb3-1  gap=1.452 eV  best=8.681 eV  top50=20  top10%=26
Cycle  95: GP refit  (104 labelled)
  → 1PbO2-3  gap=0.935 eV  best=8.681 eV  top50=20  top10%=26
Cycle  96: full DKL retrain  (105 labelled)
GP warmup: 20 epochs on initial embeddings
Joint DKL training: 50 epochs
  Epoch 20/50  loss=0.1163
  Epoch 40/50  loss=-0.0916
DKL training done in 0.3s
  → 4BiLiO2-1  gap=3.784 eV  best=8.681 eV  top50=20  top10%=26
Cycle  97: GP refit  (106 labelled)
  → 2CaBi2O4-1  gap=3.923 eV  best=8.681 eV  top50=20  top10%=26
Cycle  98: GP refit  (107 labelled)
  → 1BiBrSe-2  gap=1.742 eV  best=8.681 eV  top50=20  top10%=26
Cycle  99: GP refit  (108 labelled)
  → 2ClRbO3-1  gap=6.795 eV  best=8.681 eV  top50=21  top10%=27
Cycle 100: GP refit  (109 labelled)
  → 2InO-2  gap=0.920 eV  best=8.681 eV  top50=21  top10%=27
  gap_max/seed2 → best=8.681 top50=21 top10%=27
BOLoop: 766 materials  |  direction=max  |  top-50 internal threshold=5.35  top-10% internal threshold=4.94
Init: 10 random labels  |  best (max) = 4.523
Cycle   1: full DKL retrain  (10 labelled)
GP warmup: 20 epochs on initial embeddings
/home/roy/Desktop/DKL-BO/venv/lib/python3.13/site-packages/torch/_compile.py:54: UserWarning: optimizer contains a parameter group with duplicate parameters; in future, this will cause an error; see github.com/pytorch/pytorch/issues/40967 for more information
  return disable_fn(*args, **kwargs)
Joint DKL training: 50 epochs
  Epoch 20/50  loss=1.7122
  Epoch 40/50  loss=1.5863
DKL training done in 0.3s
  → 2AuCl-4  gap=0.777 eV  best=4.523 eV  top50=0  top10%=0
Cycle   2: GP refit  (11 labelled)
  → 1CdCl2-3  gap=4.344 eV  best=4.523 eV  top50=0  top10%=0
Cycle   3: GP refit  (12 labelled)
  → 1GeMnCl6-1  gap=2.129 eV  best=4.523 eV  top50=0  top10%=0
Cycle   4: GP refit  (13 labelled)
  → 1AgMoBr4-1  gap=2.166 eV  best=4.523 eV  top50=0  top10%=0
Cycle   5: GP refit  (14 labelled)
  → 2BiBrHgO2-1  gap=3.519 eV  best=4.523 eV  top50=0  top10%=0
Cycle   6: full DKL retrain  (15 labelled)
GP warmup: 20 epochs on initial embeddings
Joint DKL training: 50 epochs
  Epoch 20/50  loss=0.9979
  Epoch 40/50  loss=0.8797
DKL training done in 0.3s
  → 2OPb-1  gap=3.463 eV  best=4.523 eV  top50=0  top10%=0
Cycle   7: GP refit  (16 labelled)
  → 1HfTi3Te8-1  gap=0.724 eV  best=4.523 eV  top50=0  top10%=0
Cycle   8: GP refit  (17 labelled)
  → 1ClIV-1  gap=3.537 eV  best=4.523 eV  top50=0  top10%=0
Cycle   9: GP refit  (18 labelled)
  → 2ZrCl2-1  gap=1.161 eV  best=4.523 eV  top50=0  top10%=0
Cycle  10: GP refit  (19 labelled)
  → 1HfI2-1  gap=1.022 eV  best=4.523 eV  top50=0  top10%=0
Cycle  11: full DKL retrain  (20 labelled)
GP warmup: 20 epochs on initial embeddings
Joint DKL training: 50 epochs
  Epoch 20/50  loss=1.1786
  Epoch 40/50  loss=0.5763
DKL training done in 0.3s
  → 2Sb2O3-5  gap=4.624 eV  best=4.624 eV  top50=0  top10%=0
Cycle  12: GP refit  (21 labelled)
  → 1WAu2S4-1  gap=1.827 eV  best=4.624 eV  top50=0  top10%=0
Cycle  13: GP refit  (22 labelled)
  → 1BSb-1  gap=0.551 eV  best=4.624 eV  top50=0  top10%=0
Cycle  14: GP refit  (23 labelled)
  → 2HNaO-2  gap=5.181 eV  best=5.181 eV  top50=0  top10%=1
Cycle  15: GP refit  (24 labelled)
  → 2NbOCl2-1  gap=1.951 eV  best=5.181 eV  top50=0  top10%=1
Cycle  16: full DKL retrain  (25 labelled)
GP warmup: 20 epochs on initial embeddings
Joint DKL training: 50 epochs
  Epoch 20/50  loss=1.0549
  Epoch 40/50  loss=0.3703
DKL training done in 0.3s
  → 1NiCl2N2H4C6-1  gap=2.638 eV  best=5.181 eV  top50=0  top10%=1
Cycle  17: GP refit  (26 labelled)
  → 2BiHgIO2-1  gap=2.659 eV  best=5.181 eV  top50=0  top10%=1
Cycle  18: GP refit  (27 labelled)
  → 1BP-1  gap=1.362 eV  best=5.181 eV  top50=0  top10%=1
Cycle  19: GP refit  (28 labelled)
  → 1C2O2Zr3-1  gap=0.961 eV  best=5.181 eV  top50=0  top10%=1
Cycle  20: GP refit  (29 labelled)
  → 1ClSSb-2  gap=2.321 eV  best=5.181 eV  top50=0  top10%=1
Cycle  21: full DKL retrain  (30 labelled)
GP warmup: 20 epochs on initial embeddings
Joint DKL training: 50 epochs
  Epoch 20/50  loss=0.4199
  Epoch 40/50  loss=0.1406
DKL training done in 0.3s
  → 2As2O3-4  gap=5.105 eV  best=5.181 eV  top50=0  top10%=2
Cycle  22: GP refit  (31 labelled)
  → 2CsF-1  gap=6.059 eV  best=6.059 eV  top50=1  top10%=3
Cycle  23: GP refit  (32 labelled)
  → 2IIn-3  gap=2.347 eV  best=6.059 eV  top50=1  top10%=3
Cycle  24: GP refit  (33 labelled)
  → 2ClGa-1  gap=3.220 eV  best=6.059 eV  top50=1  top10%=3
Cycle  25: GP refit  (34 labelled)
  → 2SeZr-4  gap=0.355 eV  best=6.059 eV  top50=1  top10%=3
Cycle  26: full DKL retrain  (35 labelled)
GP warmup: 20 epochs on initial embeddings
Joint DKL training: 50 epochs
  Epoch 20/50  loss=1.1210
  Epoch 40/50  loss=-0.1402
DKL training done in 0.3s
  → 2FRb-1  gap=6.553 eV  best=6.553 eV  top50=2  top10%=4
Cycle  27: GP refit  (36 labelled)
  → 1HgTe-1  gap=0.279 eV  best=6.553 eV  top50=2  top10%=4
Cycle  28: GP refit  (37 labelled)
  → 2FK-1  gap=7.022 eV  best=7.022 eV  top50=3  top10%=5
Cycle  29: GP refit  (38 labelled)
  → 2CCsO3-1  gap=2.664 eV  best=7.022 eV  top50=3  top10%=5
Cycle  30: GP refit  (39 labelled)
  → 4BrCd-1  gap=1.771 eV  best=7.022 eV  top50=3  top10%=5
Cycle  31: full DKL retrain  (40 labelled)
GP warmup: 20 epochs on initial embeddings
Joint DKL training: 50 epochs
  Epoch 20/50  loss=13.9797
  Epoch 40/50  loss=3.1819
DKL training done in 0.3s
  → 1HfNiF6-1  gap=6.181 eV  best=7.022 eV  top50=4  top10%=6
Cycle  32: GP refit  (41 labelled)
  → 1OVF2-1  gap=3.311 eV  best=7.022 eV  top50=4  top10%=6
Cycle  33: GP refit  (42 labelled)
  → 1TiF2-1  gap=2.096 eV  best=7.022 eV  top50=4  top10%=6
Cycle  34: GP refit  (43 labelled)
  → 2HNa3S5-1  gap=3.375 eV  best=7.022 eV  top50=4  top10%=6
Cycle  35: GP refit  (44 labelled)
  → 2HfBr2-1  gap=1.334 eV  best=7.022 eV  top50=4  top10%=6
Cycle  36: full DKL retrain  (45 labelled)
GP warmup: 20 epochs on initial embeddings
Joint DKL training: 50 epochs
  Epoch 20/50  loss=2.3022
  Epoch 40/50  loss=0.7276
DKL training done in 0.3s
  → 1FeHfF6-1  gap=4.951 eV  best=7.022 eV  top50=4  top10%=7
Cycle  37: GP refit  (46 labelled)
  → 1HfPdF6-1  gap=3.959 eV  best=7.022 eV  top50=4  top10%=7
Cycle  38: GP refit  (47 labelled)
  → 2BrTl-3  gap=3.214 eV  best=7.022 eV  top50=4  top10%=7
Cycle  39: GP refit  (48 labelled)
  → 1CrO2-2  gap=1.144 eV  best=7.022 eV  top50=4  top10%=7
Cycle  40: GP refit  (49 labelled)
  → 2RhBr3-2  gap=1.129 eV  best=7.022 eV  top50=4  top10%=7
Cycle  41: full DKL retrain  (50 labelled)
GP warmup: 20 epochs on initial embeddings
Joint DKL training: 50 epochs
  Epoch 20/50  loss=9.9014
  Epoch 40/50  loss=3.1922
DKL training done in 0.3s
  → 2AgF-3  gap=2.475 eV  best=7.022 eV  top50=4  top10%=7
Cycle  42: GP refit  (51 labelled)
  → 2CsNOsSF5-1  gap=2.525 eV  best=7.022 eV  top50=4  top10%=7
Cycle  43: GP refit  (52 labelled)
  → 2IrNbS4-1  gap=1.253 eV  best=7.022 eV  top50=4  top10%=7
Cycle  44: GP refit  (53 labelled)
  → 2HSeNa3O4-1  gap=5.631 eV  best=7.022 eV  top50=5  top10%=8
Cycle  45: GP refit  (54 labelled)
  → 1TeTa3F7-1  gap=1.702 eV  best=7.022 eV  top50=5  top10%=8
Cycle  46: full DKL retrain  (55 labelled)
GP warmup: 20 epochs on initial embeddings
Joint DKL training: 50 epochs
  Epoch 20/50  loss=1.4369
  Epoch 40/50  loss=0.9223
DKL training done in 0.3s
  → 2IK-2  gap=4.784 eV  best=7.022 eV  top50=5  top10%=8
Cycle  47: GP refit  (56 labelled)
  → 2ClK-2  gap=6.136 eV  best=7.022 eV  top50=6  top10%=9
Cycle  48: GP refit  (57 labelled)
  → 1BN-1  gap=5.675 eV  best=7.022 eV  top50=7  top10%=10
Cycle  49: GP refit  (58 labelled)
  → 2AsTlO3-1  gap=4.438 eV  best=7.022 eV  top50=7  top10%=10
Cycle  50: GP refit  (59 labelled)
  → 1HfO2-3  gap=3.726 eV  best=7.022 eV  top50=7  top10%=10
Cycle  51: full DKL retrain  (60 labelled)
GP warmup: 20 epochs on initial embeddings
Joint DKL training: 50 epochs
  Epoch 20/50  loss=1.0409
  Epoch 40/50  loss=0.7053
DKL training done in 0.3s
  → 2BrK-1  gap=5.470 eV  best=7.022 eV  top50=8  top10%=11
Cycle  52: GP refit  (61 labelled)
  → 2ClRb-2  gap=5.891 eV  best=7.022 eV  top50=9  top10%=12
Cycle  53: GP refit  (62 labelled)
  → 2ClCs-1  gap=5.654 eV  best=7.022 eV  top50=10  top10%=13
Cycle  54: GP refit  (63 labelled)
  → 2HSLi3O4-1  gap=5.694 eV  best=7.022 eV  top50=11  top10%=14
Cycle  55: GP refit  (64 labelled)
  → 1InSb-1  gap=0.945 eV  best=7.022 eV  top50=11  top10%=14
Cycle  56: full DKL retrain  (65 labelled)
GP warmup: 20 epochs on initial embeddings
Joint DKL training: 50 epochs
  Epoch 20/50  loss=0.3899
  Epoch 40/50  loss=0.0611
DKL training done in 0.3s
  → 1N2O2Zr3-1  gap=0.616 eV  best=7.022 eV  top50=11  top10%=14
Cycle  57: GP refit  (66 labelled)
  → 2RuS2-1  gap=1.583 eV  best=7.022 eV  top50=11  top10%=14
Cycle  58: GP refit  (67 labelled)
  → 2HKTe-1  gap=3.400 eV  best=7.022 eV  top50=11  top10%=14
Cycle  59: GP refit  (68 labelled)
  → 1AgScP2S6-1  gap=3.453 eV  best=7.022 eV  top50=11  top10%=14
Cycle  60: GP refit  (69 labelled)
  → 2BrCs-2  gap=5.145 eV  best=7.022 eV  top50=11  top10%=15
Cycle  61: full DKL retrain  (70 labelled)
GP warmup: 20 epochs on initial embeddings
Joint DKL training: 50 epochs
  Epoch 20/50  loss=0.8969
  Epoch 40/50  loss=0.4360
DKL training done in 0.3s
  → 1CrSSe-1  gap=1.241 eV  best=7.022 eV  top50=11  top10%=15
Cycle  62: GP refit  (71 labelled)
  → 2HInTeO4-1  gap=5.209 eV  best=7.022 eV  top50=11  top10%=16
Cycle  63: GP refit  (72 labelled)
  → 2GaHTeO4-1  gap=5.308 eV  best=7.022 eV  top50=11  top10%=17
Cycle  64: GP refit  (73 labelled)
  → 1BrClNi-1  gap=3.508 eV  best=7.022 eV  top50=11  top10%=17
Cycle  65: GP refit  (74 labelled)
  → 1OSTi-1  gap=1.777 eV  best=7.022 eV  top50=11  top10%=17
Cycle  66: full DKL retrain  (75 labelled)
GP warmup: 20 epochs on initial embeddings
Joint DKL training: 50 epochs
  Epoch 20/50  loss=0.2803
  Epoch 40/50  loss=-0.0575
DKL training done in 0.3s
  → 2HInTeS4-1  gap=2.900 eV  best=7.022 eV  top50=11  top10%=17
Cycle  67: GP refit  (76 labelled)
  → 2FIrS-2  gap=2.104 eV  best=7.022 eV  top50=11  top10%=17
Cycle  68: GP refit  (77 labelled)
  → 2RuTe2-1  gap=1.071 eV  best=7.022 eV  top50=11  top10%=17
Cycle  69: GP refit  (78 labelled)
  → 1CrS2-1  gap=1.351 eV  best=7.022 eV  top50=11  top10%=17
Cycle  70: GP refit  (79 labelled)
  → 1AgCrP2Se6-1  gap=1.789 eV  best=7.022 eV  top50=11  top10%=17
Cycle  71: full DKL retrain  (80 labelled)
GP warmup: 20 epochs on initial embeddings
Joint DKL training: 50 epochs
  Epoch 20/50  loss=0.2926
  Epoch 40/50  loss=-0.0253
DKL training done in 0.3s
  → 1AgCrP2Te6-1  gap=1.137 eV  best=7.022 eV  top50=11  top10%=17
Cycle  72: GP refit  (81 labelled)
  → 1CoLiP2S6-1  gap=2.395 eV  best=7.022 eV  top50=11  top10%=17
Cycle  73: GP refit  (82 labelled)
  → 1AgAlP2S6-1  gap=3.132 eV  best=7.022 eV  top50=11  top10%=17
Cycle  74: GP refit  (83 labelled)
  → 1AgAlP2Se6-1  gap=2.339 eV  best=7.022 eV  top50=11  top10%=17
Cycle  75: GP refit  (84 labelled)
  → 1AgCrP2S6-1  gap=2.012 eV  best=7.022 eV  top50=11  top10%=17
Cycle  76: full DKL retrain  (85 labelled)
GP warmup: 20 epochs on initial embeddings
Joint DKL training: 50 epochs
  Epoch 20/50  loss=0.0945
  Epoch 40/50  loss=-0.3161
DKL training done in 0.3s
  → 2IrS-3  gap=0.713 eV  best=7.022 eV  top50=11  top10%=17
Cycle  77: GP refit  (86 labelled)
  → 2IrO-2  gap=0.230 eV  best=7.022 eV  top50=11  top10%=17
Cycle  78: GP refit  (87 labelled)
  → 1CrTe2-2  gap=0.869 eV  best=7.022 eV  top50=11  top10%=17
Cycle  79: GP refit  (88 labelled)
  → 1HfS2-2  gap=2.038 eV  best=7.022 eV  top50=11  top10%=17
Cycle  80: GP refit  (89 labelled)
  → 1CoLiP2Se6-1  gap=2.004 eV  best=7.022 eV  top50=11  top10%=17
Cycle  81: full DKL retrain  (90 labelled)
GP warmup: 20 epochs on initial embeddings
Joint DKL training: 50 epochs
  Epoch 20/50  loss=0.6602
  Epoch 40/50  loss=0.1448
DKL training done in 0.3s
  → 1CrSe2-1  gap=1.128 eV  best=7.022 eV  top50=11  top10%=17
Cycle  82: GP refit  (91 labelled)
  → 1GaN-1  gap=3.090 eV  best=7.022 eV  top50=11  top10%=17
Cycle  83: GP refit  (92 labelled)
  → 2AgCrP2S6-1  gap=2.715 eV  best=7.022 eV  top50=11  top10%=17
Cycle  84: GP refit  (93 labelled)
  → 1CrISe-1  gap=1.596 eV  best=7.022 eV  top50=11  top10%=17
Cycle  85: GP refit  (94 labelled)
  → 2PtTeS3-1  gap=1.731 eV  best=7.022 eV  top50=11  top10%=17
Cycle  86: full DKL retrain  (95 labelled)
GP warmup: 20 epochs on initial embeddings
Joint DKL training: 50 epochs
  Epoch 20/50  loss=0.6027
  Epoch 40/50  loss=0.3114
DKL training done in 0.3s
  → 1WS2-1  gap=2.055 eV  best=7.022 eV  top50=11  top10%=17
Cycle  87: GP refit  (96 labelled)
  → 2CrWS4-1  gap=1.442 eV  best=7.022 eV  top50=11  top10%=17
Cycle  88: GP refit  (97 labelled)
  → 1CrSeTe-1  gap=0.994 eV  best=7.022 eV  top50=11  top10%=17
Cycle  89: GP refit  (98 labelled)
  → 1SNb3F7-1  gap=1.872 eV  best=7.022 eV  top50=11  top10%=17
Cycle  90: GP refit  (99 labelled)
  → 2OsS2-1  gap=1.387 eV  best=7.022 eV  top50=11  top10%=17
Cycle  91: full DKL retrain  (100 labelled)
GP warmup: 20 epochs on initial embeddings
Joint DKL training: 50 epochs
  Epoch 20/50  loss=0.2984
  Epoch 40/50  loss=-0.1376
DKL training done in 0.3s
  → 2IIrS-2  gap=1.749 eV  best=7.022 eV  top50=11  top10%=17
Cycle  92: GP refit  (101 labelled)
  → 1AgInP2Se6-1  gap=1.707 eV  best=7.022 eV  top50=11  top10%=17
Cycle  93: GP refit  (102 labelled)
  → 1AgAlAs2Se6-1  gap=1.577 eV  best=7.022 eV  top50=11  top10%=17
Cycle  94: GP refit  (103 labelled)
  → 1BiHTe2O6-1  gap=4.226 eV  best=7.022 eV  top50=11  top10%=17
Cycle  95: GP refit  (104 labelled)
  → 1IIrTe-1  gap=1.821 eV  best=7.022 eV  top50=11  top10%=17
Cycle  96: full DKL retrain  (105 labelled)
GP warmup: 20 epochs on initial embeddings
Joint DKL training: 50 epochs
  Epoch 20/50  loss=0.3087
  Epoch 40/50  loss=-0.0574
DKL training done in 0.4s
  → 1AlN-1  gap=4.048 eV  best=7.022 eV  top50=11  top10%=17
Cycle  97: GP refit  (106 labelled)
  → 2IrSe-3  gap=0.822 eV  best=7.022 eV  top50=11  top10%=17
Cycle  98: GP refit  (107 labelled)
  → 1AgTlP2Se6-1  gap=0.901 eV  best=7.022 eV  top50=11  top10%=17
Cycle  99: GP refit  (108 labelled)
  → 1Se3Ni4S5-1  gap=0.610 eV  best=7.022 eV  top50=11  top10%=17
Cycle 100: GP refit  (109 labelled)
  → 1HfPdI6-1  gap=1.368 eV  best=7.022 eV  top50=11  top10%=17
  gap_max/seed3 → best=7.022 top50=11 top10%=17
BOLoop: 766 materials  |  direction=max  |  top-50 internal threshold=5.35  top-10% internal threshold=4.94
Init: 10 random labels  |  best (max) = 3.271
Cycle   1: full DKL retrain  (10 labelled)
GP warmup: 20 epochs on initial embeddings
/home/roy/Desktop/DKL-BO/venv/lib/python3.13/site-packages/torch/_compile.py:54: UserWarning: optimizer contains a parameter group with duplicate parameters; in future, this will cause an error; see github.com/pytorch/pytorch/issues/40967 for more information
  return disable_fn(*args, **kwargs)
Joint DKL training: 50 epochs
  Epoch 20/50  loss=1.2496
  Epoch 40/50  loss=1.1621
DKL training done in 0.3s
  → 2BrRhTe-1  gap=1.965 eV  best=3.271 eV  top50=0  top10%=0
Cycle   2: GP refit  (11 labelled)
  → 2P2S3-3  gap=3.478 eV  best=3.478 eV  top50=0  top10%=0
Cycle   3: GP refit  (12 labelled)
  → 4HgTe-1  gap=0.899 eV  best=3.478 eV  top50=0  top10%=0
Cycle   4: GP refit  (13 labelled)
  → 2RhBr3-2  gap=1.129 eV  best=3.478 eV  top50=0  top10%=0
Cycle   5: GP refit  (14 labelled)
  → 1SSn-1  gap=2.978 eV  best=3.478 eV  top50=0  top10%=0
Cycle   6: full DKL retrain  (15 labelled)
GP warmup: 20 epochs on initial embeddings
Joint DKL training: 50 epochs
  Epoch 20/50  loss=0.4614
  Epoch 40/50  loss=0.2569
DKL training done in 0.3s
  → 2GaS-1  gap=3.197 eV  best=3.478 eV  top50=0  top10%=0
Cycle   7: GP refit  (16 labelled)
  → 1InP-1  gap=1.774 eV  best=3.478 eV  top50=0  top10%=0
Cycle   8: GP refit  (17 labelled)
  → 2P2S3-1  gap=3.272 eV  best=3.478 eV  top50=0  top10%=0
Cycle   9: GP refit  (18 labelled)
  → 2SSc-4  gap=0.981 eV  best=3.478 eV  top50=0  top10%=0
Cycle  10: GP refit  (19 labelled)
  → 1AgGaP2S6-1  gap=2.285 eV  best=3.478 eV  top50=0  top10%=0
Cycle  11: full DKL retrain  (20 labelled)
GP warmup: 20 epochs on initial embeddings
Joint DKL training: 50 epochs
  Epoch 20/50  loss=1.3695
  Epoch 40/50  loss=0.1535
DKL training done in 0.3s
  → 2ClGa-1  gap=3.220 eV  best=3.478 eV  top50=0  top10%=0
Cycle  12: GP refit  (21 labelled)
  → 2GaSe-7  gap=0.809 eV  best=3.478 eV  top50=0  top10%=0
Cycle  13: GP refit  (22 labelled)
  → 2ClCs-1  gap=5.654 eV  best=5.654 eV  top50=1  top10%=1
Cycle  14: GP refit  (23 labelled)
  → 2BrCs-2  gap=5.145 eV  best=5.654 eV  top50=1  top10%=2
Cycle  15: GP refit  (24 labelled)
  → 2HKTe-1  gap=3.400 eV  best=5.654 eV  top50=1  top10%=2
Cycle  16: full DKL retrain  (25 labelled)
GP warmup: 20 epochs on initial embeddings
Joint DKL training: 50 epochs
  Epoch 20/50  loss=2.6040
  Epoch 40/50  loss=1.0393
DKL training done in 0.3s
  → 2BrRb-2  gap=5.268 eV  best=5.654 eV  top50=1  top10%=3
Cycle  17: GP refit  (26 labelled)
  → 2IRb-1  gap=4.613 eV  best=5.654 eV  top50=1  top10%=3
Cycle  18: GP refit  (27 labelled)
  → 2BrK-1  gap=5.470 eV  best=5.654 eV  top50=2  top10%=4
Cycle  19: GP refit  (28 labelled)
  → 2IK-2  gap=4.784 eV  best=5.654 eV  top50=2  top10%=4
Cycle  20: GP refit  (29 labelled)
  → 2ClRb-2  gap=5.891 eV  best=5.891 eV  top50=3  top10%=5
Cycle  21: full DKL retrain  (30 labelled)
GP warmup: 20 epochs on initial embeddings
Joint DKL training: 50 epochs
  Epoch 20/50  loss=0.5530
  Epoch 40/50  loss=0.3782
DKL training done in 0.3s
  → 2ClK-2  gap=6.136 eV  best=6.136 eV  top50=4  top10%=6
Cycle  22: GP refit  (31 labelled)
  → 2BrTl-3  gap=3.214 eV  best=6.136 eV  top50=4  top10%=6
Cycle  23: GP refit  (32 labelled)
  → 2As2S3-4  gap=3.247 eV  best=6.136 eV  top50=4  top10%=6
Cycle  24: GP refit  (33 labelled)
  → 2SV-4  gap=0.642 eV  best=6.136 eV  top50=4  top10%=6
Cycle  25: GP refit  (34 labelled)
  → 2ITl-3  gap=2.762 eV  best=6.136 eV  top50=4  top10%=6
Cycle  26: full DKL retrain  (35 labelled)
GP warmup: 20 epochs on initial embeddings
Joint DKL training: 50 epochs
  Epoch 20/50  loss=0.8569
  Epoch 40/50  loss=0.5794
DKL training done in 0.3s
  → 2BrClCr-1  gap=2.869 eV  best=6.136 eV  top50=4  top10%=6
Cycle  27: GP refit  (36 labelled)
  → 1BaCl2-2  gap=6.099 eV  best=6.136 eV  top50=5  top10%=7
Cycle  28: GP refit  (37 labelled)
  → 1SnCl2-2  gap=3.537 eV  best=6.136 eV  top50=5  top10%=7
Cycle  29: GP refit  (38 labelled)
  → 1PbCl2-2  gap=3.856 eV  best=6.136 eV  top50=5  top10%=7
Cycle  30: GP refit  (39 labelled)
  → 1BaBrCl-1  gap=6.257 eV  best=6.257 eV  top50=6  top10%=8
Cycle  31: full DKL retrain  (40 labelled)
GP warmup: 20 epochs on initial embeddings
Joint DKL training: 50 epochs
  Epoch 20/50  loss=0.8854
  Epoch 40/50  loss=0.5999
DKL training done in 0.3s
  → 1BaClI-1  gap=5.106 eV  best=6.257 eV  top50=6  top10%=9
Cycle  32: GP refit  (41 labelled)
  → 1BaBr2-2  gap=5.328 eV  best=6.257 eV  top50=6  top10%=10
Cycle  33: GP refit  (42 labelled)
  → 2BaClI-1  gap=4.709 eV  best=6.257 eV  top50=6  top10%=10
Cycle  34: GP refit  (43 labelled)
  → 1BaBrI-1  gap=5.177 eV  best=6.257 eV  top50=6  top10%=11
Cycle  35: GP refit  (44 labelled)
  → 2HNa3S5-1  gap=3.375 eV  best=6.257 eV  top50=6  top10%=11
Cycle  36: full DKL retrain  (45 labelled)
GP warmup: 20 epochs on initial embeddings
Joint DKL training: 50 epochs
  Epoch 20/50  loss=0.3253
  Epoch 40/50  loss=0.2021
DKL training done in 0.3s
  → 2GaHTeO4-1  gap=5.308 eV  best=6.257 eV  top50=6  top10%=12
Cycle  37: GP refit  (46 labelled)
  → 2HSeLi3O4-1  gap=5.856 eV  best=6.257 eV  top50=7  top10%=13
Cycle  38: GP refit  (47 labelled)
  → 2HInTeO4-1  gap=5.209 eV  best=6.257 eV  top50=7  top10%=14
Cycle  39: GP refit  (48 labelled)
  → 2AsTlO3-1  gap=4.438 eV  best=6.257 eV  top50=7  top10%=14
Cycle  40: GP refit  (49 labelled)
  → 2HSLi3O4-1  gap=5.694 eV  best=6.257 eV  top50=8  top10%=15
Cycle  41: full DKL retrain  (50 labelled)
GP warmup: 20 epochs on initial embeddings
Joint DKL training: 50 epochs
  Epoch 20/50  loss=0.1512
  Epoch 40/50  loss=0.0276
DKL training done in 0.3s
  → 2HTeLi3O4-1  gap=5.347 eV  best=6.257 eV  top50=9  top10%=16
Cycle  42: GP refit  (51 labelled)
  → 2HSeNa3O4-1  gap=5.631 eV  best=6.257 eV  top50=10  top10%=17
Cycle  43: GP refit  (52 labelled)
  → 2HSNa3O4-1  gap=5.084 eV  best=6.257 eV  top50=10  top10%=18
Cycle  44: GP refit  (53 labelled)
  → 2HTeNa3O4-1  gap=5.379 eV  best=6.257 eV  top50=11  top10%=19
Cycle  45: GP refit  (54 labelled)
  → 1OVF2-1  gap=3.311 eV  best=6.257 eV  top50=11  top10%=19
Cycle  46: full DKL retrain  (55 labelled)
GP warmup: 20 epochs on initial embeddings
Joint DKL training: 50 epochs
  Epoch 20/50  loss=-0.1897
  Epoch 40/50  loss=-0.3959
DKL training done in 0.3s
  → 1AgScP2S6-1  gap=3.453 eV  best=6.257 eV  top50=11  top10%=19
Cycle  47: GP refit  (56 labelled)
  → 1AgCrP2Se6-1  gap=1.789 eV  best=6.257 eV  top50=11  top10%=19
Cycle  48: GP refit  (57 labelled)
  → 1STa3Cl7-1  gap=1.643 eV  best=6.257 eV  top50=11  top10%=19
Cycle  49: GP refit  (58 labelled)
  → 2HSeLi3S4-1  gap=3.065 eV  best=6.257 eV  top50=11  top10%=19
Cycle  50: GP refit  (59 labelled)
  → 1PbS2-1  gap=2.299 eV  best=6.257 eV  top50=11  top10%=19
Cycle  51: full DKL retrain  (60 labelled)
GP warmup: 20 epochs on initial embeddings
Joint DKL training: 50 epochs
  Epoch 20/50  loss=0.5101
  Epoch 40/50  loss=0.3286
DKL training done in 0.3s
  → 2HKS-2  gap=4.369 eV  best=6.257 eV  top50=11  top10%=19
Cycle  52: GP refit  (61 labelled)
  → 1BaI2-2  gap=4.274 eV  best=6.257 eV  top50=11  top10%=19
Cycle  53: GP refit  (62 labelled)
  → 2SbTlO3-1  gap=4.173 eV  best=6.257 eV  top50=11  top10%=19
Cycle  54: GP refit  (63 labelled)
  → 1SrCl2-2  gap=6.202 eV  best=6.257 eV  top50=12  top10%=20
Cycle  55: GP refit  (64 labelled)
  → 1BrHf2S2Cl3-1  gap=3.424 eV  best=6.257 eV  top50=12  top10%=20
Cycle  56: full DKL retrain  (65 labelled)
GP warmup: 20 epochs on initial embeddings
Joint DKL training: 50 epochs
  Epoch 20/50  loss=0.5073
  Epoch 40/50  loss=0.2850
DKL training done in 0.3s
  → 4AgCl2-1  gap=0.971 eV  best=6.257 eV  top50=12  top10%=20
Cycle  57: GP refit  (66 labelled)
  → 1SrBr2-2  gap=5.386 eV  best=6.257 eV  top50=13  top10%=21
Cycle  58: GP refit  (67 labelled)
  → 2AgIBr2-1  gap=2.063 eV  best=6.257 eV  top50=13  top10%=21
Cycle  59: GP refit  (68 labelled)
  → 1Ta3Br8-1  gap=0.821 eV  best=6.257 eV  top50=13  top10%=21
Cycle  60: GP refit  (69 labelled)
  → 2TlCl2-1  gap=2.820 eV  best=6.257 eV  top50=13  top10%=21
Cycle  61: full DKL retrain  (70 labelled)
GP warmup: 20 epochs on initial embeddings
Joint DKL training: 50 epochs
  Epoch 20/50  loss=0.7254
  Epoch 40/50  loss=0.4941
DKL training done in 0.4s
  → 1BrISr-1  gap=5.047 eV  best=6.257 eV  top50=13  top10%=22
Cycle  62: GP refit  (71 labelled)
  → 2ClISr-1  gap=4.940 eV  best=6.257 eV  top50=13  top10%=23
Cycle  63: GP refit  (72 labelled)
  → 1SrI2-2  gap=4.355 eV  best=6.257 eV  top50=13  top10%=23
Cycle  64: GP refit  (73 labelled)
  → 1BiClS-2  gap=2.271 eV  best=6.257 eV  top50=13  top10%=23
Cycle  65: GP refit  (74 labelled)
  → 2AlHTeO4-1  gap=5.331 eV  best=6.257 eV  top50=13  top10%=24
Cycle  66: full DKL retrain  (75 labelled)
GP warmup: 20 epochs on initial embeddings
Joint DKL training: 50 epochs
  Epoch 20/50  loss=0.2853
  Epoch 40/50  loss=0.1311
DKL training done in 0.3s
  → 2IrTaS4-1  gap=1.331 eV  best=6.257 eV  top50=13  top10%=24
Cycle  67: GP refit  (76 labelled)
  → 1AgCrP2Te6-1  gap=1.137 eV  best=6.257 eV  top50=13  top10%=24
Cycle  68: GP refit  (77 labelled)
  → 1HfPdCl6-1  gap=2.459 eV  best=6.257 eV  top50=13  top10%=24
Cycle  69: GP refit  (78 labelled)
  → 1ScH2-1  gap=0.549 eV  best=6.257 eV  top50=13  top10%=24
Cycle  70: GP refit  (79 labelled)
  → 1Se3Ni4S5-1  gap=0.610 eV  best=6.257 eV  top50=13  top10%=24
Cycle  71: full DKL retrain  (80 labelled)
GP warmup: 20 epochs on initial embeddings
Joint DKL training: 50 epochs
  Epoch 20/50  loss=0.3671
  Epoch 40/50  loss=0.1925
DKL training done in 0.3s
  → 1CoLiP2S6-1  gap=2.395 eV  best=6.257 eV  top50=13  top10%=24
Cycle  72: GP refit  (81 labelled)
  → 1AgAlP2S6-1  gap=3.132 eV  best=6.257 eV  top50=13  top10%=24
Cycle  73: GP refit  (82 labelled)
  → 3RuSCl2-1  gap=1.131 eV  best=6.257 eV  top50=13  top10%=24
Cycle  74: GP refit  (83 labelled)
  → 1MoW3Se8-1  gap=1.749 eV  best=6.257 eV  top50=13  top10%=24
Cycle  75: GP refit  (84 labelled)
  → 1AgAlP2Se6-1  gap=2.339 eV  best=6.257 eV  top50=13  top10%=24
Cycle  76: full DKL retrain  (85 labelled)
GP warmup: 20 epochs on initial embeddings
Joint DKL training: 50 epochs
  Epoch 20/50  loss=0.0717
  Epoch 40/50  loss=-0.0512
DKL training done in 0.3s
  → 1AgCrP2S6-1  gap=2.012 eV  best=6.257 eV  top50=13  top10%=24
Cycle  77: GP refit  (86 labelled)
  → 1CoLiP2Se6-1  gap=2.004 eV  best=6.257 eV  top50=13  top10%=24
Cycle  78: GP refit  (87 labelled)
  → 2AgCrP2S6-1  gap=2.715 eV  best=6.257 eV  top50=13  top10%=24
Cycle  79: GP refit  (88 labelled)
  → 1AgInP2Se6-1  gap=1.707 eV  best=6.257 eV  top50=13  top10%=24
Cycle  80: GP refit  (89 labelled)
  → 1AgAlAs2Se6-1  gap=1.577 eV  best=6.257 eV  top50=13  top10%=24
Cycle  81: full DKL retrain  (90 labelled)
GP warmup: 20 epochs on initial embeddings
Joint DKL training: 50 epochs
  Epoch 20/50  loss=0.0671
  Epoch 40/50  loss=-0.0672
DKL training done in 0.3s
  → 1BiHTe2O6-1  gap=4.226 eV  best=6.257 eV  top50=13  top10%=24
Cycle  82: GP refit  (91 labelled)
  → 1InSb-1  gap=0.945 eV  best=6.257 eV  top50=13  top10%=24
Cycle  83: GP refit  (92 labelled)
  → 4LiSbO2-1  gap=4.432 eV  best=6.257 eV  top50=13  top10%=24
Cycle  84: GP refit  (93 labelled)
  → 2V2O5-3  gap=3.877 eV  best=6.257 eV  top50=13  top10%=24
Cycle  85: GP refit  (94 labelled)
  → 2AlHSO4-1  gap=6.800 eV  best=6.800 eV  top50=14  top10%=25
Cycle  86: full DKL retrain  (95 labelled)
GP warmup: 20 epochs on initial embeddings
Joint DKL training: 50 epochs
  Epoch 20/50  loss=0.2818
  Epoch 40/50  loss=0.0847
DKL training done in 0.3s
  → 2GaHSO4-1  gap=5.938 eV  best=6.800 eV  top50=15  top10%=26
Cycle  87: GP refit  (96 labelled)
  → 2HInSO4-1  gap=5.132 eV  best=6.800 eV  top50=15  top10%=27
Cycle  88: GP refit  (97 labelled)
  → 1SSnO4-1  gap=5.411 eV  best=6.800 eV  top50=16  top10%=28
Cycle  89: GP refit  (98 labelled)
  → 2AlO-1  gap=1.849 eV  best=6.800 eV  top50=16  top10%=28
Cycle  90: GP refit  (99 labelled)
  → 2AlHSeO4-1  gap=6.063 eV  best=6.800 eV  top50=17  top10%=29
Cycle  91: full DKL retrain  (100 labelled)
GP warmup: 20 epochs on initial embeddings
Joint DKL training: 50 epochs
  Epoch 20/50  loss=0.2722
  Epoch 40/50  loss=0.1089
DKL training done in 0.3s
  → 2GaHSeO4-1  gap=5.796 eV  best=6.800 eV  top50=18  top10%=30
Cycle  92: GP refit  (101 labelled)
  → 2BiPO4-1  gap=4.969 eV  best=6.800 eV  top50=18  top10%=31
Cycle  93: GP refit  (102 labelled)
  → 2BiBrCdO2-1  gap=3.667 eV  best=6.800 eV  top50=18  top10%=31
Cycle  94: GP refit  (103 labelled)
  → 2PtSO3-1  gap=2.976 eV  best=6.800 eV  top50=18  top10%=31
Cycle  95: GP refit  (104 labelled)
  → 2HInSeO4-1  gap=5.487 eV  best=6.800 eV  top50=19  top10%=32
Cycle  96: full DKL retrain  (105 labelled)
GP warmup: 20 epochs on initial embeddings
Joint DKL training: 50 epochs
  Epoch 20/50  loss=-0.1230
  Epoch 40/50  loss=-0.3800
DKL training done in 0.3s
  → 1BrClNi-1  gap=3.508 eV  best=6.800 eV  top50=19  top10%=32
Cycle  97: GP refit  (106 labelled)
  → 4AsNaO2-1  gap=5.635 eV  best=6.800 eV  top50=20  top10%=33
Cycle  98: GP refit  (107 labelled)
  → 1AgTlP2Se6-1  gap=0.901 eV  best=6.800 eV  top50=20  top10%=33
Cycle  99: GP refit  (108 labelled)
  → 4AsLiO2-1  gap=5.351 eV  best=6.800 eV  top50=21  top10%=34
Cycle 100: GP refit  (109 labelled)
  → 2BiCdIO2-1  gap=2.598 eV  best=6.800 eV  top50=21  top10%=34
  gap_max/seed4 → best=6.800 top50=21 top10%=34
BOLoop: 766 materials  |  direction=max  |  top-50 internal threshold=5.35  top-10% internal threshold=4.94
Init: 10 random labels  |  best (max) = 3.781
Cycle   1: full DKL retrain  (10 labelled)
GP warmup: 20 epochs on initial embeddings
/home/roy/Desktop/DKL-BO/venv/lib/python3.13/site-packages/torch/_compile.py:54: UserWarning: optimizer contains a parameter group with duplicate parameters; in future, this will cause an error; see github.com/pytorch/pytorch/issues/40967 for more information
  return disable_fn(*args, **kwargs)
Joint DKL training: 50 epochs
  Epoch 20/50  loss=1.3369
  Epoch 40/50  loss=1.2447
DKL training done in 0.3s
  → 1MoW3O8-1  gap=1.961 eV  best=3.781 eV  top50=0  top10%=0
Cycle   2: GP refit  (11 labelled)
  → 2CsNORuF5-1  gap=3.138 eV  best=3.781 eV  top50=0  top10%=0
Cycle   3: GP refit  (12 labelled)
  → 2TiO2-1  gap=5.342 eV  best=5.342 eV  top50=0  top10%=1
Cycle   4: GP refit  (13 labelled)
  → 2RuO2-1  gap=0.693 eV  best=5.342 eV  top50=0  top10%=1
Cycle   5: GP refit  (14 labelled)
  → 2OW-1  gap=0.132 eV  best=5.342 eV  top50=0  top10%=1
Cycle   6: full DKL retrain  (15 labelled)
GP warmup: 20 epochs on initial embeddings
Joint DKL training: 50 epochs
  Epoch 20/50  loss=1.0883
  Epoch 40/50  loss=0.9297
DKL training done in 0.3s
  → 1TiF2-1  gap=2.096 eV  best=5.342 eV  top50=0  top10%=1
Cycle   7: GP refit  (16 labelled)
  → 2CoFO2-1  gap=2.473 eV  best=5.342 eV  top50=0  top10%=1
Cycle   8: GP refit  (17 labelled)
  → 2TiBr2-1  gap=0.817 eV  best=5.342 eV  top50=0  top10%=1
Cycle   9: GP refit  (18 labelled)
  → 2AsTlO3-1  gap=4.438 eV  best=5.342 eV  top50=0  top10%=1
Cycle  10: GP refit  (19 labelled)
  → 2HInTeO4-1  gap=5.209 eV  best=5.342 eV  top50=0  top10%=2
Cycle  11: full DKL retrain  (20 labelled)
GP warmup: 20 epochs on initial embeddings
Joint DKL training: 50 epochs
  Epoch 20/50  loss=1.9271
  Epoch 40/50  loss=0.7837
DKL training done in 0.3s
  → 1TiO2-3  gap=3.447 eV  best=5.342 eV  top50=0  top10%=2
Cycle  12: GP refit  (21 labelled)
  → 1OSTi-1  gap=1.777 eV  best=5.342 eV  top50=0  top10%=2
Cycle  13: GP refit  (22 labelled)
  → 2HInTeS4-1  gap=2.900 eV  best=5.342 eV  top50=0  top10%=2
Cycle  14: GP refit  (23 labelled)
  → 2GaHTeO4-1  gap=5.308 eV  best=5.342 eV  top50=0  top10%=3
Cycle  15: GP refit  (24 labelled)
  → 2AlHTeO4-1  gap=5.331 eV  best=5.342 eV  top50=0  top10%=4
Cycle  16: full DKL retrain  (25 labelled)
GP warmup: 20 epochs on initial embeddings
Joint DKL training: 50 epochs
  Epoch 20/50  loss=1.2931
  Epoch 40/50  loss=0.7008
DKL training done in 0.3s
  → 4AsLiO2-1  gap=5.351 eV  best=5.351 eV  top50=1  top10%=5
Cycle  17: GP refit  (26 labelled)
  → 2AlHSeO4-1  gap=6.063 eV  best=6.063 eV  top50=2  top10%=6
Cycle  18: GP refit  (27 labelled)
  → 2AlHSO4-1  gap=6.800 eV  best=6.800 eV  top50=3  top10%=7
Cycle  19: GP refit  (28 labelled)
  → 2PVO5-1  gap=4.032 eV  best=6.800 eV  top50=3  top10%=7
Cycle  20: GP refit  (29 labelled)
  → 2HInSO4-1  gap=5.132 eV  best=6.800 eV  top50=3  top10%=8
Cycle  21: full DKL retrain  (30 labelled)
GP warmup: 20 epochs on initial embeddings
Joint DKL training: 50 epochs
  Epoch 20/50  loss=8.2514
  Epoch 40/50  loss=2.3084
DKL training done in 0.3s
  → 2GaHSO4-1  gap=5.938 eV  best=6.800 eV  top50=4  top10%=9
Cycle  22: GP refit  (31 labelled)
  → 1TiSe2-2  gap=1.460 eV  best=6.800 eV  top50=4  top10%=9
Cycle  23: GP refit  (32 labelled)
  → 1OVF2-1  gap=3.311 eV  best=6.800 eV  top50=4  top10%=9
Cycle  24: GP refit  (33 labelled)
  → 2CCsO3-2  gap=2.628 eV  best=6.800 eV  top50=4  top10%=9
Cycle  25: GP refit  (34 labelled)
  → 3RuSCl2-1  gap=1.131 eV  best=6.800 eV  top50=4  top10%=9
Cycle  26: full DKL retrain  (35 labelled)
GP warmup: 20 epochs on initial embeddings
Joint DKL training: 50 epochs
  Epoch 20/50  loss=3.2585
  Epoch 40/50  loss=1.2274
DKL training done in 0.3s
  → 1CrO2-2  gap=1.144 eV  best=6.800 eV  top50=4  top10%=9
Cycle  27: GP refit  (36 labelled)
  → 2RhBr3-2  gap=1.129 eV  best=6.800 eV  top50=4  top10%=9
Cycle  28: GP refit  (37 labelled)
  → 4AsNaO2-1  gap=5.635 eV  best=6.800 eV  top50=5  top10%=10
Cycle  29: GP refit  (38 labelled)
  → 1Cl2Ge2O3-1  gap=4.462 eV  best=6.800 eV  top50=5  top10%=10
Cycle  30: GP refit  (39 labelled)
  → 2NiSeO3-2  gap=2.815 eV  best=6.800 eV  top50=5  top10%=10
Cycle  31: full DKL retrain  (40 labelled)
GP warmup: 20 epochs on initial embeddings
Joint DKL training: 50 epochs
  Epoch 20/50  loss=5.0706
  Epoch 40/50  loss=1.4165
DKL training done in 0.3s
  → 2HSeNa3O4-1  gap=5.631 eV  best=6.800 eV  top50=6  top10%=11
Cycle  32: GP refit  (41 labelled)
  → 2V2O5-3  gap=3.877 eV  best=6.800 eV  top50=6  top10%=11
Cycle  33: GP refit  (42 labelled)
  → 1BN-1  gap=5.675 eV  best=6.800 eV  top50=7  top10%=12
Cycle  34: GP refit  (43 labelled)
  → 2BiHgIO2-1  gap=2.659 eV  best=6.800 eV  top50=7  top10%=12
Cycle  35: GP refit  (44 labelled)
  → 2HLiO-1  gap=5.612 eV  best=6.800 eV  top50=8  top10%=13
Cycle  36: full DKL retrain  (45 labelled)
GP warmup: 20 epochs on initial embeddings
Joint DKL training: 50 epochs
  Epoch 20/50  loss=1.5882
  Epoch 40/50  loss=1.0369
DKL training done in 0.3s
  → 1FeHfF6-1  gap=4.951 eV  best=6.800 eV  top50=8  top10%=14
Cycle  37: GP refit  (46 labelled)
  → 2HSLi3O4-1  gap=5.694 eV  best=6.800 eV  top50=9  top10%=15
Cycle  38: GP refit  (47 labelled)
  → 2CoHO2-1  gap=2.596 eV  best=6.800 eV  top50=9  top10%=15
Cycle  39: GP refit  (48 labelled)
  → 1NiCl2N2H4C6-1  gap=2.638 eV  best=6.800 eV  top50=9  top10%=15
Cycle  40: GP refit  (49 labelled)
  → 2KTaF6-1  gap=8.681 eV  best=8.681 eV  top50=10  top10%=16
Cycle  41: full DKL retrain  (50 labelled)
GP warmup: 20 epochs on initial embeddings
Joint DKL training: 50 epochs
  Epoch 20/50  loss=1.6480
  Epoch 40/50  loss=1.0675
DKL training done in 0.3s
  → 2KNbF6-1  gap=8.177 eV  best=8.681 eV  top50=11  top10%=17
Cycle  42: GP refit  (51 labelled)
  → 1OScHf3N3Br4-1  gap=4.148 eV  best=8.681 eV  top50=11  top10%=17
Cycle  43: GP refit  (52 labelled)
  → 1NiZrF6-1  gap=6.164 eV  best=8.681 eV  top50=12  top10%=18
Cycle  44: GP refit  (53 labelled)
  → 1GeO2-3  gap=2.945 eV  best=8.681 eV  top50=12  top10%=18
Cycle  45: GP refit  (54 labelled)
  → 1HfPdF6-1  gap=3.959 eV  best=8.681 eV  top50=12  top10%=18
Cycle  46: full DKL retrain  (55 labelled)
GP warmup: 20 epochs on initial embeddings
Joint DKL training: 50 epochs
  Epoch 20/50  loss=1.6880
  Epoch 40/50  loss=0.9845
DKL training done in 0.3s
  → 1STa3F7-1  gap=1.799 eV  best=8.681 eV  top50=12  top10%=18
Cycle  47: GP refit  (56 labelled)
  → 1CSiF2-1  gap=3.306 eV  best=8.681 eV  top50=12  top10%=18
Cycle  48: GP refit  (57 labelled)
  → 2HNaSe-1  gap=3.958 eV  best=8.681 eV  top50=12  top10%=18
Cycle  49: GP refit  (58 labelled)
  → 2AuBr-2  gap=1.222 eV  best=8.681 eV  top50=12  top10%=18
Cycle  50: GP refit  (59 labelled)
  → 2P2O3-2  gap=5.363 eV  best=8.681 eV  top50=13  top10%=19
Cycle  51: full DKL retrain  (60 labelled)
GP warmup: 20 epochs on initial embeddings
Joint DKL training: 50 epochs
  Epoch 20/50  loss=0.8731
  Epoch 40/50  loss=0.6455
DKL training done in 0.3s
  → 2BrK-1  gap=5.470 eV  best=8.681 eV  top50=14  top10%=20
Cycle  52: GP refit  (61 labelled)
  → 2HKTe-1  gap=3.400 eV  best=8.681 eV  top50=14  top10%=20
Cycle  53: GP refit  (62 labelled)
  → 2BrRhTe-1  gap=1.965 eV  best=8.681 eV  top50=14  top10%=20
Cycle  54: GP refit  (63 labelled)
  → 1BP-1  gap=1.362 eV  best=8.681 eV  top50=14  top10%=20
Cycle  55: GP refit  (64 labelled)
  → 1C2F2S2Zr3-1  gap=0.025 eV  best=8.681 eV  top50=14  top10%=20
Cycle  56: full DKL retrain  (65 labelled)
GP warmup: 20 epochs on initial embeddings
Joint DKL training: 50 epochs
  Epoch 20/50  loss=0.5359
  Epoch 40/50  loss=0.1027
DKL training done in 0.3s
  → 1InSb-1  gap=0.945 eV  best=8.681 eV  top50=14  top10%=20
Cycle  57: GP refit  (66 labelled)
  → 2ClCs-1  gap=5.654 eV  best=8.681 eV  top50=15  top10%=21
Cycle  58: GP refit  (67 labelled)
  → 1BaI2-2  gap=4.274 eV  best=8.681 eV  top50=15  top10%=21
Cycle  59: GP refit  (68 labelled)
  → 2KNRuSF5-1  gap=2.625 eV  best=8.681 eV  top50=15  top10%=21
Cycle  60: GP refit  (69 labelled)
  → 2HNaO-2  gap=5.181 eV  best=8.681 eV  top50=15  top10%=22
Cycle  61: full DKL retrain  (70 labelled)
GP warmup: 20 epochs on initial embeddings
Joint DKL training: 50 epochs
  Epoch 20/50  loss=0.4550
  Epoch 40/50  loss=0.1072
DKL training done in 0.3s
  → 2IK-2  gap=4.784 eV  best=8.681 eV  top50=15  top10%=22
Cycle  62: GP refit  (71 labelled)
  → 2FK-1  gap=7.022 eV  best=8.681 eV  top50=16  top10%=23
Cycle  63: GP refit  (72 labelled)
  → 2BrCs-2  gap=5.145 eV  best=8.681 eV  top50=16  top10%=24
Cycle  64: GP refit  (73 labelled)
  → 2IIn-3  gap=2.347 eV  best=8.681 eV  top50=16  top10%=24
Cycle  65: GP refit  (74 labelled)
  → 2AgBr-3  gap=3.092 eV  best=8.681 eV  top50=16  top10%=24
Cycle  66: full DKL retrain  (75 labelled)
GP warmup: 20 epochs on initial embeddings
Joint DKL training: 50 epochs
  Epoch 20/50  loss=0.3948
  Epoch 40/50  loss=-0.0319
DKL training done in 0.3s
  → 1AgScP2S6-1  gap=3.453 eV  best=8.681 eV  top50=16  top10%=24
Cycle  67: GP refit  (76 labelled)
  → 1AgCrP2Se6-1  gap=1.789 eV  best=8.681 eV  top50=16  top10%=24
Cycle  68: GP refit  (77 labelled)
  → 2ClRb-2  gap=5.891 eV  best=8.681 eV  top50=17  top10%=25
Cycle  69: GP refit  (78 labelled)
  → 2BrRb-2  gap=5.268 eV  best=8.681 eV  top50=17  top10%=26
Cycle  70: GP refit  (79 labelled)
  → 1HgSe-1  gap=0.423 eV  best=8.681 eV  top50=17  top10%=26
Cycle  71: full DKL retrain  (80 labelled)
GP warmup: 20 epochs on initial embeddings
Joint DKL training: 50 epochs
  Epoch 20/50  loss=0.7992
  Epoch 40/50  loss=0.3197
DKL training done in 0.3s
  → 2ITl-3  gap=2.762 eV  best=8.681 eV  top50=17  top10%=26
Cycle  72: GP refit  (81 labelled)
  → 2BaBrH-1  gap=4.780 eV  best=8.681 eV  top50=17  top10%=26
Cycle  73: GP refit  (82 labelled)
  → 2ClK-2  gap=6.136 eV  best=8.681 eV  top50=18  top10%=27
Cycle  74: GP refit  (83 labelled)
  → 2BrTl-3  gap=3.214 eV  best=8.681 eV  top50=18  top10%=27
Cycle  75: GP refit  (84 labelled)
  → 2BaClI-1  gap=4.709 eV  best=8.681 eV  top50=18  top10%=27
Cycle  76: full DKL retrain  (85 labelled)
GP warmup: 20 epochs on initial embeddings
Joint DKL training: 50 epochs
  Epoch 20/50  loss=-0.0068
  Epoch 40/50  loss=-0.1593
DKL training done in 0.3s
  → 1BaBr2-2  gap=5.328 eV  best=8.681 eV  top50=18  top10%=28
Cycle  77: GP refit  (86 labelled)
  → 2PbS-3  gap=0.673 eV  best=8.681 eV  top50=18  top10%=28
Cycle  78: GP refit  (87 labelled)
  → 2IRb-1  gap=4.613 eV  best=8.681 eV  top50=18  top10%=28
Cycle  79: GP refit  (88 labelled)
  → 2CsF-1  gap=6.059 eV  best=8.681 eV  top50=19  top10%=29
Cycle  80: GP refit  (89 labelled)
  → 2ClIn-5  gap=2.997 eV  best=8.681 eV  top50=19  top10%=29
Cycle  81: full DKL retrain  (90 labelled)
GP warmup: 20 epochs on initial embeddings
Joint DKL training: 50 epochs
  Epoch 20/50  loss=0.3913
  Epoch 40/50  loss=-0.2994
DKL training done in 0.3s
  → 2HKSe-1  gap=3.865 eV  best=8.681 eV  top50=19  top10%=29
Cycle  82: GP refit  (91 labelled)
  → 2TeTl-2  gap=0.681 eV  best=8.681 eV  top50=19  top10%=29
Cycle  83: GP refit  (92 labelled)
  → 2PbTe-3  gap=0.385 eV  best=8.681 eV  top50=19  top10%=29
Cycle  84: GP refit  (93 labelled)
  → 2SSc-4  gap=0.981 eV  best=8.681 eV  top50=19  top10%=29
Cycle  85: GP refit  (94 labelled)
  → 1SnTe-1  gap=2.089 eV  best=8.681 eV  top50=19  top10%=29
Cycle  86: full DKL retrain  (95 labelled)
GP warmup: 20 epochs on initial embeddings
Joint DKL training: 50 epochs
  Epoch 20/50  loss=0.6487
  Epoch 40/50  loss=0.0669
DKL training done in 0.3s
  → 2PbS-1  gap=1.806 eV  best=8.681 eV  top50=19  top10%=29
Cycle  87: GP refit  (96 labelled)
  → 1CdInTlS4-1  gap=1.127 eV  best=8.681 eV  top50=19  top10%=29
Cycle  88: GP refit  (97 labelled)
  → 2AgIBr2-1  gap=2.063 eV  best=8.681 eV  top50=19  top10%=29
Cycle  89: GP refit  (98 labelled)
  → 2HNaTe-1  gap=3.492 eV  best=8.681 eV  top50=19  top10%=29
Cycle  90: GP refit  (99 labelled)
  → 1PbS2-1  gap=2.299 eV  best=8.681 eV  top50=19  top10%=29
Cycle  91: full DKL retrain  (100 labelled)
GP warmup: 20 epochs on initial embeddings
Joint DKL training: 50 epochs
  Epoch 20/50  loss=0.2695
  Epoch 40/50  loss=-0.1605
DKL training done in 0.3s
  → 2PbTe-1  gap=0.878 eV  best=8.681 eV  top50=19  top10%=29
Cycle  92: GP refit  (101 labelled)
  → 1AlAs-1  gap=2.028 eV  best=8.681 eV  top50=19  top10%=29
Cycle  93: GP refit  (102 labelled)
  → 1BaBrI-1  gap=5.177 eV  best=8.681 eV  top50=19  top10%=30
Cycle  94: GP refit  (103 labelled)
  → 2FRb-1  gap=6.553 eV  best=8.681 eV  top50=20  top10%=31
Cycle  95: GP refit  (104 labelled)
  → 2HKS-2  gap=4.369 eV  best=8.681 eV  top50=20  top10%=31
Cycle  96: full DKL retrain  (105 labelled)
GP warmup: 20 epochs on initial embeddings
Joint DKL training: 50 epochs
  Epoch 20/50  loss=1.0236
  Epoch 40/50  loss=0.5538
DKL training done in 0.3s
  → 1HgTe-1  gap=0.279 eV  best=8.681 eV  top50=20  top10%=31
Cycle  97: GP refit  (106 labelled)
  → 2BaBrF-1  gap=6.128 eV  best=8.681 eV  top50=21  top10%=32
Cycle  98: GP refit  (107 labelled)
  → 2OSc-1  gap=1.194 eV  best=8.681 eV  top50=21  top10%=32
Cycle  99: GP refit  (108 labelled)
  → 1BaBrCl-1  gap=6.257 eV  best=8.681 eV  top50=22  top10%=33
Cycle 100: GP refit  (109 labelled)
  → 1ClScTe-1  gap=1.807 eV  best=8.681 eV  top50=22  top10%=33
  gap_max/seed5 → best=8.681 top50=22 top10%=33
BOLoop: 766 materials  |  direction=max  |  top-50 internal threshold=5.35  top-10% internal threshold=4.94
Init: 10 random labels  |  best (max) = 5.612
Cycle   1: full DKL retrain  (10 labelled)
GP warmup: 20 epochs on initial embeddings
/home/roy/Desktop/DKL-BO/venv/lib/python3.13/site-packages/torch/_compile.py:54: UserWarning: optimizer contains a parameter group with duplicate parameters; in future, this will cause an error; see github.com/pytorch/pytorch/issues/40967 for more information
  return disable_fn(*args, **kwargs)
Joint DKL training: 50 epochs
  Epoch 20/50  loss=1.8445
  Epoch 40/50  loss=1.7410
DKL training done in 0.3s
  → 2PdSO3-1  gap=2.851 eV  best=5.612 eV  top50=0  top10%=0
Cycle   2: GP refit  (11 labelled)
  → 1NiCl2N2H4C6-1  gap=2.638 eV  best=5.612 eV  top50=0  top10%=0
Cycle   3: GP refit  (12 labelled)
  → 1AlN-1  gap=4.048 eV  best=5.612 eV  top50=0  top10%=0
Cycle   4: GP refit  (13 labelled)
  → 2CdFSbO2-1  gap=3.513 eV  best=5.612 eV  top50=0  top10%=0
Cycle   5: GP refit  (14 labelled)
  → 2IRb-1  gap=4.613 eV  best=5.612 eV  top50=0  top10%=0
Cycle   6: full DKL retrain  (15 labelled)
GP warmup: 20 epochs on initial embeddings
Joint DKL training: 50 epochs
  Epoch 20/50  loss=1.3696
  Epoch 40/50  loss=1.1868
DKL training done in 0.3s
  → 1ScH2-1  gap=0.549 eV  best=5.612 eV  top50=0  top10%=0
Cycle   7: GP refit  (16 labelled)
  → 2HSLi3O4-1  gap=5.694 eV  best=5.694 eV  top50=1  top10%=1
Cycle   8: GP refit  (17 labelled)
  → 2FLiO-1  gap=5.494 eV  best=5.694 eV  top50=2  top10%=2
Cycle   9: GP refit  (18 labelled)
  → 2AlHTeO4-1  gap=5.331 eV  best=5.694 eV  top50=2  top10%=3
Cycle  10: GP refit  (19 labelled)
  → 1ScO2-2  gap=3.769 eV  best=5.694 eV  top50=2  top10%=3
Cycle  11: full DKL retrain  (20 labelled)
GP warmup: 20 epochs on initial embeddings
Joint DKL training: 50 epochs
  Epoch 20/50  loss=1.1734
  Epoch 40/50  loss=0.7690
DKL training done in 0.3s
  → 2OSc-1  gap=1.194 eV  best=5.694 eV  top50=2  top10%=3
Cycle  12: GP refit  (21 labelled)
  → 1BN-1  gap=5.675 eV  best=5.694 eV  top50=3  top10%=4
Cycle  13: GP refit  (22 labelled)
  → 2AlHSO4-1  gap=6.800 eV  best=6.800 eV  top50=4  top10%=5
Cycle  14: GP refit  (23 labelled)
  → 1CrMo3O8-1  gap=1.351 eV  best=6.800 eV  top50=4  top10%=5
Cycle  15: GP refit  (24 labelled)
  → 2AsTlO3-1  gap=4.438 eV  best=6.800 eV  top50=4  top10%=5
Cycle  16: full DKL retrain  (25 labelled)
GP warmup: 20 epochs on initial embeddings
Joint DKL training: 50 epochs
  Epoch 20/50  loss=1.0375
  Epoch 40/50  loss=0.6740
DKL training done in 0.3s
  → 2CoHO2-1  gap=2.596 eV  best=6.800 eV  top50=4  top10%=5
Cycle  17: GP refit  (26 labelled)
  → 1WO2-1  gap=2.097 eV  best=6.800 eV  top50=4  top10%=5
Cycle  18: GP refit  (27 labelled)
  → 1CrO2-2  gap=1.144 eV  best=6.800 eV  top50=4  top10%=5
Cycle  19: GP refit  (28 labelled)
  → 1WMo3O8-1  gap=1.731 eV  best=6.800 eV  top50=4  top10%=5
Cycle  20: GP refit  (29 labelled)
  → 2RuO2-1  gap=0.693 eV  best=6.800 eV  top50=4  top10%=5
Cycle  21: full DKL retrain  (30 labelled)
GP warmup: 20 epochs on initial embeddings
Joint DKL training: 50 epochs
  Epoch 20/50  loss=5.6495
  Epoch 40/50  loss=0.7149
DKL training done in 0.3s
  → 2GaHSO4-1  gap=5.938 eV  best=6.800 eV  top50=5  top10%=6
Cycle  22: GP refit  (31 labelled)
  → 1OVF2-1  gap=3.311 eV  best=6.800 eV  top50=5  top10%=6
Cycle  23: GP refit  (32 labelled)
  → 2CoFO2-1  gap=2.473 eV  best=6.800 eV  top50=5  top10%=6
Cycle  24: GP refit  (33 labelled)
  → 2AlHSeO4-1  gap=6.063 eV  best=6.800 eV  top50=6  top10%=7
Cycle  25: GP refit  (34 labelled)
  → 2GaHSeO4-1  gap=5.796 eV  best=6.800 eV  top50=7  top10%=8
Cycle  26: full DKL retrain  (35 labelled)
GP warmup: 20 epochs on initial embeddings
Joint DKL training: 50 epochs
  Epoch 20/50  loss=3.3963
  Epoch 40/50  loss=1.2220
DKL training done in 0.3s
  → 2AlO-1  gap=1.849 eV  best=6.800 eV  top50=7  top10%=8
Cycle  27: GP refit  (36 labelled)
  → 1SNb3F7-1  gap=1.872 eV  best=6.800 eV  top50=7  top10%=8
Cycle  28: GP refit  (37 labelled)
  → 4AsLiO2-1  gap=5.351 eV  best=6.800 eV  top50=8  top10%=9
Cycle  29: GP refit  (38 labelled)
  → 2PVO5-1  gap=4.032 eV  best=6.800 eV  top50=8  top10%=9
Cycle  30: GP refit  (39 labelled)
  → 1GeO-1  gap=2.811 eV  best=6.800 eV  top50=8  top10%=9
Cycle  31: full DKL retrain  (40 labelled)
GP warmup: 20 epochs on initial embeddings
Joint DKL training: 50 epochs
  Epoch 20/50  loss=4.7113
  Epoch 40/50  loss=1.1940
DKL training done in 0.3s
  → 2HLi3S5-1  gap=3.300 eV  best=6.800 eV  top50=8  top10%=9
Cycle  32: GP refit  (41 labelled)
  → 1AlAs-1  gap=2.028 eV  best=6.800 eV  top50=8  top10%=9
Cycle  33: GP refit  (42 labelled)
  → 2GaS-1  gap=3.197 eV  best=6.800 eV  top50=8  top10%=9
Cycle  34: GP refit  (43 labelled)
  → 1CSiH2-1  gap=4.871 eV  best=6.800 eV  top50=8  top10%=9
Cycle  35: GP refit  (44 labelled)
  → 1ScBr2-1  gap=0.757 eV  best=6.800 eV  top50=8  top10%=9
Cycle  36: full DKL retrain  (45 labelled)
GP warmup: 20 epochs on initial embeddings
Joint DKL training: 50 epochs
  Epoch 20/50  loss=1.5108
  Epoch 40/50  loss=0.7431
DKL training done in 0.3s
  → 4IOSc-1  gap=3.350 eV  best=6.800 eV  top50=8  top10%=9
Cycle  37: GP refit  (46 labelled)
  → 2OsO2-1  gap=1.005 eV  best=6.800 eV  top50=8  top10%=9
Cycle  38: GP refit  (47 labelled)
  → 4BiLiO2-1  gap=3.784 eV  best=6.800 eV  top50=8  top10%=9
Cycle  39: GP refit  (48 labelled)
  → 1CrS2-1  gap=1.351 eV  best=6.800 eV  top50=8  top10%=9
Cycle  40: GP refit  (49 labelled)
  → 1TiF2-1  gap=2.096 eV  best=6.800 eV  top50=8  top10%=9
Cycle  41: full DKL retrain  (50 labelled)
GP warmup: 20 epochs on initial embeddings
Joint DKL training: 50 epochs
  Epoch 20/50  loss=8.5576
  Epoch 40/50  loss=1.2167
DKL training done in 0.3s
  → 2HTeLi3O4-1  gap=5.347 eV  best=6.800 eV  top50=9  top10%=10
Cycle  42: GP refit  (51 labelled)
  → 4LiSbO2-1  gap=4.432 eV  best=6.800 eV  top50=9  top10%=10
Cycle  43: GP refit  (52 labelled)
  → 2HSeLi3O4-1  gap=5.856 eV  best=6.800 eV  top50=10  top10%=11
Cycle  44: GP refit  (53 labelled)
  → 4AuF2-1  gap=1.286 eV  best=6.800 eV  top50=10  top10%=11
Cycle  45: GP refit  (54 labelled)
  → 2MoO3-1  gap=3.738 eV  best=6.800 eV  top50=10  top10%=11
Cycle  46: full DKL retrain  (55 labelled)
GP warmup: 20 epochs on initial embeddings
Joint DKL training: 50 epochs
  Epoch 20/50  loss=0.5248
  Epoch 40/50  loss=0.0466
DKL training done in 0.3s
  → 2GaO-1  gap=2.472 eV  best=6.800 eV  top50=10  top10%=11
Cycle  47: GP refit  (56 labelled)
  → 1C2O2Hf3-1  gap=0.917 eV  best=6.800 eV  top50=10  top10%=11
Cycle  48: GP refit  (57 labelled)
  → 1AgCrP2Se6-1  gap=1.789 eV  best=6.800 eV  top50=10  top10%=11
Cycle  49: GP refit  (58 labelled)
  → 2RuS2-1  gap=1.583 eV  best=6.800 eV  top50=10  top10%=11
Cycle  50: GP refit  (59 labelled)
  → 1GeO2-3  gap=2.945 eV  best=6.800 eV  top50=10  top10%=11
Cycle  51: full DKL retrain  (60 labelled)
GP warmup: 20 epochs on initial embeddings
Joint DKL training: 50 epochs
  Epoch 20/50  loss=0.7454
  Epoch 40/50  loss=0.4847
DKL training done in 0.3s
  → 1GaN-1  gap=3.090 eV  best=6.800 eV  top50=10  top10%=11
Cycle  52: GP refit  (61 labelled)
  → 4AgF2-2  gap=1.637 eV  best=6.800 eV  top50=10  top10%=11
Cycle  53: GP refit  (62 labelled)
  → 1PbO2-3  gap=0.935 eV  best=6.800 eV  top50=10  top10%=11
Cycle  54: GP refit  (63 labelled)
  → 2AgO-1  gap=1.126 eV  best=6.800 eV  top50=10  top10%=11
Cycle  55: GP refit  (64 labelled)
  → 4AsLiS2-2  gap=1.883 eV  best=6.800 eV  top50=10  top10%=11
Cycle  56: full DKL retrain  (65 labelled)
GP warmup: 20 epochs on initial embeddings
Joint DKL training: 50 epochs
  Epoch 20/50  loss=0.8062
  Epoch 40/50  loss=0.4140
DKL training done in 0.3s
  → 1AsB-1  gap=1.188 eV  best=6.800 eV  top50=10  top10%=11
Cycle  57: GP refit  (66 labelled)
  → 1HfS2-2  gap=2.038 eV  best=6.800 eV  top50=10  top10%=11
Cycle  58: GP refit  (67 labelled)
  → 2FeSe2-1  gap=1.053 eV  best=6.800 eV  top50=10  top10%=11
Cycle  59: GP refit  (68 labelled)
  → 1WS2-1  gap=2.055 eV  best=6.800 eV  top50=10  top10%=11
Cycle  60: GP refit  (69 labelled)
  → 2NOOsRbF5-1  gap=2.864 eV  best=6.800 eV  top50=10  top10%=11
Cycle  61: full DKL retrain  (70 labelled)
GP warmup: 20 epochs on initial embeddings
Joint DKL training: 50 epochs
  Epoch 20/50  loss=0.6595
  Epoch 40/50  loss=0.4099
DKL training done in 0.3s
  → 2AlS-1  gap=2.881 eV  best=6.800 eV  top50=10  top10%=11
Cycle  62: GP refit  (71 labelled)
  → 1AgCrP2Te6-1  gap=1.137 eV  best=6.800 eV  top50=10  top10%=11
Cycle  63: GP refit  (72 labelled)
  → 1CoLiP2S6-1  gap=2.395 eV  best=6.800 eV  top50=10  top10%=11
Cycle  64: GP refit  (73 labelled)
  → 1AgAlP2S6-1  gap=3.132 eV  best=6.800 eV  top50=10  top10%=11
Cycle  65: GP refit  (74 labelled)
  → 1AgAlP2Se6-1  gap=2.339 eV  best=6.800 eV  top50=10  top10%=11
Cycle  66: full DKL retrain  (75 labelled)
GP warmup: 20 epochs on initial embeddings
Joint DKL training: 50 epochs
  Epoch 20/50  loss=-0.0326
  Epoch 40/50  loss=-0.3865
DKL training done in 0.3s
  → 1AgCrP2S6-1  gap=2.012 eV  best=6.800 eV  top50=10  top10%=11
Cycle  67: GP refit  (76 labelled)
  → 1CoLiP2Se6-1  gap=2.004 eV  best=6.800 eV  top50=10  top10%=11
Cycle  68: GP refit  (77 labelled)
  → 2AgCrP2S6-1  gap=2.715 eV  best=6.800 eV  top50=10  top10%=11
Cycle  69: GP refit  (78 labelled)
  → 2HLiS-1  gap=5.028 eV  best=6.800 eV  top50=10  top10%=12
Cycle  70: GP refit  (79 labelled)
  → 2ClNbO2-1  gap=4.453 eV  best=6.800 eV  top50=10  top10%=12
Cycle  71: full DKL retrain  (80 labelled)
GP warmup: 20 epochs on initial embeddings
Joint DKL training: 50 epochs
  Epoch 20/50  loss=0.6164
  Epoch 40/50  loss=0.2814
DKL training done in 0.3s
  → 1WAg2S4-1  gap=2.482 eV  best=6.800 eV  top50=10  top10%=12
Cycle  72: GP refit  (81 labelled)
  → 2AuO-1  gap=0.865 eV  best=6.800 eV  top50=10  top10%=12
Cycle  73: GP refit  (82 labelled)
  → 2AgF-3  gap=2.475 eV  best=6.800 eV  top50=10  top10%=12
Cycle  74: GP refit  (83 labelled)
  → 2HISr-1  gap=4.888 eV  best=6.800 eV  top50=10  top10%=12
Cycle  75: GP refit  (84 labelled)
  → 2PtSeO3-1  gap=2.732 eV  best=6.800 eV  top50=10  top10%=12
Cycle  76: full DKL retrain  (85 labelled)
GP warmup: 20 epochs on initial embeddings
Joint DKL training: 50 epochs
  Epoch 20/50  loss=0.9193
  Epoch 40/50  loss=0.6937
DKL training done in 0.3s
  → 2AgSe-1  gap=1.179 eV  best=6.800 eV  top50=10  top10%=12
Cycle  77: GP refit  (86 labelled)
  → 1HfBr2-1  gap=1.226 eV  best=6.800 eV  top50=10  top10%=12
Cycle  78: GP refit  (87 labelled)
  → 1SeNi2S3-1  gap=1.350 eV  best=6.800 eV  top50=10  top10%=12
Cycle  79: GP refit  (88 labelled)
  → 2HKTe-1  gap=3.400 eV  best=6.800 eV  top50=10  top10%=12
Cycle  80: GP refit  (89 labelled)
  → 2PbSe-1  gap=1.312 eV  best=6.800 eV  top50=10  top10%=12
Cycle  81: full DKL retrain  (90 labelled)
GP warmup: 20 epochs on initial embeddings
Joint DKL training: 50 epochs
  Epoch 20/50  loss=0.8104
  Epoch 40/50  loss=0.3718
DKL training done in 0.3s
  → 4OPb-1  gap=3.731 eV  best=6.800 eV  top50=10  top10%=12
Cycle  82: GP refit  (91 labelled)
  → 2HKO-1  gap=4.501 eV  best=6.800 eV  top50=10  top10%=12
Cycle  83: GP refit  (92 labelled)
  → 2IK-2  gap=4.784 eV  best=6.800 eV  top50=10  top10%=12
Cycle  84: GP refit  (93 labelled)
  → 2ClHSr-1  gap=5.259 eV  best=6.800 eV  top50=10  top10%=13
Cycle  85: GP refit  (94 labelled)
  → 1MoCu2S4-1  gap=2.617 eV  best=6.800 eV  top50=10  top10%=13
Cycle  86: full DKL retrain  (95 labelled)
GP warmup: 20 epochs on initial embeddings
Joint DKL training: 50 epochs
  Epoch 20/50  loss=0.1174
  Epoch 40/50  loss=-0.1690
DKL training done in 0.3s
  → 1MnNbSe4-1  gap=0.598 eV  best=6.800 eV  top50=10  top10%=13
Cycle  87: GP refit  (96 labelled)
  → 2FRhTe-1  gap=2.115 eV  best=6.800 eV  top50=10  top10%=13
Cycle  88: GP refit  (97 labelled)
  → 1HgO-1  gap=0.025 eV  best=6.800 eV  top50=10  top10%=13
Cycle  89: GP refit  (98 labelled)
  → 2CaClH-1  gap=5.233 eV  best=6.800 eV  top50=10  top10%=14
Cycle  90: GP refit  (99 labelled)
  → 2MoSe2-1  gap=0.108 eV  best=6.800 eV  top50=10  top10%=14
Cycle  91: full DKL retrain  (100 labelled)
GP warmup: 20 epochs on initial embeddings
Joint DKL training: 50 epochs
  Epoch 20/50  loss=0.8242
  Epoch 40/50  loss=0.5845
DKL training done in 0.3s
  → 1PbTe-1  gap=1.500 eV  best=6.800 eV  top50=10  top10%=14
Cycle  92: GP refit  (101 labelled)
  → 2ScSe-3  gap=0.933 eV  best=6.800 eV  top50=10  top10%=14
Cycle  93: GP refit  (102 labelled)
  → 1MoCu2Te4-1  gap=1.230 eV  best=6.800 eV  top50=10  top10%=14
Cycle  94: GP refit  (103 labelled)
  → 2AuCl-4  gap=0.777 eV  best=6.800 eV  top50=10  top10%=14
Cycle  95: GP refit  (104 labelled)
  → 2GaSe-1  gap=2.506 eV  best=6.800 eV  top50=10  top10%=14
Cycle  96: full DKL retrain  (105 labelled)
GP warmup: 20 epochs on initial embeddings
Joint DKL training: 50 epochs
  Epoch 20/50  loss=0.0489
  Epoch 40/50  loss=-0.3004
DKL training done in 0.3s
  → 2BaClH-1  gap=4.823 eV  best=6.800 eV  top50=10  top10%=14
Cycle  97: GP refit  (106 labelled)
  → 1CrSe2-1  gap=1.128 eV  best=6.800 eV  top50=10  top10%=14
Cycle  98: GP refit  (107 labelled)
  → 1OScHf3N3Br4-1  gap=4.148 eV  best=6.800 eV  top50=10  top10%=14
Cycle  99: GP refit  (108 labelled)
  → 1AgInP2Se6-1  gap=1.707 eV  best=6.800 eV  top50=10  top10%=14
Cycle 100: GP refit  (109 labelled)
  → 1AgAlAs2Se6-1  gap=1.577 eV  best=6.800 eV  top50=10  top10%=14
  gap_max/seed6 → best=6.800 top50=10 top10%=14
BOLoop: 766 materials  |  direction=max  |  top-50 internal threshold=5.35  top-10% internal threshold=4.94
Init: 10 random labels  |  best (max) = 5.363
Cycle   1: full DKL retrain  (10 labelled)
GP warmup: 20 epochs on initial embeddings
/home/roy/Desktop/DKL-BO/venv/lib/python3.13/site-packages/torch/_compile.py:54: UserWarning: optimizer contains a parameter group with duplicate parameters; in future, this will cause an error; see github.com/pytorch/pytorch/issues/40967 for more information
  return disable_fn(*args, **kwargs)
Joint DKL training: 50 epochs
  Epoch 20/50  loss=1.7716
  Epoch 40/50  loss=1.6784
DKL training done in 0.3s
  → 2P2S3-3  gap=3.478 eV  best=5.363 eV  top50=0  top10%=0
Cycle   2: GP refit  (11 labelled)
  → 2CsNO3-1  gap=5.324 eV  best=5.363 eV  top50=0  top10%=1
Cycle   3: GP refit  (12 labelled)
  → 2CCsO3-2  gap=2.628 eV  best=5.363 eV  top50=0  top10%=1
Cycle   4: GP refit  (13 labelled)
  → 2CCsO3-1  gap=2.664 eV  best=5.363 eV  top50=0  top10%=1
Cycle   5: GP refit  (14 labelled)
  → 2PVO5-1  gap=4.032 eV  best=5.363 eV  top50=0  top10%=1
Cycle   6: full DKL retrain  (15 labelled)
GP warmup: 20 epochs on initial embeddings
Joint DKL training: 50 epochs
  Epoch 20/50  loss=1.0620
  Epoch 40/50  loss=0.6309
DKL training done in 0.3s
  → 1GaN-1  gap=3.090 eV  best=5.363 eV  top50=0  top10%=1
Cycle   7: GP refit  (16 labelled)
  → 1InN-1  gap=1.565 eV  best=5.363 eV  top50=0  top10%=1
Cycle   8: GP refit  (17 labelled)
  → 2NRbO3-1  gap=5.286 eV  best=5.363 eV  top50=0  top10%=2
Cycle   9: GP refit  (18 labelled)
  → 2OPt-3  gap=1.460 eV  best=5.363 eV  top50=0  top10%=2
Cycle  10: GP refit  (19 labelled)
  → 2HSeNa3O4-1  gap=5.631 eV  best=5.631 eV  top50=1  top10%=3
Cycle  11: full DKL retrain  (20 labelled)
GP warmup: 20 epochs on initial embeddings
Joint DKL training: 50 epochs
  Epoch 20/50  loss=1.7410
  Epoch 40/50  loss=0.5411
DKL training done in 0.3s
  → 2HSLi3O4-1  gap=5.694 eV  best=5.694 eV  top50=2  top10%=4
Cycle  12: GP refit  (21 labelled)
  → 2HTeNa3O4-1  gap=5.379 eV  best=5.694 eV  top50=3  top10%=5
Cycle  13: GP refit  (22 labelled)
  → 2GaHTeO4-1  gap=5.308 eV  best=5.694 eV  top50=3  top10%=6
Cycle  14: GP refit  (23 labelled)
  → 2HSNa3O4-1  gap=5.084 eV  best=5.694 eV  top50=3  top10%=7
Cycle  15: GP refit  (24 labelled)
  → 2HSeLi3O4-1  gap=5.856 eV  best=5.856 eV  top50=4  top10%=8
Cycle  16: full DKL retrain  (25 labelled)
GP warmup: 20 epochs on initial embeddings
Joint DKL training: 50 epochs
  Epoch 20/50  loss=0.7932
  Epoch 40/50  loss=0.2827
DKL training done in 0.3s
  → 2HTeLi3O4-1  gap=5.347 eV  best=5.856 eV  top50=5  top10%=9
Cycle  17: GP refit  (26 labelled)
  → 2HSeLi3S4-1  gap=3.065 eV  best=5.856 eV  top50=5  top10%=9
Cycle  18: GP refit  (27 labelled)
  → 2P2Se3-2  gap=2.700 eV  best=5.856 eV  top50=5  top10%=9
Cycle  19: GP refit  (28 labelled)
  → 2HInTeO4-1  gap=5.209 eV  best=5.856 eV  top50=5  top10%=10
Cycle  20: GP refit  (29 labelled)
  → 2HTeLi3S4-1  gap=2.992 eV  best=5.856 eV  top50=5  top10%=10
Cycle  21: full DKL retrain  (30 labelled)
GP warmup: 20 epochs on initial embeddings
Joint DKL training: 50 epochs
  Epoch 20/50  loss=0.8302
  Epoch 40/50  loss=0.6139
DKL training done in 0.3s
  → 1AlN-1  gap=4.048 eV  best=5.856 eV  top50=5  top10%=10
Cycle  22: GP refit  (31 labelled)
  → 2AlHTeO4-1  gap=5.331 eV  best=5.856 eV  top50=5  top10%=11
Cycle  23: GP refit  (32 labelled)
  → 2AlO-1  gap=1.849 eV  best=5.856 eV  top50=5  top10%=11
Cycle  24: GP refit  (33 labelled)
  → 2AlHSO4-1  gap=6.800 eV  best=6.800 eV  top50=6  top10%=12
Cycle  25: GP refit  (34 labelled)
  → 1BN-1  gap=5.675 eV  best=6.800 eV  top50=7  top10%=13
Cycle  26: full DKL retrain  (35 labelled)
GP warmup: 20 epochs on initial embeddings
Joint DKL training: 50 epochs
  Epoch 20/50  loss=1.0157
  Epoch 40/50  loss=0.8102
DKL training done in 0.3s
  → 2GaHSO4-1  gap=5.938 eV  best=6.800 eV  top50=8  top10%=14
Cycle  27: GP refit  (36 labelled)
  → 2AlHSeO4-1  gap=6.063 eV  best=6.800 eV  top50=9  top10%=15
Cycle  28: GP refit  (37 labelled)
  → 1CrO2-2  gap=1.144 eV  best=6.800 eV  top50=9  top10%=15
Cycle  29: GP refit  (38 labelled)
  → 2HNa3S5-1  gap=3.375 eV  best=6.800 eV  top50=9  top10%=15
Cycle  30: GP refit  (39 labelled)
  → 2GaHSeO4-1  gap=5.796 eV  best=6.800 eV  top50=10  top10%=16
Cycle  31: full DKL retrain  (40 labelled)
GP warmup: 20 epochs on initial embeddings
Joint DKL training: 50 epochs
  Epoch 20/50  loss=1.0891
  Epoch 40/50  loss=0.8189
DKL training done in 0.3s
  → 2HInSO4-1  gap=5.132 eV  best=6.800 eV  top50=10  top10%=17
Cycle  32: GP refit  (41 labelled)
  → 2HInSeO4-1  gap=5.487 eV  best=6.800 eV  top50=11  top10%=18
Cycle  33: GP refit  (42 labelled)
  → 1HSbSe2O6-1  gap=4.431 eV  best=6.800 eV  top50=11  top10%=18
Cycle  34: GP refit  (43 labelled)
  → 2AsTlO3-1  gap=4.438 eV  best=6.800 eV  top50=11  top10%=18
Cycle  35: GP refit  (44 labelled)
  → 2SbTlO3-1  gap=4.173 eV  best=6.800 eV  top50=11  top10%=18
Cycle  36: full DKL retrain  (45 labelled)
GP warmup: 20 epochs on initial embeddings
Joint DKL training: 50 epochs
  Epoch 20/50  loss=0.5528
  Epoch 40/50  loss=0.3930
DKL training done in 0.3s
  → 1PbSrS2O8-1  gap=5.262 eV  best=6.800 eV  top50=11  top10%=19
Cycle  37: GP refit  (46 labelled)
  → 2CoHO2-1  gap=2.596 eV  best=6.800 eV  top50=11  top10%=19
Cycle  38: GP refit  (47 labelled)
  → 2KNO3-1  gap=5.261 eV  best=6.800 eV  top50=11  top10%=20
Cycle  39: GP refit  (48 labelled)
  → 2BiPO4-1  gap=4.969 eV  best=6.800 eV  top50=11  top10%=21
Cycle  40: GP refit  (49 labelled)
  → 2P2S3-1  gap=3.272 eV  best=6.800 eV  top50=11  top10%=21
Cycle  41: full DKL retrain  (50 labelled)
GP warmup: 20 epochs on initial embeddings
Joint DKL training: 50 epochs
  Epoch 20/50  loss=0.3832
  Epoch 40/50  loss=0.2575
DKL training done in 0.3s
  → 1SSnO4-1  gap=5.411 eV  best=6.800 eV  top50=12  top10%=22
Cycle  42: GP refit  (51 labelled)
  → 2PSbO4-1  gap=5.770 eV  best=6.800 eV  top50=13  top10%=23
Cycle  43: GP refit  (52 labelled)
  → 1SCu2O4-1  gap=3.842 eV  best=6.800 eV  top50=13  top10%=23
Cycle  44: GP refit  (53 labelled)
  → 2PtSeO3-1  gap=2.732 eV  best=6.800 eV  top50=13  top10%=23
Cycle  45: GP refit  (54 labelled)
  → 2ClCsO3-1  gap=6.616 eV  best=6.800 eV  top50=14  top10%=24
Cycle  46: full DKL retrain  (55 labelled)
GP warmup: 20 epochs on initial embeddings
Joint DKL training: 50 epochs
  Epoch 20/50  loss=0.6804
  Epoch 40/50  loss=0.4545
DKL training done in 0.3s
  → 2ClRbO3-1  gap=6.795 eV  best=6.800 eV  top50=15  top10%=25
Cycle  47: GP refit  (56 labelled)
  → 1BP-1  gap=1.362 eV  best=6.800 eV  top50=15  top10%=25
Cycle  48: GP refit  (57 labelled)
  → 1CdClHS-1  gap=3.853 eV  best=6.800 eV  top50=15  top10%=25
Cycle  49: GP refit  (58 labelled)
  → 2NORbRuCl5-1  gap=1.645 eV  best=6.800 eV  top50=15  top10%=25
Cycle  50: GP refit  (59 labelled)
  → 2NOOsRbCl5-1  gap=1.751 eV  best=6.800 eV  top50=15  top10%=25
Cycle  51: full DKL retrain  (60 labelled)
GP warmup: 20 epochs on initial embeddings
Joint DKL training: 50 epochs
  Epoch 20/50  loss=0.9385
  Epoch 40/50  loss=0.7154
DKL training done in 0.3s
  → 2MoO3-1  gap=3.738 eV  best=6.800 eV  top50=15  top10%=25
Cycle  52: GP refit  (61 labelled)
  → 2ClMoO2-1  gap=1.762 eV  best=6.800 eV  top50=15  top10%=25
Cycle  53: GP refit  (62 labelled)
  → 1SeAg2O4-1  gap=3.121 eV  best=6.800 eV  top50=15  top10%=25
Cycle  54: GP refit  (63 labelled)
  → 1CdHIS-1  gap=2.851 eV  best=6.800 eV  top50=15  top10%=25
Cycle  55: GP refit  (64 labelled)
  → 2HInTeS4-1  gap=2.900 eV  best=6.800 eV  top50=15  top10%=25
Cycle  56: full DKL retrain  (65 labelled)
GP warmup: 20 epochs on initial embeddings
Joint DKL training: 50 epochs
  Epoch 20/50  loss=0.7323
  Epoch 40/50  loss=0.4779
DKL training done in 0.3s
  → 1AgScP2S6-1  gap=3.453 eV  best=6.800 eV  top50=15  top10%=25
Cycle  57: GP refit  (66 labelled)
  → 2Sb2O3-5  gap=4.624 eV  best=6.800 eV  top50=15  top10%=25
Cycle  58: GP refit  (67 labelled)
  → 1BrSSb-1  gap=1.838 eV  best=6.800 eV  top50=15  top10%=25
Cycle  59: GP refit  (68 labelled)
  → 2As2O3-4  gap=5.105 eV  best=6.800 eV  top50=15  top10%=26
Cycle  60: GP refit  (69 labelled)
  → 1CdGeSSeBr2-1  gap=1.544 eV  best=6.800 eV  top50=15  top10%=26
Cycle  61: full DKL retrain  (70 labelled)
GP warmup: 20 epochs on initial embeddings
Joint DKL training: 50 epochs
  Epoch 20/50  loss=0.5483
  Epoch 40/50  loss=0.3680
DKL training done in 0.4s
  → 1AgCrP2Se6-1  gap=1.789 eV  best=6.800 eV  top50=15  top10%=26
Cycle  62: GP refit  (71 labelled)
  → 1AgCrP2Te6-1  gap=1.137 eV  best=6.800 eV  top50=15  top10%=26
Cycle  63: GP refit  (72 labelled)
  → 1CoLiP2S6-1  gap=2.395 eV  best=6.800 eV  top50=15  top10%=26
Cycle  64: GP refit  (73 labelled)
  → 1AgAlP2S6-1  gap=3.132 eV  best=6.800 eV  top50=15  top10%=26
Cycle  65: GP refit  (74 labelled)
  → 1AgAlP2Se6-1  gap=2.339 eV  best=6.800 eV  top50=15  top10%=26
Cycle  66: full DKL retrain  (75 labelled)
GP warmup: 20 epochs on initial embeddings
Joint DKL training: 50 epochs
  Epoch 20/50  loss=0.0561
  Epoch 40/50  loss=-0.2775
DKL training done in 0.3s
  → 1AgCrP2S6-1  gap=2.012 eV  best=6.800 eV  top50=15  top10%=26
Cycle  67: GP refit  (76 labelled)
  → 2SSc-4  gap=0.981 eV  best=6.800 eV  top50=15  top10%=26
Cycle  68: GP refit  (77 labelled)
  → 2ORh-2  gap=0.062 eV  best=6.800 eV  top50=15  top10%=26
Cycle  69: GP refit  (78 labelled)
  → 1ScH2-1  gap=0.549 eV  best=6.800 eV  top50=15  top10%=26
Cycle  70: GP refit  (79 labelled)
  → 2OSc-1  gap=1.194 eV  best=6.800 eV  top50=15  top10%=26
Cycle  71: full DKL retrain  (80 labelled)
GP warmup: 20 epochs on initial embeddings
Joint DKL training: 50 epochs
  Epoch 20/50  loss=0.8055
  Epoch 40/50  loss=0.5443
DKL training done in 0.4s
  → 2ClRb-2  gap=5.891 eV  best=6.800 eV  top50=16  top10%=27
Cycle  72: GP refit  (81 labelled)
  → 2ClCs-1  gap=5.654 eV  best=6.800 eV  top50=17  top10%=28
Cycle  73: GP refit  (82 labelled)
  → 1PbS2-1  gap=2.299 eV  best=6.800 eV  top50=17  top10%=28
Cycle  74: GP refit  (83 labelled)
  → 2As2O3-1  gap=5.450 eV  best=6.800 eV  top50=18  top10%=29
Cycle  75: GP refit  (84 labelled)
  → 2HNaS-1  gap=4.588 eV  best=6.800 eV  top50=18  top10%=29
Cycle  76: full DKL retrain  (85 labelled)
GP warmup: 20 epochs on initial embeddings
Joint DKL training: 50 epochs
  Epoch 20/50  loss=0.5479
  Epoch 40/50  loss=0.3510
DKL training done in 0.3s
  → 2HNaSe-1  gap=3.958 eV  best=6.800 eV  top50=18  top10%=29
Cycle  77: GP refit  (86 labelled)
  → 4AsNaO2-1  gap=5.635 eV  best=6.800 eV  top50=19  top10%=30
Cycle  78: GP refit  (87 labelled)
  → 2BrRb-2  gap=5.268 eV  best=6.800 eV  top50=19  top10%=31
Cycle  79: GP refit  (88 labelled)
  → 1AlAs-1  gap=2.028 eV  best=6.800 eV  top50=19  top10%=31
Cycle  80: GP refit  (89 labelled)
  → 2AsBiO4-1  gap=4.600 eV  best=6.800 eV  top50=19  top10%=31
Cycle  81: full DKL retrain  (90 labelled)
GP warmup: 20 epochs on initial embeddings
Joint DKL training: 50 epochs
  Epoch 20/50  loss=0.4216
  Epoch 40/50  loss=0.2749
DKL training done in 0.3s
  → 2IRb-1  gap=4.613 eV  best=6.800 eV  top50=19  top10%=31
Cycle  82: GP refit  (91 labelled)
  → 4AsLiO2-1  gap=5.351 eV  best=6.800 eV  top50=20  top10%=32
Cycle  83: GP refit  (92 labelled)
  → 2HNaO-2  gap=5.181 eV  best=6.800 eV  top50=20  top10%=33
Cycle  84: GP refit  (93 labelled)
  → 2BrCs-2  gap=5.145 eV  best=6.800 eV  top50=20  top10%=34
Cycle  85: GP refit  (94 labelled)
  → 2HLiS-1  gap=5.028 eV  best=6.800 eV  top50=20  top10%=35
Cycle  86: full DKL retrain  (95 labelled)
GP warmup: 20 epochs on initial embeddings
Joint DKL training: 50 epochs
  Epoch 20/50  loss=0.1626
  Epoch 40/50  loss=-0.0343
DKL training done in 0.3s
  → 1CoLiP2Se6-1  gap=2.004 eV  best=6.800 eV  top50=20  top10%=35
Cycle  87: GP refit  (96 labelled)
  → 2AgCrP2S6-1  gap=2.715 eV  best=6.800 eV  top50=20  top10%=35
Cycle  88: GP refit  (97 labelled)
  → 1AgInP2Se6-1  gap=1.707 eV  best=6.800 eV  top50=20  top10%=35
Cycle  89: GP refit  (98 labelled)
  → 1AgAlAs2Se6-1  gap=1.577 eV  best=6.800 eV  top50=20  top10%=35
Cycle  90: GP refit  (99 labelled)
  → 1BiHTe2O6-1  gap=4.226 eV  best=6.800 eV  top50=20  top10%=35
Cycle  91: full DKL retrain  (100 labelled)
GP warmup: 20 epochs on initial embeddings
Joint DKL training: 50 epochs
  Epoch 20/50  loss=0.0531
  Epoch 40/50  loss=-0.1150
DKL training done in 0.3s
  → 1AgTlP2Se6-1  gap=0.901 eV  best=6.800 eV  top50=20  top10%=35
Cycle  92: GP refit  (101 labelled)
  → 1AgGaP2S6-1  gap=2.285 eV  best=6.800 eV  top50=20  top10%=35
Cycle  93: GP refit  (102 labelled)
  → 2HLiO-1  gap=5.612 eV  best=6.800 eV  top50=21  top10%=36
Cycle  94: GP refit  (103 labelled)
  → 2HNaTe-1  gap=3.492 eV  best=6.800 eV  top50=21  top10%=36
Cycle  95: GP refit  (104 labelled)
  → 2WO3-1  gap=2.865 eV  best=6.800 eV  top50=21  top10%=36
Cycle  96: full DKL retrain  (105 labelled)
GP warmup: 20 epochs on initial embeddings
Joint DKL training: 50 epochs
  Epoch 20/50  loss=0.1797
  Epoch 40/50  loss=0.0682
DKL training done in 0.3s
  → 1PdZnP2Se6-1  gap=0.796 eV  best=6.800 eV  top50=21  top10%=36
Cycle  97: GP refit  (106 labelled)
  → 1CoNaP2Se6-1  gap=1.717 eV  best=6.800 eV  top50=21  top10%=36
Cycle  98: GP refit  (107 labelled)
  → 1CoLiAs2Se6-1  gap=1.175 eV  best=6.800 eV  top50=21  top10%=36
Cycle  99: GP refit  (108 labelled)
  → 1AgInP2S6-1  gap=2.365 eV  best=6.800 eV  top50=21  top10%=36
Cycle 100: GP refit  (109 labelled)
  → 1CoNaP2S6-1  gap=1.851 eV  best=6.800 eV  top50=21  top10%=36
  gap_max/seed7 → best=6.800 top50=21 top10%=36
BOLoop: 766 materials  |  direction=max  |  top-50 internal threshold=5.35  top-10% internal threshold=4.94
Init: 10 random labels  |  best (max) = 5.386
Cycle   1: full DKL retrain  (10 labelled)
GP warmup: 20 epochs on initial embeddings
/home/roy/Desktop/DKL-BO/venv/lib/python3.13/site-packages/torch/_compile.py:54: UserWarning: optimizer contains a parameter group with duplicate parameters; in future, this will cause an error; see github.com/pytorch/pytorch/issues/40967 for more information
  return disable_fn(*args, **kwargs)
Joint DKL training: 50 epochs
  Epoch 20/50  loss=1.7822
  Epoch 40/50  loss=1.6796
DKL training done in 0.3s
  → 2FLiO-1  gap=5.494 eV  best=5.494 eV  top50=1  top10%=1
Cycle   2: GP refit  (11 labelled)
  → 1PdPt3O8-1  gap=2.448 eV  best=5.494 eV  top50=1  top10%=1
Cycle   3: GP refit  (12 labelled)
  → 1BaBr2-2  gap=5.328 eV  best=5.494 eV  top50=1  top10%=2
Cycle   4: GP refit  (13 labelled)
  → 2HNaO-2  gap=5.181 eV  best=5.494 eV  top50=1  top10%=3
Cycle   5: GP refit  (14 labelled)
  → 1BrISr-1  gap=5.047 eV  best=5.494 eV  top50=1  top10%=4
Cycle   6: full DKL retrain  (15 labelled)
GP warmup: 20 epochs on initial embeddings
Joint DKL training: 50 epochs
  Epoch 20/50  loss=0.9768
  Epoch 40/50  loss=0.8042
DKL training done in 0.3s
  → 2HLiO-1  gap=5.612 eV  best=5.612 eV  top50=2  top10%=5
Cycle   7: GP refit  (16 labelled)
  → 2CsF-1  gap=6.059 eV  best=6.059 eV  top50=3  top10%=6
Cycle   8: GP refit  (17 labelled)
  → 2HNaTe-1  gap=3.492 eV  best=6.059 eV  top50=3  top10%=6
Cycle   9: GP refit  (18 labelled)
  → 1TiF2-1  gap=2.096 eV  best=6.059 eV  top50=3  top10%=6
Cycle  10: GP refit  (19 labelled)
  → 2BrHSr-1  gap=5.479 eV  best=6.059 eV  top50=4  top10%=7
Cycle  11: full DKL retrain  (20 labelled)
GP warmup: 20 epochs on initial embeddings
Joint DKL training: 50 epochs
  Epoch 20/50  loss=0.3762
  Epoch 40/50  loss=-0.0593
DKL training done in 0.3s
  → 2FK-1  gap=7.022 eV  best=7.022 eV  top50=5  top10%=8
Cycle  12: GP refit  (21 labelled)
  → 2FRb-1  gap=6.553 eV  best=7.022 eV  top50=6  top10%=9
Cycle  13: GP refit  (22 labelled)
  → 2ClGa-1  gap=3.220 eV  best=7.022 eV  top50=6  top10%=9
Cycle  14: GP refit  (23 labelled)
  → 2HKS-2  gap=4.369 eV  best=7.022 eV  top50=6  top10%=9
Cycle  15: GP refit  (24 labelled)
  → 1BN-1  gap=5.675 eV  best=7.022 eV  top50=7  top10%=10
Cycle  16: full DKL retrain  (25 labelled)
GP warmup: 20 epochs on initial embeddings
Joint DKL training: 50 epochs
  Epoch 20/50  loss=1.9236
  Epoch 40/50  loss=0.7425
DKL training done in 0.3s
  → 1CrS2-1  gap=1.351 eV  best=7.022 eV  top50=7  top10%=10
Cycle  17: GP refit  (26 labelled)
  → 1FeHfF6-1  gap=4.951 eV  best=7.022 eV  top50=7  top10%=11
Cycle  18: GP refit  (27 labelled)
  → 1HfPdF6-1  gap=3.959 eV  best=7.022 eV  top50=7  top10%=11
Cycle  19: GP refit  (28 labelled)
  → 2HLiS-1  gap=5.028 eV  best=7.022 eV  top50=7  top10%=12
Cycle  20: GP refit  (29 labelled)
  → 1OPb-1  gap=2.638 eV  best=7.022 eV  top50=7  top10%=12
Cycle  21: full DKL retrain  (30 labelled)
GP warmup: 20 epochs on initial embeddings
Joint DKL training: 50 epochs
  Epoch 20/50  loss=2.7458
  Epoch 40/50  loss=0.8509
DKL training done in 0.3s
  → 2CoHO2-1  gap=2.596 eV  best=7.022 eV  top50=7  top10%=12
Cycle  22: GP refit  (31 labelled)
  → 1ScH2-1  gap=0.549 eV  best=7.022 eV  top50=7  top10%=12
Cycle  23: GP refit  (32 labelled)
  → 2KNbF6-1  gap=8.177 eV  best=8.177 eV  top50=8  top10%=13
Cycle  24: GP refit  (33 labelled)
  → 2TiO2-1  gap=5.342 eV  best=8.177 eV  top50=8  top10%=14
Cycle  25: GP refit  (34 labelled)
  → 2CuF-2  gap=0.477 eV  best=8.177 eV  top50=8  top10%=14
Cycle  26: full DKL retrain  (35 labelled)
GP warmup: 20 epochs on initial embeddings
Joint DKL training: 50 epochs
  Epoch 20/50  loss=4.2664
  Epoch 40/50  loss=1.0782
DKL training done in 0.3s
  → 2BrFSr-1  gap=6.270 eV  best=8.177 eV  top50=9  top10%=15
Cycle  27: GP refit  (36 labelled)
  → 1CrO2-2  gap=1.144 eV  best=8.177 eV  top50=9  top10%=15
Cycle  28: GP refit  (37 labelled)
  → 1NiCl2N2H4C6-1  gap=2.638 eV  best=8.177 eV  top50=9  top10%=15
Cycle  29: GP refit  (38 labelled)
  → 2HSeNa3O4-1  gap=5.631 eV  best=8.177 eV  top50=10  top10%=16
Cycle  30: GP refit  (39 labelled)
  → 2HNaO-1  gap=4.458 eV  best=8.177 eV  top50=10  top10%=16
Cycle  31: full DKL retrain  (40 labelled)
GP warmup: 20 epochs on initial embeddings
Joint DKL training: 50 epochs
  Epoch 20/50  loss=4.2416
  Epoch 40/50  loss=1.0684
DKL training done in 0.3s
  → 2KTaF6-1  gap=8.681 eV  best=8.681 eV  top50=11  top10%=17
Cycle  32: GP refit  (41 labelled)
  → 1HfZnF6-1  gap=8.573 eV  best=8.681 eV  top50=12  top10%=18
Cycle  33: GP refit  (42 labelled)
  → 1NiZrF6-1  gap=6.164 eV  best=8.681 eV  top50=13  top10%=19
Cycle  34: GP refit  (43 labelled)
  → 2ClFSr-1  gap=7.351 eV  best=8.681 eV  top50=14  top10%=20
Cycle  35: GP refit  (44 labelled)
  → 1MoO2-1  gap=1.651 eV  best=8.681 eV  top50=14  top10%=20
Cycle  36: full DKL retrain  (45 labelled)
GP warmup: 20 epochs on initial embeddings
Joint DKL training: 50 epochs
  Epoch 20/50  loss=1.7395
  Epoch 40/50  loss=1.0682
DKL training done in 0.3s
  → 2HSeLi3O4-1  gap=5.856 eV  best=8.681 eV  top50=15  top10%=21
Cycle  37: GP refit  (46 labelled)
  → 4AuF2-1  gap=1.286 eV  best=8.681 eV  top50=15  top10%=21
Cycle  38: GP refit  (47 labelled)
  → 2HInTeO4-1  gap=5.209 eV  best=8.681 eV  top50=15  top10%=22
Cycle  39: GP refit  (48 labelled)
  → 2KNORuF5-1  gap=3.089 eV  best=8.681 eV  top50=15  top10%=22
Cycle  40: GP refit  (49 labelled)
  → 2OsO2-1  gap=1.005 eV  best=8.681 eV  top50=15  top10%=22
Cycle  41: full DKL retrain  (50 labelled)
GP warmup: 20 epochs on initial embeddings
Joint DKL training: 50 epochs
  Epoch 20/50  loss=2.3340
  Epoch 40/50  loss=1.2515
DKL training done in 0.3s
  → 1SeNb3F7-1  gap=1.807 eV  best=8.681 eV  top50=15  top10%=22
Cycle  42: GP refit  (51 labelled)
  → 1HfNiF6-1  gap=6.181 eV  best=8.681 eV  top50=16  top10%=23
Cycle  43: GP refit  (52 labelled)
  → 1OVF2-1  gap=3.311 eV  best=8.681 eV  top50=16  top10%=23
Cycle  44: GP refit  (53 labelled)
  → 2BaClF-1  gap=6.969 eV  best=8.681 eV  top50=17  top10%=24
Cycle  45: GP refit  (54 labelled)
  → 2ClHSr-1  gap=5.259 eV  best=8.681 eV  top50=17  top10%=25
Cycle  46: full DKL retrain  (55 labelled)
GP warmup: 20 epochs on initial embeddings
Joint DKL training: 50 epochs
  Epoch 20/50  loss=1.5574
  Epoch 40/50  loss=1.4520
DKL training done in 0.3s
  → 1OSTi-1  gap=1.777 eV  best=8.681 eV  top50=17  top10%=25
Cycle  47: GP refit  (56 labelled)
  → 1SrCl2-2  gap=6.202 eV  best=8.681 eV  top50=18  top10%=26
Cycle  48: GP refit  (57 labelled)
  → 2BaBrF-1  gap=6.128 eV  best=8.681 eV  top50=19  top10%=27
Cycle  49: GP refit  (58 labelled)
  → 2FNaO-1  gap=5.377 eV  best=8.681 eV  top50=20  top10%=28
Cycle  50: GP refit  (59 labelled)
  → 4NiPSe-1  gap=2.021 eV  best=8.681 eV  top50=20  top10%=28
Cycle  51: full DKL retrain  (60 labelled)
GP warmup: 20 epochs on initial embeddings
Joint DKL training: 50 epochs
  Epoch 20/50  loss=1.1802
  Epoch 40/50  loss=0.6660
DKL training done in 0.3s
  → 2TeTi-4  gap=0.440 eV  best=8.681 eV  top50=20  top10%=28
Cycle  52: GP refit  (61 labelled)
  → 1CSiF2-1  gap=3.306 eV  best=8.681 eV  top50=20  top10%=28
Cycle  53: GP refit  (62 labelled)
  → 2CoFO2-1  gap=2.473 eV  best=8.681 eV  top50=20  top10%=28
Cycle  54: GP refit  (63 labelled)
  → 1AlN-1  gap=4.048 eV  best=8.681 eV  top50=20  top10%=28
Cycle  55: GP refit  (64 labelled)
  → 1N2O2Hf3-1  gap=0.508 eV  best=8.681 eV  top50=20  top10%=28
Cycle  56: full DKL retrain  (65 labelled)
GP warmup: 20 epochs on initial embeddings
Joint DKL training: 50 epochs
  Epoch 20/50  loss=0.8918
  Epoch 40/50  loss=0.4639
DKL training done in 0.3s
  → 2GaHTeO4-1  gap=5.308 eV  best=8.681 eV  top50=20  top10%=29
Cycle  57: GP refit  (66 labelled)
  → 2TiCl2-1  gap=0.997 eV  best=8.681 eV  top50=20  top10%=29
Cycle  58: GP refit  (67 labelled)
  → 1ONb3Cl7-1  gap=1.594 eV  best=8.681 eV  top50=20  top10%=29
Cycle  59: GP refit  (68 labelled)
  → 1CdCl2N2C4H4-1  gap=3.619 eV  best=8.681 eV  top50=20  top10%=29
Cycle  60: GP refit  (69 labelled)
  → 1STa3F7-1  gap=1.799 eV  best=8.681 eV  top50=20  top10%=29
Cycle  61: full DKL retrain  (70 labelled)
GP warmup: 20 epochs on initial embeddings
Joint DKL training: 50 epochs
  Epoch 20/50  loss=0.5939
  Epoch 40/50  loss=0.1451
DKL training done in 0.3s
  → 1TeNb3F7-1  gap=1.719 eV  best=8.681 eV  top50=20  top10%=29
Cycle  62: GP refit  (71 labelled)
  → 1AgScP2S6-1  gap=3.453 eV  best=8.681 eV  top50=20  top10%=29
Cycle  63: GP refit  (72 labelled)
  → 1AgCrP2Se6-1  gap=1.789 eV  best=8.681 eV  top50=20  top10%=29
Cycle  64: GP refit  (73 labelled)
  → 2PtF3-1  gap=2.703 eV  best=8.681 eV  top50=20  top10%=29
Cycle  65: GP refit  (74 labelled)
  → 2CsNOsSF5-1  gap=2.525 eV  best=8.681 eV  top50=20  top10%=29
Cycle  66: full DKL retrain  (75 labelled)
GP warmup: 20 epochs on initial embeddings
Joint DKL training: 50 epochs
  Epoch 20/50  loss=1.5749
  Epoch 40/50  loss=0.9375
DKL training done in 0.4s
  → 1ClITi-1  gap=1.187 eV  best=8.681 eV  top50=20  top10%=29
Cycle  67: GP refit  (76 labelled)
  → 2HInTeS4-1  gap=2.900 eV  best=8.681 eV  top50=20  top10%=29
Cycle  68: GP refit  (77 labelled)
  → 1TeTa3Cl7-1  gap=1.510 eV  best=8.681 eV  top50=20  top10%=29
Cycle  69: GP refit  (78 labelled)
  → 1GaN-1  gap=3.090 eV  best=8.681 eV  top50=20  top10%=29
Cycle  70: GP refit  (79 labelled)
  → 4TiSe2-1  gap=0.036 eV  best=8.681 eV  top50=20  top10%=29
Cycle  71: full DKL retrain  (80 labelled)
GP warmup: 20 epochs on initial embeddings
Joint DKL training: 50 epochs
  Epoch 20/50  loss=0.9050
  Epoch 40/50  loss=0.5488
DKL training done in 0.3s
  → 2IIn-3  gap=2.347 eV  best=8.681 eV  top50=20  top10%=29
Cycle  72: GP refit  (81 labelled)
  → 1AgAlP2Te6-1  gap=1.065 eV  best=8.681 eV  top50=20  top10%=29
Cycle  73: GP refit  (82 labelled)
  → 1AgCrP2Te6-1  gap=1.137 eV  best=8.681 eV  top50=20  top10%=29
Cycle  74: GP refit  (83 labelled)
  → 1CoLiP2S6-1  gap=2.395 eV  best=8.681 eV  top50=20  top10%=29
Cycle  75: GP refit  (84 labelled)
  → 1AgAlP2S6-1  gap=3.132 eV  best=8.681 eV  top50=20  top10%=29
Cycle  76: full DKL retrain  (85 labelled)
GP warmup: 20 epochs on initial embeddings
Joint DKL training: 50 epochs
  Epoch 20/50  loss=0.2972
  Epoch 40/50  loss=-0.0376
DKL training done in 0.3s
  → 1STeTi-2  gap=0.531 eV  best=8.681 eV  top50=20  top10%=29
Cycle  77: GP refit  (86 labelled)
  → 1AgAlP2Se6-1  gap=2.339 eV  best=8.681 eV  top50=20  top10%=29
Cycle  78: GP refit  (87 labelled)
  → 1SeTeTi-2  gap=0.600 eV  best=8.681 eV  top50=20  top10%=29
Cycle  79: GP refit  (88 labelled)
  → 1AgCrP2S6-1  gap=2.012 eV  best=8.681 eV  top50=20  top10%=29
Cycle  80: GP refit  (89 labelled)
  → 1CoLiP2Se6-1  gap=2.004 eV  best=8.681 eV  top50=20  top10%=29
Cycle  81: full DKL retrain  (90 labelled)
GP warmup: 20 epochs on initial embeddings
Joint DKL training: 50 epochs
  Epoch 20/50  loss=0.3356
  Epoch 40/50  loss=-0.0725
DKL training done in 0.3s
  → 1TiS2-2  gap=2.015 eV  best=8.681 eV  top50=20  top10%=29
Cycle  82: GP refit  (91 labelled)
  → 2AgCrP2S6-1  gap=2.715 eV  best=8.681 eV  top50=20  top10%=29
Cycle  83: GP refit  (92 labelled)
  → 1HfTi3Se8-1  gap=1.544 eV  best=8.681 eV  top50=20  top10%=29
Cycle  84: GP refit  (93 labelled)
  → 1HfTi3Te8-1  gap=0.724 eV  best=8.681 eV  top50=20  top10%=29
Cycle  85: GP refit  (94 labelled)
  → 1ClScTe-1  gap=1.807 eV  best=8.681 eV  top50=20  top10%=29
Cycle  86: full DKL retrain  (95 labelled)
GP warmup: 20 epochs on initial embeddings
Joint DKL training: 50 epochs
  Epoch 20/50  loss=0.8853
  Epoch 40/50  loss=0.4096
DKL training done in 0.3s
  → 1TiO2-3  gap=3.447 eV  best=8.681 eV  top50=20  top10%=29
Cycle  87: GP refit  (96 labelled)
  → 2FeSe2-1  gap=1.053 eV  best=8.681 eV  top50=20  top10%=29
Cycle  88: GP refit  (97 labelled)
  → 1SSeTi-2  gap=1.342 eV  best=8.681 eV  top50=20  top10%=29
Cycle  89: GP refit  (98 labelled)
  → 1CrSe2-1  gap=1.128 eV  best=8.681 eV  top50=20  top10%=29
Cycle  90: GP refit  (99 labelled)
  → 2FeS2-1  gap=1.331 eV  best=8.681 eV  top50=20  top10%=29
Cycle  91: full DKL retrain  (100 labelled)
GP warmup: 20 epochs on initial embeddings
Joint DKL training: 50 epochs
  Epoch 20/50  loss=1.0531
  Epoch 40/50  loss=0.8512
DKL training done in 0.3s
  → 1SnCl2-2  gap=3.537 eV  best=8.681 eV  top50=20  top10%=29
Cycle  92: GP refit  (101 labelled)
  → 2BrK-1  gap=5.470 eV  best=8.681 eV  top50=21  top10%=30
Cycle  93: GP refit  (102 labelled)
  → 1TiCl2-1  gap=1.395 eV  best=8.681 eV  top50=21  top10%=30
Cycle  94: GP refit  (103 labelled)
  → 2AgF-3  gap=2.475 eV  best=8.681 eV  top50=21  top10%=30
Cycle  95: GP refit  (104 labelled)
  → 4AgF2-2  gap=1.637 eV  best=8.681 eV  top50=21  top10%=30
Cycle  96: full DKL retrain  (105 labelled)
GP warmup: 20 epochs on initial embeddings
Joint DKL training: 50 epochs
  Epoch 20/50  loss=0.9700
  Epoch 40/50  loss=0.5253
DKL training done in 0.3s
  → 2InTe-1  gap=1.812 eV  best=8.681 eV  top50=21  top10%=30
Cycle  97: GP refit  (106 labelled)
  → 1InSb-1  gap=0.945 eV  best=8.681 eV  top50=21  top10%=30
Cycle  98: GP refit  (107 labelled)
  → 2InSe-1  gap=2.055 eV  best=8.681 eV  top50=21  top10%=30
Cycle  99: GP refit  (108 labelled)
  → 1PbTe-1  gap=1.500 eV  best=8.681 eV  top50=21  top10%=30
Cycle 100: GP refit  (109 labelled)
  → 2IRb-1  gap=4.613 eV  best=8.681 eV  top50=21  top10%=30
  gap_max/seed8 → best=8.681 top50=21 top10%=30
BOLoop: 766 materials  |  direction=max  |  top-50 internal threshold=5.35  top-10% internal threshold=4.94
Init: 10 random labels  |  best (max) = 2.795
Cycle   1: full DKL retrain  (10 labelled)
GP warmup: 20 epochs on initial embeddings
/home/roy/Desktop/DKL-BO/venv/lib/python3.13/site-packages/torch/_compile.py:54: UserWarning: optimizer contains a parameter group with duplicate parameters; in future, this will cause an error; see github.com/pytorch/pytorch/issues/40967 for more information
  return disable_fn(*args, **kwargs)
Joint DKL training: 50 epochs
  Epoch 20/50  loss=1.0954
  Epoch 40/50  loss=0.9904
DKL training done in 0.3s
  → 2BaClI-1  gap=4.709 eV  best=4.709 eV  top50=0  top10%=0
Cycle   2: GP refit  (11 labelled)
  → 2AgI-2  gap=2.922 eV  best=4.709 eV  top50=0  top10%=0
Cycle   3: GP refit  (12 labelled)
  → 2ClISr-1  gap=4.940 eV  best=4.940 eV  top50=0  top10%=1
Cycle   4: GP refit  (13 labelled)
  → 1PdZrCl6-1  gap=2.434 eV  best=4.940 eV  top50=0  top10%=1
Cycle   5: GP refit  (14 labelled)
  → 2BrClCr-1  gap=2.869 eV  best=4.940 eV  top50=0  top10%=1
Cycle   6: full DKL retrain  (15 labelled)
GP warmup: 20 epochs on initial embeddings
Joint DKL training: 50 epochs
  Epoch 20/50  loss=0.7435
  Epoch 40/50  loss=0.4817
DKL training done in 0.3s
  → 1SrCl2-2  gap=6.202 eV  best=6.202 eV  top50=1  top10%=2
Cycle   7: GP refit  (16 labelled)
  → 1BaCl2-2  gap=6.099 eV  best=6.202 eV  top50=2  top10%=3
Cycle   8: GP refit  (17 labelled)
  → 2ClGa-1  gap=3.220 eV  best=6.202 eV  top50=2  top10%=3
Cycle   9: GP refit  (18 labelled)
  → 1SnCl2-2  gap=3.537 eV  best=6.202 eV  top50=2  top10%=3
Cycle  10: GP refit  (19 labelled)
  → 2ClCs-1  gap=5.654 eV  best=6.202 eV  top50=3  top10%=4
Cycle  11: full DKL retrain  (20 labelled)
GP warmup: 20 epochs on initial embeddings
Joint DKL training: 50 epochs
  Epoch 20/50  loss=6.5359
  Epoch 40/50  loss=0.1179
DKL training done in 0.3s
  → 1BaClI-1  gap=5.106 eV  best=6.202 eV  top50=3  top10%=5
Cycle  12: GP refit  (21 labelled)
  → 1InP-1  gap=1.774 eV  best=6.202 eV  top50=3  top10%=5
Cycle  13: GP refit  (22 labelled)
  → 2ClRb-2  gap=5.891 eV  best=6.202 eV  top50=4  top10%=6
Cycle  14: GP refit  (23 labelled)
  → 2BrRb-2  gap=5.268 eV  best=6.202 eV  top50=4  top10%=7
Cycle  15: GP refit  (24 labelled)
  → 2IRb-1  gap=4.613 eV  best=6.202 eV  top50=4  top10%=7
Cycle  16: full DKL retrain  (25 labelled)
GP warmup: 20 epochs on initial embeddings
Joint DKL training: 50 epochs
  Epoch 20/50  loss=6.7103
  Epoch 40/50  loss=0.5308
DKL training done in 0.3s
  → 2IIn-3  gap=2.347 eV  best=6.202 eV  top50=4  top10%=7
Cycle  17: GP refit  (26 labelled)
  → 2ClK-2  gap=6.136 eV  best=6.202 eV  top50=5  top10%=8
Cycle  18: GP refit  (27 labelled)
  → 1BaI2-2  gap=4.274 eV  best=6.202 eV  top50=5  top10%=8
Cycle  19: GP refit  (28 labelled)
  → 2ClFSr-1  gap=7.351 eV  best=7.351 eV  top50=6  top10%=9
Cycle  20: GP refit  (29 labelled)
  → 1HfCl2-1  gap=1.471 eV  best=7.351 eV  top50=6  top10%=9
Cycle  21: full DKL retrain  (30 labelled)
GP warmup: 20 epochs on initial embeddings
Joint DKL training: 50 epochs
  Epoch 20/50  loss=13.0202
  Epoch 40/50  loss=2.2722
DKL training done in 0.3s
  → 2BaClF-1  gap=6.969 eV  best=7.351 eV  top50=7  top10%=10
Cycle  22: GP refit  (31 labelled)
  → 2CsF-1  gap=6.059 eV  best=7.351 eV  top50=8  top10%=11
Cycle  23: GP refit  (32 labelled)
  → 2BrFSr-1  gap=6.270 eV  best=7.351 eV  top50=9  top10%=12
Cycle  24: GP refit  (33 labelled)
  → 1SrBr2-2  gap=5.386 eV  best=7.351 eV  top50=10  top10%=13
Cycle  25: GP refit  (34 labelled)
  → 2FK-1  gap=7.022 eV  best=7.351 eV  top50=11  top10%=14
Cycle  26: full DKL retrain  (35 labelled)
GP warmup: 20 epochs on initial embeddings
Joint DKL training: 50 epochs
  Epoch 20/50  loss=17.7351
  Epoch 40/50  loss=1.7733
DKL training done in 0.3s
  → 1FeHfF6-1  gap=4.951 eV  best=7.351 eV  top50=11  top10%=15
Cycle  27: GP refit  (36 labelled)
  → 2FRb-1  gap=6.553 eV  best=7.351 eV  top50=12  top10%=16
Cycle  28: GP refit  (37 labelled)
  → 2AgF-3  gap=2.475 eV  best=7.351 eV  top50=12  top10%=16
Cycle  29: GP refit  (38 labelled)
  → 2BaBrF-1  gap=6.128 eV  best=7.351 eV  top50=13  top10%=17
Cycle  30: GP refit  (39 labelled)
  → 1SnBr2-2  gap=3.220 eV  best=7.351 eV  top50=13  top10%=17
Cycle  31: full DKL retrain  (40 labelled)
GP warmup: 20 epochs on initial embeddings
Joint DKL training: 50 epochs
  Epoch 20/50  loss=1.2216
  Epoch 40/50  loss=0.3154
DKL training done in 0.3s
  → 2BrK-1  gap=5.470 eV  best=7.351 eV  top50=14  top10%=18
Cycle  32: GP refit  (41 labelled)
  → 1AgScP2S6-1  gap=3.453 eV  best=7.351 eV  top50=14  top10%=18
Cycle  33: GP refit  (42 labelled)
  → 1TiF2-1  gap=2.096 eV  best=7.351 eV  top50=14  top10%=18
Cycle  34: GP refit  (43 labelled)
  → 2KTaF6-1  gap=8.681 eV  best=8.681 eV  top50=15  top10%=19
Cycle  35: GP refit  (44 labelled)
  → 2KNbF6-1  gap=8.177 eV  best=8.681 eV  top50=16  top10%=20
Cycle  36: full DKL retrain  (45 labelled)
GP warmup: 20 epochs on initial embeddings
Joint DKL training: 50 epochs
  Epoch 20/50  loss=5.2109
  Epoch 40/50  loss=1.6293
DKL training done in 0.3s
  → 4AgF2-2  gap=1.637 eV  best=8.681 eV  top50=16  top10%=20
Cycle  37: GP refit  (46 labelled)
  → 1SeTa3F7-1  gap=1.735 eV  best=8.681 eV  top50=16  top10%=20
Cycle  38: GP refit  (47 labelled)
  → 2As2O3-4  gap=5.105 eV  best=8.681 eV  top50=16  top10%=21
Cycle  39: GP refit  (48 labelled)
  → 2OPb-3  gap=1.090 eV  best=8.681 eV  top50=16  top10%=21
Cycle  40: GP refit  (49 labelled)
  → 2OPt-3  gap=1.460 eV  best=8.681 eV  top50=16  top10%=21
Cycle  41: full DKL retrain  (50 labelled)
GP warmup: 20 epochs on initial embeddings
Joint DKL training: 50 epochs
  Epoch 20/50  loss=7.6687
  Epoch 40/50  loss=2.0604
DKL training done in 0.3s
  → 2CrWSe4-1  gap=1.203 eV  best=8.681 eV  top50=16  top10%=21
Cycle  42: GP refit  (51 labelled)
  → 2Bi2O3-2  gap=4.095 eV  best=8.681 eV  top50=16  top10%=21
Cycle  43: GP refit  (52 labelled)
  → 1CrO2-2  gap=1.144 eV  best=8.681 eV  top50=16  top10%=21
Cycle  44: GP refit  (53 labelled)
  → 1C2F2S2Zr3-1  gap=0.025 eV  best=8.681 eV  top50=16  top10%=21
Cycle  45: GP refit  (54 labelled)
  → 1HfZnF6-1  gap=8.573 eV  best=8.681 eV  top50=17  top10%=22
Cycle  46: full DKL retrain  (55 labelled)
GP warmup: 20 epochs on initial embeddings
Joint DKL training: 50 epochs
  Epoch 20/50  loss=1.8259
  Epoch 40/50  loss=0.9573
DKL training done in 0.3s
  → 1OVF2-1  gap=3.311 eV  best=8.681 eV  top50=17  top10%=22
Cycle  47: GP refit  (56 labelled)
  → 1HfNiF6-1  gap=6.181 eV  best=8.681 eV  top50=18  top10%=23
Cycle  48: GP refit  (57 labelled)
  → 2CoFO2-1  gap=2.473 eV  best=8.681 eV  top50=18  top10%=23
Cycle  49: GP refit  (58 labelled)
  → 2FLiO-1  gap=5.494 eV  best=8.681 eV  top50=19  top10%=24
Cycle  50: GP refit  (59 labelled)
  → 2FeS2-1  gap=1.331 eV  best=8.681 eV  top50=19  top10%=24
Cycle  51: full DKL retrain  (60 labelled)
GP warmup: 20 epochs on initial embeddings
Joint DKL training: 50 epochs
  Epoch 20/50  loss=0.9149
  Epoch 40/50  loss=0.5361
DKL training done in 0.3s
  → 2P2O3-2  gap=5.363 eV  best=8.681 eV  top50=20  top10%=25
Cycle  52: GP refit  (61 labelled)
  → 1N2O2Hf3-1  gap=0.508 eV  best=8.681 eV  top50=20  top10%=25
Cycle  53: GP refit  (62 labelled)
  → 1CdCl2N2C4H4-1  gap=3.619 eV  best=8.681 eV  top50=20  top10%=25
Cycle  54: GP refit  (63 labelled)
  → 1CSiH2-1  gap=4.871 eV  best=8.681 eV  top50=20  top10%=25
Cycle  55: GP refit  (64 labelled)
  → 1HfO2-3  gap=3.726 eV  best=8.681 eV  top50=20  top10%=25
Cycle  56: full DKL retrain  (65 labelled)
GP warmup: 20 epochs on initial embeddings
Joint DKL training: 50 epochs
  Epoch 20/50  loss=1.1097
  Epoch 40/50  loss=0.4270
DKL training done in 0.3s
  → 1BN-1  gap=5.675 eV  best=8.681 eV  top50=21  top10%=26
Cycle  57: GP refit  (66 labelled)
  → 2MoWO4-1  gap=1.840 eV  best=8.681 eV  top50=21  top10%=26
Cycle  58: GP refit  (67 labelled)
  → 2HNaO-1  gap=4.458 eV  best=8.681 eV  top50=21  top10%=26
Cycle  59: GP refit  (68 labelled)
  → 1PdPt3O8-1  gap=2.448 eV  best=8.681 eV  top50=21  top10%=26
Cycle  60: GP refit  (69 labelled)
  → 1N2O2Zr3-1  gap=0.616 eV  best=8.681 eV  top50=21  top10%=26
Cycle  61: full DKL retrain  (70 labelled)
GP warmup: 20 epochs on initial embeddings
Joint DKL training: 50 epochs
  Epoch 20/50  loss=0.7076
  Epoch 40/50  loss=0.4331
DKL training done in 0.4s
  → 1NiCl2N2H4C6-1  gap=2.638 eV  best=8.681 eV  top50=21  top10%=26
Cycle  62: GP refit  (71 labelled)
  → 1OSW-1  gap=2.257 eV  best=8.681 eV  top50=21  top10%=26
Cycle  63: GP refit  (72 labelled)
  → 1AlN-1  gap=4.048 eV  best=8.681 eV  top50=21  top10%=26
Cycle  64: GP refit  (73 labelled)
  → 1C2O2Hf3-1  gap=0.917 eV  best=8.681 eV  top50=21  top10%=26
Cycle  65: GP refit  (74 labelled)
  → 2CrWS4-1  gap=1.442 eV  best=8.681 eV  top50=21  top10%=26
Cycle  66: full DKL retrain  (75 labelled)
GP warmup: 20 epochs on initial embeddings
Joint DKL training: 50 epochs
  Epoch 20/50  loss=0.3379
  Epoch 40/50  loss=-0.0774
DKL training done in 0.3s
  → 1CSiF2-1  gap=3.306 eV  best=8.681 eV  top50=21  top10%=26
Cycle  67: GP refit  (76 labelled)
  → 2HLiO-1  gap=5.612 eV  best=8.681 eV  top50=22  top10%=27
Cycle  68: GP refit  (77 labelled)
  → 1CrS2-1  gap=1.351 eV  best=8.681 eV  top50=22  top10%=27
Cycle  69: GP refit  (78 labelled)
  → 2AlHSO4-1  gap=6.800 eV  best=8.681 eV  top50=23  top10%=28
Cycle  70: GP refit  (79 labelled)
  → 1STa3F7-1  gap=1.799 eV  best=8.681 eV  top50=23  top10%=28
Cycle  71: full DKL retrain  (80 labelled)
GP warmup: 20 epochs on initial embeddings
Joint DKL training: 50 epochs
  Epoch 20/50  loss=0.7256
  Epoch 40/50  loss=0.1732
DKL training done in 0.3s
  → 2CoHO2-1  gap=2.596 eV  best=8.681 eV  top50=23  top10%=28
Cycle  72: GP refit  (81 labelled)
  → 4AsLiO2-1  gap=5.351 eV  best=8.681 eV  top50=24  top10%=29
Cycle  73: GP refit  (82 labelled)
  → 1CrMo3O8-1  gap=1.351 eV  best=8.681 eV  top50=24  top10%=29
Cycle  74: GP refit  (83 labelled)
  → 2RuO2-1  gap=0.693 eV  best=8.681 eV  top50=24  top10%=29
Cycle  75: GP refit  (84 labelled)
  → 2AlHSeO4-1  gap=6.063 eV  best=8.681 eV  top50=25  top10%=30
Cycle  76: full DKL retrain  (85 labelled)
GP warmup: 20 epochs on initial embeddings
Joint DKL training: 50 epochs
  Epoch 20/50  loss=0.8149
  Epoch 40/50  loss=0.2245
DKL training done in 0.3s
  → 2GaHSO4-1  gap=5.938 eV  best=8.681 eV  top50=26  top10%=31
Cycle  77: GP refit  (86 labelled)
  → 2OSc-1  gap=1.194 eV  best=8.681 eV  top50=26  top10%=31
Cycle  78: GP refit  (87 labelled)
  → 1AgCrP2Se6-1  gap=1.789 eV  best=8.681 eV  top50=26  top10%=31
Cycle  79: GP refit  (88 labelled)
  → 1ScH2-1  gap=0.549 eV  best=8.681 eV  top50=26  top10%=31
Cycle  80: GP refit  (89 labelled)
  → 1GeO2-3  gap=2.945 eV  best=8.681 eV  top50=26  top10%=31
Cycle  81: full DKL retrain  (90 labelled)
GP warmup: 20 epochs on initial embeddings
Joint DKL training: 50 epochs
  Epoch 20/50  loss=0.2586
  Epoch 40/50  loss=-0.2398
DKL training done in 0.3s
  → 4IOSc-1  gap=3.350 eV  best=8.681 eV  top50=26  top10%=31
Cycle  82: GP refit  (91 labelled)
  → 1AgCrP2Te6-1  gap=1.137 eV  best=8.681 eV  top50=26  top10%=31
Cycle  83: GP refit  (92 labelled)
  → 1CoLiP2S6-1  gap=2.395 eV  best=8.681 eV  top50=26  top10%=31
Cycle  84: GP refit  (93 labelled)
  → 1SCu2O4-1  gap=3.842 eV  best=8.681 eV  top50=26  top10%=31
Cycle  85: GP refit  (94 labelled)
  → 2SSc-4  gap=0.981 eV  best=8.681 eV  top50=26  top10%=31
Cycle  86: full DKL retrain  (95 labelled)
GP warmup: 20 epochs on initial embeddings
Joint DKL training: 50 epochs
  Epoch 20/50  loss=0.8862
  Epoch 40/50  loss=0.4011
DKL training done in 0.3s
  → 1AlAs-1  gap=2.028 eV  best=8.681 eV  top50=26  top10%=31
Cycle  87: GP refit  (96 labelled)
  → 1ScBr2-1  gap=0.757 eV  best=8.681 eV  top50=26  top10%=31
Cycle  88: GP refit  (97 labelled)
  → 1ScO2-2  gap=3.769 eV  best=8.681 eV  top50=26  top10%=31
Cycle  89: GP refit  (98 labelled)
  → 1ScI2-2  gap=0.573 eV  best=8.681 eV  top50=26  top10%=31
Cycle  90: GP refit  (99 labelled)
  → 1ScCl2-1  gap=0.736 eV  best=8.681 eV  top50=26  top10%=31
Cycle  91: full DKL retrain  (100 labelled)
GP warmup: 20 epochs on initial embeddings
Joint DKL training: 50 epochs
  Epoch 20/50  loss=0.0397
  Epoch 40/50  loss=-0.2693
DKL training done in 0.3s
  → 1AgAlP2S6-1  gap=3.132 eV  best=8.681 eV  top50=26  top10%=31
Cycle  92: GP refit  (101 labelled)
  → 1AgAlP2Se6-1  gap=2.339 eV  best=8.681 eV  top50=26  top10%=31
Cycle  93: GP refit  (102 labelled)
  → 1CoLiP2Se6-1  gap=2.004 eV  best=8.681 eV  top50=26  top10%=31
Cycle  94: GP refit  (103 labelled)
  → 2AgCrP2S6-1  gap=2.715 eV  best=8.681 eV  top50=26  top10%=31
Cycle  95: GP refit  (104 labelled)
  → 1AgInP2Se6-1  gap=1.707 eV  best=8.681 eV  top50=26  top10%=31
Cycle  96: full DKL retrain  (105 labelled)
GP warmup: 20 epochs on initial embeddings
Joint DKL training: 50 epochs
  Epoch 20/50  loss=0.9808
  Epoch 40/50  loss=0.6726
DKL training done in 0.3s
  → 2AlS-1  gap=2.881 eV  best=8.681 eV  top50=26  top10%=31
Cycle  97: GP refit  (106 labelled)
  → 1HSbSe2O6-1  gap=4.431 eV  best=8.681 eV  top50=26  top10%=31
Cycle  98: GP refit  (107 labelled)
  → 2PdSO3-1  gap=2.851 eV  best=8.681 eV  top50=26  top10%=31
Cycle  99: GP refit  (108 labelled)
  → 1AsB-1  gap=1.188 eV  best=8.681 eV  top50=26  top10%=31
Cycle 100: GP refit  (109 labelled)
  → 1ScS2-2  gap=1.890 eV  best=8.681 eV  top50=26  top10%=31
  gap_max/seed9 → best=8.681 top50=26 top10%=31
  [gap_max] done
BOLoop: 766 materials  |  direction=min  |  top-50 internal threshold=-0.68  top-10% internal threshold=-0.79
Init: 10 random labels  |  best (min) = 0.995
Cycle   1: full DKL retrain  (10 labelled)
GP warmup: 20 epochs on initial embeddings
/home/roy/Desktop/DKL-BO/venv/lib/python3.13/site-packages/torch/_compile.py:54: UserWarning: optimizer contains a parameter group with duplicate parameters; in future, this will cause an error; see github.com/pytorch/pytorch/issues/40967 for more information
  return disable_fn(*args, **kwargs)
Joint DKL training: 50 epochs
  Epoch 20/50  loss=1.8800
  Epoch 40/50  loss=1.7699
DKL training done in 0.3s
  → 1BiISe-1  gap=1.216 eV  best=0.995 eV  top50=0  top10%=0
Cycle   2: GP refit  (11 labelled)
  → 1CaI2-2  gap=4.063 eV  best=0.995 eV  top50=0  top10%=0
Cycle   3: GP refit  (12 labelled)
  → 1BiIS-1  gap=1.474 eV  best=0.995 eV  top50=0  top10%=0
Cycle   4: GP refit  (13 labelled)
  → 1SeBi2S2-1  gap=0.923 eV  best=0.923 eV  top50=0  top10%=0
Cycle   5: GP refit  (14 labelled)
  → 2STl-2  gap=1.159 eV  best=0.923 eV  top50=0  top10%=0
Cycle   6: full DKL retrain  (15 labelled)
GP warmup: 20 epochs on initial embeddings
Joint DKL training: 50 epochs
  Epoch 20/50  loss=1.3053
  Epoch 40/50  loss=1.0951
DKL training done in 0.3s
  → 1BiBrTe-2  gap=1.162 eV  best=0.923 eV  top50=0  top10%=0
Cycle   7: GP refit  (16 labelled)
  → 1MoS2-1  gap=2.087 eV  best=0.923 eV  top50=0  top10%=0
Cycle   8: GP refit  (17 labelled)
  → 1BiBrTe-1  gap=1.159 eV  best=0.923 eV  top50=0  top10%=0
Cycle   9: GP refit  (18 labelled)
  → 2TeTl-2  gap=0.681 eV  best=0.681 eV  top50=0  top10%=1
Cycle  10: GP refit  (19 labelled)
  → 2PbTe-3  gap=0.385 eV  best=0.385 eV  top50=1  top10%=2
Cycle  11: full DKL retrain  (20 labelled)
GP warmup: 20 epochs on initial embeddings
Joint DKL training: 50 epochs
  Epoch 20/50  loss=0.6162
  Epoch 40/50  loss=0.3683
DKL training done in 0.3s
  → 1PbSe2-1  gap=1.847 eV  best=0.385 eV  top50=1  top10%=2
Cycle  12: GP refit  (21 labelled)
  → 1PbTe-1  gap=1.500 eV  best=0.385 eV  top50=1  top10%=2
Cycle  13: GP refit  (22 labelled)
  → 1InSb-1  gap=0.945 eV  best=0.385 eV  top50=1  top10%=2
Cycle  14: GP refit  (23 labelled)
  → 2BrCs-2  gap=5.145 eV  best=0.385 eV  top50=1  top10%=2
Cycle  15: GP refit  (24 labelled)
  → 1WAg2Te4-1  gap=1.318 eV  best=0.385 eV  top50=1  top10%=2
Cycle  16: full DKL retrain  (25 labelled)
GP warmup: 20 epochs on initial embeddings
Joint DKL training: 50 epochs
  Epoch 20/50  loss=0.6958
  Epoch 40/50  loss=0.5784
DKL training done in 0.3s
  → 1HgTe-1  gap=0.279 eV  best=0.279 eV  top50=2  top10%=3
Cycle  17: GP refit  (26 labelled)
  → 2BiIn-1  gap=0.138 eV  best=0.138 eV  top50=3  top10%=4
Cycle  18: GP refit  (27 labelled)
  → 1BiITe-1  gap=0.929 eV  best=0.138 eV  top50=3  top10%=4
Cycle  19: GP refit  (28 labelled)
  → 2InTe-1  gap=1.812 eV  best=0.138 eV  top50=3  top10%=4
Cycle  20: GP refit  (29 labelled)
  → 2SeTl-2  gap=0.891 eV  best=0.138 eV  top50=3  top10%=4
Cycle  21: full DKL retrain  (30 labelled)
GP warmup: 20 epochs on initial embeddings
Joint DKL training: 50 epochs
  Epoch 20/50  loss=0.5998
  Epoch 40/50  loss=0.3338
DKL training done in 0.3s
  → 2ITl-3  gap=2.762 eV  best=0.138 eV  top50=3  top10%=4
Cycle  22: GP refit  (31 labelled)
  → 1BiClTe-2  gap=1.151 eV  best=0.138 eV  top50=3  top10%=4
Cycle  23: GP refit  (32 labelled)
  → 2Bi2O3-2  gap=4.095 eV  best=0.138 eV  top50=3  top10%=4
Cycle  24: GP refit  (33 labelled)
  → 1BiClTe-1  gap=1.198 eV  best=0.138 eV  top50=3  top10%=4
Cycle  25: GP refit  (34 labelled)
  → 1BiFTe-1  gap=1.179 eV  best=0.138 eV  top50=3  top10%=4
Cycle  26: full DKL retrain  (35 labelled)
GP warmup: 20 epochs on initial embeddings
Joint DKL training: 50 epochs
  Epoch 20/50  loss=0.8547
  Epoch 40/50  loss=0.6824
DKL training done in 0.3s
  → 4HgTe-1  gap=0.899 eV  best=0.138 eV  top50=3  top10%=4
Cycle  27: GP refit  (36 labelled)
  → 1ISbTe-2  gap=1.442 eV  best=0.138 eV  top50=3  top10%=4
Cycle  28: GP refit  (37 labelled)
  → 1ClSbTe-2  gap=1.891 eV  best=0.138 eV  top50=3  top10%=4
Cycle  29: GP refit  (38 labelled)
  → 2PbTe-1  gap=0.878 eV  best=0.138 eV  top50=3  top10%=4
Cycle  30: GP refit  (39 labelled)
  → 2BaBi2S4-1  gap=2.313 eV  best=0.138 eV  top50=3  top10%=4
Cycle  31: full DKL retrain  (40 labelled)
GP warmup: 20 epochs on initial embeddings
Joint DKL training: 50 epochs
  Epoch 20/50  loss=0.5434
  Epoch 40/50  loss=0.3193
DKL training done in 0.3s
  → 1MoOTe-1  gap=0.867 eV  best=0.138 eV  top50=3  top10%=4
Cycle  32: GP refit  (41 labelled)
  → 1MoTe2-1  gap=1.370 eV  best=0.138 eV  top50=3  top10%=4
Cycle  33: GP refit  (42 labelled)
  → 1OTeW-1  gap=1.209 eV  best=0.138 eV  top50=3  top10%=4
Cycle  34: GP refit  (43 labelled)
  → 1WMo3Te8-1  gap=1.326 eV  best=0.138 eV  top50=3  top10%=4
Cycle  35: GP refit  (44 labelled)
  → 2MoWTe4-1  gap=1.279 eV  best=0.138 eV  top50=3  top10%=4
Cycle  36: full DKL retrain  (45 labelled)
GP warmup: 20 epochs on initial embeddings
Joint DKL training: 50 epochs
  Epoch 20/50  loss=0.2692
  Epoch 40/50  loss=-0.0275
DKL training done in 0.3s
  → 1BrITl2-1  gap=2.587 eV  best=0.138 eV  top50=3  top10%=4
Cycle  37: GP refit  (46 labelled)
  → 1CrW3Te8-1  gap=0.937 eV  best=0.138 eV  top50=3  top10%=4
Cycle  38: GP refit  (47 labelled)
  → 1WTe2-1  gap=1.141 eV  best=0.138 eV  top50=3  top10%=4
Cycle  39: GP refit  (48 labelled)
  → 1MoW3Te8-1  gap=1.220 eV  best=0.138 eV  top50=3  top10%=4
Cycle  40: GP refit  (49 labelled)
  → 1OBi2S2-1  gap=1.179 eV  best=0.138 eV  top50=3  top10%=4
Cycle  41: full DKL retrain  (50 labelled)
GP warmup: 20 epochs on initial embeddings
Joint DKL training: 50 epochs
  Epoch 20/50  loss=0.1755
  Epoch 40/50  loss=-0.0101
DKL training done in 0.3s
  → 1CrTe2-2  gap=0.869 eV  best=0.138 eV  top50=3  top10%=4
Cycle  42: GP refit  (51 labelled)
  → 1CrSTe-1  gap=0.820 eV  best=0.138 eV  top50=3  top10%=4
Cycle  43: GP refit  (52 labelled)
  → 1MoCr3Te8-1  gap=0.893 eV  best=0.138 eV  top50=3  top10%=4
Cycle  44: GP refit  (53 labelled)
  → 2AgTe-3  gap=0.756 eV  best=0.138 eV  top50=3  top10%=5
Cycle  45: GP refit  (54 labelled)
  → 1CrSeTe-1  gap=0.994 eV  best=0.138 eV  top50=3  top10%=5
Cycle  46: full DKL retrain  (55 labelled)
GP warmup: 20 epochs on initial embeddings
Joint DKL training: 50 epochs
  Epoch 20/50  loss=-0.1933
  Epoch 40/50  loss=-0.3933
DKL training done in 0.3s
  → 1WCr3Te8-1  gap=0.841 eV  best=0.138 eV  top50=3  top10%=5
Cycle  47: GP refit  (56 labelled)
  → 1BiISe-2  gap=1.189 eV  best=0.138 eV  top50=3  top10%=5
Cycle  48: GP refit  (57 labelled)
  → 2CrWTe4-1  gap=0.876 eV  best=0.138 eV  top50=3  top10%=5
Cycle  49: GP refit  (58 labelled)
  → 2CrMoTe4-1  gap=0.980 eV  best=0.138 eV  top50=3  top10%=5
Cycle  50: GP refit  (59 labelled)
  → 2FeTe2-1  gap=0.581 eV  best=0.138 eV  top50=4  top10%=6
Cycle  51: full DKL retrain  (60 labelled)
GP warmup: 20 epochs on initial embeddings
Joint DKL training: 50 epochs
  Epoch 20/50  loss=-0.3775
  Epoch 40/50  loss=-0.5399
DKL training done in 0.3s
  → 2RuTe2-1  gap=1.071 eV  best=0.138 eV  top50=4  top10%=6
Cycle  52: GP refit  (61 labelled)
  → 2OsTe2-1  gap=1.379 eV  best=0.138 eV  top50=4  top10%=6
Cycle  53: GP refit  (62 labelled)
  → 2CrNbTe5-1  gap=0.029 eV  best=0.029 eV  top50=5  top10%=7
Cycle  54: GP refit  (63 labelled)
  → 2IrTaTe4-1  gap=0.119 eV  best=0.029 eV  top50=6  top10%=8
Cycle  55: GP refit  (64 labelled)
  → 2AgTe-2  gap=0.242 eV  best=0.029 eV  top50=7  top10%=9
Cycle  56: full DKL retrain  (65 labelled)
GP warmup: 20 epochs on initial embeddings
Joint DKL training: 50 epochs
  Epoch 20/50  loss=0.0095
  Epoch 40/50  loss=-0.1802
DKL training done in 0.4s
  → 2IrNbTe4-1  gap=0.033 eV  best=0.029 eV  top50=8  top10%=10
Cycle  57: GP refit  (66 labelled)
  → 1AgCrP2Te6-1  gap=1.137 eV  best=0.029 eV  top50=8  top10%=10
Cycle  58: GP refit  (67 labelled)
  → 2BiHgIO2-1  gap=2.659 eV  best=0.029 eV  top50=8  top10%=10
Cycle  59: GP refit  (68 labelled)
  → 4OBi2Se2-1  gap=1.736 eV  best=0.029 eV  top50=8  top10%=10
Cycle  60: GP refit  (69 labelled)
  → 1AgAlP2Te6-1  gap=1.065 eV  best=0.029 eV  top50=8  top10%=10
Cycle  61: full DKL retrain  (70 labelled)
GP warmup: 20 epochs on initial embeddings
Joint DKL training: 50 epochs
  Epoch 20/50  loss=-0.1702
  Epoch 40/50  loss=-0.3389
DKL training done in 0.3s
  → 1SnTe-1  gap=2.089 eV  best=0.029 eV  top50=8  top10%=10
Cycle  62: GP refit  (71 labelled)
  → 2AuTe-3  gap=0.078 eV  best=0.029 eV  top50=9  top10%=11
Cycle  63: GP refit  (72 labelled)
  → 1GeTe-1  gap=1.994 eV  best=0.029 eV  top50=9  top10%=11
Cycle  64: GP refit  (73 labelled)
  → 4TaS3-1  gap=0.823 eV  best=0.029 eV  top50=9  top10%=11
Cycle  65: GP refit  (74 labelled)
  → 2IrNbS4-1  gap=1.253 eV  best=0.029 eV  top50=9  top10%=11
Cycle  66: full DKL retrain  (75 labelled)
GP warmup: 20 epochs on initial embeddings
Joint DKL training: 50 epochs
  Epoch 20/50  loss=-0.0722
  Epoch 40/50  loss=-0.3087
DKL training done in 0.4s
  → 4NbS3-2  gap=1.030 eV  best=0.029 eV  top50=9  top10%=11
Cycle  67: GP refit  (76 labelled)
  → 1WAu2Te4-1  gap=0.792 eV  best=0.029 eV  top50=9  top10%=11
Cycle  68: GP refit  (77 labelled)
  → 1MoAu2Te4-1  gap=0.677 eV  best=0.029 eV  top50=10  top10%=12
Cycle  69: GP refit  (78 labelled)
  → 1IIrTe-1  gap=1.821 eV  best=0.029 eV  top50=10  top10%=12
Cycle  70: GP refit  (79 labelled)
  → 1CrMo3Te8-1  gap=1.105 eV  best=0.029 eV  top50=10  top10%=12
Cycle  71: full DKL retrain  (80 labelled)
GP warmup: 20 epochs on initial embeddings
Joint DKL training: 50 epochs
  Epoch 20/50  loss=-0.5847
  Epoch 40/50  loss=-0.7401
DKL training done in 0.4s
  → 1AgScP2S6-1  gap=3.453 eV  best=0.029 eV  top50=10  top10%=12
Cycle  72: GP refit  (81 labelled)
  → 1MnNbSe4-1  gap=0.598 eV  best=0.029 eV  top50=11  top10%=13
Cycle  73: GP refit  (82 labelled)
  → 1VTe2-1  gap=0.854 eV  best=0.029 eV  top50=11  top10%=13
Cycle  74: GP refit  (83 labelled)
  → 1SeTeW-1  gap=1.493 eV  best=0.029 eV  top50=11  top10%=13
Cycle  75: GP refit  (84 labelled)
  → 2AlTe-1  gap=2.363 eV  best=0.029 eV  top50=11  top10%=13
Cycle  76: full DKL retrain  (85 labelled)
GP warmup: 20 epochs on initial embeddings
Joint DKL training: 50 epochs
  Epoch 20/50  loss=-0.3317
  Epoch 40/50  loss=-0.5253
DKL training done in 0.3s
  → 1SeTeV-1  gap=0.831 eV  best=0.029 eV  top50=11  top10%=13
Cycle  77: GP refit  (86 labelled)
  → 2RhTaS4-1  gap=1.231 eV  best=0.029 eV  top50=11  top10%=13
Cycle  78: GP refit  (87 labelled)
  → 1MoCu2Te4-1  gap=1.230 eV  best=0.029 eV  top50=11  top10%=13
Cycle  79: GP refit  (88 labelled)
  → 1AgCrP2Se6-1  gap=1.789 eV  best=0.029 eV  top50=11  top10%=13
Cycle  80: GP refit  (89 labelled)
  → 2IrTaS4-1  gap=1.331 eV  best=0.029 eV  top50=11  top10%=13
Cycle  81: full DKL retrain  (90 labelled)
GP warmup: 20 epochs on initial embeddings
Joint DKL training: 50 epochs
  Epoch 20/50  loss=-0.4609
  Epoch 40/50  loss=-0.6256
DKL training done in 0.4s
  → 1VSe2-1  gap=0.977 eV  best=0.029 eV  top50=11  top10%=13
Cycle  82: GP refit  (91 labelled)
  → 2CrWSe4-1  gap=1.203 eV  best=0.029 eV  top50=11  top10%=13
Cycle  83: GP refit  (92 labelled)
  → 1CrSe2-1  gap=1.128 eV  best=0.029 eV  top50=11  top10%=13
Cycle  84: GP refit  (93 labelled)
  → 2AuSe-1  gap=1.561 eV  best=0.029 eV  top50=11  top10%=13
Cycle  85: GP refit  (94 labelled)
  → 1CrSSe-1  gap=1.241 eV  best=0.029 eV  top50=11  top10%=13
Cycle  86: full DKL retrain  (95 labelled)
GP warmup: 20 epochs on initial embeddings
Joint DKL training: 50 epochs
  Epoch 20/50  loss=-0.7913
  Epoch 40/50  loss=-0.9612
DKL training done in 0.4s
  → 1CoLiP2S6-1  gap=2.395 eV  best=0.029 eV  top50=11  top10%=13
Cycle  87: GP refit  (96 labelled)
  → 1AgAlP2S6-1  gap=3.132 eV  best=0.029 eV  top50=11  top10%=13
Cycle  88: GP refit  (97 labelled)
  → 1AgAlP2Se6-1  gap=2.339 eV  best=0.029 eV  top50=11  top10%=13
Cycle  89: GP refit  (98 labelled)
  → 1AgCrP2S6-1  gap=2.012 eV  best=0.029 eV  top50=11  top10%=13
Cycle  90: GP refit  (99 labelled)
  → 1CoLiP2Se6-1  gap=2.004 eV  best=0.029 eV  top50=11  top10%=13
Cycle  91: full DKL retrain  (100 labelled)
GP warmup: 20 epochs on initial embeddings
Joint DKL training: 50 epochs
  Epoch 20/50  loss=-1.0659
  Epoch 40/50  loss=-1.2048
DKL training done in 0.4s
  → 2AgCrP2S6-1  gap=2.715 eV  best=0.029 eV  top50=11  top10%=13
Cycle  92: GP refit  (101 labelled)
  → 1AgInP2Se6-1  gap=1.707 eV  best=0.029 eV  top50=11  top10%=13
Cycle  93: GP refit  (102 labelled)
  → 1AgAlAs2Se6-1  gap=1.577 eV  best=0.029 eV  top50=11  top10%=13
Cycle  94: GP refit  (103 labelled)
  → 1CrS2-1  gap=1.351 eV  best=0.029 eV  top50=11  top10%=13
Cycle  95: GP refit  (104 labelled)
  → 1BiBrSe-2  gap=1.742 eV  best=0.029 eV  top50=11  top10%=13
Cycle  96: full DKL retrain  (105 labelled)
GP warmup: 20 epochs on initial embeddings
Joint DKL training: 50 epochs
  Epoch 20/50  loss=-0.3377
  Epoch 40/50  loss=-0.5305
DKL training done in 0.4s
  → 1ISbTe-1  gap=1.322 eV  best=0.029 eV  top50=11  top10%=13
Cycle  97: GP refit  (106 labelled)
  → 2TeV-4  gap=0.774 eV  best=0.029 eV  top50=11  top10%=14
Cycle  98: GP refit  (107 labelled)
  → 2FeSe2-1  gap=1.053 eV  best=0.029 eV  top50=11  top10%=14
Cycle  99: GP refit  (108 labelled)
  → 1MoSTe-2  gap=0.233 eV  best=0.029 eV  top50=12  top10%=15
Cycle 100: GP refit  (109 labelled)
  → 1PtSeTe-1  gap=1.092 eV  best=0.029 eV  top50=12  top10%=15
  gap_min/seed0 → best=0.029 top50=12 top10%=15
BOLoop: 766 materials  |  direction=min  |  top-50 internal threshold=-0.68  top-10% internal threshold=-0.79
Init: 10 random labels  |  best (min) = 0.642
Cycle   1: full DKL retrain  (10 labelled)
GP warmup: 20 epochs on initial embeddings
/home/roy/Desktop/DKL-BO/venv/lib/python3.13/site-packages/torch/_compile.py:54: UserWarning: optimizer contains a parameter group with duplicate parameters; in future, this will cause an error; see github.com/pytorch/pytorch/issues/40967 for more information
  return disable_fn(*args, **kwargs)
Joint DKL training: 50 epochs
  Epoch 20/50  loss=1.3570
  Epoch 40/50  loss=1.2431
DKL training done in 0.4s
  → 2SeV-4  gap=0.788 eV  best=0.642 eV  top50=0  top10%=1
Cycle   2: GP refit  (11 labelled)
  → 1VSe2-1  gap=0.977 eV  best=0.642 eV  top50=0  top10%=1
Cycle   3: GP refit  (12 labelled)
  → 1ClIV-1  gap=3.537 eV  best=0.642 eV  top50=0  top10%=1
Cycle   4: GP refit  (13 labelled)
  → 4AgF2-2  gap=1.637 eV  best=0.642 eV  top50=0  top10%=1
Cycle   5: GP refit  (14 labelled)
  → 1SSeW-1  gap=1.911 eV  best=0.642 eV  top50=0  top10%=1
Cycle   6: full DKL retrain  (15 labelled)
GP warmup: 20 epochs on initial embeddings
Joint DKL training: 50 epochs
  Epoch 20/50  loss=1.3179
  Epoch 40/50  loss=0.6284
DKL training done in 0.3s
  → 4NiPSe-1  gap=2.021 eV  best=0.642 eV  top50=0  top10%=1
Cycle   7: GP refit  (16 labelled)
  → 2TeV-4  gap=0.774 eV  best=0.642 eV  top50=0  top10%=2
Cycle   8: GP refit  (17 labelled)
  → 1HfCl2-1  gap=1.471 eV  best=0.642 eV  top50=0  top10%=2
Cycle   9: GP refit  (18 labelled)
  → 1STeTi-2  gap=0.531 eV  best=0.531 eV  top50=1  top10%=3
Cycle  10: GP refit  (19 labelled)
  → 1MoTe2-1  gap=1.370 eV  best=0.531 eV  top50=1  top10%=3
Cycle  11: full DKL retrain  (20 labelled)
GP warmup: 20 epochs on initial embeddings
Joint DKL training: 50 epochs
  Epoch 20/50  loss=1.7145
  Epoch 40/50  loss=0.8501
DKL training done in 0.3s
  → 2AgTe-3  gap=0.756 eV  best=0.531 eV  top50=1  top10%=4
Cycle  12: GP refit  (21 labelled)
  → 1HfTe2-2  gap=0.665 eV  best=0.531 eV  top50=2  top10%=5
Cycle  13: GP refit  (22 labelled)
  → 1SeTeZr-2  gap=0.783 eV  best=0.531 eV  top50=2  top10%=6
Cycle  14: GP refit  (23 labelled)
  → 1SeTeTi-2  gap=0.600 eV  best=0.531 eV  top50=3  top10%=7
Cycle  15: GP refit  (24 labelled)
  → 2TeZr-4  gap=0.652 eV  best=0.531 eV  top50=4  top10%=8
Cycle  16: full DKL retrain  (25 labelled)
GP warmup: 20 epochs on initial embeddings
Joint DKL training: 50 epochs
  Epoch 20/50  loss=8.1453
  Epoch 40/50  loss=0.8516
DKL training done in 0.3s
  → 1TiF2-1  gap=2.096 eV  best=0.531 eV  top50=4  top10%=8
Cycle  17: GP refit  (26 labelled)
  → 2CsF-1  gap=6.059 eV  best=0.531 eV  top50=4  top10%=8
Cycle  18: GP refit  (27 labelled)
  → 2TiZrTe4-1  gap=0.744 eV  best=0.531 eV  top50=4  top10%=9
Cycle  19: GP refit  (28 labelled)
  → 1SnS2-3  gap=1.455 eV  best=0.531 eV  top50=4  top10%=9
Cycle  20: GP refit  (29 labelled)
  → 1VTe2-1  gap=0.854 eV  best=0.531 eV  top50=4  top10%=9
Cycle  21: full DKL retrain  (30 labelled)
GP warmup: 20 epochs on initial embeddings
Joint DKL training: 50 epochs
  Epoch 20/50  loss=23.1621
  Epoch 40/50  loss=2.5259
DKL training done in 0.3s
  → 2TeTi-4  gap=0.440 eV  best=0.440 eV  top50=5  top10%=10
Cycle  22: GP refit  (31 labelled)
  → 2AgTe-2  gap=0.242 eV  best=0.242 eV  top50=6  top10%=11
Cycle  23: GP refit  (32 labelled)
  → 1WAg2Te4-1  gap=1.318 eV  best=0.242 eV  top50=6  top10%=11
Cycle  24: GP refit  (33 labelled)
  → 2FeTe2-1  gap=0.581 eV  best=0.242 eV  top50=7  top10%=12
Cycle  25: GP refit  (34 labelled)
  → 4TiSe2-1  gap=0.036 eV  best=0.036 eV  top50=8  top10%=13
Cycle  26: full DKL retrain  (35 labelled)
GP warmup: 20 epochs on initial embeddings
Joint DKL training: 50 epochs
  Epoch 20/50  loss=0.7721
  Epoch 40/50  loss=-0.0148
DKL training done in 0.4s
  → 1HfSSe-1  gap=1.512 eV  best=0.036 eV  top50=8  top10%=13
Cycle  27: GP refit  (36 labelled)
  → 1PtSeTe-1  gap=1.092 eV  best=0.036 eV  top50=8  top10%=13
Cycle  28: GP refit  (37 labelled)
  → 1OSTi-1  gap=1.777 eV  best=0.036 eV  top50=8  top10%=13
Cycle  29: GP refit  (38 labelled)
  → 2RuTe2-1  gap=1.071 eV  best=0.036 eV  top50=8  top10%=13
Cycle  30: GP refit  (39 labelled)
  → 1SeHf2I5-1  gap=0.972 eV  best=0.036 eV  top50=8  top10%=13
Cycle  31: full DKL retrain  (40 labelled)
GP warmup: 20 epochs on initial embeddings
Joint DKL training: 50 epochs
  Epoch 20/50  loss=1.9573
  Epoch 40/50  loss=0.5095
DKL training done in 0.3s
  → 2FeSe2-1  gap=1.053 eV  best=0.036 eV  top50=8  top10%=13
Cycle  32: GP refit  (41 labelled)
  → 1TiO2-3  gap=3.447 eV  best=0.036 eV  top50=8  top10%=13
Cycle  33: GP refit  (42 labelled)
  → 4AsPdTe-1  gap=0.967 eV  best=0.036 eV  top50=8  top10%=13
Cycle  34: GP refit  (43 labelled)
  → 2FRhTe-1  gap=2.115 eV  best=0.036 eV  top50=8  top10%=13
Cycle  35: GP refit  (44 labelled)
  → 1AsITe-1  gap=1.502 eV  best=0.036 eV  top50=8  top10%=13
Cycle  36: full DKL retrain  (45 labelled)
GP warmup: 20 epochs on initial embeddings
Joint DKL training: 50 epochs
  Epoch 20/50  loss=1.2293
  Epoch 40/50  loss=0.3779
DKL training done in 0.3s
  → 1TiS2-2  gap=2.015 eV  best=0.036 eV  top50=8  top10%=13
Cycle  37: GP refit  (46 labelled)
  → 1CrTe2-2  gap=0.869 eV  best=0.036 eV  top50=8  top10%=13
Cycle  38: GP refit  (47 labelled)
  → 2ZrI2-1  gap=0.889 eV  best=0.036 eV  top50=8  top10%=13
Cycle  39: GP refit  (48 labelled)
  → 2TiBr2-1  gap=0.817 eV  best=0.036 eV  top50=8  top10%=13
Cycle  40: GP refit  (49 labelled)
  → 2SeTl-2  gap=0.891 eV  best=0.036 eV  top50=8  top10%=13
Cycle  41: full DKL retrain  (50 labelled)
GP warmup: 20 epochs on initial embeddings
Joint DKL training: 50 epochs
  Epoch 20/50  loss=0.2587
  Epoch 40/50  loss=-0.3271
DKL training done in 0.3s
  → 1SeTeV-1  gap=0.831 eV  best=0.036 eV  top50=8  top10%=13
Cycle  42: GP refit  (51 labelled)
  → 1BN-1  gap=5.675 eV  best=0.036 eV  top50=8  top10%=13
Cycle  43: GP refit  (52 labelled)
  → 1SNb3F7-1  gap=1.872 eV  best=0.036 eV  top50=8  top10%=13
Cycle  44: GP refit  (53 labelled)
  → 1MoSTe-2  gap=0.233 eV  best=0.036 eV  top50=9  top10%=14
Cycle  45: GP refit  (54 labelled)
  → 1STeW-2  gap=0.205 eV  best=0.036 eV  top50=10  top10%=15
Cycle  46: full DKL retrain  (55 labelled)
GP warmup: 20 epochs on initial embeddings
Joint DKL training: 50 epochs
  Epoch 20/50  loss=2.6249
  Epoch 40/50  loss=0.3817
DKL training done in 0.3s
  → 2AgSe-1  gap=1.179 eV  best=0.036 eV  top50=10  top10%=15
Cycle  47: GP refit  (56 labelled)
  → 1PbSe2-1  gap=1.847 eV  best=0.036 eV  top50=10  top10%=15
Cycle  48: GP refit  (57 labelled)
  → 2MoS2-1  gap=0.069 eV  best=0.036 eV  top50=11  top10%=16
Cycle  49: GP refit  (58 labelled)
  → 1NiPdS4-1  gap=1.153 eV  best=0.036 eV  top50=11  top10%=16
Cycle  50: GP refit  (59 labelled)
  → 1PdSe2-2  gap=0.266 eV  best=0.036 eV  top50=12  top10%=17
Cycle  51: full DKL retrain  (60 labelled)
GP warmup: 20 epochs on initial embeddings
Joint DKL training: 50 epochs
  Epoch 20/50  loss=0.4780
  Epoch 40/50  loss=0.1808
DKL training done in 0.3s
  → 1NiPd3Se8-1  gap=0.702 eV  best=0.036 eV  top50=12  top10%=18
Cycle  52: GP refit  (61 labelled)
  → 4PPdS-1  gap=2.090 eV  best=0.036 eV  top50=12  top10%=18
Cycle  53: GP refit  (62 labelled)
  → 2FeS2-1  gap=1.331 eV  best=0.036 eV  top50=12  top10%=18
Cycle  54: GP refit  (63 labelled)
  → 1HfSe2-2  gap=1.626 eV  best=0.036 eV  top50=12  top10%=18
Cycle  55: GP refit  (64 labelled)
  → 2OW-1  gap=0.132 eV  best=0.036 eV  top50=13  top10%=19
Cycle  56: full DKL retrain  (65 labelled)
GP warmup: 20 epochs on initial embeddings
Joint DKL training: 50 epochs
  Epoch 20/50  loss=0.6846
  Epoch 40/50  loss=0.4051
DKL training done in 0.3s
  → 1MoOS-1  gap=1.831 eV  best=0.036 eV  top50=13  top10%=19
Cycle  57: GP refit  (66 labelled)
  → 2ClNbO2-1  gap=4.453 eV  best=0.036 eV  top50=13  top10%=19
Cycle  58: GP refit  (67 labelled)
  → 1OTeW-1  gap=1.209 eV  best=0.036 eV  top50=13  top10%=19
Cycle  59: GP refit  (68 labelled)
  → 1MoO2-1  gap=1.651 eV  best=0.036 eV  top50=13  top10%=19
Cycle  60: GP refit  (69 labelled)
  → 2GaSe-7  gap=0.809 eV  best=0.036 eV  top50=13  top10%=19
Cycle  61: full DKL retrain  (70 labelled)
GP warmup: 20 epochs on initial embeddings
Joint DKL training: 50 epochs
  Epoch 20/50  loss=0.3889
  Epoch 40/50  loss=-0.0363
DKL training done in 0.3s
  → 2OsO2-1  gap=1.005 eV  best=0.036 eV  top50=13  top10%=19
Cycle  62: GP refit  (71 labelled)
  → 1CrO2-2  gap=1.144 eV  best=0.036 eV  top50=13  top10%=19
Cycle  63: GP refit  (72 labelled)
  → 1WO2-1  gap=2.097 eV  best=0.036 eV  top50=13  top10%=19
Cycle  64: GP refit  (73 labelled)
  → 1HgTe-1  gap=0.279 eV  best=0.036 eV  top50=14  top10%=20
Cycle  65: GP refit  (74 labelled)
  → 2ORh-2  gap=0.062 eV  best=0.036 eV  top50=15  top10%=21
Cycle  66: full DKL retrain  (75 labelled)
GP warmup: 20 epochs on initial embeddings
Joint DKL training: 50 epochs
  Epoch 20/50  loss=0.6355
  Epoch 40/50  loss=0.1278
DKL training done in 0.3s
  → 1WAu2Se4-1  gap=1.415 eV  best=0.036 eV  top50=15  top10%=21
Cycle  67: GP refit  (76 labelled)
  → 2ClCs-1  gap=5.654 eV  best=0.036 eV  top50=15  top10%=21
Cycle  68: GP refit  (77 labelled)
  → 4HgTe-1  gap=0.899 eV  best=0.036 eV  top50=15  top10%=21
Cycle  69: GP refit  (78 labelled)
  → 1MoAu2O4-2  gap=4.110 eV  best=0.036 eV  top50=15  top10%=21
Cycle  70: GP refit  (79 labelled)
  → 2RuO2-1  gap=0.693 eV  best=0.036 eV  top50=15  top10%=22
Cycle  71: full DKL retrain  (80 labelled)
GP warmup: 20 epochs on initial embeddings
Joint DKL training: 50 epochs
  Epoch 20/50  loss=0.0257
  Epoch 40/50  loss=-0.3887
DKL training done in 0.3s
  → 1HgO-1  gap=0.025 eV  best=0.025 eV  top50=16  top10%=23
Cycle  72: GP refit  (81 labelled)
  → 1HgS-1  gap=0.724 eV  best=0.025 eV  top50=16  top10%=24
Cycle  73: GP refit  (82 labelled)
  → 1HgSe-1  gap=0.423 eV  best=0.025 eV  top50=17  top10%=25
Cycle  74: GP refit  (83 labelled)
  → 1BaBrI-1  gap=5.177 eV  best=0.025 eV  top50=17  top10%=25
Cycle  75: GP refit  (84 labelled)
  → 2AgF-3  gap=2.475 eV  best=0.025 eV  top50=17  top10%=25
Cycle  76: full DKL retrain  (85 labelled)
GP warmup: 20 epochs on initial embeddings
Joint DKL training: 50 epochs
  Epoch 20/50  loss=0.8148
  Epoch 40/50  loss=0.2813
DKL training done in 0.3s
  → 1SnTe-1  gap=2.089 eV  best=0.025 eV  top50=17  top10%=25
Cycle  77: GP refit  (86 labelled)
  → 2BiO-1  gap=1.042 eV  best=0.025 eV  top50=17  top10%=25
Cycle  78: GP refit  (87 labelled)
  → 2STl-2  gap=1.159 eV  best=0.025 eV  top50=17  top10%=25
Cycle  79: GP refit  (88 labelled)
  → 1HgCl2-3  gap=3.201 eV  best=0.025 eV  top50=17  top10%=25
Cycle  80: GP refit  (89 labelled)
  → 2OPb-3  gap=1.090 eV  best=0.025 eV  top50=17  top10%=25
Cycle  81: full DKL retrain  (90 labelled)
GP warmup: 20 epochs on initial embeddings
Joint DKL training: 50 epochs
  Epoch 20/50  loss=0.1990
  Epoch 40/50  loss=-0.2033
DKL training done in 0.3s
  → 1PbS2-1  gap=2.299 eV  best=0.025 eV  top50=17  top10%=25
Cycle  82: GP refit  (91 labelled)
  → 1OBi2S2-1  gap=1.179 eV  best=0.025 eV  top50=17  top10%=25
Cycle  83: GP refit  (92 labelled)
  → 4HgSe-1  gap=0.937 eV  best=0.025 eV  top50=17  top10%=25
Cycle  84: GP refit  (93 labelled)
  → 1HgI2-4  gap=1.370 eV  best=0.025 eV  top50=17  top10%=25
Cycle  85: GP refit  (94 labelled)
  → 1AuClCuI-1  gap=3.695 eV  best=0.025 eV  top50=17  top10%=25
Cycle  86: full DKL retrain  (95 labelled)
GP warmup: 20 epochs on initial embeddings
Joint DKL training: 50 epochs
  Epoch 20/50  loss=-0.2338
  Epoch 40/50  loss=-0.5241
DKL training done in 0.3s
  → 2BiFHgO2-1  gap=3.344 eV  best=0.025 eV  top50=17  top10%=25
Cycle  87: GP refit  (96 labelled)
  → 1HgBr2-4  gap=2.459 eV  best=0.025 eV  top50=17  top10%=25
Cycle  88: GP refit  (97 labelled)
  → 2AlTe-1  gap=2.363 eV  best=0.025 eV  top50=17  top10%=25
Cycle  89: GP refit  (98 labelled)
  → 1HfSeTe-2  gap=0.637 eV  best=0.025 eV  top50=18  top10%=26
Cycle  90: GP refit  (99 labelled)
  → 2Bi2O3-2  gap=4.095 eV  best=0.025 eV  top50=18  top10%=26
Cycle  91: full DKL retrain  (100 labelled)
GP warmup: 20 epochs on initial embeddings
Joint DKL training: 50 epochs
  Epoch 20/50  loss=0.3822
  Epoch 40/50  loss=0.0047
DKL training done in 0.3s
  → 1PbTe-1  gap=1.500 eV  best=0.025 eV  top50=18  top10%=26
Cycle  92: GP refit  (101 labelled)
  → 1BiITe-2  gap=0.995 eV  best=0.025 eV  top50=18  top10%=26
Cycle  93: GP refit  (102 labelled)
  → 2PbTe-1  gap=0.878 eV  best=0.025 eV  top50=18  top10%=26
Cycle  94: GP refit  (103 labelled)
  → 1BiITe-1  gap=0.929 eV  best=0.025 eV  top50=18  top10%=26
Cycle  95: GP refit  (104 labelled)
  → 1HfPdI6-1  gap=1.368 eV  best=0.025 eV  top50=18  top10%=26
Cycle  96: full DKL retrain  (105 labelled)
GP warmup: 20 epochs on initial embeddings
Joint DKL training: 50 epochs
  Epoch 20/50  loss=-0.2662
  Epoch 40/50  loss=-0.5995
DKL training done in 0.3s
  → 2BiIn-1  gap=0.138 eV  best=0.025 eV  top50=19  top10%=27
Cycle  97: GP refit  (106 labelled)
  → 2TeTl-2  gap=0.681 eV  best=0.025 eV  top50=19  top10%=28
Cycle  98: GP refit  (107 labelled)
  → 1BiBrTe-2  gap=1.162 eV  best=0.025 eV  top50=19  top10%=28
Cycle  99: GP refit  (108 labelled)
  → 1GaInTe2-1  gap=1.532 eV  best=0.025 eV  top50=19  top10%=28
Cycle 100: GP refit  (109 labelled)
  → 1BaClI-1  gap=5.106 eV  best=0.025 eV  top50=19  top10%=28
  gap_min/seed1 → best=0.025 top50=19 top10%=28
BOLoop: 766 materials  |  direction=min  |  top-50 internal threshold=-0.68  top-10% internal threshold=-0.79
Init: 10 random labels  |  best (min) = 0.118
Cycle   1: full DKL retrain  (10 labelled)
GP warmup: 20 epochs on initial embeddings
/home/roy/Desktop/DKL-BO/venv/lib/python3.13/site-packages/torch/_compile.py:54: UserWarning: optimizer contains a parameter group with duplicate parameters; in future, this will cause an error; see github.com/pytorch/pytorch/issues/40967 for more information
  return disable_fn(*args, **kwargs)
Joint DKL training: 50 epochs
  Epoch 20/50  loss=1.6371
  Epoch 40/50  loss=1.5297
DKL training done in 0.3s
  → 2OsSe2-1  gap=1.389 eV  best=0.118 eV  top50=0  top10%=0
Cycle   2: GP refit  (11 labelled)
  → 1WSe2-1  gap=1.730 eV  best=0.118 eV  top50=0  top10%=0
Cycle   3: GP refit  (12 labelled)
  → 1WAu2O4-2  gap=4.436 eV  best=0.118 eV  top50=0  top10%=0
Cycle   4: GP refit  (13 labelled)
  → 1HfSeTe-2  gap=0.637 eV  best=0.118 eV  top50=1  top10%=1
Cycle   5: GP refit  (14 labelled)
  → 1HfCl2-1  gap=1.471 eV  best=0.118 eV  top50=1  top10%=1
Cycle   6: full DKL retrain  (15 labelled)
GP warmup: 20 epochs on initial embeddings
Joint DKL training: 50 epochs
  Epoch 20/50  loss=1.3056
  Epoch 40/50  loss=1.2059
DKL training done in 0.3s
  → 2AgTe-3  gap=0.756 eV  best=0.118 eV  top50=1  top10%=2
Cycle   7: GP refit  (16 labelled)
  → 2AgTe-2  gap=0.242 eV  best=0.118 eV  top50=2  top10%=3
Cycle   8: GP refit  (17 labelled)
  → 1PdSe2-2  gap=0.266 eV  best=0.118 eV  top50=3  top10%=4
Cycle   9: GP refit  (18 labelled)
  → 1ScSe2-2  gap=1.490 eV  best=0.118 eV  top50=3  top10%=4
Cycle  10: GP refit  (19 labelled)
  → 1NiPd3Se8-1  gap=0.702 eV  best=0.118 eV  top50=3  top10%=5
Cycle  11: full DKL retrain  (20 labelled)
GP warmup: 20 epochs on initial embeddings
Joint DKL training: 50 epochs
  Epoch 20/50  loss=1.0583
  Epoch 40/50  loss=0.9552
DKL training done in 0.3s
  → 1WAg2Te4-1  gap=1.318 eV  best=0.118 eV  top50=3  top10%=5
Cycle  12: GP refit  (21 labelled)
  → 2AgSe-1  gap=1.179 eV  best=0.118 eV  top50=3  top10%=5
Cycle  13: GP refit  (22 labelled)
  → 2OsTe2-1  gap=1.379 eV  best=0.118 eV  top50=3  top10%=5
Cycle  14: GP refit  (23 labelled)
  → 1PbSe2-1  gap=1.847 eV  best=0.118 eV  top50=3  top10%=5
Cycle  15: GP refit  (24 labelled)
  → 1HfTe2-2  gap=0.665 eV  best=0.118 eV  top50=4  top10%=6
Cycle  16: full DKL retrain  (25 labelled)
GP warmup: 20 epochs on initial embeddings
Joint DKL training: 50 epochs
  Epoch 20/50  loss=0.8708
  Epoch 40/50  loss=0.8197
DKL training done in 0.3s
  → 1HfSe2-2  gap=1.626 eV  best=0.118 eV  top50=4  top10%=6
Cycle  17: GP refit  (26 labelled)
  → 4PPdSe-1  gap=1.963 eV  best=0.118 eV  top50=4  top10%=6
Cycle  18: GP refit  (27 labelled)
  → 1ZrSe2-2  gap=1.684 eV  best=0.118 eV  top50=4  top10%=6
Cycle  19: GP refit  (28 labelled)
  → 1ZrHf3Te8-1  gap=0.690 eV  best=0.118 eV  top50=4  top10%=7
Cycle  20: GP refit  (29 labelled)
  → 2HfZrTe4-1  gap=0.717 eV  best=0.118 eV  top50=4  top10%=8
Cycle  21: full DKL retrain  (30 labelled)
GP warmup: 20 epochs on initial embeddings
Joint DKL training: 50 epochs
  Epoch 20/50  loss=0.8440
  Epoch 40/50  loss=0.7600
DKL training done in 0.3s
  → 1CrO2-2  gap=1.144 eV  best=0.118 eV  top50=4  top10%=8
Cycle  22: GP refit  (31 labelled)
  → 1WO2-1  gap=2.097 eV  best=0.118 eV  top50=4  top10%=8
Cycle  23: GP refit  (32 labelled)
  → 2AgO-1  gap=1.126 eV  best=0.118 eV  top50=4  top10%=8
Cycle  24: GP refit  (33 labelled)
  → 1WTe2-1  gap=1.141 eV  best=0.118 eV  top50=4  top10%=8
Cycle  25: GP refit  (34 labelled)
  → 2AgCl-7  gap=3.462 eV  best=0.118 eV  top50=4  top10%=8
Cycle  26: full DKL retrain  (35 labelled)
GP warmup: 20 epochs on initial embeddings
Joint DKL training: 50 epochs
  Epoch 20/50  loss=1.0195
  Epoch 40/50  loss=0.9158
DKL training done in 0.3s
  → 1TiHf3Te8-1  gap=0.688 eV  best=0.118 eV  top50=4  top10%=9
Cycle  27: GP refit  (36 labelled)
  → 2HfTiTe4-1  gap=0.692 eV  best=0.118 eV  top50=4  top10%=10
Cycle  28: GP refit  (37 labelled)
  → 1HfTi3Te8-1  gap=0.724 eV  best=0.118 eV  top50=4  top10%=11
Cycle  29: GP refit  (38 labelled)
  → 2IrNbTe4-1  gap=0.033 eV  best=0.033 eV  top50=5  top10%=12
Cycle  30: GP refit  (39 labelled)
  → 4AsPdTe-1  gap=0.967 eV  best=0.033 eV  top50=5  top10%=12
Cycle  31: full DKL retrain  (40 labelled)
GP warmup: 20 epochs on initial embeddings
Joint DKL training: 50 epochs
  Epoch 20/50  loss=0.6335
  Epoch 40/50  loss=0.3650
DKL training done in 0.3s
  → 2OPb-1  gap=3.463 eV  best=0.033 eV  top50=5  top10%=12
Cycle  32: GP refit  (41 labelled)
  → 2FeTe2-1  gap=0.581 eV  best=0.033 eV  top50=6  top10%=13
Cycle  33: GP refit  (42 labelled)
  → 2RuTe2-1  gap=1.071 eV  best=0.033 eV  top50=6  top10%=13
Cycle  34: GP refit  (43 labelled)
  → 4TiSe2-1  gap=0.036 eV  best=0.033 eV  top50=7  top10%=14
Cycle  35: GP refit  (44 labelled)
  → 2IrTaTe4-1  gap=0.119 eV  best=0.033 eV  top50=8  top10%=15
Cycle  36: full DKL retrain  (45 labelled)
GP warmup: 20 epochs on initial embeddings
Joint DKL training: 50 epochs
  Epoch 20/50  loss=0.8662
  Epoch 40/50  loss=0.5638
DKL training done in 0.3s
  → 2ClIrTe-2  gap=2.050 eV  best=0.033 eV  top50=8  top10%=15
Cycle  37: GP refit  (46 labelled)
  → 2CrNbTe5-1  gap=0.029 eV  best=0.029 eV  top50=9  top10%=16
Cycle  38: GP refit  (47 labelled)
  → 1ClCrTe-1  gap=1.108 eV  best=0.029 eV  top50=9  top10%=16
Cycle  39: GP refit  (48 labelled)
  → 2IrSe-3  gap=0.822 eV  best=0.029 eV  top50=9  top10%=16
Cycle  40: GP refit  (49 labelled)
  → 1ZrTi3Te8-1  gap=0.722 eV  best=0.029 eV  top50=9  top10%=17
Cycle  41: full DKL retrain  (50 labelled)
GP warmup: 20 epochs on initial embeddings
Joint DKL training: 50 epochs
  Epoch 20/50  loss=0.3895
  Epoch 40/50  loss=0.2012
DKL training done in 0.3s
  → 2RhSe-3  gap=0.337 eV  best=0.029 eV  top50=10  top10%=18
Cycle  42: GP refit  (51 labelled)
  → 1PtSeTe-1  gap=1.092 eV  best=0.029 eV  top50=10  top10%=18
Cycle  43: GP refit  (52 labelled)
  → 2PdTeO3-2  gap=2.509 eV  best=0.029 eV  top50=10  top10%=18
Cycle  44: GP refit  (53 labelled)
  → 1TiZr3Te8-1  gap=0.793 eV  best=0.029 eV  top50=10  top10%=18
Cycle  45: GP refit  (54 labelled)
  → 1AgCrAs2Se6-1  gap=1.270 eV  best=0.029 eV  top50=10  top10%=18
Cycle  46: full DKL retrain  (55 labelled)
GP warmup: 20 epochs on initial embeddings
Joint DKL training: 50 epochs
  Epoch 20/50  loss=0.1414
  Epoch 40/50  loss=-0.0132
DKL training done in 0.3s
  → 2ClIn-5  gap=2.997 eV  best=0.029 eV  top50=10  top10%=18
Cycle  47: GP refit  (56 labelled)
  → 2ClRhSe-1  gap=2.271 eV  best=0.029 eV  top50=10  top10%=18
Cycle  48: GP refit  (57 labelled)
  → 2MoSe2-1  gap=0.108 eV  best=0.029 eV  top50=11  top10%=19
Cycle  49: GP refit  (58 labelled)
  → 1HfZr3Te8-1  gap=0.766 eV  best=0.029 eV  top50=11  top10%=20
Cycle  50: GP refit  (59 labelled)
  → 2ZrCl2-1  gap=1.161 eV  best=0.029 eV  top50=11  top10%=20
Cycle  51: full DKL retrain  (60 labelled)
GP warmup: 20 epochs on initial embeddings
Joint DKL training: 50 epochs
  Epoch 20/50  loss=0.2361
  Epoch 40/50  loss=-0.0265
DKL training done in 0.3s
  → 2P2S3-3  gap=3.478 eV  best=0.029 eV  top50=11  top10%=20
Cycle  52: GP refit  (61 labelled)
  → 2FeSe2-1  gap=1.053 eV  best=0.029 eV  top50=11  top10%=20
Cycle  53: GP refit  (62 labelled)
  → 1IPd2Cl5-1  gap=1.393 eV  best=0.029 eV  top50=11  top10%=20
Cycle  54: GP refit  (63 labelled)
  → 1MoTe2-1  gap=1.370 eV  best=0.029 eV  top50=11  top10%=20
Cycle  55: GP refit  (64 labelled)
  → 1GeTe-1  gap=1.994 eV  best=0.029 eV  top50=11  top10%=20
Cycle  56: full DKL retrain  (65 labelled)
GP warmup: 20 epochs on initial embeddings
Joint DKL training: 50 epochs
  Epoch 20/50  loss=-0.0794
  Epoch 40/50  loss=-0.2732
DKL training done in 0.3s
  → 1SSeZr-2  gap=1.777 eV  best=0.029 eV  top50=11  top10%=20
Cycle  57: GP refit  (66 labelled)
  → 2IRb-1  gap=4.613 eV  best=0.029 eV  top50=11  top10%=20
Cycle  58: GP refit  (67 labelled)
  → 2OsS2-1  gap=1.387 eV  best=0.029 eV  top50=11  top10%=20
Cycle  59: GP refit  (68 labelled)
  → 1ScBr2-1  gap=0.757 eV  best=0.029 eV  top50=11  top10%=21
Cycle  60: GP refit  (69 labelled)
  → 1Nb3Cl8-1  gap=0.912 eV  best=0.029 eV  top50=11  top10%=21
Cycle  61: full DKL retrain  (70 labelled)
GP warmup: 20 epochs on initial embeddings
Joint DKL training: 50 epochs
  Epoch 20/50  loss=0.4865
  Epoch 40/50  loss=-0.1234
DKL training done in 0.3s
  → 2OSc-1  gap=1.194 eV  best=0.029 eV  top50=11  top10%=21
Cycle  62: GP refit  (71 labelled)
  → 1WAg2S4-1  gap=2.482 eV  best=0.029 eV  top50=11  top10%=21
Cycle  63: GP refit  (72 labelled)
  → 1BiIS-2  gap=1.178 eV  best=0.029 eV  top50=11  top10%=21
Cycle  64: GP refit  (73 labelled)
  → 1MoS2-1  gap=2.087 eV  best=0.029 eV  top50=11  top10%=21
Cycle  65: GP refit  (74 labelled)
  → 1SSeZr-1  gap=1.514 eV  best=0.029 eV  top50=11  top10%=21
Cycle  66: full DKL retrain  (75 labelled)
GP warmup: 20 epochs on initial embeddings
Joint DKL training: 50 epochs
  Epoch 20/50  loss=0.1035
  Epoch 40/50  loss=-0.1509
DKL training done in 0.3s
  → 1SeBi2S2-1  gap=0.923 eV  best=0.029 eV  top50=11  top10%=21
Cycle  67: GP refit  (76 labelled)
  → 2RuS2-1  gap=1.583 eV  best=0.029 eV  top50=11  top10%=21
Cycle  68: GP refit  (77 labelled)
  → 2NbOI2-1  gap=1.845 eV  best=0.029 eV  top50=11  top10%=21
Cycle  69: GP refit  (78 labelled)
  → 2AsTlO3-1  gap=4.438 eV  best=0.029 eV  top50=11  top10%=21
Cycle  70: GP refit  (79 labelled)
  → 2AgS-1  gap=1.557 eV  best=0.029 eV  top50=11  top10%=21
Cycle  71: full DKL retrain  (80 labelled)
GP warmup: 20 epochs on initial embeddings
Joint DKL training: 50 epochs
  Epoch 20/50  loss=0.8262
  Epoch 40/50  loss=0.0696
DKL training done in 0.3s
  → 1BiClS-1  gap=1.745 eV  best=0.029 eV  top50=11  top10%=21
Cycle  72: GP refit  (81 labelled)
  → 2HSLi3O4-1  gap=5.694 eV  best=0.029 eV  top50=11  top10%=21
Cycle  73: GP refit  (82 labelled)
  → 1BiIS-1  gap=1.474 eV  best=0.029 eV  top50=11  top10%=21
Cycle  74: GP refit  (83 labelled)
  → 2AuS-1  gap=2.010 eV  best=0.029 eV  top50=11  top10%=21
Cycle  75: GP refit  (84 labelled)
  → 1CoLiP2S6-1  gap=2.395 eV  best=0.029 eV  top50=11  top10%=21
Cycle  76: full DKL retrain  (85 labelled)
GP warmup: 20 epochs on initial embeddings
Joint DKL training: 50 epochs
  Epoch 20/50  loss=0.7813
  Epoch 40/50  loss=0.5638
DKL training done in 0.3s
  → 1BiClTe-1  gap=1.198 eV  best=0.029 eV  top50=11  top10%=21
Cycle  77: GP refit  (86 labelled)
  → 1HfBr2-1  gap=1.226 eV  best=0.029 eV  top50=11  top10%=21
Cycle  78: GP refit  (87 labelled)
  → 1BiITe-2  gap=0.995 eV  best=0.029 eV  top50=11  top10%=21
Cycle  79: GP refit  (88 labelled)
  → 1BiITe-1  gap=0.929 eV  best=0.029 eV  top50=11  top10%=21
Cycle  80: GP refit  (89 labelled)
  → 1CdGeSSeBr2-1  gap=1.544 eV  best=0.029 eV  top50=11  top10%=21
Cycle  81: full DKL retrain  (90 labelled)
GP warmup: 20 epochs on initial embeddings
Joint DKL training: 50 epochs
  Epoch 20/50  loss=0.1175
  Epoch 40/50  loss=-0.1972
DKL training done in 0.3s
  → 1BrCdI-1  gap=3.053 eV  best=0.029 eV  top50=11  top10%=21
Cycle  82: GP refit  (91 labelled)
  → 2GaS-1  gap=3.197 eV  best=0.029 eV  top50=11  top10%=21
Cycle  83: GP refit  (92 labelled)
  → 1MoAu2S4-1  gap=1.621 eV  best=0.029 eV  top50=11  top10%=21
Cycle  84: GP refit  (93 labelled)
  → 2InPS3-1  gap=1.395 eV  best=0.029 eV  top50=11  top10%=21
Cycle  85: GP refit  (94 labelled)
  → 2FeS2-1  gap=1.331 eV  best=0.029 eV  top50=11  top10%=21
Cycle  86: full DKL retrain  (95 labelled)
GP warmup: 20 epochs on initial embeddings
Joint DKL training: 50 epochs
  Epoch 20/50  loss=-0.0181
  Epoch 40/50  loss=-0.2665
DKL training done in 0.3s
  → 1HgS-1  gap=0.724 eV  best=0.029 eV  top50=11  top10%=22
Cycle  87: GP refit  (96 labelled)
  → 2InS-1  gap=2.431 eV  best=0.029 eV  top50=11  top10%=22
Cycle  88: GP refit  (97 labelled)
  → 2STl-2  gap=1.159 eV  best=0.029 eV  top50=11  top10%=22
Cycle  89: GP refit  (98 labelled)
  → 2HLi3S5-1  gap=3.300 eV  best=0.029 eV  top50=11  top10%=22
Cycle  90: GP refit  (99 labelled)
  → 1BiBrS-2  gap=1.980 eV  best=0.029 eV  top50=11  top10%=22
Cycle  91: full DKL retrain  (100 labelled)
GP warmup: 20 epochs on initial embeddings
Joint DKL training: 50 epochs
  Epoch 20/50  loss=0.3647
  Epoch 40/50  loss=0.1678
DKL training done in 0.3s
  → 2BiIn-1  gap=0.138 eV  best=0.029 eV  top50=12  top10%=23
Cycle  92: GP refit  (101 labelled)
  → 2HTeNa3S4-1  gap=3.502 eV  best=0.029 eV  top50=12  top10%=23
Cycle  93: GP refit  (102 labelled)
  → 1CrSe2-1  gap=1.128 eV  best=0.029 eV  top50=12  top10%=23
Cycle  94: GP refit  (103 labelled)
  → 1YBr2-1  gap=0.901 eV  best=0.029 eV  top50=12  top10%=23
Cycle  95: GP refit  (104 labelled)
  → 2RuSe2-1  gap=1.595 eV  best=0.029 eV  top50=12  top10%=23
Cycle  96: full DKL retrain  (105 labelled)
GP warmup: 20 epochs on initial embeddings
Joint DKL training: 50 epochs
  Epoch 20/50  loss=-0.0272
  Epoch 40/50  loss=-0.2694
DKL training done in 0.3s
  → 2BiO-1  gap=1.042 eV  best=0.029 eV  top50=12  top10%=23
Cycle  97: GP refit  (106 labelled)
  → 1OBi2S2-1  gap=1.179 eV  best=0.029 eV  top50=12  top10%=23
Cycle  98: GP refit  (107 labelled)
  → 2HNa3S5-1  gap=3.375 eV  best=0.029 eV  top50=12  top10%=23
Cycle  99: GP refit  (108 labelled)
  → 1BrClS4I6In8-1  gap=1.965 eV  best=0.029 eV  top50=12  top10%=23
Cycle 100: GP refit  (109 labelled)
  → 1AsIS-1  gap=1.950 eV  best=0.029 eV  top50=12  top10%=23
  gap_min/seed2 → best=0.029 top50=12 top10%=23
BOLoop: 766 materials  |  direction=min  |  top-50 internal threshold=-0.68  top-10% internal threshold=-0.79
Init: 10 random labels  |  best (min) = 0.554
Cycle   1: full DKL retrain  (10 labelled)
GP warmup: 20 epochs on initial embeddings
/home/roy/Desktop/DKL-BO/venv/lib/python3.13/site-packages/torch/_compile.py:54: UserWarning: optimizer contains a parameter group with duplicate parameters; in future, this will cause an error; see github.com/pytorch/pytorch/issues/40967 for more information
  return disable_fn(*args, **kwargs)
Joint DKL training: 50 epochs
  Epoch 20/50  loss=1.7122
  Epoch 40/50  loss=1.5863
DKL training done in 0.3s
  → 2NiTeS3-1  gap=1.567 eV  best=0.554 eV  top50=0  top10%=0
Cycle   2: GP refit  (11 labelled)
  → 2ORh-2  gap=0.062 eV  best=0.062 eV  top50=1  top10%=1
Cycle   3: GP refit  (12 labelled)
  → 2TiO2-1  gap=5.342 eV  best=0.062 eV  top50=1  top10%=1
Cycle   4: GP refit  (13 labelled)
  → 1C2O2Hf3-1  gap=0.917 eV  best=0.062 eV  top50=1  top10%=1
Cycle   5: GP refit  (14 labelled)
  → 2ClRhS-1  gap=2.270 eV  best=0.062 eV  top50=1  top10%=1
Cycle   6: full DKL retrain  (15 labelled)
GP warmup: 20 epochs on initial embeddings
Joint DKL training: 50 epochs
  Epoch 20/50  loss=1.4476
  Epoch 40/50  loss=1.1805
DKL training done in 0.3s
  → 2KTaF6-1  gap=8.681 eV  best=0.062 eV  top50=1  top10%=1
Cycle   7: GP refit  (16 labelled)
  → 2HNaO-1  gap=4.458 eV  best=0.062 eV  top50=1  top10%=1
Cycle   8: GP refit  (17 labelled)
  → 2CsF-1  gap=6.059 eV  best=0.062 eV  top50=1  top10%=1
Cycle   9: GP refit  (18 labelled)
  → 1PbTe-1  gap=1.500 eV  best=0.062 eV  top50=1  top10%=1
Cycle  10: GP refit  (19 labelled)
  → 2TiBr2-1  gap=0.817 eV  best=0.062 eV  top50=1  top10%=1
Cycle  11: full DKL retrain  (20 labelled)
GP warmup: 20 epochs on initial embeddings
Joint DKL training: 50 epochs
  Epoch 20/50  loss=1.6658
  Epoch 40/50  loss=1.3792
DKL training done in 0.3s
  → 1PbO2-3  gap=0.935 eV  best=0.062 eV  top50=1  top10%=1
Cycle  12: GP refit  (21 labelled)
  → 2P2O3-2  gap=5.363 eV  best=0.062 eV  top50=1  top10%=1
Cycle  13: GP refit  (22 labelled)
  → 2BrNbO2-1  gap=3.469 eV  best=0.062 eV  top50=1  top10%=1
Cycle  14: GP refit  (23 labelled)
  → 1BiISe-1  gap=1.216 eV  best=0.062 eV  top50=1  top10%=1
Cycle  15: GP refit  (24 labelled)
  → 2BrHSr-1  gap=5.479 eV  best=0.062 eV  top50=1  top10%=1
Cycle  16: full DKL retrain  (25 labelled)
GP warmup: 20 epochs on initial embeddings
Joint DKL training: 50 epochs
  Epoch 20/50  loss=1.6193
  Epoch 40/50  loss=1.1615
DKL training done in 0.3s
  → 1HfO2-3  gap=3.726 eV  best=0.062 eV  top50=1  top10%=1
Cycle  17: GP refit  (26 labelled)
  → 2FRhS-1  gap=2.175 eV  best=0.062 eV  top50=1  top10%=1
Cycle  18: GP refit  (27 labelled)
  → 1HgTe-1  gap=0.279 eV  best=0.062 eV  top50=2  top10%=2
Cycle  19: GP refit  (28 labelled)
  → 2GaI-1  gap=2.399 eV  best=0.062 eV  top50=2  top10%=2
Cycle  20: GP refit  (29 labelled)
  → 2ClRb-2  gap=5.891 eV  best=0.062 eV  top50=2  top10%=2
Cycle  21: full DKL retrain  (30 labelled)
GP warmup: 20 epochs on initial embeddings
Joint DKL training: 50 epochs
  Epoch 20/50  loss=1.5294
  Epoch 40/50  loss=1.2169
DKL training done in 0.3s
  → 1HgSe-1  gap=0.423 eV  best=0.062 eV  top50=3  top10%=3
Cycle  22: GP refit  (31 labelled)
  → 1ScBr2-1  gap=0.757 eV  best=0.062 eV  top50=3  top10%=4
Cycle  23: GP refit  (32 labelled)
  → 2HNa3S5-1  gap=3.375 eV  best=0.062 eV  top50=3  top10%=4
Cycle  24: GP refit  (33 labelled)
  → 1CrO2-2  gap=1.144 eV  best=0.062 eV  top50=3  top10%=4
Cycle  25: GP refit  (34 labelled)
  → 1TiF2-1  gap=2.096 eV  best=0.062 eV  top50=3  top10%=4
Cycle  26: full DKL retrain  (35 labelled)
GP warmup: 20 epochs on initial embeddings
Joint DKL training: 50 epochs
  Epoch 20/50  loss=3.3439
  Epoch 40/50  loss=1.5567
DKL training done in 0.3s
  → 2FRhSe-1  gap=2.223 eV  best=0.062 eV  top50=3  top10%=4
Cycle  27: GP refit  (36 labelled)
  → 1VSe2-1  gap=0.977 eV  best=0.062 eV  top50=3  top10%=4
Cycle  28: GP refit  (37 labelled)
  → 1HfBr2-1  gap=1.226 eV  best=0.062 eV  top50=3  top10%=4
Cycle  29: GP refit  (38 labelled)
  → 1BiFS-1  gap=2.255 eV  best=0.062 eV  top50=3  top10%=4
Cycle  30: GP refit  (39 labelled)
  → 2RhSe-3  gap=0.337 eV  best=0.062 eV  top50=4  top10%=5
Cycle  31: full DKL retrain  (40 labelled)
GP warmup: 20 epochs on initial embeddings
Joint DKL training: 50 epochs
  Epoch 20/50  loss=1.0871
  Epoch 40/50  loss=0.8258
DKL training done in 0.3s
  → 2IrSe-3  gap=0.822 eV  best=0.062 eV  top50=4  top10%=5
Cycle  32: GP refit  (41 labelled)
  → 2IrO-2  gap=0.230 eV  best=0.062 eV  top50=5  top10%=6
Cycle  33: GP refit  (42 labelled)
  → 2IRhSe-1  gap=1.725 eV  best=0.062 eV  top50=5  top10%=6
Cycle  34: GP refit  (43 labelled)
  → 2CoHO2-1  gap=2.596 eV  best=0.062 eV  top50=5  top10%=6
Cycle  35: GP refit  (44 labelled)
  → 4TaS3-1  gap=0.823 eV  best=0.062 eV  top50=5  top10%=6
Cycle  36: full DKL retrain  (45 labelled)
GP warmup: 20 epochs on initial embeddings
Joint DKL training: 50 epochs
  Epoch 20/50  loss=1.4213
  Epoch 40/50  loss=0.8572
DKL training done in 0.3s
  → 2AuO-1  gap=0.865 eV  best=0.062 eV  top50=5  top10%=6
Cycle  37: GP refit  (46 labelled)
  → 2BrIrSe-2  gap=2.067 eV  best=0.062 eV  top50=5  top10%=6
Cycle  38: GP refit  (47 labelled)
  → 1TiBr2-1  gap=1.166 eV  best=0.062 eV  top50=5  top10%=6
Cycle  39: GP refit  (48 labelled)
  → 2GaS-1  gap=3.197 eV  best=0.062 eV  top50=5  top10%=6
Cycle  40: GP refit  (49 labelled)
  → 2KNOsSF5-1  gap=2.516 eV  best=0.062 eV  top50=5  top10%=6
Cycle  41: full DKL retrain  (50 labelled)
GP warmup: 20 epochs on initial embeddings
Joint DKL training: 50 epochs
  Epoch 20/50  loss=1.2461
  Epoch 40/50  loss=1.0000
DKL training done in 0.3s
  → 2BrRhS-2  gap=2.135 eV  best=0.062 eV  top50=5  top10%=6
Cycle  42: GP refit  (51 labelled)
  → 1ScS2-2  gap=1.890 eV  best=0.062 eV  top50=5  top10%=6
Cycle  43: GP refit  (52 labelled)
  → 1OSeW-1  gap=2.004 eV  best=0.062 eV  top50=5  top10%=6
Cycle  44: GP refit  (53 labelled)
  → 1BrCoSe-1  gap=2.153 eV  best=0.062 eV  top50=5  top10%=6
Cycle  45: GP refit  (54 labelled)
  → 2ScSe-3  gap=0.933 eV  best=0.062 eV  top50=5  top10%=6
Cycle  46: full DKL retrain  (55 labelled)
GP warmup: 20 epochs on initial embeddings
Joint DKL training: 50 epochs
  Epoch 20/50  loss=1.0098
  Epoch 40/50  loss=0.7289
DKL training done in 0.3s
  → 2RuS2-1  gap=1.583 eV  best=0.062 eV  top50=5  top10%=6
Cycle  47: GP refit  (56 labelled)
  → 2AuI-3  gap=1.592 eV  best=0.062 eV  top50=5  top10%=6
Cycle  48: GP refit  (57 labelled)
  → 2OsO2-1  gap=1.005 eV  best=0.062 eV  top50=5  top10%=6
Cycle  49: GP refit  (58 labelled)
  → 2ScTe-4  gap=0.718 eV  best=0.062 eV  top50=5  top10%=7
Cycle  50: GP refit  (59 labelled)
  → 2IRhS-2  gap=1.665 eV  best=0.062 eV  top50=5  top10%=7
Cycle  51: full DKL retrain  (60 labelled)
GP warmup: 20 epochs on initial embeddings
Joint DKL training: 50 epochs
  Epoch 20/50  loss=0.6875
  Epoch 40/50  loss=0.3241
DKL training done in 0.3s
  → 4IOSc-1  gap=3.350 eV  best=0.062 eV  top50=5  top10%=7
Cycle  52: GP refit  (61 labelled)
  → 1BN-1  gap=5.675 eV  best=0.062 eV  top50=5  top10%=7
Cycle  53: GP refit  (62 labelled)
  → 2OsSe2-1  gap=1.389 eV  best=0.062 eV  top50=5  top10%=7
Cycle  54: GP refit  (63 labelled)
  → 1FeHfF6-1  gap=4.951 eV  best=0.062 eV  top50=5  top10%=7
Cycle  55: GP refit  (64 labelled)
  → 2SSc-4  gap=0.981 eV  best=0.062 eV  top50=5  top10%=7
Cycle  56: full DKL retrain  (65 labelled)
GP warmup: 20 epochs on initial embeddings
Joint DKL training: 50 epochs
  Epoch 20/50  loss=0.6850
  Epoch 40/50  loss=0.3488
DKL training done in 0.3s
  → 2RhTaS4-1  gap=1.231 eV  best=0.062 eV  top50=5  top10%=7
Cycle  57: GP refit  (66 labelled)
  → 1TeTa3I7-1  gap=1.223 eV  best=0.062 eV  top50=5  top10%=7
Cycle  58: GP refit  (67 labelled)
  → 2OSc-1  gap=1.194 eV  best=0.062 eV  top50=5  top10%=7
Cycle  59: GP refit  (68 labelled)
  → 1ScO2-2  gap=3.769 eV  best=0.062 eV  top50=5  top10%=7
Cycle  60: GP refit  (69 labelled)
  → 2FIrS-2  gap=2.104 eV  best=0.062 eV  top50=5  top10%=7
Cycle  61: full DKL retrain  (70 labelled)
GP warmup: 20 epochs on initial embeddings
Joint DKL training: 50 epochs
  Epoch 20/50  loss=0.9721
  Epoch 40/50  loss=0.6804
DKL training done in 0.3s
  → 1InP-1  gap=1.774 eV  best=0.062 eV  top50=5  top10%=7
Cycle  62: GP refit  (71 labelled)
  → 2TeTl-2  gap=0.681 eV  best=0.062 eV  top50=5  top10%=8
Cycle  63: GP refit  (72 labelled)
  → 1SrI2-2  gap=4.355 eV  best=0.062 eV  top50=5  top10%=8
Cycle  64: GP refit  (73 labelled)
  → 4HgSe-1  gap=0.937 eV  best=0.062 eV  top50=5  top10%=8
Cycle  65: GP refit  (74 labelled)
  → 1ScI2-2  gap=0.573 eV  best=0.062 eV  top50=6  top10%=9
Cycle  66: full DKL retrain  (75 labelled)
GP warmup: 20 epochs on initial embeddings
Joint DKL training: 50 epochs
  Epoch 20/50  loss=0.6412
  Epoch 40/50  loss=0.2972
DKL training done in 0.3s
  → 2BrCs-2  gap=5.145 eV  best=0.062 eV  top50=6  top10%=9
Cycle  67: GP refit  (76 labelled)
  → 1ScSe2-2  gap=1.490 eV  best=0.062 eV  top50=6  top10%=9
Cycle  68: GP refit  (77 labelled)
  → 2RuO2-1  gap=0.693 eV  best=0.062 eV  top50=6  top10%=10
Cycle  69: GP refit  (78 labelled)
  → 2ClHSr-1  gap=5.259 eV  best=0.062 eV  top50=6  top10%=10
Cycle  70: GP refit  (79 labelled)
  → 1HgI2-4  gap=1.370 eV  best=0.062 eV  top50=6  top10%=10
Cycle  71: full DKL retrain  (80 labelled)
GP warmup: 20 epochs on initial embeddings
Joint DKL training: 50 epochs
  Epoch 20/50  loss=0.3026
  Epoch 40/50  loss=-0.0560
DKL training done in 0.3s
  → 1TiI2-2  gap=0.828 eV  best=0.062 eV  top50=6  top10%=10
Cycle  72: GP refit  (81 labelled)
  → 1HfS2-2  gap=2.038 eV  best=0.062 eV  top50=6  top10%=10
Cycle  73: GP refit  (82 labelled)
  → 2ClCs-1  gap=5.654 eV  best=0.062 eV  top50=6  top10%=10
Cycle  74: GP refit  (83 labelled)
  → 1TeTa3F7-1  gap=1.702 eV  best=0.062 eV  top50=6  top10%=10
Cycle  75: GP refit  (84 labelled)
  → 1C2O2Zr3-1  gap=0.961 eV  best=0.062 eV  top50=6  top10%=10
Cycle  76: full DKL retrain  (85 labelled)
GP warmup: 20 epochs on initial embeddings
Joint DKL training: 50 epochs
  Epoch 20/50  loss=-0.0290
  Epoch 40/50  loss=-0.2674
DKL training done in 0.3s
  → 2ClFSr-1  gap=7.351 eV  best=0.062 eV  top50=6  top10%=10
Cycle  77: GP refit  (86 labelled)
  → 1STa3F7-1  gap=1.799 eV  best=0.062 eV  top50=6  top10%=10
Cycle  78: GP refit  (87 labelled)
  → 1C2F2S2Zr3-1  gap=0.025 eV  best=0.025 eV  top50=7  top10%=11
Cycle  79: GP refit  (88 labelled)
  → 2AsTlO3-1  gap=4.438 eV  best=0.025 eV  top50=7  top10%=11
Cycle  80: GP refit  (89 labelled)
  → 2AlHSO4-1  gap=6.800 eV  best=0.025 eV  top50=7  top10%=11
Cycle  81: full DKL retrain  (90 labelled)
GP warmup: 20 epochs on initial embeddings
Joint DKL training: 50 epochs
  Epoch 20/50  loss=0.0924
  Epoch 40/50  loss=-0.1360
DKL training done in 0.3s
  → 2SbTlO3-1  gap=4.173 eV  best=0.025 eV  top50=7  top10%=11
Cycle  82: GP refit  (91 labelled)
  → 1WO2-1  gap=2.097 eV  best=0.025 eV  top50=7  top10%=11
Cycle  83: GP refit  (92 labelled)
  → 1ScH2-1  gap=0.549 eV  best=0.025 eV  top50=8  top10%=12
Cycle  84: GP refit  (93 labelled)
  → 2CoFO2-1  gap=2.473 eV  best=0.025 eV  top50=8  top10%=12
Cycle  85: GP refit  (94 labelled)
  → 2HLi3S5-1  gap=3.300 eV  best=0.025 eV  top50=8  top10%=12
Cycle  86: full DKL retrain  (95 labelled)
GP warmup: 20 epochs on initial embeddings
Joint DKL training: 50 epochs
  Epoch 20/50  loss=1.4263
  Epoch 40/50  loss=0.9859
DKL training done in 0.3s
  → 1BiBrTe-1  gap=1.159 eV  best=0.025 eV  top50=8  top10%=12
Cycle  87: GP refit  (96 labelled)
  → 1SrCl2-2  gap=6.202 eV  best=0.025 eV  top50=8  top10%=12
Cycle  88: GP refit  (97 labelled)
  → 2GaHTeO4-1  gap=5.308 eV  best=0.025 eV  top50=8  top10%=12
Cycle  89: GP refit  (98 labelled)
  → 2HTeNa3O4-1  gap=5.379 eV  best=0.025 eV  top50=8  top10%=12
Cycle  90: GP refit  (99 labelled)
  → 1TiS2-2  gap=2.015 eV  best=0.025 eV  top50=8  top10%=12
Cycle  91: full DKL retrain  (100 labelled)
GP warmup: 20 epochs on initial embeddings
Joint DKL training: 50 epochs
  Epoch 20/50  loss=0.5347
  Epoch 40/50  loss=0.0801
DKL training done in 0.3s
  → 2HSeLi3O4-1  gap=5.856 eV  best=0.025 eV  top50=8  top10%=12
Cycle  92: GP refit  (101 labelled)
  → 1CrMo3O8-1  gap=1.351 eV  best=0.025 eV  top50=8  top10%=12
Cycle  93: GP refit  (102 labelled)
  → 2CoHS2-1  gap=1.204 eV  best=0.025 eV  top50=8  top10%=12
Cycle  94: GP refit  (103 labelled)
  → 1TeNb3F7-1  gap=1.719 eV  best=0.025 eV  top50=8  top10%=12
Cycle  95: GP refit  (104 labelled)
  → 2FK-1  gap=7.022 eV  best=0.025 eV  top50=8  top10%=12
Cycle  96: full DKL retrain  (105 labelled)
GP warmup: 20 epochs on initial embeddings
Joint DKL training: 50 epochs
  Epoch 20/50  loss=0.5252
  Epoch 40/50  loss=0.2171
DKL training done in 0.3s
  → 2PtF3-1  gap=2.703 eV  best=0.025 eV  top50=8  top10%=12
Cycle  97: GP refit  (106 labelled)
  → 1GeO2-3  gap=2.945 eV  best=0.025 eV  top50=8  top10%=12
Cycle  98: GP refit  (107 labelled)
  → 1SNb3F7-1  gap=1.872 eV  best=0.025 eV  top50=8  top10%=12
Cycle  99: GP refit  (108 labelled)
  → 4LiSbO2-1  gap=4.432 eV  best=0.025 eV  top50=8  top10%=12
Cycle 100: GP refit  (109 labelled)
  → 2CaClH-1  gap=5.233 eV  best=0.025 eV  top50=8  top10%=12
  gap_min/seed3 → best=0.025 top50=8 top10%=12
BOLoop: 766 materials  |  direction=min  |  top-50 internal threshold=-0.68  top-10% internal threshold=-0.79
Init: 10 random labels  |  best (min) = 0.025
Cycle   1: full DKL retrain  (10 labelled)
GP warmup: 20 epochs on initial embeddings
/home/roy/Desktop/DKL-BO/venv/lib/python3.13/site-packages/torch/_compile.py:54: UserWarning: optimizer contains a parameter group with duplicate parameters; in future, this will cause an error; see github.com/pytorch/pytorch/issues/40967 for more information
  return disable_fn(*args, **kwargs)
Joint DKL training: 50 epochs
  Epoch 20/50  loss=1.2496
  Epoch 40/50  loss=1.1621
DKL training done in 0.3s
  → 1ClIGe2O3-1  gap=1.946 eV  best=0.025 eV  top50=0  top10%=0
Cycle   2: GP refit  (11 labelled)
  → 4LiSbO2-1  gap=4.432 eV  best=0.025 eV  top50=0  top10%=0
Cycle   3: GP refit  (12 labelled)
  → 1ClIZr-1  gap=1.317 eV  best=0.025 eV  top50=0  top10%=0
Cycle   4: GP refit  (13 labelled)
  → 2TeZr-4  gap=0.652 eV  best=0.025 eV  top50=1  top10%=1
Cycle   5: GP refit  (14 labelled)
  → 1CaCl2-2  gap=6.384 eV  best=0.025 eV  top50=1  top10%=1
Cycle   6: full DKL retrain  (15 labelled)
GP warmup: 20 epochs on initial embeddings
Joint DKL training: 50 epochs
  Epoch 20/50  loss=2.3476
  Epoch 40/50  loss=1.1941
DKL training done in 0.3s
  → 4IOSc-1  gap=3.350 eV  best=0.025 eV  top50=1  top10%=1
Cycle   7: GP refit  (16 labelled)
  → 2BiHgIO2-1  gap=2.659 eV  best=0.025 eV  top50=1  top10%=1
Cycle   8: GP refit  (17 labelled)
  → 2AuI-3  gap=1.592 eV  best=0.025 eV  top50=1  top10%=1
Cycle   9: GP refit  (18 labelled)
  → 2CdClSbO2-1  gap=3.951 eV  best=0.025 eV  top50=1  top10%=1
Cycle  10: GP refit  (19 labelled)
  → 2NOsRbSCl5-1  gap=1.486 eV  best=0.025 eV  top50=1  top10%=1
Cycle  11: full DKL retrain  (20 labelled)
GP warmup: 20 epochs on initial embeddings
Joint DKL training: 50 epochs
  Epoch 20/50  loss=1.4708
  Epoch 40/50  loss=0.9279
DKL training done in 0.3s
  → 2IMnSbSe2-2  gap=0.701 eV  best=0.025 eV  top50=1  top10%=2
Cycle  12: GP refit  (21 labelled)
  → 2ClYO2-1  gap=1.184 eV  best=0.025 eV  top50=1  top10%=2
Cycle  13: GP refit  (22 labelled)
  → 1TiCl2-1  gap=1.395 eV  best=0.025 eV  top50=1  top10%=2
Cycle  14: GP refit  (23 labelled)
  → 2AsITe-1  gap=0.417 eV  best=0.025 eV  top50=2  top10%=3
Cycle  15: GP refit  (24 labelled)
  → 2SbTlO3-1  gap=4.173 eV  best=0.025 eV  top50=2  top10%=3
Cycle  16: full DKL retrain  (25 labelled)
GP warmup: 20 epochs on initial embeddings
Joint DKL training: 50 epochs
  Epoch 20/50  loss=24.4884
  Epoch 40/50  loss=3.8697
DKL training done in 0.3s
  → 2IRb-1  gap=4.613 eV  best=0.025 eV  top50=2  top10%=3
Cycle  17: GP refit  (26 labelled)
  → 2KNbF6-1  gap=8.177 eV  best=0.025 eV  top50=2  top10%=3
Cycle  18: GP refit  (27 labelled)
  → 1ZrSe2-2  gap=1.684 eV  best=0.025 eV  top50=2  top10%=3
Cycle  19: GP refit  (28 labelled)
  → 2CCsO3-2  gap=2.628 eV  best=0.025 eV  top50=2  top10%=3
Cycle  20: GP refit  (29 labelled)
  → 1CrTe2-2  gap=0.869 eV  best=0.025 eV  top50=2  top10%=3
Cycle  21: full DKL retrain  (30 labelled)
GP warmup: 20 epochs on initial embeddings
Joint DKL training: 50 epochs
  Epoch 20/50  loss=11.7995
  Epoch 40/50  loss=4.3482
DKL training done in 0.3s
  → 1BrClS4I6In8-1  gap=1.965 eV  best=0.025 eV  top50=2  top10%=3
Cycle  22: GP refit  (31 labelled)
  → 1BrClTi-1  gap=1.297 eV  best=0.025 eV  top50=2  top10%=3
Cycle  23: GP refit  (32 labelled)
  → 1NiZrCl6-1  gap=4.484 eV  best=0.025 eV  top50=2  top10%=3
Cycle  24: GP refit  (33 labelled)
  → 2BrCdSbO2-1  gap=3.518 eV  best=0.025 eV  top50=2  top10%=3
Cycle  25: GP refit  (34 labelled)
  → 2TeTi-4  gap=0.440 eV  best=0.025 eV  top50=3  top10%=4
Cycle  26: full DKL retrain  (35 labelled)
GP warmup: 20 epochs on initial embeddings
Joint DKL training: 50 epochs
  Epoch 20/50  loss=2.2837
  Epoch 40/50  loss=1.1284
DKL training done in 0.3s
  → 2ORh-2  gap=0.062 eV  best=0.025 eV  top50=4  top10%=5
Cycle  27: GP refit  (36 labelled)
  → 2OsO2-1  gap=1.005 eV  best=0.025 eV  top50=4  top10%=5
Cycle  28: GP refit  (37 labelled)
  → 1GaN-1  gap=3.090 eV  best=0.025 eV  top50=4  top10%=5
Cycle  29: GP refit  (38 labelled)
  → 1WAu2S4-1  gap=1.827 eV  best=0.025 eV  top50=4  top10%=5
Cycle  30: GP refit  (39 labelled)
  → 2RuO2-1  gap=0.693 eV  best=0.025 eV  top50=4  top10%=6
Cycle  31: full DKL retrain  (40 labelled)
GP warmup: 20 epochs on initial embeddings
Joint DKL training: 50 epochs
  Epoch 20/50  loss=1.2276
  Epoch 40/50  loss=0.8485
DKL training done in 0.3s
  → 1PdPt3O8-1  gap=2.448 eV  best=0.025 eV  top50=4  top10%=6
Cycle  32: GP refit  (41 labelled)
  → 1BN-1  gap=5.675 eV  best=0.025 eV  top50=4  top10%=6
Cycle  33: GP refit  (42 labelled)
  → 1WCu2Se4-1  gap=2.444 eV  best=0.025 eV  top50=4  top10%=6
Cycle  34: GP refit  (43 labelled)
  → 1Mg3O5-1  gap=2.328 eV  best=0.025 eV  top50=4  top10%=6
Cycle  35: GP refit  (44 labelled)
  → 2RhBr3-2  gap=1.129 eV  best=0.025 eV  top50=4  top10%=6
Cycle  36: full DKL retrain  (45 labelled)
GP warmup: 20 epochs on initial embeddings
Joint DKL training: 50 epochs
  Epoch 20/50  loss=1.0976
  Epoch 40/50  loss=0.7852
DKL training done in 0.3s
  → 2CoAs2I2O3-1  gap=3.183 eV  best=0.025 eV  top50=4  top10%=6
Cycle  37: GP refit  (46 labelled)
  → 2AlHSO4-1  gap=6.800 eV  best=0.025 eV  top50=4  top10%=6
Cycle  38: GP refit  (47 labelled)
  → 2HNa3S5-1  gap=3.375 eV  best=0.025 eV  top50=4  top10%=6
Cycle  39: GP refit  (48 labelled)
  → 2AuBr-2  gap=1.222 eV  best=0.025 eV  top50=4  top10%=6
Cycle  40: GP refit  (49 labelled)
  → 1WO2-1  gap=2.097 eV  best=0.025 eV  top50=4  top10%=6
Cycle  41: full DKL retrain  (50 labelled)
GP warmup: 20 epochs on initial embeddings
Joint DKL training: 50 epochs
  Epoch 20/50  loss=1.5601
  Epoch 40/50  loss=0.8142
DKL training done in 0.3s
  → 2MoO3-1  gap=3.738 eV  best=0.025 eV  top50=4  top10%=6
Cycle  42: GP refit  (51 labelled)
  → 1TiI2-2  gap=0.828 eV  best=0.025 eV  top50=4  top10%=6
Cycle  43: GP refit  (52 labelled)
  → 2ZrI2-1  gap=0.889 eV  best=0.025 eV  top50=4  top10%=6
Cycle  44: GP refit  (53 labelled)
  → 2BrRhS-2  gap=2.135 eV  best=0.025 eV  top50=4  top10%=6
Cycle  45: GP refit  (54 labelled)
  → 2FK-1  gap=7.022 eV  best=0.025 eV  top50=4  top10%=6
Cycle  46: full DKL retrain  (55 labelled)
GP warmup: 20 epochs on initial embeddings
Joint DKL training: 50 epochs
  Epoch 20/50  loss=1.1227
  Epoch 40/50  loss=0.8118
DKL training done in 0.3s
  → 2BrK-1  gap=5.470 eV  best=0.025 eV  top50=4  top10%=6
Cycle  47: GP refit  (56 labelled)
  → 1SeNb3F7-1  gap=1.807 eV  best=0.025 eV  top50=4  top10%=6
Cycle  48: GP refit  (57 labelled)
  → 1HgTe-1  gap=0.279 eV  best=0.025 eV  top50=5  top10%=7
Cycle  49: GP refit  (58 labelled)
  → 1HgSe-1  gap=0.423 eV  best=0.025 eV  top50=6  top10%=8
Cycle  50: GP refit  (59 labelled)
  → 1BaBr2-2  gap=5.328 eV  best=0.025 eV  top50=6  top10%=8
Cycle  51: full DKL retrain  (60 labelled)
GP warmup: 20 epochs on initial embeddings
Joint DKL training: 50 epochs
  Epoch 20/50  loss=1.0682
  Epoch 40/50  loss=0.7798
DKL training done in 0.3s
  → 2PbTe-3  gap=0.385 eV  best=0.025 eV  top50=7  top10%=9
Cycle  52: GP refit  (61 labelled)
  → 2BrTl-3  gap=3.214 eV  best=0.025 eV  top50=7  top10%=9
Cycle  53: GP refit  (62 labelled)
  → 2PbS-3  gap=0.673 eV  best=0.025 eV  top50=8  top10%=10
Cycle  54: GP refit  (63 labelled)
  → 1PbTe-1  gap=1.500 eV  best=0.025 eV  top50=8  top10%=10
Cycle  55: GP refit  (64 labelled)
  → 1BaBrI-1  gap=5.177 eV  best=0.025 eV  top50=8  top10%=10
Cycle  56: full DKL retrain  (65 labelled)
GP warmup: 20 epochs on initial embeddings
Joint DKL training: 50 epochs
  Epoch 20/50  loss=0.9221
  Epoch 40/50  loss=0.5639
DKL training done in 0.3s
  → 1Nb3I8-1  gap=0.824 eV  best=0.025 eV  top50=8  top10%=10
Cycle  57: GP refit  (66 labelled)
  → 2FRb-1  gap=6.553 eV  best=0.025 eV  top50=8  top10%=10
Cycle  58: GP refit  (67 labelled)
  → 4AuF2-1  gap=1.286 eV  best=0.025 eV  top50=8  top10%=10
Cycle  59: GP refit  (68 labelled)
  → 2AgIBr2-1  gap=2.063 eV  best=0.025 eV  top50=8  top10%=10
Cycle  60: GP refit  (69 labelled)
  → 1SNb3F7-1  gap=1.872 eV  best=0.025 eV  top50=8  top10%=10
Cycle  61: full DKL retrain  (70 labelled)
GP warmup: 20 epochs on initial embeddings
Joint DKL training: 50 epochs
  Epoch 20/50  loss=2.7134
  Epoch 40/50  loss=1.1712
DKL training done in 0.3s
  → 2ClCs-1  gap=5.654 eV  best=0.025 eV  top50=8  top10%=10
Cycle  62: GP refit  (71 labelled)
  → 2ClGa-1  gap=3.220 eV  best=0.025 eV  top50=8  top10%=10
Cycle  63: GP refit  (72 labelled)
  → 1MoTe2-1  gap=1.370 eV  best=0.025 eV  top50=8  top10%=10
Cycle  64: GP refit  (73 labelled)
  → 1AlAs-1  gap=2.028 eV  best=0.025 eV  top50=8  top10%=10
Cycle  65: GP refit  (74 labelled)
  → 1CdCl2N2C4H4-1  gap=3.619 eV  best=0.025 eV  top50=8  top10%=10
Cycle  66: full DKL retrain  (75 labelled)
GP warmup: 20 epochs on initial embeddings
Joint DKL training: 50 epochs
  Epoch 20/50  loss=1.3216
  Epoch 40/50  loss=0.9240
DKL training done in 0.3s
  → 2GaI-1  gap=2.399 eV  best=0.025 eV  top50=8  top10%=10
Cycle  67: GP refit  (76 labelled)
  → 4HgTe-1  gap=0.899 eV  best=0.025 eV  top50=8  top10%=10
Cycle  68: GP refit  (77 labelled)
  → 2ClK-2  gap=6.136 eV  best=0.025 eV  top50=8  top10%=10
Cycle  69: GP refit  (78 labelled)
  → 2BrNbO2-1  gap=3.469 eV  best=0.025 eV  top50=8  top10%=10
Cycle  70: GP refit  (79 labelled)
  → 2IK-2  gap=4.784 eV  best=0.025 eV  top50=8  top10%=10
Cycle  71: full DKL retrain  (80 labelled)
GP warmup: 20 epochs on initial embeddings
Joint DKL training: 50 epochs
  Epoch 20/50  loss=0.8553
  Epoch 40/50  loss=0.4697
DKL training done in 0.3s
  → 1CrO2-2  gap=1.144 eV  best=0.025 eV  top50=8  top10%=10
Cycle  72: GP refit  (81 labelled)
  → 2HLiS-1  gap=5.028 eV  best=0.025 eV  top50=8  top10%=10
Cycle  73: GP refit  (82 labelled)
  → 1WAu2Te4-1  gap=0.792 eV  best=0.025 eV  top50=8  top10%=10
Cycle  74: GP refit  (83 labelled)
  → 1TeNb3Br7-1  gap=1.436 eV  best=0.025 eV  top50=8  top10%=10
Cycle  75: GP refit  (84 labelled)
  → 2OPb-3  gap=1.090 eV  best=0.025 eV  top50=8  top10%=10
Cycle  76: full DKL retrain  (85 labelled)
GP warmup: 20 epochs on initial embeddings
Joint DKL training: 50 epochs
  Epoch 20/50  loss=1.0934
  Epoch 40/50  loss=0.9735
DKL training done in 0.3s
  → 1InSb-1  gap=0.945 eV  best=0.025 eV  top50=8  top10%=10
Cycle  77: GP refit  (86 labelled)
  → 1PbSe2-1  gap=1.847 eV  best=0.025 eV  top50=8  top10%=10
Cycle  78: GP refit  (87 labelled)
  → 2GaHTeO4-1  gap=5.308 eV  best=0.025 eV  top50=8  top10%=10
Cycle  79: GP refit  (88 labelled)
  → 1Cl2Ge2O3-1  gap=4.462 eV  best=0.025 eV  top50=8  top10%=10
Cycle  80: GP refit  (89 labelled)
  → 1WAu2O4-2  gap=4.436 eV  best=0.025 eV  top50=8  top10%=10
Cycle  81: full DKL retrain  (90 labelled)
GP warmup: 20 epochs on initial embeddings
Joint DKL training: 50 epochs
  Epoch 20/50  loss=1.0729
  Epoch 40/50  loss=0.7505
DKL training done in 0.3s
  → 1BaCl2-2  gap=6.099 eV  best=0.025 eV  top50=8  top10%=10
Cycle  82: GP refit  (91 labelled)
  → 2HLi3S5-1  gap=3.300 eV  best=0.025 eV  top50=8  top10%=10
Cycle  83: GP refit  (92 labelled)
  → 1PbI2-2  gap=2.404 eV  best=0.025 eV  top50=8  top10%=10
Cycle  84: GP refit  (93 labelled)
  → 4TaS3-1  gap=0.823 eV  best=0.025 eV  top50=8  top10%=10
Cycle  85: GP refit  (94 labelled)
  → 2ClIn-5  gap=2.997 eV  best=0.025 eV  top50=8  top10%=10
Cycle  86: full DKL retrain  (95 labelled)
GP warmup: 20 epochs on initial embeddings
Joint DKL training: 50 epochs
  Epoch 20/50  loss=0.6324
  Epoch 40/50  loss=0.3462
DKL training done in 0.3s
  → 2IIn-3  gap=2.347 eV  best=0.025 eV  top50=8  top10%=10
Cycle  87: GP refit  (96 labelled)
  → 2BaClF-1  gap=6.969 eV  best=0.025 eV  top50=8  top10%=10
Cycle  88: GP refit  (97 labelled)
  → 2HInTeS4-1  gap=2.900 eV  best=0.025 eV  top50=8  top10%=10
Cycle  89: GP refit  (98 labelled)
  → 4BrCd-1  gap=1.771 eV  best=0.025 eV  top50=8  top10%=10
Cycle  90: GP refit  (99 labelled)
  → 2BrCs-2  gap=5.145 eV  best=0.025 eV  top50=8  top10%=10
Cycle  91: full DKL retrain  (100 labelled)
GP warmup: 20 epochs on initial embeddings
Joint DKL training: 50 epochs
  Epoch 20/50  loss=0.4424
  Epoch 40/50  loss=0.2287
DKL training done in 0.3s
  → 1CdCl2-3  gap=4.344 eV  best=0.025 eV  top50=8  top10%=10
Cycle  92: GP refit  (101 labelled)
  → 1BrCdI-1  gap=3.053 eV  best=0.025 eV  top50=8  top10%=10
Cycle  93: GP refit  (102 labelled)
  → 1Cd2Mn3O8-1  gap=3.208 eV  best=0.025 eV  top50=8  top10%=10
Cycle  94: GP refit  (103 labelled)
  → 1MoAu2Te4-1  gap=0.677 eV  best=0.025 eV  top50=9  top10%=11
Cycle  95: GP refit  (104 labelled)
  → 1BaBrCl-1  gap=6.257 eV  best=0.025 eV  top50=9  top10%=11
Cycle  96: full DKL retrain  (105 labelled)
GP warmup: 20 epochs on initial embeddings
Joint DKL training: 50 epochs
  Epoch 20/50  loss=0.2834
  Epoch 40/50  loss=0.0569
DKL training done in 0.3s
  → 2TeTl-2  gap=0.681 eV  best=0.025 eV  top50=9  top10%=12
Cycle  97: GP refit  (106 labelled)
  → 1HgS-1  gap=0.724 eV  best=0.025 eV  top50=9  top10%=13
Cycle  98: GP refit  (107 labelled)
  → 1WAg2Te4-1  gap=1.318 eV  best=0.025 eV  top50=9  top10%=13
Cycle  99: GP refit  (108 labelled)
  → 1CdClHS-1  gap=3.853 eV  best=0.025 eV  top50=9  top10%=13
Cycle 100: GP refit  (109 labelled)
  → 2InTe-1  gap=1.812 eV  best=0.025 eV  top50=9  top10%=13
  gap_min/seed4 → best=0.025 top50=9 top10%=13
BOLoop: 766 materials  |  direction=min  |  top-50 internal threshold=-0.68  top-10% internal threshold=-0.79
Init: 10 random labels  |  best (min) = 0.337
Cycle   1: full DKL retrain  (10 labelled)
GP warmup: 20 epochs on initial embeddings
/home/roy/Desktop/DKL-BO/venv/lib/python3.13/site-packages/torch/_compile.py:54: UserWarning: optimizer contains a parameter group with duplicate parameters; in future, this will cause an error; see github.com/pytorch/pytorch/issues/40967 for more information
  return disable_fn(*args, **kwargs)
Joint DKL training: 50 epochs
  Epoch 20/50  loss=1.3369
  Epoch 40/50  loss=1.2447
DKL training done in 0.3s
  → 2ClCs-1  gap=5.654 eV  best=0.337 eV  top50=0  top10%=0
Cycle   2: GP refit  (11 labelled)
  → 1PdZrI6-1  gap=1.341 eV  best=0.337 eV  top50=0  top10%=0
Cycle   3: GP refit  (12 labelled)
  → 1CdHIS-1  gap=2.851 eV  best=0.337 eV  top50=0  top10%=0
Cycle   4: GP refit  (13 labelled)
  → 2RhTaS4-1  gap=1.231 eV  best=0.337 eV  top50=0  top10%=0
Cycle   5: GP refit  (14 labelled)
  → 2IRhS-2  gap=1.665 eV  best=0.337 eV  top50=0  top10%=0
Cycle   6: full DKL retrain  (15 labelled)
GP warmup: 20 epochs on initial embeddings
Joint DKL training: 50 epochs
  Epoch 20/50  loss=0.9459
  Epoch 40/50  loss=0.5908
DKL training done in 0.3s
  → 1NiPd3Se8-1  gap=0.702 eV  best=0.337 eV  top50=0  top10%=1
Cycle   7: GP refit  (16 labelled)
  → 1CrSe2-1  gap=1.128 eV  best=0.337 eV  top50=0  top10%=1
Cycle   8: GP refit  (17 labelled)
  → 1BN-1  gap=5.675 eV  best=0.337 eV  top50=0  top10%=1
Cycle   9: GP refit  (18 labelled)
  → 1SeTa3I7-1  gap=1.256 eV  best=0.337 eV  top50=0  top10%=1
Cycle  10: GP refit  (19 labelled)
  → 1BSb-1  gap=0.551 eV  best=0.337 eV  top50=1  top10%=2
Cycle  11: full DKL retrain  (20 labelled)
GP warmup: 20 epochs on initial embeddings
Joint DKL training: 50 epochs
  Epoch 20/50  loss=0.6174
  Epoch 40/50  loss=0.4302
DKL training done in 0.3s
  → 2FeSe2-1  gap=1.053 eV  best=0.337 eV  top50=1  top10%=2
Cycle  12: GP refit  (21 labelled)
  → 1SNb3F7-1  gap=1.872 eV  best=0.337 eV  top50=1  top10%=2
Cycle  13: GP refit  (22 labelled)
  → 2SeZr-4  gap=0.355 eV  best=0.337 eV  top50=2  top10%=3
Cycle  14: GP refit  (23 labelled)
  → 1ZrSe2-2  gap=1.684 eV  best=0.337 eV  top50=2  top10%=3
Cycle  15: GP refit  (24 labelled)
  → 2TeZr-4  gap=0.652 eV  best=0.337 eV  top50=3  top10%=4
Cycle  16: full DKL retrain  (25 labelled)
GP warmup: 20 epochs on initial embeddings
Joint DKL training: 50 epochs
  Epoch 20/50  loss=0.7568
  Epoch 40/50  loss=0.6049
DKL training done in 0.3s
  → 1HgTe-1  gap=0.279 eV  best=0.279 eV  top50=4  top10%=5
Cycle  17: GP refit  (26 labelled)
  → 1BP-1  gap=1.362 eV  best=0.279 eV  top50=4  top10%=5
Cycle  18: GP refit  (27 labelled)
  → 1MoAu2Te4-1  gap=0.677 eV  best=0.279 eV  top50=5  top10%=6
Cycle  19: GP refit  (28 labelled)
  → 2OsTe2-1  gap=1.379 eV  best=0.279 eV  top50=5  top10%=6
Cycle  20: GP refit  (29 labelled)
  → 4HgTe-1  gap=0.899 eV  best=0.279 eV  top50=5  top10%=6
Cycle  21: full DKL retrain  (30 labelled)
GP warmup: 20 epochs on initial embeddings
Joint DKL training: 50 epochs
  Epoch 20/50  loss=0.5000
  Epoch 40/50  loss=0.3475
DKL training done in 0.3s
  → 1InSb-1  gap=0.945 eV  best=0.279 eV  top50=5  top10%=6
Cycle  22: GP refit  (31 labelled)
  → 1PdSe2-2  gap=0.266 eV  best=0.266 eV  top50=6  top10%=7
Cycle  23: GP refit  (32 labelled)
  → 2BiIn-1  gap=0.138 eV  best=0.138 eV  top50=7  top10%=8
Cycle  24: GP refit  (33 labelled)
  → 1MnNbSe4-1  gap=0.598 eV  best=0.138 eV  top50=8  top10%=9
Cycle  25: GP refit  (34 labelled)
  → 1N2O2Zr3-1  gap=0.616 eV  best=0.138 eV  top50=9  top10%=10
Cycle  26: full DKL retrain  (35 labelled)
GP warmup: 20 epochs on initial embeddings
Joint DKL training: 50 epochs
  Epoch 20/50  loss=0.2151
  Epoch 40/50  loss=0.0320
DKL training done in 0.3s
  → 1AlN-1  gap=4.048 eV  best=0.138 eV  top50=9  top10%=10
Cycle  27: GP refit  (36 labelled)
  → 1BiITe-2  gap=0.995 eV  best=0.138 eV  top50=9  top10%=10
Cycle  28: GP refit  (37 labelled)
  → 1BiITe-1  gap=0.929 eV  best=0.138 eV  top50=9  top10%=10
Cycle  29: GP refit  (38 labelled)
  → 1WAu2Te4-1  gap=0.792 eV  best=0.138 eV  top50=9  top10%=10
Cycle  30: GP refit  (39 labelled)
  → 1C2O2Zr3-1  gap=0.961 eV  best=0.138 eV  top50=9  top10%=10
Cycle  31: full DKL retrain  (40 labelled)
GP warmup: 20 epochs on initial embeddings
Joint DKL training: 50 epochs
  Epoch 20/50  loss=0.4553
  Epoch 40/50  loss=0.3362
DKL training done in 0.3s
  → 1InN-1  gap=1.565 eV  best=0.138 eV  top50=9  top10%=10
Cycle  32: GP refit  (41 labelled)
  → 1NiSSeZr-1  gap=1.881 eV  best=0.138 eV  top50=9  top10%=10
Cycle  33: GP refit  (42 labelled)
  → 4AsPdTe-1  gap=0.967 eV  best=0.138 eV  top50=9  top10%=10
Cycle  34: GP refit  (43 labelled)
  → 4TaS3-1  gap=0.823 eV  best=0.138 eV  top50=9  top10%=10
Cycle  35: GP refit  (44 labelled)
  → 4AsPdSe-1  gap=1.283 eV  best=0.138 eV  top50=9  top10%=10
Cycle  36: full DKL retrain  (45 labelled)
GP warmup: 20 epochs on initial embeddings
Joint DKL training: 50 epochs
  Epoch 20/50  loss=0.3223
  Epoch 40/50  loss=0.1476
DKL training done in 0.3s
  → 2AlTe-1  gap=2.363 eV  best=0.138 eV  top50=9  top10%=10
Cycle  37: GP refit  (46 labelled)
  → 2AlSe-1  gap=2.721 eV  best=0.138 eV  top50=9  top10%=10
Cycle  38: GP refit  (47 labelled)
  → 1CSiH2-1  gap=4.871 eV  best=0.138 eV  top50=9  top10%=10
Cycle  39: GP refit  (48 labelled)
  → 2AuTe-3  gap=0.078 eV  best=0.078 eV  top50=10  top10%=11
Cycle  40: GP refit  (49 labelled)
  → 1TeNb3I7-1  gap=1.241 eV  best=0.078 eV  top50=10  top10%=11
Cycle  41: full DKL retrain  (50 labelled)
GP warmup: 20 epochs on initial embeddings
Joint DKL training: 50 epochs
  Epoch 20/50  loss=0.6230
  Epoch 40/50  loss=0.4574
DKL training done in 0.3s
  → 2AuSe-1  gap=1.561 eV  best=0.078 eV  top50=10  top10%=11
Cycle  42: GP refit  (51 labelled)
  → 2PbTe-3  gap=0.385 eV  best=0.078 eV  top50=11  top10%=12
Cycle  43: GP refit  (52 labelled)
  → 1PbSe2-1  gap=1.847 eV  best=0.078 eV  top50=11  top10%=12
Cycle  44: GP refit  (53 labelled)
  → 2AuI-3  gap=1.592 eV  best=0.078 eV  top50=11  top10%=12
Cycle  45: GP refit  (54 labelled)
  → 2CrNbTe5-1  gap=0.029 eV  best=0.029 eV  top50=12  top10%=13
Cycle  46: full DKL retrain  (55 labelled)
GP warmup: 20 epochs on initial embeddings
Joint DKL training: 50 epochs
  Epoch 20/50  loss=0.3823
  Epoch 40/50  loss=0.2233
DKL training done in 0.3s
  → 2IrNbTe4-1  gap=0.033 eV  best=0.029 eV  top50=13  top10%=14
Cycle  47: GP refit  (56 labelled)
  → 2IrTaTe4-1  gap=0.119 eV  best=0.029 eV  top50=14  top10%=15
Cycle  48: GP refit  (57 labelled)
  → 1CrTe2-2  gap=0.869 eV  best=0.029 eV  top50=14  top10%=15
Cycle  49: GP refit  (58 labelled)
  → 2FeTe2-1  gap=0.581 eV  best=0.029 eV  top50=15  top10%=16
Cycle  50: GP refit  (59 labelled)
  → 1ZrTe2-2  gap=0.836 eV  best=0.029 eV  top50=15  top10%=16
Cycle  51: full DKL retrain  (60 labelled)
GP warmup: 20 epochs on initial embeddings
Joint DKL training: 50 epochs
  Epoch 20/50  loss=-0.0130
  Epoch 40/50  loss=-0.2353
DKL training done in 0.3s
  → 4PPdSe-1  gap=1.963 eV  best=0.029 eV  top50=15  top10%=16
Cycle  52: GP refit  (61 labelled)
  → 4PPdS-1  gap=2.090 eV  best=0.029 eV  top50=15  top10%=16
Cycle  53: GP refit  (62 labelled)
  → 2AgTe-3  gap=0.756 eV  best=0.029 eV  top50=15  top10%=17
Cycle  54: GP refit  (63 labelled)
  → 1TeTa3I7-1  gap=1.223 eV  best=0.029 eV  top50=15  top10%=17
Cycle  55: GP refit  (64 labelled)
  → 1WCr3Te8-1  gap=0.841 eV  best=0.029 eV  top50=15  top10%=17
Cycle  56: full DKL retrain  (65 labelled)
GP warmup: 20 epochs on initial embeddings
Joint DKL training: 50 epochs
  Epoch 20/50  loss=0.0773
  Epoch 40/50  loss=-0.1153
DKL training done in 0.3s
  → 2HKTe-1  gap=3.400 eV  best=0.029 eV  top50=15  top10%=17
Cycle  57: GP refit  (66 labelled)
  → 2AgTe-2  gap=0.242 eV  best=0.029 eV  top50=16  top10%=18
Cycle  58: GP refit  (67 labelled)
  → 1BiClTe-1  gap=1.198 eV  best=0.029 eV  top50=16  top10%=18
Cycle  59: GP refit  (68 labelled)
  → 1MoCr3Te8-1  gap=0.893 eV  best=0.029 eV  top50=16  top10%=18
Cycle  60: GP refit  (69 labelled)
  → 1BiClTe-2  gap=1.151 eV  best=0.029 eV  top50=16  top10%=18
Cycle  61: full DKL retrain  (70 labelled)
GP warmup: 20 epochs on initial embeddings
Joint DKL training: 50 epochs
  Epoch 20/50  loss=0.0641
  Epoch 40/50  loss=-0.0617
DKL training done in 0.3s
  → 1WAg2Te4-1  gap=1.318 eV  best=0.029 eV  top50=16  top10%=18
Cycle  62: GP refit  (71 labelled)
  → 1CrSeTe-1  gap=0.994 eV  best=0.029 eV  top50=16  top10%=18
Cycle  63: GP refit  (72 labelled)
  → 2CrWTe4-1  gap=0.876 eV  best=0.029 eV  top50=16  top10%=18
Cycle  64: GP refit  (73 labelled)
  → 2CrMoTe4-1  gap=0.980 eV  best=0.029 eV  top50=16  top10%=18
Cycle  65: GP refit  (74 labelled)
  → 1HfZr3Te8-1  gap=0.766 eV  best=0.029 eV  top50=16  top10%=19
Cycle  66: full DKL retrain  (75 labelled)
GP warmup: 20 epochs on initial embeddings
Joint DKL training: 50 epochs
  Epoch 20/50  loss=-0.5209
  Epoch 40/50  loss=-0.7035
DKL training done in 0.3s
  → 2HfZrTe4-1  gap=0.717 eV  best=0.029 eV  top50=16  top10%=20
Cycle  67: GP refit  (76 labelled)
  → 1ZrHf3Te8-1  gap=0.690 eV  best=0.029 eV  top50=16  top10%=21
Cycle  68: GP refit  (77 labelled)
  → 2ORh-2  gap=0.062 eV  best=0.029 eV  top50=17  top10%=22
Cycle  69: GP refit  (78 labelled)
  → 2FRhTe-1  gap=2.115 eV  best=0.029 eV  top50=17  top10%=22
Cycle  70: GP refit  (79 labelled)
  → 2ClRhTe-1  gap=2.113 eV  best=0.029 eV  top50=17  top10%=22
Cycle  71: full DKL retrain  (80 labelled)
GP warmup: 20 epochs on initial embeddings
Joint DKL training: 50 epochs
  Epoch 20/50  loss=-0.1774
  Epoch 40/50  loss=-0.3443
DKL training done in 0.3s
  → 1HfTe2-2  gap=0.665 eV  best=0.029 eV  top50=18  top10%=23
Cycle  72: GP refit  (81 labelled)
  → 2IrO-2  gap=0.230 eV  best=0.029 eV  top50=19  top10%=24
Cycle  73: GP refit  (82 labelled)
  → 2IrSe-3  gap=0.822 eV  best=0.029 eV  top50=19  top10%=24
Cycle  74: GP refit  (83 labelled)
  → 1CrW3Te8-1  gap=0.937 eV  best=0.029 eV  top50=19  top10%=24
Cycle  75: GP refit  (84 labelled)
  → 1N2O2Hf3-1  gap=0.508 eV  best=0.029 eV  top50=20  top10%=25
Cycle  76: full DKL retrain  (85 labelled)
GP warmup: 20 epochs on initial embeddings
Joint DKL training: 50 epochs
  Epoch 20/50  loss=-0.2939
  Epoch 40/50  loss=-0.5269
DKL training done in 0.3s
  → 1CrMo3O8-1  gap=1.351 eV  best=0.029 eV  top50=20  top10%=25
Cycle  77: GP refit  (86 labelled)
  → 1C2O2Hf3-1  gap=0.917 eV  best=0.029 eV  top50=20  top10%=25
Cycle  78: GP refit  (87 labelled)
  → 1HfO2-3  gap=3.726 eV  best=0.029 eV  top50=20  top10%=25
Cycle  79: GP refit  (88 labelled)
  → 2GaI-1  gap=2.399 eV  best=0.029 eV  top50=20  top10%=25
Cycle  80: GP refit  (89 labelled)
  → 2IrS-3  gap=0.713 eV  best=0.029 eV  top50=20  top10%=26
Cycle  81: full DKL retrain  (90 labelled)
GP warmup: 20 epochs on initial embeddings
Joint DKL training: 50 epochs
  Epoch 20/50  loss=0.0262
  Epoch 40/50  loss=-0.2001
DKL training done in 0.3s
  → 1CrO2-2  gap=1.144 eV  best=0.029 eV  top50=20  top10%=26
Cycle  82: GP refit  (91 labelled)
  → 2TeTl-2  gap=0.681 eV  best=0.029 eV  top50=20  top10%=27
Cycle  83: GP refit  (92 labelled)
  → 2ScTe-4  gap=0.718 eV  best=0.029 eV  top50=20  top10%=28
Cycle  84: GP refit  (93 labelled)
  → 1TiZr3Te8-1  gap=0.793 eV  best=0.029 eV  top50=20  top10%=28
Cycle  85: GP refit  (94 labelled)
  → 2IIrTe-2  gap=1.671 eV  best=0.029 eV  top50=20  top10%=28
Cycle  86: full DKL retrain  (95 labelled)
GP warmup: 20 epochs on initial embeddings
Joint DKL training: 50 epochs
  Epoch 20/50  loss=-0.3347
  Epoch 40/50  loss=-0.5042
DKL training done in 0.4s
  → 2ClNbO2-1  gap=4.453 eV  best=0.029 eV  top50=20  top10%=28
Cycle  87: GP refit  (96 labelled)
  → 2InTe-1  gap=1.812 eV  best=0.029 eV  top50=20  top10%=28
Cycle  88: GP refit  (97 labelled)
  → 2BaBi2S4-1  gap=2.313 eV  best=0.029 eV  top50=20  top10%=28
Cycle  89: GP refit  (98 labelled)
  → 1TiHf3Te8-1  gap=0.688 eV  best=0.029 eV  top50=20  top10%=29
Cycle  90: GP refit  (99 labelled)
  → 4AsPdS-1  gap=1.501 eV  best=0.029 eV  top50=20  top10%=29
Cycle  91: full DKL retrain  (100 labelled)
GP warmup: 20 epochs on initial embeddings
Joint DKL training: 50 epochs
  Epoch 20/50  loss=0.1655
  Epoch 40/50  loss=-0.0737
DKL training done in 0.3s
  → 2HfTiTe4-1  gap=0.692 eV  best=0.029 eV  top50=20  top10%=30
Cycle  92: GP refit  (101 labelled)
  → 2TiZrTe4-1  gap=0.744 eV  best=0.029 eV  top50=20  top10%=31
Cycle  93: GP refit  (102 labelled)
  → 1HfTi3Te8-1  gap=0.724 eV  best=0.029 eV  top50=20  top10%=32
Cycle  94: GP refit  (103 labelled)
  → 1ZrTi3Te8-1  gap=0.722 eV  best=0.029 eV  top50=20  top10%=33
Cycle  95: GP refit  (104 labelled)
  → 2TeTi-4  gap=0.440 eV  best=0.029 eV  top50=21  top10%=34
Cycle  96: full DKL retrain  (105 labelled)
GP warmup: 20 epochs on initial embeddings
Joint DKL training: 50 epochs
  Epoch 20/50  loss=-0.4868
  Epoch 40/50  loss=-0.7767
DKL training done in 0.4s
  → 2P2O3-2  gap=5.363 eV  best=0.029 eV  top50=21  top10%=34
Cycle  97: GP refit  (106 labelled)
  → 1BiBrTe-1  gap=1.159 eV  best=0.029 eV  top50=21  top10%=34
Cycle  98: GP refit  (107 labelled)
  → 1SeTeTi-2  gap=0.600 eV  best=0.029 eV  top50=22  top10%=35
Cycle  99: GP refit  (108 labelled)
  → 1CrMo3Te8-1  gap=1.105 eV  best=0.029 eV  top50=22  top10%=35
Cycle 100: GP refit  (109 labelled)
  → 1BiBrTe-2  gap=1.162 eV  best=0.029 eV  top50=22  top10%=35
  gap_min/seed5 → best=0.029 top50=22 top10%=35
BOLoop: 766 materials  |  direction=min  |  top-50 internal threshold=-0.68  top-10% internal threshold=-0.79
Init: 10 random labels  |  best (min) = 0.279
Cycle   1: full DKL retrain  (10 labelled)
GP warmup: 20 epochs on initial embeddings
/home/roy/Desktop/DKL-BO/venv/lib/python3.13/site-packages/torch/_compile.py:54: UserWarning: optimizer contains a parameter group with duplicate parameters; in future, this will cause an error; see github.com/pytorch/pytorch/issues/40967 for more information
  return disable_fn(*args, **kwargs)
Joint DKL training: 50 epochs
  Epoch 20/50  loss=1.8445
  Epoch 40/50  loss=1.7410
DKL training done in 0.3s
  → 2TlCl2-1  gap=2.820 eV  best=0.279 eV  top50=0  top10%=0
Cycle   2: GP refit  (11 labelled)
  → 1WAg2Te4-1  gap=1.318 eV  best=0.279 eV  top50=0  top10%=0
Cycle   3: GP refit  (12 labelled)
  → 1GeSe-1  gap=2.915 eV  best=0.279 eV  top50=0  top10%=0
Cycle   4: GP refit  (13 labelled)
  → 4HgTe-1  gap=0.899 eV  best=0.279 eV  top50=0  top10%=0
Cycle   5: GP refit  (14 labelled)
  → 2TeZr-4  gap=0.652 eV  best=0.279 eV  top50=1  top10%=1
Cycle   6: full DKL retrain  (15 labelled)
GP warmup: 20 epochs on initial embeddings
Joint DKL training: 50 epochs
  Epoch 20/50  loss=1.0688
  Epoch 40/50  loss=0.8602
DKL training done in 0.3s
  → 1PbTe-1  gap=1.500 eV  best=0.279 eV  top50=1  top10%=1
Cycle   7: GP refit  (16 labelled)
  → 1TiBr2-1  gap=1.166 eV  best=0.279 eV  top50=1  top10%=1
Cycle   8: GP refit  (17 labelled)
  → 1PbSe2-1  gap=1.847 eV  best=0.279 eV  top50=1  top10%=1
Cycle   9: GP refit  (18 labelled)
  → 1PbI2-2  gap=2.404 eV  best=0.279 eV  top50=1  top10%=1
Cycle  10: GP refit  (19 labelled)
  → 2RuTe2-1  gap=1.071 eV  best=0.279 eV  top50=1  top10%=1
Cycle  11: full DKL retrain  (20 labelled)
GP warmup: 20 epochs on initial embeddings
Joint DKL training: 50 epochs
  Epoch 20/50  loss=0.7820
  Epoch 40/50  loss=0.5717
DKL training done in 0.3s
  → 2BrK-1  gap=5.470 eV  best=0.279 eV  top50=1  top10%=1
Cycle  12: GP refit  (21 labelled)
  → 2BiIn-1  gap=0.138 eV  best=0.138 eV  top50=2  top10%=2
Cycle  13: GP refit  (22 labelled)
  → 2AgIBr2-1  gap=2.063 eV  best=0.138 eV  top50=2  top10%=2
Cycle  14: GP refit  (23 labelled)
  → 2ClGa-1  gap=3.220 eV  best=0.138 eV  top50=2  top10%=2
Cycle  15: GP refit  (24 labelled)
  → 2TiZrTe4-1  gap=0.744 eV  best=0.138 eV  top50=2  top10%=3
Cycle  16: full DKL retrain  (25 labelled)
GP warmup: 20 epochs on initial embeddings
Joint DKL training: 50 epochs
  Epoch 20/50  loss=1.1317
  Epoch 40/50  loss=0.9825
DKL training done in 0.3s
  → 1BaBrI-1  gap=5.177 eV  best=0.138 eV  top50=2  top10%=3
Cycle  17: GP refit  (26 labelled)
  → 1HfPdBr6-1  gap=2.003 eV  best=0.138 eV  top50=2  top10%=3
Cycle  18: GP refit  (27 labelled)
  → 1STeIn2-1  gap=1.141 eV  best=0.138 eV  top50=2  top10%=3
Cycle  19: GP refit  (28 labelled)
  → 1HfSTe-2  gap=0.481 eV  best=0.138 eV  top50=3  top10%=4
Cycle  20: GP refit  (29 labelled)
  → 2BrIrTe-2  gap=1.869 eV  best=0.138 eV  top50=3  top10%=4
Cycle  21: full DKL retrain  (30 labelled)
GP warmup: 20 epochs on initial embeddings
Joint DKL training: 50 epochs
  Epoch 20/50  loss=0.9092
  Epoch 40/50  loss=0.7164
DKL training done in 0.3s
  → 2IRb-1  gap=4.613 eV  best=0.138 eV  top50=3  top10%=4
Cycle  22: GP refit  (31 labelled)
  → 2IK-2  gap=4.784 eV  best=0.138 eV  top50=3  top10%=4
Cycle  23: GP refit  (32 labelled)
  → 1TiZr3Te8-1  gap=0.793 eV  best=0.138 eV  top50=3  top10%=4
Cycle  24: GP refit  (33 labelled)
  → 1PdZrBr6-1  gap=1.974 eV  best=0.138 eV  top50=3  top10%=4
Cycle  25: GP refit  (34 labelled)
  → 2HfTiTe4-1  gap=0.692 eV  best=0.138 eV  top50=3  top10%=5
Cycle  26: full DKL retrain  (35 labelled)
GP warmup: 20 epochs on initial embeddings
Joint DKL training: 50 epochs
  Epoch 20/50  loss=1.2056
  Epoch 40/50  loss=0.4360
DKL training done in 0.3s
  → 1HfBr2-1  gap=1.226 eV  best=0.138 eV  top50=3  top10%=5
Cycle  27: GP refit  (36 labelled)
  → 1BrClHf-1  gap=1.361 eV  best=0.138 eV  top50=3  top10%=5
Cycle  28: GP refit  (37 labelled)
  → 2InTe-1  gap=1.812 eV  best=0.138 eV  top50=3  top10%=5
Cycle  29: GP refit  (38 labelled)
  → 1HfS2-2  gap=2.038 eV  best=0.138 eV  top50=3  top10%=5
Cycle  30: GP refit  (39 labelled)
  → 1TiHf3Te8-1  gap=0.688 eV  best=0.138 eV  top50=3  top10%=6
Cycle  31: full DKL retrain  (40 labelled)
GP warmup: 20 epochs on initial embeddings
Joint DKL training: 50 epochs
  Epoch 20/50  loss=0.5065
  Epoch 40/50  loss=0.2863
DKL training done in 0.3s
  → 1ZrTi3Te8-1  gap=0.722 eV  best=0.138 eV  top50=3  top10%=7
Cycle  32: GP refit  (41 labelled)
  → 2TeTi-4  gap=0.440 eV  best=0.138 eV  top50=4  top10%=8
Cycle  33: GP refit  (42 labelled)
  → 1BiFTe-1  gap=1.179 eV  best=0.138 eV  top50=4  top10%=8
Cycle  34: GP refit  (43 labelled)
  → 2BrMnSbS2-2  gap=1.201 eV  best=0.138 eV  top50=4  top10%=8
Cycle  35: GP refit  (44 labelled)
  → 2HfZrTe4-1  gap=0.717 eV  best=0.138 eV  top50=4  top10%=9
Cycle  36: full DKL retrain  (45 labelled)
GP warmup: 20 epochs on initial embeddings
Joint DKL training: 50 epochs
  Epoch 20/50  loss=-0.0463
  Epoch 40/50  loss=-0.3030
DKL training done in 0.3s
  → 1ZrHf3Te8-1  gap=0.690 eV  best=0.138 eV  top50=4  top10%=10
Cycle  37: GP refit  (46 labelled)
  → 1HfTe2-2  gap=0.665 eV  best=0.138 eV  top50=5  top10%=11
Cycle  38: GP refit  (47 labelled)
  → 1HfZr3Te8-1  gap=0.766 eV  best=0.138 eV  top50=5  top10%=12
Cycle  39: GP refit  (48 labelled)
  → 1ZrTe2-2  gap=0.836 eV  best=0.138 eV  top50=5  top10%=12
Cycle  40: GP refit  (49 labelled)
  → 2BaBi2S4-1  gap=2.313 eV  best=0.138 eV  top50=5  top10%=12
Cycle  41: full DKL retrain  (50 labelled)
GP warmup: 20 epochs on initial embeddings
Joint DKL training: 50 epochs
  Epoch 20/50  loss=-0.5536
  Epoch 40/50  loss=-0.9180
DKL training done in 0.3s
  → 1AgCrP2Se6-1  gap=1.789 eV  best=0.138 eV  top50=5  top10%=12
Cycle  42: GP refit  (51 labelled)
  → 1HfSeTe-2  gap=0.637 eV  best=0.138 eV  top50=6  top10%=13
Cycle  43: GP refit  (52 labelled)
  → 2PbTe-3  gap=0.385 eV  best=0.138 eV  top50=7  top10%=14
Cycle  44: GP refit  (53 labelled)
  → 1STeTi-2  gap=0.531 eV  best=0.138 eV  top50=8  top10%=15
Cycle  45: GP refit  (54 labelled)
  → 2RuS2-1  gap=1.583 eV  best=0.138 eV  top50=8  top10%=15
Cycle  46: full DKL retrain  (55 labelled)
GP warmup: 20 epochs on initial embeddings
Joint DKL training: 50 epochs
  Epoch 20/50  loss=0.5240
  Epoch 40/50  loss=-0.3345
DKL training done in 0.3s
  → 2FeSe2-1  gap=1.053 eV  best=0.138 eV  top50=8  top10%=15
Cycle  47: GP refit  (56 labelled)
  → 1MnNbSe4-1  gap=0.598 eV  best=0.138 eV  top50=9  top10%=16
Cycle  48: GP refit  (57 labelled)
  → 1NiPd3Se8-1  gap=0.702 eV  best=0.138 eV  top50=9  top10%=17
Cycle  49: GP refit  (58 labelled)
  → 1HgSe-1  gap=0.423 eV  best=0.138 eV  top50=10  top10%=18
Cycle  50: GP refit  (59 labelled)
  → 2ClIn-5  gap=2.997 eV  best=0.138 eV  top50=10  top10%=18
Cycle  51: full DKL retrain  (60 labelled)
GP warmup: 20 epochs on initial embeddings
Joint DKL training: 50 epochs
  Epoch 20/50  loss=0.3529
  Epoch 40/50  loss=-0.5168
DKL training done in 0.3s
  → 2CCsO3-1  gap=2.664 eV  best=0.138 eV  top50=10  top10%=18
Cycle  52: GP refit  (61 labelled)
  → 1MoOSe-1  gap=1.512 eV  best=0.138 eV  top50=10  top10%=18
Cycle  53: GP refit  (62 labelled)
  → 1N2O2Hf3-1  gap=0.508 eV  best=0.138 eV  top50=11  top10%=19
Cycle  54: GP refit  (63 labelled)
  → 1C2O2Zr3-1  gap=0.961 eV  best=0.138 eV  top50=11  top10%=19
Cycle  55: GP refit  (64 labelled)
  → 4HgSe-1  gap=0.937 eV  best=0.138 eV  top50=11  top10%=19
Cycle  56: full DKL retrain  (65 labelled)
GP warmup: 20 epochs on initial embeddings
Joint DKL training: 50 epochs
  Epoch 20/50  loss=-0.1928
  Epoch 40/50  loss=-0.5768
DKL training done in 0.3s
  → 1CrSe2-1  gap=1.128 eV  best=0.138 eV  top50=11  top10%=19
Cycle  57: GP refit  (66 labelled)
  → 1ScO2-2  gap=3.769 eV  best=0.138 eV  top50=11  top10%=19
Cycle  58: GP refit  (67 labelled)
  → 1C2O2Hf3-1  gap=0.917 eV  best=0.138 eV  top50=11  top10%=19
Cycle  59: GP refit  (68 labelled)
  → 1BN-1  gap=5.675 eV  best=0.138 eV  top50=11  top10%=19
Cycle  60: GP refit  (69 labelled)
  → 1CrS2-1  gap=1.351 eV  best=0.138 eV  top50=11  top10%=19
Cycle  61: full DKL retrain  (70 labelled)
GP warmup: 20 epochs on initial embeddings
Joint DKL training: 50 epochs
  Epoch 20/50  loss=-0.6780
  Epoch 40/50  loss=-0.9368
DKL training done in 0.3s
  → 2OW-1  gap=0.132 eV  best=0.132 eV  top50=12  top10%=20
Cycle  62: GP refit  (71 labelled)
  → 2BrNbO2-1  gap=3.469 eV  best=0.132 eV  top50=12  top10%=20
Cycle  63: GP refit  (72 labelled)
  → 1CSiH2-1  gap=4.871 eV  best=0.132 eV  top50=12  top10%=20
Cycle  64: GP refit  (73 labelled)
  → 1Se3Ni4S5-1  gap=0.610 eV  best=0.132 eV  top50=13  top10%=21
Cycle  65: GP refit  (74 labelled)
  → 2CoHS2-1  gap=1.204 eV  best=0.132 eV  top50=13  top10%=21
Cycle  66: full DKL retrain  (75 labelled)
GP warmup: 20 epochs on initial embeddings
Joint DKL training: 50 epochs
  Epoch 20/50  loss=0.0719
  Epoch 40/50  loss=-0.2760
DKL training done in 0.3s
  → 2OSc-1  gap=1.194 eV  best=0.132 eV  top50=13  top10%=21
Cycle  67: GP refit  (76 labelled)
  → 1CrO2-2  gap=1.144 eV  best=0.132 eV  top50=13  top10%=21
Cycle  68: GP refit  (77 labelled)
  → 2AlHSO4-1  gap=6.800 eV  best=0.132 eV  top50=13  top10%=21
Cycle  69: GP refit  (78 labelled)
  → 2CKO3-1  gap=2.692 eV  best=0.132 eV  top50=13  top10%=21
Cycle  70: GP refit  (79 labelled)
  → 2CdFSbO2-1  gap=3.513 eV  best=0.132 eV  top50=13  top10%=21
Cycle  71: full DKL retrain  (80 labelled)
GP warmup: 20 epochs on initial embeddings
Joint DKL training: 50 epochs
  Epoch 20/50  loss=0.0203
  Epoch 40/50  loss=-0.5028
DKL training done in 0.3s
  → 1WO2-1  gap=2.097 eV  best=0.132 eV  top50=13  top10%=21
Cycle  72: GP refit  (81 labelled)
  → 2HTeLi3O4-1  gap=5.347 eV  best=0.132 eV  top50=13  top10%=21
Cycle  73: GP refit  (82 labelled)
  → 2CoHO2-1  gap=2.596 eV  best=0.132 eV  top50=13  top10%=21
Cycle  74: GP refit  (83 labelled)
  → 4BiLiO2-1  gap=3.784 eV  best=0.132 eV  top50=13  top10%=21
Cycle  75: GP refit  (84 labelled)
  → 1OSW-1  gap=2.257 eV  best=0.132 eV  top50=13  top10%=21
Cycle  76: full DKL retrain  (85 labelled)
GP warmup: 20 epochs on initial embeddings
Joint DKL training: 50 epochs
  Epoch 20/50  loss=-0.0016
  Epoch 40/50  loss=-0.4747
DKL training done in 0.3s
  → 1TiO2-3  gap=3.447 eV  best=0.132 eV  top50=13  top10%=21
Cycle  77: GP refit  (86 labelled)
  → 1PtSeMn2S5-1  gap=1.467 eV  best=0.132 eV  top50=13  top10%=21
Cycle  78: GP refit  (87 labelled)
  → 2BaBrH-1  gap=4.780 eV  best=0.132 eV  top50=13  top10%=21
Cycle  79: GP refit  (88 labelled)
  → 1OTeW-1  gap=1.209 eV  best=0.132 eV  top50=13  top10%=21
Cycle  80: GP refit  (89 labelled)
  → 2RuO2-1  gap=0.693 eV  best=0.132 eV  top50=13  top10%=22
Cycle  81: full DKL retrain  (90 labelled)
GP warmup: 20 epochs on initial embeddings
Joint DKL training: 50 epochs
  Epoch 20/50  loss=-0.3175
  Epoch 40/50  loss=-0.5622
DKL training done in 0.3s
  → 2MoWO4-1  gap=1.840 eV  best=0.132 eV  top50=13  top10%=22
Cycle  82: GP refit  (91 labelled)
  → 1GeO2-3  gap=2.945 eV  best=0.132 eV  top50=13  top10%=22
Cycle  83: GP refit  (92 labelled)
  → 2WO3-1  gap=2.865 eV  best=0.132 eV  top50=13  top10%=22
Cycle  84: GP refit  (93 labelled)
  → 1BP-1  gap=1.362 eV  best=0.132 eV  top50=13  top10%=22
Cycle  85: GP refit  (94 labelled)
  → 2PdSO3-1  gap=2.851 eV  best=0.132 eV  top50=13  top10%=22
Cycle  86: full DKL retrain  (95 labelled)
GP warmup: 20 epochs on initial embeddings
Joint DKL training: 50 epochs
  Epoch 20/50  loss=-0.4102
  Epoch 40/50  loss=-0.6537
DKL training done in 0.3s
  → 2HSLi3O4-1  gap=5.694 eV  best=0.132 eV  top50=13  top10%=22
Cycle  87: GP refit  (96 labelled)
  → 2V2O5-3  gap=3.877 eV  best=0.132 eV  top50=13  top10%=22
Cycle  88: GP refit  (97 labelled)
  → 2HLiS-1  gap=5.028 eV  best=0.132 eV  top50=13  top10%=22
Cycle  89: GP refit  (98 labelled)
  → 1ScH2-1  gap=0.549 eV  best=0.132 eV  top50=14  top10%=23
Cycle  90: GP refit  (99 labelled)
  → 1CrMo3O8-1  gap=1.351 eV  best=0.132 eV  top50=14  top10%=23
Cycle  91: full DKL retrain  (100 labelled)
GP warmup: 20 epochs on initial embeddings
Joint DKL training: 50 epochs
  Epoch 20/50  loss=-0.3391
  Epoch 40/50  loss=-0.6182
DKL training done in 0.3s
  → 1WAu2O4-2  gap=4.436 eV  best=0.132 eV  top50=14  top10%=23
Cycle  92: GP refit  (101 labelled)
  → 1MoO2-1  gap=1.651 eV  best=0.132 eV  top50=14  top10%=23
Cycle  93: GP refit  (102 labelled)
  → 2HSeLi3O4-1  gap=5.856 eV  best=0.132 eV  top50=14  top10%=23
Cycle  94: GP refit  (103 labelled)
  → 1VSe2-1  gap=0.977 eV  best=0.132 eV  top50=14  top10%=23
Cycle  95: GP refit  (104 labelled)
  → 4LiSbO2-1  gap=4.432 eV  best=0.132 eV  top50=14  top10%=23
Cycle  96: full DKL retrain  (105 labelled)
GP warmup: 20 epochs on initial embeddings
Joint DKL training: 50 epochs
  Epoch 20/50  loss=-0.3705
  Epoch 40/50  loss=-0.6734
DKL training done in 0.3s
  → 1MoOTe-1  gap=0.867 eV  best=0.132 eV  top50=14  top10%=23
Cycle  97: GP refit  (106 labelled)
  → 2CoFO2-1  gap=2.473 eV  best=0.132 eV  top50=14  top10%=23
Cycle  98: GP refit  (107 labelled)
  → 1Cd2Mn3O8-1  gap=3.208 eV  best=0.132 eV  top50=14  top10%=23
Cycle  99: GP refit  (108 labelled)
  → 2PVO5-1  gap=4.032 eV  best=0.132 eV  top50=14  top10%=23
Cycle 100: GP refit  (109 labelled)
  → 2ClMoO2-1  gap=1.762 eV  best=0.132 eV  top50=14  top10%=23
  gap_min/seed6 → best=0.132 top50=14 top10%=23
BOLoop: 766 materials  |  direction=min  |  top-50 internal threshold=-0.68  top-10% internal threshold=-0.79
Init: 10 random labels  |  best (min) = 0.078
Cycle   1: full DKL retrain  (10 labelled)
GP warmup: 20 epochs on initial embeddings
/home/roy/Desktop/DKL-BO/venv/lib/python3.13/site-packages/torch/_compile.py:54: UserWarning: optimizer contains a parameter group with duplicate parameters; in future, this will cause an error; see github.com/pytorch/pytorch/issues/40967 for more information
  return disable_fn(*args, **kwargs)
Joint DKL training: 50 epochs
  Epoch 20/50  loss=1.7716
  Epoch 40/50  loss=1.6784
DKL training done in 0.3s
  → 1WAu2Te4-1  gap=0.792 eV  best=0.078 eV  top50=0  top10%=0
Cycle   2: GP refit  (11 labelled)
  → 2AuCl-4  gap=0.777 eV  best=0.078 eV  top50=0  top10%=1
Cycle   3: GP refit  (12 labelled)
  → 2ClK-2  gap=6.136 eV  best=0.078 eV  top50=0  top10%=1
Cycle   4: GP refit  (13 labelled)
  → 4AsPdTe-1  gap=0.967 eV  best=0.078 eV  top50=0  top10%=1
Cycle   5: GP refit  (14 labelled)
  → 4AuF2-1  gap=1.286 eV  best=0.078 eV  top50=0  top10%=1
Cycle   6: full DKL retrain  (15 labelled)
GP warmup: 20 epochs on initial embeddings
Joint DKL training: 50 epochs
  Epoch 20/50  loss=0.8174
  Epoch 40/50  loss=0.6382
DKL training done in 0.3s
  → 2AuSe-1  gap=1.561 eV  best=0.078 eV  top50=0  top10%=1
Cycle   7: GP refit  (16 labelled)
  → 2RuTe2-1  gap=1.071 eV  best=0.078 eV  top50=0  top10%=1
Cycle   8: GP refit  (17 labelled)
  → 4AuI2-1  gap=0.880 eV  best=0.078 eV  top50=0  top10%=1
Cycle   9: GP refit  (18 labelled)
  → 2AsTlO3-1  gap=4.438 eV  best=0.078 eV  top50=0  top10%=1
Cycle  10: GP refit  (19 labelled)
  → 1MoAu2Te4-1  gap=0.677 eV  best=0.078 eV  top50=1  top10%=2
Cycle  11: full DKL retrain  (20 labelled)
GP warmup: 20 epochs on initial embeddings
Joint DKL training: 50 epochs
  Epoch 20/50  loss=0.8377
  Epoch 40/50  loss=0.3490
DKL training done in 0.3s
  → 2AuI-3  gap=1.592 eV  best=0.078 eV  top50=1  top10%=2
Cycle  12: GP refit  (21 labelled)
  → 2IrNbTe4-1  gap=0.033 eV  best=0.033 eV  top50=2  top10%=3
Cycle  13: GP refit  (22 labelled)
  → 2IrTaTe4-1  gap=0.119 eV  best=0.033 eV  top50=3  top10%=4
Cycle  14: GP refit  (23 labelled)
  → 1Se3Ni4S5-1  gap=0.610 eV  best=0.033 eV  top50=4  top10%=5
Cycle  15: GP refit  (24 labelled)
  → 2SNi2Se3-1  gap=0.440 eV  best=0.033 eV  top50=5  top10%=6
Cycle  16: full DKL retrain  (25 labelled)
GP warmup: 20 epochs on initial embeddings
Joint DKL training: 50 epochs
  Epoch 20/50  loss=0.0026
  Epoch 40/50  loss=-0.1339
DKL training done in 0.3s
  → 1SnTe-1  gap=2.089 eV  best=0.033 eV  top50=5  top10%=6
Cycle  17: GP refit  (26 labelled)
  → 2CuI-2  gap=3.552 eV  best=0.033 eV  top50=5  top10%=6
Cycle  18: GP refit  (27 labelled)
  → 1CrTe2-2  gap=0.869 eV  best=0.033 eV  top50=5  top10%=6
Cycle  19: GP refit  (28 labelled)
  → 2CrNbTe5-1  gap=0.029 eV  best=0.029 eV  top50=6  top10%=7
Cycle  20: GP refit  (29 labelled)
  → 1WCr3Te8-1  gap=0.841 eV  best=0.029 eV  top50=6  top10%=7
Cycle  21: full DKL retrain  (30 labelled)
GP warmup: 20 epochs on initial embeddings
Joint DKL training: 50 epochs
  Epoch 20/50  loss=2.0837
  Epoch 40/50  loss=0.3660
DKL training done in 0.3s
  → 2ScTe-4  gap=0.718 eV  best=0.029 eV  top50=6  top10%=8
Cycle  22: GP refit  (31 labelled)
  → 1BrTeTi-1  gap=0.763 eV  best=0.029 eV  top50=6  top10%=9
Cycle  23: GP refit  (32 labelled)
  → 1SeTa3F7-1  gap=1.735 eV  best=0.029 eV  top50=6  top10%=9
Cycle  24: GP refit  (33 labelled)
  → 1GaInTe2-1  gap=1.532 eV  best=0.029 eV  top50=6  top10%=9
Cycle  25: GP refit  (34 labelled)
  → 2GaTe-1  gap=1.862 eV  best=0.029 eV  top50=6  top10%=9
Cycle  26: full DKL retrain  (35 labelled)
GP warmup: 20 epochs on initial embeddings
Joint DKL training: 50 epochs
  Epoch 20/50  loss=1.1850
  Epoch 40/50  loss=0.0136
DKL training done in 0.3s
  → 1TeNb3Br7-1  gap=1.436 eV  best=0.029 eV  top50=6  top10%=9
Cycle  27: GP refit  (36 labelled)
  → 2BrIrTe-2  gap=1.869 eV  best=0.029 eV  top50=6  top10%=9
Cycle  28: GP refit  (37 labelled)
  → 2BrNbO2-1  gap=3.469 eV  best=0.029 eV  top50=6  top10%=9
Cycle  29: GP refit  (38 labelled)
  → 2OsTe2-1  gap=1.379 eV  best=0.029 eV  top50=6  top10%=9
Cycle  30: GP refit  (39 labelled)
  → 2IIrTe-2  gap=1.671 eV  best=0.029 eV  top50=6  top10%=9
Cycle  31: full DKL retrain  (40 labelled)
GP warmup: 20 epochs on initial embeddings
Joint DKL training: 50 epochs
  Epoch 20/50  loss=0.6857
  Epoch 40/50  loss=0.5654
DKL training done in 0.4s
  → 2TeTi-4  gap=0.440 eV  best=0.029 eV  top50=7  top10%=10
Cycle  32: GP refit  (41 labelled)
  → 1HfTi3Te8-1  gap=0.724 eV  best=0.029 eV  top50=7  top10%=11
Cycle  33: GP refit  (42 labelled)
  → 1ZrTi3Te8-1  gap=0.722 eV  best=0.029 eV  top50=7  top10%=12
Cycle  34: GP refit  (43 labelled)
  → 2HfTiTe4-1  gap=0.692 eV  best=0.029 eV  top50=7  top10%=13
Cycle  35: GP refit  (44 labelled)
  → 2TiZrTe4-1  gap=0.744 eV  best=0.029 eV  top50=7  top10%=14
Cycle  36: full DKL retrain  (45 labelled)
GP warmup: 20 epochs on initial embeddings
Joint DKL training: 50 epochs
  Epoch 20/50  loss=0.4205
  Epoch 40/50  loss=0.2608
DKL training done in 0.4s
  → 1TeTa3I7-1  gap=1.223 eV  best=0.029 eV  top50=7  top10%=14
Cycle  37: GP refit  (46 labelled)
  → 2FeTe2-1  gap=0.581 eV  best=0.029 eV  top50=8  top10%=15
Cycle  38: GP refit  (47 labelled)
  → 1BrClNi-1  gap=3.508 eV  best=0.029 eV  top50=8  top10%=15
Cycle  39: GP refit  (48 labelled)
  → 2IRhTe-2  gap=1.432 eV  best=0.029 eV  top50=8  top10%=15
Cycle  40: GP refit  (49 labelled)
  → 1MoCr3Te8-1  gap=0.893 eV  best=0.029 eV  top50=8  top10%=15
Cycle  41: full DKL retrain  (50 labelled)
GP warmup: 20 epochs on initial embeddings
Joint DKL training: 50 epochs
  Epoch 20/50  loss=0.6072
  Epoch 40/50  loss=0.3772
DKL training done in 0.4s
  → 1NiPdS4-1  gap=1.153 eV  best=0.029 eV  top50=8  top10%=15
Cycle  42: GP refit  (51 labelled)
  → 4TaS3-1  gap=0.823 eV  best=0.029 eV  top50=8  top10%=15
Cycle  43: GP refit  (52 labelled)
  → 4NbS3-2  gap=1.030 eV  best=0.029 eV  top50=8  top10%=15
Cycle  44: GP refit  (53 labelled)
  → 1STeTi-2  gap=0.531 eV  best=0.029 eV  top50=9  top10%=16
Cycle  45: GP refit  (54 labelled)
  → 2PdTeS3-1  gap=1.818 eV  best=0.029 eV  top50=9  top10%=16
Cycle  46: full DKL retrain  (55 labelled)
GP warmup: 20 epochs on initial embeddings
Joint DKL training: 50 epochs
  Epoch 20/50  loss=0.3591
  Epoch 40/50  loss=0.1104
DKL training done in 0.3s
  → 4TiSe2-1  gap=0.036 eV  best=0.029 eV  top50=10  top10%=17
Cycle  47: GP refit  (56 labelled)
  → 1SeTeTi-2  gap=0.600 eV  best=0.029 eV  top50=11  top10%=18
Cycle  48: GP refit  (57 labelled)
  → 1TeNb3I7-1  gap=1.241 eV  best=0.029 eV  top50=11  top10%=18
Cycle  49: GP refit  (58 labelled)
  → 1OSTi-1  gap=1.777 eV  best=0.029 eV  top50=11  top10%=18
Cycle  50: GP refit  (59 labelled)
  → 1TiSe2-2  gap=1.460 eV  best=0.029 eV  top50=11  top10%=18
Cycle  51: full DKL retrain  (60 labelled)
GP warmup: 20 epochs on initial embeddings
Joint DKL training: 50 epochs
  Epoch 20/50  loss=-0.0751
  Epoch 40/50  loss=-0.2701
DKL training done in 0.3s
  → 1AsBrTe-1  gap=1.839 eV  best=0.029 eV  top50=11  top10%=18
Cycle  52: GP refit  (61 labelled)
  → 2BiIn-1  gap=0.138 eV  best=0.029 eV  top50=12  top10%=19
Cycle  53: GP refit  (62 labelled)
  → 2InSe-1  gap=2.055 eV  best=0.029 eV  top50=12  top10%=19
Cycle  54: GP refit  (63 labelled)
  → 1WAu2Se4-1  gap=1.415 eV  best=0.029 eV  top50=12  top10%=19
Cycle  55: GP refit  (64 labelled)
  → 2AuBr-2  gap=1.222 eV  best=0.029 eV  top50=12  top10%=19
Cycle  56: full DKL retrain  (65 labelled)
GP warmup: 20 epochs on initial embeddings
Joint DKL training: 50 epochs
  Epoch 20/50  loss=0.0567
  Epoch 40/50  loss=-0.1232
DKL training done in 0.3s
  → 1BrCoTe-1  gap=1.810 eV  best=0.029 eV  top50=12  top10%=19
Cycle  57: GP refit  (66 labelled)
  → 1BiITe-1  gap=0.929 eV  best=0.029 eV  top50=12  top10%=19
Cycle  58: GP refit  (67 labelled)
  → 2CrMoTe4-1  gap=0.980 eV  best=0.029 eV  top50=12  top10%=19
Cycle  59: GP refit  (68 labelled)
  → 1BiBrTe-1  gap=1.159 eV  best=0.029 eV  top50=12  top10%=19
Cycle  60: GP refit  (69 labelled)
  → 1VTe2-1  gap=0.854 eV  best=0.029 eV  top50=12  top10%=19
Cycle  61: full DKL retrain  (70 labelled)
GP warmup: 20 epochs on initial embeddings
Joint DKL training: 50 epochs
  Epoch 20/50  loss=-0.0862
  Epoch 40/50  loss=-0.3537
DKL training done in 0.3s
  → 2CrWTe4-1  gap=0.876 eV  best=0.029 eV  top50=12  top10%=19
Cycle  62: GP refit  (71 labelled)
  → 1BiFTe-1  gap=1.179 eV  best=0.029 eV  top50=12  top10%=19
Cycle  63: GP refit  (72 labelled)
  → 1SnS2-3  gap=1.455 eV  best=0.029 eV  top50=12  top10%=19
Cycle  64: GP refit  (73 labelled)
  → 1TiHf3Te8-1  gap=0.688 eV  best=0.029 eV  top50=12  top10%=20
Cycle  65: GP refit  (74 labelled)
  → 1SSeTi-2  gap=1.342 eV  best=0.029 eV  top50=12  top10%=20
Cycle  66: full DKL retrain  (75 labelled)
GP warmup: 20 epochs on initial embeddings
Joint DKL training: 50 epochs
  Epoch 20/50  loss=-0.4080
  Epoch 40/50  loss=-0.5440
DKL training done in 0.3s
  → 1CrW3Te8-1  gap=0.937 eV  best=0.029 eV  top50=12  top10%=20
Cycle  67: GP refit  (76 labelled)
  → 1WTe2-1  gap=1.141 eV  best=0.029 eV  top50=12  top10%=20
Cycle  68: GP refit  (77 labelled)
  → 1HfTe2-2  gap=0.665 eV  best=0.029 eV  top50=13  top10%=21
Cycle  69: GP refit  (78 labelled)
  → 1MoW3Te8-1  gap=1.220 eV  best=0.029 eV  top50=13  top10%=21
Cycle  70: GP refit  (79 labelled)
  → 1STeW-2  gap=0.205 eV  best=0.029 eV  top50=14  top10%=22
Cycle  71: full DKL retrain  (80 labelled)
GP warmup: 20 epochs on initial embeddings
Joint DKL training: 50 epochs
  Epoch 20/50  loss=-0.2197
  Epoch 40/50  loss=-0.4967
DKL training done in 0.3s
  → 1MoSTe-2  gap=0.233 eV  best=0.029 eV  top50=15  top10%=23
Cycle  72: GP refit  (81 labelled)
  → 1ZrHf3Te8-1  gap=0.690 eV  best=0.029 eV  top50=15  top10%=24
Cycle  73: GP refit  (82 labelled)
  → 1HfSSe-1  gap=1.512 eV  best=0.029 eV  top50=15  top10%=24
Cycle  74: GP refit  (83 labelled)
  → 1HfSTe-2  gap=0.481 eV  best=0.029 eV  top50=16  top10%=25
Cycle  75: GP refit  (84 labelled)
  → 2HfZrTe4-1  gap=0.717 eV  best=0.029 eV  top50=16  top10%=26
Cycle  76: full DKL retrain  (85 labelled)
GP warmup: 20 epochs on initial embeddings
Joint DKL training: 50 epochs
  Epoch 20/50  loss=-0.3131
  Epoch 40/50  loss=-0.5023
DKL training done in 0.3s
  → 1HfS2-2  gap=2.038 eV  best=0.029 eV  top50=16  top10%=26
Cycle  77: GP refit  (86 labelled)
  → 1TiZr3Te8-1  gap=0.793 eV  best=0.029 eV  top50=16  top10%=26
Cycle  78: GP refit  (87 labelled)
  → 1HfZr3Te8-1  gap=0.766 eV  best=0.029 eV  top50=16  top10%=27
Cycle  79: GP refit  (88 labelled)
  → 1NiSSeZr-1  gap=1.881 eV  best=0.029 eV  top50=16  top10%=27
Cycle  80: GP refit  (89 labelled)
  → 1HfBr2-1  gap=1.226 eV  best=0.029 eV  top50=16  top10%=27
Cycle  81: full DKL retrain  (90 labelled)
GP warmup: 20 epochs on initial embeddings
Joint DKL training: 50 epochs
  Epoch 20/50  loss=-0.2998
  Epoch 40/50  loss=-0.4714
DKL training done in 0.3s
  → 2IIn-3  gap=2.347 eV  best=0.029 eV  top50=16  top10%=27
Cycle  82: GP refit  (91 labelled)
  → 1ZrTe2-2  gap=0.836 eV  best=0.029 eV  top50=16  top10%=27
Cycle  83: GP refit  (92 labelled)
  → 2InTe-1  gap=1.812 eV  best=0.029 eV  top50=16  top10%=27
Cycle  84: GP refit  (93 labelled)
  → 1HfSeTe-2  gap=0.637 eV  best=0.029 eV  top50=17  top10%=28
Cycle  85: GP refit  (94 labelled)
  → 1PtSeTe-1  gap=1.092 eV  best=0.029 eV  top50=17  top10%=28
Cycle  86: full DKL retrain  (95 labelled)
GP warmup: 20 epochs on initial embeddings
Joint DKL training: 50 epochs
  Epoch 20/50  loss=-0.1435
  Epoch 40/50  loss=-0.3313
DKL training done in 0.3s
  → 1SeTeV-1  gap=0.831 eV  best=0.029 eV  top50=17  top10%=28
Cycle  87: GP refit  (96 labelled)
  → 1CrSeTe-1  gap=0.994 eV  best=0.029 eV  top50=17  top10%=28
Cycle  88: GP refit  (97 labelled)
  → 1CrSTe-1  gap=0.820 eV  best=0.029 eV  top50=17  top10%=28
Cycle  89: GP refit  (98 labelled)
  → 1CrMo3Te8-1  gap=1.105 eV  best=0.029 eV  top50=17  top10%=28
Cycle  90: GP refit  (99 labelled)
  → 2MoWTe4-1  gap=1.279 eV  best=0.029 eV  top50=17  top10%=28
Cycle  91: full DKL retrain  (100 labelled)
GP warmup: 20 epochs on initial embeddings
Joint DKL training: 50 epochs
  Epoch 20/50  loss=-0.5067
  Epoch 40/50  loss=-0.6946
DKL training done in 0.3s
  → 1STeZr-2  gap=0.672 eV  best=0.029 eV  top50=18  top10%=29
Cycle  92: GP refit  (101 labelled)
  → 1SeTeZr-2  gap=0.783 eV  best=0.029 eV  top50=18  top10%=30
Cycle  93: GP refit  (102 labelled)
  → 1AlISe-1  gap=2.186 eV  best=0.029 eV  top50=18  top10%=30
Cycle  94: GP refit  (103 labelled)
  → 2TeZr-4  gap=0.652 eV  best=0.029 eV  top50=19  top10%=31
Cycle  95: GP refit  (104 labelled)
  → 2TiBr2-1  gap=0.817 eV  best=0.029 eV  top50=19  top10%=31
Cycle  96: full DKL retrain  (105 labelled)
GP warmup: 20 epochs on initial embeddings
Joint DKL training: 50 epochs
  Epoch 20/50  loss=-0.4591
  Epoch 40/50  loss=-0.6511
DKL training done in 0.3s
  → 1ZrBr2-1  gap=1.276 eV  best=0.029 eV  top50=19  top10%=31
Cycle  97: GP refit  (106 labelled)
  → 1BrIZr-1  gap=1.174 eV  best=0.029 eV  top50=19  top10%=31
Cycle  98: GP refit  (107 labelled)
  → 1OTeW-1  gap=1.209 eV  best=0.029 eV  top50=19  top10%=31
Cycle  99: GP refit  (108 labelled)
  → 1ZrTi3Se8-1  gap=1.563 eV  best=0.029 eV  top50=19  top10%=31
Cycle 100: GP refit  (109 labelled)
  → 1STeW-1  gap=1.681 eV  best=0.029 eV  top50=19  top10%=31
  gap_min/seed7 → best=0.029 top50=19 top10%=31
BOLoop: 766 materials  |  direction=min  |  top-50 internal threshold=-0.68  top-10% internal threshold=-0.79
Init: 10 random labels  |  best (min) = 0.417
Cycle   1: full DKL retrain  (10 labelled)
GP warmup: 20 epochs on initial embeddings
/home/roy/Desktop/DKL-BO/venv/lib/python3.13/site-packages/torch/_compile.py:54: UserWarning: optimizer contains a parameter group with duplicate parameters; in future, this will cause an error; see github.com/pytorch/pytorch/issues/40967 for more information
  return disable_fn(*args, **kwargs)
Joint DKL training: 50 epochs
  Epoch 20/50  loss=1.7822
  Epoch 40/50  loss=1.6796
DKL training done in 0.3s
  → 1AgAlP2Te6-1  gap=1.065 eV  best=0.417 eV  top50=0  top10%=0
Cycle   2: GP refit  (11 labelled)
  → 1BiITe-1  gap=0.929 eV  best=0.417 eV  top50=0  top10%=0
Cycle   3: GP refit  (12 labelled)
  → 1AgInP2Se6-1  gap=1.707 eV  best=0.417 eV  top50=0  top10%=0
Cycle   4: GP refit  (13 labelled)
  → 1MoTe2-1  gap=1.370 eV  best=0.417 eV  top50=0  top10%=0
Cycle   5: GP refit  (14 labelled)
  → 1BiITe-2  gap=0.995 eV  best=0.417 eV  top50=0  top10%=0
Cycle   6: full DKL retrain  (15 labelled)
GP warmup: 20 epochs on initial embeddings
Joint DKL training: 50 epochs
  Epoch 20/50  loss=0.2482
  Epoch 40/50  loss=-0.1696
DKL training done in 0.3s
  → 1AsIn-1  gap=1.234 eV  best=0.417 eV  top50=0  top10%=0
Cycle   7: GP refit  (16 labelled)
  → 1AsITe-1  gap=1.502 eV  best=0.417 eV  top50=0  top10%=0
Cycle   8: GP refit  (17 labelled)
  → 2TlCl2-1  gap=2.820 eV  best=0.417 eV  top50=0  top10%=0
Cycle   9: GP refit  (18 labelled)
  → 2IRb-1  gap=4.613 eV  best=0.417 eV  top50=0  top10%=0
Cycle  10: GP refit  (19 labelled)
  → 1PbSe2-1  gap=1.847 eV  best=0.417 eV  top50=0  top10%=0
Cycle  11: full DKL retrain  (20 labelled)
GP warmup: 20 epochs on initial embeddings
Joint DKL training: 50 epochs
  Epoch 20/50  loss=4.5693
  Epoch 40/50  loss=0.5169
DKL training done in 0.3s
  → 2As2S3-4  gap=3.247 eV  best=0.417 eV  top50=0  top10%=0
Cycle  12: GP refit  (21 labelled)
  → 1BiISe-1  gap=1.216 eV  best=0.417 eV  top50=0  top10%=0
Cycle  13: GP refit  (22 labelled)
  → 1AsClTe-2  gap=1.824 eV  best=0.417 eV  top50=0  top10%=0
Cycle  14: GP refit  (23 labelled)
  → 1PbTe-1  gap=1.500 eV  best=0.417 eV  top50=0  top10%=0
Cycle  15: GP refit  (24 labelled)
  → 2AgI-2  gap=2.922 eV  best=0.417 eV  top50=0  top10%=0
Cycle  16: full DKL retrain  (25 labelled)
GP warmup: 20 epochs on initial embeddings
Joint DKL training: 50 epochs
  Epoch 20/50  loss=1.9163
  Epoch 40/50  loss=0.7962
DKL training done in 0.3s
  → 1CdI2-3  gap=2.295 eV  best=0.417 eV  top50=0  top10%=0
Cycle  17: GP refit  (26 labelled)
  → 1SnI2-2  gap=2.504 eV  best=0.417 eV  top50=0  top10%=0
Cycle  18: GP refit  (27 labelled)
  → 1SnTe-1  gap=2.089 eV  best=0.417 eV  top50=0  top10%=0
Cycle  19: GP refit  (28 labelled)
  → 2PbTe-3  gap=0.385 eV  best=0.385 eV  top50=1  top10%=1
Cycle  20: GP refit  (29 labelled)
  → 1PbS2-1  gap=2.299 eV  best=0.385 eV  top50=1  top10%=1
Cycle  21: full DKL retrain  (30 labelled)
GP warmup: 20 epochs on initial embeddings
Joint DKL training: 50 epochs
  Epoch 20/50  loss=0.9564
  Epoch 40/50  loss=0.4725
DKL training done in 0.3s
  → 1InSb-1  gap=0.945 eV  best=0.385 eV  top50=1  top10%=1
Cycle  22: GP refit  (31 labelled)
  → 2TeTl-2  gap=0.681 eV  best=0.385 eV  top50=1  top10%=2
Cycle  23: GP refit  (32 labelled)
  → 1HgTe-1  gap=0.279 eV  best=0.279 eV  top50=2  top10%=3
Cycle  24: GP refit  (33 labelled)
  → 2HNaTe-1  gap=3.492 eV  best=0.279 eV  top50=2  top10%=3
Cycle  25: GP refit  (34 labelled)
  → 2ClIn-5  gap=2.997 eV  best=0.279 eV  top50=2  top10%=3
Cycle  26: full DKL retrain  (35 labelled)
GP warmup: 20 epochs on initial embeddings
Joint DKL training: 50 epochs
  Epoch 20/50  loss=1.5486
  Epoch 40/50  loss=0.4080
DKL training done in 0.3s
  → 1HfTe2-2  gap=0.665 eV  best=0.279 eV  top50=3  top10%=4
Cycle  27: GP refit  (36 labelled)
  → 1BrITl2-1  gap=2.587 eV  best=0.279 eV  top50=3  top10%=4
Cycle  28: GP refit  (37 labelled)
  → 2AgTe-3  gap=0.756 eV  best=0.279 eV  top50=3  top10%=5
Cycle  29: GP refit  (38 labelled)
  → 1WAu2Te4-1  gap=0.792 eV  best=0.279 eV  top50=3  top10%=5
Cycle  30: GP refit  (39 labelled)
  → 2ITl-3  gap=2.762 eV  best=0.279 eV  top50=3  top10%=5
Cycle  31: full DKL retrain  (40 labelled)
GP warmup: 20 epochs on initial embeddings
Joint DKL training: 50 epochs
  Epoch 20/50  loss=0.7305
  Epoch 40/50  loss=-0.0037
DKL training done in 0.3s
  → 2InTe-1  gap=1.812 eV  best=0.279 eV  top50=3  top10%=5
Cycle  32: GP refit  (41 labelled)
  → 1WAg2Te4-1  gap=1.318 eV  best=0.279 eV  top50=3  top10%=5
Cycle  33: GP refit  (42 labelled)
  → 1BN-1  gap=5.675 eV  best=0.279 eV  top50=3  top10%=5
Cycle  34: GP refit  (43 labelled)
  → 1BaI2-2  gap=4.274 eV  best=0.279 eV  top50=3  top10%=5
Cycle  35: GP refit  (44 labelled)
  → 2AuSe-1  gap=1.561 eV  best=0.279 eV  top50=3  top10%=5
Cycle  36: full DKL retrain  (45 labelled)
GP warmup: 20 epochs on initial embeddings
Joint DKL training: 50 epochs
  Epoch 20/50  loss=1.1969
  Epoch 40/50  loss=0.0975
DKL training done in 0.3s
  → 1WCu2Te4-1  gap=1.488 eV  best=0.279 eV  top50=3  top10%=5
Cycle  37: GP refit  (46 labelled)
  → 1BiBrTe-2  gap=1.162 eV  best=0.279 eV  top50=3  top10%=5
Cycle  38: GP refit  (47 labelled)
  → 1AlAs-1  gap=2.028 eV  best=0.279 eV  top50=3  top10%=5
Cycle  39: GP refit  (48 labelled)
  → 1GaInTe2-1  gap=1.532 eV  best=0.279 eV  top50=3  top10%=5
Cycle  40: GP refit  (49 labelled)
  → 2BiIn-1  gap=0.138 eV  best=0.138 eV  top50=4  top10%=6
Cycle  41: full DKL retrain  (50 labelled)
GP warmup: 20 epochs on initial embeddings
Joint DKL training: 50 epochs
  Epoch 20/50  loss=2.2825
  Epoch 40/50  loss=0.3652
DKL training done in 0.3s
  → 2RuTe2-1  gap=1.071 eV  best=0.138 eV  top50=4  top10%=6
Cycle  42: GP refit  (51 labelled)
  → 1PdSe2-2  gap=0.266 eV  best=0.138 eV  top50=5  top10%=7
Cycle  43: GP refit  (52 labelled)
  → 4PPdSe-1  gap=1.963 eV  best=0.138 eV  top50=5  top10%=7
Cycle  44: GP refit  (53 labelled)
  → 2CrNbTe5-1  gap=0.029 eV  best=0.029 eV  top50=6  top10%=8
Cycle  45: GP refit  (54 labelled)
  → 1AsB-1  gap=1.188 eV  best=0.029 eV  top50=6  top10%=8
Cycle  46: full DKL retrain  (55 labelled)
GP warmup: 20 epochs on initial embeddings
Joint DKL training: 50 epochs
  Epoch 20/50  loss=0.6948
  Epoch 40/50  loss=0.3498
DKL training done in 0.3s
  → 1BP-1  gap=1.362 eV  best=0.029 eV  top50=6  top10%=8
Cycle  47: GP refit  (56 labelled)
  → 2CuF-2  gap=0.477 eV  best=0.029 eV  top50=7  top10%=9
Cycle  48: GP refit  (57 labelled)
  → 1TeNb3F7-1  gap=1.719 eV  best=0.029 eV  top50=7  top10%=9
Cycle  49: GP refit  (58 labelled)
  → 4AsNiS-1  gap=1.507 eV  best=0.029 eV  top50=7  top10%=9
Cycle  50: GP refit  (59 labelled)
  → 2ClCu-4  gap=3.657 eV  best=0.029 eV  top50=7  top10%=9
Cycle  51: full DKL retrain  (60 labelled)
GP warmup: 20 epochs on initial embeddings
Joint DKL training: 50 epochs
  Epoch 20/50  loss=0.5277
  Epoch 40/50  loss=0.1949
DKL training done in 0.3s
  → 2KNbF6-1  gap=8.177 eV  best=0.029 eV  top50=7  top10%=9
Cycle  52: GP refit  (61 labelled)
  → 2FeSe2-1  gap=1.053 eV  best=0.029 eV  top50=7  top10%=9
Cycle  53: GP refit  (62 labelled)
  → 1CrSe2-1  gap=1.128 eV  best=0.029 eV  top50=7  top10%=9
Cycle  54: GP refit  (63 labelled)
  → 1TeTa3F7-1  gap=1.702 eV  best=0.029 eV  top50=7  top10%=9
Cycle  55: GP refit  (64 labelled)
  → 2FeTe2-1  gap=0.581 eV  best=0.029 eV  top50=8  top10%=10
Cycle  56: full DKL retrain  (65 labelled)
GP warmup: 20 epochs on initial embeddings
Joint DKL training: 50 epochs
  Epoch 20/50  loss=1.1834
  Epoch 40/50  loss=0.4459
DKL training done in 0.3s
  → 1CrS2-1  gap=1.351 eV  best=0.029 eV  top50=8  top10%=10
Cycle  57: GP refit  (66 labelled)
  → 1CrO2-2  gap=1.144 eV  best=0.029 eV  top50=8  top10%=10
Cycle  58: GP refit  (67 labelled)
  → 1MoO2-1  gap=1.651 eV  best=0.029 eV  top50=8  top10%=10
Cycle  59: GP refit  (68 labelled)
  → 1MoOSe-1  gap=1.512 eV  best=0.029 eV  top50=8  top10%=10
Cycle  60: GP refit  (69 labelled)
  → 4NiPS-1  gap=2.172 eV  best=0.029 eV  top50=8  top10%=10
Cycle  61: full DKL retrain  (70 labelled)
GP warmup: 20 epochs on initial embeddings
Joint DKL training: 50 epochs
  Epoch 20/50  loss=0.6536
  Epoch 40/50  loss=0.2392
DKL training done in 0.3s
  → 1TiF2-1  gap=2.096 eV  best=0.029 eV  top50=8  top10%=10
Cycle  62: GP refit  (71 labelled)
  → 2SbTlO3-1  gap=4.173 eV  best=0.029 eV  top50=8  top10%=10
Cycle  63: GP refit  (72 labelled)
  → 2FeS2-1  gap=1.331 eV  best=0.029 eV  top50=8  top10%=10
Cycle  64: GP refit  (73 labelled)
  → 2RuO2-1  gap=0.693 eV  best=0.029 eV  top50=8  top10%=11
Cycle  65: GP refit  (74 labelled)
  → 1WO2-1  gap=2.097 eV  best=0.029 eV  top50=8  top10%=11
Cycle  66: full DKL retrain  (75 labelled)
GP warmup: 20 epochs on initial embeddings
Joint DKL training: 50 epochs
  Epoch 20/50  loss=0.7410
  Epoch 40/50  loss=0.4756
DKL training done in 0.3s
  → 2AlO-1  gap=1.849 eV  best=0.029 eV  top50=8  top10%=11
Cycle  67: GP refit  (76 labelled)
  → 1AuInF4-1  gap=2.106 eV  best=0.029 eV  top50=8  top10%=11
Cycle  68: GP refit  (77 labelled)
  → 1CrTe2-2  gap=0.869 eV  best=0.029 eV  top50=8  top10%=11
Cycle  69: GP refit  (78 labelled)
  → 1CrSTe-1  gap=0.820 eV  best=0.029 eV  top50=8  top10%=11
Cycle  70: GP refit  (79 labelled)
  → 1OTeW-1  gap=1.209 eV  best=0.029 eV  top50=8  top10%=11
Cycle  71: full DKL retrain  (80 labelled)
GP warmup: 20 epochs on initial embeddings
Joint DKL training: 50 epochs
  Epoch 20/50  loss=0.5860
  Epoch 40/50  loss=0.2672
DKL training done in 0.3s
  → 1TiZr3Te8-1  gap=0.793 eV  best=0.029 eV  top50=8  top10%=11
Cycle  72: GP refit  (81 labelled)
  → 1AsISe-2  gap=1.052 eV  best=0.029 eV  top50=8  top10%=11
Cycle  73: GP refit  (82 labelled)
  → 2InS-1  gap=2.431 eV  best=0.029 eV  top50=8  top10%=11
Cycle  74: GP refit  (83 labelled)
  → 1SeTeTi-2  gap=0.600 eV  best=0.029 eV  top50=9  top10%=12
Cycle  75: GP refit  (84 labelled)
  → 2CuSe-4  gap=1.116 eV  best=0.029 eV  top50=9  top10%=12
Cycle  76: full DKL retrain  (85 labelled)
GP warmup: 20 epochs on initial embeddings
Joint DKL training: 50 epochs
  Epoch 20/50  loss=0.1384
  Epoch 40/50  loss=-0.3141
DKL training done in 0.3s
  → 2IrNbTe4-1  gap=0.033 eV  best=0.029 eV  top50=10  top10%=13
Cycle  77: GP refit  (86 labelled)
  → 2FRhTe-1  gap=2.115 eV  best=0.029 eV  top50=10  top10%=13
Cycle  78: GP refit  (87 labelled)
  → 2IrTaTe4-1  gap=0.119 eV  best=0.029 eV  top50=11  top10%=14
Cycle  79: GP refit  (88 labelled)
  → 2OsTe2-1  gap=1.379 eV  best=0.029 eV  top50=11  top10%=14
Cycle  80: GP refit  (89 labelled)
  → 1AgCrP2Te6-1  gap=1.137 eV  best=0.029 eV  top50=11  top10%=14
Cycle  81: full DKL retrain  (90 labelled)
GP warmup: 20 epochs on initial embeddings
Joint DKL training: 50 epochs
  Epoch 20/50  loss=0.5157
  Epoch 40/50  loss=0.1524
DKL training done in 0.3s
  → 2PdTeS3-1  gap=1.818 eV  best=0.029 eV  top50=11  top10%=14
Cycle  82: GP refit  (91 labelled)
  → 2HInTeO4-1  gap=5.209 eV  best=0.029 eV  top50=11  top10%=14
Cycle  83: GP refit  (92 labelled)
  → 1TiSe2-2  gap=1.460 eV  best=0.029 eV  top50=11  top10%=14
Cycle  84: GP refit  (93 labelled)
  → 2RuSe2-1  gap=1.595 eV  best=0.029 eV  top50=11  top10%=14
Cycle  85: GP refit  (94 labelled)
  → 1WMo3Te8-1  gap=1.326 eV  best=0.029 eV  top50=11  top10%=14
Cycle  86: full DKL retrain  (95 labelled)
GP warmup: 20 epochs on initial embeddings
Joint DKL training: 50 epochs
  Epoch 20/50  loss=0.0556
  Epoch 40/50  loss=-0.3054
DKL training done in 0.3s
  → 2AlTe-1  gap=2.363 eV  best=0.029 eV  top50=11  top10%=14
Cycle  87: GP refit  (96 labelled)
  → 4AsPdSe-1  gap=1.283 eV  best=0.029 eV  top50=11  top10%=14
Cycle  88: GP refit  (97 labelled)
  → 1AsBrSe-1  gap=1.839 eV  best=0.029 eV  top50=11  top10%=14
Cycle  89: GP refit  (98 labelled)
  → 2AuTe-3  gap=0.078 eV  best=0.029 eV  top50=12  top10%=15
Cycle  90: GP refit  (99 labelled)
  → 1SeBi2S2-1  gap=0.923 eV  best=0.029 eV  top50=12  top10%=15
Cycle  91: full DKL retrain  (100 labelled)
GP warmup: 20 epochs on initial embeddings
Joint DKL training: 50 epochs
  Epoch 20/50  loss=-0.0633
  Epoch 40/50  loss=-0.4420
DKL training done in 0.3s
  → 2IIrTe-2  gap=1.671 eV  best=0.029 eV  top50=12  top10%=15
Cycle  92: GP refit  (101 labelled)
  → 2AgTe-2  gap=0.242 eV  best=0.029 eV  top50=13  top10%=16
Cycle  93: GP refit  (102 labelled)
  → 2AgF-3  gap=2.475 eV  best=0.029 eV  top50=13  top10%=16
Cycle  94: GP refit  (103 labelled)
  → 2FK-1  gap=7.022 eV  best=0.029 eV  top50=13  top10%=16
Cycle  95: GP refit  (104 labelled)
  → 2TeV-4  gap=0.774 eV  best=0.029 eV  top50=13  top10%=17
Cycle  96: full DKL retrain  (105 labelled)
GP warmup: 20 epochs on initial embeddings
Joint DKL training: 50 epochs
  Epoch 20/50  loss=-0.1120
  Epoch 40/50  loss=-0.6157
DKL training done in 0.3s
  → 1HfTi3Te8-1  gap=0.724 eV  best=0.029 eV  top50=13  top10%=18
Cycle  97: GP refit  (106 labelled)
  → 1AgScP2S6-1  gap=3.453 eV  best=0.029 eV  top50=13  top10%=18
Cycle  98: GP refit  (107 labelled)
  → 1AgCrP2Se6-1  gap=1.789 eV  best=0.029 eV  top50=13  top10%=18
Cycle  99: GP refit  (108 labelled)
  → 1ISbTe-2  gap=1.442 eV  best=0.029 eV  top50=13  top10%=18
Cycle 100: GP refit  (109 labelled)
  → 1GeTe-1  gap=1.994 eV  best=0.029 eV  top50=13  top10%=18
  gap_min/seed8 → best=0.029 top50=13 top10%=18
BOLoop: 766 materials  |  direction=min  |  top-50 internal threshold=-0.68  top-10% internal threshold=-0.79
Init: 10 random labels  |  best (min) = 0.266
Cycle   1: full DKL retrain  (10 labelled)
GP warmup: 20 epochs on initial embeddings
/home/roy/Desktop/DKL-BO/venv/lib/python3.13/site-packages/torch/_compile.py:54: UserWarning: optimizer contains a parameter group with duplicate parameters; in future, this will cause an error; see github.com/pytorch/pytorch/issues/40967 for more information
  return disable_fn(*args, **kwargs)
Joint DKL training: 50 epochs
  Epoch 20/50  loss=1.0954
  Epoch 40/50  loss=0.9904
DKL training done in 0.3s
  → 2InSe-1  gap=2.055 eV  best=0.266 eV  top50=0  top10%=0
Cycle   2: GP refit  (11 labelled)
  → 1NiPd3Se8-1  gap=0.702 eV  best=0.266 eV  top50=0  top10%=1
Cycle   3: GP refit  (12 labelled)
  → 2IRb-1  gap=4.613 eV  best=0.266 eV  top50=0  top10%=1
Cycle   4: GP refit  (13 labelled)
  → 2HKTe-1  gap=3.400 eV  best=0.266 eV  top50=0  top10%=1
Cycle   5: GP refit  (14 labelled)
  → 4AsPdTe-1  gap=0.967 eV  best=0.266 eV  top50=0  top10%=1
Cycle   6: full DKL retrain  (15 labelled)
GP warmup: 20 epochs on initial embeddings
Joint DKL training: 50 epochs
  Epoch 20/50  loss=0.3488
  Epoch 40/50  loss=-0.1942
DKL training done in 0.3s
  → 2AuTe-3  gap=0.078 eV  best=0.078 eV  top50=1  top10%=2
Cycle   7: GP refit  (16 labelled)
  → 1HgSe-1  gap=0.423 eV  best=0.078 eV  top50=2  top10%=3
Cycle   8: GP refit  (17 labelled)
  → 1BN-1  gap=5.675 eV  best=0.078 eV  top50=2  top10%=3
Cycle   9: GP refit  (18 labelled)
  → 1PdZrBr6-1  gap=1.974 eV  best=0.078 eV  top50=2  top10%=3
Cycle  10: GP refit  (19 labelled)
  → 1WSe2-1  gap=1.730 eV  best=0.078 eV  top50=2  top10%=3
Cycle  11: full DKL retrain  (20 labelled)
GP warmup: 20 epochs on initial embeddings
Joint DKL training: 50 epochs
  Epoch 20/50  loss=3.4267
  Epoch 40/50  loss=0.7601
DKL training done in 0.3s
  → 2AuSe-1  gap=1.561 eV  best=0.078 eV  top50=2  top10%=3
Cycle  12: GP refit  (21 labelled)
  → 1HgTe-1  gap=0.279 eV  best=0.078 eV  top50=3  top10%=4
Cycle  13: GP refit  (22 labelled)
  → 1NiPdS4-1  gap=1.153 eV  best=0.078 eV  top50=3  top10%=4
Cycle  14: GP refit  (23 labelled)
  → 1HgS-1  gap=0.724 eV  best=0.078 eV  top50=3  top10%=5
Cycle  15: GP refit  (24 labelled)
  → 2TeTl-2  gap=0.681 eV  best=0.078 eV  top50=3  top10%=6
Cycle  16: full DKL retrain  (25 labelled)
GP warmup: 20 epochs on initial embeddings
Joint DKL training: 50 epochs
  Epoch 20/50  loss=3.6478
  Epoch 40/50  loss=-0.1809
DKL training done in 0.3s
  → 4HgTe-1  gap=0.899 eV  best=0.078 eV  top50=3  top10%=6
Cycle  17: GP refit  (26 labelled)
  → 1MoAu2Te4-1  gap=0.677 eV  best=0.078 eV  top50=4  top10%=7
Cycle  18: GP refit  (27 labelled)
  → 2AlTe-1  gap=2.363 eV  best=0.078 eV  top50=4  top10%=7
Cycle  19: GP refit  (28 labelled)
  → 1BaBrI-1  gap=5.177 eV  best=0.078 eV  top50=4  top10%=7
Cycle  20: GP refit  (29 labelled)
  → 2PdTeS3-1  gap=1.818 eV  best=0.078 eV  top50=4  top10%=7
Cycle  21: full DKL retrain  (30 labelled)
GP warmup: 20 epochs on initial embeddings
Joint DKL training: 50 epochs
  Epoch 20/50  loss=2.2747
  Epoch 40/50  loss=1.0124
DKL training done in 0.3s
  → 1MoAu2S4-1  gap=1.621 eV  best=0.078 eV  top50=4  top10%=7
Cycle  22: GP refit  (31 labelled)
  → 1GeTe-1  gap=1.994 eV  best=0.078 eV  top50=4  top10%=7
Cycle  23: GP refit  (32 labelled)
  → 2SeZn-2  gap=3.054 eV  best=0.078 eV  top50=4  top10%=7
Cycle  24: GP refit  (33 labelled)
  → 2SeTl-2  gap=0.891 eV  best=0.078 eV  top50=4  top10%=7
Cycle  25: GP refit  (34 labelled)
  → 1WAu2O4-2  gap=4.436 eV  best=0.078 eV  top50=4  top10%=7
Cycle  26: full DKL retrain  (35 labelled)
GP warmup: 20 epochs on initial embeddings
Joint DKL training: 50 epochs
  Epoch 20/50  loss=3.7098
  Epoch 40/50  loss=1.0361
DKL training done in 0.3s
  → 1ZrBr2-1  gap=1.276 eV  best=0.078 eV  top50=4  top10%=7
Cycle  27: GP refit  (36 labelled)
  → 1TeNb3Br7-1  gap=1.436 eV  best=0.078 eV  top50=4  top10%=7
Cycle  28: GP refit  (37 labelled)
  → 1ZrTi3Te8-1  gap=0.722 eV  best=0.078 eV  top50=4  top10%=8
Cycle  29: GP refit  (38 labelled)
  → 2TeZr-4  gap=0.652 eV  best=0.078 eV  top50=5  top10%=9
Cycle  30: GP refit  (39 labelled)
  → 1BiFTe-1  gap=1.179 eV  best=0.078 eV  top50=5  top10%=9
Cycle  31: full DKL retrain  (40 labelled)
GP warmup: 20 epochs on initial embeddings
Joint DKL training: 50 epochs
  Epoch 20/50  loss=0.9603
  Epoch 40/50  loss=0.2620
DKL training done in 0.3s
  → 1WCr3Te8-1  gap=0.841 eV  best=0.078 eV  top50=5  top10%=9
Cycle  32: GP refit  (41 labelled)
  → 2SbTlO3-1  gap=4.173 eV  best=0.078 eV  top50=5  top10%=9
Cycle  33: GP refit  (42 labelled)
  → 2InTe-1  gap=1.812 eV  best=0.078 eV  top50=5  top10%=9
Cycle  34: GP refit  (43 labelled)
  → 1PbS2-1  gap=2.299 eV  best=0.078 eV  top50=5  top10%=9
Cycle  35: GP refit  (44 labelled)
  → 2STl-2  gap=1.159 eV  best=0.078 eV  top50=5  top10%=9
Cycle  36: full DKL retrain  (45 labelled)
GP warmup: 20 epochs on initial embeddings
Joint DKL training: 50 epochs
  Epoch 20/50  loss=0.6652
  Epoch 40/50  loss=0.1911
DKL training done in 0.3s
  → 1C2F2S2Zr3-1  gap=0.025 eV  best=0.025 eV  top50=6  top10%=10
Cycle  37: GP refit  (46 labelled)
  → 4IOSc-1  gap=3.350 eV  best=0.025 eV  top50=6  top10%=10
Cycle  38: GP refit  (47 labelled)
  → 1OTeW-1  gap=1.209 eV  best=0.025 eV  top50=6  top10%=10
Cycle  39: GP refit  (48 labelled)
  → 1BrTeTi-1  gap=0.763 eV  best=0.025 eV  top50=6  top10%=11
Cycle  40: GP refit  (49 labelled)
  → 4OPb-1  gap=3.731 eV  best=0.025 eV  top50=6  top10%=11
Cycle  41: full DKL retrain  (50 labelled)
GP warmup: 20 epochs on initial embeddings
Joint DKL training: 50 epochs
  Epoch 20/50  loss=1.1511
  Epoch 40/50  loss=0.5179
DKL training done in 0.3s
  → 1HfSeTe-2  gap=0.637 eV  best=0.025 eV  top50=7  top10%=12
Cycle  42: GP refit  (51 labelled)
  → 1SeTeW-1  gap=1.493 eV  best=0.025 eV  top50=7  top10%=12
Cycle  43: GP refit  (52 labelled)
  → 2TeTi-4  gap=0.440 eV  best=0.025 eV  top50=8  top10%=13
Cycle  44: GP refit  (53 labelled)
  → 2HInTeS4-1  gap=2.900 eV  best=0.025 eV  top50=8  top10%=13
Cycle  45: GP refit  (54 labelled)
  → 1WTe2-1  gap=1.141 eV  best=0.025 eV  top50=8  top10%=13
Cycle  46: full DKL retrain  (55 labelled)
GP warmup: 20 epochs on initial embeddings
Joint DKL training: 50 epochs
  Epoch 20/50  loss=0.6302
  Epoch 40/50  loss=0.1725
DKL training done in 0.3s
  → 1Se3Ni4S5-1  gap=0.610 eV  best=0.025 eV  top50=9  top10%=14
Cycle  47: GP refit  (56 labelled)
  → 1SeNi2S3-1  gap=1.350 eV  best=0.025 eV  top50=9  top10%=14
Cycle  48: GP refit  (57 labelled)
  → 1WS2-1  gap=2.055 eV  best=0.025 eV  top50=9  top10%=14
Cycle  49: GP refit  (58 labelled)
  → 1TiF2-1  gap=2.096 eV  best=0.025 eV  top50=9  top10%=14
Cycle  50: GP refit  (59 labelled)
  → 2SNi2Se3-1  gap=0.440 eV  best=0.025 eV  top50=10  top10%=15
Cycle  51: full DKL retrain  (60 labelled)
GP warmup: 20 epochs on initial embeddings
Joint DKL training: 50 epochs
  Epoch 20/50  loss=0.6084
  Epoch 40/50  loss=0.0977
DKL training done in 0.3s
  → 1CrS2-1  gap=1.351 eV  best=0.025 eV  top50=10  top10%=15
Cycle  52: GP refit  (61 labelled)
  → 2AlHSO4-1  gap=6.800 eV  best=0.025 eV  top50=10  top10%=15
Cycle  53: GP refit  (62 labelled)
  → 1CSiF2-1  gap=3.306 eV  best=0.025 eV  top50=10  top10%=15
Cycle  54: GP refit  (63 labelled)
  → 2AlS-1  gap=2.881 eV  best=0.025 eV  top50=10  top10%=15
Cycle  55: GP refit  (64 labelled)
  → 2HLi3S5-1  gap=3.300 eV  best=0.025 eV  top50=10  top10%=15
Cycle  56: full DKL retrain  (65 labelled)
GP warmup: 20 epochs on initial embeddings
Joint DKL training: 50 epochs
  Epoch 20/50  loss=0.5965
  Epoch 40/50  loss=0.2999
DKL training done in 0.3s
  → 1CrSe2-1  gap=1.128 eV  best=0.025 eV  top50=10  top10%=15
Cycle  57: GP refit  (66 labelled)
  → 1OSW-1  gap=2.257 eV  best=0.025 eV  top50=10  top10%=15
Cycle  58: GP refit  (67 labelled)
  → 2CoFO2-1  gap=2.473 eV  best=0.025 eV  top50=10  top10%=15
Cycle  59: GP refit  (68 labelled)
  → 1CSiH2-1  gap=4.871 eV  best=0.025 eV  top50=10  top10%=15
Cycle  60: GP refit  (69 labelled)
  → 1N2O2Hf3-1  gap=0.508 eV  best=0.025 eV  top50=11  top10%=16
Cycle  61: full DKL retrain  (70 labelled)
GP warmup: 20 epochs on initial embeddings
Joint DKL training: 50 epochs
  Epoch 20/50  loss=0.8251
  Epoch 40/50  loss=0.2614
DKL training done in 0.3s
  → 1HfO2-3  gap=3.726 eV  best=0.025 eV  top50=11  top10%=16
Cycle  62: GP refit  (71 labelled)
  → 1N2O2Zr3-1  gap=0.616 eV  best=0.025 eV  top50=12  top10%=17
Cycle  63: GP refit  (72 labelled)
  → 2TiO2-1  gap=5.342 eV  best=0.025 eV  top50=12  top10%=17
Cycle  64: GP refit  (73 labelled)
  → 1BP-1  gap=1.362 eV  best=0.025 eV  top50=12  top10%=17
Cycle  65: GP refit  (74 labelled)
  → 2BrCaF-1  gap=6.385 eV  best=0.025 eV  top50=12  top10%=17
Cycle  66: full DKL retrain  (75 labelled)
GP warmup: 20 epochs on initial embeddings
Joint DKL training: 50 epochs
  Epoch 20/50  loss=0.9036
  Epoch 40/50  loss=0.6145
DKL training done in 0.3s
  → 1TiCl2-1  gap=1.395 eV  best=0.025 eV  top50=12  top10%=17
Cycle  67: GP refit  (76 labelled)
  → 1GaN-1  gap=3.090 eV  best=0.025 eV  top50=12  top10%=17
Cycle  68: GP refit  (77 labelled)
  → 1HfCl2-1  gap=1.471 eV  best=0.025 eV  top50=12  top10%=17
Cycle  69: GP refit  (78 labelled)
  → 1HfI2-1  gap=1.022 eV  best=0.025 eV  top50=12  top10%=17
Cycle  70: GP refit  (79 labelled)
  → 1ScH2-1  gap=0.549 eV  best=0.025 eV  top50=13  top10%=18
Cycle  71: full DKL retrain  (80 labelled)
GP warmup: 20 epochs on initial embeddings
Joint DKL training: 50 epochs
  Epoch 20/50  loss=1.2171
  Epoch 40/50  loss=0.7026
DKL training done in 0.3s
  → 2HfBr2-1  gap=1.334 eV  best=0.025 eV  top50=13  top10%=18
Cycle  72: GP refit  (81 labelled)
  → 2CoHO2-1  gap=2.596 eV  best=0.025 eV  top50=13  top10%=18
Cycle  73: GP refit  (82 labelled)
  → 1AsB-1  gap=1.188 eV  best=0.025 eV  top50=13  top10%=18
Cycle  74: GP refit  (83 labelled)
  → 1BSb-1  gap=0.551 eV  best=0.025 eV  top50=14  top10%=19
Cycle  75: GP refit  (84 labelled)
  → 2BaClH-1  gap=4.823 eV  best=0.025 eV  top50=14  top10%=19
Cycle  76: full DKL retrain  (85 labelled)
GP warmup: 20 epochs on initial embeddings
Joint DKL training: 50 epochs
  Epoch 20/50  loss=0.5899
  Epoch 40/50  loss=0.3027
DKL training done in 0.3s
  → 2CaClH-1  gap=5.233 eV  best=0.025 eV  top50=14  top10%=19
Cycle  77: GP refit  (86 labelled)
  → 2FRhTe-1  gap=2.115 eV  best=0.025 eV  top50=14  top10%=19
Cycle  78: GP refit  (87 labelled)
  → 1BrClHf-1  gap=1.361 eV  best=0.025 eV  top50=14  top10%=19
Cycle  79: GP refit  (88 labelled)
  → 1ScCl2-1  gap=0.736 eV  best=0.025 eV  top50=14  top10%=20
Cycle  80: GP refit  (89 labelled)
  → 2ZrCl2-1  gap=1.161 eV  best=0.025 eV  top50=14  top10%=20
Cycle  81: full DKL retrain  (90 labelled)
GP warmup: 20 epochs on initial embeddings
Joint DKL training: 50 epochs
  Epoch 20/50  loss=0.3752
  Epoch 40/50  loss=0.1214
DKL training done in 0.3s
  → 1CrO2-2  gap=1.144 eV  best=0.025 eV  top50=14  top10%=20
Cycle  82: GP refit  (91 labelled)
  → 1ClIZr-1  gap=1.317 eV  best=0.025 eV  top50=14  top10%=20
Cycle  83: GP refit  (92 labelled)
  → 2OsO2-1  gap=1.005 eV  best=0.025 eV  top50=14  top10%=20
Cycle  84: GP refit  (93 labelled)
  → 1FeHfF6-1  gap=4.951 eV  best=0.025 eV  top50=14  top10%=20
Cycle  85: GP refit  (94 labelled)
  → 1PbCl2-2  gap=3.856 eV  best=0.025 eV  top50=14  top10%=20
Cycle  86: full DKL retrain  (95 labelled)
GP warmup: 20 epochs on initial embeddings
Joint DKL training: 50 epochs
  Epoch 20/50  loss=0.0591
  Epoch 40/50  loss=-0.2536
DKL training done in 0.3s
  → 1CrMo3O8-1  gap=1.351 eV  best=0.025 eV  top50=14  top10%=20
Cycle  87: GP refit  (96 labelled)
  → 1WO2-1  gap=2.097 eV  best=0.025 eV  top50=14  top10%=20
Cycle  88: GP refit  (97 labelled)
  → 2RuO2-1  gap=0.693 eV  best=0.025 eV  top50=14  top10%=21
Cycle  89: GP refit  (98 labelled)
  → 1MoO2-1  gap=1.651 eV  best=0.025 eV  top50=14  top10%=21
Cycle  90: GP refit  (99 labelled)
  → 2HLiO-1  gap=5.612 eV  best=0.025 eV  top50=14  top10%=21
Cycle  91: full DKL retrain  (100 labelled)
GP warmup: 20 epochs on initial embeddings
Joint DKL training: 50 epochs
  Epoch 20/50  loss=0.0237
  Epoch 40/50  loss=-0.3556
DKL training done in 0.3s
  → 1TiO2-3  gap=3.447 eV  best=0.025 eV  top50=14  top10%=21
Cycle  92: GP refit  (101 labelled)
  → 1ScO2-2  gap=3.769 eV  best=0.025 eV  top50=14  top10%=21
Cycle  93: GP refit  (102 labelled)
  → 1PdPt3O8-1  gap=2.448 eV  best=0.025 eV  top50=14  top10%=21
Cycle  94: GP refit  (103 labelled)
  → 2MoWO4-1  gap=1.840 eV  best=0.025 eV  top50=14  top10%=21
Cycle  95: GP refit  (104 labelled)
  → 2GaHTeO4-1  gap=5.308 eV  best=0.025 eV  top50=14  top10%=21
Cycle  96: full DKL retrain  (105 labelled)
GP warmup: 20 epochs on initial embeddings
Joint DKL training: 50 epochs
  Epoch 20/50  loss=-0.2559
  Epoch 40/50  loss=-0.5436
DKL training done in 0.3s
  → 4AsLiO2-1  gap=5.351 eV  best=0.025 eV  top50=14  top10%=21
Cycle  97: GP refit  (106 labelled)
  → 1GeO2-3  gap=2.945 eV  best=0.025 eV  top50=14  top10%=21
Cycle  98: GP refit  (107 labelled)
  → 2ORh-2  gap=0.062 eV  best=0.025 eV  top50=15  top10%=22
Cycle  99: GP refit  (108 labelled)
  → 2IrO-2  gap=0.230 eV  best=0.025 eV  top50=16  top10%=23
Cycle 100: GP refit  (109 labelled)
  → 1SnO2-3  gap=1.956 eV  best=0.025 eV  top50=16  top10%=23
  gap_min/seed9 → best=0.025 top50=16 top10%=23
  [gap_min] done
BOLoop: 766 materials  |  direction=min  |  top-50 internal threshold=0.62  top-10% internal threshold=0.49
Init: 10 random labels  |  best (min) = -0.307
Cycle   1: full DKL retrain  (10 labelled)
GP warmup: 20 epochs on initial embeddings
/home/roy/Desktop/DKL-BO/venv/lib/python3.13/site-packages/torch/_compile.py:54: UserWarning: optimizer contains a parameter group with duplicate parameters; in future, this will cause an error; see github.com/pytorch/pytorch/issues/40967 for more information
  return disable_fn(*args, **kwargs)
Joint DKL training: 50 epochs
  Epoch 20/50  loss=0.8595
  Epoch 40/50  loss=0.7705
DKL training done in 0.3s
  → 1FeBr2-3  gap=-0.054 eV  best=-0.307 eV  top50=0  top10%=0
Cycle   2: GP refit  (11 labelled)
  → 2CsF-1  gap=-0.074 eV  best=-0.307 eV  top50=0  top10%=0
Cycle   3: GP refit  (12 labelled)
  → 2CrWS4-1  gap=0.105 eV  best=-0.307 eV  top50=0  top10%=0
Cycle   4: GP refit  (13 labelled)
  → 1ONb3Cl7-1  gap=0.426 eV  best=-0.307 eV  top50=0  top10%=0
Cycle   5: GP refit  (14 labelled)
  → 1GeS-1  gap=-0.328 eV  best=-0.328 eV  top50=0  top10%=0
Cycle   6: full DKL retrain  (15 labelled)
GP warmup: 20 epochs on initial embeddings
Joint DKL training: 50 epochs
  Epoch 20/50  loss=-0.1407
  Epoch 40/50  loss=-0.2852
DKL training done in 0.3s
  → 4LiSbS2-1  gap=0.010 eV  best=-0.328 eV  top50=0  top10%=0
Cycle   7: GP refit  (16 labelled)
  → 1BaClI-1  gap=0.282 eV  best=-0.328 eV  top50=0  top10%=0
Cycle   8: GP refit  (17 labelled)
  → 4AgF2-2  gap=-0.122 eV  best=-0.328 eV  top50=0  top10%=0
Cycle   9: GP refit  (18 labelled)
  → 2SNi2Se3-1  gap=-0.500 eV  best=-0.500 eV  top50=0  top10%=1
Cycle  10: GP refit  (19 labelled)
  → 1SSeW-1  gap=-0.377 eV  best=-0.500 eV  top50=0  top10%=1
Cycle  11: full DKL retrain  (20 labelled)
GP warmup: 20 epochs on initial embeddings
Joint DKL training: 50 epochs
  Epoch 20/50  loss=-0.9433
  Epoch 40/50  loss=-1.1651
DKL training done in 0.3s
  → 2MoWSe4-1  gap=-0.293 eV  best=-0.500 eV  top50=0  top10%=1
Cycle  12: GP refit  (21 labelled)
  → 1MoSe2-1  gap=-0.308 eV  best=-0.500 eV  top50=0  top10%=1
Cycle  13: GP refit  (22 labelled)
  → 2BrRhSe-1  gap=-0.290 eV  best=-0.500 eV  top50=0  top10%=1
Cycle  14: GP refit  (23 labelled)
  → 1N2O2Hf3-1  gap=-0.164 eV  best=-0.500 eV  top50=0  top10%=1
Cycle  15: GP refit  (24 labelled)
  → 1NiPd3Se8-1  gap=-0.506 eV  best=-0.506 eV  top50=0  top10%=2
Cycle  16: full DKL retrain  (25 labelled)
GP warmup: 20 epochs on initial embeddings
Joint DKL training: 50 epochs
  Epoch 20/50  loss=-0.7600
  Epoch 40/50  loss=-1.1371
DKL training done in 0.3s
  → 1STeW-2  gap=-0.390 eV  best=-0.506 eV  top50=0  top10%=2
Cycle  17: GP refit  (26 labelled)
  → 1Se3Ni4S5-1  gap=-0.138 eV  best=-0.506 eV  top50=0  top10%=2
Cycle  18: GP refit  (27 labelled)
  → 1STeW-1  gap=0.053 eV  best=-0.506 eV  top50=0  top10%=2
Cycle  19: GP refit  (28 labelled)
  → 1PdZnP2Se6-1  gap=-0.020 eV  best=-0.506 eV  top50=0  top10%=2
Cycle  20: GP refit  (29 labelled)
  → 2IIn-3  gap=0.071 eV  best=-0.506 eV  top50=0  top10%=2
Cycle  21: full DKL retrain  (30 labelled)
GP warmup: 20 epochs on initial embeddings
Joint DKL training: 50 epochs
  Epoch 20/50  loss=0.0216
  Epoch 40/50  loss=-0.6793
DKL training done in 0.3s
  → 2WSe2-1  gap=-0.314 eV  best=-0.506 eV  top50=0  top10%=2
Cycle  22: GP refit  (31 labelled)
  → 1NiSSeZr-1  gap=0.425 eV  best=-0.506 eV  top50=0  top10%=2
Cycle  23: GP refit  (32 labelled)
  → 2NiTeS3-1  gap=-0.309 eV  best=-0.506 eV  top50=0  top10%=2
Cycle  24: GP refit  (33 labelled)
  → 4AuI2-1  gap=0.629 eV  best=-0.506 eV  top50=0  top10%=2
Cycle  25: GP refit  (34 labelled)
  → 1CrTe2-2  gap=-0.088 eV  best=-0.506 eV  top50=0  top10%=2
Cycle  26: full DKL retrain  (35 labelled)
GP warmup: 20 epochs on initial embeddings
Joint DKL training: 50 epochs
  Epoch 20/50  loss=-0.3760
  Epoch 40/50  loss=-0.4902
DKL training done in 0.3s
  → 2SbTlO3-1  gap=-0.703 eV  best=-0.703 eV  top50=1  top10%=3
Cycle  27: GP refit  (36 labelled)
  → 2AsTlO3-1  gap=0.034 eV  best=-0.703 eV  top50=1  top10%=3
Cycle  28: GP refit  (37 labelled)
  → 2CoFO2-1  gap=0.772 eV  best=-0.703 eV  top50=1  top10%=3
Cycle  29: GP refit  (38 labelled)
  → 2AsITe-1  gap=-1.281 eV  best=-1.281 eV  top50=2  top10%=4
Cycle  30: GP refit  (39 labelled)
  → 1AsITe-1  gap=0.320 eV  best=-1.281 eV  top50=2  top10%=4
Cycle  31: full DKL retrain  (40 labelled)
GP warmup: 20 epochs on initial embeddings
Joint DKL training: 50 epochs
  Epoch 20/50  loss=0.4786
  Epoch 40/50  loss=-0.1859
DKL training done in 0.3s
  → 2HLi3S5-1  gap=0.103 eV  best=-1.281 eV  top50=2  top10%=4
Cycle  32: GP refit  (41 labelled)
  → 2BiHgIO2-1  gap=0.115 eV  best=-1.281 eV  top50=2  top10%=4
Cycle  33: GP refit  (42 labelled)
  → 1PdSe2-2  gap=0.052 eV  best=-1.281 eV  top50=2  top10%=4
Cycle  34: GP refit  (43 labelled)
  → 2BrCdSbO2-1  gap=0.169 eV  best=-1.281 eV  top50=2  top10%=4
Cycle  35: GP refit  (44 labelled)
  → 1PdPt3O8-1  gap=0.371 eV  best=-1.281 eV  top50=2  top10%=4
Cycle  36: full DKL retrain  (45 labelled)
GP warmup: 20 epochs on initial embeddings
Joint DKL training: 50 epochs
  Epoch 20/50  loss=0.0405
  Epoch 40/50  loss=-0.3022
DKL training done in 0.3s
  → 2HTeNa3O4-1  gap=0.295 eV  best=-1.281 eV  top50=2  top10%=4
Cycle  37: GP refit  (46 labelled)
  → 1HfCl2-1  gap=-0.108 eV  best=-1.281 eV  top50=2  top10%=4
Cycle  38: GP refit  (47 labelled)
  → 1PbTe-1  gap=-0.622 eV  best=-1.281 eV  top50=3  top10%=5
Cycle  39: GP refit  (48 labelled)
  → 1CrW3Te8-1  gap=-0.331 eV  best=-1.281 eV  top50=3  top10%=5
Cycle  40: GP refit  (49 labelled)
  → 2HTeNa3S4-1  gap=0.023 eV  best=-1.281 eV  top50=3  top10%=5
Cycle  41: full DKL retrain  (50 labelled)
GP warmup: 20 epochs on initial embeddings
Joint DKL training: 50 epochs
  Epoch 20/50  loss=0.3474
  Epoch 40/50  loss=-0.0449
DKL training done in 0.3s
  → 2BrCs-2  gap=-0.221 eV  best=-1.281 eV  top50=3  top10%=5
Cycle  42: GP refit  (51 labelled)
  → 1BaI2-2  gap=0.597 eV  best=-1.281 eV  top50=3  top10%=5
Cycle  43: GP refit  (52 labelled)
  → 4IOSc-1  gap=0.131 eV  best=-1.281 eV  top50=3  top10%=5
Cycle  44: GP refit  (53 labelled)
  → 2HKTe-1  gap=-0.310 eV  best=-1.281 eV  top50=3  top10%=5
Cycle  45: GP refit  (54 labelled)
  → 1HfI2-1  gap=-0.211 eV  best=-1.281 eV  top50=3  top10%=5
Cycle  46: full DKL retrain  (55 labelled)
GP warmup: 20 epochs on initial embeddings
Joint DKL training: 50 epochs
  Epoch 20/50  loss=-0.4101
  Epoch 40/50  loss=-0.8372
DKL training done in 0.3s
  → 2TeTl-2  gap=-0.972 eV  best=-1.281 eV  top50=4  top10%=6
Cycle  47: GP refit  (56 labelled)
  → 1PbSe2-1  gap=-0.543 eV  best=-1.281 eV  top50=4  top10%=7
Cycle  48: GP refit  (57 labelled)
  → 1InSb-1  gap=0.248 eV  best=-1.281 eV  top50=4  top10%=7
Cycle  49: GP refit  (58 labelled)
  → 1SnTe-1  gap=-0.411 eV  best=-1.281 eV  top50=4  top10%=7
Cycle  50: GP refit  (59 labelled)
  → 1Ta3I8-1  gap=0.270 eV  best=-1.281 eV  top50=4  top10%=7
Cycle  51: full DKL retrain  (60 labelled)
GP warmup: 20 epochs on initial embeddings
Joint DKL training: 50 epochs
  Epoch 20/50  loss=-0.1749
  Epoch 40/50  loss=-0.5186
DKL training done in 0.3s
  → 2PbTe-3  gap=-0.241 eV  best=-1.281 eV  top50=4  top10%=7
Cycle  52: GP refit  (61 labelled)
  → 2SeTl-2  gap=-0.739 eV  best=-1.281 eV  top50=5  top10%=8
Cycle  53: GP refit  (62 labelled)
  → 1HgSe-1  gap=-1.498 eV  best=-1.498 eV  top50=6  top10%=9
Cycle  54: GP refit  (63 labelled)
  → 2HKSe-1  gap=-0.269 eV  best=-1.498 eV  top50=6  top10%=9
Cycle  55: GP refit  (64 labelled)
  → 2PbSe-1  gap=-1.002 eV  best=-1.498 eV  top50=7  top10%=10
Cycle  56: full DKL retrain  (65 labelled)
GP warmup: 20 epochs on initial embeddings
Joint DKL training: 50 epochs
  Epoch 20/50  loss=-0.2307
  Epoch 40/50  loss=-0.6303
DKL training done in 0.3s
  → 1PbSe-1  gap=-0.390 eV  best=-1.498 eV  top50=7  top10%=10
Cycle  57: GP refit  (66 labelled)
  → 1WAu2Te4-1  gap=0.586 eV  best=-1.498 eV  top50=7  top10%=10
Cycle  58: GP refit  (67 labelled)
  → 2CuI-2  gap=-0.516 eV  best=-1.498 eV  top50=7  top10%=11
Cycle  59: GP refit  (68 labelled)
  → 2PbTe-1  gap=-1.102 eV  best=-1.498 eV  top50=8  top10%=12
Cycle  60: GP refit  (69 labelled)
  → 1HgTe-1  gap=-1.220 eV  best=-1.498 eV  top50=9  top10%=13
Cycle  61: full DKL retrain  (70 labelled)
GP warmup: 20 epochs on initial embeddings
Joint DKL training: 50 epochs
  Epoch 20/50  loss=-0.5609
  Epoch 40/50  loss=-0.8406
DKL training done in 0.3s
  → 2AuTe-3  gap=-0.304 eV  best=-1.498 eV  top50=9  top10%=13
Cycle  62: GP refit  (71 labelled)
  → 2AlTe-1  gap=-0.211 eV  best=-1.498 eV  top50=9  top10%=13
Cycle  63: GP refit  (72 labelled)
  → 4HgSe-1  gap=-0.862 eV  best=-1.498 eV  top50=10  top10%=14
Cycle  64: GP refit  (73 labelled)
  → 2HNaTe-1  gap=-0.387 eV  best=-1.498 eV  top50=10  top10%=14
Cycle  65: GP refit  (74 labelled)
  → 2HfI2-1  gap=0.054 eV  best=-1.498 eV  top50=10  top10%=14
Cycle  66: full DKL retrain  (75 labelled)
GP warmup: 20 epochs on initial embeddings
Joint DKL training: 50 epochs
  Epoch 20/50  loss=-0.6958
  Epoch 40/50  loss=-1.0086
DKL training done in 0.3s
  → 2P2Se3-2  gap=0.282 eV  best=-1.498 eV  top50=10  top10%=14
Cycle  67: GP refit  (76 labelled)
  → 1WAg2Te4-1  gap=0.764 eV  best=-1.498 eV  top50=10  top10%=14
Cycle  68: GP refit  (77 labelled)
  → 2BrCu-3  gap=-0.390 eV  best=-1.498 eV  top50=10  top10%=14
Cycle  69: GP refit  (78 labelled)
  → 2CuSe-4  gap=-0.089 eV  best=-1.498 eV  top50=10  top10%=14
Cycle  70: GP refit  (79 labelled)
  → 1ScCl2-1  gap=0.319 eV  best=-1.498 eV  top50=10  top10%=14
Cycle  71: full DKL retrain  (80 labelled)
GP warmup: 20 epochs on initial embeddings
Joint DKL training: 50 epochs
  Epoch 20/50  loss=-1.0364
  Epoch 40/50  loss=-1.2923
DKL training done in 0.3s
  → 1WCu2Se4-1  gap=0.861 eV  best=-1.498 eV  top50=10  top10%=14
Cycle  72: GP refit  (81 labelled)
  → 1AgScP2S6-1  gap=0.826 eV  best=-1.498 eV  top50=10  top10%=14
Cycle  73: GP refit  (82 labelled)
  → 1WTe2-1  gap=-0.347 eV  best=-1.498 eV  top50=10  top10%=14
Cycle  74: GP refit  (83 labelled)
  → 1AsClSe-2  gap=-0.147 eV  best=-1.498 eV  top50=10  top10%=14
Cycle  75: GP refit  (84 labelled)
  → 4HgTe-1  gap=-0.925 eV  best=-1.498 eV  top50=11  top10%=15
Cycle  76: full DKL retrain  (85 labelled)
GP warmup: 20 epochs on initial embeddings
Joint DKL training: 50 epochs
  Epoch 20/50  loss=0.1299
  Epoch 40/50  loss=-0.1972
DKL training done in 0.3s
  → 1CrSe2-1  gap=-0.038 eV  best=-1.498 eV  top50=11  top10%=15
Cycle  77: GP refit  (86 labelled)
  → 2ClCu-4  gap=-0.275 eV  best=-1.498 eV  top50=11  top10%=15
Cycle  78: GP refit  (87 labelled)
  → 2HgNa2I4-1  gap=-0.215 eV  best=-1.498 eV  top50=11  top10%=15
Cycle  79: GP refit  (88 labelled)
  → 2CuF-2  gap=-0.491 eV  best=-1.498 eV  top50=11  top10%=16
Cycle  80: GP refit  (89 labelled)
  → 2AgTe-3  gap=-0.089 eV  best=-1.498 eV  top50=11  top10%=16
Cycle  81: full DKL retrain  (90 labelled)
GP warmup: 20 epochs on initial embeddings
Joint DKL training: 50 epochs
  Epoch 20/50  loss=-0.6176
  Epoch 40/50  loss=-1.0428
DKL training done in 0.3s
  → 2P2S3-3  gap=0.122 eV  best=-1.498 eV  top50=11  top10%=16
Cycle  82: GP refit  (91 labelled)
  → 1CrISe-1  gap=0.394 eV  best=-1.498 eV  top50=11  top10%=16
Cycle  83: GP refit  (92 labelled)
  → 2ScTe-4  gap=-0.071 eV  best=-1.498 eV  top50=11  top10%=16
Cycle  84: GP refit  (93 labelled)
  → 1AgCrP2Se6-1  gap=-0.278 eV  best=-1.498 eV  top50=11  top10%=16
Cycle  85: GP refit  (94 labelled)
  → 1HgS-1  gap=-1.412 eV  best=-1.498 eV  top50=12  top10%=17
Cycle  86: full DKL retrain  (95 labelled)
GP warmup: 20 epochs on initial embeddings
Joint DKL training: 50 epochs
  Epoch 20/50  loss=-0.2360
  Epoch 40/50  loss=-0.5800
DKL training done in 0.3s
  → 1CrSeTe-1  gap=-0.001 eV  best=-1.498 eV  top50=12  top10%=17
Cycle  87: GP refit  (96 labelled)
  → 1HfTe2-2  gap=-0.278 eV  best=-1.498 eV  top50=12  top10%=17
Cycle  88: GP refit  (97 labelled)
  → 1CrSSe-1  gap=-0.028 eV  best=-1.498 eV  top50=12  top10%=17
Cycle  89: GP refit  (98 labelled)
  → 2CuS-2  gap=-0.094 eV  best=-1.498 eV  top50=12  top10%=17
Cycle  90: GP refit  (99 labelled)
  → 1C2O2Zr3-1  gap=-0.274 eV  best=-1.498 eV  top50=12  top10%=17
Cycle  91: full DKL retrain  (100 labelled)
GP warmup: 20 epochs on initial embeddings
Joint DKL training: 50 epochs
  Epoch 20/50  loss=-0.2364
  Epoch 40/50  loss=-0.6275
DKL training done in 0.3s
  → 1WAu2O4-2  gap=0.492 eV  best=-1.498 eV  top50=12  top10%=17
Cycle  92: GP refit  (101 labelled)
  → 1CrS2-1  gap=-0.059 eV  best=-1.498 eV  top50=12  top10%=17
Cycle  93: GP refit  (102 labelled)
  → 1AlAs-1  gap=-0.875 eV  best=-1.498 eV  top50=13  top10%=18
Cycle  94: GP refit  (103 labelled)
  → 1ZrI2-1  gap=-0.093 eV  best=-1.498 eV  top50=13  top10%=18
Cycle  95: GP refit  (104 labelled)
  → 1ClCrTe-1  gap=0.273 eV  best=-1.498 eV  top50=13  top10%=18
Cycle  96: full DKL retrain  (105 labelled)
GP warmup: 20 epochs on initial embeddings
Joint DKL training: 50 epochs
  Epoch 20/50  loss=-0.7791
  Epoch 40/50  loss=-1.0380
DKL training done in 0.3s
  → 1BP-1  gap=-0.723 eV  best=-1.498 eV  top50=14  top10%=19
Cycle  97: GP refit  (106 labelled)
  → 1ZrO2-3  gap=0.171 eV  best=-1.498 eV  top50=14  top10%=19
Cycle  98: GP refit  (107 labelled)
  → 1AsIn-1  gap=0.064 eV  best=-1.498 eV  top50=14  top10%=19
Cycle  99: GP refit  (108 labelled)
  → 2CCsO3-1  gap=1.298 eV  best=-1.498 eV  top50=14  top10%=19
Cycle 100: GP refit  (109 labelled)
  → 1BrITl2-1  gap=-0.521 eV  best=-1.498 eV  top50=14  top10%=20
  emass_min/seed0 → best=-1.498 top50=14 top10%=20
BOLoop: 766 materials  |  direction=min  |  top-50 internal threshold=0.62  top-10% internal threshold=0.49
Init: 10 random labels  |  best (min) = -0.384
Cycle   1: full DKL retrain  (10 labelled)
GP warmup: 20 epochs on initial embeddings
/home/roy/Desktop/DKL-BO/venv/lib/python3.13/site-packages/torch/_compile.py:54: UserWarning: optimizer contains a parameter group with duplicate parameters; in future, this will cause an error; see github.com/pytorch/pytorch/issues/40967 for more information
  return disable_fn(*args, **kwargs)
Joint DKL training: 50 epochs
  Epoch 20/50  loss=0.8095
  Epoch 40/50  loss=0.7476
DKL training done in 0.3s
  → 1ZnBr2-3  gap=-0.501 eV  best=-0.501 eV  top50=0  top10%=1
Cycle   2: GP refit  (11 labelled)
  → 1TiBr2-1  gap=0.225 eV  best=-0.501 eV  top50=0  top10%=1
Cycle   3: GP refit  (12 labelled)
  → 1BrSSb-2  gap=-0.393 eV  best=-0.501 eV  top50=0  top10%=1
Cycle   4: GP refit  (13 labelled)
  → 1BrSbTe-2  gap=-0.190 eV  best=-0.501 eV  top50=0  top10%=1
Cycle   5: GP refit  (14 labelled)
  → 1SnBr2S2-1  gap=0.081 eV  best=-0.501 eV  top50=0  top10%=1
Cycle   6: full DKL retrain  (15 labelled)
GP warmup: 20 epochs on initial embeddings
Joint DKL training: 50 epochs
  Epoch 20/50  loss=0.0437
  Epoch 40/50  loss=-0.1348
DKL training done in 0.3s
  → 1InP-1  gap=-1.028 eV  best=-1.028 eV  top50=1  top10%=2
Cycle   7: GP refit  (16 labelled)
  → 2P2S3-3  gap=0.122 eV  best=-1.028 eV  top50=1  top10%=2
Cycle   8: GP refit  (17 labelled)
  → 2AgIBr2-1  gap=0.085 eV  best=-1.028 eV  top50=1  top10%=2
Cycle   9: GP refit  (18 labelled)
  → 1ZnI2-3  gap=-0.349 eV  best=-1.028 eV  top50=1  top10%=2
Cycle  10: GP refit  (19 labelled)
  → 2P2S3-1  gap=0.221 eV  best=-1.028 eV  top50=1  top10%=2
Cycle  11: full DKL retrain  (20 labelled)
GP warmup: 20 epochs on initial embeddings
Joint DKL training: 50 epochs
  Epoch 20/50  loss=0.1115
  Epoch 40/50  loss=-0.0979
DKL training done in 0.3s
  → 2HLi3S5-1  gap=0.103 eV  best=-1.028 eV  top50=1  top10%=2
Cycle  12: GP refit  (21 labelled)
  → 1InSb-1  gap=0.248 eV  best=-1.028 eV  top50=1  top10%=2
Cycle  13: GP refit  (22 labelled)
  → 2HSLi3O4-1  gap=0.152 eV  best=-1.028 eV  top50=1  top10%=2
Cycle  14: GP refit  (23 labelled)
  → 2AgBr-3  gap=-0.277 eV  best=-1.028 eV  top50=1  top10%=2
Cycle  15: GP refit  (24 labelled)
  → 2GaHTeO4-1  gap=-0.356 eV  best=-1.028 eV  top50=1  top10%=2
Cycle  16: full DKL retrain  (25 labelled)
GP warmup: 20 epochs on initial embeddings
Joint DKL training: 50 epochs
  Epoch 20/50  loss=-0.3414
  Epoch 40/50  loss=-0.6474
DKL training done in 0.3s
  → 1LiNbBr6-1  gap=0.225 eV  best=-1.028 eV  top50=1  top10%=2
Cycle  17: GP refit  (26 labelled)
  → 2HTeLi3S4-1  gap=-0.040 eV  best=-1.028 eV  top50=1  top10%=2
Cycle  18: GP refit  (27 labelled)
  → 4IOSc-1  gap=0.131 eV  best=-1.028 eV  top50=1  top10%=2
Cycle  19: GP refit  (28 labelled)
  → 4LiSbO2-1  gap=-0.171 eV  best=-1.028 eV  top50=1  top10%=2
Cycle  20: GP refit  (29 labelled)
  → 2AsTlO3-1  gap=0.034 eV  best=-1.028 eV  top50=1  top10%=2
Cycle  21: full DKL retrain  (30 labelled)
GP warmup: 20 epochs on initial embeddings
Joint DKL training: 50 epochs
  Epoch 20/50  loss=-0.7384
  Epoch 40/50  loss=-0.9233
DKL training done in 0.3s
  → 2HInSeO4-1  gap=0.250 eV  best=-1.028 eV  top50=1  top10%=2
Cycle  22: GP refit  (31 labelled)
  → 1OVF2-1  gap=0.534 eV  best=-1.028 eV  top50=1  top10%=2
Cycle  23: GP refit  (32 labelled)
  → 1WAg2S4-1  gap=0.805 eV  best=-1.028 eV  top50=1  top10%=2
Cycle  24: GP refit  (33 labelled)
  → 4SSn-1  gap=-0.694 eV  best=-1.028 eV  top50=2  top10%=3
Cycle  25: GP refit  (34 labelled)
  → 2AuI-3  gap=-0.420 eV  best=-1.028 eV  top50=2  top10%=3
Cycle  26: full DKL retrain  (35 labelled)
GP warmup: 20 epochs on initial embeddings
Joint DKL training: 50 epochs
  Epoch 20/50  loss=0.0764
  Epoch 40/50  loss=-0.5042
DKL training done in 0.3s
  → 1TiS2-2  gap=0.121 eV  best=-1.028 eV  top50=2  top10%=3
Cycle  27: GP refit  (36 labelled)
  → 1BiBrTe-1  gap=0.149 eV  best=-1.028 eV  top50=2  top10%=3
Cycle  28: GP refit  (37 labelled)
  → 1HgTe-1  gap=-1.220 eV  best=-1.220 eV  top50=3  top10%=4
Cycle  29: GP refit  (38 labelled)
  → 2TiO2-1  gap=0.453 eV  best=-1.220 eV  top50=3  top10%=4
Cycle  30: GP refit  (39 labelled)
  → 2AlHSO4-1  gap=0.676 eV  best=-1.220 eV  top50=3  top10%=4
Cycle  31: full DKL retrain  (40 labelled)
GP warmup: 20 epochs on initial embeddings
Joint DKL training: 50 epochs
  Epoch 20/50  loss=0.1552
  Epoch 40/50  loss=-0.1900
DKL training done in 0.3s
  → 1HgSe-1  gap=-1.498 eV  best=-1.498 eV  top50=4  top10%=5
Cycle  32: GP refit  (41 labelled)
  → 4HgTe-1  gap=-0.925 eV  best=-1.498 eV  top50=5  top10%=6
Cycle  33: GP refit  (42 labelled)
  → 1HgO-1  gap=0.248 eV  best=-1.498 eV  top50=5  top10%=6
Cycle  34: GP refit  (43 labelled)
  → 2HKTe-1  gap=-0.310 eV  best=-1.498 eV  top50=5  top10%=6
Cycle  35: GP refit  (44 labelled)
  → 2PbTe-1  gap=-1.102 eV  best=-1.498 eV  top50=6  top10%=7
Cycle  36: full DKL retrain  (45 labelled)
GP warmup: 20 epochs on initial embeddings
Joint DKL training: 50 epochs
  Epoch 20/50  loss=-0.1561
  Epoch 40/50  loss=-0.2754
DKL training done in 0.3s
  → 2PbSe-1  gap=-1.002 eV  best=-1.498 eV  top50=7  top10%=8
Cycle  37: GP refit  (46 labelled)
  → 4HgSe-1  gap=-0.862 eV  best=-1.498 eV  top50=8  top10%=9
Cycle  38: GP refit  (47 labelled)
  → 1GeSe-1  gap=-0.237 eV  best=-1.498 eV  top50=8  top10%=9
Cycle  39: GP refit  (48 labelled)
  → 1BrITl2-1  gap=-0.521 eV  best=-1.498 eV  top50=8  top10%=10
Cycle  40: GP refit  (49 labelled)
  → 2BaBi2S4-1  gap=-2.799 eV  best=-2.799 eV  top50=9  top10%=11
Cycle  41: full DKL retrain  (50 labelled)
GP warmup: 20 epochs on initial embeddings
Joint DKL training: 50 epochs
  Epoch 20/50  loss=0.0403
  Epoch 40/50  loss=-0.2031
DKL training done in 0.3s
  → 1BN-1  gap=-0.030 eV  best=-2.799 eV  top50=9  top10%=11
Cycle  42: GP refit  (51 labelled)
  → 2BaBi2O4-1  gap=-0.266 eV  best=-2.799 eV  top50=9  top10%=11
Cycle  43: GP refit  (52 labelled)
  → 1CrO2-2  gap=-0.060 eV  best=-2.799 eV  top50=9  top10%=11
Cycle  44: GP refit  (53 labelled)
  → 1WCu2Se4-1  gap=0.861 eV  best=-2.799 eV  top50=9  top10%=11
Cycle  45: GP refit  (54 labelled)
  → 2BiIn-1  gap=-0.948 eV  best=-2.799 eV  top50=10  top10%=12
Cycle  46: full DKL retrain  (55 labelled)
GP warmup: 20 epochs on initial embeddings
Joint DKL training: 50 epochs
  Epoch 20/50  loss=0.1331
  Epoch 40/50  loss=-0.2433
DKL training done in 0.3s
  → 1BiITe-2  gap=0.007 eV  best=-2.799 eV  top50=10  top10%=12
Cycle  47: GP refit  (56 labelled)
  → 2HInTeS4-1  gap=0.346 eV  best=-2.799 eV  top50=10  top10%=12
Cycle  48: GP refit  (57 labelled)
  → 1HgS-1  gap=-1.412 eV  best=-2.799 eV  top50=11  top10%=13
Cycle  49: GP refit  (58 labelled)
  → 1MoO2-1  gap=-0.378 eV  best=-2.799 eV  top50=11  top10%=13
Cycle  50: GP refit  (59 labelled)
  → 2AlHTeO4-1  gap=0.347 eV  best=-2.799 eV  top50=11  top10%=13
Cycle  51: full DKL retrain  (60 labelled)
GP warmup: 20 epochs on initial embeddings
Joint DKL training: 50 epochs
  Epoch 20/50  loss=-0.1892
  Epoch 40/50  loss=-0.5769
DKL training done in 0.3s
  → 2AlSe-1  gap=-0.138 eV  best=-2.799 eV  top50=11  top10%=13
Cycle  52: GP refit  (61 labelled)
  → 3RuSCl2-1  gap=0.467 eV  best=-2.799 eV  top50=11  top10%=13
Cycle  53: GP refit  (62 labelled)
  → 2ClCs-1  gap=-0.154 eV  best=-2.799 eV  top50=11  top10%=13
Cycle  54: GP refit  (63 labelled)
  → 2AlHSeO4-1  gap=0.519 eV  best=-2.799 eV  top50=11  top10%=13
Cycle  55: GP refit  (64 labelled)
  → 2V2O5-3  gap=-0.084 eV  best=-2.799 eV  top50=11  top10%=13
Cycle  56: full DKL retrain  (65 labelled)
GP warmup: 20 epochs on initial embeddings
Joint DKL training: 50 epochs
  Epoch 20/50  loss=-0.1949
  Epoch 40/50  loss=-0.6054
DKL training done in 0.3s
  → 1PbSe2-1  gap=-0.543 eV  best=-2.799 eV  top50=11  top10%=14
Cycle  57: GP refit  (66 labelled)
  → 1VSe2-1  gap=-0.065 eV  best=-2.799 eV  top50=11  top10%=14
Cycle  58: GP refit  (67 labelled)
  → 2BrRb-2  gap=-0.247 eV  best=-2.799 eV  top50=11  top10%=14
Cycle  59: GP refit  (68 labelled)
  → 1AgScP2S6-1  gap=0.826 eV  best=-2.799 eV  top50=11  top10%=14
Cycle  60: GP refit  (69 labelled)
  → 1OPb-1  gap=0.863 eV  best=-2.799 eV  top50=11  top10%=14
Cycle  61: full DKL retrain  (70 labelled)
GP warmup: 20 epochs on initial embeddings
Joint DKL training: 50 epochs
  Epoch 20/50  loss=0.4667
  Epoch 40/50  loss=0.1862
DKL training done in 0.3s
  → 2BrCdSbO2-1  gap=0.169 eV  best=-2.799 eV  top50=11  top10%=14
Cycle  62: GP refit  (71 labelled)
  → 2KNO3-1  gap=0.453 eV  best=-2.799 eV  top50=11  top10%=14
Cycle  63: GP refit  (72 labelled)
  → 2CoHO2-1  gap=0.097 eV  best=-2.799 eV  top50=11  top10%=14
Cycle  64: GP refit  (73 labelled)
  → 2P2O3-2  gap=0.491 eV  best=-2.799 eV  top50=11  top10%=14
Cycle  65: GP refit  (74 labelled)
  → 1SeAu2O4-1  gap=0.305 eV  best=-2.799 eV  top50=11  top10%=14
Cycle  66: full DKL retrain  (75 labelled)
GP warmup: 20 epochs on initial embeddings
Joint DKL training: 50 epochs
  Epoch 20/50  loss=-0.0213
  Epoch 40/50  loss=-0.2906
DKL training done in 0.3s
  → 1BrClS4I6In8-1  gap=-0.112 eV  best=-2.799 eV  top50=11  top10%=14
Cycle  67: GP refit  (76 labelled)
  → 1WAu2Te4-1  gap=0.586 eV  best=-2.799 eV  top50=11  top10%=14
Cycle  68: GP refit  (77 labelled)
  → 1WTe2-1  gap=-0.347 eV  best=-2.799 eV  top50=11  top10%=14
Cycle  69: GP refit  (78 labelled)
  → 4AsNiS-1  gap=0.088 eV  best=-2.799 eV  top50=11  top10%=14
Cycle  70: GP refit  (79 labelled)
  → 2ScTe-4  gap=-0.071 eV  best=-2.799 eV  top50=11  top10%=14
Cycle  71: full DKL retrain  (80 labelled)
GP warmup: 20 epochs on initial embeddings
Joint DKL training: 50 epochs
  Epoch 20/50  loss=-0.2566
  Epoch 40/50  loss=-0.5058
DKL training done in 0.3s
  → 1ScH2-1  gap=-0.199 eV  best=-2.799 eV  top50=11  top10%=14
Cycle  72: GP refit  (81 labelled)
  → 1AgCrP2Se6-1  gap=-0.278 eV  best=-2.799 eV  top50=11  top10%=14
Cycle  73: GP refit  (82 labelled)
  → 2HgNa2I4-1  gap=-0.215 eV  best=-2.799 eV  top50=11  top10%=14
Cycle  74: GP refit  (83 labelled)
  → 4NbS3-2  gap=-0.426 eV  best=-2.799 eV  top50=11  top10%=14
Cycle  75: GP refit  (84 labelled)
  → 2SbTlO3-1  gap=-0.703 eV  best=-2.799 eV  top50=12  top10%=15
Cycle  76: full DKL retrain  (85 labelled)
GP warmup: 20 epochs on initial embeddings
Joint DKL training: 50 epochs
  Epoch 20/50  loss=-0.0273
  Epoch 40/50  loss=-0.3592
DKL training done in 0.3s
  → 1InN-1  gap=-0.996 eV  best=-2.799 eV  top50=13  top10%=16
Cycle  77: GP refit  (86 labelled)
  → 2HInTeO4-1  gap=0.671 eV  best=-2.799 eV  top50=13  top10%=16
Cycle  78: GP refit  (87 labelled)
  → 2InO-2  gap=-0.495 eV  best=-2.799 eV  top50=13  top10%=17
Cycle  79: GP refit  (88 labelled)
  → 2CCsO3-1  gap=1.298 eV  best=-2.799 eV  top50=13  top10%=17
Cycle  80: GP refit  (89 labelled)
  → 2AsITe-1  gap=-1.281 eV  best=-2.799 eV  top50=14  top10%=18
Cycle  81: full DKL retrain  (90 labelled)
GP warmup: 20 epochs on initial embeddings
Joint DKL training: 50 epochs
  Epoch 20/50  loss=0.1927
  Epoch 40/50  loss=-0.1990
DKL training done in 0.3s
  → 4TaS3-1  gap=-0.281 eV  best=-2.799 eV  top50=14  top10%=18
Cycle  82: GP refit  (91 labelled)
  → 1Cl2Ge2O3-1  gap=-0.120 eV  best=-2.799 eV  top50=14  top10%=18
Cycle  83: GP refit  (92 labelled)
  → 1MoAu2S4-1  gap=0.626 eV  best=-2.799 eV  top50=14  top10%=18
Cycle  84: GP refit  (93 labelled)
  → 2GaHSO4-1  gap=0.814 eV  best=-2.799 eV  top50=14  top10%=18
Cycle  85: GP refit  (94 labelled)
  → 1PbSrS2O8-1  gap=0.034 eV  best=-2.799 eV  top50=14  top10%=18
Cycle  86: full DKL retrain  (95 labelled)
GP warmup: 20 epochs on initial embeddings
Joint DKL training: 50 epochs
  Epoch 20/50  loss=-0.2164
  Epoch 40/50  loss=-0.4791
DKL training done in 0.3s
  → 1C2F2S2Zr3-1  gap=-0.181 eV  best=-2.799 eV  top50=14  top10%=18
Cycle  87: GP refit  (96 labelled)
  → 1BP-1  gap=-0.723 eV  best=-2.799 eV  top50=15  top10%=19
Cycle  88: GP refit  (97 labelled)
  → 2HSeNa3O4-1  gap=0.260 eV  best=-2.799 eV  top50=15  top10%=19
Cycle  89: GP refit  (98 labelled)
  → 1AgCrP2Te6-1  gap=-0.425 eV  best=-2.799 eV  top50=15  top10%=19
Cycle  90: GP refit  (99 labelled)
  → 1CoLiP2S6-1  gap=0.712 eV  best=-2.799 eV  top50=15  top10%=19
Cycle  91: full DKL retrain  (100 labelled)
GP warmup: 20 epochs on initial embeddings
Joint DKL training: 50 epochs
  Epoch 20/50  loss=-0.2704
  Epoch 40/50  loss=-0.5513
DKL training done in 0.3s
  → 1AgAlP2S6-1  gap=-0.411 eV  best=-2.799 eV  top50=15  top10%=19
Cycle  92: GP refit  (101 labelled)
  → 1WO2-1  gap=-0.459 eV  best=-2.799 eV  top50=15  top10%=19
Cycle  93: GP refit  (102 labelled)
  → 1BaBr2-2  gap=0.697 eV  best=-2.799 eV  top50=15  top10%=19
Cycle  94: GP refit  (103 labelled)
  → 1OSeW-1  gap=0.239 eV  best=-2.799 eV  top50=15  top10%=19
Cycle  95: GP refit  (104 labelled)
  → 2CoFO2-1  gap=0.772 eV  best=-2.799 eV  top50=15  top10%=19
Cycle  96: full DKL retrain  (105 labelled)
GP warmup: 20 epochs on initial embeddings
Joint DKL training: 50 epochs
  Epoch 20/50  loss=0.0608
  Epoch 40/50  loss=-0.2515
DKL training done in 0.3s
  → 1CrISe-1  gap=0.394 eV  best=-2.799 eV  top50=15  top10%=19
Cycle  97: GP refit  (106 labelled)
  → 1STeIn2-1  gap=0.126 eV  best=-2.799 eV  top50=15  top10%=19
Cycle  98: GP refit  (107 labelled)
  → 1AuInF4-1  gap=-0.061 eV  best=-2.799 eV  top50=15  top10%=19
Cycle  99: GP refit  (108 labelled)
  → 4AgF2-2  gap=-0.122 eV  best=-2.799 eV  top50=15  top10%=19
Cycle 100: GP refit  (109 labelled)
  → 2WO3-1  gap=-0.454 eV  best=-2.799 eV  top50=15  top10%=19
  emass_min/seed1 → best=-2.799 top50=15 top10%=19
BOLoop: 766 materials  |  direction=min  |  top-50 internal threshold=0.62  top-10% internal threshold=0.49
Init: 10 random labels  |  best (min) = -0.547
Cycle   1: full DKL retrain  (10 labelled)
GP warmup: 20 epochs on initial embeddings
/home/roy/Desktop/DKL-BO/venv/lib/python3.13/site-packages/torch/_compile.py:54: UserWarning: optimizer contains a parameter group with duplicate parameters; in future, this will cause an error; see github.com/pytorch/pytorch/issues/40967 for more information
  return disable_fn(*args, **kwargs)
Joint DKL training: 50 epochs
  Epoch 20/50  loss=0.8486
  Epoch 40/50  loss=0.7801
DKL training done in 0.3s
  → 1CSiH2-1  gap=0.042 eV  best=-0.547 eV  top50=0  top10%=0
Cycle   2: GP refit  (11 labelled)
  → 1CrMo3Se8-1  gap=-0.035 eV  best=-0.547 eV  top50=0  top10%=0
Cycle   3: GP refit  (12 labelled)
  → 1C2O2Zr3-1  gap=-0.274 eV  best=-0.547 eV  top50=0  top10%=0
Cycle   4: GP refit  (13 labelled)
  → 2AgCrP2S6-1  gap=0.184 eV  best=-0.547 eV  top50=0  top10%=0
Cycle   5: GP refit  (14 labelled)
  → 2HSeLi3O4-1  gap=0.345 eV  best=-0.547 eV  top50=0  top10%=0
Cycle   6: full DKL retrain  (15 labelled)
GP warmup: 20 epochs on initial embeddings
Joint DKL training: 50 epochs
  Epoch 20/50  loss=0.1048
  Epoch 40/50  loss=-0.1279
DKL training done in 0.3s
  → 2OsS2-1  gap=-0.223 eV  best=-0.547 eV  top50=0  top10%=0
Cycle   7: GP refit  (16 labelled)
  → 1WO2-1  gap=-0.459 eV  best=-0.547 eV  top50=0  top10%=0
Cycle   8: GP refit  (17 labelled)
  → 2TiO2-1  gap=0.453 eV  best=-0.547 eV  top50=0  top10%=0
Cycle   9: GP refit  (18 labelled)
  → 1GeO2-3  gap=-0.510 eV  best=-0.547 eV  top50=0  top10%=1
Cycle  10: GP refit  (19 labelled)
  → 1BrClCa2S2-1  gap=0.471 eV  best=-0.547 eV  top50=0  top10%=1
Cycle  11: full DKL retrain  (20 labelled)
GP warmup: 20 epochs on initial embeddings
Joint DKL training: 50 epochs
  Epoch 20/50  loss=-0.2961
  Epoch 40/50  loss=-0.9287
DKL training done in 0.3s
  → 2OW-1  gap=-0.094 eV  best=-0.547 eV  top50=0  top10%=1
Cycle  12: GP refit  (21 labelled)
  → 2IRb-1  gap=-0.293 eV  best=-0.547 eV  top50=0  top10%=1
Cycle  13: GP refit  (22 labelled)
  → 2ClCs-1  gap=-0.154 eV  best=-0.547 eV  top50=0  top10%=1
Cycle  14: GP refit  (23 labelled)
  → 2AuTe-3  gap=-0.304 eV  best=-0.547 eV  top50=0  top10%=1
Cycle  15: GP refit  (24 labelled)
  → 2CsF-1  gap=-0.074 eV  best=-0.547 eV  top50=0  top10%=1
Cycle  16: full DKL retrain  (25 labelled)
GP warmup: 20 epochs on initial embeddings
Joint DKL training: 50 epochs
  Epoch 20/50  loss=-0.4172
  Epoch 40/50  loss=-0.6638
DKL training done in 0.3s
  → 2OsSe2-1  gap=0.128 eV  best=-0.547 eV  top50=0  top10%=1
Cycle  17: GP refit  (26 labelled)
  → 1CrTe2-2  gap=-0.088 eV  best=-0.547 eV  top50=0  top10%=1
Cycle  18: GP refit  (27 labelled)
  → 1WMo3O8-1  gap=-0.368 eV  best=-0.547 eV  top50=0  top10%=1
Cycle  19: GP refit  (28 labelled)
  → 2CaClF-1  gap=-0.161 eV  best=-0.547 eV  top50=0  top10%=1
Cycle  20: GP refit  (29 labelled)
  → 4LiSbO2-1  gap=-0.171 eV  best=-0.547 eV  top50=0  top10%=1
Cycle  21: full DKL retrain  (30 labelled)
GP warmup: 20 epochs on initial embeddings
Joint DKL training: 50 epochs
  Epoch 20/50  loss=-0.2927
  Epoch 40/50  loss=-0.5793
DKL training done in 0.3s
  → 1InN-1  gap=-0.996 eV  best=-0.996 eV  top50=1  top10%=2
Cycle  22: GP refit  (31 labelled)
  → 2FRhTe-1  gap=-0.267 eV  best=-0.996 eV  top50=1  top10%=2
Cycle  23: GP refit  (32 labelled)
  → 2AgF-3  gap=-0.316 eV  best=-0.996 eV  top50=1  top10%=2
Cycle  24: GP refit  (33 labelled)
  → 1BiFS-1  gap=0.549 eV  best=-0.996 eV  top50=1  top10%=2
Cycle  25: GP refit  (34 labelled)
  → 1TiF2-1  gap=0.463 eV  best=-0.996 eV  top50=1  top10%=2
Cycle  26: full DKL retrain  (35 labelled)
GP warmup: 20 epochs on initial embeddings
Joint DKL training: 50 epochs
  Epoch 20/50  loss=1.3897
  Epoch 40/50  loss=-0.0757
DKL training done in 0.3s
  → 2FRb-1  gap=-0.087 eV  best=-0.996 eV  top50=1  top10%=2
Cycle  27: GP refit  (36 labelled)
  → 2CsNOsSF5-1  gap=1.236 eV  best=-0.996 eV  top50=1  top10%=2
Cycle  28: GP refit  (37 labelled)
  → 2FRhS-1  gap=-0.129 eV  best=-0.996 eV  top50=1  top10%=2
Cycle  29: GP refit  (38 labelled)
  → 4AuF2-1  gap=0.636 eV  best=-0.996 eV  top50=1  top10%=2
Cycle  30: GP refit  (39 labelled)
  → 2TeTi-4  gap=-0.254 eV  best=-0.996 eV  top50=1  top10%=2
Cycle  31: full DKL retrain  (40 labelled)
GP warmup: 20 epochs on initial embeddings
Joint DKL training: 50 epochs
  Epoch 20/50  loss=-0.2120
  Epoch 40/50  loss=-0.5466
DKL training done in 0.3s
  → 1BN-1  gap=-0.030 eV  best=-0.996 eV  top50=1  top10%=2
Cycle  32: GP refit  (41 labelled)
  → 1GaN-1  gap=-0.641 eV  best=-0.996 eV  top50=2  top10%=3
Cycle  33: GP refit  (42 labelled)
  → 2PbTe-3  gap=-0.241 eV  best=-0.996 eV  top50=2  top10%=3
Cycle  34: GP refit  (43 labelled)
  → 2CsNO3-1  gap=0.378 eV  best=-0.996 eV  top50=2  top10%=3
Cycle  35: GP refit  (44 labelled)
  → 1AlAs-1  gap=-0.875 eV  best=-0.996 eV  top50=3  top10%=4
Cycle  36: full DKL retrain  (45 labelled)
GP warmup: 20 epochs on initial embeddings
Joint DKL training: 50 epochs
  Epoch 20/50  loss=0.2672
  Epoch 40/50  loss=-0.3309
DKL training done in 0.3s
  → 1BaClI-1  gap=0.282 eV  best=-0.996 eV  top50=3  top10%=4
Cycle  37: GP refit  (46 labelled)
  → 2GaTe-1  gap=-1.988 eV  best=-1.988 eV  top50=4  top10%=5
Cycle  38: GP refit  (47 labelled)
  → 1MoAu2Te4-1  gap=0.971 eV  best=-1.988 eV  top50=4  top10%=5
Cycle  39: GP refit  (48 labelled)
  → 1GaInTe2-1  gap=-0.212 eV  best=-1.988 eV  top50=4  top10%=5
Cycle  40: GP refit  (49 labelled)
  → 1InP-1  gap=-1.028 eV  best=-1.988 eV  top50=5  top10%=6
Cycle  41: full DKL retrain  (50 labelled)
GP warmup: 20 epochs on initial embeddings
Joint DKL training: 50 epochs
  Epoch 20/50  loss=-0.0984
  Epoch 40/50  loss=-0.3601
DKL training done in 0.3s
  → 1STeIn2-1  gap=0.126 eV  best=-1.988 eV  top50=5  top10%=6
Cycle  42: GP refit  (51 labelled)
  → 1AuClCuI-1  gap=0.276 eV  best=-1.988 eV  top50=5  top10%=6
Cycle  43: GP refit  (52 labelled)
  → 1InSb-1  gap=0.248 eV  best=-1.988 eV  top50=5  top10%=6
Cycle  44: GP refit  (53 labelled)
  → 1SrI2-2  gap=0.061 eV  best=-1.988 eV  top50=5  top10%=6
Cycle  45: GP refit  (54 labelled)
  → 2ITl-3  gap=-0.025 eV  best=-1.988 eV  top50=5  top10%=6
Cycle  46: full DKL retrain  (55 labelled)
GP warmup: 20 epochs on initial embeddings
Joint DKL training: 50 epochs
  Epoch 20/50  loss=0.4538
  Epoch 40/50  loss=0.0287
DKL training done in 0.3s
  → 2PbTe-1  gap=-1.102 eV  best=-1.988 eV  top50=6  top10%=7
Cycle  47: GP refit  (56 labelled)
  → 1HgS-1  gap=-1.412 eV  best=-1.988 eV  top50=7  top10%=8
Cycle  48: GP refit  (57 labelled)
  → 1BrITl2-1  gap=-0.521 eV  best=-1.988 eV  top50=7  top10%=9
Cycle  49: GP refit  (58 labelled)
  → 2PbS-3  gap=-0.397 eV  best=-1.988 eV  top50=7  top10%=9
Cycle  50: GP refit  (59 labelled)
  → 2IIn-3  gap=0.071 eV  best=-1.988 eV  top50=7  top10%=9
Cycle  51: full DKL retrain  (60 labelled)
GP warmup: 20 epochs on initial embeddings
Joint DKL training: 50 epochs
  Epoch 20/50  loss=-0.1372
  Epoch 40/50  loss=-0.3530
DKL training done in 0.3s
  → 2TeTl-2  gap=-0.972 eV  best=-1.988 eV  top50=8  top10%=10
Cycle  52: GP refit  (61 labelled)
  → 2FK-1  gap=-0.065 eV  best=-1.988 eV  top50=8  top10%=10
Cycle  53: GP refit  (62 labelled)
  → 1PbTe-1  gap=-0.622 eV  best=-1.988 eV  top50=9  top10%=11
Cycle  54: GP refit  (63 labelled)
  → 1MoAu2O4-2  gap=0.415 eV  best=-1.988 eV  top50=9  top10%=11
Cycle  55: GP refit  (64 labelled)
  → 2BrRb-2  gap=-0.247 eV  best=-1.988 eV  top50=9  top10%=11
Cycle  56: full DKL retrain  (65 labelled)
GP warmup: 20 epochs on initial embeddings
Joint DKL training: 50 epochs
  Epoch 20/50  loss=0.0667
  Epoch 40/50  loss=-0.1381
DKL training done in 0.3s
  → 2AgIBr2-1  gap=0.085 eV  best=-1.988 eV  top50=9  top10%=11
Cycle  57: GP refit  (66 labelled)
  → 1MoCu2Te4-1  gap=0.207 eV  best=-1.988 eV  top50=9  top10%=11
Cycle  58: GP refit  (67 labelled)
  → 2HKS-2  gap=-0.206 eV  best=-1.988 eV  top50=9  top10%=11
Cycle  59: GP refit  (68 labelled)
  → 2HNaTe-1  gap=-0.387 eV  best=-1.988 eV  top50=9  top10%=11
Cycle  60: GP refit  (69 labelled)
  → 2HKTe-1  gap=-0.310 eV  best=-1.988 eV  top50=9  top10%=11
Cycle  61: full DKL retrain  (70 labelled)
GP warmup: 20 epochs on initial embeddings
Joint DKL training: 50 epochs
  Epoch 20/50  loss=-0.1629
  Epoch 40/50  loss=-0.4215
DKL training done in 0.3s
  → 1PbI2-2  gap=-0.398 eV  best=-1.988 eV  top50=9  top10%=11
Cycle  62: GP refit  (71 labelled)
  → 2BrGa-1  gap=-0.562 eV  best=-1.988 eV  top50=9  top10%=12
Cycle  63: GP refit  (72 labelled)
  → 2AlTe-1  gap=-0.211 eV  best=-1.988 eV  top50=9  top10%=12
Cycle  64: GP refit  (73 labelled)
  → 1SrBr2-2  gap=-0.374 eV  best=-1.988 eV  top50=9  top10%=12
Cycle  65: GP refit  (74 labelled)
  → 1HgSe-1  gap=-1.498 eV  best=-1.988 eV  top50=10  top10%=13
Cycle  66: full DKL retrain  (75 labelled)
GP warmup: 20 epochs on initial embeddings
Joint DKL training: 50 epochs
  Epoch 20/50  loss=0.5361
  Epoch 40/50  loss=0.1020
DKL training done in 0.3s
  → 1OBi2S2-1  gap=-0.806 eV  best=-1.988 eV  top50=11  top10%=14
Cycle  67: GP refit  (76 labelled)
  → 1CrISe-1  gap=0.394 eV  best=-1.988 eV  top50=11  top10%=14
Cycle  68: GP refit  (77 labelled)
  → 2ClGa-1  gap=-0.075 eV  best=-1.988 eV  top50=11  top10%=14
Cycle  69: GP refit  (78 labelled)
  → 2InS-1  gap=-0.592 eV  best=-1.988 eV  top50=11  top10%=15
Cycle  70: GP refit  (79 labelled)
  → 2IrNbTe4-1  gap=-0.684 eV  best=-1.988 eV  top50=12  top10%=16
Cycle  71: full DKL retrain  (80 labelled)
GP warmup: 20 epochs on initial embeddings
Joint DKL training: 50 epochs
  Epoch 20/50  loss=-0.1792
  Epoch 40/50  loss=-0.4748
DKL training done in 0.3s
  → 1BiIS-1  gap=0.540 eV  best=-1.988 eV  top50=12  top10%=16
Cycle  72: GP refit  (81 labelled)
  → 1Br2Se2Pb3-1  gap=-0.408 eV  best=-1.988 eV  top50=12  top10%=16
Cycle  73: GP refit  (82 labelled)
  → 1PbSe2-1  gap=-0.543 eV  best=-1.988 eV  top50=12  top10%=17
Cycle  74: GP refit  (83 labelled)
  → 2ScTe-4  gap=-0.071 eV  best=-1.988 eV  top50=12  top10%=17
Cycle  75: GP refit  (84 labelled)
  → 2BiIn-1  gap=-0.948 eV  best=-1.988 eV  top50=13  top10%=18
Cycle  76: full DKL retrain  (85 labelled)
GP warmup: 20 epochs on initial embeddings
Joint DKL training: 50 epochs
  Epoch 20/50  loss=0.0104
  Epoch 40/50  loss=-0.1337
DKL training done in 0.3s
  → 1BiClTe-1  gap=0.143 eV  best=-1.988 eV  top50=13  top10%=18
Cycle  77: GP refit  (86 labelled)
  → 2BaBi2S4-1  gap=-2.799 eV  best=-2.799 eV  top50=14  top10%=19
Cycle  78: GP refit  (87 labelled)
  → 1LiNbBr6-1  gap=0.225 eV  best=-2.799 eV  top50=14  top10%=19
Cycle  79: GP refit  (88 labelled)
  → 1BiITe-1  gap=0.319 eV  best=-2.799 eV  top50=14  top10%=19
Cycle  80: GP refit  (89 labelled)
  → 1SeBi2S2-1  gap=-1.120 eV  best=-2.799 eV  top50=15  top10%=20
Cycle  81: full DKL retrain  (90 labelled)
GP warmup: 20 epochs on initial embeddings
Joint DKL training: 50 epochs
  Epoch 20/50  loss=-0.1416
  Epoch 40/50  loss=-0.3767
DKL training done in 0.3s
  → 2AuS-1  gap=0.016 eV  best=-2.799 eV  top50=15  top10%=20
Cycle  82: GP refit  (91 labelled)
  → 1CaI2-2  gap=-0.010 eV  best=-2.799 eV  top50=15  top10%=20
Cycle  83: GP refit  (92 labelled)
  → 4BrCd-1  gap=-0.503 eV  best=-2.799 eV  top50=15  top10%=21
Cycle  84: GP refit  (93 labelled)
  → 1AgCrP2Te6-1  gap=-0.425 eV  best=-2.799 eV  top50=15  top10%=21
Cycle  85: GP refit  (94 labelled)
  → 2AuBr-2  gap=-0.297 eV  best=-2.799 eV  top50=15  top10%=21
Cycle  86: full DKL retrain  (95 labelled)
GP warmup: 20 epochs on initial embeddings
Joint DKL training: 50 epochs
  Epoch 20/50  loss=0.1858
  Epoch 40/50  loss=-0.0197
DKL training done in 0.3s
  → 1SnTe-1  gap=-0.411 eV  best=-2.799 eV  top50=15  top10%=21
Cycle  87: GP refit  (96 labelled)
  → 2InTe-1  gap=-0.797 eV  best=-2.799 eV  top50=16  top10%=22
Cycle  88: GP refit  (97 labelled)
  → 1WAg2Te4-1  gap=0.764 eV  best=-2.799 eV  top50=16  top10%=22
Cycle  89: GP refit  (98 labelled)
  → 1BiBrSe-2  gap=0.387 eV  best=-2.799 eV  top50=16  top10%=22
Cycle  90: GP refit  (99 labelled)
  → 1PbS2-1  gap=-0.438 eV  best=-2.799 eV  top50=16  top10%=22
Cycle  91: full DKL retrain  (100 labelled)
GP warmup: 20 epochs on initial embeddings
Joint DKL training: 50 epochs
  Epoch 20/50  loss=0.1551
  Epoch 40/50  loss=-0.0796
DKL training done in 0.3s
  → 1WAg2S4-1  gap=0.805 eV  best=-2.799 eV  top50=16  top10%=22
Cycle  92: GP refit  (101 labelled)
  → 2BrClCr-1  gap=0.283 eV  best=-2.799 eV  top50=16  top10%=22
Cycle  93: GP refit  (102 labelled)
  → 2BiO-1  gap=-1.197 eV  best=-2.799 eV  top50=17  top10%=23
Cycle  94: GP refit  (103 labelled)
  → 1SnI2-2  gap=-0.083 eV  best=-2.799 eV  top50=17  top10%=23
Cycle  95: GP refit  (104 labelled)
  → 1PbBr2-2  gap=-0.201 eV  best=-2.799 eV  top50=17  top10%=23
Cycle  96: full DKL retrain  (105 labelled)
GP warmup: 20 epochs on initial embeddings
Joint DKL training: 50 epochs
  Epoch 20/50  loss=0.3440
  Epoch 40/50  loss=-0.0045
DKL training done in 0.3s
  → 1AuInCl2S2-1  gap=0.200 eV  best=-2.799 eV  top50=17  top10%=23
Cycle  97: GP refit  (106 labelled)
  → 1SeAu2O4-1  gap=0.305 eV  best=-2.799 eV  top50=17  top10%=23
Cycle  98: GP refit  (107 labelled)
  → 1SSn-1  gap=-0.120 eV  best=-2.799 eV  top50=17  top10%=23
Cycle  99: GP refit  (108 labelled)
  → 2NOsRbSCl5-1  gap=0.353 eV  best=-2.799 eV  top50=17  top10%=23
Cycle 100: GP refit  (109 labelled)
  → 1BiBrS-1  gap=0.347 eV  best=-2.799 eV  top50=17  top10%=23
  emass_min/seed2 → best=-2.799 top50=17 top10%=23
BOLoop: 766 materials  |  direction=min  |  top-50 internal threshold=0.62  top-10% internal threshold=0.49
Init: 10 random labels  |  best (min) = -1.508
Cycle   1: full DKL retrain  (10 labelled)
GP warmup: 20 epochs on initial embeddings
/home/roy/Desktop/DKL-BO/venv/lib/python3.13/site-packages/torch/_compile.py:54: UserWarning: optimizer contains a parameter group with duplicate parameters; in future, this will cause an error; see github.com/pytorch/pytorch/issues/40967 for more information
  return disable_fn(*args, **kwargs)
Joint DKL training: 50 epochs
  Epoch 20/50  loss=0.9690
  Epoch 40/50  loss=0.9060
DKL training done in 0.3s
  → 2WO3-1  gap=-0.454 eV  best=-1.508 eV  top50=0  top10%=0
Cycle   2: GP refit  (11 labelled)
  → 1SCu2O4-1  gap=-0.045 eV  best=-1.508 eV  top50=0  top10%=0
Cycle   3: GP refit  (12 labelled)
  → 1InP-1  gap=-1.028 eV  best=-1.508 eV  top50=1  top10%=1
Cycle   4: GP refit  (13 labelled)
  → 2OPt-3  gap=-0.129 eV  best=-1.508 eV  top50=1  top10%=1
Cycle   5: GP refit  (14 labelled)
  → 2BiIn-1  gap=-0.948 eV  best=-1.508 eV  top50=2  top10%=2
Cycle   6: full DKL retrain  (15 labelled)
GP warmup: 20 epochs on initial embeddings
Joint DKL training: 50 epochs
  Epoch 20/50  loss=0.1825
  Epoch 40/50  loss=0.0402
DKL training done in 0.3s
  → 2KNO3-1  gap=0.453 eV  best=-1.508 eV  top50=2  top10%=2
Cycle   7: GP refit  (16 labelled)
  → 1SeAg2O4-1  gap=-0.201 eV  best=-1.508 eV  top50=2  top10%=2
Cycle   8: GP refit  (17 labelled)
  → 1AsIn-1  gap=0.064 eV  best=-1.508 eV  top50=2  top10%=2
Cycle   9: GP refit  (18 labelled)
  → 1GaN-1  gap=-0.641 eV  best=-1.508 eV  top50=3  top10%=3
Cycle  10: GP refit  (19 labelled)
  → 2OPb-3  gap=-0.244 eV  best=-1.508 eV  top50=3  top10%=3
Cycle  11: full DKL retrain  (20 labelled)
GP warmup: 20 epochs on initial embeddings
Joint DKL training: 50 epochs
  Epoch 20/50  loss=0.2001
  Epoch 40/50  loss=-0.0974
DKL training done in 0.3s
  → 2BaBi2O4-1  gap=-0.266 eV  best=-1.508 eV  top50=3  top10%=3
Cycle  12: GP refit  (21 labelled)
  → 2BiHgIO2-1  gap=0.115 eV  best=-1.508 eV  top50=3  top10%=3
Cycle  13: GP refit  (22 labelled)
  → 2TeTl-2  gap=-0.972 eV  best=-1.508 eV  top50=4  top10%=4
Cycle  14: GP refit  (23 labelled)
  → 1OSW-1  gap=0.057 eV  best=-1.508 eV  top50=4  top10%=4
Cycle  15: GP refit  (24 labelled)
  → 1BaClI-1  gap=0.282 eV  best=-1.508 eV  top50=4  top10%=4
Cycle  16: full DKL retrain  (25 labelled)
GP warmup: 20 epochs on initial embeddings
Joint DKL training: 50 epochs
  Epoch 20/50  loss=0.5913
  Epoch 40/50  loss=0.1644
DKL training done in 0.3s
  → 1CrO2-2  gap=-0.060 eV  best=-1.508 eV  top50=4  top10%=4
Cycle  17: GP refit  (26 labelled)
  → 1BaI2-2  gap=0.597 eV  best=-1.508 eV  top50=4  top10%=4
Cycle  18: GP refit  (27 labelled)
  → 1WO2-1  gap=-0.459 eV  best=-1.508 eV  top50=4  top10%=4
Cycle  19: GP refit  (28 labelled)
  → 2IK-2  gap=-0.288 eV  best=-1.508 eV  top50=4  top10%=4
Cycle  20: GP refit  (29 labelled)
  → 1WCu2Te4-1  gap=1.193 eV  best=-1.508 eV  top50=4  top10%=4
Cycle  21: full DKL retrain  (30 labelled)
GP warmup: 20 epochs on initial embeddings
Joint DKL training: 50 epochs
  Epoch 20/50  loss=4.0933
  Epoch 40/50  loss=1.2087
DKL training done in 0.3s
  → 2P2S3-3  gap=0.122 eV  best=-1.508 eV  top50=4  top10%=4
Cycle  22: GP refit  (31 labelled)
  → 1BaBrCl-1  gap=0.635 eV  best=-1.508 eV  top50=4  top10%=4
Cycle  23: GP refit  (32 labelled)
  → 2HNaSe-1  gap=-0.343 eV  best=-1.508 eV  top50=4  top10%=4
Cycle  24: GP refit  (33 labelled)
  → 2HSNa3O4-1  gap=0.003 eV  best=-1.508 eV  top50=4  top10%=4
Cycle  25: GP refit  (34 labelled)
  → 1PbTe-1  gap=-0.622 eV  best=-1.508 eV  top50=5  top10%=5
Cycle  26: full DKL retrain  (35 labelled)
GP warmup: 20 epochs on initial embeddings
Joint DKL training: 50 epochs
  Epoch 20/50  loss=5.4072
  Epoch 40/50  loss=0.5170
DKL training done in 0.3s
  → 2IRb-1  gap=-0.293 eV  best=-1.508 eV  top50=5  top10%=5
Cycle  27: GP refit  (36 labelled)
  → 1WSe2-1  gap=-0.453 eV  best=-1.508 eV  top50=5  top10%=5
Cycle  28: GP refit  (37 labelled)
  → 1FeHfF6-1  gap=1.579 eV  best=-1.508 eV  top50=5  top10%=5
Cycle  29: GP refit  (38 labelled)
  → 1WTe2-1  gap=-0.347 eV  best=-1.508 eV  top50=5  top10%=5
Cycle  30: GP refit  (39 labelled)
  → 1OBi2S2-1  gap=-0.806 eV  best=-1.508 eV  top50=6  top10%=6
Cycle  31: full DKL retrain  (40 labelled)
GP warmup: 20 epochs on initial embeddings
Joint DKL training: 50 epochs
  Epoch 20/50  loss=0.2049
  Epoch 40/50  loss=-0.0752
DKL training done in 0.3s
  → 2BiO-1  gap=-1.197 eV  best=-1.508 eV  top50=7  top10%=7
Cycle  32: GP refit  (41 labelled)
  → 2CaBi2O4-1  gap=-0.211 eV  best=-1.508 eV  top50=7  top10%=7
Cycle  33: GP refit  (42 labelled)
  → 4OBi2S2-1  gap=-1.470 eV  best=-1.508 eV  top50=8  top10%=8
Cycle  34: GP refit  (43 labelled)
  → 4OBi2Se2-1  gap=-0.822 eV  best=-1.508 eV  top50=9  top10%=9
Cycle  35: GP refit  (44 labelled)
  → 2GaS-1  gap=-0.633 eV  best=-1.508 eV  top50=10  top10%=10
Cycle  36: full DKL retrain  (45 labelled)
GP warmup: 20 epochs on initial embeddings
Joint DKL training: 50 epochs
  Epoch 20/50  loss=0.8981
  Epoch 40/50  loss=0.3393
DKL training done in 0.3s
  → 1SeBi2S2-1  gap=-1.120 eV  best=-1.508 eV  top50=11  top10%=11
Cycle  37: GP refit  (46 labelled)
  → 2CsNO3-1  gap=0.378 eV  best=-1.508 eV  top50=11  top10%=11
Cycle  38: GP refit  (47 labelled)
  → 1GaInS2-1  gap=-0.609 eV  best=-1.508 eV  top50=11  top10%=12
Cycle  39: GP refit  (48 labelled)
  → 2FK-1  gap=-0.065 eV  best=-1.508 eV  top50=11  top10%=12
Cycle  40: GP refit  (49 labelled)
  → 1BiITe-2  gap=0.007 eV  best=-1.508 eV  top50=11  top10%=12
Cycle  41: full DKL retrain  (50 labelled)
GP warmup: 20 epochs on initial embeddings
Joint DKL training: 50 epochs
  Epoch 20/50  loss=0.1388
  Epoch 40/50  loss=-0.0424
DKL training done in 0.3s
  → 2ITl-3  gap=-0.025 eV  best=-1.508 eV  top50=11  top10%=12
Cycle  42: GP refit  (51 labelled)
  → 1InSb-1  gap=0.248 eV  best=-1.508 eV  top50=11  top10%=12
Cycle  43: GP refit  (52 labelled)
  → 1WAu2O4-2  gap=0.492 eV  best=-1.508 eV  top50=11  top10%=12
Cycle  44: GP refit  (53 labelled)
  → 2PbS-3  gap=-0.397 eV  best=-1.508 eV  top50=11  top10%=12
Cycle  45: GP refit  (54 labelled)
  → 1ZrCl2-1  gap=0.003 eV  best=-1.508 eV  top50=11  top10%=12
Cycle  46: full DKL retrain  (55 labelled)
GP warmup: 20 epochs on initial embeddings
Joint DKL training: 50 epochs
  Epoch 20/50  loss=-0.2450
  Epoch 40/50  loss=-0.5141
DKL training done in 0.3s
  → 1BN-1  gap=-0.030 eV  best=-1.508 eV  top50=11  top10%=12
Cycle  47: GP refit  (56 labelled)
  → 2As2O3-1  gap=0.761 eV  best=-1.508 eV  top50=11  top10%=12
Cycle  48: GP refit  (57 labelled)
  → 2SrBi2O4-1  gap=-0.251 eV  best=-1.508 eV  top50=11  top10%=12
Cycle  49: GP refit  (58 labelled)
  → 2CCsO3-2  gap=0.885 eV  best=-1.508 eV  top50=11  top10%=12
Cycle  50: GP refit  (59 labelled)
  → 2BrRb-2  gap=-0.247 eV  best=-1.508 eV  top50=11  top10%=12
Cycle  51: full DKL retrain  (60 labelled)
GP warmup: 20 epochs on initial embeddings
Joint DKL training: 50 epochs
  Epoch 20/50  loss=0.2075
  Epoch 40/50  loss=-0.1762
DKL training done in 0.3s
  → 1PbSe2-1  gap=-0.543 eV  best=-1.508 eV  top50=11  top10%=13
Cycle  52: GP refit  (61 labelled)
  → 2CoBi2I2O3-1  gap=-0.095 eV  best=-1.508 eV  top50=11  top10%=13
Cycle  53: GP refit  (62 labelled)
  → 2GaSe-1  gap=-0.768 eV  best=-1.508 eV  top50=12  top10%=14
Cycle  54: GP refit  (63 labelled)
  → 4BiLiO2-1  gap=-0.349 eV  best=-1.508 eV  top50=12  top10%=14
Cycle  55: GP refit  (64 labelled)
  → 2AsTlO3-1  gap=0.034 eV  best=-1.508 eV  top50=12  top10%=14
Cycle  56: full DKL retrain  (65 labelled)
GP warmup: 20 epochs on initial embeddings
Joint DKL training: 50 epochs
  Epoch 20/50  loss=-0.2603
  Epoch 40/50  loss=-0.6229
DKL training done in 0.3s
  → 2HKTe-1  gap=-0.310 eV  best=-1.508 eV  top50=12  top10%=14
Cycle  57: GP refit  (66 labelled)
  → 2IIn-3  gap=0.071 eV  best=-1.508 eV  top50=12  top10%=14
Cycle  58: GP refit  (67 labelled)
  → 2CsF-1  gap=-0.074 eV  best=-1.508 eV  top50=12  top10%=14
Cycle  59: GP refit  (68 labelled)
  → 2ClRb-2  gap=-0.180 eV  best=-1.508 eV  top50=12  top10%=14
Cycle  60: GP refit  (69 labelled)
  → 1HfO2-3  gap=0.188 eV  best=-1.508 eV  top50=12  top10%=14
Cycle  61: full DKL retrain  (70 labelled)
GP warmup: 20 epochs on initial embeddings
Joint DKL training: 50 epochs
  Epoch 20/50  loss=-0.3472
  Epoch 40/50  loss=-0.7277
DKL training done in 0.3s
  → 2CoFO2-1  gap=0.772 eV  best=-1.508 eV  top50=12  top10%=14
Cycle  62: GP refit  (71 labelled)
  → 1C2O2Hf3-1  gap=-0.408 eV  best=-1.508 eV  top50=12  top10%=14
Cycle  63: GP refit  (72 labelled)
  → 2AsBiO4-1  gap=-0.062 eV  best=-1.508 eV  top50=12  top10%=14
Cycle  64: GP refit  (73 labelled)
  → 2HfI2-1  gap=0.054 eV  best=-1.508 eV  top50=12  top10%=14
Cycle  65: GP refit  (74 labelled)
  → 2As2O3-4  gap=-0.637 eV  best=-1.508 eV  top50=13  top10%=15
Cycle  66: full DKL retrain  (75 labelled)
GP warmup: 20 epochs on initial embeddings
Joint DKL training: 50 epochs
  Epoch 20/50  loss=0.0886
  Epoch 40/50  loss=-0.1935
DKL training done in 0.3s
  → 1PdPt3O8-1  gap=0.371 eV  best=-1.508 eV  top50=13  top10%=15
Cycle  67: GP refit  (76 labelled)
  → 2CoHO2-1  gap=0.097 eV  best=-1.508 eV  top50=13  top10%=15
Cycle  68: GP refit  (77 labelled)
  → 1SeHf2I5-1  gap=0.138 eV  best=-1.508 eV  top50=13  top10%=15
Cycle  69: GP refit  (78 labelled)
  → 1CSiH2-1  gap=0.042 eV  best=-1.508 eV  top50=13  top10%=15
Cycle  70: GP refit  (79 labelled)
  → 2CaSb2O4-1  gap=0.272 eV  best=-1.508 eV  top50=13  top10%=15
Cycle  71: full DKL retrain  (80 labelled)
GP warmup: 20 epochs on initial embeddings
Joint DKL training: 50 epochs
  Epoch 20/50  loss=-0.2329
  Epoch 40/50  loss=-0.5899
DKL training done in 0.4s
  → 1N2O2Hf3-1  gap=-0.164 eV  best=-1.508 eV  top50=13  top10%=15
Cycle  72: GP refit  (81 labelled)
  → 1BrHfI-1  gap=-0.163 eV  best=-1.508 eV  top50=13  top10%=15
Cycle  73: GP refit  (82 labelled)
  → 1HfTe2-2  gap=-0.278 eV  best=-1.508 eV  top50=13  top10%=15
Cycle  74: GP refit  (83 labelled)
  → 1GeO2-3  gap=-0.510 eV  best=-1.508 eV  top50=13  top10%=16
Cycle  75: GP refit  (84 labelled)
  → 2AuI-3  gap=-0.420 eV  best=-1.508 eV  top50=13  top10%=16
Cycle  76: full DKL retrain  (85 labelled)
GP warmup: 20 epochs on initial embeddings
Joint DKL training: 50 epochs
  Epoch 20/50  loss=-0.3678
  Epoch 40/50  loss=-0.6988
DKL training done in 0.3s
  → 1FeHfI6-1  gap=0.397 eV  best=-1.508 eV  top50=13  top10%=16
Cycle  77: GP refit  (86 labelled)
  → 1TiI2-2  gap=0.092 eV  best=-1.508 eV  top50=13  top10%=16
Cycle  78: GP refit  (87 labelled)
  → 2V2O5-3  gap=-0.084 eV  best=-1.508 eV  top50=13  top10%=16
Cycle  79: GP refit  (88 labelled)
  → 1HfBr2-1  gap=-0.146 eV  best=-1.508 eV  top50=13  top10%=16
Cycle  80: GP refit  (89 labelled)
  → 4AuI2-1  gap=0.629 eV  best=-1.508 eV  top50=13  top10%=16
Cycle  81: full DKL retrain  (90 labelled)
GP warmup: 20 epochs on initial embeddings
Joint DKL training: 50 epochs
  Epoch 20/50  loss=-0.2357
  Epoch 40/50  loss=-0.5018
DKL training done in 0.3s
  → 1CdI2-3  gap=-0.272 eV  best=-1.508 eV  top50=13  top10%=16
Cycle  82: GP refit  (91 labelled)
  → 1OScHf3N3Br4-1  gap=-0.277 eV  best=-1.508 eV  top50=13  top10%=16
Cycle  83: GP refit  (92 labelled)
  → 1BrHf2S2Cl3-1  gap=0.328 eV  best=-1.508 eV  top50=13  top10%=16
Cycle  84: GP refit  (93 labelled)
  → 2AuO-1  gap=0.082 eV  best=-1.508 eV  top50=13  top10%=16
Cycle  85: GP refit  (94 labelled)
  → 1HfCl2-1  gap=-0.108 eV  best=-1.508 eV  top50=13  top10%=16
Cycle  86: full DKL retrain  (95 labelled)
GP warmup: 20 epochs on initial embeddings
Joint DKL training: 50 epochs
  Epoch 20/50  loss=-0.6210
  Epoch 40/50  loss=-0.8023
DKL training done in 0.3s
  → 2BrCs-2  gap=-0.221 eV  best=-1.508 eV  top50=13  top10%=16
Cycle  87: GP refit  (96 labelled)
  → 1NiZrI6-1  gap=0.576 eV  best=-1.508 eV  top50=13  top10%=16
Cycle  88: GP refit  (97 labelled)
  → 1Ta3I8-1  gap=0.270 eV  best=-1.508 eV  top50=13  top10%=16
Cycle  89: GP refit  (98 labelled)
  → 2AgI-2  gap=-0.404 eV  best=-1.508 eV  top50=13  top10%=16
Cycle  90: GP refit  (99 labelled)
  → 2CoAs2I2O3-1  gap=0.463 eV  best=-1.508 eV  top50=13  top10%=16
Cycle  91: full DKL retrain  (100 labelled)
GP warmup: 20 epochs on initial embeddings
Joint DKL training: 50 epochs
  Epoch 20/50  loss=-0.1800
  Epoch 40/50  loss=-0.6080
DKL training done in 0.3s
  → 2ClCs-1  gap=-0.154 eV  best=-1.508 eV  top50=13  top10%=16
Cycle  92: GP refit  (101 labelled)
  → 1AlAs-1  gap=-0.875 eV  best=-1.508 eV  top50=14  top10%=17
Cycle  93: GP refit  (102 labelled)
  → 2CCsO3-1  gap=1.298 eV  best=-1.508 eV  top50=14  top10%=17
Cycle  94: GP refit  (103 labelled)
  → 1BaBrI-1  gap=0.289 eV  best=-1.508 eV  top50=14  top10%=17
Cycle  95: GP refit  (104 labelled)
  → 1SI2Pb2-1  gap=-0.875 eV  best=-1.508 eV  top50=15  top10%=18
Cycle  96: full DKL retrain  (105 labelled)
GP warmup: 20 epochs on initial embeddings
Joint DKL training: 50 epochs
  Epoch 20/50  loss=-0.5521
  Epoch 40/50  loss=-0.9195
DKL training done in 0.3s
  → 1MgI2-3  gap=-0.242 eV  best=-1.508 eV  top50=15  top10%=18
Cycle  97: GP refit  (106 labelled)
  → 1BiIS-2  gap=-0.073 eV  best=-1.508 eV  top50=15  top10%=18
Cycle  98: GP refit  (107 labelled)
  → 2P2Se3-2  gap=0.282 eV  best=-1.508 eV  top50=15  top10%=18
Cycle  99: GP refit  (108 labelled)
  → 1ScI2-2  gap=0.090 eV  best=-1.508 eV  top50=15  top10%=18
Cycle 100: GP refit  (109 labelled)
  → 2AlSe-1  gap=-0.138 eV  best=-1.508 eV  top50=15  top10%=18
  emass_min/seed3 → best=-1.508 top50=15 top10%=18
BOLoop: 766 materials  |  direction=min  |  top-50 internal threshold=0.62  top-10% internal threshold=0.49
Init: 10 random labels  |  best (min) = -0.562
Cycle   1: full DKL retrain  (10 labelled)
GP warmup: 20 epochs on initial embeddings
/home/roy/Desktop/DKL-BO/venv/lib/python3.13/site-packages/torch/_compile.py:54: UserWarning: optimizer contains a parameter group with duplicate parameters; in future, this will cause an error; see github.com/pytorch/pytorch/issues/40967 for more information
  return disable_fn(*args, **kwargs)
Joint DKL training: 50 epochs
  Epoch 20/50  loss=0.8775
  Epoch 40/50  loss=0.8063
DKL training done in 0.3s
  → 2SV-4  gap=0.541 eV  best=-0.562 eV  top50=0  top10%=0
Cycle   2: GP refit  (11 labelled)
  → 2TeZr-4  gap=-0.459 eV  best=-0.562 eV  top50=0  top10%=0
Cycle   3: GP refit  (12 labelled)
  → 1MnZrBr6-1  gap=0.095 eV  best=-0.562 eV  top50=0  top10%=0
Cycle   4: GP refit  (13 labelled)
  → 2AlS-1  gap=-0.207 eV  best=-0.562 eV  top50=0  top10%=0
Cycle   5: GP refit  (14 labelled)
  → 2HfZrTe4-1  gap=-0.328 eV  best=-0.562 eV  top50=0  top10%=0
Cycle   6: full DKL retrain  (15 labelled)
GP warmup: 20 epochs on initial embeddings
Joint DKL training: 50 epochs
  Epoch 20/50  loss=0.1574
  Epoch 40/50  loss=-0.1597
DKL training done in 0.3s
  → 1AlAs-1  gap=-0.875 eV  best=-0.875 eV  top50=1  top10%=1
Cycle   7: GP refit  (16 labelled)
  → 2GaSe-1  gap=-0.768 eV  best=-0.875 eV  top50=2  top10%=2
Cycle   8: GP refit  (17 labelled)
  → 2GaSe-7  gap=-0.394 eV  best=-0.875 eV  top50=2  top10%=2
Cycle   9: GP refit  (18 labelled)
  → 2ClGa-1  gap=-0.075 eV  best=-0.875 eV  top50=2  top10%=2
Cycle  10: GP refit  (19 labelled)
  → 1AlGaSe2-1  gap=-0.024 eV  best=-0.875 eV  top50=2  top10%=2
Cycle  11: full DKL retrain  (20 labelled)
GP warmup: 20 epochs on initial embeddings
Joint DKL training: 50 epochs
  Epoch 20/50  loss=0.2736
  Epoch 40/50  loss=-0.0614
DKL training done in 0.3s
  → 1AsB-1  gap=-0.804 eV  best=-0.875 eV  top50=3  top10%=3
Cycle  12: GP refit  (21 labelled)
  → 1AsBrTe-2  gap=-0.233 eV  best=-0.875 eV  top50=3  top10%=3
Cycle  13: GP refit  (22 labelled)
  → 1AsBrSe-1  gap=0.749 eV  best=-0.875 eV  top50=3  top10%=3
Cycle  14: GP refit  (23 labelled)
  → 1AsIn-1  gap=0.064 eV  best=-0.875 eV  top50=3  top10%=3
Cycle  15: GP refit  (24 labelled)
  → 1AsBrTe-1  gap=-0.059 eV  best=-0.875 eV  top50=3  top10%=3
Cycle  16: full DKL retrain  (25 labelled)
GP warmup: 20 epochs on initial embeddings
Joint DKL training: 50 epochs
  Epoch 20/50  loss=0.3822
  Epoch 40/50  loss=0.2270
DKL training done in 0.3s
  → 1C2O2Zr3-1  gap=-0.274 eV  best=-0.875 eV  top50=3  top10%=3
Cycle  17: GP refit  (26 labelled)
  → 1AlN-1  gap=-0.293 eV  best=-0.875 eV  top50=3  top10%=3
Cycle  18: GP refit  (27 labelled)
  → 1GaN-1  gap=-0.641 eV  best=-0.875 eV  top50=4  top10%=4
Cycle  19: GP refit  (28 labelled)
  → 2GaTe-1  gap=-1.988 eV  best=-1.988 eV  top50=5  top10%=5
Cycle  20: GP refit  (29 labelled)
  → 2BrCs-2  gap=-0.221 eV  best=-1.988 eV  top50=5  top10%=5
Cycle  21: full DKL retrain  (30 labelled)
GP warmup: 20 epochs on initial embeddings
Joint DKL training: 50 epochs
  Epoch 20/50  loss=0.4707
  Epoch 40/50  loss=0.3550
DKL training done in 0.3s
  → 2AgTe-2  gap=-0.666 eV  best=-1.988 eV  top50=6  top10%=6
Cycle  22: GP refit  (31 labelled)
  → 1CrTe2-2  gap=-0.088 eV  best=-1.988 eV  top50=6  top10%=6
Cycle  23: GP refit  (32 labelled)
  → 2AgTe-3  gap=-0.089 eV  best=-1.988 eV  top50=6  top10%=6
Cycle  24: GP refit  (33 labelled)
  → 1CrSTe-1  gap=0.042 eV  best=-1.988 eV  top50=6  top10%=6
Cycle  25: GP refit  (34 labelled)
  → 1WAg2Te4-1  gap=0.764 eV  best=-1.988 eV  top50=6  top10%=6
Cycle  26: full DKL retrain  (35 labelled)
GP warmup: 20 epochs on initial embeddings
Joint DKL training: 50 epochs
  Epoch 20/50  loss=0.5316
  Epoch 40/50  loss=0.4270
DKL training done in 0.3s
  → 2ClRb-2  gap=-0.180 eV  best=-1.988 eV  top50=6  top10%=6
Cycle  27: GP refit  (36 labelled)
  → 2GaS-1  gap=-0.633 eV  best=-1.988 eV  top50=7  top10%=7
Cycle  28: GP refit  (37 labelled)
  → 2ClCs-1  gap=-0.154 eV  best=-1.988 eV  top50=7  top10%=7
Cycle  29: GP refit  (38 labelled)
  → 2IRb-1  gap=-0.293 eV  best=-1.988 eV  top50=7  top10%=7
Cycle  30: GP refit  (39 labelled)
  → 2AlTe-1  gap=-0.211 eV  best=-1.988 eV  top50=7  top10%=7
Cycle  31: full DKL retrain  (40 labelled)
GP warmup: 20 epochs on initial embeddings
Joint DKL training: 50 epochs
  Epoch 20/50  loss=0.1933
  Epoch 40/50  loss=0.0617
DKL training done in 0.3s
  → 2ClIn-5  gap=0.029 eV  best=-1.988 eV  top50=7  top10%=7
Cycle  32: GP refit  (41 labelled)
  → 1HgTe-1  gap=-1.220 eV  best=-1.988 eV  top50=8  top10%=8
Cycle  33: GP refit  (42 labelled)
  → 1BaI2-2  gap=0.597 eV  best=-1.988 eV  top50=8  top10%=8
Cycle  34: GP refit  (43 labelled)
  → 2FRb-1  gap=-0.087 eV  best=-1.988 eV  top50=8  top10%=8
Cycle  35: GP refit  (44 labelled)
  → 2HKTe-1  gap=-0.310 eV  best=-1.988 eV  top50=8  top10%=8
Cycle  36: full DKL retrain  (45 labelled)
GP warmup: 20 epochs on initial embeddings
Joint DKL training: 50 epochs
  Epoch 20/50  loss=0.0944
  Epoch 40/50  loss=-0.0260
DKL training done in 0.3s
  → 4HgTe-1  gap=-0.925 eV  best=-1.988 eV  top50=9  top10%=9
Cycle  37: GP refit  (46 labelled)
  → 1HgS-1  gap=-1.412 eV  best=-1.988 eV  top50=10  top10%=10
Cycle  38: GP refit  (47 labelled)
  → 1InSb-1  gap=0.248 eV  best=-1.988 eV  top50=10  top10%=10
Cycle  39: GP refit  (48 labelled)
  → 1HgSe-1  gap=-1.498 eV  best=-1.988 eV  top50=11  top10%=11
Cycle  40: GP refit  (49 labelled)
  → 1PbTe-1  gap=-0.622 eV  best=-1.988 eV  top50=12  top10%=12
Cycle  41: full DKL retrain  (50 labelled)
GP warmup: 20 epochs on initial embeddings
Joint DKL training: 50 epochs
  Epoch 20/50  loss=0.1784
  Epoch 40/50  loss=0.0615
DKL training done in 0.3s
  → 4HgSe-1  gap=-0.862 eV  best=-1.988 eV  top50=13  top10%=13
Cycle  42: GP refit  (51 labelled)
  → 1HgO-1  gap=0.248 eV  best=-1.988 eV  top50=13  top10%=13
Cycle  43: GP refit  (52 labelled)
  → 1MnZrI6-1  gap=-0.123 eV  best=-1.988 eV  top50=13  top10%=13
Cycle  44: GP refit  (53 labelled)
  → 1PbS2-1  gap=-0.438 eV  best=-1.988 eV  top50=13  top10%=13
Cycle  45: GP refit  (54 labelled)
  → 1HfMnI6-1  gap=-0.115 eV  best=-1.988 eV  top50=13  top10%=13
Cycle  46: full DKL retrain  (55 labelled)
GP warmup: 20 epochs on initial embeddings
Joint DKL training: 50 epochs
  Epoch 20/50  loss=-0.1130
  Epoch 40/50  loss=-0.2283
DKL training done in 0.3s
  → 1PbSe2-1  gap=-0.543 eV  best=-1.988 eV  top50=13  top10%=14
Cycle  47: GP refit  (56 labelled)
  → 2GaI-1  gap=0.332 eV  best=-1.988 eV  top50=13  top10%=14
Cycle  48: GP refit  (57 labelled)
  → 1PbSe-1  gap=-0.390 eV  best=-1.988 eV  top50=13  top10%=14
Cycle  49: GP refit  (58 labelled)
  → 1AsITe-2  gap=-0.286 eV  best=-1.988 eV  top50=13  top10%=14
Cycle  50: GP refit  (59 labelled)
  → 2BrRb-2  gap=-0.247 eV  best=-1.988 eV  top50=13  top10%=14
Cycle  51: full DKL retrain  (60 labelled)
GP warmup: 20 epochs on initial embeddings
Joint DKL training: 50 epochs
  Epoch 20/50  loss=-0.2071
  Epoch 40/50  loss=-0.3810
DKL training done in 0.3s
  → 2AgCl-7  gap=-0.228 eV  best=-1.988 eV  top50=13  top10%=14
Cycle  52: GP refit  (61 labelled)
  → 2SeZr-4  gap=-0.296 eV  best=-1.988 eV  top50=13  top10%=14
Cycle  53: GP refit  (62 labelled)
  → 1AsClTe-2  gap=0.043 eV  best=-1.988 eV  top50=13  top10%=14
Cycle  54: GP refit  (63 labelled)
  → 4AgCl2-1  gap=0.534 eV  best=-1.988 eV  top50=13  top10%=14
Cycle  55: GP refit  (64 labelled)
  → 2PbTe-3  gap=-0.241 eV  best=-1.988 eV  top50=13  top10%=14
Cycle  56: full DKL retrain  (65 labelled)
GP warmup: 20 epochs on initial embeddings
Joint DKL training: 50 epochs
  Epoch 20/50  loss=-0.1004
  Epoch 40/50  loss=-0.2674
DKL training done in 0.3s
  → 1BN-1  gap=-0.030 eV  best=-1.988 eV  top50=13  top10%=14
Cycle  57: GP refit  (66 labelled)
  → 2RhSe-3  gap=-0.543 eV  best=-1.988 eV  top50=13  top10%=15
Cycle  58: GP refit  (67 labelled)
  → 1HfTe2-2  gap=-0.278 eV  best=-1.988 eV  top50=13  top10%=15
Cycle  59: GP refit  (68 labelled)
  → 2IRhTe-2  gap=-0.406 eV  best=-1.988 eV  top50=13  top10%=15
Cycle  60: GP refit  (69 labelled)
  → 1ZrHf3Te8-1  gap=-0.353 eV  best=-1.988 eV  top50=13  top10%=15
Cycle  61: full DKL retrain  (70 labelled)
GP warmup: 20 epochs on initial embeddings
Joint DKL training: 50 epochs
  Epoch 20/50  loss=-0.4264
  Epoch 40/50  loss=-0.5717
DKL training done in 0.3s
  → 1AgScP2S6-1  gap=0.826 eV  best=-1.988 eV  top50=13  top10%=15
Cycle  62: GP refit  (71 labelled)
  → 1AgCrP2Se6-1  gap=-0.278 eV  best=-1.988 eV  top50=13  top10%=15
Cycle  63: GP refit  (72 labelled)
  → 1AgCrP2Te6-1  gap=-0.425 eV  best=-1.988 eV  top50=13  top10%=15
Cycle  64: GP refit  (73 labelled)
  → 1CoLiP2S6-1  gap=0.712 eV  best=-1.988 eV  top50=13  top10%=15
Cycle  65: GP refit  (74 labelled)
  → 1CrSe2-1  gap=-0.038 eV  best=-1.988 eV  top50=13  top10%=15
Cycle  66: full DKL retrain  (75 labelled)
GP warmup: 20 epochs on initial embeddings
Joint DKL training: 50 epochs
  Epoch 20/50  loss=-0.5388
  Epoch 40/50  loss=-0.7675
DKL training done in 0.3s
  → 1AgAlP2S6-1  gap=-0.411 eV  best=-1.988 eV  top50=13  top10%=15
Cycle  67: GP refit  (76 labelled)
  → 1AgAlP2Se6-1  gap=-0.554 eV  best=-1.988 eV  top50=13  top10%=16
Cycle  68: GP refit  (77 labelled)
  → 1AgCrP2S6-1  gap=-0.142 eV  best=-1.988 eV  top50=13  top10%=16
Cycle  69: GP refit  (78 labelled)
  → 2AgF-3  gap=-0.316 eV  best=-1.988 eV  top50=13  top10%=16
Cycle  70: GP refit  (79 labelled)
  → 2FRhTe-1  gap=-0.267 eV  best=-1.988 eV  top50=13  top10%=16
Cycle  71: full DKL retrain  (80 labelled)
GP warmup: 20 epochs on initial embeddings
Joint DKL training: 50 epochs
  Epoch 20/50  loss=-0.6457
  Epoch 40/50  loss=-0.8721
DKL training done in 0.3s
  → 1CoLiP2Se6-1  gap=0.056 eV  best=-1.988 eV  top50=13  top10%=16
Cycle  72: GP refit  (81 labelled)
  → 2AgCrP2S6-1  gap=0.184 eV  best=-1.988 eV  top50=13  top10%=16
Cycle  73: GP refit  (82 labelled)
  → 1AgInP2Se6-1  gap=-0.175 eV  best=-1.988 eV  top50=13  top10%=16
Cycle  74: GP refit  (83 labelled)
  → 1AgAlAs2Se6-1  gap=-0.325 eV  best=-1.988 eV  top50=13  top10%=16
Cycle  75: GP refit  (84 labelled)
  → 1BiHTe2O6-1  gap=-0.672 eV  best=-1.988 eV  top50=14  top10%=17
Cycle  76: full DKL retrain  (85 labelled)
GP warmup: 20 epochs on initial embeddings
Joint DKL training: 50 epochs
  Epoch 20/50  loss=-0.7066
  Epoch 40/50  loss=-1.0128
DKL training done in 0.3s
  → 1ClScTe-1  gap=-0.031 eV  best=-1.988 eV  top50=14  top10%=17
Cycle  77: GP refit  (86 labelled)
  → 1AgTlP2Se6-1  gap=0.154 eV  best=-1.988 eV  top50=14  top10%=17
Cycle  78: GP refit  (87 labelled)
  → 2HInTeO4-1  gap=0.671 eV  best=-1.988 eV  top50=14  top10%=17
Cycle  79: GP refit  (88 labelled)
  → 1HgBr2-4  gap=-0.419 eV  best=-1.988 eV  top50=14  top10%=17
Cycle  80: GP refit  (89 labelled)
  → 2CCsO3-2  gap=0.885 eV  best=-1.988 eV  top50=14  top10%=17
Cycle  81: full DKL retrain  (90 labelled)
GP warmup: 20 epochs on initial embeddings
Joint DKL training: 50 epochs
  Epoch 20/50  loss=-0.3509
  Epoch 40/50  loss=-0.7338
DKL training done in 0.3s
  → 1MoCu2S4-1  gap=0.595 eV  best=-1.988 eV  top50=14  top10%=17
Cycle  82: GP refit  (91 labelled)
  → 1BrClNi-1  gap=0.073 eV  best=-1.988 eV  top50=14  top10%=17
Cycle  83: GP refit  (92 labelled)
  → 1MgBr2-3  gap=-0.481 eV  best=-1.988 eV  top50=14  top10%=17
Cycle  84: GP refit  (93 labelled)
  → 1ScBr2-1  gap=0.230 eV  best=-1.988 eV  top50=14  top10%=17
Cycle  85: GP refit  (94 labelled)
  → 2SrBi2O4-1  gap=-0.251 eV  best=-1.988 eV  top50=14  top10%=17
Cycle  86: full DKL retrain  (95 labelled)
GP warmup: 20 epochs on initial embeddings
Joint DKL training: 50 epochs
  Epoch 20/50  loss=-0.6757
  Epoch 40/50  loss=-0.9981
DKL training done in 0.3s
  → 1AgGaP2S6-1  gap=-0.310 eV  best=-1.988 eV  top50=14  top10%=17
Cycle  87: GP refit  (96 labelled)
  → 1PdZnP2Se6-1  gap=-0.020 eV  best=-1.988 eV  top50=14  top10%=17
Cycle  88: GP refit  (97 labelled)
  → 1FeBr2-3  gap=-0.054 eV  best=-1.988 eV  top50=14  top10%=17
Cycle  89: GP refit  (98 labelled)
  → 1CoNaP2Se6-1  gap=-0.008 eV  best=-1.988 eV  top50=14  top10%=17
Cycle  90: GP refit  (99 labelled)
  → 1CoLiAs2Se6-1  gap=-0.369 eV  best=-1.988 eV  top50=14  top10%=17
Cycle  91: full DKL retrain  (100 labelled)
GP warmup: 20 epochs on initial embeddings
Joint DKL training: 50 epochs
  Epoch 20/50  loss=-0.2656
  Epoch 40/50  loss=-0.9297
DKL training done in 0.3s
  → 2ORh-2  gap=-0.719 eV  best=-1.988 eV  top50=15  top10%=18
Cycle  92: GP refit  (101 labelled)
  → 1AgInP2S6-1  gap=-0.334 eV  best=-1.988 eV  top50=15  top10%=18
Cycle  93: GP refit  (102 labelled)
  → 1BiBrTe-2  gap=0.128 eV  best=-1.988 eV  top50=15  top10%=18
Cycle  94: GP refit  (103 labelled)
  → 1BrITl2-1  gap=-0.521 eV  best=-1.988 eV  top50=15  top10%=19
Cycle  95: GP refit  (104 labelled)
  → 2AgO-1  gap=-0.141 eV  best=-1.988 eV  top50=15  top10%=19
Cycle  96: full DKL retrain  (105 labelled)
GP warmup: 20 epochs on initial embeddings
Joint DKL training: 50 epochs
  Epoch 20/50  loss=-0.6353
  Epoch 40/50  loss=-0.9330
DKL training done in 0.4s
  → 2TiO2-1  gap=0.453 eV  best=-1.988 eV  top50=15  top10%=19
Cycle  97: GP refit  (106 labelled)
  → 1ScH2-1  gap=-0.199 eV  best=-1.988 eV  top50=15  top10%=19
Cycle  98: GP refit  (107 labelled)
  → 2BaBrH-1  gap=-0.309 eV  best=-1.988 eV  top50=15  top10%=19
Cycle  99: GP refit  (108 labelled)
  → 2OW-1  gap=-0.094 eV  best=-1.988 eV  top50=15  top10%=19
Cycle 100: GP refit  (109 labelled)
  → 1CSiH2-1  gap=0.042 eV  best=-1.988 eV  top50=15  top10%=19
  emass_min/seed4 → best=-1.988 top50=15 top10%=19
BOLoop: 766 materials  |  direction=min  |  top-50 internal threshold=0.62  top-10% internal threshold=0.49
Init: 10 random labels  |  best (min) = -0.804
Cycle   1: full DKL retrain  (10 labelled)
GP warmup: 20 epochs on initial embeddings
/home/roy/Desktop/DKL-BO/venv/lib/python3.13/site-packages/torch/_compile.py:54: UserWarning: optimizer contains a parameter group with duplicate parameters; in future, this will cause an error; see github.com/pytorch/pytorch/issues/40967 for more information
  return disable_fn(*args, **kwargs)
Joint DKL training: 50 epochs
  Epoch 20/50  loss=0.8455
  Epoch 40/50  loss=0.7567
DKL training done in 0.3s
  → 1BP-1  gap=-0.723 eV  best=-0.804 eV  top50=1  top10%=1
Cycle   2: GP refit  (11 labelled)
  → 1BN-1  gap=-0.030 eV  best=-0.804 eV  top50=1  top10%=1
Cycle   3: GP refit  (12 labelled)
  → 2RhTaS4-1  gap=0.388 eV  best=-0.804 eV  top50=1  top10%=1
Cycle   4: GP refit  (13 labelled)
  → 1CSiH2-1  gap=0.042 eV  best=-0.804 eV  top50=1  top10%=1
Cycle   5: GP refit  (14 labelled)
  → 2HNa3S5-1  gap=0.432 eV  best=-0.804 eV  top50=1  top10%=1
Cycle   6: full DKL retrain  (15 labelled)
GP warmup: 20 epochs on initial embeddings
Joint DKL training: 50 epochs
  Epoch 20/50  loss=0.0961
  Epoch 40/50  loss=-0.3093
DKL training done in 0.3s
  → 1MnNbSe4-1  gap=0.395 eV  best=-0.804 eV  top50=1  top10%=1
Cycle   7: GP refit  (16 labelled)
  → 2MoWSe4-1  gap=-0.293 eV  best=-0.804 eV  top50=1  top10%=1
Cycle   8: GP refit  (17 labelled)
  → 2FeSe2-1  gap=0.262 eV  best=-0.804 eV  top50=1  top10%=1
Cycle   9: GP refit  (18 labelled)
  → 1ZrSe2-2  gap=-0.031 eV  best=-0.804 eV  top50=1  top10%=1
Cycle  10: GP refit  (19 labelled)
  → 1MoSe2-1  gap=-0.308 eV  best=-0.804 eV  top50=1  top10%=1
Cycle  11: full DKL retrain  (20 labelled)
GP warmup: 20 epochs on initial embeddings
Joint DKL training: 50 epochs
  Epoch 20/50  loss=0.2173
  Epoch 40/50  loss=-0.0323
DKL training done in 0.3s
  → 1BSb-1  gap=-1.148 eV  best=-1.148 eV  top50=2  top10%=2
Cycle  12: GP refit  (21 labelled)
  → 1WAg2S4-1  gap=0.805 eV  best=-1.148 eV  top50=2  top10%=2
Cycle  13: GP refit  (22 labelled)
  → 2BrCs-2  gap=-0.221 eV  best=-1.148 eV  top50=2  top10%=2
Cycle  14: GP refit  (23 labelled)
  → 1InN-1  gap=-0.996 eV  best=-1.148 eV  top50=3  top10%=3
Cycle  15: GP refit  (24 labelled)
  → 1ISbSe-1  gap=0.327 eV  best=-1.148 eV  top50=3  top10%=3
Cycle  16: full DKL retrain  (25 labelled)
GP warmup: 20 epochs on initial embeddings
Joint DKL training: 50 epochs
  Epoch 20/50  loss=0.0296
  Epoch 40/50  loss=-0.1173
DKL training done in 0.3s
  → 1AlN-1  gap=-0.293 eV  best=-1.148 eV  top50=3  top10%=3
Cycle  17: GP refit  (26 labelled)
  → 1GaN-1  gap=-0.641 eV  best=-1.148 eV  top50=4  top10%=4
Cycle  18: GP refit  (27 labelled)
  → 1HgTe-1  gap=-1.220 eV  best=-1.220 eV  top50=5  top10%=5
Cycle  19: GP refit  (28 labelled)
  → 2PbTe-3  gap=-0.241 eV  best=-1.220 eV  top50=5  top10%=5
Cycle  20: GP refit  (29 labelled)
  → 4HgTe-1  gap=-0.925 eV  best=-1.220 eV  top50=6  top10%=6
Cycle  21: full DKL retrain  (30 labelled)
GP warmup: 20 epochs on initial embeddings
Joint DKL training: 50 epochs
  Epoch 20/50  loss=-0.2845
  Epoch 40/50  loss=-0.4203
DKL training done in 0.3s
  → 2FRb-1  gap=-0.087 eV  best=-1.220 eV  top50=6  top10%=6
Cycle  22: GP refit  (31 labelled)
  → 2ClGa-1  gap=-0.075 eV  best=-1.220 eV  top50=6  top10%=6
Cycle  23: GP refit  (32 labelled)
  → 2ClRb-2  gap=-0.180 eV  best=-1.220 eV  top50=6  top10%=6
Cycle  24: GP refit  (33 labelled)
  → 1SnTe-1  gap=-0.411 eV  best=-1.220 eV  top50=6  top10%=6
Cycle  25: GP refit  (34 labelled)
  → 1PbTe-1  gap=-0.622 eV  best=-1.220 eV  top50=7  top10%=7
Cycle  26: full DKL retrain  (35 labelled)
GP warmup: 20 epochs on initial embeddings
Joint DKL training: 50 epochs
  Epoch 20/50  loss=-0.5804
  Epoch 40/50  loss=-0.9695
DKL training done in 0.3s
  → 2IIn-3  gap=0.071 eV  best=-1.220 eV  top50=7  top10%=7
Cycle  27: GP refit  (36 labelled)
  → 2IK-2  gap=-0.288 eV  best=-1.220 eV  top50=7  top10%=7
Cycle  28: GP refit  (37 labelled)
  → 2AgIBr2-1  gap=0.085 eV  best=-1.220 eV  top50=7  top10%=7
Cycle  29: GP refit  (38 labelled)
  → 2HKTe-1  gap=-0.310 eV  best=-1.220 eV  top50=7  top10%=7
Cycle  30: GP refit  (39 labelled)
  → 1BaBrI-1  gap=0.289 eV  best=-1.220 eV  top50=7  top10%=7
Cycle  31: full DKL retrain  (40 labelled)
GP warmup: 20 epochs on initial embeddings
Joint DKL training: 50 epochs
  Epoch 20/50  loss=-0.6401
  Epoch 40/50  loss=-0.9735
DKL training done in 0.3s
  → 1TeTa3F7-1  gap=-0.580 eV  best=-1.220 eV  top50=7  top10%=8
Cycle  32: GP refit  (41 labelled)
  → 1BaClI-1  gap=0.282 eV  best=-1.220 eV  top50=7  top10%=8
Cycle  33: GP refit  (42 labelled)
  → 1Ta3Br8-1  gap=0.205 eV  best=-1.220 eV  top50=7  top10%=8
Cycle  34: GP refit  (43 labelled)
  → 1HgSe-1  gap=-1.498 eV  best=-1.498 eV  top50=8  top10%=9
Cycle  35: GP refit  (44 labelled)
  → 2AgTe-3  gap=-0.089 eV  best=-1.498 eV  top50=8  top10%=9
Cycle  36: full DKL retrain  (45 labelled)
GP warmup: 20 epochs on initial embeddings
Joint DKL training: 50 epochs
  Epoch 20/50  loss=0.0139
  Epoch 40/50  loss=-0.5287
DKL training done in 0.3s
  → 1HgS-1  gap=-1.412 eV  best=-1.498 eV  top50=9  top10%=10
Cycle  37: GP refit  (46 labelled)
  → 1BiITe-1  gap=0.319 eV  best=-1.498 eV  top50=9  top10%=10
Cycle  38: GP refit  (47 labelled)
  → 1InSb-1  gap=0.248 eV  best=-1.498 eV  top50=9  top10%=10
Cycle  39: GP refit  (48 labelled)
  → 1InP-1  gap=-1.028 eV  best=-1.498 eV  top50=10  top10%=11
Cycle  40: GP refit  (49 labelled)
  → 1AsIn-1  gap=0.064 eV  best=-1.498 eV  top50=10  top10%=11
Cycle  41: full DKL retrain  (50 labelled)
GP warmup: 20 epochs on initial embeddings
Joint DKL training: 50 epochs
  Epoch 20/50  loss=-0.5703
  Epoch 40/50  loss=-0.9340
DKL training done in 0.3s
  → 1TiF2-1  gap=0.463 eV  best=-1.498 eV  top50=10  top10%=11
Cycle  42: GP refit  (51 labelled)
  → 4HgSe-1  gap=-0.862 eV  best=-1.498 eV  top50=11  top10%=12
Cycle  43: GP refit  (52 labelled)
  → 2TeTl-2  gap=-0.972 eV  best=-1.498 eV  top50=12  top10%=13
Cycle  44: GP refit  (53 labelled)
  → 2FK-1  gap=-0.065 eV  best=-1.498 eV  top50=12  top10%=13
Cycle  45: GP refit  (54 labelled)
  → 2ClK-2  gap=-0.167 eV  best=-1.498 eV  top50=12  top10%=13
Cycle  46: full DKL retrain  (55 labelled)
GP warmup: 20 epochs on initial embeddings
Joint DKL training: 50 epochs
  Epoch 20/50  loss=-0.7244
  Epoch 40/50  loss=-0.9790
DKL training done in 0.3s
  → 2PbTe-1  gap=-1.102 eV  best=-1.498 eV  top50=13  top10%=14
Cycle  47: GP refit  (56 labelled)
  → 2InS-1  gap=-0.592 eV  best=-1.498 eV  top50=13  top10%=15
Cycle  48: GP refit  (57 labelled)
  → 2RuTe2-1  gap=0.012 eV  best=-1.498 eV  top50=13  top10%=15
Cycle  49: GP refit  (58 labelled)
  → 1PbSe2-1  gap=-0.543 eV  best=-1.498 eV  top50=13  top10%=16
Cycle  50: GP refit  (59 labelled)
  → 2InTe-1  gap=-0.797 eV  best=-1.498 eV  top50=14  top10%=17
Cycle  51: full DKL retrain  (60 labelled)
GP warmup: 20 epochs on initial embeddings
Joint DKL training: 50 epochs
  Epoch 20/50  loss=-0.7184
  Epoch 40/50  loss=-0.9751
DKL training done in 0.3s
  → 1WAg2Te4-1  gap=0.764 eV  best=-1.498 eV  top50=14  top10%=17
Cycle  52: GP refit  (61 labelled)
  → 2AuTe-3  gap=-0.304 eV  best=-1.498 eV  top50=14  top10%=17
Cycle  53: GP refit  (62 labelled)
  → 1MoAu2O4-2  gap=0.415 eV  best=-1.498 eV  top50=14  top10%=17
Cycle  54: GP refit  (63 labelled)
  → 2AgTe-2  gap=-0.666 eV  best=-1.498 eV  top50=15  top10%=18
Cycle  55: GP refit  (64 labelled)
  → 2GaI-1  gap=0.332 eV  best=-1.498 eV  top50=15  top10%=18
Cycle  56: full DKL retrain  (65 labelled)
GP warmup: 20 epochs on initial embeddings
Joint DKL training: 50 epochs
  Epoch 20/50  loss=-0.2360
  Epoch 40/50  loss=-0.5860
DKL training done in 0.3s
  → 2HNaTe-1  gap=-0.387 eV  best=-1.498 eV  top50=15  top10%=18
Cycle  57: GP refit  (66 labelled)
  → 2ScTe-4  gap=-0.071 eV  best=-1.498 eV  top50=15  top10%=18
Cycle  58: GP refit  (67 labelled)
  → 2HKSe-1  gap=-0.269 eV  best=-1.498 eV  top50=15  top10%=18
Cycle  59: GP refit  (68 labelled)
  → 2IrTaTe4-1  gap=-0.478 eV  best=-1.498 eV  top50=15  top10%=18
Cycle  60: GP refit  (69 labelled)
  → 2BrTl-3  gap=0.053 eV  best=-1.498 eV  top50=15  top10%=18
Cycle  61: full DKL retrain  (70 labelled)
GP warmup: 20 epochs on initial embeddings
Joint DKL training: 50 epochs
  Epoch 20/50  loss=-0.5979
  Epoch 40/50  loss=-0.8749
DKL training done in 0.3s
  → 2AgF-3  gap=-0.316 eV  best=-1.498 eV  top50=15  top10%=18
Cycle  62: GP refit  (71 labelled)
  → 1HfTe2-2  gap=-0.278 eV  best=-1.498 eV  top50=15  top10%=18
Cycle  63: GP refit  (72 labelled)
  → 1PbS2-1  gap=-0.438 eV  best=-1.498 eV  top50=15  top10%=18
Cycle  64: GP refit  (73 labelled)
  → 2AgO-1  gap=-0.141 eV  best=-1.498 eV  top50=15  top10%=18
Cycle  65: GP refit  (74 labelled)
  → 2ClIn-5  gap=0.029 eV  best=-1.498 eV  top50=15  top10%=18
Cycle  66: full DKL retrain  (75 labelled)
GP warmup: 20 epochs on initial embeddings
Joint DKL training: 50 epochs
  Epoch 20/50  loss=-0.5008
  Epoch 40/50  loss=-0.6573
DKL training done in 0.3s
  → 2IRb-1  gap=-0.293 eV  best=-1.498 eV  top50=15  top10%=18
Cycle  67: GP refit  (76 labelled)
  → 2ClCs-1  gap=-0.154 eV  best=-1.498 eV  top50=15  top10%=18
Cycle  68: GP refit  (77 labelled)
  → 1STa3F7-1  gap=1.215 eV  best=-1.498 eV  top50=15  top10%=18
Cycle  69: GP refit  (78 labelled)
  → 2BrK-1  gap=-0.238 eV  best=-1.498 eV  top50=15  top10%=18
Cycle  70: GP refit  (79 labelled)
  → 2AgBr-3  gap=-0.277 eV  best=-1.498 eV  top50=15  top10%=18
Cycle  71: full DKL retrain  (80 labelled)
GP warmup: 20 epochs on initial embeddings
Joint DKL training: 50 epochs
  Epoch 20/50  loss=-0.5024
  Epoch 40/50  loss=-0.7288
DKL training done in 0.3s
  → 4AgF2-2  gap=-0.122 eV  best=-1.498 eV  top50=15  top10%=18
Cycle  72: GP refit  (81 labelled)
  → 2ITl-3  gap=-0.025 eV  best=-1.498 eV  top50=15  top10%=18
Cycle  73: GP refit  (82 labelled)
  → 1TeTa3Cl7-1  gap=0.420 eV  best=-1.498 eV  top50=15  top10%=18
Cycle  74: GP refit  (83 labelled)
  → 1FeHfF6-1  gap=1.579 eV  best=-1.498 eV  top50=15  top10%=18
Cycle  75: GP refit  (84 labelled)
  → 2AgCl-7  gap=-0.228 eV  best=-1.498 eV  top50=15  top10%=18
Cycle  76: full DKL retrain  (85 labelled)
GP warmup: 20 epochs on initial embeddings
Joint DKL training: 50 epochs
  Epoch 20/50  loss=-0.5448
  Epoch 40/50  loss=-0.7732
DKL training done in 0.3s
  → 2FNaO-1  gap=0.512 eV  best=-1.498 eV  top50=15  top10%=18
Cycle  77: GP refit  (86 labelled)
  → 2HNaO-1  gap=-0.156 eV  best=-1.498 eV  top50=15  top10%=18
Cycle  78: GP refit  (87 labelled)
  → 1SeAg2O4-1  gap=-0.201 eV  best=-1.498 eV  top50=15  top10%=18
Cycle  79: GP refit  (88 labelled)
  → 2HSeNa3O4-1  gap=0.260 eV  best=-1.498 eV  top50=15  top10%=18
Cycle  80: GP refit  (89 labelled)
  → 1OPb-1  gap=0.863 eV  best=-1.498 eV  top50=15  top10%=18
Cycle  81: full DKL retrain  (90 labelled)
GP warmup: 20 epochs on initial embeddings
Joint DKL training: 50 epochs
  Epoch 20/50  loss=-0.1935
  Epoch 40/50  loss=-0.4679
DKL training done in 0.3s
  → 2PbS-3  gap=-0.397 eV  best=-1.498 eV  top50=15  top10%=18
Cycle  82: GP refit  (91 labelled)
  → 4AuF2-1  gap=0.636 eV  best=-1.498 eV  top50=15  top10%=18
Cycle  83: GP refit  (92 labelled)
  → 2CsF-1  gap=-0.074 eV  best=-1.498 eV  top50=15  top10%=18
Cycle  84: GP refit  (93 labelled)
  → 1STa3Cl7-1  gap=0.331 eV  best=-1.498 eV  top50=15  top10%=18
Cycle  85: GP refit  (94 labelled)
  → 4AgCl2-1  gap=0.534 eV  best=-1.498 eV  top50=15  top10%=18
Cycle  86: full DKL retrain  (95 labelled)
GP warmup: 20 epochs on initial embeddings
Joint DKL training: 50 epochs
  Epoch 20/50  loss=-0.2862
  Epoch 40/50  loss=-0.6782
DKL training done in 0.3s
  → 1GeTe-1  gap=-0.502 eV  best=-1.498 eV  top50=15  top10%=19
Cycle  87: GP refit  (96 labelled)
  → 1SeNb3F7-1  gap=0.681 eV  best=-1.498 eV  top50=15  top10%=19
Cycle  88: GP refit  (97 labelled)
  → 2KTaF6-1  gap=0.476 eV  best=-1.498 eV  top50=15  top10%=19
Cycle  89: GP refit  (98 labelled)
  → 2HKS-2  gap=-0.206 eV  best=-1.498 eV  top50=15  top10%=19
Cycle  90: GP refit  (99 labelled)
  → 2OPb-3  gap=-0.244 eV  best=-1.498 eV  top50=15  top10%=19
Cycle  91: full DKL retrain  (100 labelled)
GP warmup: 20 epochs on initial embeddings
Joint DKL training: 50 epochs
  Epoch 20/50  loss=0.4026
  Epoch 40/50  loss=-0.1302
DKL training done in 0.3s
  → 1MoAu2S4-1  gap=0.626 eV  best=-1.498 eV  top50=15  top10%=19
Cycle  92: GP refit  (101 labelled)
  → 1N2O2Zr3-1  gap=-0.033 eV  best=-1.498 eV  top50=15  top10%=19
Cycle  93: GP refit  (102 labelled)
  → 1MoW3O8-1  gap=-0.430 eV  best=-1.498 eV  top50=15  top10%=19
Cycle  94: GP refit  (103 labelled)
  → 2GaSe-7  gap=-0.394 eV  best=-1.498 eV  top50=15  top10%=19
Cycle  95: GP refit  (104 labelled)
  → 2BrFSr-1  gap=-0.394 eV  best=-1.498 eV  top50=15  top10%=19
Cycle  96: full DKL retrain  (105 labelled)
GP warmup: 20 epochs on initial embeddings
Joint DKL training: 50 epochs
  Epoch 20/50  loss=-0.1997
  Epoch 40/50  loss=-0.3682
DKL training done in 0.3s
  → 2CoFO2-1  gap=0.772 eV  best=-1.498 eV  top50=15  top10%=19
Cycle  97: GP refit  (106 labelled)
  → 2BrCaF-1  gap=-0.202 eV  best=-1.498 eV  top50=15  top10%=19
Cycle  98: GP refit  (107 labelled)
  → 2ClCu-4  gap=-0.275 eV  best=-1.498 eV  top50=15  top10%=19
Cycle  99: GP refit  (108 labelled)
  → 1CrO2-2  gap=-0.060 eV  best=-1.498 eV  top50=15  top10%=19
Cycle 100: GP refit  (109 labelled)
  → 2InSe-1  gap=-0.707 eV  best=-1.498 eV  top50=16  top10%=20
  emass_min/seed5 → best=-1.498 top50=16 top10%=20
BOLoop: 766 materials  |  direction=min  |  top-50 internal threshold=0.62  top-10% internal threshold=0.49
Init: 10 random labels  |  best (min) = -1.220
Cycle   1: full DKL retrain  (10 labelled)
GP warmup: 20 epochs on initial embeddings
/home/roy/Desktop/DKL-BO/venv/lib/python3.13/site-packages/torch/_compile.py:54: UserWarning: optimizer contains a parameter group with duplicate parameters; in future, this will cause an error; see github.com/pytorch/pytorch/issues/40967 for more information
  return disable_fn(*args, **kwargs)
Joint DKL training: 50 epochs
  Epoch 20/50  loss=0.8701
  Epoch 40/50  loss=0.8069
DKL training done in 0.3s
  → 4HgTe-1  gap=-0.925 eV  best=-1.220 eV  top50=1  top10%=1
Cycle   2: GP refit  (11 labelled)
  → 1BaI2-2  gap=0.597 eV  best=-1.220 eV  top50=1  top10%=1
Cycle   3: GP refit  (12 labelled)
  → 2IRb-1  gap=-0.293 eV  best=-1.220 eV  top50=1  top10%=1
Cycle   4: GP refit  (13 labelled)
  → 2AsTlO3-1  gap=0.034 eV  best=-1.220 eV  top50=1  top10%=1
Cycle   5: GP refit  (14 labelled)
  → 1MgBr2-3  gap=-0.481 eV  best=-1.220 eV  top50=1  top10%=1
Cycle   6: full DKL retrain  (15 labelled)
GP warmup: 20 epochs on initial embeddings
Joint DKL training: 50 epochs
  Epoch 20/50  loss=0.6133
  Epoch 40/50  loss=-0.1683
DKL training done in 0.3s
  → 1PbTe-1  gap=-0.622 eV  best=-1.220 eV  top50=2  top10%=2
Cycle   7: GP refit  (16 labelled)
  → 1PdPt3O8-1  gap=0.371 eV  best=-1.220 eV  top50=2  top10%=2
Cycle   8: GP refit  (17 labelled)
  → 2BrRb-2  gap=-0.247 eV  best=-1.220 eV  top50=2  top10%=2
Cycle   9: GP refit  (18 labelled)
  → 1HgSe-1  gap=-1.498 eV  best=-1.498 eV  top50=3  top10%=3
Cycle  10: GP refit  (19 labelled)
  → 2TeTl-2  gap=-0.972 eV  best=-1.498 eV  top50=4  top10%=4
Cycle  11: full DKL retrain  (20 labelled)
GP warmup: 20 epochs on initial embeddings
Joint DKL training: 50 epochs
  Epoch 20/50  loss=0.8678
  Epoch 40/50  loss=0.0750
DKL training done in 0.3s
  → 4HgSe-1  gap=-0.862 eV  best=-1.498 eV  top50=5  top10%=5
Cycle  12: GP refit  (21 labelled)
  → 1PbSe2-1  gap=-0.543 eV  best=-1.498 eV  top50=5  top10%=6
Cycle  13: GP refit  (22 labelled)
  → 1MoAu2Te4-1  gap=0.971 eV  best=-1.498 eV  top50=5  top10%=6
Cycle  14: GP refit  (23 labelled)
  → 1BN-1  gap=-0.030 eV  best=-1.498 eV  top50=5  top10%=6
Cycle  15: GP refit  (24 labelled)
  → 1WAu2Se4-1  gap=0.775 eV  best=-1.498 eV  top50=5  top10%=6
Cycle  16: full DKL retrain  (25 labelled)
GP warmup: 20 epochs on initial embeddings
Joint DKL training: 50 epochs
  Epoch 20/50  loss=3.8027
  Epoch 40/50  loss=0.6578
DKL training done in 0.3s
  → 1YI2-1  gap=0.143 eV  best=-1.498 eV  top50=5  top10%=6
Cycle  17: GP refit  (26 labelled)
  → 1C2F2S2Zr3-1  gap=-0.181 eV  best=-1.498 eV  top50=5  top10%=6
Cycle  18: GP refit  (27 labelled)
  → 1HgO-1  gap=0.248 eV  best=-1.498 eV  top50=5  top10%=6
Cycle  19: GP refit  (28 labelled)
  → 1PbBr2-2  gap=-0.201 eV  best=-1.498 eV  top50=5  top10%=6
Cycle  20: GP refit  (29 labelled)
  → 2BiHgIO2-1  gap=0.115 eV  best=-1.498 eV  top50=5  top10%=6
Cycle  21: full DKL retrain  (30 labelled)
GP warmup: 20 epochs on initial embeddings
Joint DKL training: 50 epochs
  Epoch 20/50  loss=0.7529
  Epoch 40/50  loss=-0.0312
DKL training done in 0.3s
  → 2InTe-1  gap=-0.797 eV  best=-1.498 eV  top50=6  top10%=7
Cycle  22: GP refit  (31 labelled)
  → 1InSb-1  gap=0.248 eV  best=-1.498 eV  top50=6  top10%=7
Cycle  23: GP refit  (32 labelled)
  → 2PbTe-1  gap=-1.102 eV  best=-1.498 eV  top50=7  top10%=8
Cycle  24: GP refit  (33 labelled)
  → 2AlTe-1  gap=-0.211 eV  best=-1.498 eV  top50=7  top10%=8
Cycle  25: GP refit  (34 labelled)
  → 2AuBr-2  gap=-0.297 eV  best=-1.498 eV  top50=7  top10%=8
Cycle  26: full DKL retrain  (35 labelled)
GP warmup: 20 epochs on initial embeddings
Joint DKL training: 50 epochs
  Epoch 20/50  loss=1.8411
  Epoch 40/50  loss=0.1428
DKL training done in 0.3s
  → 2FRb-1  gap=-0.087 eV  best=-1.498 eV  top50=7  top10%=8
Cycle  27: GP refit  (36 labelled)
  → 1BrCoTe-1  gap=0.175 eV  best=-1.498 eV  top50=7  top10%=8
Cycle  28: GP refit  (37 labelled)
  → 2GaTe-1  gap=-1.988 eV  best=-1.988 eV  top50=8  top10%=9
Cycle  29: GP refit  (38 labelled)
  → 1ZrTe2-2  gap=-0.271 eV  best=-1.988 eV  top50=8  top10%=9
Cycle  30: GP refit  (39 labelled)
  → 1GeTe-1  gap=-0.502 eV  best=-1.988 eV  top50=8  top10%=10
Cycle  31: full DKL retrain  (40 labelled)
GP warmup: 20 epochs on initial embeddings
Joint DKL training: 50 epochs
  Epoch 20/50  loss=0.2509
  Epoch 40/50  loss=0.0185
DKL training done in 0.3s
  → 2PbTe-3  gap=-0.241 eV  best=-1.988 eV  top50=8  top10%=10
Cycle  32: GP refit  (41 labelled)
  → 1SnTe-1  gap=-0.411 eV  best=-1.988 eV  top50=8  top10%=10
Cycle  33: GP refit  (42 labelled)
  → 1GaInTe2-1  gap=-0.212 eV  best=-1.988 eV  top50=8  top10%=10
Cycle  34: GP refit  (43 labelled)
  → 2OsTe2-1  gap=0.203 eV  best=-1.988 eV  top50=8  top10%=10
Cycle  35: GP refit  (44 labelled)
  → 2HKTe-1  gap=-0.310 eV  best=-1.988 eV  top50=8  top10%=10
Cycle  36: full DKL retrain  (45 labelled)
GP warmup: 20 epochs on initial embeddings
Joint DKL training: 50 epochs
  Epoch 20/50  loss=0.6475
  Epoch 40/50  loss=0.0198
DKL training done in 0.3s
  → 1InP-1  gap=-1.028 eV  best=-1.988 eV  top50=9  top10%=11
Cycle  37: GP refit  (46 labelled)
  → 2ScTe-4  gap=-0.071 eV  best=-1.988 eV  top50=9  top10%=11
Cycle  38: GP refit  (47 labelled)
  → 1BiIS-1  gap=0.540 eV  best=-1.988 eV  top50=9  top10%=11
Cycle  39: GP refit  (48 labelled)
  → 1AsIn-1  gap=0.064 eV  best=-1.988 eV  top50=9  top10%=11
Cycle  40: GP refit  (49 labelled)
  → 2P2Se3-2  gap=0.282 eV  best=-1.988 eV  top50=9  top10%=11
Cycle  41: full DKL retrain  (50 labelled)
GP warmup: 20 epochs on initial embeddings
Joint DKL training: 50 epochs
  Epoch 20/50  loss=0.2388
  Epoch 40/50  loss=-0.0699
DKL training done in 0.3s
  → 1PbS-1  gap=0.295 eV  best=-1.988 eV  top50=9  top10%=11
Cycle  42: GP refit  (51 labelled)
  → 1SnI2-2  gap=-0.083 eV  best=-1.988 eV  top50=9  top10%=11
Cycle  43: GP refit  (52 labelled)
  → 1BiITe-1  gap=0.319 eV  best=-1.988 eV  top50=9  top10%=11
Cycle  44: GP refit  (53 labelled)
  → 1WCu2Te4-1  gap=1.193 eV  best=-1.988 eV  top50=9  top10%=11
Cycle  45: GP refit  (54 labelled)
  → 1PbSe-1  gap=-0.390 eV  best=-1.988 eV  top50=9  top10%=11
Cycle  46: full DKL retrain  (55 labelled)
GP warmup: 20 epochs on initial embeddings
Joint DKL training: 50 epochs
  Epoch 20/50  loss=-0.2821
  Epoch 40/50  loss=-0.7934
DKL training done in 0.3s
  → 1AgCrP2Se6-1  gap=-0.278 eV  best=-1.988 eV  top50=9  top10%=11
Cycle  47: GP refit  (56 labelled)
  → 1AgCrP2Te6-1  gap=-0.425 eV  best=-1.988 eV  top50=9  top10%=11
Cycle  48: GP refit  (57 labelled)
  → 2ClGa-1  gap=-0.075 eV  best=-1.988 eV  top50=9  top10%=11
Cycle  49: GP refit  (58 labelled)
  → 2AgTe-2  gap=-0.666 eV  best=-1.988 eV  top50=10  top10%=12
Cycle  50: GP refit  (59 labelled)
  → 2SeTl-2  gap=-0.739 eV  best=-1.988 eV  top50=11  top10%=13
Cycle  51: full DKL retrain  (60 labelled)
GP warmup: 20 epochs on initial embeddings
Joint DKL training: 50 epochs
  Epoch 20/50  loss=-0.0925
  Epoch 40/50  loss=-0.3791
DKL training done in 0.3s
  → 2P2O3-2  gap=0.491 eV  best=-1.988 eV  top50=11  top10%=13
Cycle  52: GP refit  (61 labelled)
  → 1WSe2-1  gap=-0.453 eV  best=-1.988 eV  top50=11  top10%=13
Cycle  53: GP refit  (62 labelled)
  → 1CoLiP2S6-1  gap=0.712 eV  best=-1.988 eV  top50=11  top10%=13
Cycle  54: GP refit  (63 labelled)
  → 1AgAlP2S6-1  gap=-0.411 eV  best=-1.988 eV  top50=11  top10%=13
Cycle  55: GP refit  (64 labelled)
  → 2P2S3-3  gap=0.122 eV  best=-1.988 eV  top50=11  top10%=13
Cycle  56: full DKL retrain  (65 labelled)
GP warmup: 20 epochs on initial embeddings
Joint DKL training: 50 epochs
  Epoch 20/50  loss=0.6503
  Epoch 40/50  loss=0.1806
DKL training done in 0.3s
  → 2InS2-3  gap=-0.298 eV  best=-1.988 eV  top50=11  top10%=13
Cycle  57: GP refit  (66 labelled)
  → 2AlS-1  gap=-0.207 eV  best=-1.988 eV  top50=11  top10%=13
Cycle  58: GP refit  (67 labelled)
  → 1ClScTe-1  gap=-0.031 eV  best=-1.988 eV  top50=11  top10%=13
Cycle  59: GP refit  (68 labelled)
  → 2P2S3-1  gap=0.221 eV  best=-1.988 eV  top50=11  top10%=13
Cycle  60: GP refit  (69 labelled)
  → 1SnS2-3  gap=-0.354 eV  best=-1.988 eV  top50=11  top10%=13
Cycle  61: full DKL retrain  (70 labelled)
GP warmup: 20 epochs on initial embeddings
Joint DKL training: 50 epochs
  Epoch 20/50  loss=0.1007
  Epoch 40/50  loss=-0.1909
DKL training done in 0.3s
  → 2OSc-1  gap=0.336 eV  best=-1.988 eV  top50=11  top10%=13
Cycle  62: GP refit  (71 labelled)
  → 2SSc-4  gap=-0.408 eV  best=-1.988 eV  top50=11  top10%=13
Cycle  63: GP refit  (72 labelled)
  → 2GaS-1  gap=-0.633 eV  best=-1.988 eV  top50=12  top10%=14
Cycle  64: GP refit  (73 labelled)
  → 2RuS2-1  gap=-0.031 eV  best=-1.988 eV  top50=12  top10%=14
Cycle  65: GP refit  (74 labelled)
  → 4PPdS-1  gap=-0.181 eV  best=-1.988 eV  top50=12  top10%=14
Cycle  66: full DKL retrain  (75 labelled)
GP warmup: 20 epochs on initial embeddings
Joint DKL training: 50 epochs
  Epoch 20/50  loss=0.2843
  Epoch 40/50  loss=-0.1455
DKL training done in 0.3s
  → 2BiIn-1  gap=-0.948 eV  best=-1.988 eV  top50=13  top10%=15
Cycle  67: GP refit  (76 labelled)
  → 2HNa3S5-1  gap=0.432 eV  best=-1.988 eV  top50=13  top10%=15
Cycle  68: GP refit  (77 labelled)
  → 1ScS2-2  gap=0.620 eV  best=-1.988 eV  top50=13  top10%=15
Cycle  69: GP refit  (78 labelled)
  → 1CrTe2-2  gap=-0.088 eV  best=-1.988 eV  top50=13  top10%=15
Cycle  70: GP refit  (79 labelled)
  → 1ScO2-2  gap=0.484 eV  best=-1.988 eV  top50=13  top10%=15
Cycle  71: full DKL retrain  (80 labelled)
GP warmup: 20 epochs on initial embeddings
Joint DKL training: 50 epochs
  Epoch 20/50  loss=-0.4952
  Epoch 40/50  loss=-0.6694
DKL training done in 0.3s
  → 2OsS2-1  gap=-0.223 eV  best=-1.988 eV  top50=13  top10%=15
Cycle  72: GP refit  (81 labelled)
  → 1STeIn2-1  gap=0.126 eV  best=-1.988 eV  top50=13  top10%=15
Cycle  73: GP refit  (82 labelled)
  → 1GaInS2-1  gap=-0.609 eV  best=-1.988 eV  top50=13  top10%=16
Cycle  74: GP refit  (83 labelled)
  → 2GaSe-7  gap=-0.394 eV  best=-1.988 eV  top50=13  top10%=16
Cycle  75: GP refit  (84 labelled)
  → 1CdGaInS4-1  gap=-0.739 eV  best=-1.988 eV  top50=14  top10%=17
Cycle  76: full DKL retrain  (85 labelled)
GP warmup: 20 epochs on initial embeddings
Joint DKL training: 50 epochs
  Epoch 20/50  loss=-0.2762
  Epoch 40/50  loss=-0.7131
DKL training done in 0.3s
  → 2InPS3-1  gap=0.138 eV  best=-1.988 eV  top50=14  top10%=17
Cycle  77: GP refit  (86 labelled)
  → 2InS-1  gap=-0.592 eV  best=-1.988 eV  top50=14  top10%=18
Cycle  78: GP refit  (87 labelled)
  → 1MoS2-1  gap=-0.370 eV  best=-1.988 eV  top50=14  top10%=18
Cycle  79: GP refit  (88 labelled)
  → 2IIn-3  gap=0.071 eV  best=-1.988 eV  top50=14  top10%=18
Cycle  80: GP refit  (89 labelled)
  → 1GaN-1  gap=-0.641 eV  best=-1.988 eV  top50=15  top10%=19
Cycle  81: full DKL retrain  (90 labelled)
GP warmup: 20 epochs on initial embeddings
Joint DKL training: 50 epochs
  Epoch 20/50  loss=-0.7350
  Epoch 40/50  loss=-1.0000
DKL training done in 0.4s
  → 1ISSb-1  gap=0.389 eV  best=-1.988 eV  top50=15  top10%=19
Cycle  82: GP refit  (91 labelled)
  → 1AgAlP2Se6-1  gap=-0.554 eV  best=-1.988 eV  top50=15  top10%=20
Cycle  83: GP refit  (92 labelled)
  → 2BaBi2S4-1  gap=-2.799 eV  best=-2.799 eV  top50=16  top10%=21
Cycle  84: GP refit  (93 labelled)
  → 2AlO-1  gap=-0.213 eV  best=-2.799 eV  top50=16  top10%=21
Cycle  85: GP refit  (94 labelled)
  → 2BaBi2O4-1  gap=-0.266 eV  best=-2.799 eV  top50=16  top10%=21
Cycle  86: full DKL retrain  (95 labelled)
GP warmup: 20 epochs on initial embeddings
Joint DKL training: 50 epochs
  Epoch 20/50  loss=0.3726
  Epoch 40/50  loss=0.0346
DKL training done in 0.3s
  → 1WAg2S4-1  gap=0.805 eV  best=-2.799 eV  top50=16  top10%=21
Cycle  87: GP refit  (96 labelled)
  → 2HInTeS4-1  gap=0.346 eV  best=-2.799 eV  top50=16  top10%=21
Cycle  88: GP refit  (97 labelled)
  → 1MnZrBr6-1  gap=0.095 eV  best=-2.799 eV  top50=16  top10%=21
Cycle  89: GP refit  (98 labelled)
  → 1AsBrS-2  gap=-0.102 eV  best=-2.799 eV  top50=16  top10%=21
Cycle  90: GP refit  (99 labelled)
  → 2SV-4  gap=0.541 eV  best=-2.799 eV  top50=16  top10%=21
Cycle  91: full DKL retrain  (100 labelled)
GP warmup: 20 epochs on initial embeddings
Joint DKL training: 50 epochs
  Epoch 20/50  loss=-0.4554
  Epoch 40/50  loss=-0.8033
DKL training done in 0.3s
  → 1InN-1  gap=-0.996 eV  best=-2.799 eV  top50=17  top10%=22
Cycle  92: GP refit  (101 labelled)
  → 1AlCdInS4-1  gap=-0.637 eV  best=-2.799 eV  top50=18  top10%=23
Cycle  93: GP refit  (102 labelled)
  → 1OBi2S2-1  gap=-0.806 eV  best=-2.799 eV  top50=19  top10%=24
Cycle  94: GP refit  (103 labelled)
  → 1AgCrP2S6-1  gap=-0.142 eV  best=-2.799 eV  top50=19  top10%=24
Cycle  95: GP refit  (104 labelled)
  → 2InSe-1  gap=-0.707 eV  best=-2.799 eV  top50=20  top10%=25
Cycle  96: full DKL retrain  (105 labelled)
GP warmup: 20 epochs on initial embeddings
Joint DKL training: 50 epochs
  Epoch 20/50  loss=-0.0217
  Epoch 40/50  loss=-0.3483
DKL training done in 0.3s
  → 1CdInTlS4-1  gap=-0.307 eV  best=-2.799 eV  top50=20  top10%=25
Cycle  97: GP refit  (106 labelled)
  → 4OBi2S2-1  gap=-1.470 eV  best=-2.799 eV  top50=21  top10%=26
Cycle  98: GP refit  (107 labelled)
  → 1ZrS2-2  gap=0.218 eV  best=-2.799 eV  top50=21  top10%=26
Cycle  99: GP refit  (108 labelled)
  → 2InO-2  gap=-0.495 eV  best=-2.799 eV  top50=21  top10%=27
Cycle 100: GP refit  (109 labelled)
  → 4NaSbS2-2  gap=-0.404 eV  best=-2.799 eV  top50=21  top10%=27
  emass_min/seed6 → best=-2.799 top50=21 top10%=27
BOLoop: 766 materials  |  direction=min  |  top-50 internal threshold=0.62  top-10% internal threshold=0.49
Init: 10 random labels  |  best (min) = -1.470
Cycle   1: full DKL retrain  (10 labelled)
GP warmup: 20 epochs on initial embeddings
/home/roy/Desktop/DKL-BO/venv/lib/python3.13/site-packages/torch/_compile.py:54: UserWarning: optimizer contains a parameter group with duplicate parameters; in future, this will cause an error; see github.com/pytorch/pytorch/issues/40967 for more information
  return disable_fn(*args, **kwargs)
Joint DKL training: 50 epochs
  Epoch 20/50  loss=0.8822
  Epoch 40/50  loss=0.8057
DKL training done in 0.3s
  → 1OBi2S2-1  gap=-0.806 eV  best=-1.470 eV  top50=1  top10%=1
Cycle   2: GP refit  (11 labelled)
  → 1BiClS-2  gap=0.610 eV  best=-1.470 eV  top50=1  top10%=1
Cycle   3: GP refit  (12 labelled)
  → 2SSc-4  gap=-0.408 eV  best=-1.470 eV  top50=1  top10%=1
Cycle   4: GP refit  (13 labelled)
  → 1OSTi-1  gap=-0.066 eV  best=-1.470 eV  top50=1  top10%=1
Cycle   5: GP refit  (14 labelled)
  → 1BaCl2-2  gap=1.043 eV  best=-1.470 eV  top50=1  top10%=1
Cycle   6: full DKL retrain  (15 labelled)
GP warmup: 20 epochs on initial embeddings
Joint DKL training: 50 epochs
  Epoch 20/50  loss=0.3858
  Epoch 40/50  loss=0.2156
DKL training done in 0.3s
  → 1NiPdS4-1  gap=-0.147 eV  best=-1.470 eV  top50=1  top10%=1
Cycle   7: GP refit  (16 labelled)
  → 2BaBi2S4-1  gap=-2.799 eV  best=-2.799 eV  top50=2  top10%=2
Cycle   8: GP refit  (17 labelled)
  → 1SeBi2S2-1  gap=-1.120 eV  best=-2.799 eV  top50=3  top10%=3
Cycle   9: GP refit  (18 labelled)
  → 1Se3Ni4S5-1  gap=-0.138 eV  best=-2.799 eV  top50=3  top10%=3
Cycle  10: GP refit  (19 labelled)
  → 1ZrS2-2  gap=0.218 eV  best=-2.799 eV  top50=3  top10%=3
Cycle  11: full DKL retrain  (20 labelled)
GP warmup: 20 epochs on initial embeddings
Joint DKL training: 50 epochs
  Epoch 20/50  loss=4.1410
  Epoch 40/50  loss=0.6215
DKL training done in 0.3s
  → 1PbS2-1  gap=-0.438 eV  best=-2.799 eV  top50=3  top10%=3
Cycle  12: GP refit  (21 labelled)
  → 1HgTe-1  gap=-1.220 eV  best=-2.799 eV  top50=4  top10%=4
Cycle  13: GP refit  (22 labelled)
  → 2CsF-1  gap=-0.074 eV  best=-2.799 eV  top50=4  top10%=4
Cycle  14: GP refit  (23 labelled)
  → 2OPt-3  gap=-0.129 eV  best=-2.799 eV  top50=4  top10%=4
Cycle  15: GP refit  (24 labelled)
  → 1BN-1  gap=-0.030 eV  best=-2.799 eV  top50=4  top10%=4
Cycle  16: full DKL retrain  (25 labelled)
GP warmup: 20 epochs on initial embeddings
Joint DKL training: 50 epochs
  Epoch 20/50  loss=0.9921
  Epoch 40/50  loss=0.2422
DKL training done in 0.3s
  → 2As2S3-4  gap=0.797 eV  best=-2.799 eV  top50=4  top10%=4
Cycle  17: GP refit  (26 labelled)
  → 2IRb-1  gap=-0.293 eV  best=-2.799 eV  top50=4  top10%=4
Cycle  18: GP refit  (27 labelled)
  → 2PtTeS3-1  gap=-0.167 eV  best=-2.799 eV  top50=4  top10%=4
Cycle  19: GP refit  (28 labelled)
  → 1BiFS-1  gap=0.549 eV  best=-2.799 eV  top50=4  top10%=4
Cycle  20: GP refit  (29 labelled)
  → 2HInTeS4-1  gap=0.346 eV  best=-2.799 eV  top50=4  top10%=4
Cycle  21: full DKL retrain  (30 labelled)
GP warmup: 20 epochs on initial embeddings
Joint DKL training: 50 epochs
  Epoch 20/50  loss=1.7601
  Epoch 40/50  loss=0.5372
DKL training done in 0.3s
  → 2RhBr3-2  gap=0.755 eV  best=-2.799 eV  top50=4  top10%=4
Cycle  22: GP refit  (31 labelled)
  → 1SnTe-1  gap=-0.411 eV  best=-2.799 eV  top50=4  top10%=4
Cycle  23: GP refit  (32 labelled)
  → 1HgS-1  gap=-1.412 eV  best=-2.799 eV  top50=5  top10%=5
Cycle  24: GP refit  (33 labelled)
  → 1BaI2-2  gap=0.597 eV  best=-2.799 eV  top50=5  top10%=5
Cycle  25: GP refit  (34 labelled)
  → 2BrK-1  gap=-0.238 eV  best=-2.799 eV  top50=5  top10%=5
Cycle  26: full DKL retrain  (35 labelled)
GP warmup: 20 epochs on initial embeddings
Joint DKL training: 50 epochs
  Epoch 20/50  loss=0.7983
  Epoch 40/50  loss=0.1483
DKL training done in 0.3s
  → 1BiIS-1  gap=0.540 eV  best=-2.799 eV  top50=5  top10%=5
Cycle  27: GP refit  (36 labelled)
  → 4HgSe-1  gap=-0.862 eV  best=-2.799 eV  top50=6  top10%=6
Cycle  28: GP refit  (37 labelled)
  → 2PbS-3  gap=-0.397 eV  best=-2.799 eV  top50=6  top10%=6
Cycle  29: GP refit  (38 labelled)
  → 1PbSe2-1  gap=-0.543 eV  best=-2.799 eV  top50=6  top10%=7
Cycle  30: GP refit  (39 labelled)
  → 1GeCl2-2  gap=0.182 eV  best=-2.799 eV  top50=6  top10%=7
Cycle  31: full DKL retrain  (40 labelled)
GP warmup: 20 epochs on initial embeddings
Joint DKL training: 50 epochs
  Epoch 20/50  loss=0.9690
  Epoch 40/50  loss=0.3312
DKL training done in 0.3s
  → 2BiO-1  gap=-1.197 eV  best=-2.799 eV  top50=7  top10%=8
Cycle  32: GP refit  (41 labelled)
  → 1BiITe-1  gap=0.319 eV  best=-2.799 eV  top50=7  top10%=8
Cycle  33: GP refit  (42 labelled)
  → 1CrS2-1  gap=-0.059 eV  best=-2.799 eV  top50=7  top10%=8
Cycle  34: GP refit  (43 labelled)
  → 2Bi2O3-2  gap=-1.508 eV  best=-2.799 eV  top50=8  top10%=9
Cycle  35: GP refit  (44 labelled)
  → 1HgSe-1  gap=-1.498 eV  best=-2.799 eV  top50=9  top10%=10
Cycle  36: full DKL retrain  (45 labelled)
GP warmup: 20 epochs on initial embeddings
Joint DKL training: 50 epochs
  Epoch 20/50  loss=1.7932
  Epoch 40/50  loss=0.2256
DKL training done in 0.3s
  → 1TiF2-1  gap=0.463 eV  best=-2.799 eV  top50=9  top10%=10
Cycle  37: GP refit  (46 labelled)
  → 1FeCl2-3  gap=-0.077 eV  best=-2.799 eV  top50=9  top10%=10
Cycle  38: GP refit  (47 labelled)
  → 1AsB-1  gap=-0.804 eV  best=-2.799 eV  top50=10  top10%=11
Cycle  39: GP refit  (48 labelled)
  → 1C2F2S2Zr3-1  gap=-0.181 eV  best=-2.799 eV  top50=10  top10%=11
Cycle  40: GP refit  (49 labelled)
  → 1ScH2-1  gap=-0.199 eV  best=-2.799 eV  top50=10  top10%=11
Cycle  41: full DKL retrain  (50 labelled)
GP warmup: 20 epochs on initial embeddings
Joint DKL training: 50 epochs
  Epoch 20/50  loss=0.0164
  Epoch 40/50  loss=-0.2732
DKL training done in 0.3s
  → 2BiIn-1  gap=-0.948 eV  best=-2.799 eV  top50=11  top10%=12
Cycle  42: GP refit  (51 labelled)
  → 1AgScP2S6-1  gap=0.826 eV  best=-2.799 eV  top50=11  top10%=12
Cycle  43: GP refit  (52 labelled)
  → 1AgCrP2Se6-1  gap=-0.278 eV  best=-2.799 eV  top50=11  top10%=12
Cycle  44: GP refit  (53 labelled)
  → 4OBi2Se2-1  gap=-0.822 eV  best=-2.799 eV  top50=12  top10%=13
Cycle  45: GP refit  (54 labelled)
  → 1PtSnS4-1  gap=-0.494 eV  best=-2.799 eV  top50=12  top10%=14
Cycle  46: full DKL retrain  (55 labelled)
GP warmup: 20 epochs on initial embeddings
Joint DKL training: 50 epochs
  Epoch 20/50  loss=-0.0177
  Epoch 40/50  loss=-0.2974
DKL training done in 0.3s
  → 1AgCrP2Te6-1  gap=-0.425 eV  best=-2.799 eV  top50=12  top10%=14
Cycle  47: GP refit  (56 labelled)
  → 1CoLiP2S6-1  gap=0.712 eV  best=-2.799 eV  top50=12  top10%=14
Cycle  48: GP refit  (57 labelled)
  → 1AsClS-2  gap=0.009 eV  best=-2.799 eV  top50=12  top10%=14
Cycle  49: GP refit  (58 labelled)
  → 1AgAlP2S6-1  gap=-0.411 eV  best=-2.799 eV  top50=12  top10%=14
Cycle  50: GP refit  (59 labelled)
  → 4AsNiS-1  gap=0.088 eV  best=-2.799 eV  top50=12  top10%=14
Cycle  51: full DKL retrain  (60 labelled)
GP warmup: 20 epochs on initial embeddings
Joint DKL training: 50 epochs
  Epoch 20/50  loss=0.3319
  Epoch 40/50  loss=0.0353
DKL training done in 0.3s
  → 1BP-1  gap=-0.723 eV  best=-2.799 eV  top50=13  top10%=15
Cycle  52: GP refit  (61 labelled)
  → 2AlS-1  gap=-0.207 eV  best=-2.799 eV  top50=13  top10%=15
Cycle  53: GP refit  (62 labelled)
  → 2ClIrS-2  gap=-0.201 eV  best=-2.799 eV  top50=13  top10%=15
Cycle  54: GP refit  (63 labelled)
  → 1AsIS-1  gap=0.246 eV  best=-2.799 eV  top50=13  top10%=15
Cycle  55: GP refit  (64 labelled)
  → 1STeZr-2  gap=0.016 eV  best=-2.799 eV  top50=13  top10%=15
Cycle  56: full DKL retrain  (65 labelled)
GP warmup: 20 epochs on initial embeddings
Joint DKL training: 50 epochs
  Epoch 20/50  loss=0.2351
  Epoch 40/50  loss=-0.1346
DKL training done in 0.3s
  → 2RhSe-3  gap=-0.543 eV  best=-2.799 eV  top50=13  top10%=16
Cycle  57: GP refit  (66 labelled)
  → 1PdSe2-2  gap=0.052 eV  best=-2.799 eV  top50=13  top10%=16
Cycle  58: GP refit  (67 labelled)
  → 1CrSeTe-1  gap=-0.001 eV  best=-2.799 eV  top50=13  top10%=16
Cycle  59: GP refit  (68 labelled)
  → 2BrRhSe-1  gap=-0.290 eV  best=-2.799 eV  top50=13  top10%=16
Cycle  60: GP refit  (69 labelled)
  → 1ScSe2-2  gap=0.579 eV  best=-2.799 eV  top50=13  top10%=16
Cycle  61: full DKL retrain  (70 labelled)
GP warmup: 20 epochs on initial embeddings
Joint DKL training: 50 epochs
  Epoch 20/50  loss=1.7733
  Epoch 40/50  loss=0.1375
DKL training done in 0.4s
  → 1CrSSe-1  gap=-0.028 eV  best=-2.799 eV  top50=13  top10%=16
Cycle  62: GP refit  (71 labelled)
  → 4BiLiO2-1  gap=-0.349 eV  best=-2.799 eV  top50=13  top10%=16
Cycle  63: GP refit  (72 labelled)
  → 1SSeZr-1  gap=-0.235 eV  best=-2.799 eV  top50=13  top10%=16
Cycle  64: GP refit  (73 labelled)
  → 1MoO2-1  gap=-0.378 eV  best=-2.799 eV  top50=13  top10%=16
Cycle  65: GP refit  (74 labelled)
  → 1SnBr2S2-1  gap=0.081 eV  best=-2.799 eV  top50=13  top10%=16
Cycle  66: full DKL retrain  (75 labelled)
GP warmup: 20 epochs on initial embeddings
Joint DKL training: 50 epochs
  Epoch 20/50  loss=0.3632
  Epoch 40/50  loss=0.1181
DKL training done in 0.4s
  → 1AlAs-1  gap=-0.875 eV  best=-2.799 eV  top50=14  top10%=17
Cycle  67: GP refit  (76 labelled)
  → 4TaS3-1  gap=-0.281 eV  best=-2.799 eV  top50=14  top10%=17
Cycle  68: GP refit  (77 labelled)
  → 2BaBi2O4-1  gap=-0.266 eV  best=-2.799 eV  top50=14  top10%=17
Cycle  69: GP refit  (78 labelled)
  → 1ScS2-2  gap=0.620 eV  best=-2.799 eV  top50=14  top10%=17
Cycle  70: GP refit  (79 labelled)
  → 2ScTe-4  gap=-0.071 eV  best=-2.799 eV  top50=14  top10%=17
Cycle  71: full DKL retrain  (80 labelled)
GP warmup: 20 epochs on initial embeddings
Joint DKL training: 50 epochs
  Epoch 20/50  loss=0.1646
  Epoch 40/50  loss=-0.0805
DKL training done in 0.4s
  → 2FeS2-1  gap=0.505 eV  best=-2.799 eV  top50=14  top10%=17
Cycle  72: GP refit  (81 labelled)
  → 2FeSe2-1  gap=0.262 eV  best=-2.799 eV  top50=14  top10%=17
Cycle  73: GP refit  (82 labelled)
  → 1PtSeMn2S5-1  gap=0.023 eV  best=-2.799 eV  top50=14  top10%=17
Cycle  74: GP refit  (83 labelled)
  → 4NbS3-2  gap=-0.426 eV  best=-2.799 eV  top50=14  top10%=17
Cycle  75: GP refit  (84 labelled)
  → 1CrSTe-1  gap=0.042 eV  best=-2.799 eV  top50=14  top10%=17
Cycle  76: full DKL retrain  (85 labelled)
GP warmup: 20 epochs on initial embeddings
Joint DKL training: 50 epochs
  Epoch 20/50  loss=-0.1442
  Epoch 40/50  loss=-0.4305
DKL training done in 0.3s
  → 2FeTe2-1  gap=0.121 eV  best=-2.799 eV  top50=14  top10%=17
Cycle  77: GP refit  (86 labelled)
  → 2MoS2-1  gap=-0.750 eV  best=-2.799 eV  top50=15  top10%=18
Cycle  78: GP refit  (87 labelled)
  → 1MoSe2-1  gap=-0.308 eV  best=-2.799 eV  top50=15  top10%=18
Cycle  79: GP refit  (88 labelled)
  → 1MoSSe-1  gap=-0.314 eV  best=-2.799 eV  top50=15  top10%=18
Cycle  80: GP refit  (89 labelled)
  → 1AgAlP2Se6-1  gap=-0.554 eV  best=-2.799 eV  top50=15  top10%=19
Cycle  81: full DKL retrain  (90 labelled)
GP warmup: 20 epochs on initial embeddings
Joint DKL training: 50 epochs
  Epoch 20/50  loss=-0.1691
  Epoch 40/50  loss=-0.4660
DKL training done in 0.3s
  → 1AgCrP2S6-1  gap=-0.142 eV  best=-2.799 eV  top50=15  top10%=19
Cycle  82: GP refit  (91 labelled)
  → 1HfSe2-2  gap=-0.123 eV  best=-2.799 eV  top50=15  top10%=19
Cycle  83: GP refit  (92 labelled)
  → 2AlTe-1  gap=-0.211 eV  best=-2.799 eV  top50=15  top10%=19
Cycle  84: GP refit  (93 labelled)
  → 4SSn-1  gap=-0.694 eV  best=-2.799 eV  top50=16  top10%=20
Cycle  85: GP refit  (94 labelled)
  → 1SSeSn-1  gap=-0.312 eV  best=-2.799 eV  top50=16  top10%=20
Cycle  86: full DKL retrain  (95 labelled)
GP warmup: 20 epochs on initial embeddings
Joint DKL training: 50 epochs
  Epoch 20/50  loss=-0.5293
  Epoch 40/50  loss=-0.8452
DKL training done in 0.3s
  → 1CoLiP2Se6-1  gap=0.056 eV  best=-2.799 eV  top50=16  top10%=20
Cycle  87: GP refit  (96 labelled)
  → 2AgCrP2S6-1  gap=0.184 eV  best=-2.799 eV  top50=16  top10%=20
Cycle  88: GP refit  (97 labelled)
  → 2ScSe-3  gap=-0.376 eV  best=-2.799 eV  top50=16  top10%=20
Cycle  89: GP refit  (98 labelled)
  → 1HfS2-2  gap=-0.024 eV  best=-2.799 eV  top50=16  top10%=20
Cycle  90: GP refit  (99 labelled)
  → 2AuS-1  gap=0.016 eV  best=-2.799 eV  top50=16  top10%=20
Cycle  91: full DKL retrain  (100 labelled)
GP warmup: 20 epochs on initial embeddings
Joint DKL training: 50 epochs
  Epoch 20/50  loss=-0.2261
  Epoch 40/50  loss=-0.6701
DKL training done in 0.3s
  → 1AgInP2Se6-1  gap=-0.175 eV  best=-2.799 eV  top50=16  top10%=20
Cycle  92: GP refit  (101 labelled)
  → 1AgAlAs2Se6-1  gap=-0.325 eV  best=-2.799 eV  top50=16  top10%=20
Cycle  93: GP refit  (102 labelled)
  → 1BiHTe2O6-1  gap=-0.672 eV  best=-2.799 eV  top50=17  top10%=21
Cycle  94: GP refit  (103 labelled)
  → 1AgTlP2Se6-1  gap=0.154 eV  best=-2.799 eV  top50=17  top10%=21
Cycle  95: GP refit  (104 labelled)
  → 1ZrSe2-2  gap=-0.031 eV  best=-2.799 eV  top50=17  top10%=21
Cycle  96: full DKL retrain  (105 labelled)
GP warmup: 20 epochs on initial embeddings
Joint DKL training: 50 epochs
  Epoch 20/50  loss=0.2974
  Epoch 40/50  loss=-0.0228
DKL training done in 0.3s
  → 1N2O2Zr3-1  gap=-0.033 eV  best=-2.799 eV  top50=17  top10%=21
Cycle  97: GP refit  (106 labelled)
  → 1MnNbSe4-1  gap=0.395 eV  best=-2.799 eV  top50=17  top10%=21
Cycle  98: GP refit  (107 labelled)
  → 1CrTe2-2  gap=-0.088 eV  best=-2.799 eV  top50=17  top10%=21
Cycle  99: GP refit  (108 labelled)
  → 1STeW-1  gap=0.053 eV  best=-2.799 eV  top50=17  top10%=21
Cycle 100: GP refit  (109 labelled)
  → 2AgS-1  gap=-0.006 eV  best=-2.799 eV  top50=17  top10%=21
  emass_min/seed7 → best=-2.799 top50=17 top10%=21
BOLoop: 766 materials  |  direction=min  |  top-50 internal threshold=0.62  top-10% internal threshold=0.49
Init: 10 random labels  |  best (min) = -1.281
Cycle   1: full DKL retrain  (10 labelled)
GP warmup: 20 epochs on initial embeddings
/home/roy/Desktop/DKL-BO/venv/lib/python3.13/site-packages/torch/_compile.py:54: UserWarning: optimizer contains a parameter group with duplicate parameters; in future, this will cause an error; see github.com/pytorch/pytorch/issues/40967 for more information
  return disable_fn(*args, **kwargs)
Joint DKL training: 50 epochs
  Epoch 20/50  loss=0.9408
  Epoch 40/50  loss=0.8777
DKL training done in 0.3s
  → 2AuI-3  gap=-0.420 eV  best=-1.281 eV  top50=0  top10%=0
Cycle   2: GP refit  (11 labelled)
  → 2InTe-1  gap=-0.797 eV  best=-1.281 eV  top50=1  top10%=1
Cycle   3: GP refit  (12 labelled)
  → 2HgNa2I4-1  gap=-0.215 eV  best=-1.281 eV  top50=1  top10%=1
Cycle   4: GP refit  (13 labelled)
  → 4LiSbO2-1  gap=-0.171 eV  best=-1.281 eV  top50=1  top10%=1
Cycle   5: GP refit  (14 labelled)
  → 1BiITe-2  gap=0.007 eV  best=-1.281 eV  top50=1  top10%=1
Cycle   6: full DKL retrain  (15 labelled)
GP warmup: 20 epochs on initial embeddings
Joint DKL training: 50 epochs
  Epoch 20/50  loss=0.5960
  Epoch 40/50  loss=0.5192
DKL training done in 0.3s
  → 1SrI2-2  gap=0.061 eV  best=-1.281 eV  top50=1  top10%=1
Cycle   7: GP refit  (16 labelled)
  → 1ISbTe-2  gap=0.441 eV  best=-1.281 eV  top50=1  top10%=1
Cycle   8: GP refit  (17 labelled)
  → 1BaI2-2  gap=0.597 eV  best=-1.281 eV  top50=1  top10%=1
Cycle   9: GP refit  (18 labelled)
  → 2AuBr-2  gap=-0.297 eV  best=-1.281 eV  top50=1  top10%=1
Cycle  10: GP refit  (19 labelled)
  → 1YI2-1  gap=0.143 eV  best=-1.281 eV  top50=1  top10%=1
Cycle  11: full DKL retrain  (20 labelled)
GP warmup: 20 epochs on initial embeddings
Joint DKL training: 50 epochs
  Epoch 20/50  loss=0.6510
  Epoch 40/50  loss=0.3874
DKL training done in 0.3s
  → 2BiHgIO2-1  gap=0.115 eV  best=-1.281 eV  top50=1  top10%=1
Cycle  12: GP refit  (21 labelled)
  → 2SbTlO3-1  gap=-0.703 eV  best=-1.281 eV  top50=2  top10%=2
Cycle  13: GP refit  (22 labelled)
  → 2AsTlO3-1  gap=0.034 eV  best=-1.281 eV  top50=2  top10%=2
Cycle  14: GP refit  (23 labelled)
  → 2InSe-1  gap=-0.707 eV  best=-1.281 eV  top50=3  top10%=3
Cycle  15: GP refit  (24 labelled)
  → 1BrClS4I6In8-1  gap=-0.112 eV  best=-1.281 eV  top50=3  top10%=3
Cycle  16: full DKL retrain  (25 labelled)
GP warmup: 20 epochs on initial embeddings
Joint DKL training: 50 epochs
  Epoch 20/50  loss=0.3197
  Epoch 40/50  loss=0.1402
DKL training done in 0.3s
  → 2SeZn-2  gap=-0.636 eV  best=-1.281 eV  top50=4  top10%=4
Cycle  17: GP refit  (26 labelled)
  → 1ClIGe2O3-1  gap=-0.108 eV  best=-1.281 eV  top50=4  top10%=4
Cycle  18: GP refit  (27 labelled)
  → 2HTeLi3S4-1  gap=-0.040 eV  best=-1.281 eV  top50=4  top10%=4
Cycle  19: GP refit  (28 labelled)
  → 1AsIn-1  gap=0.064 eV  best=-1.281 eV  top50=4  top10%=4
Cycle  20: GP refit  (29 labelled)
  → 2CoAs2I2O3-1  gap=0.463 eV  best=-1.281 eV  top50=4  top10%=4
Cycle  21: full DKL retrain  (30 labelled)
GP warmup: 20 epochs on initial embeddings
Joint DKL training: 50 epochs
  Epoch 20/50  loss=0.3156
  Epoch 40/50  loss=0.0771
DKL training done in 0.3s
  → 2HNa3S5-1  gap=0.432 eV  best=-1.281 eV  top50=4  top10%=4
Cycle  22: GP refit  (31 labelled)
  → 1MoAu2Te4-1  gap=0.971 eV  best=-1.281 eV  top50=4  top10%=4
Cycle  23: GP refit  (32 labelled)
  → 1ZnBr2-3  gap=-0.501 eV  best=-1.281 eV  top50=4  top10%=5
Cycle  24: GP refit  (33 labelled)
  → 1GaInTe2-1  gap=-0.212 eV  best=-1.281 eV  top50=4  top10%=5
Cycle  25: GP refit  (34 labelled)
  → 2IMnSbSe2-2  gap=-0.131 eV  best=-1.281 eV  top50=4  top10%=5
Cycle  26: full DKL retrain  (35 labelled)
GP warmup: 20 epochs on initial embeddings
Joint DKL training: 50 epochs
  Epoch 20/50  loss=0.3363
  Epoch 40/50  loss=0.1710
DKL training done in 0.3s
  → 2ITl-3  gap=-0.025 eV  best=-1.281 eV  top50=4  top10%=5
Cycle  27: GP refit  (36 labelled)
  → 1ZrSe2-2  gap=-0.031 eV  best=-1.281 eV  top50=4  top10%=5
Cycle  28: GP refit  (37 labelled)
  → 4HgSe-1  gap=-0.862 eV  best=-1.281 eV  top50=5  top10%=6
Cycle  29: GP refit  (38 labelled)
  → 1HgBr2-4  gap=-0.419 eV  best=-1.281 eV  top50=5  top10%=6
Cycle  30: GP refit  (39 labelled)
  → 1PdZnP2Se6-1  gap=-0.020 eV  best=-1.281 eV  top50=5  top10%=6
Cycle  31: full DKL retrain  (40 labelled)
GP warmup: 20 epochs on initial embeddings
Joint DKL training: 50 epochs
  Epoch 20/50  loss=0.4683
  Epoch 40/50  loss=0.1373
DKL training done in 0.3s
  → 2TeZr-4  gap=-0.459 eV  best=-1.281 eV  top50=5  top10%=6
Cycle  32: GP refit  (41 labelled)
  → 2BrCs-2  gap=-0.221 eV  best=-1.281 eV  top50=5  top10%=6
Cycle  33: GP refit  (42 labelled)
  → 1HgSe-1  gap=-1.498 eV  best=-1.498 eV  top50=6  top10%=7
Cycle  34: GP refit  (43 labelled)
  → 1BiBrSe-2  gap=0.387 eV  best=-1.498 eV  top50=6  top10%=7
Cycle  35: GP refit  (44 labelled)
  → 1ZrTe2-2  gap=-0.271 eV  best=-1.498 eV  top50=6  top10%=7
Cycle  36: full DKL retrain  (45 labelled)
GP warmup: 20 epochs on initial embeddings
Joint DKL training: 50 epochs
  Epoch 20/50  loss=0.1531
  Epoch 40/50  loss=-0.0590
DKL training done in 0.3s
  → 1HgTe-1  gap=-1.220 eV  best=-1.498 eV  top50=7  top10%=8
Cycle  37: GP refit  (46 labelled)
  → 4HgTe-1  gap=-0.925 eV  best=-1.498 eV  top50=8  top10%=9
Cycle  38: GP refit  (47 labelled)
  → 1HgS-1  gap=-1.412 eV  best=-1.498 eV  top50=9  top10%=10
Cycle  39: GP refit  (48 labelled)
  → 1HgO-1  gap=0.248 eV  best=-1.498 eV  top50=9  top10%=10
Cycle  40: GP refit  (49 labelled)
  → 1HgI2-4  gap=-0.265 eV  best=-1.498 eV  top50=9  top10%=10
Cycle  41: full DKL retrain  (50 labelled)
GP warmup: 20 epochs on initial embeddings
Joint DKL training: 50 epochs
  Epoch 20/50  loss=0.1494
  Epoch 40/50  loss=-0.0989
DKL training done in 0.3s
  → 1STeIn2-1  gap=0.126 eV  best=-1.498 eV  top50=9  top10%=10
Cycle  42: GP refit  (51 labelled)
  → 2BrRb-2  gap=-0.247 eV  best=-1.498 eV  top50=9  top10%=10
Cycle  43: GP refit  (52 labelled)
  → 2IIn-3  gap=0.071 eV  best=-1.498 eV  top50=9  top10%=10
Cycle  44: GP refit  (53 labelled)
  → 1InMnBr2Se2-1  gap=-0.136 eV  best=-1.498 eV  top50=9  top10%=10
Cycle  45: GP refit  (54 labelled)
  → 1PbSe2-1  gap=-0.543 eV  best=-1.498 eV  top50=9  top10%=11
Cycle  46: full DKL retrain  (55 labelled)
GP warmup: 20 epochs on initial embeddings
Joint DKL training: 50 epochs
  Epoch 20/50  loss=-0.1035
  Epoch 40/50  loss=-0.3421
DKL training done in 0.3s
  → 1BrClGe2Se2-1  gap=-0.224 eV  best=-1.498 eV  top50=9  top10%=11
Cycle  47: GP refit  (56 labelled)
  → 2TeTl-2  gap=-0.972 eV  best=-1.498 eV  top50=10  top10%=12
Cycle  48: GP refit  (57 labelled)
  → 2BrK-1  gap=-0.238 eV  best=-1.498 eV  top50=10  top10%=12
Cycle  49: GP refit  (58 labelled)
  → 2BrTl-3  gap=0.053 eV  best=-1.498 eV  top50=10  top10%=12
Cycle  50: GP refit  (59 labelled)
  → 2SeTl-2  gap=-0.739 eV  best=-1.498 eV  top50=11  top10%=13
Cycle  51: full DKL retrain  (60 labelled)
GP warmup: 20 epochs on initial embeddings
Joint DKL training: 50 epochs
  Epoch 20/50  loss=-0.2792
  Epoch 40/50  loss=-0.4169
DKL training done in 0.3s
  → 2P2Se3-2  gap=0.282 eV  best=-1.498 eV  top50=11  top10%=13
Cycle  52: GP refit  (61 labelled)
  → 4LiSbS2-1  gap=0.010 eV  best=-1.498 eV  top50=11  top10%=13
Cycle  53: GP refit  (62 labelled)
  → 2HKSe-1  gap=-0.269 eV  best=-1.498 eV  top50=11  top10%=13
Cycle  54: GP refit  (63 labelled)
  → 2STl-2  gap=-0.605 eV  best=-1.498 eV  top50=11  top10%=14
Cycle  55: GP refit  (64 labelled)
  → 1InP-1  gap=-1.028 eV  best=-1.498 eV  top50=12  top10%=15
Cycle  56: full DKL retrain  (65 labelled)
GP warmup: 20 epochs on initial embeddings
Joint DKL training: 50 epochs
  Epoch 20/50  loss=-0.2923
  Epoch 40/50  loss=-0.4436
DKL training done in 0.3s
  → 2HKTe-1  gap=-0.310 eV  best=-1.498 eV  top50=12  top10%=15
Cycle  57: GP refit  (66 labelled)
  → 1ZrBr2-1  gap=-0.051 eV  best=-1.498 eV  top50=12  top10%=15
Cycle  58: GP refit  (67 labelled)
  → 2SeZr-4  gap=-0.296 eV  best=-1.498 eV  top50=12  top10%=15
Cycle  59: GP refit  (68 labelled)
  → 1ZnCl2-3  gap=-0.379 eV  best=-1.498 eV  top50=12  top10%=15
Cycle  60: GP refit  (69 labelled)
  → 1PbBr2-2  gap=-0.201 eV  best=-1.498 eV  top50=12  top10%=15
Cycle  61: full DKL retrain  (70 labelled)
GP warmup: 20 epochs on initial embeddings
Joint DKL training: 50 epochs
  Epoch 20/50  loss=-0.4191
  Epoch 40/50  loss=-0.5978
DKL training done in 0.3s
  → 1HgCl2-3  gap=-0.313 eV  best=-1.498 eV  top50=12  top10%=15
Cycle  62: GP refit  (71 labelled)
  → 1ZrCl2-1  gap=0.003 eV  best=-1.498 eV  top50=12  top10%=15
Cycle  63: GP refit  (72 labelled)
  → 1PdSe2-2  gap=0.052 eV  best=-1.498 eV  top50=12  top10%=15
Cycle  64: GP refit  (73 labelled)
  → 1PbS2-1  gap=-0.438 eV  best=-1.498 eV  top50=12  top10%=15
Cycle  65: GP refit  (74 labelled)
  → 2TlCl2-1  gap=1.260 eV  best=-1.498 eV  top50=12  top10%=15
Cycle  66: full DKL retrain  (75 labelled)
GP warmup: 20 epochs on initial embeddings
Joint DKL training: 50 epochs
  Epoch 20/50  loss=-0.2948
  Epoch 40/50  loss=-0.5846
DKL training done in 0.4s
  → 2CdClSbO2-1  gap=0.221 eV  best=-1.498 eV  top50=12  top10%=15
Cycle  67: GP refit  (76 labelled)
  → 1CdInTlS4-1  gap=-0.307 eV  best=-1.498 eV  top50=12  top10%=15
Cycle  68: GP refit  (77 labelled)
  → 2IRb-1  gap=-0.293 eV  best=-1.498 eV  top50=12  top10%=15
Cycle  69: GP refit  (78 labelled)
  → 1BrHf2S2Cl3-1  gap=0.328 eV  best=-1.498 eV  top50=12  top10%=15
Cycle  70: GP refit  (79 labelled)
  → 1GeTe-1  gap=-0.502 eV  best=-1.498 eV  top50=12  top10%=16
Cycle  71: full DKL retrain  (80 labelled)
GP warmup: 20 epochs on initial embeddings
Joint DKL training: 50 epochs
  Epoch 20/50  loss=-0.3291
  Epoch 40/50  loss=-0.6199
DKL training done in 0.3s
  → 1AgScP2S6-1  gap=0.826 eV  best=-1.498 eV  top50=12  top10%=16
Cycle  72: GP refit  (81 labelled)
  → 2IK-2  gap=-0.288 eV  best=-1.498 eV  top50=12  top10%=16
Cycle  73: GP refit  (82 labelled)
  → 1GeSe-1  gap=-0.237 eV  best=-1.498 eV  top50=12  top10%=16
Cycle  74: GP refit  (83 labelled)
  → 1BrClZr-1  gap=-0.032 eV  best=-1.498 eV  top50=12  top10%=16
Cycle  75: GP refit  (84 labelled)
  → 1PbSe-1  gap=-0.390 eV  best=-1.498 eV  top50=12  top10%=16
Cycle  76: full DKL retrain  (85 labelled)
GP warmup: 20 epochs on initial embeddings
Joint DKL training: 50 epochs
  Epoch 20/50  loss=-0.4712
  Epoch 40/50  loss=-0.6741
DKL training done in 0.3s
  → 1AgCrP2Se6-1  gap=-0.278 eV  best=-1.498 eV  top50=12  top10%=16
Cycle  77: GP refit  (86 labelled)
  → 1Cl2Ge2O3-1  gap=-0.120 eV  best=-1.498 eV  top50=12  top10%=16
Cycle  78: GP refit  (87 labelled)
  → 1SeTeZr-2  gap=-0.132 eV  best=-1.498 eV  top50=12  top10%=16
Cycle  79: GP refit  (88 labelled)
  → 2InS-1  gap=-0.592 eV  best=-1.498 eV  top50=12  top10%=17
Cycle  80: GP refit  (89 labelled)
  → 2HSeLi3S4-1  gap=0.103 eV  best=-1.498 eV  top50=12  top10%=17
Cycle  81: full DKL retrain  (90 labelled)
GP warmup: 20 epochs on initial embeddings
Joint DKL training: 50 epochs
  Epoch 20/50  loss=-0.4670
  Epoch 40/50  loss=-0.6398
DKL training done in 0.3s
  → 2NOsRbSCl5-1  gap=0.353 eV  best=-1.498 eV  top50=12  top10%=17
Cycle  82: GP refit  (91 labelled)
  → 1CrSe2-1  gap=-0.038 eV  best=-1.498 eV  top50=12  top10%=17
Cycle  83: GP refit  (92 labelled)
  → 1CrSSe-1  gap=-0.028 eV  best=-1.498 eV  top50=12  top10%=17
Cycle  84: GP refit  (93 labelled)
  → 1CrTe2-2  gap=-0.088 eV  best=-1.498 eV  top50=12  top10%=17
Cycle  85: GP refit  (94 labelled)
  → 1CrS2-1  gap=-0.059 eV  best=-1.498 eV  top50=12  top10%=17
Cycle  86: full DKL retrain  (95 labelled)
GP warmup: 20 epochs on initial embeddings
Joint DKL training: 50 epochs
  Epoch 20/50  loss=-0.7175
  Epoch 40/50  loss=-0.8851
DKL training done in 0.3s
  → 1AgCrP2Te6-1  gap=-0.425 eV  best=-1.498 eV  top50=12  top10%=17
Cycle  87: GP refit  (96 labelled)
  → 1CoLiP2S6-1  gap=0.712 eV  best=-1.498 eV  top50=12  top10%=17
Cycle  88: GP refit  (97 labelled)
  → 1AgAlP2S6-1  gap=-0.411 eV  best=-1.498 eV  top50=12  top10%=17
Cycle  89: GP refit  (98 labelled)
  → 1PbS-1  gap=0.295 eV  best=-1.498 eV  top50=12  top10%=17
Cycle  90: GP refit  (99 labelled)
  → 1CrSeTe-1  gap=-0.001 eV  best=-1.498 eV  top50=12  top10%=17
Cycle  91: full DKL retrain  (100 labelled)
GP warmup: 20 epochs on initial embeddings
Joint DKL training: 50 epochs
  Epoch 20/50  loss=-0.5456
  Epoch 40/50  loss=-0.6869
DKL training done in 0.3s
  → 2AgSe-1  gap=-0.059 eV  best=-1.498 eV  top50=12  top10%=17
Cycle  92: GP refit  (101 labelled)
  → 2AgTe-2  gap=-0.666 eV  best=-1.498 eV  top50=13  top10%=18
Cycle  93: GP refit  (102 labelled)
  → 1WAg2Te4-1  gap=0.764 eV  best=-1.498 eV  top50=13  top10%=18
Cycle  94: GP refit  (103 labelled)
  → 1AgAlP2Te6-1  gap=-0.152 eV  best=-1.498 eV  top50=13  top10%=18
Cycle  95: GP refit  (104 labelled)
  → 2AgTe-3  gap=-0.089 eV  best=-1.498 eV  top50=13  top10%=18
Cycle  96: full DKL retrain  (105 labelled)
GP warmup: 20 epochs on initial embeddings
Joint DKL training: 50 epochs
  Epoch 20/50  loss=-0.4425
  Epoch 40/50  loss=-0.6309
DKL training done in 0.3s
  → 2AlTe-1  gap=-0.211 eV  best=-1.498 eV  top50=13  top10%=18
Cycle  97: GP refit  (106 labelled)
  → 2AlSe-1  gap=-0.138 eV  best=-1.498 eV  top50=13  top10%=18
Cycle  98: GP refit  (107 labelled)
  → 2AlS-1  gap=-0.207 eV  best=-1.498 eV  top50=13  top10%=18
Cycle  99: GP refit  (108 labelled)
  → 1AlAs-1  gap=-0.875 eV  best=-1.498 eV  top50=14  top10%=19
Cycle 100: GP refit  (109 labelled)
  → 1STeZr-2  gap=0.016 eV  best=-1.498 eV  top50=14  top10%=19
  emass_min/seed8 → best=-1.498 top50=14 top10%=19
BOLoop: 766 materials  |  direction=min  |  top-50 internal threshold=0.62  top-10% internal threshold=0.49
Init: 10 random labels  |  best (min) = -0.297
Cycle   1: full DKL retrain  (10 labelled)
GP warmup: 20 epochs on initial embeddings
/home/roy/Desktop/DKL-BO/venv/lib/python3.13/site-packages/torch/_compile.py:54: UserWarning: optimizer contains a parameter group with duplicate parameters; in future, this will cause an error; see github.com/pytorch/pytorch/issues/40967 for more information
  return disable_fn(*args, **kwargs)
Joint DKL training: 50 epochs
  Epoch 20/50  loss=0.8870
  Epoch 40/50  loss=0.7672
DKL training done in 0.3s
  → 1ZnBr2-3  gap=-0.501 eV  best=-0.501 eV  top50=0  top10%=1
Cycle   2: GP refit  (11 labelled)
  → 1ScBr2-1  gap=0.230 eV  best=-0.501 eV  top50=0  top10%=1
Cycle   3: GP refit  (12 labelled)
  → 1AsBrTe-2  gap=-0.233 eV  best=-0.501 eV  top50=0  top10%=1
Cycle   4: GP refit  (13 labelled)
  → 1AsBrS-2  gap=-0.102 eV  best=-0.501 eV  top50=0  top10%=1
Cycle   5: GP refit  (14 labelled)
  → 1CaBr2-2  gap=0.140 eV  best=-0.501 eV  top50=0  top10%=1
Cycle   6: full DKL retrain  (15 labelled)
GP warmup: 20 epochs on initial embeddings
Joint DKL training: 50 epochs
  Epoch 20/50  loss=-0.0666
  Epoch 40/50  loss=-0.2987
DKL training done in 0.3s
  → 1CrTe2-2  gap=-0.088 eV  best=-0.501 eV  top50=0  top10%=1
Cycle   7: GP refit  (16 labelled)
  → 1CdBr2-3  gap=-0.448 eV  best=-0.501 eV  top50=0  top10%=1
Cycle   8: GP refit  (17 labelled)
  → 4BrCd-1  gap=-0.503 eV  best=-0.503 eV  top50=0  top10%=2
Cycle   9: GP refit  (18 labelled)
  → 1InSb-1  gap=0.248 eV  best=-0.503 eV  top50=0  top10%=2
Cycle  10: GP refit  (19 labelled)
  → 2IRb-1  gap=-0.293 eV  best=-0.503 eV  top50=0  top10%=2
Cycle  11: full DKL retrain  (20 labelled)
GP warmup: 20 epochs on initial embeddings
Joint DKL training: 50 epochs
  Epoch 20/50  loss=-1.0533
  Epoch 40/50  loss=-1.1997
DKL training done in 0.3s
  → 1InP-1  gap=-1.028 eV  best=-1.028 eV  top50=1  top10%=3
Cycle  12: GP refit  (21 labelled)
  → 2IIn-3  gap=0.071 eV  best=-1.028 eV  top50=1  top10%=3
Cycle  13: GP refit  (22 labelled)
  → 2BrCs-2  gap=-0.221 eV  best=-1.028 eV  top50=1  top10%=3
Cycle  14: GP refit  (23 labelled)
  → 2HKTe-1  gap=-0.310 eV  best=-1.028 eV  top50=1  top10%=3
Cycle  15: GP refit  (24 labelled)
  → 2FIrS-2  gap=-0.096 eV  best=-1.028 eV  top50=1  top10%=3
Cycle  16: full DKL retrain  (25 labelled)
GP warmup: 20 epochs on initial embeddings
Joint DKL training: 50 epochs
  Epoch 20/50  loss=-0.3696
  Epoch 40/50  loss=-1.0432
DKL training done in 0.3s
  → 4AuF2-1  gap=0.636 eV  best=-1.028 eV  top50=1  top10%=3
Cycle  17: GP refit  (26 labelled)
  → 2P2O3-2  gap=0.491 eV  best=-1.028 eV  top50=1  top10%=3
Cycle  18: GP refit  (27 labelled)
  → 1C2F2S2Zr3-1  gap=-0.181 eV  best=-1.028 eV  top50=1  top10%=3
Cycle  19: GP refit  (28 labelled)
  → 1BN-1  gap=-0.030 eV  best=-1.028 eV  top50=1  top10%=3
Cycle  20: GP refit  (29 labelled)
  → 2FK-1  gap=-0.065 eV  best=-1.028 eV  top50=1  top10%=3
Cycle  21: full DKL retrain  (30 labelled)
GP warmup: 20 epochs on initial embeddings
Joint DKL training: 50 epochs
  Epoch 20/50  loss=-0.6312
  Epoch 40/50  loss=-0.8274
DKL training done in 0.3s
  → 1CrO2-2  gap=-0.060 eV  best=-1.028 eV  top50=1  top10%=3
Cycle  22: GP refit  (31 labelled)
  → 2OsO2-1  gap=-0.547 eV  best=-1.028 eV  top50=1  top10%=4
Cycle  23: GP refit  (32 labelled)
  → 2P2Se3-2  gap=0.282 eV  best=-1.028 eV  top50=1  top10%=4
Cycle  24: GP refit  (33 labelled)
  → 1ScO2-2  gap=0.484 eV  best=-1.028 eV  top50=1  top10%=4
Cycle  25: GP refit  (34 labelled)
  → 4NiPS-1  gap=0.141 eV  best=-1.028 eV  top50=1  top10%=4
Cycle  26: full DKL retrain  (35 labelled)
GP warmup: 20 epochs on initial embeddings
Joint DKL training: 50 epochs
  Epoch 20/50  loss=0.6912
  Epoch 40/50  loss=-0.3999
DKL training done in 0.3s
  → 2FLiO-1  gap=0.822 eV  best=-1.028 eV  top50=1  top10%=4
Cycle  27: GP refit  (36 labelled)
  → 2GaHSO4-1  gap=0.814 eV  best=-1.028 eV  top50=1  top10%=4
Cycle  28: GP refit  (37 labelled)
  → 2PVO5-1  gap=0.470 eV  best=-1.028 eV  top50=1  top10%=4
Cycle  29: GP refit  (38 labelled)
  → 1InN-1  gap=-0.996 eV  best=-1.028 eV  top50=2  top10%=5
Cycle  30: GP refit  (39 labelled)
  → 2CaFI-1  gap=-0.280 eV  best=-1.028 eV  top50=2  top10%=5
Cycle  31: full DKL retrain  (40 labelled)
GP warmup: 20 epochs on initial embeddings
Joint DKL training: 50 epochs
  Epoch 20/50  loss=0.1081
  Epoch 40/50  loss=-0.2807
DKL training done in 0.3s
  → 1BiFS-1  gap=0.549 eV  best=-1.028 eV  top50=2  top10%=5
Cycle  32: GP refit  (41 labelled)
  → 2CsNO3-1  gap=0.378 eV  best=-1.028 eV  top50=2  top10%=5
Cycle  33: GP refit  (42 labelled)
  → 2BaClF-1  gap=-0.302 eV  best=-1.028 eV  top50=2  top10%=5
Cycle  34: GP refit  (43 labelled)
  → 2BrFSr-1  gap=-0.394 eV  best=-1.028 eV  top50=2  top10%=5
Cycle  35: GP refit  (44 labelled)
  → 2FRhTe-1  gap=-0.267 eV  best=-1.028 eV  top50=2  top10%=5
Cycle  36: full DKL retrain  (45 labelled)
GP warmup: 20 epochs on initial embeddings
Joint DKL training: 50 epochs
  Epoch 20/50  loss=-0.2284
  Epoch 40/50  loss=-0.5359
DKL training done in 0.3s
  → 2IrS-3  gap=-1.132 eV  best=-1.132 eV  top50=3  top10%=6
Cycle  37: GP refit  (46 labelled)
  → 1FeHfF6-1  gap=1.579 eV  best=-1.132 eV  top50=3  top10%=6
Cycle  38: GP refit  (47 labelled)
  → 1MoS2-1  gap=-0.370 eV  best=-1.132 eV  top50=3  top10%=6
Cycle  39: GP refit  (48 labelled)
  → 1TiS2-2  gap=0.121 eV  best=-1.132 eV  top50=3  top10%=6
Cycle  40: GP refit  (49 labelled)
  → 2Sb2O3-5  gap=0.501 eV  best=-1.132 eV  top50=3  top10%=6
Cycle  41: full DKL retrain  (50 labelled)
GP warmup: 20 epochs on initial embeddings
Joint DKL training: 50 epochs
  Epoch 20/50  loss=0.1632
  Epoch 40/50  loss=0.0982
DKL training done in 0.3s
  → 2ITl-3  gap=-0.025 eV  best=-1.132 eV  top50=3  top10%=6
Cycle  42: GP refit  (51 labelled)
  → 1WCu2S4-1  gap=0.631 eV  best=-1.132 eV  top50=3  top10%=6
Cycle  43: GP refit  (52 labelled)
  → 1AlAs-1  gap=-0.875 eV  best=-1.132 eV  top50=4  top10%=7
Cycle  44: GP refit  (53 labelled)
  → 2BaClI-1  gap=-0.313 eV  best=-1.132 eV  top50=4  top10%=7
Cycle  45: GP refit  (54 labelled)
  → 1WS2-1  gap=-0.428 eV  best=-1.132 eV  top50=4  top10%=7
Cycle  46: full DKL retrain  (55 labelled)
GP warmup: 20 epochs on initial embeddings
Joint DKL training: 50 epochs
  Epoch 20/50  loss=-0.0472
  Epoch 40/50  loss=-0.4887
DKL training done in 0.3s
  → 1HfSSe-1  gap=0.032 eV  best=-1.132 eV  top50=4  top10%=7
Cycle  47: GP refit  (56 labelled)
  → 1SeTeV-1  gap=-0.133 eV  best=-1.132 eV  top50=4  top10%=7
Cycle  48: GP refit  (57 labelled)
  → 1MoSTe-1  gap=-0.189 eV  best=-1.132 eV  top50=4  top10%=7
Cycle  49: GP refit  (58 labelled)
  → 2IrTaS4-1  gap=0.083 eV  best=-1.132 eV  top50=4  top10%=7
Cycle  50: GP refit  (59 labelled)
  → 2ScTe-4  gap=-0.071 eV  best=-1.132 eV  top50=4  top10%=7
Cycle  51: full DKL retrain  (60 labelled)
GP warmup: 20 epochs on initial embeddings
Joint DKL training: 50 epochs
  Epoch 20/50  loss=0.5661
  Epoch 40/50  loss=0.1302
DKL training done in 0.3s
  → 1PbS2-1  gap=-0.438 eV  best=-1.132 eV  top50=4  top10%=7
Cycle  52: GP refit  (61 labelled)
  → 2IrSe-3  gap=-0.186 eV  best=-1.132 eV  top50=4  top10%=7
Cycle  53: GP refit  (62 labelled)
  → 2IrNbS4-1  gap=0.119 eV  best=-1.132 eV  top50=4  top10%=7
Cycle  54: GP refit  (63 labelled)
  → 2SSc-4  gap=-0.408 eV  best=-1.132 eV  top50=4  top10%=7
Cycle  55: GP refit  (64 labelled)
  → 1IO2V2Br3-1  gap=-0.017 eV  best=-1.132 eV  top50=4  top10%=7
Cycle  56: full DKL retrain  (65 labelled)
GP warmup: 20 epochs on initial embeddings
Joint DKL training: 50 epochs
  Epoch 20/50  loss=0.2927
  Epoch 40/50  loss=-0.1094
DKL training done in 0.3s
  → 2AlTe-1  gap=-0.211 eV  best=-1.132 eV  top50=4  top10%=7
Cycle  57: GP refit  (66 labelled)
  → 1BSb-1  gap=-1.148 eV  best=-1.148 eV  top50=5  top10%=8
Cycle  58: GP refit  (67 labelled)
  → 1MoCu2Te4-1  gap=0.207 eV  best=-1.148 eV  top50=5  top10%=8
Cycle  59: GP refit  (68 labelled)
  → 2IIrSe-2  gap=-0.251 eV  best=-1.148 eV  top50=5  top10%=8
Cycle  60: GP refit  (69 labelled)
  → 1BP-1  gap=-0.723 eV  best=-1.148 eV  top50=6  top10%=9
Cycle  61: full DKL retrain  (70 labelled)
GP warmup: 20 epochs on initial embeddings
Joint DKL training: 50 epochs
  Epoch 20/50  loss=0.7051
  Epoch 40/50  loss=0.3237
DKL training done in 0.3s
  → 2BiCdClO2-1  gap=-0.061 eV  best=-1.148 eV  top50=6  top10%=9
Cycle  62: GP refit  (71 labelled)
  → 2BiHgIO2-1  gap=0.115 eV  best=-1.148 eV  top50=6  top10%=9
Cycle  63: GP refit  (72 labelled)
  → 2CRbO3-1  gap=0.880 eV  best=-1.148 eV  top50=6  top10%=9
Cycle  64: GP refit  (73 labelled)
  → 2ClIrSe-2  gap=-0.222 eV  best=-1.148 eV  top50=6  top10%=9
Cycle  65: GP refit  (74 labelled)
  → 2CaClH-1  gap=-0.174 eV  best=-1.148 eV  top50=6  top10%=9
Cycle  66: full DKL retrain  (75 labelled)
GP warmup: 20 epochs on initial embeddings
Joint DKL training: 50 epochs
  Epoch 20/50  loss=-0.0557
  Epoch 40/50  loss=-0.4463
DKL training done in 0.3s
  → 2FIrSe-1  gap=-0.156 eV  best=-1.148 eV  top50=6  top10%=9
Cycle  67: GP refit  (76 labelled)
  → 1HfNiF6-1  gap=1.156 eV  best=-1.148 eV  top50=6  top10%=9
Cycle  68: GP refit  (77 labelled)
  → 2NORbRuF5-1  gap=0.996 eV  best=-1.148 eV  top50=6  top10%=9
Cycle  69: GP refit  (78 labelled)
  → 2IrO-2  gap=-0.581 eV  best=-1.148 eV  top50=6  top10%=10
Cycle  70: GP refit  (79 labelled)
  → 2CsF-1  gap=-0.074 eV  best=-1.148 eV  top50=6  top10%=10
Cycle  71: full DKL retrain  (80 labelled)
GP warmup: 20 epochs on initial embeddings
Joint DKL training: 50 epochs
  Epoch 20/50  loss=-0.0596
  Epoch 40/50  loss=-0.3680
DKL training done in 0.3s
  → 2HKO-2  gap=-0.126 eV  best=-1.148 eV  top50=6  top10%=10
Cycle  72: GP refit  (81 labelled)
  → 1AlN-1  gap=-0.293 eV  best=-1.148 eV  top50=6  top10%=10
Cycle  73: GP refit  (82 labelled)
  → 1WO2-1  gap=-0.459 eV  best=-1.148 eV  top50=6  top10%=10
Cycle  74: GP refit  (83 labelled)
  → 1AsB-1  gap=-0.804 eV  best=-1.148 eV  top50=7  top10%=11
Cycle  75: GP refit  (84 labelled)
  → 1BaBr2-2  gap=0.697 eV  best=-1.148 eV  top50=7  top10%=11
Cycle  76: full DKL retrain  (85 labelled)
GP warmup: 20 epochs on initial embeddings
Joint DKL training: 50 epochs
  Epoch 20/50  loss=-0.2328
  Epoch 40/50  loss=-0.5442
DKL training done in 0.3s
  → 1N2O2Zr3-1  gap=-0.033 eV  best=-1.148 eV  top50=7  top10%=11
Cycle  77: GP refit  (86 labelled)
  → 1GaN-1  gap=-0.641 eV  best=-1.148 eV  top50=8  top10%=12
Cycle  78: GP refit  (87 labelled)
  → 2FRb-1  gap=-0.087 eV  best=-1.148 eV  top50=8  top10%=12
Cycle  79: GP refit  (88 labelled)
  → 2AlSe-1  gap=-0.138 eV  best=-1.148 eV  top50=8  top10%=12
Cycle  80: GP refit  (89 labelled)
  → 1NiCl2N2H4C6-1  gap=0.178 eV  best=-1.148 eV  top50=8  top10%=12
Cycle  81: full DKL retrain  (90 labelled)
GP warmup: 20 epochs on initial embeddings
Joint DKL training: 50 epochs
  Epoch 20/50  loss=-0.5144
  Epoch 40/50  loss=-0.8858
DKL training done in 0.3s
  → 1OVF2-1  gap=0.534 eV  best=-1.148 eV  top50=8  top10%=12
Cycle  82: GP refit  (91 labelled)
  → 1ClIrS-1  gap=0.161 eV  best=-1.148 eV  top50=8  top10%=12
Cycle  83: GP refit  (92 labelled)
  → 2FRhS-1  gap=-0.129 eV  best=-1.148 eV  top50=8  top10%=12
Cycle  84: GP refit  (93 labelled)
  → 1CdGaInS4-1  gap=-0.739 eV  best=-1.148 eV  top50=9  top10%=13
Cycle  85: GP refit  (94 labelled)
  → 2GaSe-7  gap=-0.394 eV  best=-1.148 eV  top50=9  top10%=13
Cycle  86: full DKL retrain  (95 labelled)
GP warmup: 20 epochs on initial embeddings
Joint DKL training: 50 epochs
  Epoch 20/50  loss=-0.2438
  Epoch 40/50  loss=-0.5119
DKL training done in 0.3s
  → 2CoFO2-1  gap=0.772 eV  best=-1.148 eV  top50=9  top10%=13
Cycle  87: GP refit  (96 labelled)
  → 2ORh-2  gap=-0.719 eV  best=-1.148 eV  top50=10  top10%=14
Cycle  88: GP refit  (97 labelled)
  → 2GaS-1  gap=-0.633 eV  best=-1.148 eV  top50=11  top10%=15
Cycle  89: GP refit  (98 labelled)
  → 1SeTa3F7-1  gap=1.324 eV  best=-1.148 eV  top50=11  top10%=15
Cycle  90: GP refit  (99 labelled)
  → 2GaSe-1  gap=-0.768 eV  best=-1.148 eV  top50=12  top10%=16
Cycle  91: full DKL retrain  (100 labelled)
GP warmup: 20 epochs on initial embeddings
Joint DKL training: 50 epochs
  Epoch 20/50  loss=-0.6615
  Epoch 40/50  loss=-0.7865
DKL training done in 0.3s
  → 2FRhSe-1  gap=-0.185 eV  best=-1.148 eV  top50=12  top10%=16
Cycle  92: GP refit  (101 labelled)
  → 2BaFI-1  gap=-0.359 eV  best=-1.148 eV  top50=12  top10%=16
Cycle  93: GP refit  (102 labelled)
  → 2BrRhS-2  gap=-0.260 eV  best=-1.148 eV  top50=12  top10%=16
Cycle  94: GP refit  (103 labelled)
  → 2RhSe-3  gap=-0.543 eV  best=-1.148 eV  top50=12  top10%=17
Cycle  95: GP refit  (104 labelled)
  → 2BrRb-2  gap=-0.247 eV  best=-1.148 eV  top50=12  top10%=17
Cycle  96: full DKL retrain  (105 labelled)
GP warmup: 20 epochs on initial embeddings
Joint DKL training: 50 epochs
  Epoch 20/50  loss=-0.5815
  Epoch 40/50  loss=-0.9716
DKL training done in 0.3s
  → 2BrGa-1  gap=-0.562 eV  best=-1.148 eV  top50=12  top10%=18
Cycle  97: GP refit  (106 labelled)
  → 1PbBr2-2  gap=-0.201 eV  best=-1.148 eV  top50=12  top10%=18
Cycle  98: GP refit  (107 labelled)
  → 2ClRb-2  gap=-0.180 eV  best=-1.148 eV  top50=12  top10%=18
Cycle  99: GP refit  (108 labelled)
  → 2GaTe-1  gap=-1.988 eV  best=-1.988 eV  top50=13  top10%=19
Cycle 100: GP refit  (109 labelled)
  → 1OSeW-1  gap=0.239 eV  best=-1.988 eV  top50=13  top10%=19
  emass_min/seed9 → best=-1.988 top50=13 top10%=19
  [emass_min] done
BOLoop: 766 materials  |  direction=max  |  top-50 internal threshold=0.82  top-10% internal threshold=0.65
Init: 10 random labels  |  best (max) = 1.193
Cycle   1: full DKL retrain  (10 labelled)
GP warmup: 20 epochs on initial embeddings
/home/roy/Desktop/DKL-BO/venv/lib/python3.13/site-packages/torch/_compile.py:54: UserWarning: optimizer contains a parameter group with duplicate parameters; in future, this will cause an error; see github.com/pytorch/pytorch/issues/40967 for more information
  return disable_fn(*args, **kwargs)
Joint DKL training: 50 epochs
  Epoch 20/50  loss=0.8595
  Epoch 40/50  loss=0.7705
DKL training done in 0.3s
  → 1PbTe-1  gap=-0.622 eV  best=1.193 eV  top50=0  top10%=0
Cycle   2: GP refit  (11 labelled)
  → 1SCu2O4-1  gap=-0.045 eV  best=1.193 eV  top50=0  top10%=0
Cycle   3: GP refit  (12 labelled)
  → 2AsTlO3-1  gap=0.034 eV  best=1.193 eV  top50=0  top10%=0
Cycle   4: GP refit  (13 labelled)
  → 1WAu2O4-2  gap=0.492 eV  best=1.193 eV  top50=0  top10%=0
Cycle   5: GP refit  (14 labelled)
  → 2CCsO3-2  gap=0.885 eV  best=1.193 eV  top50=1  top10%=1
Cycle   6: full DKL retrain  (15 labelled)
GP warmup: 20 epochs on initial embeddings
Joint DKL training: 50 epochs
  Epoch 20/50  loss=0.1511
  Epoch 40/50  loss=-0.0737
DKL training done in 0.3s
  → 2CuSe-4  gap=-0.089 eV  best=1.193 eV  top50=1  top10%=1
Cycle   7: GP refit  (16 labelled)
  → 2OPb-3  gap=-0.244 eV  best=1.193 eV  top50=1  top10%=1
Cycle   8: GP refit  (17 labelled)
  → 1ScH2-1  gap=-0.199 eV  best=1.193 eV  top50=1  top10%=1
Cycle   9: GP refit  (18 labelled)
  → 1SeAu2O4-1  gap=0.305 eV  best=1.193 eV  top50=1  top10%=1
Cycle  10: GP refit  (19 labelled)
  → 1BN-1  gap=-0.030 eV  best=1.193 eV  top50=1  top10%=1
Cycle  11: full DKL retrain  (20 labelled)
GP warmup: 20 epochs on initial embeddings
Joint DKL training: 50 epochs
  Epoch 20/50  loss=0.1384
  Epoch 40/50  loss=-0.1923
DKL training done in 0.3s
  → 1WTe2-1  gap=-0.347 eV  best=1.193 eV  top50=1  top10%=1
Cycle  12: GP refit  (21 labelled)
  → 2CKO3-1  gap=0.878 eV  best=1.193 eV  top50=2  top10%=2
Cycle  13: GP refit  (22 labelled)
  → 2IRb-1  gap=-0.293 eV  best=1.193 eV  top50=2  top10%=2
Cycle  14: GP refit  (23 labelled)
  → 2FRhS-1  gap=-0.129 eV  best=1.193 eV  top50=2  top10%=2
Cycle  15: GP refit  (24 labelled)
  → 1CrO2-2  gap=-0.060 eV  best=1.193 eV  top50=2  top10%=2
Cycle  16: full DKL retrain  (25 labelled)
GP warmup: 20 epochs on initial embeddings
Joint DKL training: 50 epochs
  Epoch 20/50  loss=2.7833
  Epoch 40/50  loss=-0.1952
DKL training done in 0.3s
  → 1OTeW-1  gap=0.353 eV  best=1.193 eV  top50=2  top10%=2
Cycle  17: GP refit  (26 labelled)
  → 1MoCu2Te4-1  gap=0.207 eV  best=1.193 eV  top50=2  top10%=2
Cycle  18: GP refit  (27 labelled)
  → 2HKSe-1  gap=-0.269 eV  best=1.193 eV  top50=2  top10%=2
Cycle  19: GP refit  (28 labelled)
  → 2CuI-2  gap=-0.516 eV  best=1.193 eV  top50=2  top10%=2
Cycle  20: GP refit  (29 labelled)
  → 1MoAu2O4-2  gap=0.415 eV  best=1.193 eV  top50=2  top10%=2
Cycle  21: full DKL retrain  (30 labelled)
GP warmup: 20 epochs on initial embeddings
Joint DKL training: 50 epochs
  Epoch 20/50  loss=-0.3235
  Epoch 40/50  loss=-0.4502
DKL training done in 0.3s
  → 2OPb-1  gap=-0.151 eV  best=1.193 eV  top50=2  top10%=2
Cycle  22: GP refit  (31 labelled)
  → 1GeO2-3  gap=-0.510 eV  best=1.193 eV  top50=2  top10%=2
Cycle  23: GP refit  (32 labelled)
  → 1MoO2-1  gap=-0.378 eV  best=1.193 eV  top50=2  top10%=2
Cycle  24: GP refit  (33 labelled)
  → 2CRbO3-1  gap=0.880 eV  best=1.193 eV  top50=3  top10%=3
Cycle  25: GP refit  (34 labelled)
  → 2HTeNa3O4-1  gap=0.295 eV  best=1.193 eV  top50=3  top10%=3
Cycle  26: full DKL retrain  (35 labelled)
GP warmup: 20 epochs on initial embeddings
Joint DKL training: 50 epochs
  Epoch 20/50  loss=-0.3942
  Epoch 40/50  loss=-0.4886
DKL training done in 0.3s
  → 1AsITe-1  gap=0.320 eV  best=1.193 eV  top50=3  top10%=3
Cycle  27: GP refit  (36 labelled)
  → 2GaTe-1  gap=-1.988 eV  best=1.193 eV  top50=3  top10%=3
Cycle  28: GP refit  (37 labelled)
  → 1WO2-1  gap=-0.459 eV  best=1.193 eV  top50=3  top10%=3
Cycle  29: GP refit  (38 labelled)
  → 4OPb-1  gap=-0.193 eV  best=1.193 eV  top50=3  top10%=3
Cycle  30: GP refit  (39 labelled)
  → 1HgO-1  gap=0.248 eV  best=1.193 eV  top50=3  top10%=3
Cycle  31: full DKL retrain  (40 labelled)
GP warmup: 20 epochs on initial embeddings
Joint DKL training: 50 epochs
  Epoch 20/50  loss=0.5571
  Epoch 40/50  loss=0.0467
DKL training done in 0.3s
  → 2CCsO3-1  gap=1.298 eV  best=1.298 eV  top50=4  top10%=4
Cycle  32: GP refit  (41 labelled)
  → 1AsBrTe-2  gap=-0.233 eV  best=1.298 eV  top50=4  top10%=4
Cycle  33: GP refit  (42 labelled)
  → 1AlAs-1  gap=-0.875 eV  best=1.298 eV  top50=4  top10%=4
Cycle  34: GP refit  (43 labelled)
  → 1ZrI2-1  gap=-0.093 eV  best=1.298 eV  top50=4  top10%=4
Cycle  35: GP refit  (44 labelled)
  → 2CsNO3-1  gap=0.378 eV  best=1.298 eV  top50=4  top10%=4
Cycle  36: full DKL retrain  (45 labelled)
GP warmup: 20 epochs on initial embeddings
Joint DKL training: 50 epochs
  Epoch 20/50  loss=0.2382
  Epoch 40/50  loss=-0.0268
DKL training done in 0.3s
  → 1SeTeW-1  gap=-0.325 eV  best=1.298 eV  top50=4  top10%=4
Cycle  37: GP refit  (46 labelled)
  → 1VSe2-1  gap=-0.065 eV  best=1.298 eV  top50=4  top10%=4
Cycle  38: GP refit  (47 labelled)
  → 1PbSe2-1  gap=-0.543 eV  best=1.298 eV  top50=4  top10%=4
Cycle  39: GP refit  (48 labelled)
  → 1STeW-2  gap=-0.390 eV  best=1.298 eV  top50=4  top10%=4
Cycle  40: GP refit  (49 labelled)
  → 1AsIn-1  gap=0.064 eV  best=1.298 eV  top50=4  top10%=4
Cycle  41: full DKL retrain  (50 labelled)
GP warmup: 20 epochs on initial embeddings
Joint DKL training: 50 epochs
  Epoch 20/50  loss=0.0577
  Epoch 40/50  loss=-0.2057
DKL training done in 0.3s
  → 2As2O3-4  gap=-0.637 eV  best=1.298 eV  top50=4  top10%=4
Cycle  42: GP refit  (51 labelled)
  → 2PbTe-1  gap=-1.102 eV  best=1.298 eV  top50=4  top10%=4
Cycle  43: GP refit  (52 labelled)
  → 1HgTe-1  gap=-1.220 eV  best=1.298 eV  top50=4  top10%=4
Cycle  44: GP refit  (53 labelled)
  → 2AlTe-1  gap=-0.211 eV  best=1.298 eV  top50=4  top10%=4
Cycle  45: GP refit  (54 labelled)
  → 1BaI2-2  gap=0.597 eV  best=1.298 eV  top50=4  top10%=4
Cycle  46: full DKL retrain  (55 labelled)
GP warmup: 20 epochs on initial embeddings
Joint DKL training: 50 epochs
  Epoch 20/50  loss=0.3982
  Epoch 40/50  loss=0.1228
DKL training done in 0.3s
  → 2ORh-2  gap=-0.719 eV  best=1.298 eV  top50=4  top10%=4
Cycle  47: GP refit  (56 labelled)
  → 2BrCu-3  gap=-0.390 eV  best=1.298 eV  top50=4  top10%=4
Cycle  48: GP refit  (57 labelled)
  → 4LiSbO2-1  gap=-0.171 eV  best=1.298 eV  top50=4  top10%=4
Cycle  49: GP refit  (58 labelled)
  → 2CuF-2  gap=-0.491 eV  best=1.298 eV  top50=4  top10%=4
Cycle  50: GP refit  (59 labelled)
  → 2Sb2O3-5  gap=0.501 eV  best=1.298 eV  top50=4  top10%=4
Cycle  51: full DKL retrain  (60 labelled)
GP warmup: 20 epochs on initial embeddings
Joint DKL training: 50 epochs
  Epoch 20/50  loss=0.2954
  Epoch 40/50  loss=0.0596
DKL training done in 0.3s
  → 1AsB-1  gap=-0.804 eV  best=1.298 eV  top50=4  top10%=4
Cycle  52: GP refit  (61 labelled)
  → 1TiCl2-1  gap=0.299 eV  best=1.298 eV  top50=4  top10%=4
Cycle  53: GP refit  (62 labelled)
  → 1SrI2-2  gap=0.061 eV  best=1.298 eV  top50=4  top10%=4
Cycle  54: GP refit  (63 labelled)
  → 4NaSbO2-1  gap=-0.052 eV  best=1.298 eV  top50=4  top10%=4
Cycle  55: GP refit  (64 labelled)
  → 2PSbO4-1  gap=0.389 eV  best=1.298 eV  top50=4  top10%=4
Cycle  56: full DKL retrain  (65 labelled)
GP warmup: 20 epochs on initial embeddings
Joint DKL training: 50 epochs
  Epoch 20/50  loss=0.0879
  Epoch 40/50  loss=-0.2722
DKL training done in 0.3s
  → 2GaO-1  gap=-0.476 eV  best=1.298 eV  top50=4  top10%=4
Cycle  57: GP refit  (66 labelled)
  → 2ITl-3  gap=-0.025 eV  best=1.298 eV  top50=4  top10%=4
Cycle  58: GP refit  (67 labelled)
  → 1NiZrF6-1  gap=1.198 eV  best=1.298 eV  top50=5  top10%=5
Cycle  59: GP refit  (68 labelled)
  → 1HfZnF6-1  gap=0.762 eV  best=1.298 eV  top50=5  top10%=6
Cycle  60: GP refit  (69 labelled)
  → 1FeHfF6-1  gap=1.579 eV  best=1.579 eV  top50=6  top10%=7
Cycle  61: full DKL retrain  (70 labelled)
GP warmup: 20 epochs on initial embeddings
Joint DKL training: 50 epochs
  Epoch 20/50  loss=-0.0189
  Epoch 40/50  loss=-0.3071
DKL training done in 0.3s
  → 1TiF2-1  gap=0.463 eV  best=1.579 eV  top50=6  top10%=7
Cycle  62: GP refit  (71 labelled)
  → 2PVO5-1  gap=0.470 eV  best=1.579 eV  top50=6  top10%=7
Cycle  63: GP refit  (72 labelled)
  → 2V2O5-3  gap=-0.084 eV  best=1.579 eV  top50=6  top10%=7
Cycle  64: GP refit  (73 labelled)
  → 1N2O2Zr3-1  gap=-0.033 eV  best=1.579 eV  top50=6  top10%=7
Cycle  65: GP refit  (74 labelled)
  → 2BrCs-2  gap=-0.221 eV  best=1.579 eV  top50=6  top10%=7
Cycle  66: full DKL retrain  (75 labelled)
GP warmup: 20 epochs on initial embeddings
Joint DKL training: 50 epochs
  Epoch 20/50  loss=0.1221
  Epoch 40/50  loss=-0.2218
DKL training done in 0.3s
  → 2CoFO2-1  gap=0.772 eV  best=1.579 eV  top50=6  top10%=8
Cycle  67: GP refit  (76 labelled)
  → 2OW-1  gap=-0.094 eV  best=1.579 eV  top50=6  top10%=8
Cycle  68: GP refit  (77 labelled)
  → 2MoWO4-1  gap=-0.389 eV  best=1.579 eV  top50=6  top10%=8
Cycle  69: GP refit  (78 labelled)
  → 2WO3-1  gap=-0.454 eV  best=1.579 eV  top50=6  top10%=8
Cycle  70: GP refit  (79 labelled)
  → 1SeNb3F7-1  gap=0.681 eV  best=1.579 eV  top50=6  top10%=9
Cycle  71: full DKL retrain  (80 labelled)
GP warmup: 20 epochs on initial embeddings
Joint DKL training: 50 epochs
  Epoch 20/50  loss=-0.2753
  Epoch 40/50  loss=-0.5426
DKL training done in 0.3s
  → 1OVF2-1  gap=0.534 eV  best=1.579 eV  top50=6  top10%=9
Cycle  72: GP refit  (81 labelled)
  → 1MoW3O8-1  gap=-0.430 eV  best=1.579 eV  top50=6  top10%=9
Cycle  73: GP refit  (82 labelled)
  → 1ZrO2-3  gap=0.171 eV  best=1.579 eV  top50=6  top10%=9
Cycle  74: GP refit  (83 labelled)
  → 2As2O3-1  gap=0.761 eV  best=1.579 eV  top50=6  top10%=10
Cycle  75: GP refit  (84 labelled)
  → 2P2O3-2  gap=0.491 eV  best=1.579 eV  top50=6  top10%=10
Cycle  76: full DKL retrain  (85 labelled)
GP warmup: 20 epochs on initial embeddings
Joint DKL training: 50 epochs
  Epoch 20/50  loss=-0.2654
  Epoch 40/50  loss=-0.6079
DKL training done in 0.3s
  → 1GaInTe2-1  gap=-0.212 eV  best=1.579 eV  top50=6  top10%=10
Cycle  77: GP refit  (86 labelled)
  → 1TiO2-3  gap=0.164 eV  best=1.579 eV  top50=6  top10%=10
Cycle  78: GP refit  (87 labelled)
  → 1HfNiF6-1  gap=1.156 eV  best=1.579 eV  top50=7  top10%=11
Cycle  79: GP refit  (88 labelled)
  → 2CoHO2-1  gap=0.097 eV  best=1.579 eV  top50=7  top10%=11
Cycle  80: GP refit  (89 labelled)
  → 2FLiO-1  gap=0.822 eV  best=1.579 eV  top50=8  top10%=12
Cycle  81: full DKL retrain  (90 labelled)
GP warmup: 20 epochs on initial embeddings
Joint DKL training: 50 epochs
  Epoch 20/50  loss=-0.3057
  Epoch 40/50  loss=-0.6153
DKL training done in 0.3s
  → 1ZrTe2-2  gap=-0.271 eV  best=1.579 eV  top50=8  top10%=12
Cycle  82: GP refit  (91 labelled)
  → 1AgCrP2Te6-1  gap=-0.425 eV  best=1.579 eV  top50=8  top10%=12
Cycle  83: GP refit  (92 labelled)
  → 2TeV-4  gap=0.555 eV  best=1.579 eV  top50=8  top10%=12
Cycle  84: GP refit  (93 labelled)
  → 1C2O2Zr3-1  gap=-0.274 eV  best=1.579 eV  top50=8  top10%=12
Cycle  85: GP refit  (94 labelled)
  → 2GaSe-7  gap=-0.394 eV  best=1.579 eV  top50=8  top10%=12
Cycle  86: full DKL retrain  (95 labelled)
GP warmup: 20 epochs on initial embeddings
Joint DKL training: 50 epochs
  Epoch 20/50  loss=-0.3268
  Epoch 40/50  loss=-0.4705
DKL training done in 0.3s
  → 1FeI2-3  gap=-0.157 eV  best=1.579 eV  top50=8  top10%=12
Cycle  87: GP refit  (96 labelled)
  → 2FeTe2-1  gap=0.121 eV  best=1.579 eV  top50=8  top10%=12
Cycle  88: GP refit  (97 labelled)
  → 2KNbF6-1  gap=0.818 eV  best=1.579 eV  top50=9  top10%=13
Cycle  89: GP refit  (98 labelled)
  → 1InP-1  gap=-1.028 eV  best=1.579 eV  top50=9  top10%=13
Cycle  90: GP refit  (99 labelled)
  → 2OPt-3  gap=-0.129 eV  best=1.579 eV  top50=9  top10%=13
Cycle  91: full DKL retrain  (100 labelled)
GP warmup: 20 epochs on initial embeddings
Joint DKL training: 50 epochs
  Epoch 20/50  loss=0.0664
  Epoch 40/50  loss=-0.2714
DKL training done in 0.3s
  → 2ClIn-5  gap=0.029 eV  best=1.579 eV  top50=9  top10%=13
Cycle  92: GP refit  (101 labelled)
  → 2ClCs-1  gap=-0.154 eV  best=1.579 eV  top50=9  top10%=13
Cycle  93: GP refit  (102 labelled)
  → 1ClCrTe-1  gap=0.273 eV  best=1.579 eV  top50=9  top10%=13
Cycle  94: GP refit  (103 labelled)
  → 2BrTl-3  gap=0.053 eV  best=1.579 eV  top50=9  top10%=13
Cycle  95: GP refit  (104 labelled)
  → 1TiI2-2  gap=0.092 eV  best=1.579 eV  top50=9  top10%=13
Cycle  96: full DKL retrain  (105 labelled)
GP warmup: 20 epochs on initial embeddings
Joint DKL training: 50 epochs
  Epoch 20/50  loss=-0.4110
  Epoch 40/50  loss=-0.6842
DKL training done in 0.3s
  → 1AgScP2S6-1  gap=0.826 eV  best=1.579 eV  top50=10  top10%=14
Cycle  97: GP refit  (106 labelled)
  → 2P2S3-1  gap=0.221 eV  best=1.579 eV  top50=10  top10%=14
Cycle  98: GP refit  (107 labelled)
  → 1HfO2-3  gap=0.188 eV  best=1.579 eV  top50=10  top10%=14
Cycle  99: GP refit  (108 labelled)
  → 2AsBiO4-1  gap=-0.062 eV  best=1.579 eV  top50=10  top10%=14
Cycle 100: GP refit  (109 labelled)
  → 2TeZr-4  gap=-0.459 eV  best=1.579 eV  top50=10  top10%=14
  emass_max/seed0 → best=1.579 top50=10 top10%=14
BOLoop: 766 materials  |  direction=max  |  top-50 internal threshold=0.82  top-10% internal threshold=0.65
Init: 10 random labels  |  best (max) = 0.592
Cycle   1: full DKL retrain  (10 labelled)
GP warmup: 20 epochs on initial embeddings
/home/roy/Desktop/DKL-BO/venv/lib/python3.13/site-packages/torch/_compile.py:54: UserWarning: optimizer contains a parameter group with duplicate parameters; in future, this will cause an error; see github.com/pytorch/pytorch/issues/40967 for more information
  return disable_fn(*args, **kwargs)
Joint DKL training: 50 epochs
  Epoch 20/50  loss=0.8095
  Epoch 40/50  loss=0.7476
DKL training done in 0.3s
  → 1BiFS-1  gap=0.549 eV  best=0.592 eV  top50=0  top10%=0
Cycle   2: GP refit  (11 labelled)
  → 2SeV-4  gap=0.499 eV  best=0.592 eV  top50=0  top10%=0
Cycle   3: GP refit  (12 labelled)
  → 4OPb-1  gap=-0.193 eV  best=0.592 eV  top50=0  top10%=0
Cycle   4: GP refit  (13 labelled)
  → 1InN-1  gap=-0.996 eV  best=0.592 eV  top50=0  top10%=0
Cycle   5: GP refit  (14 labelled)
  → 2BrFSr-1  gap=-0.394 eV  best=0.592 eV  top50=0  top10%=0
Cycle   6: full DKL retrain  (15 labelled)
GP warmup: 20 epochs on initial embeddings
Joint DKL training: 50 epochs
  Epoch 20/50  loss=0.3356
  Epoch 40/50  loss=-0.2947
DKL training done in 0.3s
  → 2BiO-1  gap=-1.197 eV  best=0.592 eV  top50=0  top10%=0
Cycle   7: GP refit  (16 labelled)
  → 2CaClF-1  gap=-0.161 eV  best=0.592 eV  top50=0  top10%=0
Cycle   8: GP refit  (17 labelled)
  → 1InP-1  gap=-1.028 eV  best=0.592 eV  top50=0  top10%=0
Cycle   9: GP refit  (18 labelled)
  → 1SSeTi-2  gap=0.152 eV  best=0.592 eV  top50=0  top10%=0
Cycle  10: GP refit  (19 labelled)
  → 2HKTe-1  gap=-0.310 eV  best=0.592 eV  top50=0  top10%=0
Cycle  11: full DKL retrain  (20 labelled)
GP warmup: 20 epochs on initial embeddings
Joint DKL training: 50 epochs
  Epoch 20/50  loss=-0.0267
  Epoch 40/50  loss=-0.3846
DKL training done in 0.3s
  → 1BiClS-2  gap=0.610 eV  best=0.610 eV  top50=0  top10%=0
Cycle  12: GP refit  (21 labelled)
  → 1BiITe-1  gap=0.319 eV  best=0.610 eV  top50=0  top10%=0
Cycle  13: GP refit  (22 labelled)
  → 1OBi2S2-1  gap=-0.806 eV  best=0.610 eV  top50=0  top10%=0
Cycle  14: GP refit  (23 labelled)
  → 1BiHTe2O6-1  gap=-0.672 eV  best=0.610 eV  top50=0  top10%=0
Cycle  15: GP refit  (24 labelled)
  → 1BiISe-2  gap=0.377 eV  best=0.610 eV  top50=0  top10%=0
Cycle  16: full DKL retrain  (25 labelled)
GP warmup: 20 epochs on initial embeddings
Joint DKL training: 50 epochs
  Epoch 20/50  loss=-0.3346
  Epoch 40/50  loss=-0.7297
DKL training done in 0.3s
  → 1CrS2-1  gap=-0.059 eV  best=0.610 eV  top50=0  top10%=0
Cycle  17: GP refit  (26 labelled)
  → 1BiClS-1  gap=0.469 eV  best=0.610 eV  top50=0  top10%=0
Cycle  18: GP refit  (27 labelled)
  → 2BiFHgO2-1  gap=0.331 eV  best=0.610 eV  top50=0  top10%=0
Cycle  19: GP refit  (28 labelled)
  → 1OVI2-1  gap=-0.186 eV  best=0.610 eV  top50=0  top10%=0
Cycle  20: GP refit  (29 labelled)
  → 2SbTlO3-1  gap=-0.703 eV  best=0.610 eV  top50=0  top10%=0
Cycle  21: full DKL retrain  (30 labelled)
GP warmup: 20 epochs on initial embeddings
Joint DKL training: 50 epochs
  Epoch 20/50  loss=1.9897
  Epoch 40/50  loss=-0.2988
DKL training done in 0.3s
  → 1BiClSe-2  gap=0.542 eV  best=0.610 eV  top50=0  top10%=0
Cycle  22: GP refit  (31 labelled)
  → 1C2O2Zr3-1  gap=-0.274 eV  best=0.610 eV  top50=0  top10%=0
Cycle  23: GP refit  (32 labelled)
  → 2CCsO3-2  gap=0.885 eV  best=0.885 eV  top50=1  top10%=1
Cycle  24: GP refit  (33 labelled)
  → 2HInTeS4-1  gap=0.346 eV  best=0.885 eV  top50=1  top10%=1
Cycle  25: GP refit  (34 labelled)
  → 4OBi2Se2-1  gap=-0.822 eV  best=0.885 eV  top50=1  top10%=1
Cycle  26: full DKL retrain  (35 labelled)
GP warmup: 20 epochs on initial embeddings
Joint DKL training: 50 epochs
  Epoch 20/50  loss=-0.1984
  Epoch 40/50  loss=-0.4129
DKL training done in 0.3s
  → 2CCsO3-1  gap=1.298 eV  best=1.298 eV  top50=2  top10%=2
Cycle  27: GP refit  (36 labelled)
  → 1BN-1  gap=-0.030 eV  best=1.298 eV  top50=2  top10%=2
Cycle  28: GP refit  (37 labelled)
  → 2CRbO3-1  gap=0.880 eV  best=1.298 eV  top50=3  top10%=3
Cycle  29: GP refit  (38 labelled)
  → 2P2O3-2  gap=0.491 eV  best=1.298 eV  top50=3  top10%=3
Cycle  30: GP refit  (39 labelled)
  → 1BSb-1  gap=-1.148 eV  best=1.298 eV  top50=3  top10%=3
Cycle  31: full DKL retrain  (40 labelled)
GP warmup: 20 epochs on initial embeddings
Joint DKL training: 50 epochs
  Epoch 20/50  loss=-0.2183
  Epoch 40/50  loss=-0.3935
DKL training done in 0.3s
  → 1WAu2O4-2  gap=0.492 eV  best=1.298 eV  top50=3  top10%=3
Cycle  32: GP refit  (41 labelled)
  → 2CsNO3-1  gap=0.378 eV  best=1.298 eV  top50=3  top10%=3
Cycle  33: GP refit  (42 labelled)
  → 1SeSn-1  gap=-0.280 eV  best=1.298 eV  top50=3  top10%=3
Cycle  34: GP refit  (43 labelled)
  → 1CrO2-2  gap=-0.060 eV  best=1.298 eV  top50=3  top10%=3
Cycle  35: GP refit  (44 labelled)
  → 1CrSeTe-1  gap=-0.001 eV  best=1.298 eV  top50=3  top10%=3
Cycle  36: full DKL retrain  (45 labelled)
GP warmup: 20 epochs on initial embeddings
Joint DKL training: 50 epochs
  Epoch 20/50  loss=-0.3037
  Epoch 40/50  loss=-0.4729
DKL training done in 0.3s
  → 1HgSe-1  gap=-1.498 eV  best=1.298 eV  top50=3  top10%=3
Cycle  37: GP refit  (46 labelled)
  → 2GaTe-1  gap=-1.988 eV  best=1.298 eV  top50=3  top10%=3
Cycle  38: GP refit  (47 labelled)
  → 2IK-2  gap=-0.288 eV  best=1.298 eV  top50=3  top10%=3
Cycle  39: GP refit  (48 labelled)
  → 2ClGa-1  gap=-0.075 eV  best=1.298 eV  top50=3  top10%=3
Cycle  40: GP refit  (49 labelled)
  → 1SnO2-3  gap=-0.513 eV  best=1.298 eV  top50=3  top10%=3
Cycle  41: full DKL retrain  (50 labelled)
GP warmup: 20 epochs on initial embeddings
Joint DKL training: 50 epochs
  Epoch 20/50  loss=-0.0642
  Epoch 40/50  loss=-0.3011
DKL training done in 0.3s
  → 2HfZrTe4-1  gap=-0.328 eV  best=1.298 eV  top50=3  top10%=3
Cycle  42: GP refit  (51 labelled)
  → 1SnTe-1  gap=-0.411 eV  best=1.298 eV  top50=3  top10%=3
Cycle  43: GP refit  (52 labelled)
  → 2AuTe-3  gap=-0.304 eV  best=1.298 eV  top50=3  top10%=3
Cycle  44: GP refit  (53 labelled)
  → 1OVF2-1  gap=0.534 eV  best=1.298 eV  top50=3  top10%=3
Cycle  45: GP refit  (54 labelled)
  → 2CoFO2-1  gap=0.772 eV  best=1.298 eV  top50=3  top10%=4
Cycle  46: full DKL retrain  (55 labelled)
GP warmup: 20 epochs on initial embeddings
Joint DKL training: 50 epochs
  Epoch 20/50  loss=0.9068
  Epoch 40/50  loss=-0.5088
DKL training done in 0.3s
  → 2HNa3S5-1  gap=0.432 eV  best=1.298 eV  top50=3  top10%=4
Cycle  47: GP refit  (56 labelled)
  → 2SeTl-2  gap=-0.739 eV  best=1.298 eV  top50=3  top10%=4
Cycle  48: GP refit  (57 labelled)
  → 2BaBi2S4-1  gap=-2.799 eV  best=1.298 eV  top50=3  top10%=4
Cycle  49: GP refit  (58 labelled)
  → 2HNaTe-1  gap=-0.387 eV  best=1.298 eV  top50=3  top10%=4
Cycle  50: GP refit  (59 labelled)
  → 2TeTl-2  gap=-0.972 eV  best=1.298 eV  top50=3  top10%=4
Cycle  51: full DKL retrain  (60 labelled)
GP warmup: 20 epochs on initial embeddings
Joint DKL training: 50 epochs
  Epoch 20/50  loss=1.6875
  Epoch 40/50  loss=0.1836
DKL training done in 0.3s
  → 2CaHI-1  gap=-0.307 eV  best=1.298 eV  top50=3  top10%=4
Cycle  52: GP refit  (61 labelled)
  → 1BiBrTe-2  gap=0.128 eV  best=1.298 eV  top50=3  top10%=4
Cycle  53: GP refit  (62 labelled)
  → 1HfBr2-1  gap=-0.146 eV  best=1.298 eV  top50=3  top10%=4
Cycle  54: GP refit  (63 labelled)
  → 1C2F2S2Zr3-1  gap=-0.181 eV  best=1.298 eV  top50=3  top10%=4
Cycle  55: GP refit  (64 labelled)
  → 1ZrTi3Te8-1  gap=-0.215 eV  best=1.298 eV  top50=3  top10%=4
Cycle  56: full DKL retrain  (65 labelled)
GP warmup: 20 epochs on initial embeddings
Joint DKL training: 50 epochs
  Epoch 20/50  loss=-0.3312
  Epoch 40/50  loss=-0.7050
DKL training done in 0.3s
  → 2As2S3-4  gap=0.797 eV  best=1.298 eV  top50=3  top10%=5
Cycle  57: GP refit  (66 labelled)
  → 1NiCl2N2H4C6-1  gap=0.178 eV  best=1.298 eV  top50=3  top10%=5
Cycle  58: GP refit  (67 labelled)
  → 2CoHO2-1  gap=0.097 eV  best=1.298 eV  top50=3  top10%=5
Cycle  59: GP refit  (68 labelled)
  → 2HNaSe-1  gap=-0.343 eV  best=1.298 eV  top50=3  top10%=5
Cycle  60: GP refit  (69 labelled)
  → 1WAu2Se4-1  gap=0.775 eV  best=1.298 eV  top50=3  top10%=6
Cycle  61: full DKL retrain  (70 labelled)
GP warmup: 20 epochs on initial embeddings
Joint DKL training: 50 epochs
  Epoch 20/50  loss=0.7358
  Epoch 40/50  loss=0.1389
DKL training done in 0.3s
  → 1ZrBr2-1  gap=-0.051 eV  best=1.298 eV  top50=3  top10%=6
Cycle  62: GP refit  (71 labelled)
  → 1CaBr2-2  gap=0.140 eV  best=1.298 eV  top50=3  top10%=6
Cycle  63: GP refit  (72 labelled)
  → 2BrTl-3  gap=0.053 eV  best=1.298 eV  top50=3  top10%=6
Cycle  64: GP refit  (73 labelled)
  → 2BrGa-1  gap=-0.562 eV  best=1.298 eV  top50=3  top10%=6
Cycle  65: GP refit  (74 labelled)
  → 1MoCu2Te4-1  gap=0.207 eV  best=1.298 eV  top50=3  top10%=6
Cycle  66: full DKL retrain  (75 labelled)
GP warmup: 20 epochs on initial embeddings
Joint DKL training: 50 epochs
  Epoch 20/50  loss=-0.2240
  Epoch 40/50  loss=-0.6787
DKL training done in 0.3s
  → 4OSn-1  gap=-0.024 eV  best=1.298 eV  top50=3  top10%=6
Cycle  67: GP refit  (76 labelled)
  → 2AlHSO4-1  gap=0.676 eV  best=1.298 eV  top50=3  top10%=7
Cycle  68: GP refit  (77 labelled)
  → 2GaHTeO4-1  gap=-0.356 eV  best=1.298 eV  top50=3  top10%=7
Cycle  69: GP refit  (78 labelled)
  → 1PbSe2-1  gap=-0.543 eV  best=1.298 eV  top50=3  top10%=7
Cycle  70: GP refit  (79 labelled)
  → 2BiIn-1  gap=-0.948 eV  best=1.298 eV  top50=3  top10%=7
Cycle  71: full DKL retrain  (80 labelled)
GP warmup: 20 epochs on initial embeddings
Joint DKL training: 50 epochs
  Epoch 20/50  loss=0.1550
  Epoch 40/50  loss=-0.1768
DKL training done in 0.3s
  → 1OSn-1  gap=-0.348 eV  best=1.298 eV  top50=3  top10%=7
Cycle  72: GP refit  (81 labelled)
  → 1CSiH2-1  gap=0.042 eV  best=1.298 eV  top50=3  top10%=7
Cycle  73: GP refit  (82 labelled)
  → 1SSnO4-1  gap=0.140 eV  best=1.298 eV  top50=3  top10%=7
Cycle  74: GP refit  (83 labelled)
  → 2AlHTeO4-1  gap=0.347 eV  best=1.298 eV  top50=3  top10%=7
Cycle  75: GP refit  (84 labelled)
  → 1Mg3O5-1  gap=0.124 eV  best=1.298 eV  top50=3  top10%=7
Cycle  76: full DKL retrain  (85 labelled)
GP warmup: 20 epochs on initial embeddings
Joint DKL training: 50 epochs
  Epoch 20/50  loss=-0.3494
  Epoch 40/50  loss=-0.9091
DKL training done in 0.3s
  → 4SSn-1  gap=-0.694 eV  best=1.298 eV  top50=3  top10%=7
Cycle  77: GP refit  (86 labelled)
  → 2Bi2O3-2  gap=-1.508 eV  best=1.298 eV  top50=3  top10%=7
Cycle  78: GP refit  (87 labelled)
  → 1AgScP2S6-1  gap=0.826 eV  best=1.298 eV  top50=4  top10%=8
Cycle  79: GP refit  (88 labelled)
  → 2HInTeO4-1  gap=0.671 eV  best=1.298 eV  top50=4  top10%=9
Cycle  80: GP refit  (89 labelled)
  → 2TeZr-4  gap=-0.459 eV  best=1.298 eV  top50=4  top10%=9
Cycle  81: full DKL retrain  (90 labelled)
GP warmup: 20 epochs on initial embeddings
Joint DKL training: 50 epochs
  Epoch 20/50  loss=-0.1108
  Epoch 40/50  loss=-0.4820
DKL training done in 0.3s
  → 4IOSc-1  gap=0.131 eV  best=1.298 eV  top50=4  top10%=9
Cycle  82: GP refit  (91 labelled)
  → 1ScH2-1  gap=-0.199 eV  best=1.298 eV  top50=4  top10%=9
Cycle  83: GP refit  (92 labelled)
  → 2FeTe2-1  gap=0.121 eV  best=1.298 eV  top50=4  top10%=9
Cycle  84: GP refit  (93 labelled)
  → 2GaHSO4-1  gap=0.814 eV  best=1.298 eV  top50=4  top10%=10
Cycle  85: GP refit  (94 labelled)
  → 1BaBrI-1  gap=0.289 eV  best=1.298 eV  top50=4  top10%=10
Cycle  86: full DKL retrain  (95 labelled)
GP warmup: 20 epochs on initial embeddings
Joint DKL training: 50 epochs
  Epoch 20/50  loss=-0.0462
  Epoch 40/50  loss=-0.3594
DKL training done in 0.3s
  → 2GaO-1  gap=-0.476 eV  best=1.298 eV  top50=4  top10%=10
Cycle  87: GP refit  (96 labelled)
  → 1TiI2-2  gap=0.092 eV  best=1.298 eV  top50=4  top10%=10
Cycle  88: GP refit  (97 labelled)
  → 1BaBr2-2  gap=0.697 eV  best=1.298 eV  top50=4  top10%=11
Cycle  89: GP refit  (98 labelled)
  → 2ITl-3  gap=-0.025 eV  best=1.298 eV  top50=4  top10%=11
Cycle  90: GP refit  (99 labelled)
  → 1AsIn-1  gap=0.064 eV  best=1.298 eV  top50=4  top10%=11
Cycle  91: full DKL retrain  (100 labelled)
GP warmup: 20 epochs on initial embeddings
Joint DKL training: 50 epochs
  Epoch 20/50  loss=-0.2884
  Epoch 40/50  loss=-0.5222
DKL training done in 0.3s
  → 1ScO2-2  gap=0.484 eV  best=1.298 eV  top50=4  top10%=11
Cycle  92: GP refit  (101 labelled)
  → 2BrRb-2  gap=-0.247 eV  best=1.298 eV  top50=4  top10%=11
Cycle  93: GP refit  (102 labelled)
  → 1N2O2Zr3-1  gap=-0.033 eV  best=1.298 eV  top50=4  top10%=11
Cycle  94: GP refit  (103 labelled)
  → 1GeO2-3  gap=-0.510 eV  best=1.298 eV  top50=4  top10%=11
Cycle  95: GP refit  (104 labelled)
  → 2HKO-1  gap=-0.105 eV  best=1.298 eV  top50=4  top10%=11
Cycle  96: full DKL retrain  (105 labelled)
GP warmup: 20 epochs on initial embeddings
Joint DKL training: 50 epochs
  Epoch 20/50  loss=-0.2141
  Epoch 40/50  loss=-0.5463
DKL training done in 0.3s
  → 2HSLi3O4-1  gap=0.152 eV  best=1.298 eV  top50=4  top10%=11
Cycle  97: GP refit  (106 labelled)
  → 1SnS2-3  gap=-0.354 eV  best=1.298 eV  top50=4  top10%=11
Cycle  98: GP refit  (107 labelled)
  → 1InSb-1  gap=0.248 eV  best=1.298 eV  top50=4  top10%=11
Cycle  99: GP refit  (108 labelled)
  → 1TiBr2-1  gap=0.225 eV  best=1.298 eV  top50=4  top10%=11
Cycle 100: GP refit  (109 labelled)
  → 1ZrO2-3  gap=0.171 eV  best=1.298 eV  top50=4  top10%=11
  emass_max/seed1 → best=1.298 top50=4 top10%=11
BOLoop: 766 materials  |  direction=max  |  top-50 internal threshold=0.82  top-10% internal threshold=0.65
Init: 10 random labels  |  best (max) = 1.113
Cycle   1: full DKL retrain  (10 labelled)
GP warmup: 20 epochs on initial embeddings
/home/roy/Desktop/DKL-BO/venv/lib/python3.13/site-packages/torch/_compile.py:54: UserWarning: optimizer contains a parameter group with duplicate parameters; in future, this will cause an error; see github.com/pytorch/pytorch/issues/40967 for more information
  return disable_fn(*args, **kwargs)
Joint DKL training: 50 epochs
  Epoch 20/50  loss=0.8486
  Epoch 40/50  loss=0.7801
DKL training done in 0.3s
  → 2KTaF6-1  gap=0.476 eV  best=1.113 eV  top50=0  top10%=0
Cycle   2: GP refit  (11 labelled)
  → 2KNOOsF5-1  gap=0.995 eV  best=1.113 eV  top50=1  top10%=1
Cycle   3: GP refit  (12 labelled)
  → 1SrCl2-2  gap=-0.271 eV  best=1.113 eV  top50=1  top10%=1
Cycle   4: GP refit  (13 labelled)
  → 2NRbRuSF5-1  gap=1.029 eV  best=1.113 eV  top50=2  top10%=2
Cycle   5: GP refit  (14 labelled)
  → 1HfNiF6-1  gap=1.156 eV  best=1.156 eV  top50=3  top10%=3
Cycle   6: full DKL retrain  (15 labelled)
GP warmup: 20 epochs on initial embeddings
Joint DKL training: 50 epochs
  Epoch 20/50  loss=-0.2403
  Epoch 40/50  loss=-0.4936
DKL training done in 0.3s
  → 1SeTa3F7-1  gap=1.324 eV  best=1.324 eV  top50=4  top10%=4
Cycle   7: GP refit  (16 labelled)
  → 1SNb3F7-1  gap=0.709 eV  best=1.324 eV  top50=4  top10%=5
Cycle   8: GP refit  (17 labelled)
  → 2CsNOOsF5-1  gap=1.217 eV  best=1.324 eV  top50=5  top10%=6
Cycle   9: GP refit  (18 labelled)
  → 1TeTa3F7-1  gap=-0.580 eV  best=1.324 eV  top50=5  top10%=6
Cycle  10: GP refit  (19 labelled)
  → 1InN-1  gap=-0.996 eV  best=1.324 eV  top50=5  top10%=6
Cycle  11: full DKL retrain  (20 labelled)
GP warmup: 20 epochs on initial embeddings
Joint DKL training: 50 epochs
  Epoch 20/50  loss=1.5260
  Epoch 40/50  loss=0.0865
DKL training done in 0.3s
  → 1TeNb3F7-1  gap=0.673 eV  best=1.324 eV  top50=5  top10%=7
Cycle  12: GP refit  (21 labelled)
  → 1HfPdF6-1  gap=1.154 eV  best=1.324 eV  top50=6  top10%=8
Cycle  13: GP refit  (22 labelled)
  → 1NiZrF6-1  gap=1.198 eV  best=1.324 eV  top50=7  top10%=9
Cycle  14: GP refit  (23 labelled)
  → 2FRb-1  gap=-0.087 eV  best=1.324 eV  top50=7  top10%=9
Cycle  15: GP refit  (24 labelled)
  → 1C2F2S2Zr3-1  gap=-0.181 eV  best=1.324 eV  top50=7  top10%=9
Cycle  16: full DKL retrain  (25 labelled)
GP warmup: 20 epochs on initial embeddings
Joint DKL training: 50 epochs
  Epoch 20/50  loss=3.1051
  Epoch 40/50  loss=0.0720
DKL training done in 0.3s
  → 2FISr-1  gap=-0.477 eV  best=1.324 eV  top50=7  top10%=9
Cycle  17: GP refit  (26 labelled)
  → 2NORbRuF5-1  gap=0.996 eV  best=1.324 eV  top50=8  top10%=10
Cycle  18: GP refit  (27 labelled)
  → 4BrCd-1  gap=-0.503 eV  best=1.324 eV  top50=8  top10%=10
Cycle  19: GP refit  (28 labelled)
  → 1TiF2-1  gap=0.463 eV  best=1.324 eV  top50=8  top10%=10
Cycle  20: GP refit  (29 labelled)
  → 1OTeW-1  gap=0.353 eV  best=1.324 eV  top50=8  top10%=10
Cycle  21: full DKL retrain  (30 labelled)
GP warmup: 20 epochs on initial embeddings
Joint DKL training: 50 epochs
  Epoch 20/50  loss=2.8241
  Epoch 40/50  loss=0.3342
DKL training done in 0.3s
  → 1AlN-1  gap=-0.293 eV  best=1.324 eV  top50=8  top10%=10
Cycle  22: GP refit  (31 labelled)
  → 1CaBr2-2  gap=0.140 eV  best=1.324 eV  top50=8  top10%=10
Cycle  23: GP refit  (32 labelled)
  → 2HInTeS4-1  gap=0.346 eV  best=1.324 eV  top50=8  top10%=10
Cycle  24: GP refit  (33 labelled)
  → 1TeNb3I7-1  gap=1.162 eV  best=1.324 eV  top50=9  top10%=11
Cycle  25: GP refit  (34 labelled)
  → 1SNb3I7-1  gap=1.215 eV  best=1.324 eV  top50=10  top10%=12
Cycle  26: full DKL retrain  (35 labelled)
GP warmup: 20 epochs on initial embeddings
Joint DKL training: 50 epochs
  Epoch 20/50  loss=0.8722
  Epoch 40/50  loss=0.0046
DKL training done in 0.3s
  → 1AsIS-1  gap=0.246 eV  best=1.324 eV  top50=10  top10%=12
Cycle  27: GP refit  (36 labelled)
  → 1Nb3I8-1  gap=0.201 eV  best=1.324 eV  top50=10  top10%=12
Cycle  28: GP refit  (37 labelled)
  → 2BaClI-1  gap=-0.313 eV  best=1.324 eV  top50=10  top10%=12
Cycle  29: GP refit  (38 labelled)
  → 2AsTlO3-1  gap=0.034 eV  best=1.324 eV  top50=10  top10%=12
Cycle  30: GP refit  (39 labelled)
  → 2GaTe-1  gap=-1.988 eV  best=1.324 eV  top50=10  top10%=12
Cycle  31: full DKL retrain  (40 labelled)
GP warmup: 20 epochs on initial embeddings
Joint DKL training: 50 epochs
  Epoch 20/50  loss=0.3768
  Epoch 40/50  loss=0.1671
DKL training done in 0.3s
  → 1STa3I7-1  gap=0.884 eV  best=1.324 eV  top50=11  top10%=13
Cycle  32: GP refit  (41 labelled)
  → 1TeTa3Cl7-1  gap=0.420 eV  best=1.324 eV  top50=11  top10%=13
Cycle  33: GP refit  (42 labelled)
  → 1MoSTe-2  gap=-0.414 eV  best=1.324 eV  top50=11  top10%=13
Cycle  34: GP refit  (43 labelled)
  → 2IrNbTe4-1  gap=-0.684 eV  best=1.324 eV  top50=11  top10%=13
Cycle  35: GP refit  (44 labelled)
  → 2IrNbS4-1  gap=0.119 eV  best=1.324 eV  top50=11  top10%=13
Cycle  36: full DKL retrain  (45 labelled)
GP warmup: 20 epochs on initial embeddings
Joint DKL training: 50 epochs
  Epoch 20/50  loss=1.0841
  Epoch 40/50  loss=-0.0359
DKL training done in 0.3s
  → 1ISY-1  gap=0.192 eV  best=1.324 eV  top50=11  top10%=13
Cycle  37: GP refit  (46 labelled)
  → 1STa3Br7-1  gap=0.260 eV  best=1.324 eV  top50=11  top10%=13
Cycle  38: GP refit  (47 labelled)
  → 4HgSe-1  gap=-0.862 eV  best=1.324 eV  top50=11  top10%=13
Cycle  39: GP refit  (48 labelled)
  → 1GaN-1  gap=-0.641 eV  best=1.324 eV  top50=11  top10%=13
Cycle  40: GP refit  (49 labelled)
  → 1TeTa3I7-1  gap=0.238 eV  best=1.324 eV  top50=11  top10%=13
Cycle  41: full DKL retrain  (50 labelled)
GP warmup: 20 epochs on initial embeddings
Joint DKL training: 50 epochs
  Epoch 20/50  loss=0.4509
  Epoch 40/50  loss=0.0236
DKL training done in 0.3s
  → 2ITl-3  gap=-0.025 eV  best=1.324 eV  top50=11  top10%=13
Cycle  42: GP refit  (51 labelled)
  → 1HgS-1  gap=-1.412 eV  best=1.324 eV  top50=11  top10%=13
Cycle  43: GP refit  (52 labelled)
  → 2IIrS-2  gap=-0.256 eV  best=1.324 eV  top50=11  top10%=13
Cycle  44: GP refit  (53 labelled)
  → 2HKTe-1  gap=-0.310 eV  best=1.324 eV  top50=11  top10%=13
Cycle  45: GP refit  (54 labelled)
  → 1Ta3I8-1  gap=0.270 eV  best=1.324 eV  top50=11  top10%=13
Cycle  46: full DKL retrain  (55 labelled)
GP warmup: 20 epochs on initial embeddings
Joint DKL training: 50 epochs
  Epoch 20/50  loss=0.2988
  Epoch 40/50  loss=-0.1173
DKL training done in 0.3s
  → 1SrI2-2  gap=0.061 eV  best=1.324 eV  top50=11  top10%=13
Cycle  47: GP refit  (56 labelled)
  → 1BiIS-1  gap=0.540 eV  best=1.324 eV  top50=11  top10%=13
Cycle  48: GP refit  (57 labelled)
  → 2CsF-1  gap=-0.074 eV  best=1.324 eV  top50=11  top10%=13
Cycle  49: GP refit  (58 labelled)
  → 1YI2-1  gap=0.143 eV  best=1.324 eV  top50=11  top10%=13
Cycle  50: GP refit  (59 labelled)
  → 1PbI2-2  gap=-0.398 eV  best=1.324 eV  top50=11  top10%=13
Cycle  51: full DKL retrain  (60 labelled)
GP warmup: 20 epochs on initial embeddings
Joint DKL training: 50 epochs
  Epoch 20/50  loss=-0.2302
  Epoch 40/50  loss=-0.5826
DKL training done in 0.3s
  → 1FeHfF6-1  gap=1.579 eV  best=1.579 eV  top50=12  top10%=14
Cycle  52: GP refit  (61 labelled)
  → 2ClCs-1  gap=-0.154 eV  best=1.579 eV  top50=12  top10%=14
Cycle  53: GP refit  (62 labelled)
  → 1CaI2-2  gap=-0.010 eV  best=1.579 eV  top50=12  top10%=14
Cycle  54: GP refit  (63 labelled)
  → 1AsIn-1  gap=0.064 eV  best=1.579 eV  top50=12  top10%=14
Cycle  55: GP refit  (64 labelled)
  → 1CoITe-1  gap=-0.056 eV  best=1.579 eV  top50=12  top10%=14
Cycle  56: full DKL retrain  (65 labelled)
GP warmup: 20 epochs on initial embeddings
Joint DKL training: 50 epochs
  Epoch 20/50  loss=0.2869
  Epoch 40/50  loss=0.0321
DKL training done in 0.3s
  → 4TiSe2-1  gap=-0.385 eV  best=1.579 eV  top50=12  top10%=14
Cycle  57: GP refit  (66 labelled)
  → 2CKOOsF5-1  gap=0.977 eV  best=1.579 eV  top50=13  top10%=15
Cycle  58: GP refit  (67 labelled)
  → 1PbSe2-1  gap=-0.543 eV  best=1.579 eV  top50=13  top10%=15
Cycle  59: GP refit  (68 labelled)
  → 1MoAu2O4-2  gap=0.415 eV  best=1.579 eV  top50=13  top10%=15
Cycle  60: GP refit  (69 labelled)
  → 1PbTe-1  gap=-0.622 eV  best=1.579 eV  top50=13  top10%=15
Cycle  61: full DKL retrain  (70 labelled)
GP warmup: 20 epochs on initial embeddings
Joint DKL training: 50 epochs
  Epoch 20/50  loss=-0.4614
  Epoch 40/50  loss=-0.9248
DKL training done in 0.3s
  → 1ONb3I7-1  gap=1.035 eV  best=1.579 eV  top50=14  top10%=16
Cycle  62: GP refit  (71 labelled)
  → 2PbTe-3  gap=-0.241 eV  best=1.579 eV  top50=14  top10%=16
Cycle  63: GP refit  (72 labelled)
  → 1AgScP2S6-1  gap=0.826 eV  best=1.579 eV  top50=15  top10%=17
Cycle  64: GP refit  (73 labelled)
  → 2RhTaS4-1  gap=0.388 eV  best=1.579 eV  top50=15  top10%=17
Cycle  65: GP refit  (74 labelled)
  → 1SSeZr-1  gap=-0.235 eV  best=1.579 eV  top50=15  top10%=17
Cycle  66: full DKL retrain  (75 labelled)
GP warmup: 20 epochs on initial embeddings
Joint DKL training: 50 epochs
  Epoch 20/50  loss=-0.1064
  Epoch 40/50  loss=-0.3516
DKL training done in 0.3s
  → 2SSc-4  gap=-0.408 eV  best=1.579 eV  top50=15  top10%=17
Cycle  67: GP refit  (76 labelled)
  → 1AlISe-1  gap=-0.391 eV  best=1.579 eV  top50=15  top10%=17
Cycle  68: GP refit  (77 labelled)
  → 2CoFO2-1  gap=0.772 eV  best=1.579 eV  top50=15  top10%=18
Cycle  69: GP refit  (78 labelled)
  → 1HSbSe2O6-1  gap=0.236 eV  best=1.579 eV  top50=15  top10%=18
Cycle  70: GP refit  (79 labelled)
  → 1SeNb3Cl7-1  gap=0.378 eV  best=1.579 eV  top50=15  top10%=18
Cycle  71: full DKL retrain  (80 labelled)
GP warmup: 20 epochs on initial embeddings
Joint DKL training: 50 epochs
  Epoch 20/50  loss=0.3733
  Epoch 40/50  loss=-0.0742
DKL training done in 0.3s
  → 4IOSc-1  gap=0.131 eV  best=1.579 eV  top50=15  top10%=18
Cycle  72: GP refit  (81 labelled)
  → 2OPb-3  gap=-0.244 eV  best=1.579 eV  top50=15  top10%=18
Cycle  73: GP refit  (82 labelled)
  → 2BiHgIO2-1  gap=0.115 eV  best=1.579 eV  top50=15  top10%=18
Cycle  74: GP refit  (83 labelled)
  → 1HgTe-1  gap=-1.220 eV  best=1.579 eV  top50=15  top10%=18
Cycle  75: GP refit  (84 labelled)
  → 2BrRb-2  gap=-0.247 eV  best=1.579 eV  top50=15  top10%=18
Cycle  76: full DKL retrain  (85 labelled)
GP warmup: 20 epochs on initial embeddings
Joint DKL training: 50 epochs
  Epoch 20/50  loss=-0.2076
  Epoch 40/50  loss=-0.5429
DKL training done in 0.3s
  → 1InSb-1  gap=0.248 eV  best=1.579 eV  top50=15  top10%=18
Cycle  77: GP refit  (86 labelled)
  → 2Sb2O3-5  gap=0.501 eV  best=1.579 eV  top50=15  top10%=18
Cycle  78: GP refit  (87 labelled)
  → 4PPdS-1  gap=-0.181 eV  best=1.579 eV  top50=15  top10%=18
Cycle  79: GP refit  (88 labelled)
  → 1HgSe-1  gap=-1.498 eV  best=1.579 eV  top50=15  top10%=18
Cycle  80: GP refit  (89 labelled)
  → 2P2S3-1  gap=0.221 eV  best=1.579 eV  top50=15  top10%=18
Cycle  81: full DKL retrain  (90 labelled)
GP warmup: 20 epochs on initial embeddings
Joint DKL training: 50 epochs
  Epoch 20/50  loss=-0.3015
  Epoch 40/50  loss=-0.7185
DKL training done in 0.3s
  → 1MnNbSe4-1  gap=0.395 eV  best=1.579 eV  top50=15  top10%=18
Cycle  82: GP refit  (91 labelled)
  → 1InP-1  gap=-1.028 eV  best=1.579 eV  top50=15  top10%=18
Cycle  83: GP refit  (92 labelled)
  → 4PPdSe-1  gap=0.285 eV  best=1.579 eV  top50=15  top10%=18
Cycle  84: GP refit  (93 labelled)
  → 1BN-1  gap=-0.030 eV  best=1.579 eV  top50=15  top10%=18
Cycle  85: GP refit  (94 labelled)
  → 4NiPS-1  gap=0.141 eV  best=1.579 eV  top50=15  top10%=18
Cycle  86: full DKL retrain  (95 labelled)
GP warmup: 20 epochs on initial embeddings
Joint DKL training: 50 epochs
  Epoch 20/50  loss=-0.3269
  Epoch 40/50  loss=-0.6554
DKL training done in 0.4s
  → 1NiPdS4-1  gap=-0.147 eV  best=1.579 eV  top50=15  top10%=18
Cycle  87: GP refit  (96 labelled)
  → 1MoAu2Se4-1  gap=0.613 eV  best=1.579 eV  top50=15  top10%=18
Cycle  88: GP refit  (97 labelled)
  → 2HInSeO4-1  gap=0.250 eV  best=1.579 eV  top50=15  top10%=18
Cycle  89: GP refit  (98 labelled)
  → 1SeSn-1  gap=-0.280 eV  best=1.579 eV  top50=15  top10%=18
Cycle  90: GP refit  (99 labelled)
  → 2InPS3-1  gap=0.138 eV  best=1.579 eV  top50=15  top10%=18
Cycle  91: full DKL retrain  (100 labelled)
GP warmup: 20 epochs on initial embeddings
Joint DKL training: 50 epochs
  Epoch 20/50  loss=-0.5928
  Epoch 40/50  loss=-0.9418
DKL training done in 0.3s
  → 1FeCl2-3  gap=-0.077 eV  best=1.579 eV  top50=15  top10%=18
Cycle  92: GP refit  (101 labelled)
  → 1TiI2-2  gap=0.092 eV  best=1.579 eV  top50=15  top10%=18
Cycle  93: GP refit  (102 labelled)
  → 1ScSe2-2  gap=0.579 eV  best=1.579 eV  top50=15  top10%=18
Cycle  94: GP refit  (103 labelled)
  → 1MoSe2-1  gap=-0.308 eV  best=1.579 eV  top50=15  top10%=18
Cycle  95: GP refit  (104 labelled)
  → 1PdZnP2Se6-1  gap=-0.020 eV  best=1.579 eV  top50=15  top10%=18
Cycle  96: full DKL retrain  (105 labelled)
GP warmup: 20 epochs on initial embeddings
Joint DKL training: 50 epochs
  Epoch 20/50  loss=-0.3475
  Epoch 40/50  loss=-0.7248
DKL training done in 0.3s
  → 1WCu2Se4-1  gap=0.861 eV  best=1.579 eV  top50=16  top10%=19
Cycle  97: GP refit  (106 labelled)
  → 1NiPd3Se8-1  gap=-0.506 eV  best=1.579 eV  top50=16  top10%=19
Cycle  98: GP refit  (107 labelled)
  → 2AlSe-1  gap=-0.138 eV  best=1.579 eV  top50=16  top10%=19
Cycle  99: GP refit  (108 labelled)
  → 2TiO2-1  gap=0.453 eV  best=1.579 eV  top50=16  top10%=19
Cycle 100: GP refit  (109 labelled)
  → 2FeSe2-1  gap=0.262 eV  best=1.579 eV  top50=16  top10%=19
  emass_max/seed2 → best=1.579 top50=16 top10%=19
BOLoop: 766 materials  |  direction=max  |  top-50 internal threshold=0.82  top-10% internal threshold=0.65
Init: 10 random labels  |  best (max) = 1.036
Cycle   1: full DKL retrain  (10 labelled)
GP warmup: 20 epochs on initial embeddings
/home/roy/Desktop/DKL-BO/venv/lib/python3.13/site-packages/torch/_compile.py:54: UserWarning: optimizer contains a parameter group with duplicate parameters; in future, this will cause an error; see github.com/pytorch/pytorch/issues/40967 for more information
  return disable_fn(*args, **kwargs)
Joint DKL training: 50 epochs
  Epoch 20/50  loss=0.9690
  Epoch 40/50  loss=0.9060
DKL training done in 0.3s
  → 1CdBr2-3  gap=-0.448 eV  best=1.036 eV  top50=0  top10%=0
Cycle   2: GP refit  (11 labelled)
  → 1BrCdI-1  gap=0.277 eV  best=1.036 eV  top50=0  top10%=0
Cycle   3: GP refit  (12 labelled)
  → 1BrClV-1  gap=0.088 eV  best=1.036 eV  top50=0  top10%=0
Cycle   4: GP refit  (13 labelled)
  → 1SnBr2-2  gap=0.137 eV  best=1.036 eV  top50=0  top10%=0
Cycle   5: GP refit  (14 labelled)
  → 1AsClTe-1  gap=-0.756 eV  best=1.036 eV  top50=0  top10%=0
Cycle   6: full DKL retrain  (15 labelled)
GP warmup: 20 epochs on initial embeddings
Joint DKL training: 50 epochs
  Epoch 20/50  loss=0.6053
  Epoch 40/50  loss=0.4284
DKL training done in 0.4s
  → 1HgCl2-3  gap=-0.313 eV  best=1.036 eV  top50=0  top10%=0
Cycle   7: GP refit  (16 labelled)
  → 1BrGa2Cl5-1  gap=0.704 eV  best=1.036 eV  top50=0  top10%=1
Cycle   8: GP refit  (17 labelled)
  → 2SNi2Se3-1  gap=-0.500 eV  best=1.036 eV  top50=0  top10%=1
Cycle   9: GP refit  (18 labelled)
  → 1FeHfCl6-1  gap=1.274 eV  best=1.274 eV  top50=1  top10%=2
Cycle  10: GP refit  (19 labelled)
  → 1FeCl2-3  gap=-0.077 eV  best=1.274 eV  top50=1  top10%=2
Cycle  11: full DKL retrain  (20 labelled)
GP warmup: 20 epochs on initial embeddings
Joint DKL training: 50 epochs
  Epoch 20/50  loss=0.2120
  Epoch 40/50  loss=-0.1556
DKL training done in 0.3s
  → 1SeTa3Cl7-1  gap=0.388 eV  best=1.274 eV  top50=1  top10%=2
Cycle  12: GP refit  (21 labelled)
  → 1HfNiF6-1  gap=1.156 eV  best=1.274 eV  top50=2  top10%=3
Cycle  13: GP refit  (22 labelled)
  → 2KNbF6-1  gap=0.818 eV  best=1.274 eV  top50=3  top10%=4
Cycle  14: GP refit  (23 labelled)
  → 2KNOOsF5-1  gap=0.995 eV  best=1.274 eV  top50=4  top10%=5
Cycle  15: GP refit  (24 labelled)
  → 4IOSc-1  gap=0.131 eV  best=1.274 eV  top50=4  top10%=5
Cycle  16: full DKL retrain  (25 labelled)
GP warmup: 20 epochs on initial embeddings
Joint DKL training: 50 epochs
  Epoch 20/50  loss=0.3297
  Epoch 40/50  loss=-0.3842
DKL training done in 0.3s
  → 1FeHfF6-1  gap=1.579 eV  best=1.579 eV  top50=5  top10%=6
Cycle  17: GP refit  (26 labelled)
  → 2HSLi3O4-1  gap=0.152 eV  best=1.579 eV  top50=5  top10%=6
Cycle  18: GP refit  (27 labelled)
  → 2NORbRuCl5-1  gap=0.533 eV  best=1.579 eV  top50=5  top10%=6
Cycle  19: GP refit  (28 labelled)
  → 2HSeLi3S4-1  gap=0.103 eV  best=1.579 eV  top50=5  top10%=6
Cycle  20: GP refit  (29 labelled)
  → 1HfPdCl6-1  gap=0.981 eV  best=1.579 eV  top50=6  top10%=7
Cycle  21: full DKL retrain  (30 labelled)
GP warmup: 20 epochs on initial embeddings
Joint DKL training: 50 epochs
  Epoch 20/50  loss=-0.0616
  Epoch 40/50  loss=-0.8559
DKL training done in 0.3s
  → 1N2O2Hf3-1  gap=-0.164 eV  best=1.579 eV  top50=6  top10%=7
Cycle  22: GP refit  (31 labelled)
  → 1HfZnF6-1  gap=0.762 eV  best=1.579 eV  top50=6  top10%=8
Cycle  23: GP refit  (32 labelled)
  → 1BN-1  gap=-0.030 eV  best=1.579 eV  top50=6  top10%=8
Cycle  24: GP refit  (33 labelled)
  → 2HSeNa3O4-1  gap=0.260 eV  best=1.579 eV  top50=6  top10%=8
Cycle  25: GP refit  (34 labelled)
  → 2AsTlO3-1  gap=0.034 eV  best=1.579 eV  top50=6  top10%=8
Cycle  26: full DKL retrain  (35 labelled)
GP warmup: 20 epochs on initial embeddings
Joint DKL training: 50 epochs
  Epoch 20/50  loss=-0.1819
  Epoch 40/50  loss=-1.0014
DKL training done in 0.3s
  → 1BP-1  gap=-0.723 eV  best=1.579 eV  top50=6  top10%=8
Cycle  27: GP refit  (36 labelled)
  → 1MoSe2-1  gap=-0.308 eV  best=1.579 eV  top50=6  top10%=8
Cycle  28: GP refit  (37 labelled)
  → 1TiF2-1  gap=0.463 eV  best=1.579 eV  top50=6  top10%=8
Cycle  29: GP refit  (38 labelled)
  → 1C2F2S2Zr3-1  gap=-0.181 eV  best=1.579 eV  top50=6  top10%=8
Cycle  30: GP refit  (39 labelled)
  → 1CrSSe-1  gap=-0.028 eV  best=1.579 eV  top50=6  top10%=8
Cycle  31: full DKL retrain  (40 labelled)
GP warmup: 20 epochs on initial embeddings
Joint DKL training: 50 epochs
  Epoch 20/50  loss=1.1047
  Epoch 40/50  loss=-0.6510
DKL training done in 0.3s
  → 4HgSe-1  gap=-0.862 eV  best=1.579 eV  top50=6  top10%=8
Cycle  32: GP refit  (41 labelled)
  → 1OVF2-1  gap=0.534 eV  best=1.579 eV  top50=6  top10%=8
Cycle  33: GP refit  (42 labelled)
  → 1FeZrCl6-1  gap=0.907 eV  best=1.579 eV  top50=7  top10%=9
Cycle  34: GP refit  (43 labelled)
  → 2AlHTeO4-1  gap=0.347 eV  best=1.579 eV  top50=7  top10%=9
Cycle  35: GP refit  (44 labelled)
  → 2KTaF6-1  gap=0.476 eV  best=1.579 eV  top50=7  top10%=9
Cycle  36: full DKL retrain  (45 labelled)
GP warmup: 20 epochs on initial embeddings
Joint DKL training: 50 epochs
  Epoch 20/50  loss=-0.2001
  Epoch 40/50  loss=-0.6183
DKL training done in 0.3s
  → 2HKTe-1  gap=-0.310 eV  best=1.579 eV  top50=7  top10%=9
Cycle  37: GP refit  (46 labelled)
  → 2ClK-2  gap=-0.167 eV  best=1.579 eV  top50=7  top10%=9
Cycle  38: GP refit  (47 labelled)
  → 2V2O5-3  gap=-0.084 eV  best=1.579 eV  top50=7  top10%=9
Cycle  39: GP refit  (48 labelled)
  → 1AsIn-1  gap=0.064 eV  best=1.579 eV  top50=7  top10%=9
Cycle  40: GP refit  (49 labelled)
  → 2FeSe2-1  gap=0.262 eV  best=1.579 eV  top50=7  top10%=9
Cycle  41: full DKL retrain  (50 labelled)
GP warmup: 20 epochs on initial embeddings
Joint DKL training: 50 epochs
  Epoch 20/50  loss=-0.0370
  Epoch 40/50  loss=-0.5556
DKL training done in 0.3s
  → 1CrO2-2  gap=-0.060 eV  best=1.579 eV  top50=7  top10%=9
Cycle  42: GP refit  (51 labelled)
  → 1WAu2O4-2  gap=0.492 eV  best=1.579 eV  top50=7  top10%=9
Cycle  43: GP refit  (52 labelled)
  → 2NRbO3-1  gap=0.400 eV  best=1.579 eV  top50=7  top10%=9
Cycle  44: GP refit  (53 labelled)
  → 1BaI2-2  gap=0.597 eV  best=1.579 eV  top50=7  top10%=9
Cycle  45: GP refit  (54 labelled)
  → 2BiHgIO2-1  gap=0.115 eV  best=1.579 eV  top50=7  top10%=9
Cycle  46: full DKL retrain  (55 labelled)
GP warmup: 20 epochs on initial embeddings
Joint DKL training: 50 epochs
  Epoch 20/50  loss=-0.0460
  Epoch 40/50  loss=-0.6244
DKL training done in 0.3s
  → 1InSb-1  gap=0.248 eV  best=1.579 eV  top50=7  top10%=9
Cycle  47: GP refit  (56 labelled)
  → 2HInTeS4-1  gap=0.346 eV  best=1.579 eV  top50=7  top10%=9
Cycle  48: GP refit  (57 labelled)
  → 2FK-1  gap=-0.065 eV  best=1.579 eV  top50=7  top10%=9
Cycle  49: GP refit  (58 labelled)
  → 1MoAu2Se4-1  gap=0.613 eV  best=1.579 eV  top50=7  top10%=9
Cycle  50: GP refit  (59 labelled)
  → 3RuSCl2-1  gap=0.467 eV  best=1.579 eV  top50=7  top10%=9
Cycle  51: full DKL retrain  (60 labelled)
GP warmup: 20 epochs on initial embeddings
Joint DKL training: 50 epochs
  Epoch 20/50  loss=-0.8366
  Epoch 40/50  loss=-1.1415
DKL training done in 0.3s
  → 1AgScP2S6-1  gap=0.826 eV  best=1.579 eV  top50=8  top10%=10
Cycle  52: GP refit  (61 labelled)
  → 1AgCrP2Se6-1  gap=-0.278 eV  best=1.579 eV  top50=8  top10%=10
Cycle  53: GP refit  (62 labelled)
  → 4AsLiS2-2  gap=-0.393 eV  best=1.579 eV  top50=8  top10%=10
Cycle  54: GP refit  (63 labelled)
  → 1OScHf3N3Br4-1  gap=-0.277 eV  best=1.579 eV  top50=8  top10%=10
Cycle  55: GP refit  (64 labelled)
  → 4LiSbO2-1  gap=-0.171 eV  best=1.579 eV  top50=8  top10%=10
Cycle  56: full DKL retrain  (65 labelled)
GP warmup: 20 epochs on initial embeddings
Joint DKL training: 50 epochs
  Epoch 20/50  loss=0.1100
  Epoch 40/50  loss=-0.2754
DKL training done in 0.3s
  → 2HfI2-1  gap=0.054 eV  best=1.579 eV  top50=8  top10%=10
Cycle  57: GP refit  (66 labelled)
  → 4LiPS2-1  gap=-0.384 eV  best=1.579 eV  top50=8  top10%=10
Cycle  58: GP refit  (67 labelled)
  → 1SeNb3F7-1  gap=0.681 eV  best=1.579 eV  top50=8  top10%=11
Cycle  59: GP refit  (68 labelled)
  → 1InNbBr6-1  gap=0.230 eV  best=1.579 eV  top50=8  top10%=11
Cycle  60: GP refit  (69 labelled)
  → 2TlCl2-1  gap=1.260 eV  best=1.579 eV  top50=9  top10%=12
Cycle  61: full DKL retrain  (70 labelled)
GP warmup: 20 epochs on initial embeddings
Joint DKL training: 50 epochs
  Epoch 20/50  loss=0.0696
  Epoch 40/50  loss=-0.1806
DKL training done in 0.3s
  → 4BrCd-1  gap=-0.503 eV  best=1.579 eV  top50=9  top10%=12
Cycle  62: GP refit  (71 labelled)
  → 4TaS3-1  gap=-0.281 eV  best=1.579 eV  top50=9  top10%=12
Cycle  63: GP refit  (72 labelled)
  → 1SSeSn-1  gap=-0.312 eV  best=1.579 eV  top50=9  top10%=12
Cycle  64: GP refit  (73 labelled)
  → 1SnS2-3  gap=-0.354 eV  best=1.579 eV  top50=9  top10%=12
Cycle  65: GP refit  (74 labelled)
  → 1VSe2-1  gap=-0.065 eV  best=1.579 eV  top50=9  top10%=12
Cycle  66: full DKL retrain  (75 labelled)
GP warmup: 20 epochs on initial embeddings
Joint DKL training: 50 epochs
  Epoch 20/50  loss=-0.4947
  Epoch 40/50  loss=-1.0507
DKL training done in 0.3s
  → 1FeBr2-3  gap=-0.054 eV  best=1.579 eV  top50=9  top10%=12
Cycle  67: GP refit  (76 labelled)
  → 2InPS3-1  gap=0.138 eV  best=1.579 eV  top50=9  top10%=12
Cycle  68: GP refit  (77 labelled)
  → 1HgTe-1  gap=-1.220 eV  best=1.579 eV  top50=9  top10%=12
Cycle  69: GP refit  (78 labelled)
  → 2CCsO3-2  gap=0.885 eV  best=1.579 eV  top50=10  top10%=13
Cycle  70: GP refit  (79 labelled)
  → 2BrRhSe-1  gap=-0.290 eV  best=1.579 eV  top50=10  top10%=13
Cycle  71: full DKL retrain  (80 labelled)
GP warmup: 20 epochs on initial embeddings
Joint DKL training: 50 epochs
  Epoch 20/50  loss=-0.5993
  Epoch 40/50  loss=-0.9897
DKL training done in 0.4s
  → 1CdCl2-3  gap=-0.346 eV  best=1.579 eV  top50=10  top10%=13
Cycle  72: GP refit  (81 labelled)
  → 1HgBr2-4  gap=-0.419 eV  best=1.579 eV  top50=10  top10%=13
Cycle  73: GP refit  (82 labelled)
  → 1AgCrP2Te6-1  gap=-0.425 eV  best=1.579 eV  top50=10  top10%=13
Cycle  74: GP refit  (83 labelled)
  → 2CCsO3-1  gap=1.298 eV  best=1.579 eV  top50=11  top10%=14
Cycle  75: GP refit  (84 labelled)
  → 2CRbO3-1  gap=0.880 eV  best=1.579 eV  top50=12  top10%=15
Cycle  76: full DKL retrain  (85 labelled)
GP warmup: 20 epochs on initial embeddings
Joint DKL training: 50 epochs
  Epoch 20/50  loss=-0.6005
  Epoch 40/50  loss=-1.0641
DKL training done in 0.3s
  → 1PbS2-1  gap=-0.438 eV  best=1.579 eV  top50=12  top10%=15
Cycle  77: GP refit  (86 labelled)
  → 2HKS-2  gap=-0.206 eV  best=1.579 eV  top50=12  top10%=15
Cycle  78: GP refit  (87 labelled)
  → 1CoLiP2S6-1  gap=0.712 eV  best=1.579 eV  top50=12  top10%=16
Cycle  79: GP refit  (88 labelled)
  → 2RuO2-1  gap=-1.239 eV  best=1.579 eV  top50=12  top10%=16
Cycle  80: GP refit  (89 labelled)
  → 1SSn-1  gap=-0.120 eV  best=1.579 eV  top50=12  top10%=16
Cycle  81: full DKL retrain  (90 labelled)
GP warmup: 20 epochs on initial embeddings
Joint DKL training: 50 epochs
  Epoch 20/50  loss=-0.5077
  Epoch 40/50  loss=-0.9235
DKL training done in 0.3s
  → 1CdCl2N2C4H4-1  gap=0.792 eV  best=1.579 eV  top50=12  top10%=17
Cycle  82: GP refit  (91 labelled)
  → 2P2S3-1  gap=0.221 eV  best=1.579 eV  top50=12  top10%=17
Cycle  83: GP refit  (92 labelled)
  → 2ITl-3  gap=-0.025 eV  best=1.579 eV  top50=12  top10%=17
Cycle  84: GP refit  (93 labelled)
  → 1SnTe-1  gap=-0.411 eV  best=1.579 eV  top50=12  top10%=17
Cycle  85: GP refit  (94 labelled)
  → 1InP-1  gap=-1.028 eV  best=1.579 eV  top50=12  top10%=17
Cycle  86: full DKL retrain  (95 labelled)
GP warmup: 20 epochs on initial embeddings
Joint DKL training: 50 epochs
  Epoch 20/50  loss=-0.3411
  Epoch 40/50  loss=-0.7365
DKL training done in 0.3s
  → 1PbS-1  gap=0.295 eV  best=1.579 eV  top50=12  top10%=17
Cycle  87: GP refit  (96 labelled)
  → 2IIn-3  gap=0.071 eV  best=1.579 eV  top50=12  top10%=17
Cycle  88: GP refit  (97 labelled)
  → 2AgCrP2S6-1  gap=0.184 eV  best=1.579 eV  top50=12  top10%=17
Cycle  89: GP refit  (98 labelled)
  → 1ISbTe-1  gap=0.406 eV  best=1.579 eV  top50=12  top10%=17
Cycle  90: GP refit  (99 labelled)
  → 4SSn-1  gap=-0.694 eV  best=1.579 eV  top50=12  top10%=17
Cycle  91: full DKL retrain  (100 labelled)
GP warmup: 20 epochs on initial embeddings
Joint DKL training: 50 epochs
  Epoch 20/50  loss=-0.9938
  Epoch 40/50  loss=-1.3672
DKL training done in 0.3s
  → 2HNaTe-1  gap=-0.387 eV  best=1.579 eV  top50=12  top10%=17
Cycle  92: GP refit  (101 labelled)
  → 1AgAlP2S6-1  gap=-0.411 eV  best=1.579 eV  top50=12  top10%=17
Cycle  93: GP refit  (102 labelled)
  → 1AgInP2S6-1  gap=-0.334 eV  best=1.579 eV  top50=12  top10%=17
Cycle  94: GP refit  (103 labelled)
  → 1SrI2-2  gap=0.061 eV  best=1.579 eV  top50=12  top10%=17
Cycle  95: GP refit  (104 labelled)
  → 4HgTe-1  gap=-0.925 eV  best=1.579 eV  top50=12  top10%=17
Cycle  96: full DKL retrain  (105 labelled)
GP warmup: 20 epochs on initial embeddings
Joint DKL training: 50 epochs
  Epoch 20/50  loss=0.1604
  Epoch 40/50  loss=-0.3426
DKL training done in 0.3s
  → 2CsNOsSCl5-1  gap=0.326 eV  best=1.579 eV  top50=12  top10%=17
Cycle  97: GP refit  (106 labelled)
  → 2SSc-4  gap=-0.408 eV  best=1.579 eV  top50=12  top10%=17
Cycle  98: GP refit  (107 labelled)
  → 2NRbRuSCl5-1  gap=0.186 eV  best=1.579 eV  top50=12  top10%=17
Cycle  99: GP refit  (108 labelled)
  → 2P2S3-3  gap=0.122 eV  best=1.579 eV  top50=12  top10%=17
Cycle 100: GP refit  (109 labelled)
  → 2HNa3S5-1  gap=0.432 eV  best=1.579 eV  top50=12  top10%=17
  emass_max/seed3 → best=1.579 top50=12 top10%=17
BOLoop: 766 materials  |  direction=max  |  top-50 internal threshold=0.82  top-10% internal threshold=0.65
Init: 10 random labels  |  best (max) = 1.324
Cycle   1: full DKL retrain  (10 labelled)
GP warmup: 20 epochs on initial embeddings
/home/roy/Desktop/DKL-BO/venv/lib/python3.13/site-packages/torch/_compile.py:54: UserWarning: optimizer contains a parameter group with duplicate parameters; in future, this will cause an error; see github.com/pytorch/pytorch/issues/40967 for more information
  return disable_fn(*args, **kwargs)
Joint DKL training: 50 epochs
  Epoch 20/50  loss=0.8775
  Epoch 40/50  loss=0.8063
DKL training done in 0.3s
  → 2KTaF6-1  gap=0.476 eV  best=1.324 eV  top50=0  top10%=0
Cycle   2: GP refit  (11 labelled)
  → 2CsF-1  gap=-0.074 eV  best=1.324 eV  top50=0  top10%=0
Cycle   3: GP refit  (12 labelled)
  → 1PdPt3O8-1  gap=0.371 eV  best=1.324 eV  top50=0  top10%=0
Cycle   4: GP refit  (13 labelled)
  → 1ScO2-2  gap=0.484 eV  best=1.324 eV  top50=0  top10%=0
Cycle   5: GP refit  (14 labelled)
  → 1TeTa3F7-1  gap=-0.580 eV  best=1.324 eV  top50=0  top10%=0
Cycle   6: full DKL retrain  (15 labelled)
GP warmup: 20 epochs on initial embeddings
Joint DKL training: 50 epochs
  Epoch 20/50  loss=0.6501
  Epoch 40/50  loss=0.5816
DKL training done in 0.3s
  → 1FeHfF6-1  gap=1.579 eV  best=1.579 eV  top50=1  top10%=1
Cycle   7: GP refit  (16 labelled)
  → 1SNb3F7-1  gap=0.709 eV  best=1.579 eV  top50=1  top10%=2
Cycle   8: GP refit  (17 labelled)
  → 1STa3F7-1  gap=1.215 eV  best=1.579 eV  top50=2  top10%=3
Cycle   9: GP refit  (18 labelled)
  → 1HfO2-3  gap=0.188 eV  best=1.579 eV  top50=2  top10%=3
Cycle  10: GP refit  (19 labelled)
  → 1SeNb3F7-1  gap=0.681 eV  best=1.579 eV  top50=2  top10%=4
Cycle  11: full DKL retrain  (20 labelled)
GP warmup: 20 epochs on initial embeddings
Joint DKL training: 50 epochs
  Epoch 20/50  loss=0.4772
  Epoch 40/50  loss=0.2455
DKL training done in 0.3s
  → 2CoFO2-1  gap=0.772 eV  best=1.579 eV  top50=2  top10%=5
Cycle  12: GP refit  (21 labelled)
  → 1HfNiF6-1  gap=1.156 eV  best=1.579 eV  top50=3  top10%=6
Cycle  13: GP refit  (22 labelled)
  → 2FeSe2-1  gap=0.262 eV  best=1.579 eV  top50=3  top10%=6
Cycle  14: GP refit  (23 labelled)
  → 1NiZrF6-1  gap=1.198 eV  best=1.579 eV  top50=4  top10%=7
Cycle  15: GP refit  (24 labelled)
  → 2IRb-1  gap=-0.293 eV  best=1.579 eV  top50=4  top10%=7
Cycle  16: full DKL retrain  (25 labelled)
GP warmup: 20 epochs on initial embeddings
Joint DKL training: 50 epochs
  Epoch 20/50  loss=-0.0833
  Epoch 40/50  loss=-0.4376
DKL training done in 0.3s
  → 1TiF2-1  gap=0.463 eV  best=1.579 eV  top50=4  top10%=7
Cycle  17: GP refit  (26 labelled)
  → 1BN-1  gap=-0.030 eV  best=1.579 eV  top50=4  top10%=7
Cycle  18: GP refit  (27 labelled)
  → 1Se3Ni4S5-1  gap=-0.138 eV  best=1.579 eV  top50=4  top10%=7
Cycle  19: GP refit  (28 labelled)
  → 2IrNbTe4-1  gap=-0.684 eV  best=1.579 eV  top50=4  top10%=7
Cycle  20: GP refit  (29 labelled)
  → 1ScH2-1  gap=-0.199 eV  best=1.579 eV  top50=4  top10%=7
Cycle  21: full DKL retrain  (30 labelled)
GP warmup: 20 epochs on initial embeddings
Joint DKL training: 50 epochs
  Epoch 20/50  loss=-0.0263
  Epoch 40/50  loss=-0.1570
DKL training done in 0.3s
  → 2TiO2-1  gap=0.453 eV  best=1.579 eV  top50=4  top10%=7
Cycle  22: GP refit  (31 labelled)
  → 1HfPdF6-1  gap=1.154 eV  best=1.579 eV  top50=5  top10%=8
Cycle  23: GP refit  (32 labelled)
  → 2RuO2-1  gap=-1.239 eV  best=1.579 eV  top50=5  top10%=8
Cycle  24: GP refit  (33 labelled)
  → 1OVF2-1  gap=0.534 eV  best=1.579 eV  top50=5  top10%=8
Cycle  25: GP refit  (34 labelled)
  → 1TiO2-3  gap=0.164 eV  best=1.579 eV  top50=5  top10%=8
Cycle  26: full DKL retrain  (35 labelled)
GP warmup: 20 epochs on initial embeddings
Joint DKL training: 50 epochs
  Epoch 20/50  loss=0.4626
  Epoch 40/50  loss=0.1856
DKL training done in 0.3s
  → 2PtF3-1  gap=0.590 eV  best=1.579 eV  top50=5  top10%=8
Cycle  27: GP refit  (36 labelled)
  → 2SeZr-4  gap=-0.296 eV  best=1.579 eV  top50=5  top10%=8
Cycle  28: GP refit  (37 labelled)
  → 1HfZnF6-1  gap=0.762 eV  best=1.579 eV  top50=5  top10%=9
Cycle  29: GP refit  (38 labelled)
  → 1N2O2Zr3-1  gap=-0.033 eV  best=1.579 eV  top50=5  top10%=9
Cycle  30: GP refit  (39 labelled)
  → 2BaFI-1  gap=-0.359 eV  best=1.579 eV  top50=5  top10%=9
Cycle  31: full DKL retrain  (40 labelled)
GP warmup: 20 epochs on initial embeddings
Joint DKL training: 50 epochs
  Epoch 20/50  loss=0.0282
  Epoch 40/50  loss=-0.1401
DKL training done in 0.3s
  → 4AuF2-1  gap=0.636 eV  best=1.579 eV  top50=5  top10%=9
Cycle  32: GP refit  (41 labelled)
  → 2FLiO-1  gap=0.822 eV  best=1.579 eV  top50=6  top10%=10
Cycle  33: GP refit  (42 labelled)
  → 2KNbF6-1  gap=0.818 eV  best=1.579 eV  top50=7  top10%=11
Cycle  34: GP refit  (43 labelled)
  → 1SSeZr-1  gap=-0.235 eV  best=1.579 eV  top50=7  top10%=11
Cycle  35: GP refit  (44 labelled)
  → 2CsNORuF5-1  gap=1.469 eV  best=1.579 eV  top50=8  top10%=12
Cycle  36: full DKL retrain  (45 labelled)
GP warmup: 20 epochs on initial embeddings
Joint DKL training: 50 epochs
  Epoch 20/50  loss=-0.3153
  Epoch 40/50  loss=-0.5092
DKL training done in 0.3s
  → 2NORbRuF5-1  gap=0.996 eV  best=1.579 eV  top50=9  top10%=13
Cycle  37: GP refit  (46 labelled)
  → 2KNOsSF5-1  gap=1.050 eV  best=1.579 eV  top50=10  top10%=14
Cycle  38: GP refit  (47 labelled)
  → 2CsNRuSF5-1  gap=0.999 eV  best=1.579 eV  top50=11  top10%=15
Cycle  39: GP refit  (48 labelled)
  → 2FNaO-1  gap=0.512 eV  best=1.579 eV  top50=11  top10%=15
Cycle  40: GP refit  (49 labelled)
  → 2KNORuF5-1  gap=1.079 eV  best=1.579 eV  top50=12  top10%=16
Cycle  41: full DKL retrain  (50 labelled)
GP warmup: 20 epochs on initial embeddings
Joint DKL training: 50 epochs
  Epoch 20/50  loss=0.0808
  Epoch 40/50  loss=-0.3043
DKL training done in 0.3s
  → 2NRbRuSF5-1  gap=1.029 eV  best=1.579 eV  top50=13  top10%=17
Cycle  42: GP refit  (51 labelled)
  → 2KNRuSF5-1  gap=0.938 eV  best=1.579 eV  top50=14  top10%=18
Cycle  43: GP refit  (52 labelled)
  → 2CsNOsSF5-1  gap=1.236 eV  best=1.579 eV  top50=15  top10%=19
Cycle  44: GP refit  (53 labelled)
  → 2CsNOOsF5-1  gap=1.217 eV  best=1.579 eV  top50=16  top10%=20
Cycle  45: GP refit  (54 labelled)
  → 2KNOOsF5-1  gap=0.995 eV  best=1.579 eV  top50=17  top10%=21
Cycle  46: full DKL retrain  (55 labelled)
GP warmup: 20 epochs on initial embeddings
Joint DKL training: 50 epochs
  Epoch 20/50  loss=-0.4183
  Epoch 40/50  loss=-0.5825
DKL training done in 0.3s
  → 2NOOsRbF5-1  gap=1.113 eV  best=1.579 eV  top50=18  top10%=22
Cycle  47: GP refit  (56 labelled)
  → 2NOsRbSF5-1  gap=1.128 eV  best=1.579 eV  top50=19  top10%=23
Cycle  48: GP refit  (57 labelled)
  → 1AuInF4-1  gap=-0.061 eV  best=1.579 eV  top50=19  top10%=23
Cycle  49: GP refit  (58 labelled)
  → 2CKOOsF5-1  gap=0.977 eV  best=1.579 eV  top50=20  top10%=24
Cycle  50: GP refit  (59 labelled)
  → 2FIrSe-1  gap=-0.156 eV  best=1.579 eV  top50=20  top10%=24
Cycle  51: full DKL retrain  (60 labelled)
GP warmup: 20 epochs on initial embeddings
Joint DKL training: 50 epochs
  Epoch 20/50  loss=-0.3917
  Epoch 40/50  loss=-0.6238
DKL training done in 0.3s
  → 2ScSe-3  gap=-0.376 eV  best=1.579 eV  top50=20  top10%=24
Cycle  52: GP refit  (61 labelled)
  → 2CuF-2  gap=-0.491 eV  best=1.579 eV  top50=20  top10%=24
Cycle  53: GP refit  (62 labelled)
  → 1BaI2-2  gap=0.597 eV  best=1.579 eV  top50=20  top10%=24
Cycle  54: GP refit  (63 labelled)
  → 1BaBrI-1  gap=0.289 eV  best=1.579 eV  top50=20  top10%=24
Cycle  55: GP refit  (64 labelled)
  → 2OsSe2-1  gap=0.128 eV  best=1.579 eV  top50=20  top10%=24
Cycle  56: full DKL retrain  (65 labelled)
GP warmup: 20 epochs on initial embeddings
Joint DKL training: 50 epochs
  Epoch 20/50  loss=-0.2252
  Epoch 40/50  loss=-0.4137
DKL training done in 0.3s
  → 1InSb-1  gap=0.248 eV  best=1.579 eV  top50=20  top10%=24
Cycle  57: GP refit  (66 labelled)
  → 1FeI2-3  gap=-0.157 eV  best=1.579 eV  top50=20  top10%=24
Cycle  58: GP refit  (67 labelled)
  → 1SeNi2S3-1  gap=0.225 eV  best=1.579 eV  top50=20  top10%=24
Cycle  59: GP refit  (68 labelled)
  → 2BrCs-2  gap=-0.221 eV  best=1.579 eV  top50=20  top10%=24
Cycle  60: GP refit  (69 labelled)
  → 2HInTeS4-1  gap=0.346 eV  best=1.579 eV  top50=20  top10%=24
Cycle  61: full DKL retrain  (70 labelled)
GP warmup: 20 epochs on initial embeddings
Joint DKL training: 50 epochs
  Epoch 20/50  loss=-0.5517
  Epoch 40/50  loss=-0.7860
DKL training done in 0.3s
  → 2IIn-3  gap=0.071 eV  best=1.579 eV  top50=20  top10%=24
Cycle  62: GP refit  (71 labelled)
  → 1BrClS4I6In8-1  gap=-0.112 eV  best=1.579 eV  top50=20  top10%=24
Cycle  63: GP refit  (72 labelled)
  → 2HInTeO4-1  gap=0.671 eV  best=1.579 eV  top50=20  top10%=25
Cycle  64: GP refit  (73 labelled)
  → 2AlHTeO4-1  gap=0.347 eV  best=1.579 eV  top50=20  top10%=25
Cycle  65: GP refit  (74 labelled)
  → 1SnBr2S2-1  gap=0.081 eV  best=1.579 eV  top50=20  top10%=25
Cycle  66: full DKL retrain  (75 labelled)
GP warmup: 20 epochs on initial embeddings
Joint DKL training: 50 epochs
  Epoch 20/50  loss=-0.9492
  Epoch 40/50  loss=-1.1931
DKL training done in 0.3s
  → 2HKTe-1  gap=-0.310 eV  best=1.579 eV  top50=20  top10%=25
Cycle  67: GP refit  (76 labelled)
  → 1AgScP2S6-1  gap=0.826 eV  best=1.579 eV  top50=21  top10%=26
Cycle  68: GP refit  (77 labelled)
  → 1AgCrP2Se6-1  gap=-0.278 eV  best=1.579 eV  top50=21  top10%=26
Cycle  69: GP refit  (78 labelled)
  → 2P2S3-3  gap=0.122 eV  best=1.579 eV  top50=21  top10%=26
Cycle  70: GP refit  (79 labelled)
  → 2PtTeS3-1  gap=-0.167 eV  best=1.579 eV  top50=21  top10%=26
Cycle  71: full DKL retrain  (80 labelled)
GP warmup: 20 epochs on initial embeddings
Joint DKL training: 50 epochs
  Epoch 20/50  loss=-0.7990
  Epoch 40/50  loss=-1.0701
DKL training done in 0.3s
  → 1AgCrP2Te6-1  gap=-0.425 eV  best=1.579 eV  top50=21  top10%=26
Cycle  72: GP refit  (81 labelled)
  → 1CoLiP2S6-1  gap=0.712 eV  best=1.579 eV  top50=21  top10%=27
Cycle  73: GP refit  (82 labelled)
  → 1AgAlP2S6-1  gap=-0.411 eV  best=1.579 eV  top50=21  top10%=27
Cycle  74: GP refit  (83 labelled)
  → 1TeTa3I7-1  gap=0.238 eV  best=1.579 eV  top50=21  top10%=27
Cycle  75: GP refit  (84 labelled)
  → 1PbI2-2  gap=-0.398 eV  best=1.579 eV  top50=21  top10%=27
Cycle  76: full DKL retrain  (85 labelled)
GP warmup: 20 epochs on initial embeddings
Joint DKL training: 50 epochs
  Epoch 20/50  loss=-0.7771
  Epoch 40/50  loss=-1.1635
DKL training done in 0.3s
  → 1AgAlP2Se6-1  gap=-0.554 eV  best=1.579 eV  top50=21  top10%=27
Cycle  77: GP refit  (86 labelled)
  → 1AgCrP2S6-1  gap=-0.142 eV  best=1.579 eV  top50=21  top10%=27
Cycle  78: GP refit  (87 labelled)
  → 1NiPdS4-1  gap=-0.147 eV  best=1.579 eV  top50=21  top10%=27
Cycle  79: GP refit  (88 labelled)
  → 2NRbO3-1  gap=0.400 eV  best=1.579 eV  top50=21  top10%=27
Cycle  80: GP refit  (89 labelled)
  → 1BrITl2-1  gap=-0.521 eV  best=1.579 eV  top50=21  top10%=27
Cycle  81: full DKL retrain  (90 labelled)
GP warmup: 20 epochs on initial embeddings
Joint DKL training: 50 epochs
  Epoch 20/50  loss=-0.6902
  Epoch 40/50  loss=-0.9640
DKL training done in 0.3s
  → 2InTe-1  gap=-0.797 eV  best=1.579 eV  top50=21  top10%=27
Cycle  82: GP refit  (91 labelled)
  → 2CrWS4-1  gap=0.105 eV  best=1.579 eV  top50=21  top10%=27
Cycle  83: GP refit  (92 labelled)
  → 1CoLiP2Se6-1  gap=0.056 eV  best=1.579 eV  top50=21  top10%=27
Cycle  84: GP refit  (93 labelled)
  → 2HTeNa3S4-1  gap=0.023 eV  best=1.579 eV  top50=21  top10%=27
Cycle  85: GP refit  (94 labelled)
  → 2RuTe2-1  gap=0.012 eV  best=1.579 eV  top50=21  top10%=27
Cycle  86: full DKL retrain  (95 labelled)
GP warmup: 20 epochs on initial embeddings
Joint DKL training: 50 epochs
  Epoch 20/50  loss=-0.6984
  Epoch 40/50  loss=-0.9972
DKL training done in 0.3s
  → 2GaI-1  gap=0.332 eV  best=1.579 eV  top50=21  top10%=27
Cycle  87: GP refit  (96 labelled)
  → 2HNaTe-1  gap=-0.387 eV  best=1.579 eV  top50=21  top10%=27
Cycle  88: GP refit  (97 labelled)
  → 2AgTe-3  gap=-0.089 eV  best=1.579 eV  top50=21  top10%=27
Cycle  89: GP refit  (98 labelled)
  → 2BrK-1  gap=-0.238 eV  best=1.579 eV  top50=21  top10%=27
Cycle  90: GP refit  (99 labelled)
  → 2ClGa-1  gap=-0.075 eV  best=1.579 eV  top50=21  top10%=27
Cycle  91: full DKL retrain  (100 labelled)
GP warmup: 20 epochs on initial embeddings
Joint DKL training: 50 epochs
  Epoch 20/50  loss=-1.0915
  Epoch 40/50  loss=-1.4044
DKL training done in 0.3s
  → 2IK-2  gap=-0.288 eV  best=1.579 eV  top50=21  top10%=27
Cycle  92: GP refit  (101 labelled)
  → 2BrRb-2  gap=-0.247 eV  best=1.579 eV  top50=21  top10%=27
Cycle  93: GP refit  (102 labelled)
  → 2BrTl-3  gap=0.053 eV  best=1.579 eV  top50=21  top10%=27
Cycle  94: GP refit  (103 labelled)
  → 2ClK-2  gap=-0.167 eV  best=1.579 eV  top50=21  top10%=27
Cycle  95: GP refit  (104 labelled)
  → 1HgTe-1  gap=-1.220 eV  best=1.579 eV  top50=21  top10%=27
Cycle  96: full DKL retrain  (105 labelled)
GP warmup: 20 epochs on initial embeddings
Joint DKL training: 50 epochs
  Epoch 20/50  loss=-1.2874
  Epoch 40/50  loss=-1.6388
DKL training done in 0.3s
  → 2ITl-3  gap=-0.025 eV  best=1.579 eV  top50=21  top10%=27
Cycle  97: GP refit  (106 labelled)
  → 2ClRb-2  gap=-0.180 eV  best=1.579 eV  top50=21  top10%=27
Cycle  98: GP refit  (107 labelled)
  → 1Br2Se2Pb3-1  gap=-0.408 eV  best=1.579 eV  top50=21  top10%=27
Cycle  99: GP refit  (108 labelled)
  → 1SnTe-1  gap=-0.411 eV  best=1.579 eV  top50=21  top10%=27
Cycle 100: GP refit  (109 labelled)
  → 2AgTe-2  gap=-0.666 eV  best=1.579 eV  top50=21  top10%=27
  emass_max/seed4 → best=1.579 top50=21 top10%=27
BOLoop: 766 materials  |  direction=max  |  top-50 internal threshold=0.82  top-10% internal threshold=0.65
Init: 10 random labels  |  best (max) = 0.592
Cycle   1: full DKL retrain  (10 labelled)
GP warmup: 20 epochs on initial embeddings
/home/roy/Desktop/DKL-BO/venv/lib/python3.13/site-packages/torch/_compile.py:54: UserWarning: optimizer contains a parameter group with duplicate parameters; in future, this will cause an error; see github.com/pytorch/pytorch/issues/40967 for more information
  return disable_fn(*args, **kwargs)
Joint DKL training: 50 epochs
  Epoch 20/50  loss=0.8455
  Epoch 40/50  loss=0.7567
DKL training done in 0.3s
  → 2BaBrF-1  gap=-0.320 eV  best=0.592 eV  top50=0  top10%=0
Cycle   2: GP refit  (11 labelled)
  → 2TiBr2-1  gap=-0.010 eV  best=0.592 eV  top50=0  top10%=0
Cycle   3: GP refit  (12 labelled)
  → 1SrCl2-2  gap=-0.271 eV  best=0.592 eV  top50=0  top10%=0
Cycle   4: GP refit  (13 labelled)
  → 2InO-2  gap=-0.495 eV  best=0.592 eV  top50=0  top10%=0
Cycle   5: GP refit  (14 labelled)
  → 1SeTa3F7-1  gap=1.324 eV  best=1.324 eV  top50=1  top10%=1
Cycle   6: full DKL retrain  (15 labelled)
GP warmup: 20 epochs on initial embeddings
Joint DKL training: 50 epochs
  Epoch 20/50  loss=0.4998
  Epoch 40/50  loss=0.3232
DKL training done in 0.3s
  → 2TiO2-1  gap=0.453 eV  best=1.324 eV  top50=1  top10%=1
Cycle   7: GP refit  (16 labelled)
  → 2KNbF6-1  gap=0.818 eV  best=1.324 eV  top50=2  top10%=2
Cycle   8: GP refit  (17 labelled)
  → 4BiLiO2-1  gap=-0.349 eV  best=1.324 eV  top50=2  top10%=2
Cycle   9: GP refit  (18 labelled)
  → 2BrRb-2  gap=-0.247 eV  best=1.324 eV  top50=2  top10%=2
Cycle  10: GP refit  (19 labelled)
  → 1TiF2-1  gap=0.463 eV  best=1.324 eV  top50=2  top10%=2
Cycle  11: full DKL retrain  (20 labelled)
GP warmup: 20 epochs on initial embeddings
Joint DKL training: 50 epochs
  Epoch 20/50  loss=-0.3311
  Epoch 40/50  loss=-0.6089
DKL training done in 0.3s
  → 1TeNb3F7-1  gap=0.673 eV  best=1.324 eV  top50=2  top10%=3
Cycle  12: GP refit  (21 labelled)
  → 1FeHfF6-1  gap=1.579 eV  best=1.579 eV  top50=3  top10%=4
Cycle  13: GP refit  (22 labelled)
  → 2GaHTeO4-1  gap=-0.356 eV  best=1.579 eV  top50=3  top10%=4
Cycle  14: GP refit  (23 labelled)
  → 2SbTlO3-1  gap=-0.703 eV  best=1.579 eV  top50=3  top10%=4
Cycle  15: GP refit  (24 labelled)
  → 2CoHO2-1  gap=0.097 eV  best=1.579 eV  top50=3  top10%=4
Cycle  16: full DKL retrain  (25 labelled)
GP warmup: 20 epochs on initial embeddings
Joint DKL training: 50 epochs
  Epoch 20/50  loss=1.8237
  Epoch 40/50  loss=-0.3879
DKL training done in 0.3s
  → 1HfNiF6-1  gap=1.156 eV  best=1.579 eV  top50=4  top10%=5
Cycle  17: GP refit  (26 labelled)
  → 1C2F2S2Zr3-1  gap=-0.181 eV  best=1.579 eV  top50=4  top10%=5
Cycle  18: GP refit  (27 labelled)
  → 2KTaF6-1  gap=0.476 eV  best=1.579 eV  top50=4  top10%=5
Cycle  19: GP refit  (28 labelled)
  → 2CsNORuF5-1  gap=1.469 eV  best=1.579 eV  top50=5  top10%=6
Cycle  20: GP refit  (29 labelled)
  → 2KNORuF5-1  gap=1.079 eV  best=1.579 eV  top50=6  top10%=7
Cycle  21: full DKL retrain  (30 labelled)
GP warmup: 20 epochs on initial embeddings
Joint DKL training: 50 epochs
  Epoch 20/50  loss=0.5074
  Epoch 40/50  loss=-0.4436
DKL training done in 0.3s
  → 2PtF3-1  gap=0.590 eV  best=1.579 eV  top50=6  top10%=7
Cycle  22: GP refit  (31 labelled)
  → 1CSiF2-1  gap=-0.455 eV  best=1.579 eV  top50=6  top10%=7
Cycle  23: GP refit  (32 labelled)
  → 2CsNOOsF5-1  gap=1.217 eV  best=1.579 eV  top50=7  top10%=8
Cycle  24: GP refit  (33 labelled)
  → 1TeTa3F7-1  gap=-0.580 eV  best=1.579 eV  top50=7  top10%=8
Cycle  25: GP refit  (34 labelled)
  → 4AgF2-2  gap=-0.122 eV  best=1.579 eV  top50=7  top10%=8
Cycle  26: full DKL retrain  (35 labelled)
GP warmup: 20 epochs on initial embeddings
Joint DKL training: 50 epochs
  Epoch 20/50  loss=1.3985
  Epoch 40/50  loss=0.2469
DKL training done in 0.3s
  → 1N2O2Hf3-1  gap=-0.164 eV  best=1.579 eV  top50=7  top10%=8
Cycle  27: GP refit  (36 labelled)
  → 1SNb3F7-1  gap=0.709 eV  best=1.579 eV  top50=7  top10%=9
Cycle  28: GP refit  (37 labelled)
  → 1HfPdF6-1  gap=1.154 eV  best=1.579 eV  top50=8  top10%=10
Cycle  29: GP refit  (38 labelled)
  → 2CoFO2-1  gap=0.772 eV  best=1.579 eV  top50=8  top10%=11
Cycle  30: GP refit  (39 labelled)
  → 2CsNRuSF5-1  gap=0.999 eV  best=1.579 eV  top50=9  top10%=12
Cycle  31: full DKL retrain  (40 labelled)
GP warmup: 20 epochs on initial embeddings
Joint DKL training: 50 epochs
  Epoch 20/50  loss=1.8466
  Epoch 40/50  loss=0.6007
DKL training done in 0.3s
  → 1OVF2-1  gap=0.534 eV  best=1.579 eV  top50=9  top10%=12
Cycle  32: GP refit  (41 labelled)
  → 1SeNb3F7-1  gap=0.681 eV  best=1.579 eV  top50=9  top10%=13
Cycle  33: GP refit  (42 labelled)
  → 2RuSe2-1  gap=0.164 eV  best=1.579 eV  top50=9  top10%=13
Cycle  34: GP refit  (43 labelled)
  → 2BaBi2O4-1  gap=-0.266 eV  best=1.579 eV  top50=9  top10%=13
Cycle  35: GP refit  (44 labelled)
  → 1NiZrF6-1  gap=1.198 eV  best=1.579 eV  top50=10  top10%=14
Cycle  36: full DKL retrain  (45 labelled)
GP warmup: 20 epochs on initial embeddings
Joint DKL training: 50 epochs
  Epoch 20/50  loss=0.3733
  Epoch 40/50  loss=-0.1156
DKL training done in 0.3s
  → 2NORbRuF5-1  gap=0.996 eV  best=1.579 eV  top50=11  top10%=15
Cycle  37: GP refit  (46 labelled)
  → 2RuO2-1  gap=-1.239 eV  best=1.579 eV  top50=11  top10%=15
Cycle  38: GP refit  (47 labelled)
  → 1HfZnF6-1  gap=0.762 eV  best=1.579 eV  top50=11  top10%=16
Cycle  39: GP refit  (48 labelled)
  → 1STa3F7-1  gap=1.215 eV  best=1.579 eV  top50=12  top10%=17
Cycle  40: GP refit  (49 labelled)
  → 3RuSCl2-1  gap=0.467 eV  best=1.579 eV  top50=12  top10%=17
Cycle  41: full DKL retrain  (50 labelled)
GP warmup: 20 epochs on initial embeddings
Joint DKL training: 50 epochs
  Epoch 20/50  loss=0.2396
  Epoch 40/50  loss=0.0230
DKL training done in 0.3s
  → 1BrCoSe-1  gap=0.106 eV  best=1.579 eV  top50=12  top10%=17
Cycle  42: GP refit  (51 labelled)
  → 2ClNbO2-1  gap=-0.116 eV  best=1.579 eV  top50=12  top10%=17
Cycle  43: GP refit  (52 labelled)
  → 2HSeLi3S4-1  gap=0.103 eV  best=1.579 eV  top50=12  top10%=17
Cycle  44: GP refit  (53 labelled)
  → 2HSeLi3O4-1  gap=0.345 eV  best=1.579 eV  top50=12  top10%=17
Cycle  45: GP refit  (54 labelled)
  → 2ClMoO2-1  gap=0.263 eV  best=1.579 eV  top50=12  top10%=17
Cycle  46: full DKL retrain  (55 labelled)
GP warmup: 20 epochs on initial embeddings
Joint DKL training: 50 epochs
  Epoch 20/50  loss=0.4720
  Epoch 40/50  loss=-0.0858
DKL training done in 0.3s
  → 1BN-1  gap=-0.030 eV  best=1.579 eV  top50=12  top10%=17
Cycle  47: GP refit  (56 labelled)
  → 2AlHSeO4-1  gap=0.519 eV  best=1.579 eV  top50=12  top10%=17
Cycle  48: GP refit  (57 labelled)
  → 1CrO2-2  gap=-0.060 eV  best=1.579 eV  top50=12  top10%=17
Cycle  49: GP refit  (58 labelled)
  → 1GeO2-3  gap=-0.510 eV  best=1.579 eV  top50=12  top10%=17
Cycle  50: GP refit  (59 labelled)
  → 2HTeLi3O4-1  gap=0.244 eV  best=1.579 eV  top50=12  top10%=17
Cycle  51: full DKL retrain  (60 labelled)
GP warmup: 20 epochs on initial embeddings
Joint DKL training: 50 epochs
  Epoch 20/50  loss=0.1242
  Epoch 40/50  loss=-0.4297
DKL training done in 0.3s
  → 2AsTlO3-1  gap=0.034 eV  best=1.579 eV  top50=12  top10%=17
Cycle  52: GP refit  (61 labelled)
  → 2HLiO-1  gap=-0.063 eV  best=1.579 eV  top50=12  top10%=17
Cycle  53: GP refit  (62 labelled)
  → 2OsO2-1  gap=-0.547 eV  best=1.579 eV  top50=12  top10%=17
Cycle  54: GP refit  (63 labelled)
  → 4AsLiO2-1  gap=-0.007 eV  best=1.579 eV  top50=12  top10%=17
Cycle  55: GP refit  (64 labelled)
  → 2HInSeO4-1  gap=0.250 eV  best=1.579 eV  top50=12  top10%=17
Cycle  56: full DKL retrain  (65 labelled)
GP warmup: 20 epochs on initial embeddings
Joint DKL training: 50 epochs
  Epoch 20/50  loss=-0.2152
  Epoch 40/50  loss=-0.5720
DKL training done in 0.3s
  → 1CrS2-1  gap=-0.059 eV  best=1.579 eV  top50=12  top10%=17
Cycle  57: GP refit  (66 labelled)
  → 2AlHSO4-1  gap=0.676 eV  best=1.579 eV  top50=12  top10%=18
Cycle  58: GP refit  (67 labelled)
  → 2V2O5-3  gap=-0.084 eV  best=1.579 eV  top50=12  top10%=18
Cycle  59: GP refit  (68 labelled)
  → 1CrSe2-1  gap=-0.038 eV  best=1.579 eV  top50=12  top10%=18
Cycle  60: GP refit  (69 labelled)
  → 2HSNa3O4-1  gap=0.003 eV  best=1.579 eV  top50=12  top10%=18
Cycle  61: full DKL retrain  (70 labelled)
GP warmup: 20 epochs on initial embeddings
Joint DKL training: 50 epochs
  Epoch 20/50  loss=-0.0993
  Epoch 40/50  loss=-0.5660
DKL training done in 0.4s
  → 1AgScP2S6-1  gap=0.826 eV  best=1.579 eV  top50=13  top10%=19
Cycle  62: GP refit  (71 labelled)
  → 2AlSe-1  gap=-0.138 eV  best=1.579 eV  top50=13  top10%=19
Cycle  63: GP refit  (72 labelled)
  → 1CrMo3O8-1  gap=-0.019 eV  best=1.579 eV  top50=13  top10%=19
Cycle  64: GP refit  (73 labelled)
  → 2AlHTeO4-1  gap=0.347 eV  best=1.579 eV  top50=13  top10%=19
Cycle  65: GP refit  (74 labelled)
  → 2KNOOsF5-1  gap=0.995 eV  best=1.579 eV  top50=14  top10%=20
Cycle  66: full DKL retrain  (75 labelled)
GP warmup: 20 epochs on initial embeddings
Joint DKL training: 50 epochs
  Epoch 20/50  loss=0.2438
  Epoch 40/50  loss=-0.0887
DKL training done in 0.4s
  → 2GaTe-1  gap=-1.988 eV  best=1.579 eV  top50=14  top10%=20
Cycle  67: GP refit  (76 labelled)
  → 1InSb-1  gap=0.248 eV  best=1.579 eV  top50=14  top10%=20
Cycle  68: GP refit  (77 labelled)
  → 2PbSe-1  gap=-1.002 eV  best=1.579 eV  top50=14  top10%=20
Cycle  69: GP refit  (78 labelled)
  → 1TiS2-2  gap=0.121 eV  best=1.579 eV  top50=14  top10%=20
Cycle  70: GP refit  (79 labelled)
  → 1CrTe2-2  gap=-0.088 eV  best=1.579 eV  top50=14  top10%=20
Cycle  71: full DKL retrain  (80 labelled)
GP warmup: 20 epochs on initial embeddings
Joint DKL training: 50 epochs
  Epoch 20/50  loss=0.0311
  Epoch 40/50  loss=-0.2660
DKL training done in 0.3s
  → 2PbTe-1  gap=-1.102 eV  best=1.579 eV  top50=14  top10%=20
Cycle  72: GP refit  (81 labelled)
  → 2BrGa-1  gap=-0.562 eV  best=1.579 eV  top50=14  top10%=20
Cycle  73: GP refit  (82 labelled)
  → 1BrSbSe-1  gap=0.725 eV  best=1.579 eV  top50=14  top10%=21
Cycle  74: GP refit  (83 labelled)
  → 1WCu2Te4-1  gap=1.193 eV  best=1.579 eV  top50=15  top10%=22
Cycle  75: GP refit  (84 labelled)
  → 2RuTe2-1  gap=0.012 eV  best=1.579 eV  top50=15  top10%=22
Cycle  76: full DKL retrain  (85 labelled)
GP warmup: 20 epochs on initial embeddings
Joint DKL training: 50 epochs
  Epoch 20/50  loss=-0.3892
  Epoch 40/50  loss=-0.6662
DKL training done in 0.3s
  → 1ISbSe-1  gap=0.327 eV  best=1.579 eV  top50=15  top10%=22
Cycle  77: GP refit  (86 labelled)
  → 1BSb-1  gap=-1.148 eV  best=1.579 eV  top50=15  top10%=22
Cycle  78: GP refit  (87 labelled)
  → 2ClGa-1  gap=-0.075 eV  best=1.579 eV  top50=15  top10%=22
Cycle  79: GP refit  (88 labelled)
  → 2CoBr2Sb2O3-1  gap=0.545 eV  best=1.579 eV  top50=15  top10%=22
Cycle  80: GP refit  (89 labelled)
  → 1CrW3Te8-1  gap=-0.331 eV  best=1.579 eV  top50=15  top10%=22
Cycle  81: full DKL retrain  (90 labelled)
GP warmup: 20 epochs on initial embeddings
Joint DKL training: 50 epochs
  Epoch 20/50  loss=-0.4258
  Epoch 40/50  loss=-0.6759
DKL training done in 0.3s
  → 1ISbTe-2  gap=0.441 eV  best=1.579 eV  top50=15  top10%=22
Cycle  82: GP refit  (91 labelled)
  → 1MoCu2Te4-1  gap=0.207 eV  best=1.579 eV  top50=15  top10%=22
Cycle  83: GP refit  (92 labelled)
  → 2AlTe-1  gap=-0.211 eV  best=1.579 eV  top50=15  top10%=22
Cycle  84: GP refit  (93 labelled)
  → 4OSb2Se2-1  gap=-0.179 eV  best=1.579 eV  top50=15  top10%=22
Cycle  85: GP refit  (94 labelled)
  → 1CoNaP2Se6-1  gap=-0.008 eV  best=1.579 eV  top50=15  top10%=22
Cycle  86: full DKL retrain  (95 labelled)
GP warmup: 20 epochs on initial embeddings
Joint DKL training: 50 epochs
  Epoch 20/50  loss=-0.5183
  Epoch 40/50  loss=-0.8434
DKL training done in 0.3s
  → 1BaBrI-1  gap=0.289 eV  best=1.579 eV  top50=15  top10%=22
Cycle  87: GP refit  (96 labelled)
  → 2Sb2O3-5  gap=0.501 eV  best=1.579 eV  top50=15  top10%=22
Cycle  88: GP refit  (97 labelled)
  → 2TeTl-2  gap=-0.972 eV  best=1.579 eV  top50=15  top10%=22
Cycle  89: GP refit  (98 labelled)
  → 1ISbTe-1  gap=0.406 eV  best=1.579 eV  top50=15  top10%=22
Cycle  90: GP refit  (99 labelled)
  → 1ClSbSe-1  gap=0.079 eV  best=1.579 eV  top50=15  top10%=22
Cycle  91: full DKL retrain  (100 labelled)
GP warmup: 20 epochs on initial embeddings
Joint DKL training: 50 epochs
  Epoch 20/50  loss=-0.5033
  Epoch 40/50  loss=-0.7730
DKL training done in 0.3s
  → 2CsF-1  gap=-0.074 eV  best=1.579 eV  top50=15  top10%=22
Cycle  92: GP refit  (101 labelled)
  → 1BrISr-1  gap=0.897 eV  best=1.579 eV  top50=16  top10%=23
Cycle  93: GP refit  (102 labelled)
  → 1PbBr2-2  gap=-0.201 eV  best=1.579 eV  top50=16  top10%=23
Cycle  94: GP refit  (103 labelled)
  → 1SrI2-2  gap=0.061 eV  best=1.579 eV  top50=16  top10%=23
Cycle  95: GP refit  (104 labelled)
  → 1BrSSb-2  gap=-0.393 eV  best=1.579 eV  top50=16  top10%=23
Cycle  96: full DKL retrain  (105 labelled)
GP warmup: 20 epochs on initial embeddings
Joint DKL training: 50 epochs
  Epoch 20/50  loss=-0.2039
  Epoch 40/50  loss=-0.6357
DKL training done in 0.3s
  → 1BiISe-1  gap=0.229 eV  best=1.579 eV  top50=16  top10%=23
Cycle  97: GP refit  (106 labelled)
  → 1BrSbTe-2  gap=-0.190 eV  best=1.579 eV  top50=16  top10%=23
Cycle  98: GP refit  (107 labelled)
  → 1BrSSb-1  gap=0.823 eV  best=1.579 eV  top50=17  top10%=24
Cycle  99: GP refit  (108 labelled)
  → 1BrITl2-1  gap=-0.521 eV  best=1.579 eV  top50=17  top10%=24
Cycle 100: GP refit  (109 labelled)
  → 1SrBr2-2  gap=-0.374 eV  best=1.579 eV  top50=17  top10%=24
  emass_max/seed5 → best=1.579 top50=17 top10%=24
BOLoop: 766 materials  |  direction=max  |  top-50 internal threshold=0.82  top-10% internal threshold=0.65
Init: 10 random labels  |  best (max) = 0.826
Cycle   1: full DKL retrain  (10 labelled)
GP warmup: 20 epochs on initial embeddings
/home/roy/Desktop/DKL-BO/venv/lib/python3.13/site-packages/torch/_compile.py:54: UserWarning: optimizer contains a parameter group with duplicate parameters; in future, this will cause an error; see github.com/pytorch/pytorch/issues/40967 for more information
  return disable_fn(*args, **kwargs)
Joint DKL training: 50 epochs
  Epoch 20/50  loss=0.8701
  Epoch 40/50  loss=0.8069
DKL training done in 0.3s
  → 1AgAlP2S6-1  gap=-0.411 eV  best=0.826 eV  top50=0  top10%=0
Cycle   2: GP refit  (11 labelled)
  → 2IRb-1  gap=-0.293 eV  best=0.826 eV  top50=0  top10%=0
Cycle   3: GP refit  (12 labelled)
  → 2SbTlO3-1  gap=-0.703 eV  best=0.826 eV  top50=0  top10%=0
Cycle   4: GP refit  (13 labelled)
  → 1AgInP2S6-1  gap=-0.334 eV  best=0.826 eV  top50=0  top10%=0
Cycle   5: GP refit  (14 labelled)
  → 1ScBr2-1  gap=0.230 eV  best=0.826 eV  top50=0  top10%=0
Cycle   6: full DKL retrain  (15 labelled)
GP warmup: 20 epochs on initial embeddings
Joint DKL training: 50 epochs
  Epoch 20/50  loss=1.9003
  Epoch 40/50  loss=0.3152
DKL training done in 0.3s
  → 2BrCaH-1  gap=-0.220 eV  best=0.826 eV  top50=0  top10%=0
Cycle   7: GP refit  (16 labelled)
  → 1AgAlP2Se6-1  gap=-0.554 eV  best=0.826 eV  top50=0  top10%=0
Cycle   8: GP refit  (17 labelled)
  → 1ONb3Br7-1  gap=0.418 eV  best=0.826 eV  top50=0  top10%=0
Cycle   9: GP refit  (18 labelled)
  → 2HSeLi3S4-1  gap=0.103 eV  best=0.826 eV  top50=0  top10%=0
Cycle  10: GP refit  (19 labelled)
  → 1HfS2-2  gap=-0.024 eV  best=0.826 eV  top50=0  top10%=0
Cycle  11: full DKL retrain  (20 labelled)
GP warmup: 20 epochs on initial embeddings
Joint DKL training: 50 epochs
  Epoch 20/50  loss=0.1385
  Epoch 40/50  loss=-0.5209
DKL training done in 0.3s
  → 1CdHIS-1  gap=0.699 eV  best=0.826 eV  top50=0  top10%=1
Cycle  12: GP refit  (21 labelled)
  → 1ISY-1  gap=0.192 eV  best=0.826 eV  top50=0  top10%=1
Cycle  13: GP refit  (22 labelled)
  → 1CrHS2-1  gap=0.393 eV  best=0.826 eV  top50=0  top10%=1
Cycle  14: GP refit  (23 labelled)
  → 4BrCd-1  gap=-0.503 eV  best=0.826 eV  top50=0  top10%=1
Cycle  15: GP refit  (24 labelled)
  → 2ScSe-3  gap=-0.376 eV  best=0.826 eV  top50=0  top10%=1
Cycle  16: full DKL retrain  (25 labelled)
GP warmup: 20 epochs on initial embeddings
Joint DKL training: 50 epochs
  Epoch 20/50  loss=0.8656
  Epoch 40/50  loss=-0.4512
DKL training done in 0.4s
  → 2BrGa-1  gap=-0.562 eV  best=0.826 eV  top50=0  top10%=1
Cycle  17: GP refit  (26 labelled)
  → 2BrMnSbS2-2  gap=-0.004 eV  best=0.826 eV  top50=0  top10%=1
Cycle  18: GP refit  (27 labelled)
  → 1ScO2-2  gap=0.484 eV  best=0.826 eV  top50=0  top10%=1
Cycle  19: GP refit  (28 labelled)
  → 2STl-2  gap=-0.605 eV  best=0.826 eV  top50=0  top10%=1
Cycle  20: GP refit  (29 labelled)
  → 1BrISCd2-1  gap=-0.426 eV  best=0.826 eV  top50=0  top10%=1
Cycle  21: full DKL retrain  (30 labelled)
GP warmup: 20 epochs on initial embeddings
Joint DKL training: 50 epochs
  Epoch 20/50  loss=1.5443
  Epoch 40/50  loss=0.0918
DKL training done in 0.3s
  → 2HKO-1  gap=-0.105 eV  best=0.826 eV  top50=0  top10%=1
Cycle  22: GP refit  (31 labelled)
  → 1InP-1  gap=-1.028 eV  best=0.826 eV  top50=0  top10%=1
Cycle  23: GP refit  (32 labelled)
  → 2OSc-1  gap=0.336 eV  best=0.826 eV  top50=0  top10%=1
Cycle  24: GP refit  (33 labelled)
  → 1ScH2-1  gap=-0.199 eV  best=0.826 eV  top50=0  top10%=1
Cycle  25: GP refit  (34 labelled)
  → 2CoAs2Br2O3-1  gap=0.438 eV  best=0.826 eV  top50=0  top10%=1
Cycle  26: full DKL retrain  (35 labelled)
GP warmup: 20 epochs on initial embeddings
Joint DKL training: 50 epochs
  Epoch 20/50  loss=0.1513
  Epoch 40/50  loss=-0.2755
DKL training done in 0.3s
  → 2SSc-4  gap=-0.408 eV  best=0.826 eV  top50=0  top10%=1
Cycle  27: GP refit  (36 labelled)
  → 2BrCs-2  gap=-0.221 eV  best=0.826 eV  top50=0  top10%=1
Cycle  28: GP refit  (37 labelled)
  → 1CdClHS-1  gap=0.441 eV  best=0.826 eV  top50=0  top10%=1
Cycle  29: GP refit  (38 labelled)
  → 1ScS2-2  gap=0.620 eV  best=0.826 eV  top50=0  top10%=1
Cycle  30: GP refit  (39 labelled)
  → 2AgBr-3  gap=-0.277 eV  best=0.826 eV  top50=0  top10%=1
Cycle  31: full DKL retrain  (40 labelled)
GP warmup: 20 epochs on initial embeddings
Joint DKL training: 50 epochs
  Epoch 20/50  loss=-0.0961
  Epoch 40/50  loss=-0.4861
DKL training done in 0.3s
  → 1AsIS-1  gap=0.246 eV  best=0.826 eV  top50=0  top10%=1
Cycle  32: GP refit  (41 labelled)
  → 1CdI2-3  gap=-0.272 eV  best=0.826 eV  top50=0  top10%=1
Cycle  33: GP refit  (42 labelled)
  → 1HfBr2-1  gap=-0.146 eV  best=0.826 eV  top50=0  top10%=1
Cycle  34: GP refit  (43 labelled)
  → 4IOSc-1  gap=0.131 eV  best=0.826 eV  top50=0  top10%=1
Cycle  35: GP refit  (44 labelled)
  → 1ScI2-2  gap=0.090 eV  best=0.826 eV  top50=0  top10%=1
Cycle  36: full DKL retrain  (45 labelled)
GP warmup: 20 epochs on initial embeddings
Joint DKL training: 50 epochs
  Epoch 20/50  loss=-0.0234
  Epoch 40/50  loss=-0.5061
DKL training done in 0.3s
  → 1BaBrI-1  gap=0.289 eV  best=0.826 eV  top50=0  top10%=1
Cycle  37: GP refit  (46 labelled)
  → 1BiBrS-1  gap=0.347 eV  best=0.826 eV  top50=0  top10%=1
Cycle  38: GP refit  (47 labelled)
  → 2BrTl-3  gap=0.053 eV  best=0.826 eV  top50=0  top10%=1
Cycle  39: GP refit  (48 labelled)
  → 2AgIBr2-1  gap=0.085 eV  best=0.826 eV  top50=0  top10%=1
Cycle  40: GP refit  (49 labelled)
  → 2CaHI-1  gap=-0.307 eV  best=0.826 eV  top50=0  top10%=1
Cycle  41: full DKL retrain  (50 labelled)
GP warmup: 20 epochs on initial embeddings
Joint DKL training: 50 epochs
  Epoch 20/50  loss=1.4872
  Epoch 40/50  loss=-0.3305
DKL training done in 0.3s
  → 2P2O3-2  gap=0.491 eV  best=0.826 eV  top50=0  top10%=1
Cycle  42: GP refit  (51 labelled)
  → 2AlO-1  gap=-0.213 eV  best=0.826 eV  top50=0  top10%=1
Cycle  43: GP refit  (52 labelled)
  → 1AsBrS-2  gap=-0.102 eV  best=0.826 eV  top50=0  top10%=1
Cycle  44: GP refit  (53 labelled)
  → 1CdCl2N2C4H4-1  gap=0.792 eV  best=0.826 eV  top50=0  top10%=2
Cycle  45: GP refit  (54 labelled)
  → 1CaI2-2  gap=-0.010 eV  best=0.826 eV  top50=0  top10%=2
Cycle  46: full DKL retrain  (55 labelled)
GP warmup: 20 epochs on initial embeddings
Joint DKL training: 50 epochs
  Epoch 20/50  loss=0.0019
  Epoch 40/50  loss=-0.3871
DKL training done in 0.3s
  → 2CRbO3-1  gap=0.880 eV  best=0.880 eV  top50=1  top10%=3
Cycle  47: GP refit  (56 labelled)
  → 1CrO2-2  gap=-0.060 eV  best=0.880 eV  top50=1  top10%=3
Cycle  48: GP refit  (57 labelled)
  → 2GaS-1  gap=-0.633 eV  best=0.880 eV  top50=1  top10%=3
Cycle  49: GP refit  (58 labelled)
  → 2BrRb-2  gap=-0.247 eV  best=0.880 eV  top50=1  top10%=3
Cycle  50: GP refit  (59 labelled)
  → 2ClRbO3-1  gap=0.070 eV  best=0.880 eV  top50=1  top10%=3
Cycle  51: full DKL retrain  (60 labelled)
GP warmup: 20 epochs on initial embeddings
Joint DKL training: 50 epochs
  Epoch 20/50  loss=-0.3826
  Epoch 40/50  loss=-0.7787
DKL training done in 0.3s
  → 2CCsO3-2  gap=0.885 eV  best=0.885 eV  top50=2  top10%=4
Cycle  52: GP refit  (61 labelled)
  → 1SCu2O4-1  gap=-0.045 eV  best=0.885 eV  top50=2  top10%=4
Cycle  53: GP refit  (62 labelled)
  → 2CCsO3-1  gap=1.298 eV  best=1.298 eV  top50=3  top10%=5
Cycle  54: GP refit  (63 labelled)
  → 2AlHSO4-1  gap=0.676 eV  best=1.298 eV  top50=3  top10%=6
Cycle  55: GP refit  (64 labelled)
  → 2CsNO3-1  gap=0.378 eV  best=1.298 eV  top50=3  top10%=6
Cycle  56: full DKL retrain  (65 labelled)
GP warmup: 20 epochs on initial embeddings
Joint DKL training: 50 epochs
  Epoch 20/50  loss=-0.4388
  Epoch 40/50  loss=-0.8022
DKL training done in 0.3s
  → 1MoAu2O4-2  gap=0.415 eV  best=1.298 eV  top50=3  top10%=6
Cycle  57: GP refit  (66 labelled)
  → 1AlN-1  gap=-0.293 eV  best=1.298 eV  top50=3  top10%=6
Cycle  58: GP refit  (67 labelled)
  → 2AlHSeO4-1  gap=0.519 eV  best=1.298 eV  top50=3  top10%=6
Cycle  59: GP refit  (68 labelled)
  → 2HInSO4-1  gap=0.545 eV  best=1.298 eV  top50=3  top10%=6
Cycle  60: GP refit  (69 labelled)
  → 2IIn-3  gap=0.071 eV  best=1.298 eV  top50=3  top10%=6
Cycle  61: full DKL retrain  (70 labelled)
GP warmup: 20 epochs on initial embeddings
Joint DKL training: 50 epochs
  Epoch 20/50  loss=-0.2813
  Epoch 40/50  loss=-0.6547
DKL training done in 0.3s
  → 2HKS-2  gap=-0.206 eV  best=1.298 eV  top50=3  top10%=6
Cycle  62: GP refit  (71 labelled)
  → 2AlSe-1  gap=-0.138 eV  best=1.298 eV  top50=3  top10%=6
Cycle  63: GP refit  (72 labelled)
  → 2CoHO2-1  gap=0.097 eV  best=1.298 eV  top50=3  top10%=6
Cycle  64: GP refit  (73 labelled)
  → 1Nb3I8-1  gap=0.201 eV  best=1.298 eV  top50=3  top10%=6
Cycle  65: GP refit  (74 labelled)
  → 2ScTe-4  gap=-0.071 eV  best=1.298 eV  top50=3  top10%=6
Cycle  66: full DKL retrain  (75 labelled)
GP warmup: 20 epochs on initial embeddings
Joint DKL training: 50 epochs
  Epoch 20/50  loss=-0.6579
  Epoch 40/50  loss=-1.1094
DKL training done in 0.3s
  → 1HgS-1  gap=-1.412 eV  best=1.298 eV  top50=3  top10%=6
Cycle  67: GP refit  (76 labelled)
  → 1InSb-1  gap=0.248 eV  best=1.298 eV  top50=3  top10%=6
Cycle  68: GP refit  (77 labelled)
  → 1HgO-1  gap=0.248 eV  best=1.298 eV  top50=3  top10%=6
Cycle  69: GP refit  (78 labelled)
  → 1STeIn2-1  gap=0.126 eV  best=1.298 eV  top50=3  top10%=6
Cycle  70: GP refit  (79 labelled)
  → 1AlCdInS4-1  gap=-0.637 eV  best=1.298 eV  top50=3  top10%=6
Cycle  71: full DKL retrain  (80 labelled)
GP warmup: 20 epochs on initial embeddings
Joint DKL training: 50 epochs
  Epoch 20/50  loss=-0.7654
  Epoch 40/50  loss=-1.1973
DKL training done in 0.3s
  → 2BiIn-1  gap=-0.948 eV  best=1.298 eV  top50=3  top10%=6
Cycle  72: GP refit  (81 labelled)
  → 1AsIn-1  gap=0.064 eV  best=1.298 eV  top50=3  top10%=6
Cycle  73: GP refit  (82 labelled)
  → 1BrClS4I6In8-1  gap=-0.112 eV  best=1.298 eV  top50=3  top10%=6
Cycle  74: GP refit  (83 labelled)
  → 2InTe-1  gap=-0.797 eV  best=1.298 eV  top50=3  top10%=6
Cycle  75: GP refit  (84 labelled)
  → 1HgSe-1  gap=-1.498 eV  best=1.298 eV  top50=3  top10%=6
Cycle  76: full DKL retrain  (85 labelled)
GP warmup: 20 epochs on initial embeddings
Joint DKL training: 50 epochs
  Epoch 20/50  loss=-0.5569
  Epoch 40/50  loss=-0.9886
DKL training done in 0.4s
  → 2InS-1  gap=-0.592 eV  best=1.298 eV  top50=3  top10%=6
Cycle  77: GP refit  (86 labelled)
  → 2InS2-3  gap=-0.298 eV  best=1.298 eV  top50=3  top10%=6
Cycle  78: GP refit  (87 labelled)
  → 1AlAs-1  gap=-0.875 eV  best=1.298 eV  top50=3  top10%=6
Cycle  79: GP refit  (88 labelled)
  → 1BaBr2-2  gap=0.697 eV  best=1.298 eV  top50=3  top10%=7
Cycle  80: GP refit  (89 labelled)
  → 2P2S3-3  gap=0.122 eV  best=1.298 eV  top50=3  top10%=7
Cycle  81: full DKL retrain  (90 labelled)
GP warmup: 20 epochs on initial embeddings
Joint DKL training: 50 epochs
  Epoch 20/50  loss=-0.4597
  Epoch 40/50  loss=-0.8907
DKL training done in 0.3s
  → 2ClScBr2-1  gap=0.851 eV  best=1.298 eV  top50=4  top10%=8
Cycle  82: GP refit  (91 labelled)
  → 1BaBrCl-1  gap=0.635 eV  best=1.298 eV  top50=4  top10%=8
Cycle  83: GP refit  (92 labelled)
  → 1ScCl2-1  gap=0.319 eV  best=1.298 eV  top50=4  top10%=8
Cycle  84: GP refit  (93 labelled)
  → 1BaCl2-2  gap=1.043 eV  best=1.298 eV  top50=5  top10%=9
Cycle  85: GP refit  (94 labelled)
  → 1BrITl2-1  gap=-0.521 eV  best=1.298 eV  top50=5  top10%=9
Cycle  86: full DKL retrain  (95 labelled)
GP warmup: 20 epochs on initial embeddings
Joint DKL training: 50 epochs
  Epoch 20/50  loss=-0.0852
  Epoch 40/50  loss=-0.5259
DKL training done in 0.3s
  → 1ClScTe-1  gap=-0.031 eV  best=1.298 eV  top50=5  top10%=9
Cycle  87: GP refit  (96 labelled)
  → 1SrCl2-2  gap=-0.271 eV  best=1.298 eV  top50=5  top10%=9
Cycle  88: GP refit  (97 labelled)
  → 1BaClI-1  gap=0.282 eV  best=1.298 eV  top50=5  top10%=9
Cycle  89: GP refit  (98 labelled)
  → 1SrBr2-2  gap=-0.374 eV  best=1.298 eV  top50=5  top10%=9
Cycle  90: GP refit  (99 labelled)
  → 1FeHfBr6-1  gap=0.780 eV  best=1.298 eV  top50=5  top10%=10
Cycle  91: full DKL retrain  (100 labelled)
GP warmup: 20 epochs on initial embeddings
Joint DKL training: 50 epochs
  Epoch 20/50  loss=-0.3206
  Epoch 40/50  loss=-0.6046
DKL training done in 0.3s
  → 1CaBr2-2  gap=0.140 eV  best=1.298 eV  top50=5  top10%=10
Cycle  92: GP refit  (101 labelled)
  → 1BrClHf-1  gap=-0.123 eV  best=1.298 eV  top50=5  top10%=10
Cycle  93: GP refit  (102 labelled)
  → 1MnZrBr6-1  gap=0.095 eV  best=1.298 eV  top50=5  top10%=10
Cycle  94: GP refit  (103 labelled)
  → 1InNbBr6-1  gap=0.230 eV  best=1.298 eV  top50=5  top10%=10
Cycle  95: GP refit  (104 labelled)
  → 1BaI2-2  gap=0.597 eV  best=1.298 eV  top50=5  top10%=10
Cycle  96: full DKL retrain  (105 labelled)
GP warmup: 20 epochs on initial embeddings
Joint DKL training: 50 epochs
  Epoch 20/50  loss=-0.4696
  Epoch 40/50  loss=-0.8476
DKL training done in 0.3s
  → 1HfI2-1  gap=-0.211 eV  best=1.298 eV  top50=5  top10%=10
Cycle  97: GP refit  (106 labelled)
  → 1YBr2-1  gap=0.267 eV  best=1.298 eV  top50=5  top10%=10
Cycle  98: GP refit  (107 labelled)
  → 1CdCl2-3  gap=-0.346 eV  best=1.298 eV  top50=5  top10%=10
Cycle  99: GP refit  (108 labelled)
  → 1Ta3Br8-1  gap=0.205 eV  best=1.298 eV  top50=5  top10%=10
Cycle 100: GP refit  (109 labelled)
  → 2BaHI-1  gap=-0.343 eV  best=1.298 eV  top50=5  top10%=10
  emass_max/seed6 → best=1.298 top50=5 top10%=10
BOLoop: 766 materials  |  direction=max  |  top-50 internal threshold=0.82  top-10% internal threshold=0.65
Init: 10 random labels  |  best (max) = 0.491
Cycle   1: full DKL retrain  (10 labelled)
GP warmup: 20 epochs on initial embeddings
/home/roy/Desktop/DKL-BO/venv/lib/python3.13/site-packages/torch/_compile.py:54: UserWarning: optimizer contains a parameter group with duplicate parameters; in future, this will cause an error; see github.com/pytorch/pytorch/issues/40967 for more information
  return disable_fn(*args, **kwargs)
Joint DKL training: 50 epochs
  Epoch 20/50  loss=0.8822
  Epoch 40/50  loss=0.8057
DKL training done in 0.3s
  → 1AgMoBr4-1  gap=0.704 eV  best=0.704 eV  top50=0  top10%=1
Cycle   2: GP refit  (11 labelled)
  → 1CdBr2-3  gap=-0.448 eV  best=0.704 eV  top50=0  top10%=1
Cycle   3: GP refit  (12 labelled)
  → 1BrISr-1  gap=0.897 eV  best=0.897 eV  top50=1  top10%=2
Cycle   4: GP refit  (13 labelled)
  → 1BaBrI-1  gap=0.289 eV  best=0.897 eV  top50=1  top10%=2
Cycle   5: GP refit  (14 labelled)
  → 1ZrBr2-1  gap=-0.051 eV  best=0.897 eV  top50=1  top10%=2
Cycle   6: full DKL retrain  (15 labelled)
GP warmup: 20 epochs on initial embeddings
Joint DKL training: 50 epochs
  Epoch 20/50  loss=0.1877
  Epoch 40/50  loss=-0.2735
DKL training done in 0.3s
  → 2ClK-2  gap=-0.167 eV  best=0.897 eV  top50=1  top10%=2
Cycle   7: GP refit  (16 labelled)
  → 1SrBr2-2  gap=-0.374 eV  best=0.897 eV  top50=1  top10%=2
Cycle   8: GP refit  (17 labelled)
  → 1HgTe-1  gap=-1.220 eV  best=0.897 eV  top50=1  top10%=2
Cycle   9: GP refit  (18 labelled)
  → 2InTe-1  gap=-0.797 eV  best=0.897 eV  top50=1  top10%=2
Cycle  10: GP refit  (19 labelled)
  → 1PbI2-2  gap=-0.398 eV  best=0.897 eV  top50=1  top10%=2
Cycle  11: full DKL retrain  (20 labelled)
GP warmup: 20 epochs on initial embeddings
Joint DKL training: 50 epochs
  Epoch 20/50  loss=1.5626
  Epoch 40/50  loss=0.5805
DKL training done in 0.3s
  → 1Nb3Br8-1  gap=0.356 eV  best=0.897 eV  top50=1  top10%=2
Cycle  12: GP refit  (21 labelled)
  → 2BrCs-2  gap=-0.221 eV  best=0.897 eV  top50=1  top10%=2
Cycle  13: GP refit  (22 labelled)
  → 1BaBrCl-1  gap=0.635 eV  best=0.897 eV  top50=1  top10%=2
Cycle  14: GP refit  (23 labelled)
  → 2P2Se3-2  gap=0.282 eV  best=0.897 eV  top50=1  top10%=2
Cycle  15: GP refit  (24 labelled)
  → 2ClScBr2-1  gap=0.851 eV  best=0.897 eV  top50=2  top10%=3
Cycle  16: full DKL retrain  (25 labelled)
GP warmup: 20 epochs on initial embeddings
Joint DKL training: 50 epochs
  Epoch 20/50  loss=1.3520
  Epoch 40/50  loss=-0.0003
DKL training done in 0.3s
  → 1SrCl2-2  gap=-0.271 eV  best=0.897 eV  top50=2  top10%=3
Cycle  17: GP refit  (26 labelled)
  → 2BrGa-1  gap=-0.562 eV  best=0.897 eV  top50=2  top10%=3
Cycle  18: GP refit  (27 labelled)
  → 2BrHSr-1  gap=-0.276 eV  best=0.897 eV  top50=2  top10%=3
Cycle  19: GP refit  (28 labelled)
  → 1InP-1  gap=-1.028 eV  best=0.897 eV  top50=2  top10%=3
Cycle  20: GP refit  (29 labelled)
  → 1BaClI-1  gap=0.282 eV  best=0.897 eV  top50=2  top10%=3
Cycle  21: full DKL retrain  (30 labelled)
GP warmup: 20 epochs on initial embeddings
Joint DKL training: 50 epochs
  Epoch 20/50  loss=0.2306
  Epoch 40/50  loss=-0.0847
DKL training done in 0.3s
  → 2ClCs-1  gap=-0.154 eV  best=0.897 eV  top50=2  top10%=3
Cycle  22: GP refit  (31 labelled)
  → 1ScBr2-1  gap=0.230 eV  best=0.897 eV  top50=2  top10%=3
Cycle  23: GP refit  (32 labelled)
  → 1MnZrBr6-1  gap=0.095 eV  best=0.897 eV  top50=2  top10%=3
Cycle  24: GP refit  (33 labelled)
  → 1FeBr2-3  gap=-0.054 eV  best=0.897 eV  top50=2  top10%=3
Cycle  25: GP refit  (34 labelled)
  → 2BrTl-3  gap=0.053 eV  best=0.897 eV  top50=2  top10%=3
Cycle  26: full DKL retrain  (35 labelled)
GP warmup: 20 epochs on initial embeddings
Joint DKL training: 50 epochs
  Epoch 20/50  loss=0.8552
  Epoch 40/50  loss=-0.0028
DKL training done in 0.4s
  → 2AlTe-1  gap=-0.211 eV  best=0.897 eV  top50=2  top10%=3
Cycle  27: GP refit  (36 labelled)
  → 1PbBr2-2  gap=-0.201 eV  best=0.897 eV  top50=2  top10%=3
Cycle  28: GP refit  (37 labelled)
  → 1BaBr2-2  gap=0.697 eV  best=0.897 eV  top50=2  top10%=4
Cycle  29: GP refit  (38 labelled)
  → 1BrITl2-1  gap=-0.521 eV  best=0.897 eV  top50=2  top10%=4
Cycle  30: GP refit  (39 labelled)
  → 1BrSbSe-1  gap=0.725 eV  best=0.897 eV  top50=2  top10%=5
Cycle  31: full DKL retrain  (40 labelled)
GP warmup: 20 epochs on initial embeddings
Joint DKL training: 50 epochs
  Epoch 20/50  loss=0.0062
  Epoch 40/50  loss=-0.2488
DKL training done in 0.3s
  → 2BrRb-2  gap=-0.247 eV  best=0.897 eV  top50=2  top10%=5
Cycle  32: GP refit  (41 labelled)
  → 1BrSeY-1  gap=0.339 eV  best=0.897 eV  top50=2  top10%=5
Cycle  33: GP refit  (42 labelled)
  → 1InNbBr6-1  gap=0.230 eV  best=0.897 eV  top50=2  top10%=5
Cycle  34: GP refit  (43 labelled)
  → 1BaCl2-2  gap=1.043 eV  best=1.043 eV  top50=3  top10%=6
Cycle  35: GP refit  (44 labelled)
  → 4AuI2-1  gap=0.629 eV  best=1.043 eV  top50=3  top10%=6
Cycle  36: full DKL retrain  (45 labelled)
GP warmup: 20 epochs on initial embeddings
Joint DKL training: 50 epochs
  Epoch 20/50  loss=0.3323
  Epoch 40/50  loss=-0.1704
DKL training done in 0.3s
  → 1PbCl2-2  gap=-0.133 eV  best=1.043 eV  top50=3  top10%=6
Cycle  37: GP refit  (46 labelled)
  → 1GeMnCl6-1  gap=0.073 eV  best=1.043 eV  top50=3  top10%=6
Cycle  38: GP refit  (47 labelled)
  → 1HgBr2-4  gap=-0.419 eV  best=1.043 eV  top50=3  top10%=6
Cycle  39: GP refit  (48 labelled)
  → 1PbS2-1  gap=-0.438 eV  best=1.043 eV  top50=3  top10%=6
Cycle  40: GP refit  (49 labelled)
  → 1BrClGe2Se2-1  gap=-0.224 eV  best=1.043 eV  top50=3  top10%=6
Cycle  41: full DKL retrain  (50 labelled)
GP warmup: 20 epochs on initial embeddings
Joint DKL training: 50 epochs
  Epoch 20/50  loss=-0.1518
  Epoch 40/50  loss=-0.3783
DKL training done in 0.4s
  → 1PbS-1  gap=0.295 eV  best=1.043 eV  top50=3  top10%=6
Cycle  42: GP refit  (51 labelled)
  → 2BiIn-1  gap=-0.948 eV  best=1.043 eV  top50=3  top10%=6
Cycle  43: GP refit  (52 labelled)
  → 1SI2Pb2-1  gap=-0.875 eV  best=1.043 eV  top50=3  top10%=6
Cycle  44: GP refit  (53 labelled)
  → 1MoAu2O4-2  gap=0.415 eV  best=1.043 eV  top50=3  top10%=6
Cycle  45: GP refit  (54 labelled)
  → 2AgTe-2  gap=-0.666 eV  best=1.043 eV  top50=3  top10%=6
Cycle  46: full DKL retrain  (55 labelled)
GP warmup: 20 epochs on initial embeddings
Joint DKL training: 50 epochs
  Epoch 20/50  loss=0.0715
  Epoch 40/50  loss=-0.2153
DKL training done in 0.3s
  → 4NbS3-2  gap=-0.426 eV  best=1.043 eV  top50=3  top10%=6
Cycle  47: GP refit  (56 labelled)
  → 2AgS-1  gap=-0.006 eV  best=1.043 eV  top50=3  top10%=6
Cycle  48: GP refit  (57 labelled)
  → 2PbS-1  gap=-0.843 eV  best=1.043 eV  top50=3  top10%=6
Cycle  49: GP refit  (58 labelled)
  → 1Nb3Cl8-1  gap=0.372 eV  best=1.043 eV  top50=3  top10%=6
Cycle  50: GP refit  (59 labelled)
  → 4AgCl2-1  gap=0.534 eV  best=1.043 eV  top50=3  top10%=6
Cycle  51: full DKL retrain  (60 labelled)
GP warmup: 20 epochs on initial embeddings
Joint DKL training: 50 epochs
  Epoch 20/50  loss=-0.3872
  Epoch 40/50  loss=-0.6313
DKL training done in 0.3s
  → 1SrI2-2  gap=0.061 eV  best=1.043 eV  top50=3  top10%=6
Cycle  52: GP refit  (61 labelled)
  → 1HgS-1  gap=-1.412 eV  best=1.043 eV  top50=3  top10%=6
Cycle  53: GP refit  (62 labelled)
  → 2IRb-1  gap=-0.293 eV  best=1.043 eV  top50=3  top10%=6
Cycle  54: GP refit  (63 labelled)
  → 2AgCl-7  gap=-0.228 eV  best=1.043 eV  top50=3  top10%=6
Cycle  55: GP refit  (64 labelled)
  → 2ClISr-1  gap=-0.446 eV  best=1.043 eV  top50=3  top10%=6
Cycle  56: full DKL retrain  (65 labelled)
GP warmup: 20 epochs on initial embeddings
Joint DKL training: 50 epochs
  Epoch 20/50  loss=-0.3516
  Epoch 40/50  loss=-0.5915
DKL training done in 0.4s
  → 2As2S3-4  gap=0.797 eV  best=1.043 eV  top50=3  top10%=7
Cycle  57: GP refit  (66 labelled)
  → 2BaBi2S4-1  gap=-2.799 eV  best=1.043 eV  top50=3  top10%=7
Cycle  58: GP refit  (67 labelled)
  → 1WAg2S4-1  gap=0.805 eV  best=1.043 eV  top50=3  top10%=8
Cycle  59: GP refit  (68 labelled)
  → 2STl-2  gap=-0.605 eV  best=1.043 eV  top50=3  top10%=8
Cycle  60: GP refit  (69 labelled)
  → 2BaClI-1  gap=-0.313 eV  best=1.043 eV  top50=3  top10%=8
Cycle  61: full DKL retrain  (70 labelled)
GP warmup: 20 epochs on initial embeddings
Joint DKL training: 50 epochs
  Epoch 20/50  loss=-0.0653
  Epoch 40/50  loss=-0.3411
DKL training done in 0.4s
  → 1PdZrCl6-1  gap=0.880 eV  best=1.043 eV  top50=4  top10%=9
Cycle  62: GP refit  (71 labelled)
  → 1MoCu2S4-1  gap=0.595 eV  best=1.043 eV  top50=4  top10%=9
Cycle  63: GP refit  (72 labelled)
  → 2TlCl2-1  gap=1.260 eV  best=1.260 eV  top50=5  top10%=10
Cycle  64: GP refit  (73 labelled)
  → 2NOsRbSCl5-1  gap=0.353 eV  best=1.260 eV  top50=5  top10%=10
Cycle  65: GP refit  (74 labelled)
  → 2MoS2-1  gap=-0.750 eV  best=1.260 eV  top50=5  top10%=10
Cycle  66: full DKL retrain  (75 labelled)
GP warmup: 20 epochs on initial embeddings
Joint DKL training: 50 epochs
  Epoch 20/50  loss=0.5963
  Epoch 40/50  loss=0.2102
DKL training done in 0.4s
  → 1SnCl2-2  gap=0.185 eV  best=1.260 eV  top50=5  top10%=10
Cycle  67: GP refit  (76 labelled)
  → 2AgIBr2-1  gap=0.085 eV  best=1.260 eV  top50=5  top10%=10
Cycle  68: GP refit  (77 labelled)
  → 1MoO2-1  gap=-0.378 eV  best=1.260 eV  top50=5  top10%=10
Cycle  69: GP refit  (78 labelled)
  → 2IIn-3  gap=0.071 eV  best=1.260 eV  top50=5  top10%=10
Cycle  70: GP refit  (79 labelled)
  → 2PbS-3  gap=-0.397 eV  best=1.260 eV  top50=5  top10%=10
Cycle  71: full DKL retrain  (80 labelled)
GP warmup: 20 epochs on initial embeddings
Joint DKL training: 50 epochs
  Epoch 20/50  loss=0.0968
  Epoch 40/50  loss=-0.2853
DKL training done in 0.4s
  → 1MoAu2S4-1  gap=0.626 eV  best=1.260 eV  top50=5  top10%=10
Cycle  72: GP refit  (81 labelled)
  → 1SnS2-3  gap=-0.354 eV  best=1.260 eV  top50=5  top10%=10
Cycle  73: GP refit  (82 labelled)
  → 2ClIn-5  gap=0.029 eV  best=1.260 eV  top50=5  top10%=10
Cycle  74: GP refit  (83 labelled)
  → 1WAu2S4-1  gap=0.338 eV  best=1.260 eV  top50=5  top10%=10
Cycle  75: GP refit  (84 labelled)
  → 2HKS-2  gap=-0.206 eV  best=1.260 eV  top50=5  top10%=10
Cycle  76: full DKL retrain  (85 labelled)
GP warmup: 20 epochs on initial embeddings
Joint DKL training: 50 epochs
  Epoch 20/50  loss=-0.1763
  Epoch 40/50  loss=-0.5340
DKL training done in 0.4s
  → 1WS2-1  gap=-0.428 eV  best=1.260 eV  top50=5  top10%=10
Cycle  77: GP refit  (86 labelled)
  → 1CdInTlS4-1  gap=-0.307 eV  best=1.260 eV  top50=5  top10%=10
Cycle  78: GP refit  (87 labelled)
  → 1PtSnS4-1  gap=-0.494 eV  best=1.260 eV  top50=5  top10%=10
Cycle  79: GP refit  (88 labelled)
  → 2HKTe-1  gap=-0.310 eV  best=1.260 eV  top50=5  top10%=10
Cycle  80: GP refit  (89 labelled)
  → 1SSn-1  gap=-0.120 eV  best=1.260 eV  top50=5  top10%=10
Cycle  81: full DKL retrain  (90 labelled)
GP warmup: 20 epochs on initial embeddings
Joint DKL training: 50 epochs
  Epoch 20/50  loss=-0.4283
  Epoch 40/50  loss=-0.8048
DKL training done in 0.4s
  → 4SSn-1  gap=-0.694 eV  best=1.260 eV  top50=5  top10%=10
Cycle  82: GP refit  (91 labelled)
  → 2HInTeS4-1  gap=0.346 eV  best=1.260 eV  top50=5  top10%=10
Cycle  83: GP refit  (92 labelled)
  → 2HNa3S5-1  gap=0.432 eV  best=1.260 eV  top50=5  top10%=10
Cycle  84: GP refit  (93 labelled)
  → 2InS-1  gap=-0.592 eV  best=1.260 eV  top50=5  top10%=10
Cycle  85: GP refit  (94 labelled)
  → 2InS2-3  gap=-0.298 eV  best=1.260 eV  top50=5  top10%=10
Cycle  86: full DKL retrain  (95 labelled)
GP warmup: 20 epochs on initial embeddings
Joint DKL training: 50 epochs
  Epoch 20/50  loss=-0.3844
  Epoch 40/50  loss=-0.7159
DKL training done in 0.3s
  → 2HLi3S5-1  gap=0.103 eV  best=1.260 eV  top50=5  top10%=10
Cycle  87: GP refit  (96 labelled)
  → 1NiPdS4-1  gap=-0.147 eV  best=1.260 eV  top50=5  top10%=10
Cycle  88: GP refit  (97 labelled)
  → 1ClSSb-2  gap=-0.029 eV  best=1.260 eV  top50=5  top10%=10
Cycle  89: GP refit  (98 labelled)
  → 1ZrS2-2  gap=0.218 eV  best=1.260 eV  top50=5  top10%=10
Cycle  90: GP refit  (99 labelled)
  → 2HSeLi3S4-1  gap=0.103 eV  best=1.260 eV  top50=5  top10%=10
Cycle  91: full DKL retrain  (100 labelled)
GP warmup: 20 epochs on initial embeddings
Joint DKL training: 50 epochs
  Epoch 20/50  loss=0.0786
  Epoch 40/50  loss=-0.3185
DKL training done in 0.3s
  → 1MoSSe-1  gap=-0.314 eV  best=1.260 eV  top50=5  top10%=10
Cycle  92: GP refit  (101 labelled)
  → 1ISSb-2  gap=-0.119 eV  best=1.260 eV  top50=5  top10%=10
Cycle  93: GP refit  (102 labelled)
  → 1SSeSn-1  gap=-0.312 eV  best=1.260 eV  top50=5  top10%=10
Cycle  94: GP refit  (103 labelled)
  → 1AuInCl2S2-1  gap=0.200 eV  best=1.260 eV  top50=5  top10%=10
Cycle  95: GP refit  (104 labelled)
  → 2AsTlO3-1  gap=0.034 eV  best=1.260 eV  top50=5  top10%=10
Cycle  96: full DKL retrain  (105 labelled)
GP warmup: 20 epochs on initial embeddings
Joint DKL training: 50 epochs
  Epoch 20/50  loss=-0.5490
  Epoch 40/50  loss=-0.8913
DKL training done in 0.4s
  → 2IrTaS4-1  gap=0.083 eV  best=1.260 eV  top50=5  top10%=10
Cycle  97: GP refit  (106 labelled)
  → 2PtTeS3-1  gap=-0.167 eV  best=1.260 eV  top50=5  top10%=10
Cycle  98: GP refit  (107 labelled)
  → 2PbTe-3  gap=-0.241 eV  best=1.260 eV  top50=5  top10%=10
Cycle  99: GP refit  (108 labelled)
  → 1SSeZr-2  gap=0.051 eV  best=1.260 eV  top50=5  top10%=10
Cycle 100: GP refit  (109 labelled)
  → 1HfS2-2  gap=-0.024 eV  best=1.260 eV  top50=5  top10%=10
  emass_max/seed7 → best=1.260 top50=5 top10%=10
BOLoop: 766 materials  |  direction=max  |  top-50 internal threshold=0.82  top-10% internal threshold=0.65
Init: 10 random labels  |  best (max) = 1.162
Cycle   1: full DKL retrain  (10 labelled)
GP warmup: 20 epochs on initial embeddings
/home/roy/Desktop/DKL-BO/venv/lib/python3.13/site-packages/torch/_compile.py:54: UserWarning: optimizer contains a parameter group with duplicate parameters; in future, this will cause an error; see github.com/pytorch/pytorch/issues/40967 for more information
  return disable_fn(*args, **kwargs)
Joint DKL training: 50 epochs
  Epoch 20/50  loss=0.9408
  Epoch 40/50  loss=0.8777
DKL training done in 0.3s
  → 2ClIrTe-2  gap=-0.303 eV  best=1.162 eV  top50=0  top10%=0
Cycle   2: GP refit  (11 labelled)
  → 1LiNbBr6-1  gap=0.225 eV  best=1.162 eV  top50=0  top10%=0
Cycle   3: GP refit  (12 labelled)
  → 1AlISe-1  gap=-0.391 eV  best=1.162 eV  top50=0  top10%=0
Cycle   4: GP refit  (13 labelled)
  → 2BaFI-1  gap=-0.359 eV  best=1.162 eV  top50=0  top10%=0
Cycle   5: GP refit  (14 labelled)
  → 1FeBr2-3  gap=-0.054 eV  best=1.162 eV  top50=0  top10%=0
Cycle   6: full DKL retrain  (15 labelled)
GP warmup: 20 epochs on initial embeddings
Joint DKL training: 50 epochs
  Epoch 20/50  loss=0.7213
  Epoch 40/50  loss=0.5780
DKL training done in 0.3s
  → 2AgI-2  gap=-0.404 eV  best=1.162 eV  top50=0  top10%=0
Cycle   7: GP refit  (16 labelled)
  → 1YBr2-1  gap=0.267 eV  best=1.162 eV  top50=0  top10%=0
Cycle   8: GP refit  (17 labelled)
  → 1SNb3I7-1  gap=1.215 eV  best=1.215 eV  top50=1  top10%=1
Cycle   9: GP refit  (18 labelled)
  → 1ONb3I7-1  gap=1.035 eV  best=1.215 eV  top50=2  top10%=2
Cycle  10: GP refit  (19 labelled)
  → 2CsNORuF5-1  gap=1.469 eV  best=1.469 eV  top50=3  top10%=3
Cycle  11: full DKL retrain  (20 labelled)
GP warmup: 20 epochs on initial embeddings
Joint DKL training: 50 epochs
  Epoch 20/50  loss=0.3612
  Epoch 40/50  loss=0.0037
DKL training done in 0.3s
  → 2CoHO2-1  gap=0.097 eV  best=1.469 eV  top50=3  top10%=3
Cycle  12: GP refit  (21 labelled)
  → 1CoLiP2Se6-1  gap=0.056 eV  best=1.469 eV  top50=3  top10%=3
Cycle  13: GP refit  (22 labelled)
  → 1HfZnF6-1  gap=0.762 eV  best=1.469 eV  top50=3  top10%=4
Cycle  14: GP refit  (23 labelled)
  → 2CsNOsSF5-1  gap=1.236 eV  best=1.469 eV  top50=4  top10%=5
Cycle  15: GP refit  (24 labelled)
  → 2As2O3-4  gap=-0.637 eV  best=1.469 eV  top50=4  top10%=5
Cycle  16: full DKL retrain  (25 labelled)
GP warmup: 20 epochs on initial embeddings
Joint DKL training: 50 epochs
  Epoch 20/50  loss=0.1427
  Epoch 40/50  loss=-0.0392
DKL training done in 0.3s
  → 2KNRuSF5-1  gap=0.938 eV  best=1.469 eV  top50=5  top10%=6
Cycle  17: GP refit  (26 labelled)
  → 1FeHfF6-1  gap=1.579 eV  best=1.579 eV  top50=6  top10%=7
Cycle  18: GP refit  (27 labelled)
  → 2PtF3-1  gap=0.590 eV  best=1.579 eV  top50=6  top10%=7
Cycle  19: GP refit  (28 labelled)
  → 4NbS3-2  gap=-0.426 eV  best=1.579 eV  top50=6  top10%=7
Cycle  20: GP refit  (29 labelled)
  → 1SNb3F7-1  gap=0.709 eV  best=1.579 eV  top50=6  top10%=8
Cycle  21: full DKL retrain  (30 labelled)
GP warmup: 20 epochs on initial embeddings
Joint DKL training: 50 epochs
  Epoch 20/50  loss=0.2875
  Epoch 40/50  loss=-0.1895
DKL training done in 0.3s
  → 1BN-1  gap=-0.030 eV  best=1.579 eV  top50=6  top10%=8
Cycle  22: GP refit  (31 labelled)
  → 2HSLi3O4-1  gap=0.152 eV  best=1.579 eV  top50=6  top10%=8
Cycle  23: GP refit  (32 labelled)
  → 1CdCl2N2C4H4-1  gap=0.792 eV  best=1.579 eV  top50=6  top10%=9
Cycle  24: GP refit  (33 labelled)
  → 1NiPdS4-1  gap=-0.147 eV  best=1.579 eV  top50=6  top10%=9
Cycle  25: GP refit  (34 labelled)
  → 1NiZrF6-1  gap=1.198 eV  best=1.579 eV  top50=7  top10%=10
Cycle  26: full DKL retrain  (35 labelled)
GP warmup: 20 epochs on initial embeddings
Joint DKL training: 50 epochs
  Epoch 20/50  loss=-0.2131
  Epoch 40/50  loss=-0.5704
DKL training done in 0.3s
  → 1ONb3Cl7-1  gap=0.426 eV  best=1.579 eV  top50=7  top10%=10
Cycle  27: GP refit  (36 labelled)
  → 3RuSCl2-1  gap=0.467 eV  best=1.579 eV  top50=7  top10%=10
Cycle  28: GP refit  (37 labelled)
  → 2CsNOOsF5-1  gap=1.217 eV  best=1.579 eV  top50=8  top10%=11
Cycle  29: GP refit  (38 labelled)
  → 2NORbRuF5-1  gap=0.996 eV  best=1.579 eV  top50=9  top10%=12
Cycle  30: GP refit  (39 labelled)
  → 2KTaF6-1  gap=0.476 eV  best=1.579 eV  top50=9  top10%=12
Cycle  31: full DKL retrain  (40 labelled)
GP warmup: 20 epochs on initial embeddings
Joint DKL training: 50 epochs
  Epoch 20/50  loss=-0.5992
  Epoch 40/50  loss=-0.8421
DKL training done in 0.3s
  → 1MoSTe-2  gap=-0.414 eV  best=1.579 eV  top50=9  top10%=12
Cycle  32: GP refit  (41 labelled)
  → 1MoTe2-1  gap=-0.326 eV  best=1.579 eV  top50=9  top10%=12
Cycle  33: GP refit  (42 labelled)
  → 2NRbRuSF5-1  gap=1.029 eV  best=1.579 eV  top50=10  top10%=13
Cycle  34: GP refit  (43 labelled)
  → 1FeZrI6-1  gap=0.582 eV  best=1.579 eV  top50=10  top10%=13
Cycle  35: GP refit  (44 labelled)
  → 1AsClSe-1  gap=0.507 eV  best=1.579 eV  top50=10  top10%=13
Cycle  36: full DKL retrain  (45 labelled)
GP warmup: 20 epochs on initial embeddings
Joint DKL training: 50 epochs
  Epoch 20/50  loss=-0.4974
  Epoch 40/50  loss=-0.7448
DKL training done in 0.3s
  → 2BaClF-1  gap=-0.302 eV  best=1.579 eV  top50=10  top10%=13
Cycle  37: GP refit  (46 labelled)
  → 2InSe-1  gap=-0.707 eV  best=1.579 eV  top50=10  top10%=13
Cycle  38: GP refit  (47 labelled)
  → 2AsTlO3-1  gap=0.034 eV  best=1.579 eV  top50=10  top10%=13
Cycle  39: GP refit  (48 labelled)
  → 2CsNRuSF5-1  gap=0.999 eV  best=1.579 eV  top50=11  top10%=14
Cycle  40: GP refit  (49 labelled)
  → 1TiF2-1  gap=0.463 eV  best=1.579 eV  top50=11  top10%=14
Cycle  41: full DKL retrain  (50 labelled)
GP warmup: 20 epochs on initial embeddings
Joint DKL training: 50 epochs
  Epoch 20/50  loss=-0.7294
  Epoch 40/50  loss=-0.9427
DKL training done in 0.3s
  → 2IRb-1  gap=-0.293 eV  best=1.579 eV  top50=11  top10%=14
Cycle  42: GP refit  (51 labelled)
  → 1C2F2S2Zr3-1  gap=-0.181 eV  best=1.579 eV  top50=11  top10%=14
Cycle  43: GP refit  (52 labelled)
  → 1TiCl2-1  gap=0.299 eV  best=1.579 eV  top50=11  top10%=14
Cycle  44: GP refit  (53 labelled)
  → 2HNa3S5-1  gap=0.432 eV  best=1.579 eV  top50=11  top10%=14
Cycle  45: GP refit  (54 labelled)
  → 2ITl-3  gap=-0.025 eV  best=1.579 eV  top50=11  top10%=14
Cycle  46: full DKL retrain  (55 labelled)
GP warmup: 20 epochs on initial embeddings
Joint DKL training: 50 epochs
  Epoch 20/50  loss=-0.7011
  Epoch 40/50  loss=-0.9361
DKL training done in 0.3s
  → 1AgScP2S6-1  gap=0.826 eV  best=1.579 eV  top50=12  top10%=15
Cycle  47: GP refit  (56 labelled)
  → 1AsClSe-2  gap=-0.147 eV  best=1.579 eV  top50=12  top10%=15
Cycle  48: GP refit  (57 labelled)
  → 1PdPt3O8-1  gap=0.371 eV  best=1.579 eV  top50=12  top10%=15
Cycle  49: GP refit  (58 labelled)
  → 1TeNb3F7-1  gap=0.673 eV  best=1.579 eV  top50=12  top10%=16
Cycle  50: GP refit  (59 labelled)
  → 2NOsRbSF5-1  gap=1.128 eV  best=1.579 eV  top50=13  top10%=17
Cycle  51: full DKL retrain  (60 labelled)
GP warmup: 20 epochs on initial embeddings
Joint DKL training: 50 epochs
  Epoch 20/50  loss=-0.7307
  Epoch 40/50  loss=-1.0328
DKL training done in 0.3s
  → 1AgCrP2Se6-1  gap=-0.278 eV  best=1.579 eV  top50=13  top10%=17
Cycle  52: GP refit  (61 labelled)
  → 2CuF-2  gap=-0.491 eV  best=1.579 eV  top50=13  top10%=17
Cycle  53: GP refit  (62 labelled)
  → 1FeZrBr6-1  gap=0.547 eV  best=1.579 eV  top50=13  top10%=17
Cycle  54: GP refit  (63 labelled)
  → 2NbOCl2-1  gap=-0.499 eV  best=1.579 eV  top50=13  top10%=17
Cycle  55: GP refit  (64 labelled)
  → 1AlN-1  gap=-0.293 eV  best=1.579 eV  top50=13  top10%=17
Cycle  56: full DKL retrain  (65 labelled)
GP warmup: 20 epochs on initial embeddings
Joint DKL training: 50 epochs
  Epoch 20/50  loss=-0.6773
  Epoch 40/50  loss=-0.9837
DKL training done in 0.3s
  → 1AgCrP2Te6-1  gap=-0.425 eV  best=1.579 eV  top50=13  top10%=17
Cycle  57: GP refit  (66 labelled)
  → 4AsLiO2-1  gap=-0.007 eV  best=1.579 eV  top50=13  top10%=17
Cycle  58: GP refit  (67 labelled)
  → 2TiO2-1  gap=0.453 eV  best=1.579 eV  top50=13  top10%=17
Cycle  59: GP refit  (68 labelled)
  → 2STl-2  gap=-0.605 eV  best=1.579 eV  top50=13  top10%=17
Cycle  60: GP refit  (69 labelled)
  → 2SNi2Se3-1  gap=-0.500 eV  best=1.579 eV  top50=13  top10%=17
Cycle  61: full DKL retrain  (70 labelled)
GP warmup: 20 epochs on initial embeddings
Joint DKL training: 50 epochs
  Epoch 20/50  loss=-0.7379
  Epoch 40/50  loss=-1.0885
DKL training done in 0.3s
  → 1CoLiP2S6-1  gap=0.712 eV  best=1.579 eV  top50=13  top10%=18
Cycle  62: GP refit  (71 labelled)
  → 1AgAlP2S6-1  gap=-0.411 eV  best=1.579 eV  top50=13  top10%=18
Cycle  63: GP refit  (72 labelled)
  → 2HNaS-1  gap=-0.262 eV  best=1.579 eV  top50=13  top10%=18
Cycle  64: GP refit  (73 labelled)
  → 1ScH2-1  gap=-0.199 eV  best=1.579 eV  top50=13  top10%=18
Cycle  65: GP refit  (74 labelled)
  → 1AsB-1  gap=-0.804 eV  best=1.579 eV  top50=13  top10%=18
Cycle  66: full DKL retrain  (75 labelled)
GP warmup: 20 epochs on initial embeddings
Joint DKL training: 50 epochs
  Epoch 20/50  loss=0.3214
  Epoch 40/50  loss=-0.3205
DKL training done in 0.3s
  → 1Nb3Br8-1  gap=0.356 eV  best=1.579 eV  top50=13  top10%=18
Cycle  67: GP refit  (76 labelled)
  → 2As2O3-1  gap=0.761 eV  best=1.579 eV  top50=13  top10%=19
Cycle  68: GP refit  (77 labelled)
  → 1Nb3I8-1  gap=0.201 eV  best=1.579 eV  top50=13  top10%=19
Cycle  69: GP refit  (78 labelled)
  → 1AsISe-1  gap=0.253 eV  best=1.579 eV  top50=13  top10%=19
Cycle  70: GP refit  (79 labelled)
  → 1AgAlAs2Se6-1  gap=-0.325 eV  best=1.579 eV  top50=13  top10%=19
Cycle  71: full DKL retrain  (80 labelled)
GP warmup: 20 epochs on initial embeddings
Joint DKL training: 50 epochs
  Epoch 20/50  loss=0.1089
  Epoch 40/50  loss=-0.0824
DKL training done in 0.3s
  → 1HfMnI6-1  gap=-0.115 eV  best=1.579 eV  top50=13  top10%=19
Cycle  72: GP refit  (81 labelled)
  → 2AlS-1  gap=-0.207 eV  best=1.579 eV  top50=13  top10%=19
Cycle  73: GP refit  (82 labelled)
  → 1AsIn-1  gap=0.064 eV  best=1.579 eV  top50=13  top10%=19
Cycle  74: GP refit  (83 labelled)
  → 1WAu2O4-2  gap=0.492 eV  best=1.579 eV  top50=13  top10%=19
Cycle  75: GP refit  (84 labelled)
  → 2HInSeO4-1  gap=0.250 eV  best=1.579 eV  top50=13  top10%=19
Cycle  76: full DKL retrain  (85 labelled)
GP warmup: 20 epochs on initial embeddings
Joint DKL training: 50 epochs
  Epoch 20/50  loss=-0.6554
  Epoch 40/50  loss=-1.0927
DKL training done in 0.3s
  → 4AsNaO2-1  gap=0.518 eV  best=1.579 eV  top50=13  top10%=19
Cycle  77: GP refit  (86 labelled)
  → 2BiHgIO2-1  gap=0.115 eV  best=1.579 eV  top50=13  top10%=19
Cycle  78: GP refit  (87 labelled)
  → 2ClKO3-1  gap=0.391 eV  best=1.579 eV  top50=13  top10%=19
Cycle  79: GP refit  (88 labelled)
  → 2HKSe-1  gap=-0.269 eV  best=1.579 eV  top50=13  top10%=19
Cycle  80: GP refit  (89 labelled)
  → 1AlAs-1  gap=-0.875 eV  best=1.579 eV  top50=13  top10%=19
Cycle  81: full DKL retrain  (90 labelled)
GP warmup: 20 epochs on initial embeddings
Joint DKL training: 50 epochs
  Epoch 20/50  loss=-0.7937
  Epoch 40/50  loss=-1.2411
DKL training done in 0.3s
  → 2InO-2  gap=-0.495 eV  best=1.579 eV  top50=13  top10%=19
Cycle  82: GP refit  (91 labelled)
  → 1AgAlP2Se6-1  gap=-0.554 eV  best=1.579 eV  top50=13  top10%=19
Cycle  83: GP refit  (92 labelled)
  → 1CrO2-2  gap=-0.060 eV  best=1.579 eV  top50=13  top10%=19
Cycle  84: GP refit  (93 labelled)
  → 1ScO2-2  gap=0.484 eV  best=1.579 eV  top50=13  top10%=19
Cycle  85: GP refit  (94 labelled)
  → 1BP-1  gap=-0.723 eV  best=1.579 eV  top50=13  top10%=19
Cycle  86: full DKL retrain  (95 labelled)
GP warmup: 20 epochs on initial embeddings
Joint DKL training: 50 epochs
  Epoch 20/50  loss=-0.1321
  Epoch 40/50  loss=-0.5960
DKL training done in 0.3s
  → 1InSb-1  gap=0.248 eV  best=1.579 eV  top50=13  top10%=19
Cycle  87: GP refit  (96 labelled)
  → 2SSc-4  gap=-0.408 eV  best=1.579 eV  top50=13  top10%=19
Cycle  88: GP refit  (97 labelled)
  → 2ClK-2  gap=-0.167 eV  best=1.579 eV  top50=13  top10%=19
Cycle  89: GP refit  (98 labelled)
  → 1PbSrS2O8-1  gap=0.034 eV  best=1.579 eV  top50=13  top10%=19
Cycle  90: GP refit  (99 labelled)
  → 1BaI2-2  gap=0.597 eV  best=1.579 eV  top50=13  top10%=19
Cycle  91: full DKL retrain  (100 labelled)
GP warmup: 20 epochs on initial embeddings
Joint DKL training: 50 epochs
  Epoch 20/50  loss=-0.6315
  Epoch 40/50  loss=-1.0960
DKL training done in 0.3s
  → 1BaBrI-1  gap=0.289 eV  best=1.579 eV  top50=13  top10%=19
Cycle  92: GP refit  (101 labelled)
  → 2IIn-3  gap=0.071 eV  best=1.579 eV  top50=13  top10%=19
Cycle  93: GP refit  (102 labelled)
  → 1PbS2-1  gap=-0.438 eV  best=1.579 eV  top50=13  top10%=19
Cycle  94: GP refit  (103 labelled)
  → 2IK-2  gap=-0.288 eV  best=1.579 eV  top50=13  top10%=19
Cycle  95: GP refit  (104 labelled)
  → 2HNaTe-1  gap=-0.387 eV  best=1.579 eV  top50=13  top10%=19
Cycle  96: full DKL retrain  (105 labelled)
GP warmup: 20 epochs on initial embeddings
Joint DKL training: 50 epochs
  Epoch 20/50  loss=-0.9259
  Epoch 40/50  loss=-1.2185
DKL training done in 0.3s
  → 1AgCrP2S6-1  gap=-0.142 eV  best=1.579 eV  top50=13  top10%=19
Cycle  97: GP refit  (106 labelled)
  → 2HTeNa3S4-1  gap=0.023 eV  best=1.579 eV  top50=13  top10%=19
Cycle  98: GP refit  (107 labelled)
  → 1SrI2-2  gap=0.061 eV  best=1.579 eV  top50=13  top10%=19
Cycle  99: GP refit  (108 labelled)
  → 2TeTl-2  gap=-0.972 eV  best=1.579 eV  top50=13  top10%=19
Cycle 100: GP refit  (109 labelled)
  → 1HgTe-1  gap=-1.220 eV  best=1.579 eV  top50=13  top10%=19
  emass_max/seed8 → best=1.579 top50=13 top10%=19
BOLoop: 766 materials  |  direction=max  |  top-50 internal threshold=0.82  top-10% internal threshold=0.65
Init: 10 random labels  |  best (max) = 1.236
Cycle   1: full DKL retrain  (10 labelled)
GP warmup: 20 epochs on initial embeddings
/home/roy/Desktop/DKL-BO/venv/lib/python3.13/site-packages/torch/_compile.py:54: UserWarning: optimizer contains a parameter group with duplicate parameters; in future, this will cause an error; see github.com/pytorch/pytorch/issues/40967 for more information
  return disable_fn(*args, **kwargs)
Joint DKL training: 50 epochs
  Epoch 20/50  loss=0.8870
  Epoch 40/50  loss=0.7672
DKL training done in 0.3s
  → 2NOsRbSF5-1  gap=1.128 eV  best=1.236 eV  top50=1  top10%=1
Cycle   2: GP refit  (11 labelled)
  → 1HfZnF6-1  gap=0.762 eV  best=1.236 eV  top50=1  top10%=2
Cycle   3: GP refit  (12 labelled)
  → 2FK-1  gap=-0.065 eV  best=1.236 eV  top50=1  top10%=2
Cycle   4: GP refit  (13 labelled)
  → 1NiZrF6-1  gap=1.198 eV  best=1.236 eV  top50=2  top10%=3
Cycle   5: GP refit  (14 labelled)
  → 2KTaF6-1  gap=0.476 eV  best=1.236 eV  top50=2  top10%=3
Cycle   6: full DKL retrain  (15 labelled)
GP warmup: 20 epochs on initial embeddings
Joint DKL training: 50 epochs
  Epoch 20/50  loss=-0.3212
  Epoch 40/50  loss=-0.6325
DKL training done in 0.3s
  → 1BN-1  gap=-0.030 eV  best=1.236 eV  top50=2  top10%=3
Cycle   7: GP refit  (16 labelled)
  → 1GaN-1  gap=-0.641 eV  best=1.236 eV  top50=2  top10%=3
Cycle   8: GP refit  (17 labelled)
  → 1HfNiF6-1  gap=1.156 eV  best=1.236 eV  top50=3  top10%=4
Cycle   9: GP refit  (18 labelled)
  → 1N2O2Zr3-1  gap=-0.033 eV  best=1.236 eV  top50=3  top10%=4
Cycle  10: GP refit  (19 labelled)
  → 1FeHfF6-1  gap=1.579 eV  best=1.579 eV  top50=4  top10%=5
Cycle  11: full DKL retrain  (20 labelled)
GP warmup: 20 epochs on initial embeddings
Joint DKL training: 50 epochs
  Epoch 20/50  loss=-0.4199
  Epoch 40/50  loss=-0.6614
DKL training done in 0.4s
  → 2CsF-1  gap=-0.074 eV  best=1.579 eV  top50=4  top10%=5
Cycle  12: GP refit  (21 labelled)
  → 1InN-1  gap=-0.996 eV  best=1.579 eV  top50=4  top10%=5
Cycle  13: GP refit  (22 labelled)
  → 2FeS2-1  gap=0.505 eV  best=1.579 eV  top50=4  top10%=5
Cycle  14: GP refit  (23 labelled)
  → 2IIn-3  gap=0.071 eV  best=1.579 eV  top50=4  top10%=5
Cycle  15: GP refit  (24 labelled)
  → 1TiF2-1  gap=0.463 eV  best=1.579 eV  top50=4  top10%=5
Cycle  16: full DKL retrain  (25 labelled)
GP warmup: 20 epochs on initial embeddings
Joint DKL training: 50 epochs
  Epoch 20/50  loss=0.7146
  Epoch 40/50  loss=-0.2965
DKL training done in 0.3s
  → 1FeI2-3  gap=-0.157 eV  best=1.579 eV  top50=4  top10%=5
Cycle  17: GP refit  (26 labelled)
  → 2GaTe-1  gap=-1.988 eV  best=1.579 eV  top50=4  top10%=5
Cycle  18: GP refit  (27 labelled)
  → 2CaClF-1  gap=-0.161 eV  best=1.579 eV  top50=4  top10%=5
Cycle  19: GP refit  (28 labelled)
  → 2TiBr2-1  gap=-0.010 eV  best=1.579 eV  top50=4  top10%=5
Cycle  20: GP refit  (29 labelled)
  → 1SnI2-2  gap=-0.083 eV  best=1.579 eV  top50=4  top10%=5
Cycle  21: full DKL retrain  (30 labelled)
GP warmup: 20 epochs on initial embeddings
Joint DKL training: 50 epochs
  Epoch 20/50  loss=1.1155
  Epoch 40/50  loss=-0.1172
DKL training done in 0.3s
  → 2BrCs-2  gap=-0.221 eV  best=1.579 eV  top50=4  top10%=5
Cycle  22: GP refit  (31 labelled)
  → 2FRb-1  gap=-0.087 eV  best=1.579 eV  top50=4  top10%=5
Cycle  23: GP refit  (32 labelled)
  → 1HfS2-2  gap=-0.024 eV  best=1.579 eV  top50=4  top10%=5
Cycle  24: GP refit  (33 labelled)
  → 2ClGa-1  gap=-0.075 eV  best=1.579 eV  top50=4  top10%=5
Cycle  25: GP refit  (34 labelled)
  → 2BrGa-1  gap=-0.562 eV  best=1.579 eV  top50=4  top10%=5
Cycle  26: full DKL retrain  (35 labelled)
GP warmup: 20 epochs on initial embeddings
Joint DKL training: 50 epochs
  Epoch 20/50  loss=0.4866
  Epoch 40/50  loss=-0.4730
DKL training done in 0.3s
  → 2AgIBr2-1  gap=0.085 eV  best=1.579 eV  top50=4  top10%=5
Cycle  27: GP refit  (36 labelled)
  → 1PbTe-1  gap=-0.622 eV  best=1.579 eV  top50=4  top10%=5
Cycle  28: GP refit  (37 labelled)
  → 2GaI-1  gap=0.332 eV  best=1.579 eV  top50=4  top10%=5
Cycle  29: GP refit  (38 labelled)
  → 1CdCl2N2C4H4-1  gap=0.792 eV  best=1.579 eV  top50=4  top10%=6
Cycle  30: GP refit  (39 labelled)
  → 2RuTe2-1  gap=0.012 eV  best=1.579 eV  top50=4  top10%=6
Cycle  31: full DKL retrain  (40 labelled)
GP warmup: 20 epochs on initial embeddings
Joint DKL training: 50 epochs
  Epoch 20/50  loss=0.1544
  Epoch 40/50  loss=-0.2726
DKL training done in 0.3s
  → 1N2O2Y3-1  gap=-0.059 eV  best=1.579 eV  top50=4  top10%=6
Cycle  32: GP refit  (41 labelled)
  → 1CrO2-2  gap=-0.060 eV  best=1.579 eV  top50=4  top10%=6
Cycle  33: GP refit  (42 labelled)
  → 1ZrO2-3  gap=0.171 eV  best=1.579 eV  top50=4  top10%=6
Cycle  34: GP refit  (43 labelled)
  → 2CsNOOsF5-1  gap=1.217 eV  best=1.579 eV  top50=5  top10%=7
Cycle  35: GP refit  (44 labelled)
  → 2CsNO3-1  gap=0.378 eV  best=1.579 eV  top50=5  top10%=7
Cycle  36: full DKL retrain  (45 labelled)
GP warmup: 20 epochs on initial embeddings
Joint DKL training: 50 epochs
  Epoch 20/50  loss=0.1938
  Epoch 40/50  loss=-0.3940
DKL training done in 0.3s
  → 2HKTe-1  gap=-0.310 eV  best=1.579 eV  top50=5  top10%=7
Cycle  37: GP refit  (46 labelled)
  → 1AgScP2S6-1  gap=0.826 eV  best=1.579 eV  top50=6  top10%=8
Cycle  38: GP refit  (47 labelled)
  → 2HLi3S5-1  gap=0.103 eV  best=1.579 eV  top50=6  top10%=8
Cycle  39: GP refit  (48 labelled)
  → 2HfBr2-1  gap=-0.182 eV  best=1.579 eV  top50=6  top10%=8
Cycle  40: GP refit  (49 labelled)
  → 1NiCl2N2H4C6-1  gap=0.178 eV  best=1.579 eV  top50=6  top10%=8
Cycle  41: full DKL retrain  (50 labelled)
GP warmup: 20 epochs on initial embeddings
Joint DKL training: 50 epochs
  Epoch 20/50  loss=0.6534
  Epoch 40/50  loss=0.1313
DKL training done in 0.3s
  → 1MoOTe-1  gap=0.290 eV  best=1.579 eV  top50=6  top10%=8
Cycle  42: GP refit  (51 labelled)
  → 2As2O3-4  gap=-0.637 eV  best=1.579 eV  top50=6  top10%=8
Cycle  43: GP refit  (52 labelled)
  → 1CrTe2-2  gap=-0.088 eV  best=1.579 eV  top50=6  top10%=8
Cycle  44: GP refit  (53 labelled)
  → 1NiSSeZr-1  gap=0.425 eV  best=1.579 eV  top50=6  top10%=8
Cycle  45: GP refit  (54 labelled)
  → 2FRhTe-1  gap=-0.267 eV  best=1.579 eV  top50=6  top10%=8
Cycle  46: full DKL retrain  (55 labelled)
GP warmup: 20 epochs on initial embeddings
Joint DKL training: 50 epochs
  Epoch 20/50  loss=0.5323
  Epoch 40/50  loss=0.1757
DKL training done in 0.3s
  → 2TiZrTe4-1  gap=-0.209 eV  best=1.579 eV  top50=6  top10%=8
Cycle  47: GP refit  (56 labelled)
  → 2KNO3-1  gap=0.453 eV  best=1.579 eV  top50=6  top10%=8
Cycle  48: GP refit  (57 labelled)
  → 2BrRhTe-1  gap=-0.369 eV  best=1.579 eV  top50=6  top10%=8
Cycle  49: GP refit  (58 labelled)
  → 1CSiH2-1  gap=0.042 eV  best=1.579 eV  top50=6  top10%=8
Cycle  50: GP refit  (59 labelled)
  → 2OsTe2-1  gap=0.203 eV  best=1.579 eV  top50=6  top10%=8
Cycle  51: full DKL retrain  (60 labelled)
GP warmup: 20 epochs on initial embeddings
Joint DKL training: 50 epochs
  Epoch 20/50  loss=0.2951
  Epoch 40/50  loss=0.0193
DKL training done in 0.3s
  → 1CrSe2-1  gap=-0.038 eV  best=1.579 eV  top50=6  top10%=8
Cycle  52: GP refit  (61 labelled)
  → 1N2O2Hf3-1  gap=-0.164 eV  best=1.579 eV  top50=6  top10%=8
Cycle  53: GP refit  (62 labelled)
  → 2TiO2-1  gap=0.453 eV  best=1.579 eV  top50=6  top10%=8
Cycle  54: GP refit  (63 labelled)
  → 2CoHO2-1  gap=0.097 eV  best=1.579 eV  top50=6  top10%=8
Cycle  55: GP refit  (64 labelled)
  → 1OSW-1  gap=0.057 eV  best=1.579 eV  top50=6  top10%=8
Cycle  56: full DKL retrain  (65 labelled)
GP warmup: 20 epochs on initial embeddings
Joint DKL training: 50 epochs
  Epoch 20/50  loss=0.0047
  Epoch 40/50  loss=-0.2973
DKL training done in 0.3s
  → 2BrK-1  gap=-0.238 eV  best=1.579 eV  top50=6  top10%=8
Cycle  57: GP refit  (66 labelled)
  → 1PdPt3O8-1  gap=0.371 eV  best=1.579 eV  top50=6  top10%=8
Cycle  58: GP refit  (67 labelled)
  → 1ClCrTe-1  gap=0.273 eV  best=1.579 eV  top50=6  top10%=8
Cycle  59: GP refit  (68 labelled)
  → 1AlN-1  gap=-0.293 eV  best=1.579 eV  top50=6  top10%=8
Cycle  60: GP refit  (69 labelled)
  → 2ClK-2  gap=-0.167 eV  best=1.579 eV  top50=6  top10%=8
Cycle  61: full DKL retrain  (70 labelled)
GP warmup: 20 epochs on initial embeddings
Joint DKL training: 50 epochs
  Epoch 20/50  loss=-0.2131
  Epoch 40/50  loss=-0.5119
DKL training done in 0.3s
  → 2PbS-3  gap=-0.397 eV  best=1.579 eV  top50=6  top10%=8
Cycle  62: GP refit  (71 labelled)
  → 1C2O2Zr3-1  gap=-0.274 eV  best=1.579 eV  top50=6  top10%=8
Cycle  63: GP refit  (72 labelled)
  → 2AuTe-3  gap=-0.304 eV  best=1.579 eV  top50=6  top10%=8
Cycle  64: GP refit  (73 labelled)
  → 1TeNb3F7-1  gap=0.673 eV  best=1.579 eV  top50=6  top10%=9
Cycle  65: GP refit  (74 labelled)
  → 1CrS2-1  gap=-0.059 eV  best=1.579 eV  top50=6  top10%=9
Cycle  66: full DKL retrain  (75 labelled)
GP warmup: 20 epochs on initial embeddings
Joint DKL training: 50 epochs
  Epoch 20/50  loss=-0.4714
  Epoch 40/50  loss=-0.7181
DKL training done in 0.3s
  → 1PbS-1  gap=0.295 eV  best=1.579 eV  top50=6  top10%=9
Cycle  67: GP refit  (76 labelled)
  → 1SnTe-1  gap=-0.411 eV  best=1.579 eV  top50=6  top10%=9
Cycle  68: GP refit  (77 labelled)
  → 2FeTe2-1  gap=0.121 eV  best=1.579 eV  top50=6  top10%=9
Cycle  69: GP refit  (78 labelled)
  → 1HfO2-3  gap=0.188 eV  best=1.579 eV  top50=6  top10%=9
Cycle  70: GP refit  (79 labelled)
  → 2SSc-4  gap=-0.408 eV  best=1.579 eV  top50=6  top10%=9
Cycle  71: full DKL retrain  (80 labelled)
GP warmup: 20 epochs on initial embeddings
Joint DKL training: 50 epochs
  Epoch 20/50  loss=-0.4579
  Epoch 40/50  loss=-0.6708
DKL training done in 0.3s
  → 1C2F2S2Zr3-1  gap=-0.181 eV  best=1.579 eV  top50=6  top10%=9
Cycle  72: GP refit  (81 labelled)
  → 2AuCl-4  gap=0.253 eV  best=1.579 eV  top50=6  top10%=9
Cycle  73: GP refit  (82 labelled)
  → 2ClCs-1  gap=-0.154 eV  best=1.579 eV  top50=6  top10%=9
Cycle  74: GP refit  (83 labelled)
  → 1TiCl2-1  gap=0.299 eV  best=1.579 eV  top50=6  top10%=9
Cycle  75: GP refit  (84 labelled)
  → 1WCr3Te8-1  gap=-0.071 eV  best=1.579 eV  top50=6  top10%=9
Cycle  76: full DKL retrain  (85 labelled)
GP warmup: 20 epochs on initial embeddings
Joint DKL training: 50 epochs
  Epoch 20/50  loss=-0.6414
  Epoch 40/50  loss=-0.8177
DKL training done in 0.3s
  → 1C2O2Hf3-1  gap=-0.408 eV  best=1.579 eV  top50=6  top10%=9
Cycle  77: GP refit  (86 labelled)
  → 1ScS2-2  gap=0.620 eV  best=1.579 eV  top50=6  top10%=9
Cycle  78: GP refit  (87 labelled)
  → 1FeBr2-3  gap=-0.054 eV  best=1.579 eV  top50=6  top10%=9
Cycle  79: GP refit  (88 labelled)
  → 1AsIn-1  gap=0.064 eV  best=1.579 eV  top50=6  top10%=9
Cycle  80: GP refit  (89 labelled)
  → 2AlHTeO4-1  gap=0.347 eV  best=1.579 eV  top50=6  top10%=9
Cycle  81: full DKL retrain  (90 labelled)
GP warmup: 20 epochs on initial embeddings
Joint DKL training: 50 epochs
  Epoch 20/50  loss=-0.5389
  Epoch 40/50  loss=-0.7624
DKL training done in 0.3s
  → 1CdCl2-3  gap=-0.346 eV  best=1.579 eV  top50=6  top10%=9
Cycle  82: GP refit  (91 labelled)
  → 1ZnCl2-3  gap=-0.379 eV  best=1.579 eV  top50=6  top10%=9
Cycle  83: GP refit  (92 labelled)
  → 1AlAs-1  gap=-0.875 eV  best=1.579 eV  top50=6  top10%=9
Cycle  84: GP refit  (93 labelled)
  → 2ScTe-4  gap=-0.071 eV  best=1.579 eV  top50=6  top10%=9
Cycle  85: GP refit  (94 labelled)
  → 1GaInTe2-1  gap=-0.212 eV  best=1.579 eV  top50=6  top10%=9
Cycle  86: full DKL retrain  (95 labelled)
GP warmup: 20 epochs on initial embeddings
Joint DKL training: 50 epochs
  Epoch 20/50  loss=-0.4333
  Epoch 40/50  loss=-0.6934
DKL training done in 0.3s
  → 1NiZrCl6-1  gap=0.950 eV  best=1.579 eV  top50=7  top10%=10
Cycle  87: GP refit  (96 labelled)
  → 1HfNiCl6-1  gap=1.036 eV  best=1.579 eV  top50=8  top10%=11
Cycle  88: GP refit  (97 labelled)
  → 1SrCl2-2  gap=-0.271 eV  best=1.579 eV  top50=8  top10%=11
Cycle  89: GP refit  (98 labelled)
  → 1ZrCl2-1  gap=0.003 eV  best=1.579 eV  top50=8  top10%=11
Cycle  90: GP refit  (99 labelled)
  → 1FeHfCl6-1  gap=1.274 eV  best=1.579 eV  top50=9  top10%=12
Cycle  91: full DKL retrain  (100 labelled)
GP warmup: 20 epochs on initial embeddings
Joint DKL training: 50 epochs
  Epoch 20/50  loss=-0.4046
  Epoch 40/50  loss=-0.6823
DKL training done in 0.3s
  → 1ONb3Cl7-1  gap=0.426 eV  best=1.579 eV  top50=9  top10%=12
Cycle  92: GP refit  (101 labelled)
  → 2ClCu-4  gap=-0.275 eV  best=1.579 eV  top50=9  top10%=12
Cycle  93: GP refit  (102 labelled)
  → 1GeMnCl6-1  gap=0.073 eV  best=1.579 eV  top50=9  top10%=12
Cycle  94: GP refit  (103 labelled)
  → 2ClRhTe-1  gap=-0.307 eV  best=1.579 eV  top50=9  top10%=12
Cycle  95: GP refit  (104 labelled)
  → 1HfCl2-1  gap=-0.108 eV  best=1.579 eV  top50=9  top10%=12
Cycle  96: full DKL retrain  (105 labelled)
GP warmup: 20 epochs on initial embeddings
Joint DKL training: 50 epochs
  Epoch 20/50  loss=-0.3757
  Epoch 40/50  loss=-0.6767
DKL training done in 0.3s
  → 1MgCl2-3  gap=-0.373 eV  best=1.579 eV  top50=9  top10%=12
Cycle  97: GP refit  (106 labelled)
  → 1SnCl2-2  gap=0.185 eV  best=1.579 eV  top50=9  top10%=12
Cycle  98: GP refit  (107 labelled)
  → 1WAu2Te4-1  gap=0.586 eV  best=1.579 eV  top50=9  top10%=12
Cycle  99: GP refit  (108 labelled)
  → 1OVCl2-1  gap=0.074 eV  best=1.579 eV  top50=9  top10%=12
Cycle 100: GP refit  (109 labelled)
  → 1WTe2-1  gap=-0.347 eV  best=1.579 eV  top50=9  top10%=12
  emass_max/seed9 → best=1.579 top50=9 top10%=12
  [emass_max] done
Fine-tune runs written=40 skipped=0. Summarizing…

======================================================================
DKL variants vs Std-GP vs Random (mean over seeds)
(emass 'best' in log10 units; top-k counts are scale-free)
======================================================================

  gap_max
    method        |     best   top50  top10%
    ------------------------------------------
    std_gp        |    8.671    21.3    29.4
    dkl_frozen    |    8.638    32.0    42.4
    dkl_finetune  |    8.462    26.9    37.6
    dkl_cold_live |    7.619    19.7    28.5
    random        |    7.332     6.4     9.8

  gap_min
    method        |     best   top50  top10%
    ------------------------------------------
    std_gp        |    0.022    19.4    28.7
    dkl_frozen    |    0.023    19.8    27.1
    dkl_finetune  |    0.024    16.3    26.4
    dkl_cold_live |    0.038    14.4    22.1
    random        |    0.072     6.4    10.5

  emass_min
    method        |     best   top50  top10%
    ------------------------------------------
    std_gp        |   -1.999    16.5    21.8
    dkl_frozen    |   -1.714    18.9    24.1
    dkl_finetune  |   -1.948    15.7    20.2
    dkl_cold_live |   -2.117    15.7    20.5
    random        |   -1.451     7.7    10.5

  emass_max
    method        |     best   top50  top10%
    ------------------------------------------
    std_gp        |    1.696    16.2    21.0
    dkl_frozen    |    1.455    12.6    16.8
    dkl_finetune  |    1.651    14.2    19.8
    dkl_cold_live |    1.491    11.2    16.3
    random        |    1.512     6.1    10.0

Saved → /home/roy/Desktop/DKL-BO/results/rebuild/bo_finetune_summary.csv
