Pool=766 | seeds=10 cycles=100 device=cuda | live fine-tuning DKL
BOLoop: 766 materials  |  direction=max  |  top-50 internal threshold=5.35  top-10% internal threshold=4.94
Init: 10 random labels  |  best (max) = 5.635
Cycle   1: full DKL retrain  (10 labelled)
GP warmup: 20 epochs on initial embeddings
/home/roy/Desktop/DKL-BO/venv/lib/python3.13/site-packages/torch/_compile.py:54: UserWarning: optimizer contains a parameter group with duplicate parameters; in future, this will cause an error; see github.com/pytorch/pytorch/issues/40967 for more information
  return disable_fn(*args, **kwargs)
Joint DKL training: 50 epochs
  Epoch 20/50  loss=1.8718
  Epoch 40/50  loss=1.7531
DKL training done in 0.7s
  → 2HSeNa3O4-1  gap=5.631 eV  best=5.635 eV  top50=1  top10%=1
Cycle   2: GP refit  (11 labelled)
  → 2HSNa3O4-1  gap=5.084 eV  best=5.635 eV  top50=1  top10%=2
Cycle   3: GP refit  (12 labelled)
  → 1CaBr2-2  gap=5.515 eV  best=5.635 eV  top50=2  top10%=3
Cycle   4: GP refit  (13 labelled)
  → 1BN-1  gap=5.675 eV  best=5.675 eV  top50=3  top10%=4
Cycle   5: GP refit  (14 labelled)
  → 1SrBr2-2  gap=5.386 eV  best=5.675 eV  top50=4  top10%=5
Cycle   6: full DKL retrain  (15 labelled)
GP warmup: 20 epochs on initial embeddings
Joint DKL training: 50 epochs
  Epoch 20/50  loss=0.5287
  Epoch 40/50  loss=0.4511
DKL training done in 0.4s
  → 1AsB-1  gap=1.188 eV  best=5.675 eV  top50=4  top10%=5
Cycle   7: GP refit  (16 labelled)
  → 2AsTlO3-1  gap=4.438 eV  best=5.675 eV  top50=4  top10%=5
Cycle   8: GP refit  (17 labelled)
  → 1BaBr2-2  gap=5.328 eV  best=5.675 eV  top50=4  top10%=6
Cycle   9: GP refit  (18 labelled)
  → 1AlAs-1  gap=2.028 eV  best=5.675 eV  top50=4  top10%=6
Cycle  10: GP refit  (19 labelled)
  → 1Mg3O5-1  gap=2.328 eV  best=5.675 eV  top50=4  top10%=6
Cycle  11: full DKL retrain  (20 labelled)
GP warmup: 20 epochs on initial embeddings
Joint DKL training: 50 epochs
  Epoch 20/50  loss=0.8380
  Epoch 40/50  loss=0.7551
DKL training done in 0.3s
  → 1CrO2-2  gap=1.144 eV  best=5.675 eV  top50=4  top10%=6
Cycle  12: GP refit  (21 labelled)
  → 2BrK-1  gap=5.470 eV  best=5.675 eV  top50=5  top10%=7
Cycle  13: GP refit  (22 labelled)
  → 2BrCs-2  gap=5.145 eV  best=5.675 eV  top50=5  top10%=8
Cycle  14: GP refit  (23 labelled)
  → 2HKS-2  gap=4.369 eV  best=5.675 eV  top50=5  top10%=8
Cycle  15: GP refit  (24 labelled)
  → 2IRb-1  gap=4.613 eV  best=5.675 eV  top50=5  top10%=8
Cycle  16: full DKL retrain  (25 labelled)
GP warmup: 20 epochs on initial embeddings
Joint DKL training: 50 epochs
  Epoch 20/50  loss=1.0672
  Epoch 40/50  loss=0.8088
DKL training done in 0.3s
  → 4HgTe-1  gap=0.899 eV  best=5.675 eV  top50=5  top10%=8
Cycle  17: GP refit  (26 labelled)
  → 2HNaO-2  gap=5.181 eV  best=5.675 eV  top50=5  top10%=9
Cycle  18: GP refit  (27 labelled)
  → 2HTeNa3O4-1  gap=5.379 eV  best=5.675 eV  top50=6  top10%=10
Cycle  19: GP refit  (28 labelled)
  → 4LiSbO2-1  gap=4.432 eV  best=5.675 eV  top50=6  top10%=10
Cycle  20: GP refit  (29 labelled)
  → 2HNaO-1  gap=4.458 eV  best=5.675 eV  top50=6  top10%=10
Cycle  21: full DKL retrain  (30 labelled)
GP warmup: 20 epochs on initial embeddings
Joint DKL training: 50 epochs
  Epoch 20/50  loss=0.6415
  Epoch 40/50  loss=0.4081
DKL training done in 0.3s
  → 2BrRb-2  gap=5.268 eV  best=5.675 eV  top50=6  top10%=11
Cycle  22: GP refit  (31 labelled)
  → 4AuI2-1  gap=0.880 eV  best=5.675 eV  top50=6  top10%=11
Cycle  23: GP refit  (32 labelled)
  → 2BrTl-3  gap=3.214 eV  best=5.675 eV  top50=6  top10%=11
Cycle  24: GP refit  (33 labelled)
  → 2HNaSe-1  gap=3.958 eV  best=5.675 eV  top50=6  top10%=11
Cycle  25: GP refit  (34 labelled)
  → 2KNO3-1  gap=5.261 eV  best=5.675 eV  top50=6  top10%=12
Cycle  26: full DKL retrain  (35 labelled)
GP warmup: 20 epochs on initial embeddings
Joint DKL training: 50 epochs
  Epoch 20/50  loss=0.7537
  Epoch 40/50  loss=0.4810
DKL training done in 0.3s
  → 2PbS-3  gap=0.673 eV  best=5.675 eV  top50=6  top10%=12
Cycle  27: GP refit  (36 labelled)
  → 1MoTe2-1  gap=1.370 eV  best=5.675 eV  top50=6  top10%=12
Cycle  28: GP refit  (37 labelled)
  → 2NRbO3-1  gap=5.286 eV  best=5.675 eV  top50=6  top10%=13
Cycle  29: GP refit  (38 labelled)
  → 2OW-1  gap=0.132 eV  best=5.675 eV  top50=6  top10%=13
Cycle  30: GP refit  (39 labelled)
  → 2HNa3S5-1  gap=3.375 eV  best=5.675 eV  top50=6  top10%=13
Cycle  31: full DKL retrain  (40 labelled)
GP warmup: 20 epochs on initial embeddings
Joint DKL training: 50 epochs
  Epoch 20/50  loss=0.7508
  Epoch 40/50  loss=0.4731
DKL training done in 0.3s
  → 2STl-2  gap=1.159 eV  best=5.675 eV  top50=6  top10%=13
Cycle  32: GP refit  (41 labelled)
  → 1HgBr2-4  gap=2.459 eV  best=5.675 eV  top50=6  top10%=13
Cycle  33: GP refit  (42 labelled)
  → 4OSn-1  gap=3.719 eV  best=5.675 eV  top50=6  top10%=13
Cycle  34: GP refit  (43 labelled)
  → 1FeCl2-3  gap=0.071 eV  best=5.675 eV  top50=6  top10%=13
Cycle  35: GP refit  (44 labelled)
  → 1MoW3O8-1  gap=1.961 eV  best=5.675 eV  top50=6  top10%=13
Cycle  36: full DKL retrain  (45 labelled)
GP warmup: 20 epochs on initial embeddings
Joint DKL training: 50 epochs
  Epoch 20/50  loss=0.8604
  Epoch 40/50  loss=0.6250
DKL training done in 0.3s
  → 1CrSe2-1  gap=1.128 eV  best=5.675 eV  top50=6  top10%=13
Cycle  37: GP refit  (46 labelled)
  → 1MoS2-1  gap=2.087 eV  best=5.675 eV  top50=6  top10%=13
Cycle  38: GP refit  (47 labelled)
  → 4NaSbO2-1  gap=4.747 eV  best=5.675 eV  top50=6  top10%=13
Cycle  39: GP refit  (48 labelled)
  → 2CsNO3-1  gap=5.324 eV  best=5.675 eV  top50=6  top10%=14
Cycle  40: GP refit  (49 labelled)
  → 2IK-2  gap=4.784 eV  best=5.675 eV  top50=6  top10%=14
Cycle  41: full DKL retrain  (50 labelled)
GP warmup: 20 epochs on initial embeddings
Joint DKL training: 50 epochs
  Epoch 20/50  loss=0.0985
  Epoch 40/50  loss=-0.1743
DKL training done in 0.3s
  → 2GaI-1  gap=2.399 eV  best=5.675 eV  top50=6  top10%=14
Cycle  42: GP refit  (51 labelled)
  → 1ZrBr2-1  gap=1.276 eV  best=5.675 eV  top50=6  top10%=14
Cycle  43: GP refit  (52 labelled)
  → 2HKSe-1  gap=3.865 eV  best=5.675 eV  top50=6  top10%=14
Cycle  44: GP refit  (53 labelled)
  → 2FK-1  gap=7.022 eV  best=7.022 eV  top50=7  top10%=15
Cycle  45: GP refit  (54 labelled)
  → 2HKTe-1  gap=3.400 eV  best=7.022 eV  top50=7  top10%=15
Cycle  46: full DKL retrain  (55 labelled)
GP warmup: 20 epochs on initial embeddings
Joint DKL training: 50 epochs
  Epoch 20/50  loss=0.9106
  Epoch 40/50  loss=0.4119
DKL training done in 0.3s
  → 1InNbBr6-1  gap=1.473 eV  best=7.022 eV  top50=7  top10%=15
Cycle  47: GP refit  (56 labelled)
  → 2ClK-2  gap=6.136 eV  best=7.022 eV  top50=8  top10%=16
Cycle  48: GP refit  (57 labelled)
  → 2ClCs-1  gap=5.654 eV  best=7.022 eV  top50=9  top10%=17
Cycle  49: GP refit  (58 labelled)
  → 1WAu2O4-2  gap=4.436 eV  best=7.022 eV  top50=9  top10%=17
Cycle  50: GP refit  (59 labelled)
  → 1BaI2-2  gap=4.274 eV  best=7.022 eV  top50=9  top10%=17
Cycle  51: full DKL retrain  (60 labelled)
GP warmup: 20 epochs on initial embeddings
Joint DKL training: 50 epochs
  Epoch 20/50  loss=0.5261
  Epoch 40/50  loss=0.3255
DKL training done in 0.3s
  → 2ClRb-2  gap=5.891 eV  best=7.022 eV  top50=10  top10%=18
Cycle  52: GP refit  (61 labelled)
  → 1BaBrI-1  gap=5.177 eV  best=7.022 eV  top50=10  top10%=19
Cycle  53: GP refit  (62 labelled)
  → 2AgIBr2-1  gap=2.063 eV  best=7.022 eV  top50=10  top10%=19
Cycle  54: GP refit  (63 labelled)
  → 1CaCl2-2  gap=6.384 eV  best=7.022 eV  top50=11  top10%=20
Cycle  55: GP refit  (64 labelled)
  → 1BaBrCl-1  gap=6.257 eV  best=7.022 eV  top50=12  top10%=21
Cycle  56: full DKL retrain  (65 labelled)
GP warmup: 20 epochs on initial embeddings
Joint DKL training: 50 epochs
  Epoch 20/50  loss=0.7395
  Epoch 40/50  loss=0.3749
DKL training done in 0.3s
  → 2CaClF-1  gap=7.587 eV  best=7.587 eV  top50=13  top10%=22
Cycle  57: GP refit  (66 labelled)
  → 2BrCaF-1  gap=6.385 eV  best=7.587 eV  top50=14  top10%=23
Cycle  58: GP refit  (67 labelled)
  → 2IIn-3  gap=2.347 eV  best=7.587 eV  top50=14  top10%=23
Cycle  59: GP refit  (68 labelled)
  → 2RhBr3-2  gap=1.129 eV  best=7.587 eV  top50=14  top10%=23
Cycle  60: GP refit  (69 labelled)
  → 2BrCu-3  gap=3.475 eV  best=7.587 eV  top50=14  top10%=23
Cycle  61: full DKL retrain  (70 labelled)
GP warmup: 20 epochs on initial embeddings
Joint DKL training: 50 epochs
  Epoch 20/50  loss=0.1701
  Epoch 40/50  loss=-0.2285
DKL training done in 0.3s
  → 2BrFSr-1  gap=6.270 eV  best=7.587 eV  top50=15  top10%=24
Cycle  62: GP refit  (71 labelled)
  → 2FNaO-1  gap=5.377 eV  best=7.587 eV  top50=16  top10%=25
Cycle  63: GP refit  (72 labelled)
  → 1BrClCa2S2-1  gap=3.810 eV  best=7.587 eV  top50=16  top10%=25
Cycle  64: GP refit  (73 labelled)
  → 2FRb-1  gap=6.553 eV  best=7.587 eV  top50=17  top10%=26
Cycle  65: GP refit  (74 labelled)
  → 2ITl-3  gap=2.762 eV  best=7.587 eV  top50=17  top10%=26
Cycle  66: full DKL retrain  (75 labelled)
GP warmup: 20 epochs on initial embeddings
Joint DKL training: 50 epochs
  Epoch 20/50  loss=0.6512
  Epoch 40/50  loss=0.3427
DKL training done in 0.3s
  → 2BaBrF-1  gap=6.128 eV  best=7.587 eV  top50=18  top10%=27
Cycle  67: GP refit  (76 labelled)
  → 1InN-1  gap=1.565 eV  best=7.587 eV  top50=18  top10%=27
Cycle  68: GP refit  (77 labelled)
  → 2ClFSr-1  gap=7.351 eV  best=7.587 eV  top50=19  top10%=28
Cycle  69: GP refit  (78 labelled)
  → 1TiF2-1  gap=2.096 eV  best=7.587 eV  top50=19  top10%=28
Cycle  70: GP refit  (79 labelled)
  → 2CaClH-1  gap=5.233 eV  best=7.587 eV  top50=19  top10%=29
Cycle  71: full DKL retrain  (80 labelled)
GP warmup: 20 epochs on initial embeddings
Joint DKL training: 50 epochs
  Epoch 20/50  loss=0.1305
  Epoch 40/50  loss=-0.3692
DKL training done in 0.3s
  → 1BaCl2-2  gap=6.099 eV  best=7.587 eV  top50=20  top10%=30
Cycle  72: GP refit  (81 labelled)
  → 2BaClF-1  gap=6.969 eV  best=7.587 eV  top50=21  top10%=31
Cycle  73: GP refit  (82 labelled)
  → 2FISr-1  gap=5.171 eV  best=7.587 eV  top50=21  top10%=32
Cycle  74: GP refit  (83 labelled)
  → 2BrGa-1  gap=3.271 eV  best=7.587 eV  top50=21  top10%=32
Cycle  75: GP refit  (84 labelled)
  → 2HInTeS4-1  gap=2.900 eV  best=7.587 eV  top50=21  top10%=32
Cycle  76: full DKL retrain  (85 labelled)
GP warmup: 20 epochs on initial embeddings
Joint DKL training: 50 epochs
  Epoch 20/50  loss=0.4280
  Epoch 40/50  loss=-0.0226
DKL training done in 0.3s
  → 1BaClI-1  gap=5.106 eV  best=7.587 eV  top50=21  top10%=33
Cycle  77: GP refit  (86 labelled)
  → 2AgTe-3  gap=0.756 eV  best=7.587 eV  top50=21  top10%=33
Cycle  78: GP refit  (87 labelled)
  → 2KTaF6-1  gap=8.681 eV  best=8.681 eV  top50=22  top10%=34
Cycle  79: GP refit  (88 labelled)
  → 1NiZrF6-1  gap=6.164 eV  best=8.681 eV  top50=23  top10%=35
Cycle  80: GP refit  (89 labelled)
  → 1PbBr2-2  gap=3.248 eV  best=8.681 eV  top50=23  top10%=35
Cycle  81: full DKL retrain  (90 labelled)
GP warmup: 20 epochs on initial embeddings
Joint DKL training: 50 epochs
  Epoch 20/50  loss=0.4956
  Epoch 40/50  loss=0.1424
DKL training done in 0.3s
  → 1BiFSe-1  gap=1.981 eV  best=8.681 eV  top50=23  top10%=35
Cycle  82: GP refit  (91 labelled)
  → 1CrTe2-2  gap=0.869 eV  best=8.681 eV  top50=23  top10%=35
Cycle  83: GP refit  (92 labelled)
  → 2FIrSe-1  gap=2.172 eV  best=8.681 eV  top50=23  top10%=35
Cycle  84: GP refit  (93 labelled)
  → 1VTe2-1  gap=0.854 eV  best=8.681 eV  top50=23  top10%=35
Cycle  85: GP refit  (94 labelled)
  → 1AgScP2S6-1  gap=3.453 eV  best=8.681 eV  top50=23  top10%=35
Cycle  86: full DKL retrain  (95 labelled)
GP warmup: 20 epochs on initial embeddings
Joint DKL training: 50 epochs
  Epoch 20/50  loss=0.4440
  Epoch 40/50  loss=0.0694
DKL training done in 0.3s
  → 1AgCrP2Se6-1  gap=1.789 eV  best=8.681 eV  top50=23  top10%=35
Cycle  87: GP refit  (96 labelled)
  → 1AgCrP2Te6-1  gap=1.137 eV  best=8.681 eV  top50=23  top10%=35
Cycle  88: GP refit  (97 labelled)
  → 1CoLiP2S6-1  gap=2.395 eV  best=8.681 eV  top50=23  top10%=35
Cycle  89: GP refit  (98 labelled)
  → 1AgAlP2S6-1  gap=3.132 eV  best=8.681 eV  top50=23  top10%=35
Cycle  90: GP refit  (99 labelled)
  → 2CsF-1  gap=6.059 eV  best=8.681 eV  top50=24  top10%=36
Cycle  91: full DKL retrain  (100 labelled)
GP warmup: 20 epochs on initial embeddings
Joint DKL training: 50 epochs
  Epoch 20/50  loss=0.2117
  Epoch 40/50  loss=-0.1431
DKL training done in 0.3s
  → 1AgAlP2Se6-1  gap=2.339 eV  best=8.681 eV  top50=24  top10%=36
Cycle  92: GP refit  (101 labelled)
  → 1AgCrP2S6-1  gap=2.012 eV  best=8.681 eV  top50=24  top10%=36
Cycle  93: GP refit  (102 labelled)
  → 1SnBr2S2-1  gap=1.490 eV  best=8.681 eV  top50=24  top10%=36
Cycle  94: GP refit  (103 labelled)
  → 1SeTa3F7-1  gap=1.735 eV  best=8.681 eV  top50=24  top10%=36
Cycle  95: GP refit  (104 labelled)
  → 2KNORuF5-1  gap=3.089 eV  best=8.681 eV  top50=24  top10%=36
Cycle  96: full DKL retrain  (105 labelled)
GP warmup: 20 epochs on initial embeddings
Joint DKL training: 50 epochs
  Epoch 20/50  loss=0.1546
  Epoch 40/50  loss=-0.1991
DKL training done in 0.3s
  → 2CuF-2  gap=0.477 eV  best=8.681 eV  top50=24  top10%=36
Cycle  97: GP refit  (106 labelled)
  → 1CoLiP2Se6-1  gap=2.004 eV  best=8.681 eV  top50=24  top10%=36
Cycle  98: GP refit  (107 labelled)
  → 2AgCrP2S6-1  gap=2.715 eV  best=8.681 eV  top50=24  top10%=36
Cycle  99: GP refit  (108 labelled)
  → 2RhSe-3  gap=0.337 eV  best=8.681 eV  top50=24  top10%=36
Cycle 100: GP refit  (109 labelled)
  → 2CaFI-1  gap=5.209 eV  best=8.681 eV  top50=24  top10%=37
  gap_max/seed0 → best=8.681 top50=24 top10%=37
BOLoop: 766 materials  |  direction=max  |  top-50 internal threshold=5.35  top-10% internal threshold=4.94
Init: 10 random labels  |  best (max) = 3.745
Cycle   1: full DKL retrain  (10 labelled)
GP warmup: 20 epochs on initial embeddings
/home/roy/Desktop/DKL-BO/venv/lib/python3.13/site-packages/torch/_compile.py:54: UserWarning: optimizer contains a parameter group with duplicate parameters; in future, this will cause an error; see github.com/pytorch/pytorch/issues/40967 for more information
  return disable_fn(*args, **kwargs)
Joint DKL training: 50 epochs
  Epoch 20/50  loss=1.2665
  Epoch 40/50  loss=1.1360
DKL training done in 0.3s
  → 2BiBrHgO2-1  gap=3.519 eV  best=3.745 eV  top50=0  top10%=0
Cycle   2: GP refit  (11 labelled)
  → 2OPb-1  gap=3.463 eV  best=3.745 eV  top50=0  top10%=0
Cycle   3: GP refit  (12 labelled)
  → 2CKO3-1  gap=2.692 eV  best=3.745 eV  top50=0  top10%=0
Cycle   4: GP refit  (13 labelled)
  → 1PbTe-1  gap=1.500 eV  best=3.745 eV  top50=0  top10%=0
Cycle   5: GP refit  (14 labelled)
  → 1CrO2-2  gap=1.144 eV  best=3.745 eV  top50=0  top10%=0
Cycle   6: full DKL retrain  (15 labelled)
GP warmup: 20 epochs on initial embeddings
Joint DKL training: 50 epochs
  Epoch 20/50  loss=0.5070
  Epoch 40/50  loss=0.1818
DKL training done in 0.3s
  → 2SrBi2O4-1  gap=4.038 eV  best=4.038 eV  top50=0  top10%=0
Cycle   7: GP refit  (16 labelled)
  → 1HgO-1  gap=0.025 eV  best=4.038 eV  top50=0  top10%=0
Cycle   8: GP refit  (17 labelled)
  → 1HgBr2-4  gap=2.459 eV  best=4.038 eV  top50=0  top10%=0
Cycle   9: GP refit  (18 labelled)
  → 2BrCs-2  gap=5.145 eV  best=5.145 eV  top50=0  top10%=1
Cycle  10: GP refit  (19 labelled)
  → 1CrSe2-1  gap=1.128 eV  best=5.145 eV  top50=0  top10%=1
Cycle  11: full DKL retrain  (20 labelled)
GP warmup: 20 epochs on initial embeddings
Joint DKL training: 50 epochs
  Epoch 20/50  loss=0.8490
  Epoch 40/50  loss=0.4818
DKL training done in 0.3s
  → 2BrRb-2  gap=5.268 eV  best=5.268 eV  top50=0  top10%=2
Cycle  12: GP refit  (21 labelled)
  → 2IRb-1  gap=4.613 eV  best=5.268 eV  top50=0  top10%=2
Cycle  13: GP refit  (22 labelled)
  → 2BrTl-3  gap=3.214 eV  best=5.268 eV  top50=0  top10%=2
Cycle  14: GP refit  (23 labelled)
  → 1PbS-1  gap=2.593 eV  best=5.268 eV  top50=0  top10%=2
Cycle  15: GP refit  (24 labelled)
  → 1HgS-1  gap=0.724 eV  best=5.268 eV  top50=0  top10%=2
Cycle  16: full DKL retrain  (25 labelled)
GP warmup: 20 epochs on initial embeddings
Joint DKL training: 50 epochs
  Epoch 20/50  loss=0.4007
  Epoch 40/50  loss=0.0864
DKL training done in 0.3s
  → 2BrK-1  gap=5.470 eV  best=5.470 eV  top50=1  top10%=3
Cycle  17: GP refit  (26 labelled)
  → 2IK-2  gap=4.784 eV  best=5.470 eV  top50=1  top10%=3
Cycle  18: GP refit  (27 labelled)
  → 1HgSe-1  gap=0.423 eV  best=5.470 eV  top50=1  top10%=3
Cycle  19: GP refit  (28 labelled)
  → 2ClCs-1  gap=5.654 eV  best=5.654 eV  top50=2  top10%=4
Cycle  20: GP refit  (29 labelled)
  → 2ClRb-2  gap=5.891 eV  best=5.891 eV  top50=3  top10%=5
Cycle  21: full DKL retrain  (30 labelled)
GP warmup: 20 epochs on initial embeddings
Joint DKL training: 50 epochs
  Epoch 20/50  loss=0.3527
  Epoch 40/50  loss=0.0691
DKL training done in 0.3s
  → 2IIn-3  gap=2.347 eV  best=5.891 eV  top50=3  top10%=5
Cycle  22: GP refit  (31 labelled)
  → 1AgScP2S6-1  gap=3.453 eV  best=5.891 eV  top50=3  top10%=5
Cycle  23: GP refit  (32 labelled)
  → 1TiF2-1  gap=2.096 eV  best=5.891 eV  top50=3  top10%=5
Cycle  24: GP refit  (33 labelled)
  → 4HgTe-1  gap=0.899 eV  best=5.891 eV  top50=3  top10%=5
Cycle  25: GP refit  (34 labelled)
  → 1SrBr2-2  gap=5.386 eV  best=5.891 eV  top50=4  top10%=6
Cycle  26: full DKL retrain  (35 labelled)
GP warmup: 20 epochs on initial embeddings
Joint DKL training: 50 epochs
  Epoch 20/50  loss=1.8791
  Epoch 40/50  loss=0.3176
DKL training done in 0.3s
  → 1SrCl2-2  gap=6.202 eV  best=6.202 eV  top50=5  top10%=7
Cycle  27: GP refit  (36 labelled)
  → 1ScBr2-1  gap=0.757 eV  best=6.202 eV  top50=5  top10%=7
Cycle  28: GP refit  (37 labelled)
  → 2TiBr2-1  gap=0.817 eV  best=6.202 eV  top50=5  top10%=7
Cycle  29: GP refit  (38 labelled)
  → 1BaCl2-2  gap=6.099 eV  best=6.202 eV  top50=6  top10%=8
Cycle  30: GP refit  (39 labelled)
  → 1BaBrCl-1  gap=6.257 eV  best=6.257 eV  top50=7  top10%=9
Cycle  31: full DKL retrain  (40 labelled)
GP warmup: 20 epochs on initial embeddings
Joint DKL training: 50 epochs
  Epoch 20/50  loss=1.3729
  Epoch 40/50  loss=0.7800
DKL training done in 0.3s
  → 1BaBr2-2  gap=5.328 eV  best=6.257 eV  top50=7  top10%=10
Cycle  32: GP refit  (41 labelled)
  → 2ClK-2  gap=6.136 eV  best=6.257 eV  top50=8  top10%=11
Cycle  33: GP refit  (42 labelled)
  → 1SnBr2-2  gap=3.220 eV  best=6.257 eV  top50=8  top10%=11
Cycle  34: GP refit  (43 labelled)
  → 1SnCl2-2  gap=3.537 eV  best=6.257 eV  top50=8  top10%=11
Cycle  35: GP refit  (44 labelled)
  → 1InNbBr6-1  gap=1.473 eV  best=6.257 eV  top50=8  top10%=11
Cycle  36: full DKL retrain  (45 labelled)
GP warmup: 20 epochs on initial embeddings
Joint DKL training: 50 epochs
  Epoch 20/50  loss=5.3999
  Epoch 40/50  loss=1.1573
DKL training done in 0.3s
  → 1InN-1  gap=1.565 eV  best=6.257 eV  top50=8  top10%=11
Cycle  37: GP refit  (46 labelled)
  → 2FRb-1  gap=6.553 eV  best=6.553 eV  top50=9  top10%=12
Cycle  38: GP refit  (47 labelled)
  → 2FK-1  gap=7.022 eV  best=7.022 eV  top50=10  top10%=13
Cycle  39: GP refit  (48 labelled)
  → 1TiCl2-1  gap=1.395 eV  best=7.022 eV  top50=10  top10%=13
Cycle  40: GP refit  (49 labelled)
  → 2HKSe-1  gap=3.865 eV  best=7.022 eV  top50=10  top10%=13
Cycle  41: full DKL retrain  (50 labelled)
GP warmup: 20 epochs on initial embeddings
Joint DKL training: 50 epochs
  Epoch 20/50  loss=2.0647
  Epoch 40/50  loss=1.0499
DKL training done in 0.3s
  → 2AgF-3  gap=2.475 eV  best=7.022 eV  top50=10  top10%=13
Cycle  42: GP refit  (51 labelled)
  → 1BrISr-1  gap=5.047 eV  best=7.022 eV  top50=10  top10%=14
Cycle  43: GP refit  (52 labelled)
  → 2ClGa-1  gap=3.220 eV  best=7.022 eV  top50=10  top10%=14
Cycle  44: GP refit  (53 labelled)
  → 1BaBrI-1  gap=5.177 eV  best=7.022 eV  top50=10  top10%=15
Cycle  45: GP refit  (54 labelled)
  → 1WAg2Te4-1  gap=1.318 eV  best=7.022 eV  top50=10  top10%=15
Cycle  46: full DKL retrain  (55 labelled)
GP warmup: 20 epochs on initial embeddings
Joint DKL training: 50 epochs
  Epoch 20/50  loss=0.9108
  Epoch 40/50  loss=0.5511
DKL training done in 0.3s
  → 1CSiF2-1  gap=3.306 eV  best=7.022 eV  top50=10  top10%=15
Cycle  47: GP refit  (56 labelled)
  → 2KNbF6-1  gap=8.177 eV  best=8.177 eV  top50=11  top10%=16
Cycle  48: GP refit  (57 labelled)
  → 1HfPdF6-1  gap=3.959 eV  best=8.177 eV  top50=11  top10%=16
Cycle  49: GP refit  (58 labelled)
  → 2KTaF6-1  gap=8.681 eV  best=8.681 eV  top50=12  top10%=17
Cycle  50: GP refit  (59 labelled)
  → 1SNb3F7-1  gap=1.872 eV  best=8.681 eV  top50=12  top10%=17
Cycle  51: full DKL retrain  (60 labelled)
GP warmup: 20 epochs on initial embeddings
Joint DKL training: 50 epochs
  Epoch 20/50  loss=0.8815
  Epoch 40/50  loss=0.5785
DKL training done in 0.3s
  → 1C2O2Zr3-1  gap=0.961 eV  best=8.681 eV  top50=12  top10%=17
Cycle  52: GP refit  (61 labelled)
  → 2ClFSr-1  gap=7.351 eV  best=8.681 eV  top50=13  top10%=18
Cycle  53: GP refit  (62 labelled)
  → 1ScCl2-1  gap=0.736 eV  best=8.681 eV  top50=13  top10%=18
Cycle  54: GP refit  (63 labelled)
  → 2FeS2-1  gap=1.331 eV  best=8.681 eV  top50=13  top10%=18
Cycle  55: GP refit  (64 labelled)
  → 2CKOOsF5-1  gap=1.831 eV  best=8.681 eV  top50=13  top10%=18
Cycle  56: full DKL retrain  (65 labelled)
GP warmup: 20 epochs on initial embeddings
Joint DKL training: 50 epochs
  Epoch 20/50  loss=1.2399
  Epoch 40/50  loss=0.8270
DKL training done in 0.3s
  → 1OVF2-1  gap=3.311 eV  best=8.681 eV  top50=13  top10%=18
Cycle  57: GP refit  (66 labelled)
  → 2FIrS-2  gap=2.104 eV  best=8.681 eV  top50=13  top10%=18
Cycle  58: GP refit  (67 labelled)
  → 2BaClF-1  gap=6.969 eV  best=8.681 eV  top50=14  top10%=19
Cycle  59: GP refit  (68 labelled)
  → 1RuCl2-3  gap=0.908 eV  best=8.681 eV  top50=14  top10%=19
Cycle  60: GP refit  (69 labelled)
  → 2BrFSr-1  gap=6.270 eV  best=8.681 eV  top50=15  top10%=20
Cycle  61: full DKL retrain  (70 labelled)
GP warmup: 20 epochs on initial embeddings
Joint DKL training: 50 epochs
  Epoch 20/50  loss=0.7812
  Epoch 40/50  loss=0.4786
DKL training done in 0.3s
  → 1HfNiF6-1  gap=6.181 eV  best=8.681 eV  top50=16  top10%=21
Cycle  62: GP refit  (71 labelled)
  → 1BN-1  gap=5.675 eV  best=8.681 eV  top50=17  top10%=22
Cycle  63: GP refit  (72 labelled)
  → 2OW-1  gap=0.132 eV  best=8.681 eV  top50=17  top10%=22
Cycle  64: GP refit  (73 labelled)
  → 1CSiH2-1  gap=4.871 eV  best=8.681 eV  top50=17  top10%=22
Cycle  65: GP refit  (74 labelled)
  → 1SeTa3F7-1  gap=1.735 eV  best=8.681 eV  top50=17  top10%=22
Cycle  66: full DKL retrain  (75 labelled)
GP warmup: 20 epochs on initial embeddings
Joint DKL training: 50 epochs
  Epoch 20/50  loss=0.6401
  Epoch 40/50  loss=0.3080
DKL training done in 0.3s
  → 1ScH2-1  gap=0.549 eV  best=8.681 eV  top50=17  top10%=22
Cycle  67: GP refit  (76 labelled)
  → 1HfZnF6-1  gap=8.573 eV  best=8.681 eV  top50=18  top10%=23
Cycle  68: GP refit  (77 labelled)
  → 1NiCl2N2H4C6-1  gap=2.638 eV  best=8.681 eV  top50=18  top10%=23
Cycle  69: GP refit  (78 labelled)
  → 1ZrO2-3  gap=3.561 eV  best=8.681 eV  top50=18  top10%=23
Cycle  70: GP refit  (79 labelled)
  → 2OSc-1  gap=1.194 eV  best=8.681 eV  top50=18  top10%=23
Cycle  71: full DKL retrain  (80 labelled)
GP warmup: 20 epochs on initial embeddings
Joint DKL training: 50 epochs
  Epoch 20/50  loss=0.6572
  Epoch 40/50  loss=0.2492
DKL training done in 0.3s
  → 2PtF3-1  gap=2.703 eV  best=8.681 eV  top50=18  top10%=23
Cycle  72: GP refit  (81 labelled)
  → 1FeHfF6-1  gap=4.951 eV  best=8.681 eV  top50=18  top10%=24
Cycle  73: GP refit  (82 labelled)
  → 4AgF2-2  gap=1.637 eV  best=8.681 eV  top50=18  top10%=24
Cycle  74: GP refit  (83 labelled)
  → 2CaClF-1  gap=7.587 eV  best=8.681 eV  top50=19  top10%=25
Cycle  75: GP refit  (84 labelled)
  → 2CuF-2  gap=0.477 eV  best=8.681 eV  top50=19  top10%=25
Cycle  76: full DKL retrain  (85 labelled)
GP warmup: 20 epochs on initial embeddings
Joint DKL training: 50 epochs
  Epoch 20/50  loss=0.8475
  Epoch 40/50  loss=0.5291
DKL training done in 0.3s
  → 2BrCaF-1  gap=6.385 eV  best=8.681 eV  top50=20  top10%=26
Cycle  77: GP refit  (86 labelled)
  → 1NiZrF6-1  gap=6.164 eV  best=8.681 eV  top50=21  top10%=27
Cycle  78: GP refit  (87 labelled)
  → 2CsNOsSF5-1  gap=2.525 eV  best=8.681 eV  top50=21  top10%=27
Cycle  79: GP refit  (88 labelled)
  → 1SeNb3F7-1  gap=1.807 eV  best=8.681 eV  top50=21  top10%=27
Cycle  80: GP refit  (89 labelled)
  → 2CoFO2-1  gap=2.473 eV  best=8.681 eV  top50=21  top10%=27
Cycle  81: full DKL retrain  (90 labelled)
GP warmup: 20 epochs on initial embeddings
Joint DKL training: 50 epochs
  Epoch 20/50  loss=0.6379
  Epoch 40/50  loss=0.2359
DKL training done in 0.3s
  → 1BrClNi-1  gap=3.508 eV  best=8.681 eV  top50=21  top10%=27
Cycle  82: GP refit  (91 labelled)
  → 1CrS2-1  gap=1.351 eV  best=8.681 eV  top50=21  top10%=27
Cycle  83: GP refit  (92 labelled)
  → 2FeTe2-1  gap=0.581 eV  best=8.681 eV  top50=21  top10%=27
Cycle  84: GP refit  (93 labelled)
  → 2CaClH-1  gap=5.233 eV  best=8.681 eV  top50=21  top10%=28
Cycle  85: GP refit  (94 labelled)
  → 1ZnCl2-3  gap=4.718 eV  best=8.681 eV  top50=21  top10%=28
Cycle  86: full DKL retrain  (95 labelled)
GP warmup: 20 epochs on initial embeddings
Joint DKL training: 50 epochs
  Epoch 20/50  loss=0.4799
  Epoch 40/50  loss=0.1222
DKL training done in 0.3s
  → 1AgCrP2Se6-1  gap=1.789 eV  best=8.681 eV  top50=21  top10%=28
Cycle  87: GP refit  (96 labelled)
  → 1BrCoSe-1  gap=2.153 eV  best=8.681 eV  top50=21  top10%=28
Cycle  88: GP refit  (97 labelled)
  → 1CdCl2N2C4H4-1  gap=3.619 eV  best=8.681 eV  top50=21  top10%=28
Cycle  89: GP refit  (98 labelled)
  → 2FLiO-1  gap=5.494 eV  best=8.681 eV  top50=22  top10%=29
Cycle  90: GP refit  (99 labelled)
  → 2FRhSe-1  gap=2.223 eV  best=8.681 eV  top50=22  top10%=29
Cycle  91: full DKL retrain  (100 labelled)
GP warmup: 20 epochs on initial embeddings
Joint DKL training: 50 epochs
  Epoch 20/50  loss=1.0474
  Epoch 40/50  loss=0.7255
DKL training done in 0.3s
  → 2FNaO-1  gap=5.377 eV  best=8.681 eV  top50=23  top10%=30
Cycle  92: GP refit  (101 labelled)
  → 2FISr-1  gap=5.171 eV  best=8.681 eV  top50=23  top10%=31
Cycle  93: GP refit  (102 labelled)
  → 2CoHO2-1  gap=2.596 eV  best=8.681 eV  top50=23  top10%=31
Cycle  94: GP refit  (103 labelled)
  → 2TeV-4  gap=0.774 eV  best=8.681 eV  top50=23  top10%=31
Cycle  95: GP refit  (104 labelled)
  → 2ScSe-3  gap=0.933 eV  best=8.681 eV  top50=23  top10%=31
Cycle  96: full DKL retrain  (105 labelled)
GP warmup: 20 epochs on initial embeddings
Joint DKL training: 50 epochs
  Epoch 20/50  loss=0.3349
  Epoch 40/50  loss=-0.0383
DKL training done in 0.3s
  → 1AgCrP2Te6-1  gap=1.137 eV  best=8.681 eV  top50=23  top10%=31
Cycle  97: GP refit  (106 labelled)
  → 2HLiO-1  gap=5.612 eV  best=8.681 eV  top50=24  top10%=32
Cycle  98: GP refit  (107 labelled)
  → 1C2O2Hf3-1  gap=0.917 eV  best=8.681 eV  top50=24  top10%=32
Cycle  99: GP refit  (108 labelled)
  → 2CsNRuSF5-1  gap=2.579 eV  best=8.681 eV  top50=24  top10%=32
Cycle 100: GP refit  (109 labelled)
  → 1AuInF4-1  gap=2.106 eV  best=8.681 eV  top50=24  top10%=32
  gap_max/seed1 → best=8.681 top50=24 top10%=32
BOLoop: 766 materials  |  direction=max  |  top-50 internal threshold=5.35  top-10% internal threshold=4.94
Init: 10 random labels  |  best (max) = 4.709
Cycle   1: full DKL retrain  (10 labelled)
GP warmup: 20 epochs on initial embeddings
/home/roy/Desktop/DKL-BO/venv/lib/python3.13/site-packages/torch/_compile.py:54: UserWarning: optimizer contains a parameter group with duplicate parameters; in future, this will cause an error; see github.com/pytorch/pytorch/issues/40967 for more information
  return disable_fn(*args, **kwargs)
Joint DKL training: 50 epochs
  Epoch 20/50  loss=1.6225
  Epoch 40/50  loss=1.4998
DKL training done in 0.3s
  → 2BrCaH-1  gap=5.531 eV  best=5.531 eV  top50=1  top10%=1
Cycle   2: GP refit  (11 labelled)
  → 2PtF3-1  gap=2.703 eV  best=5.531 eV  top50=1  top10%=1
Cycle   3: GP refit  (12 labelled)
  → 4NiPS-1  gap=2.172 eV  best=5.531 eV  top50=1  top10%=1
Cycle   4: GP refit  (13 labelled)
  → 2BrHSr-1  gap=5.479 eV  best=5.531 eV  top50=2  top10%=2
Cycle   5: GP refit  (14 labelled)
  → 2BaBrH-1  gap=4.780 eV  best=5.531 eV  top50=2  top10%=2
Cycle   6: full DKL retrain  (15 labelled)
GP warmup: 20 epochs on initial embeddings
Joint DKL training: 50 epochs
  Epoch 20/50  loss=0.8796
  Epoch 40/50  loss=0.7361
DKL training done in 0.3s
  → 1BaBr2-2  gap=5.328 eV  best=5.531 eV  top50=2  top10%=3
Cycle   7: GP refit  (16 labelled)
  → 1SrBr2-2  gap=5.386 eV  best=5.531 eV  top50=3  top10%=4
Cycle   8: GP refit  (17 labelled)
  → 1CaBr2-2  gap=5.515 eV  best=5.531 eV  top50=4  top10%=5
Cycle   9: GP refit  (18 labelled)
  → 2BrRb-2  gap=5.268 eV  best=5.531 eV  top50=4  top10%=6
Cycle  10: GP refit  (19 labelled)
  → 2BrK-1  gap=5.470 eV  best=5.531 eV  top50=5  top10%=7
Cycle  11: full DKL retrain  (20 labelled)
GP warmup: 20 epochs on initial embeddings
Joint DKL training: 50 epochs
  Epoch 20/50  loss=0.0359
  Epoch 40/50  loss=-0.5729
DKL training done in 0.3s
  → 2ClK-2  gap=6.136 eV  best=6.136 eV  top50=6  top10%=8
Cycle  12: GP refit  (21 labelled)
  → 1BN-1  gap=5.675 eV  best=6.136 eV  top50=7  top10%=9
Cycle  13: GP refit  (22 labelled)
  → 2ITl-3  gap=2.762 eV  best=6.136 eV  top50=7  top10%=9
Cycle  14: GP refit  (23 labelled)
  → 2IK-2  gap=4.784 eV  best=6.136 eV  top50=7  top10%=9
Cycle  15: GP refit  (24 labelled)
  → 2FK-1  gap=7.022 eV  best=7.022 eV  top50=8  top10%=10
Cycle  16: full DKL retrain  (25 labelled)
GP warmup: 20 epochs on initial embeddings
Joint DKL training: 50 epochs
  Epoch 20/50  loss=17.3073
  Epoch 40/50  loss=1.0429
DKL training done in 0.3s
  → 2FRb-1  gap=6.553 eV  best=7.022 eV  top50=9  top10%=11
Cycle  17: GP refit  (26 labelled)
  → 2PbTe-3  gap=0.385 eV  best=7.022 eV  top50=9  top10%=11
Cycle  18: GP refit  (27 labelled)
  → 1BrITl2-1  gap=2.587 eV  best=7.022 eV  top50=9  top10%=11
Cycle  19: GP refit  (28 labelled)
  → 1BaI2-2  gap=4.274 eV  best=7.022 eV  top50=9  top10%=11
Cycle  20: GP refit  (29 labelled)
  → 2STl-2  gap=1.159 eV  best=7.022 eV  top50=9  top10%=11
Cycle  21: full DKL retrain  (30 labelled)
GP warmup: 20 epochs on initial embeddings
Joint DKL training: 50 epochs
  Epoch 20/50  loss=1.4730
  Epoch 40/50  loss=-0.2982
DKL training done in 0.3s
  → 2HKS-2  gap=4.369 eV  best=7.022 eV  top50=9  top10%=11
Cycle  22: GP refit  (31 labelled)
  → 2CsF-1  gap=6.059 eV  best=7.022 eV  top50=10  top10%=12
Cycle  23: GP refit  (32 labelled)
  → 1InSb-1  gap=0.945 eV  best=7.022 eV  top50=10  top10%=12
Cycle  24: GP refit  (33 labelled)
  → 2HKO-2  gap=4.890 eV  best=7.022 eV  top50=10  top10%=12
Cycle  25: GP refit  (34 labelled)
  → 2ClCs-1  gap=5.654 eV  best=7.022 eV  top50=11  top10%=13
Cycle  26: full DKL retrain  (35 labelled)
GP warmup: 20 epochs on initial embeddings
Joint DKL training: 50 epochs
  Epoch 20/50  loss=2.3573
  Epoch 40/50  loss=0.2628
DKL training done in 0.3s
  → 1TiF2-1  gap=2.096 eV  best=7.022 eV  top50=11  top10%=13
Cycle  27: GP refit  (36 labelled)
  → 2HLiO-1  gap=5.612 eV  best=7.022 eV  top50=12  top10%=14
Cycle  28: GP refit  (37 labelled)
  → 2HSLi3O4-1  gap=5.694 eV  best=7.022 eV  top50=13  top10%=15
Cycle  29: GP refit  (38 labelled)
  → 2ClRb-2  gap=5.891 eV  best=7.022 eV  top50=14  top10%=16
Cycle  30: GP refit  (39 labelled)
  → 2AsTlO3-1  gap=4.438 eV  best=7.022 eV  top50=14  top10%=16
Cycle  31: full DKL retrain  (40 labelled)
GP warmup: 20 epochs on initial embeddings
Joint DKL training: 50 epochs
  Epoch 20/50  loss=1.5209
  Epoch 40/50  loss=0.1006
DKL training done in 0.3s
  → 1AsB-1  gap=1.188 eV  best=7.022 eV  top50=14  top10%=16
Cycle  32: GP refit  (41 labelled)
  → 2CoHO2-1  gap=2.596 eV  best=7.022 eV  top50=14  top10%=16
Cycle  33: GP refit  (42 labelled)
  → 2BrCs-2  gap=5.145 eV  best=7.022 eV  top50=14  top10%=17
Cycle  34: GP refit  (43 labelled)
  → 1BaBrCl-1  gap=6.257 eV  best=7.022 eV  top50=15  top10%=18
Cycle  35: GP refit  (44 labelled)
  → 1BaCl2-2  gap=6.099 eV  best=7.022 eV  top50=16  top10%=19
Cycle  36: full DKL retrain  (45 labelled)
GP warmup: 20 epochs on initial embeddings
Joint DKL training: 50 epochs
  Epoch 20/50  loss=9.8290
  Epoch 40/50  loss=2.0422
DKL training done in 0.3s
  → 2BrFSr-1  gap=6.270 eV  best=7.022 eV  top50=17  top10%=20
Cycle  37: GP refit  (46 labelled)
  → 1SrCl2-2  gap=6.202 eV  best=7.022 eV  top50=18  top10%=21
Cycle  38: GP refit  (47 labelled)
  → 2BaFI-1  gap=4.907 eV  best=7.022 eV  top50=18  top10%=21
Cycle  39: GP refit  (48 labelled)
  → 2BrCaF-1  gap=6.385 eV  best=7.022 eV  top50=19  top10%=22
Cycle  40: GP refit  (49 labelled)
  → 2ClHSr-1  gap=5.259 eV  best=7.022 eV  top50=19  top10%=23
Cycle  41: full DKL retrain  (50 labelled)
GP warmup: 20 epochs on initial embeddings
Joint DKL training: 50 epochs
  Epoch 20/50  loss=1.3949
  Epoch 40/50  loss=0.6993
DKL training done in 0.3s
  → 2KTaF6-1  gap=8.681 eV  best=8.681 eV  top50=20  top10%=24
Cycle  42: GP refit  (51 labelled)
  → 2KNbF6-1  gap=8.177 eV  best=8.681 eV  top50=21  top10%=25
Cycle  43: GP refit  (52 labelled)
  → 1PtSeMn2S5-1  gap=1.467 eV  best=8.681 eV  top50=21  top10%=25
Cycle  44: GP refit  (53 labelled)
  → 2SbTlO3-1  gap=4.173 eV  best=8.681 eV  top50=21  top10%=25
Cycle  45: GP refit  (54 labelled)
  → 2ClFSr-1  gap=7.351 eV  best=8.681 eV  top50=22  top10%=26
Cycle  46: full DKL retrain  (55 labelled)
GP warmup: 20 epochs on initial embeddings
Joint DKL training: 50 epochs
  Epoch 20/50  loss=0.8779
  Epoch 40/50  loss=0.5346
DKL training done in 0.3s
  → 2FLiO-1  gap=5.494 eV  best=8.681 eV  top50=23  top10%=27
Cycle  47: GP refit  (56 labelled)
  → 2BaClF-1  gap=6.969 eV  best=8.681 eV  top50=24  top10%=28
Cycle  48: GP refit  (57 labelled)
  → 2HKTe-1  gap=3.400 eV  best=8.681 eV  top50=24  top10%=28
Cycle  49: GP refit  (58 labelled)
  → 1FeHfF6-1  gap=4.951 eV  best=8.681 eV  top50=24  top10%=29
Cycle  50: GP refit  (59 labelled)
  → 1CaI2-2  gap=4.063 eV  best=8.681 eV  top50=24  top10%=29
Cycle  51: full DKL retrain  (60 labelled)
GP warmup: 20 epochs on initial embeddings
Joint DKL training: 50 epochs
  Epoch 20/50  loss=0.2921
  Epoch 40/50  loss=-0.1203
DKL training done in 0.3s
  → 2InSe-1  gap=2.055 eV  best=8.681 eV  top50=24  top10%=29
Cycle  52: GP refit  (61 labelled)
  → 2OW-1  gap=0.132 eV  best=8.681 eV  top50=24  top10%=29
Cycle  53: GP refit  (62 labelled)
  → 1ScH2-1  gap=0.549 eV  best=8.681 eV  top50=24  top10%=29
Cycle  54: GP refit  (63 labelled)
  → 1PbSe2-1  gap=1.847 eV  best=8.681 eV  top50=24  top10%=29
Cycle  55: GP refit  (64 labelled)
  → 2ClIn-5  gap=2.997 eV  best=8.681 eV  top50=24  top10%=29
Cycle  56: full DKL retrain  (65 labelled)
GP warmup: 20 epochs on initial embeddings
Joint DKL training: 50 epochs
  Epoch 20/50  loss=3.6817
  Epoch 40/50  loss=0.8542
DKL training done in 0.3s
  → 2CaClF-1  gap=7.587 eV  best=8.681 eV  top50=25  top10%=30
Cycle  57: GP refit  (66 labelled)
  → 1MgCl2-3  gap=6.063 eV  best=8.681 eV  top50=26  top10%=31
Cycle  58: GP refit  (67 labelled)
  → 1CrO2-2  gap=1.144 eV  best=8.681 eV  top50=26  top10%=31
Cycle  59: GP refit  (68 labelled)
  → 1GeCl2-2  gap=3.875 eV  best=8.681 eV  top50=26  top10%=31
Cycle  60: GP refit  (69 labelled)
  → 2HInTeS4-1  gap=2.900 eV  best=8.681 eV  top50=26  top10%=31
Cycle  61: full DKL retrain  (70 labelled)
GP warmup: 20 epochs on initial embeddings
Joint DKL training: 50 epochs
  Epoch 20/50  loss=0.3313
  Epoch 40/50  loss=-0.1553
DKL training done in 0.3s
  → 2OsTe2-1  gap=1.379 eV  best=8.681 eV  top50=26  top10%=31
Cycle  62: GP refit  (71 labelled)
  → 1AgScP2S6-1  gap=3.453 eV  best=8.681 eV  top50=26  top10%=31
Cycle  63: GP refit  (72 labelled)
  → 2ClIrSe-2  gap=2.235 eV  best=8.681 eV  top50=26  top10%=31
Cycle  64: GP refit  (73 labelled)
  → 2GaHTeO4-1  gap=5.308 eV  best=8.681 eV  top50=26  top10%=32
Cycle  65: GP refit  (74 labelled)
  → 2AlHTeO4-1  gap=5.331 eV  best=8.681 eV  top50=26  top10%=33
Cycle  66: full DKL retrain  (75 labelled)
GP warmup: 20 epochs on initial embeddings
Joint DKL training: 50 epochs
  Epoch 20/50  loss=0.4798
  Epoch 40/50  loss=0.3125
DKL training done in 0.3s
  → 1ZrSe2-2  gap=1.684 eV  best=8.681 eV  top50=26  top10%=33
Cycle  67: GP refit  (76 labelled)
  → 2HInSeO4-1  gap=5.487 eV  best=8.681 eV  top50=27  top10%=34
Cycle  68: GP refit  (77 labelled)
  → 2FeSe2-1  gap=1.053 eV  best=8.681 eV  top50=27  top10%=34
Cycle  69: GP refit  (78 labelled)
  → 1ZrCl2-1  gap=1.500 eV  best=8.681 eV  top50=27  top10%=34
Cycle  70: GP refit  (79 labelled)
  → 1CrSeTe-1  gap=0.994 eV  best=8.681 eV  top50=27  top10%=34
Cycle  71: full DKL retrain  (80 labelled)
GP warmup: 20 epochs on initial embeddings
Joint DKL training: 50 epochs
  Epoch 20/50  loss=0.5310
  Epoch 40/50  loss=0.0670
DKL training done in 0.3s
  → 2FeTe2-1  gap=0.581 eV  best=8.681 eV  top50=27  top10%=34
Cycle  72: GP refit  (81 labelled)
  → 1AgCrP2Se6-1  gap=1.789 eV  best=8.681 eV  top50=27  top10%=34
Cycle  73: GP refit  (82 labelled)
  → 2AlHSO4-1  gap=6.800 eV  best=8.681 eV  top50=28  top10%=35
Cycle  74: GP refit  (83 labelled)
  → 1OVF2-1  gap=3.311 eV  best=8.681 eV  top50=28  top10%=35
Cycle  75: GP refit  (84 labelled)
  → 2AlHSeO4-1  gap=6.063 eV  best=8.681 eV  top50=29  top10%=36
Cycle  76: full DKL retrain  (85 labelled)
GP warmup: 20 epochs on initial embeddings
Joint DKL training: 50 epochs
  Epoch 20/50  loss=0.0890
  Epoch 40/50  loss=-0.2501
DKL training done in 0.3s
  → 1WO2-1  gap=2.097 eV  best=8.681 eV  top50=29  top10%=36
Cycle  77: GP refit  (86 labelled)
  → 2OsSe2-1  gap=1.389 eV  best=8.681 eV  top50=29  top10%=36
Cycle  78: GP refit  (87 labelled)
  → 1WS2-1  gap=2.055 eV  best=8.681 eV  top50=29  top10%=36
Cycle  79: GP refit  (88 labelled)
  → 1SeTeW-1  gap=1.493 eV  best=8.681 eV  top50=29  top10%=36
Cycle  80: GP refit  (89 labelled)
  → 2HInSO4-1  gap=5.132 eV  best=8.681 eV  top50=29  top10%=37
Cycle  81: full DKL retrain  (90 labelled)
GP warmup: 20 epochs on initial embeddings
Joint DKL training: 50 epochs
  Epoch 20/50  loss=0.6136
  Epoch 40/50  loss=0.1957
DKL training done in 0.3s
  → 2TiO2-1  gap=5.342 eV  best=8.681 eV  top50=29  top10%=38
Cycle  82: GP refit  (91 labelled)
  → 2MoWO4-1  gap=1.840 eV  best=8.681 eV  top50=29  top10%=38
Cycle  83: GP refit  (92 labelled)
  → 2IrO-2  gap=0.230 eV  best=8.681 eV  top50=29  top10%=38
Cycle  84: GP refit  (93 labelled)
  → 1SNb3F7-1  gap=1.872 eV  best=8.681 eV  top50=29  top10%=38
Cycle  85: GP refit  (94 labelled)
  → 2GaHSO4-1  gap=5.938 eV  best=8.681 eV  top50=30  top10%=39
Cycle  86: full DKL retrain  (95 labelled)
GP warmup: 20 epochs on initial embeddings
Joint DKL training: 50 epochs
  Epoch 20/50  loss=0.1512
  Epoch 40/50  loss=-0.2341
DKL training done in 0.3s
  → 2CrWS4-1  gap=1.442 eV  best=8.681 eV  top50=30  top10%=39
Cycle  87: GP refit  (96 labelled)
  → 1PdPt3O8-1  gap=2.448 eV  best=8.681 eV  top50=30  top10%=39
Cycle  88: GP refit  (97 labelled)
  → 1WMo3Se8-1  gap=1.785 eV  best=8.681 eV  top50=30  top10%=39
Cycle  89: GP refit  (98 labelled)
  → 1OTeW-1  gap=1.209 eV  best=8.681 eV  top50=30  top10%=39
Cycle  90: GP refit  (99 labelled)
  → 1MoW3O8-1  gap=1.961 eV  best=8.681 eV  top50=30  top10%=39
Cycle  91: full DKL retrain  (100 labelled)
GP warmup: 20 epochs on initial embeddings
Joint DKL training: 50 epochs
  Epoch 20/50  loss=0.7152
  Epoch 40/50  loss=0.2252
DKL training done in 0.3s
  → 2WO3-1  gap=2.865 eV  best=8.681 eV  top50=30  top10%=39
Cycle  92: GP refit  (101 labelled)
  → 1BrCoTe-1  gap=1.810 eV  best=8.681 eV  top50=30  top10%=39
Cycle  93: GP refit  (102 labelled)
  → 1SSeW-1  gap=1.911 eV  best=8.681 eV  top50=30  top10%=39
Cycle  94: GP refit  (103 labelled)
  → 1AgCrP2Te6-1  gap=1.137 eV  best=8.681 eV  top50=30  top10%=39
Cycle  95: GP refit  (104 labelled)
  → 1CoLiP2S6-1  gap=2.395 eV  best=8.681 eV  top50=30  top10%=39
Cycle  96: full DKL retrain  (105 labelled)
GP warmup: 20 epochs on initial embeddings
Joint DKL training: 50 epochs
  Epoch 20/50  loss=-0.0136
  Epoch 40/50  loss=-0.4115
DKL training done in 0.3s
  → 1AgAlP2S6-1  gap=3.132 eV  best=8.681 eV  top50=30  top10%=39
Cycle  97: GP refit  (106 labelled)
  → 4AuF2-1  gap=1.286 eV  best=8.681 eV  top50=30  top10%=39
Cycle  98: GP refit  (107 labelled)
  → 1STeW-2  gap=0.205 eV  best=8.681 eV  top50=30  top10%=39
Cycle  99: GP refit  (108 labelled)
  → 1AgAlP2Se6-1  gap=2.339 eV  best=8.681 eV  top50=30  top10%=39
Cycle 100: GP refit  (109 labelled)
  → 1AgCrP2S6-1  gap=2.012 eV  best=8.681 eV  top50=30  top10%=39
  gap_max/seed2 → best=8.681 top50=30 top10%=39
BOLoop: 766 materials  |  direction=max  |  top-50 internal threshold=5.35  top-10% internal threshold=4.94
Init: 10 random labels  |  best (max) = 4.523
Cycle   1: full DKL retrain  (10 labelled)
GP warmup: 20 epochs on initial embeddings
/home/roy/Desktop/DKL-BO/venv/lib/python3.13/site-packages/torch/_compile.py:54: UserWarning: optimizer contains a parameter group with duplicate parameters; in future, this will cause an error; see github.com/pytorch/pytorch/issues/40967 for more information
  return disable_fn(*args, **kwargs)
Joint DKL training: 50 epochs
  Epoch 20/50  loss=1.6494
  Epoch 40/50  loss=1.5088
DKL training done in 0.3s
  → 1NiZrCl6-1  gap=4.484 eV  best=4.523 eV  top50=0  top10%=0
Cycle   2: GP refit  (11 labelled)
  → 1BaBr2-2  gap=5.328 eV  best=5.328 eV  top50=0  top10%=1
Cycle   3: GP refit  (12 labelled)
  → 1BaI2-2  gap=4.274 eV  best=5.328 eV  top50=0  top10%=1
Cycle   4: GP refit  (13 labelled)
  → 1BaBrCl-1  gap=6.257 eV  best=6.257 eV  top50=1  top10%=2
Cycle   5: GP refit  (14 labelled)
  → 1BaCl2-2  gap=6.099 eV  best=6.257 eV  top50=2  top10%=3
Cycle   6: full DKL retrain  (15 labelled)
GP warmup: 20 epochs on initial embeddings
Joint DKL training: 50 epochs
  Epoch 20/50  loss=0.5954
  Epoch 40/50  loss=0.4919
DKL training done in 0.3s
  → 2RuSe2-1  gap=1.595 eV  best=6.257 eV  top50=2  top10%=3
Cycle   7: GP refit  (16 labelled)
  → 1BaClI-1  gap=5.106 eV  best=6.257 eV  top50=2  top10%=4
Cycle   8: GP refit  (17 labelled)
  → 2CsNO3-1  gap=5.324 eV  best=6.257 eV  top50=2  top10%=5
Cycle   9: GP refit  (18 labelled)
  → 1SrCl2-2  gap=6.202 eV  best=6.257 eV  top50=3  top10%=6
Cycle  10: GP refit  (19 labelled)
  → 2ClCsO3-1  gap=6.616 eV  best=6.616 eV  top50=4  top10%=7
Cycle  11: full DKL retrain  (20 labelled)
GP warmup: 20 epochs on initial embeddings
Joint DKL training: 50 epochs
  Epoch 20/50  loss=0.7376
  Epoch 40/50  loss=0.2654
DKL training done in 0.3s
  → 2CCsO3-1  gap=2.664 eV  best=6.616 eV  top50=4  top10%=7
Cycle  12: GP refit  (21 labelled)
  → 2ClCs-1  gap=5.654 eV  best=6.616 eV  top50=5  top10%=8
Cycle  13: GP refit  (22 labelled)
  → 1Mg3O5-1  gap=2.328 eV  best=6.616 eV  top50=5  top10%=8
Cycle  14: GP refit  (23 labelled)
  → 2BrCs-2  gap=5.145 eV  best=6.616 eV  top50=5  top10%=9
Cycle  15: GP refit  (24 labelled)
  → 2ClK-2  gap=6.136 eV  best=6.616 eV  top50=6  top10%=10
Cycle  16: full DKL retrain  (25 labelled)
GP warmup: 20 epochs on initial embeddings
Joint DKL training: 50 epochs
  Epoch 20/50  loss=1.1400
  Epoch 40/50  loss=0.6960
DKL training done in 0.3s
  → 2HSNa3O4-1  gap=5.084 eV  best=6.616 eV  top50=6  top10%=11
Cycle  17: GP refit  (26 labelled)
  → 2ClKO3-1  gap=7.004 eV  best=7.004 eV  top50=7  top10%=12
Cycle  18: GP refit  (27 labelled)
  → 2ClRbO3-1  gap=6.795 eV  best=7.004 eV  top50=8  top10%=13
Cycle  19: GP refit  (28 labelled)
  → 2HInTeS4-1  gap=2.900 eV  best=7.004 eV  top50=8  top10%=13
Cycle  20: GP refit  (29 labelled)
  → 1CaCl2-2  gap=6.384 eV  best=7.004 eV  top50=9  top10%=14
Cycle  21: full DKL retrain  (30 labelled)
GP warmup: 20 epochs on initial embeddings
Joint DKL training: 50 epochs
  Epoch 20/50  loss=0.7493
  Epoch 40/50  loss=0.2152
DKL training done in 0.3s
  → 1CdCl2-3  gap=4.344 eV  best=7.004 eV  top50=9  top10%=14
Cycle  22: GP refit  (31 labelled)
  → 2SbTlO3-1  gap=4.173 eV  best=7.004 eV  top50=9  top10%=14
Cycle  23: GP refit  (32 labelled)
  → 2BaClI-1  gap=4.709 eV  best=7.004 eV  top50=9  top10%=14
Cycle  24: GP refit  (33 labelled)
  → 2ClRb-2  gap=5.891 eV  best=7.004 eV  top50=10  top10%=15
Cycle  25: GP refit  (34 labelled)
  → 2HTeNa3O4-1  gap=5.379 eV  best=7.004 eV  top50=11  top10%=16
Cycle  26: full DKL retrain  (35 labelled)
GP warmup: 20 epochs on initial embeddings
Joint DKL training: 50 epochs
  Epoch 20/50  loss=0.4159
  Epoch 40/50  loss=0.2295
DKL training done in 0.3s
  → 2HKO-2  gap=4.890 eV  best=7.004 eV  top50=11  top10%=16
Cycle  27: GP refit  (36 labelled)
  → 2HKTe-1  gap=3.400 eV  best=7.004 eV  top50=11  top10%=16
Cycle  28: GP refit  (37 labelled)
  → 2BaBi2O4-1  gap=4.146 eV  best=7.004 eV  top50=11  top10%=16
Cycle  29: GP refit  (38 labelled)
  → 2HKO-1  gap=4.501 eV  best=7.004 eV  top50=11  top10%=16
Cycle  30: GP refit  (39 labelled)
  → 1SrBr2-2  gap=5.386 eV  best=7.004 eV  top50=12  top10%=17
Cycle  31: full DKL retrain  (40 labelled)
GP warmup: 20 epochs on initial embeddings
Joint DKL training: 50 epochs
  Epoch 20/50  loss=0.2164
  Epoch 40/50  loss=0.0503
DKL training done in 0.3s
  → 1CaBr2-2  gap=5.515 eV  best=7.004 eV  top50=13  top10%=18
Cycle  32: GP refit  (41 labelled)
  → 2BrK-1  gap=5.470 eV  best=7.004 eV  top50=14  top10%=19
Cycle  33: GP refit  (42 labelled)
  → 2NRbO3-1  gap=5.286 eV  best=7.004 eV  top50=14  top10%=20
Cycle  34: GP refit  (43 labelled)
  → 1AgScP2S6-1  gap=3.453 eV  best=7.004 eV  top50=14  top10%=20
Cycle  35: GP refit  (44 labelled)
  → 2BrRb-2  gap=5.268 eV  best=7.004 eV  top50=14  top10%=21
Cycle  36: full DKL retrain  (45 labelled)
GP warmup: 20 epochs on initial embeddings
Joint DKL training: 50 epochs
  Epoch 20/50  loss=0.1140
  Epoch 40/50  loss=-0.2601
DKL training done in 0.3s
  → 2OSc-1  gap=1.194 eV  best=7.004 eV  top50=14  top10%=21
Cycle  37: GP refit  (46 labelled)
  → 1AgCrP2Se6-1  gap=1.789 eV  best=7.004 eV  top50=14  top10%=21
Cycle  38: GP refit  (47 labelled)
  → 1BrClCa2S2-1  gap=3.810 eV  best=7.004 eV  top50=14  top10%=21
Cycle  39: GP refit  (48 labelled)
  → 2Sb2O3-5  gap=4.624 eV  best=7.004 eV  top50=14  top10%=21
Cycle  40: GP refit  (49 labelled)
  → 1PbSrS2O8-1  gap=5.262 eV  best=7.004 eV  top50=14  top10%=22
Cycle  41: full DKL retrain  (50 labelled)
GP warmup: 20 epochs on initial embeddings
Joint DKL training: 50 epochs
  Epoch 20/50  loss=0.6241
  Epoch 40/50  loss=0.3001
DKL training done in 0.3s
  → 4AgCl2-1  gap=0.971 eV  best=7.004 eV  top50=14  top10%=22
Cycle  42: GP refit  (51 labelled)
  → 1PbCl2-2  gap=3.856 eV  best=7.004 eV  top50=14  top10%=22
Cycle  43: GP refit  (52 labelled)
  → 2P2O3-2  gap=5.363 eV  best=7.004 eV  top50=15  top10%=23
Cycle  44: GP refit  (53 labelled)
  → 2AgCl-7  gap=3.462 eV  best=7.004 eV  top50=15  top10%=23
Cycle  45: GP refit  (54 labelled)
  → 2AgO-1  gap=1.126 eV  best=7.004 eV  top50=15  top10%=23
Cycle  46: full DKL retrain  (55 labelled)
GP warmup: 20 epochs on initial embeddings
Joint DKL training: 50 epochs
  Epoch 20/50  loss=1.0890
  Epoch 40/50  loss=0.6670
DKL training done in 0.3s
  → 2HNa3S5-1  gap=3.375 eV  best=7.004 eV  top50=15  top10%=23
Cycle  47: GP refit  (56 labelled)
  → 2P2S3-3  gap=3.478 eV  best=7.004 eV  top50=15  top10%=23
Cycle  48: GP refit  (57 labelled)
  → 2HTeLi3S4-1  gap=2.992 eV  best=7.004 eV  top50=15  top10%=23
Cycle  49: GP refit  (58 labelled)
  → 1BaBrI-1  gap=5.177 eV  best=7.004 eV  top50=15  top10%=24
Cycle  50: GP refit  (59 labelled)
  → 2P2S3-1  gap=3.272 eV  best=7.004 eV  top50=15  top10%=24
Cycle  51: full DKL retrain  (60 labelled)
GP warmup: 20 epochs on initial embeddings
Joint DKL training: 50 epochs
  Epoch 20/50  loss=0.7684
  Epoch 40/50  loss=0.6339
DKL training done in 0.3s
  → 1CrO2-2  gap=1.144 eV  best=7.004 eV  top50=15  top10%=24
Cycle  52: GP refit  (61 labelled)
  → 1BrISr-1  gap=5.047 eV  best=7.004 eV  top50=15  top10%=25
Cycle  53: GP refit  (62 labelled)
  → 2ClISr-1  gap=4.940 eV  best=7.004 eV  top50=15  top10%=26
Cycle  54: GP refit  (63 labelled)
  → 2HSeNa3O4-1  gap=5.631 eV  best=7.004 eV  top50=16  top10%=27
Cycle  55: GP refit  (64 labelled)
  → 2KNO3-1  gap=5.261 eV  best=7.004 eV  top50=16  top10%=28
Cycle  56: full DKL retrain  (65 labelled)
GP warmup: 20 epochs on initial embeddings
Joint DKL training: 50 epochs
  Epoch 20/50  loss=0.7114
  Epoch 40/50  loss=0.5582
DKL training done in 0.3s
  → 2CaBi2O4-1  gap=3.923 eV  best=7.004 eV  top50=16  top10%=28
Cycle  57: GP refit  (66 labelled)
  → 4BrCd-1  gap=1.771 eV  best=7.004 eV  top50=16  top10%=28
Cycle  58: GP refit  (67 labelled)
  → 2BiPO4-1  gap=4.969 eV  best=7.004 eV  top50=16  top10%=29
Cycle  59: GP refit  (68 labelled)
  → 2SrBi2O4-1  gap=4.038 eV  best=7.004 eV  top50=16  top10%=29
Cycle  60: GP refit  (69 labelled)
  → 2CaSb2O4-1  gap=4.083 eV  best=7.004 eV  top50=16  top10%=29
Cycle  61: full DKL retrain  (70 labelled)
GP warmup: 20 epochs on initial embeddings
Joint DKL training: 50 epochs
  Epoch 20/50  loss=0.6587
  Epoch 40/50  loss=0.4774
DKL training done in 0.3s
  → 1HfCl2-1  gap=1.471 eV  best=7.004 eV  top50=16  top10%=29
Cycle  62: GP refit  (71 labelled)
  → 2PVO5-1  gap=4.032 eV  best=7.004 eV  top50=16  top10%=29
Cycle  63: GP refit  (72 labelled)
  → 1HfO2-3  gap=3.726 eV  best=7.004 eV  top50=16  top10%=29
Cycle  64: GP refit  (73 labelled)
  → 2ClGa-1  gap=3.220 eV  best=7.004 eV  top50=16  top10%=29
Cycle  65: GP refit  (74 labelled)
  → 2ClHSr-1  gap=5.259 eV  best=7.004 eV  top50=16  top10%=30
Cycle  66: full DKL retrain  (75 labelled)
GP warmup: 20 epochs on initial embeddings
Joint DKL training: 50 epochs
  Epoch 20/50  loss=0.6544
  Epoch 40/50  loss=0.4489
DKL training done in 0.3s
  → 2AgS-1  gap=1.557 eV  best=7.004 eV  top50=16  top10%=30
Cycle  67: GP refit  (76 labelled)
  → 2BaClH-1  gap=4.823 eV  best=7.004 eV  top50=16  top10%=30
Cycle  68: GP refit  (77 labelled)
  → 2CaClH-1  gap=5.233 eV  best=7.004 eV  top50=16  top10%=31
Cycle  69: GP refit  (78 labelled)
  → 2NiSeO3-2  gap=2.815 eV  best=7.004 eV  top50=16  top10%=31
Cycle  70: GP refit  (79 labelled)
  → 1FeZrCl6-1  gap=3.545 eV  best=7.004 eV  top50=16  top10%=31
Cycle  71: full DKL retrain  (80 labelled)
GP warmup: 20 epochs on initial embeddings
Joint DKL training: 50 epochs
  Epoch 20/50  loss=0.4549
  Epoch 40/50  loss=0.2914
DKL training done in 0.3s
  → 2As2O3-4  gap=5.105 eV  best=7.004 eV  top50=16  top10%=32
Cycle  72: GP refit  (81 labelled)
  → 2IRb-1  gap=4.613 eV  best=7.004 eV  top50=16  top10%=32
Cycle  73: GP refit  (82 labelled)
  → 2AsTlO3-1  gap=4.438 eV  best=7.004 eV  top50=16  top10%=32
Cycle  74: GP refit  (83 labelled)
  → 2BrHSr-1  gap=5.479 eV  best=7.004 eV  top50=17  top10%=33
Cycle  75: GP refit  (84 labelled)
  → 2BrCaH-1  gap=5.531 eV  best=7.004 eV  top50=18  top10%=34
Cycle  76: full DKL retrain  (85 labelled)
GP warmup: 20 epochs on initial embeddings
Joint DKL training: 50 epochs
  Epoch 20/50  loss=0.1994
  Epoch 40/50  loss=0.0558
DKL training done in 0.3s
  → 1OVI2-1  gap=1.849 eV  best=7.004 eV  top50=18  top10%=34
Cycle  77: GP refit  (86 labelled)
  → 2IK-2  gap=4.784 eV  best=7.004 eV  top50=18  top10%=34
Cycle  78: GP refit  (87 labelled)
  → 2PSbO4-1  gap=5.770 eV  best=7.004 eV  top50=19  top10%=35
Cycle  79: GP refit  (88 labelled)
  → 2BaBrH-1  gap=4.780 eV  best=7.004 eV  top50=19  top10%=35
Cycle  80: GP refit  (89 labelled)
  → 2ClFSr-1  gap=7.351 eV  best=7.351 eV  top50=20  top10%=36
Cycle  81: full DKL retrain  (90 labelled)
GP warmup: 20 epochs on initial embeddings
Joint DKL training: 50 epochs
  Epoch 20/50  loss=0.3748
  Epoch 40/50  loss=0.1117
DKL training done in 0.3s
  → 2CaClF-1  gap=7.587 eV  best=7.587 eV  top50=21  top10%=37
Cycle  82: GP refit  (91 labelled)
  → 2BrCaF-1  gap=6.385 eV  best=7.587 eV  top50=22  top10%=38
Cycle  83: GP refit  (92 labelled)
  → 2BrFSr-1  gap=6.270 eV  best=7.587 eV  top50=23  top10%=39
Cycle  84: GP refit  (93 labelled)
  → 2FK-1  gap=7.022 eV  best=7.587 eV  top50=24  top10%=40
Cycle  85: GP refit  (94 labelled)
  → 2FRb-1  gap=6.553 eV  best=7.587 eV  top50=25  top10%=41
Cycle  86: full DKL retrain  (95 labelled)
GP warmup: 20 epochs on initial embeddings
Joint DKL training: 50 epochs
  Epoch 20/50  loss=0.3276
  Epoch 40/50  loss=0.0699
DKL training done in 0.3s
  → 2CsF-1  gap=6.059 eV  best=7.587 eV  top50=26  top10%=42
Cycle  87: GP refit  (96 labelled)
  → 2FNaO-1  gap=5.377 eV  best=7.587 eV  top50=27  top10%=43
Cycle  88: GP refit  (97 labelled)
  → 2BaClF-1  gap=6.969 eV  best=7.587 eV  top50=28  top10%=44
Cycle  89: GP refit  (98 labelled)
  → 1TiF2-1  gap=2.096 eV  best=7.587 eV  top50=28  top10%=44
Cycle  90: GP refit  (99 labelled)
  → 2BaBrF-1  gap=6.128 eV  best=7.587 eV  top50=29  top10%=45
Cycle  91: full DKL retrain  (100 labelled)
GP warmup: 20 epochs on initial embeddings
Joint DKL training: 50 epochs
  Epoch 20/50  loss=0.2300
  Epoch 40/50  loss=0.0532
DKL training done in 0.3s
  → 2SeV-4  gap=0.788 eV  best=7.587 eV  top50=29  top10%=45
Cycle  92: GP refit  (101 labelled)
  → 2CaFI-1  gap=5.209 eV  best=7.587 eV  top50=29  top10%=46
Cycle  93: GP refit  (102 labelled)
  → 2FISr-1  gap=5.171 eV  best=7.587 eV  top50=29  top10%=47
Cycle  94: GP refit  (103 labelled)
  → 1AgCrP2Te6-1  gap=1.137 eV  best=7.587 eV  top50=29  top10%=47
Cycle  95: GP refit  (104 labelled)
  → 2FLiO-1  gap=5.494 eV  best=7.587 eV  top50=30  top10%=48
Cycle  96: full DKL retrain  (105 labelled)
GP warmup: 20 epochs on initial embeddings
Joint DKL training: 50 epochs
  Epoch 20/50  loss=-0.0504
  Epoch 40/50  loss=-0.2475
DKL training done in 0.3s
  → 1CoLiP2S6-1  gap=2.395 eV  best=7.587 eV  top50=30  top10%=48
Cycle  97: GP refit  (106 labelled)
  → 1AgAlP2S6-1  gap=3.132 eV  best=7.587 eV  top50=30  top10%=48
Cycle  98: GP refit  (107 labelled)
  → 1AgAlP2Se6-1  gap=2.339 eV  best=7.587 eV  top50=30  top10%=48
Cycle  99: GP refit  (108 labelled)
  → 2CdFSbO2-1  gap=3.513 eV  best=7.587 eV  top50=30  top10%=48
Cycle 100: GP refit  (109 labelled)
  → 2HSLi3O4-1  gap=5.694 eV  best=7.587 eV  top50=31  top10%=49
  gap_max/seed3 → best=7.587 top50=31 top10%=49
BOLoop: 766 materials  |  direction=max  |  top-50 internal threshold=5.35  top-10% internal threshold=4.94
Init: 10 random labels  |  best (max) = 3.271
Cycle   1: full DKL retrain  (10 labelled)
GP warmup: 20 epochs on initial embeddings
/home/roy/Desktop/DKL-BO/venv/lib/python3.13/site-packages/torch/_compile.py:54: UserWarning: optimizer contains a parameter group with duplicate parameters; in future, this will cause an error; see github.com/pytorch/pytorch/issues/40967 for more information
  return disable_fn(*args, **kwargs)
Joint DKL training: 50 epochs
  Epoch 20/50  loss=1.1761
  Epoch 40/50  loss=1.0872
DKL training done in 0.3s
  → 1BrISr-1  gap=5.047 eV  best=5.047 eV  top50=0  top10%=1
Cycle   2: GP refit  (11 labelled)
  → 1BaBrI-1  gap=5.177 eV  best=5.177 eV  top50=0  top10%=2
Cycle   3: GP refit  (12 labelled)
  → 1BaBrCl-1  gap=6.257 eV  best=6.257 eV  top50=1  top10%=3
Cycle   4: GP refit  (13 labelled)
  → 1BaBr2-2  gap=5.328 eV  best=6.257 eV  top50=1  top10%=4
Cycle   5: GP refit  (14 labelled)
  → 1HgS-1  gap=0.724 eV  best=6.257 eV  top50=1  top10%=4
Cycle   6: full DKL retrain  (15 labelled)
GP warmup: 20 epochs on initial embeddings
Joint DKL training: 50 epochs
  Epoch 20/50  loss=1.1502
  Epoch 40/50  loss=0.7049
DKL training done in 0.3s
  → 1BaCl2-2  gap=6.099 eV  best=6.257 eV  top50=2  top10%=5
Cycle   7: GP refit  (16 labelled)
  → 1SrCl2-2  gap=6.202 eV  best=6.257 eV  top50=3  top10%=6
Cycle   8: GP refit  (17 labelled)
  → 1BrClNi-1  gap=3.508 eV  best=6.257 eV  top50=3  top10%=6
Cycle   9: GP refit  (18 labelled)
  → 1BaI2-2  gap=4.274 eV  best=6.257 eV  top50=3  top10%=6
Cycle  10: GP refit  (19 labelled)
  → 1NiZrCl6-1  gap=4.484 eV  best=6.257 eV  top50=3  top10%=6
Cycle  11: full DKL retrain  (20 labelled)
GP warmup: 20 epochs on initial embeddings
Joint DKL training: 50 epochs
  Epoch 20/50  loss=7.3899
  Epoch 40/50  loss=1.2116
DKL training done in 0.3s
  → 2ClRb-2  gap=5.891 eV  best=6.257 eV  top50=4  top10%=7
Cycle  12: GP refit  (21 labelled)
  → 2ClGa-1  gap=3.220 eV  best=6.257 eV  top50=4  top10%=7
Cycle  13: GP refit  (22 labelled)
  → 2BrK-1  gap=5.470 eV  best=6.257 eV  top50=5  top10%=8
Cycle  14: GP refit  (23 labelled)
  → 2HKTe-1  gap=3.400 eV  best=6.257 eV  top50=5  top10%=8
Cycle  15: GP refit  (24 labelled)
  → 2BrRb-2  gap=5.268 eV  best=6.257 eV  top50=5  top10%=9
Cycle  16: full DKL retrain  (25 labelled)
GP warmup: 20 epochs on initial embeddings
Joint DKL training: 50 epochs
  Epoch 20/50  loss=2.0641
  Epoch 40/50  loss=0.6001
DKL training done in 0.3s
  → 2ClK-2  gap=6.136 eV  best=6.257 eV  top50=6  top10%=10
Cycle  17: GP refit  (26 labelled)
  → 1BaClI-1  gap=5.106 eV  best=6.257 eV  top50=6  top10%=11
Cycle  18: GP refit  (27 labelled)
  → 2IRb-1  gap=4.613 eV  best=6.257 eV  top50=6  top10%=11
Cycle  19: GP refit  (28 labelled)
  → 2ClCs-1  gap=5.654 eV  best=6.257 eV  top50=7  top10%=12
Cycle  20: GP refit  (29 labelled)
  → 1SrBr2-2  gap=5.386 eV  best=6.257 eV  top50=8  top10%=13
Cycle  21: full DKL retrain  (30 labelled)
GP warmup: 20 epochs on initial embeddings
Joint DKL training: 50 epochs
  Epoch 20/50  loss=0.6516
  Epoch 40/50  loss=-0.1315
DKL training done in 0.3s
  → 2BrCs-2  gap=5.145 eV  best=6.257 eV  top50=8  top10%=14
Cycle  22: GP refit  (31 labelled)
  → 2ClIn-5  gap=2.997 eV  best=6.257 eV  top50=8  top10%=14
Cycle  23: GP refit  (32 labelled)
  → 2SbTlO3-1  gap=4.173 eV  best=6.257 eV  top50=8  top10%=14
Cycle  24: GP refit  (33 labelled)
  → 2HNa3S5-1  gap=3.375 eV  best=6.257 eV  top50=8  top10%=14
Cycle  25: GP refit  (34 labelled)
  → 2BrTl-3  gap=3.214 eV  best=6.257 eV  top50=8  top10%=14
Cycle  26: full DKL retrain  (35 labelled)
GP warmup: 20 epochs on initial embeddings
Joint DKL training: 50 epochs
  Epoch 20/50  loss=2.1518
  Epoch 40/50  loss=0.0053
DKL training done in 0.3s
  → 2GaHTeO4-1  gap=5.308 eV  best=6.257 eV  top50=8  top10%=15
Cycle  27: GP refit  (36 labelled)
  → 2HTeLi3S4-1  gap=2.992 eV  best=6.257 eV  top50=8  top10%=15
Cycle  28: GP refit  (37 labelled)
  → 2ClISr-1  gap=4.940 eV  best=6.257 eV  top50=8  top10%=16
Cycle  29: GP refit  (38 labelled)
  → 2AlHTeO4-1  gap=5.331 eV  best=6.257 eV  top50=8  top10%=17
Cycle  30: GP refit  (39 labelled)
  → 2BiHgIO2-1  gap=2.659 eV  best=6.257 eV  top50=8  top10%=17
Cycle  31: full DKL retrain  (40 labelled)
GP warmup: 20 epochs on initial embeddings
Joint DKL training: 50 epochs
  Epoch 20/50  loss=2.4370
  Epoch 40/50  loss=0.6538
DKL training done in 0.3s
  → 2CdClSbO2-1  gap=3.951 eV  best=6.257 eV  top50=8  top10%=17
Cycle  32: GP refit  (41 labelled)
  → 3RuSCl2-1  gap=1.131 eV  best=6.257 eV  top50=8  top10%=17
Cycle  33: GP refit  (42 labelled)
  → 2BrCdSbO2-1  gap=3.518 eV  best=6.257 eV  top50=8  top10%=17
Cycle  34: GP refit  (43 labelled)
  → 2HTeLi3O4-1  gap=5.347 eV  best=6.257 eV  top50=9  top10%=18
Cycle  35: GP refit  (44 labelled)
  → 4IOSc-1  gap=3.350 eV  best=6.257 eV  top50=9  top10%=18
Cycle  36: full DKL retrain  (45 labelled)
GP warmup: 20 epochs on initial embeddings
Joint DKL training: 50 epochs
  Epoch 20/50  loss=0.7380
  Epoch 40/50  loss=0.2513
DKL training done in 0.3s
  → 2HInTeS4-1  gap=2.900 eV  best=6.257 eV  top50=9  top10%=18
Cycle  37: GP refit  (46 labelled)
  → 1AgScP2S6-1  gap=3.453 eV  best=6.257 eV  top50=9  top10%=18
Cycle  38: GP refit  (47 labelled)
  → 1CSiH2-1  gap=4.871 eV  best=6.257 eV  top50=9  top10%=18
Cycle  39: GP refit  (48 labelled)
  → 2HLiO-1  gap=5.612 eV  best=6.257 eV  top50=10  top10%=19
Cycle  40: GP refit  (49 labelled)
  → 2HLiS-1  gap=5.028 eV  best=6.257 eV  top50=10  top10%=20
Cycle  41: full DKL retrain  (50 labelled)
GP warmup: 20 epochs on initial embeddings
Joint DKL training: 50 epochs
  Epoch 20/50  loss=1.1510
  Epoch 40/50  loss=0.6111
DKL training done in 0.3s
  → 1BN-1  gap=5.675 eV  best=6.257 eV  top50=11  top10%=21
Cycle  42: GP refit  (51 labelled)
  → 2AlHSO4-1  gap=6.800 eV  best=6.800 eV  top50=12  top10%=22
Cycle  43: GP refit  (52 labelled)
  → 2GaHSO4-1  gap=5.938 eV  best=6.800 eV  top50=13  top10%=23
Cycle  44: GP refit  (53 labelled)
  → 2AlHSeO4-1  gap=6.063 eV  best=6.800 eV  top50=14  top10%=24
Cycle  45: GP refit  (54 labelled)
  → 2TeTi-4  gap=0.440 eV  best=6.800 eV  top50=14  top10%=24
Cycle  46: full DKL retrain  (55 labelled)
GP warmup: 20 epochs on initial embeddings
Joint DKL training: 50 epochs
  Epoch 20/50  loss=0.5555
  Epoch 40/50  loss=0.1794
DKL training done in 0.3s
  → 2AlO-1  gap=1.849 eV  best=6.800 eV  top50=14  top10%=24
Cycle  47: GP refit  (56 labelled)
  → 4AsLiO2-1  gap=5.351 eV  best=6.800 eV  top50=15  top10%=25
Cycle  48: GP refit  (57 labelled)
  → 2CoHO2-1  gap=2.596 eV  best=6.800 eV  top50=15  top10%=25
Cycle  49: GP refit  (58 labelled)
  → 2HInSeO4-1  gap=5.487 eV  best=6.800 eV  top50=16  top10%=26
Cycle  50: GP refit  (59 labelled)
  → 2V2O5-3  gap=3.877 eV  best=6.800 eV  top50=16  top10%=26
Cycle  51: full DKL retrain  (60 labelled)
GP warmup: 20 epochs on initial embeddings
Joint DKL training: 50 epochs
  Epoch 20/50  loss=1.0671
  Epoch 40/50  loss=0.5548
DKL training done in 0.3s
  → 1AlN-1  gap=4.048 eV  best=6.800 eV  top50=16  top10%=26
Cycle  52: GP refit  (61 labelled)
  → 2ClKO3-1  gap=7.004 eV  best=7.004 eV  top50=17  top10%=27
Cycle  53: GP refit  (62 labelled)
  → 2ClRbO3-1  gap=6.795 eV  best=7.004 eV  top50=18  top10%=28
Cycle  54: GP refit  (63 labelled)
  → 1HSbSe2O6-1  gap=4.431 eV  best=7.004 eV  top50=18  top10%=28
Cycle  55: GP refit  (64 labelled)
  → 2ClScBr2-1  gap=4.935 eV  best=7.004 eV  top50=18  top10%=28
Cycle  56: full DKL retrain  (65 labelled)
GP warmup: 20 epochs on initial embeddings
Joint DKL training: 50 epochs
  Epoch 20/50  loss=0.3468
  Epoch 40/50  loss=-0.1342
DKL training done in 0.3s
  → 1PbSrS2O8-1  gap=5.262 eV  best=7.004 eV  top50=18  top10%=29
Cycle  57: GP refit  (66 labelled)
  → 2As2O3-4  gap=5.105 eV  best=7.004 eV  top50=18  top10%=30
Cycle  58: GP refit  (67 labelled)
  → 2RuO2-1  gap=0.693 eV  best=7.004 eV  top50=18  top10%=30
Cycle  59: GP refit  (68 labelled)
  → 1CrO2-2  gap=1.144 eV  best=7.004 eV  top50=18  top10%=30
Cycle  60: GP refit  (69 labelled)
  → 2MoO3-1  gap=3.738 eV  best=7.004 eV  top50=18  top10%=30
Cycle  61: full DKL retrain  (70 labelled)
GP warmup: 20 epochs on initial embeddings
Joint DKL training: 50 epochs
  Epoch 20/50  loss=0.2008
  Epoch 40/50  loss=-0.1001
DKL training done in 0.3s
  → 2ClCsO3-1  gap=6.616 eV  best=7.004 eV  top50=19  top10%=31
Cycle  62: GP refit  (71 labelled)
  → 2PVO5-1  gap=4.032 eV  best=7.004 eV  top50=19  top10%=31
Cycle  63: GP refit  (72 labelled)
  → 2P2O3-2  gap=5.363 eV  best=7.004 eV  top50=20  top10%=32
Cycle  64: GP refit  (73 labelled)
  → 1BP-1  gap=1.362 eV  best=7.004 eV  top50=20  top10%=32
Cycle  65: GP refit  (74 labelled)
  → 1NiCl2N2H4C6-1  gap=2.638 eV  best=7.004 eV  top50=20  top10%=32
Cycle  66: full DKL retrain  (75 labelled)
GP warmup: 20 epochs on initial embeddings
Joint DKL training: 50 epochs
  Epoch 20/50  loss=0.6745
  Epoch 40/50  loss=0.1750
DKL training done in 0.3s
  → 1N2O2Hf3-1  gap=0.508 eV  best=7.004 eV  top50=20  top10%=32
Cycle  67: GP refit  (76 labelled)
  → 1GaN-1  gap=3.090 eV  best=7.004 eV  top50=20  top10%=32
Cycle  68: GP refit  (77 labelled)
  → 2FLiO-1  gap=5.494 eV  best=7.004 eV  top50=21  top10%=33
Cycle  69: GP refit  (78 labelled)
  → 2HNaO-2  gap=5.181 eV  best=7.004 eV  top50=21  top10%=34
Cycle  70: GP refit  (79 labelled)
  → 2KNO3-1  gap=5.261 eV  best=7.004 eV  top50=21  top10%=35
Cycle  71: full DKL retrain  (80 labelled)
GP warmup: 20 epochs on initial embeddings
Joint DKL training: 50 epochs
  Epoch 20/50  loss=0.9770
  Epoch 40/50  loss=0.4973
DKL training done in 0.3s
  → 1AsB-1  gap=1.188 eV  best=7.004 eV  top50=21  top10%=35
Cycle  72: GP refit  (81 labelled)
  → 1ScH2-1  gap=0.549 eV  best=7.004 eV  top50=21  top10%=35
Cycle  73: GP refit  (82 labelled)
  → 2BrFSr-1  gap=6.270 eV  best=7.004 eV  top50=22  top10%=36
Cycle  74: GP refit  (83 labelled)
  → 2BrCaH-1  gap=5.531 eV  best=7.004 eV  top50=23  top10%=37
Cycle  75: GP refit  (84 labelled)
  → 2BiPO4-1  gap=4.969 eV  best=7.004 eV  top50=23  top10%=38
Cycle  76: full DKL retrain  (85 labelled)
GP warmup: 20 epochs on initial embeddings
Joint DKL training: 50 epochs
  Epoch 20/50  loss=0.5398
  Epoch 40/50  loss=0.0929
DKL training done in 0.3s
  → 2BrHSr-1  gap=5.479 eV  best=7.004 eV  top50=24  top10%=39
Cycle  77: GP refit  (86 labelled)
  → 4LiPS2-1  gap=2.290 eV  best=7.004 eV  top50=24  top10%=39
Cycle  78: GP refit  (87 labelled)
  → 2BrCaF-1  gap=6.385 eV  best=7.004 eV  top50=25  top10%=40
Cycle  79: GP refit  (88 labelled)
  → 2CaClH-1  gap=5.233 eV  best=7.004 eV  top50=25  top10%=41
Cycle  80: GP refit  (89 labelled)
  → 2HNaO-1  gap=4.458 eV  best=7.004 eV  top50=25  top10%=41
Cycle  81: full DKL retrain  (90 labelled)
GP warmup: 20 epochs on initial embeddings
Joint DKL training: 50 epochs
  Epoch 20/50  loss=0.9218
  Epoch 40/50  loss=0.9672
DKL training done in 0.3s
  → 2HKO-2  gap=4.890 eV  best=7.004 eV  top50=25  top10%=41
Cycle  82: GP refit  (91 labelled)
  → 2HInSO4-1  gap=5.132 eV  best=7.004 eV  top50=25  top10%=42
Cycle  83: GP refit  (92 labelled)
  → 2CaClF-1  gap=7.587 eV  best=7.587 eV  top50=26  top10%=43
Cycle  84: GP refit  (93 labelled)
  → 2ClFSr-1  gap=7.351 eV  best=7.587 eV  top50=27  top10%=44
Cycle  85: GP refit  (94 labelled)
  → 1ZrO2-3  gap=3.561 eV  best=7.587 eV  top50=27  top10%=44
Cycle  86: full DKL retrain  (95 labelled)
GP warmup: 20 epochs on initial embeddings
Joint DKL training: 50 epochs
  Epoch 20/50  loss=1.2496
  Epoch 40/50  loss=0.8036
DKL training done in 0.3s
  → 2RuS2-1  gap=1.583 eV  best=7.587 eV  top50=27  top10%=44
Cycle  87: GP refit  (96 labelled)
  → 2HTeNa3O4-1  gap=5.379 eV  best=7.587 eV  top50=28  top10%=45
Cycle  88: GP refit  (97 labelled)
  → 1InP-1  gap=1.774 eV  best=7.587 eV  top50=28  top10%=45
Cycle  89: GP refit  (98 labelled)
  → 2ClHSr-1  gap=5.259 eV  best=7.587 eV  top50=28  top10%=46
Cycle  90: GP refit  (99 labelled)
  → 2BaClF-1  gap=6.969 eV  best=7.587 eV  top50=29  top10%=47
Cycle  91: full DKL retrain  (100 labelled)
GP warmup: 20 epochs on initial embeddings
Joint DKL training: 50 epochs
  Epoch 20/50  loss=0.4541
  Epoch 40/50  loss=-0.0491
DKL training done in 0.3s
  → 1CaCl2-2  gap=6.384 eV  best=7.587 eV  top50=30  top10%=48
Cycle  92: GP refit  (101 labelled)
  → 2P2S3-3  gap=3.478 eV  best=7.587 eV  top50=30  top10%=48
Cycle  93: GP refit  (102 labelled)
  → 4AsNaO2-1  gap=5.635 eV  best=7.587 eV  top50=31  top10%=49
Cycle  94: GP refit  (103 labelled)
  → 1BrClCa2S2-1  gap=3.810 eV  best=7.587 eV  top50=31  top10%=49
Cycle  95: GP refit  (104 labelled)
  → 2FNaO-1  gap=5.377 eV  best=7.587 eV  top50=32  top10%=50
Cycle  96: full DKL retrain  (105 labelled)
GP warmup: 20 epochs on initial embeddings
Joint DKL training: 50 epochs
  Epoch 20/50  loss=0.7086
  Epoch 40/50  loss=0.2764
DKL training done in 0.3s
  → 2FK-1  gap=7.022 eV  best=7.587 eV  top50=33  top10%=51
Cycle  97: GP refit  (106 labelled)
  → 2BiIn-1  gap=0.138 eV  best=7.587 eV  top50=33  top10%=51
Cycle  98: GP refit  (107 labelled)
  → 2BaBrF-1  gap=6.128 eV  best=7.587 eV  top50=34  top10%=52
Cycle  99: GP refit  (108 labelled)
  → 1CaBr2-2  gap=5.515 eV  best=7.587 eV  top50=35  top10%=53
Cycle 100: GP refit  (109 labelled)
  → 1AlAs-1  gap=2.028 eV  best=7.587 eV  top50=35  top10%=53
  gap_max/seed4 → best=7.587 top50=35 top10%=53
BOLoop: 766 materials  |  direction=max  |  top-50 internal threshold=5.35  top-10% internal threshold=4.94
Init: 10 random labels  |  best (max) = 3.781
Cycle   1: full DKL retrain  (10 labelled)
GP warmup: 20 epochs on initial embeddings
/home/roy/Desktop/DKL-BO/venv/lib/python3.13/site-packages/torch/_compile.py:54: UserWarning: optimizer contains a parameter group with duplicate parameters; in future, this will cause an error; see github.com/pytorch/pytorch/issues/40967 for more information
  return disable_fn(*args, **kwargs)
Joint DKL training: 50 epochs
  Epoch 20/50  loss=1.3462
  Epoch 40/50  loss=1.2389
DKL training done in 0.3s
  → 1HfO2-3  gap=3.726 eV  best=3.781 eV  top50=0  top10%=0
Cycle   2: GP refit  (11 labelled)
  → 2BaBrF-1  gap=6.128 eV  best=6.128 eV  top50=1  top10%=1
Cycle   3: GP refit  (12 labelled)
  → 2BrFSr-1  gap=6.270 eV  best=6.270 eV  top50=2  top10%=2
Cycle   4: GP refit  (13 labelled)
  → 1OZrBr2-1  gap=2.245 eV  best=6.270 eV  top50=2  top10%=2
Cycle   5: GP refit  (14 labelled)
  → 1HfZnF6-1  gap=8.573 eV  best=8.573 eV  top50=3  top10%=3
Cycle   6: full DKL retrain  (15 labelled)
GP warmup: 20 epochs on initial embeddings
Joint DKL training: 50 epochs
  Epoch 20/50  loss=0.6950
  Epoch 40/50  loss=0.3654
DKL training done in 0.3s
  → 1NiZrF6-1  gap=6.164 eV  best=8.573 eV  top50=4  top10%=4
Cycle   7: GP refit  (16 labelled)
  → 1TiF2-1  gap=2.096 eV  best=8.573 eV  top50=4  top10%=4
Cycle   8: GP refit  (17 labelled)
  → 2FLiO-1  gap=5.494 eV  best=8.573 eV  top50=5  top10%=5
Cycle   9: GP refit  (18 labelled)
  → 2CsF-1  gap=6.059 eV  best=8.573 eV  top50=6  top10%=6
Cycle  10: GP refit  (19 labelled)
  → 1CrO2-2  gap=1.144 eV  best=8.573 eV  top50=6  top10%=6
Cycle  11: full DKL retrain  (20 labelled)
GP warmup: 20 epochs on initial embeddings
Joint DKL training: 50 epochs
  Epoch 20/50  loss=3.1900
  Epoch 40/50  loss=0.9194
DKL training done in 0.3s
  → 1HfPdF6-1  gap=3.959 eV  best=8.573 eV  top50=6  top10%=6
Cycle  12: GP refit  (21 labelled)
  → 1FeHfF6-1  gap=4.951 eV  best=8.573 eV  top50=6  top10%=7
Cycle  13: GP refit  (22 labelled)
  → 2KTaF6-1  gap=8.681 eV  best=8.681 eV  top50=7  top10%=8
Cycle  14: GP refit  (23 labelled)
  → 1HfNiF6-1  gap=6.181 eV  best=8.681 eV  top50=8  top10%=9
Cycle  15: GP refit  (24 labelled)
  → 1OVF2-1  gap=3.311 eV  best=8.681 eV  top50=8  top10%=9
Cycle  16: full DKL retrain  (25 labelled)
GP warmup: 20 epochs on initial embeddings
Joint DKL training: 50 epochs
  Epoch 20/50  loss=15.4046
  Epoch 40/50  loss=2.6577
DKL training done in 0.3s
  → 2KNbF6-1  gap=8.177 eV  best=8.681 eV  top50=9  top10%=10
Cycle  17: GP refit  (26 labelled)
  → 2FK-1  gap=7.022 eV  best=8.681 eV  top50=10  top10%=11
Cycle  18: GP refit  (27 labelled)
  → 2KNOOsF5-1  gap=2.833 eV  best=8.681 eV  top50=10  top10%=11
Cycle  19: GP refit  (28 labelled)
  → 4AsLiO2-1  gap=5.351 eV  best=8.681 eV  top50=11  top10%=12
Cycle  20: GP refit  (29 labelled)
  → 1BaBr2-2  gap=5.328 eV  best=8.681 eV  top50=11  top10%=13
Cycle  21: full DKL retrain  (30 labelled)
GP warmup: 20 epochs on initial embeddings
Joint DKL training: 50 epochs
  Epoch 20/50  loss=3.2536
  Epoch 40/50  loss=1.0051
DKL training done in 0.3s
  → 2SbTlO3-1  gap=4.173 eV  best=8.681 eV  top50=11  top10%=13
Cycle  22: GP refit  (31 labelled)
  → 1BN-1  gap=5.675 eV  best=8.681 eV  top50=12  top10%=14
Cycle  23: GP refit  (32 labelled)
  → 1MoO2-1  gap=1.651 eV  best=8.681 eV  top50=12  top10%=14
Cycle  24: GP refit  (33 labelled)
  → 2ORh-2  gap=0.062 eV  best=8.681 eV  top50=12  top10%=14
Cycle  25: GP refit  (34 labelled)
  → 1STa3F7-1  gap=1.799 eV  best=8.681 eV  top50=12  top10%=14
Cycle  26: full DKL retrain  (35 labelled)
GP warmup: 20 epochs on initial embeddings
Joint DKL training: 50 epochs
  Epoch 20/50  loss=15.5272
  Epoch 40/50  loss=3.6803
DKL training done in 0.3s
  → 2HSNa3O4-1  gap=5.084 eV  best=8.681 eV  top50=12  top10%=15
Cycle  27: GP refit  (36 labelled)
  → 2CoFO2-1  gap=2.473 eV  best=8.681 eV  top50=12  top10%=15
Cycle  28: GP refit  (37 labelled)
  → 2HSeLi3O4-1  gap=5.856 eV  best=8.681 eV  top50=13  top10%=16
Cycle  29: GP refit  (38 labelled)
  → 2FNaO-1  gap=5.377 eV  best=8.681 eV  top50=14  top10%=17
Cycle  30: GP refit  (39 labelled)
  → 4AsNaO2-1  gap=5.635 eV  best=8.681 eV  top50=15  top10%=18
Cycle  31: full DKL retrain  (40 labelled)
GP warmup: 20 epochs on initial embeddings
Joint DKL training: 50 epochs
  Epoch 20/50  loss=0.9013
  Epoch 40/50  loss=0.6440
DKL training done in 0.3s
  → 2RuO2-1  gap=0.693 eV  best=8.681 eV  top50=15  top10%=18
Cycle  32: GP refit  (41 labelled)
  → 2CoHO2-1  gap=2.596 eV  best=8.681 eV  top50=15  top10%=18
Cycle  33: GP refit  (42 labelled)
  → 1AgScP2S6-1  gap=3.453 eV  best=8.681 eV  top50=15  top10%=18
Cycle  34: GP refit  (43 labelled)
  → 2GaHSO4-1  gap=5.938 eV  best=8.681 eV  top50=16  top10%=19
Cycle  35: GP refit  (44 labelled)
  → 2HLiO-1  gap=5.612 eV  best=8.681 eV  top50=17  top10%=20
Cycle  36: full DKL retrain  (45 labelled)
GP warmup: 20 epochs on initial embeddings
Joint DKL training: 50 epochs
  Epoch 20/50  loss=7.1238
  Epoch 40/50  loss=1.5460
DKL training done in 0.3s
  → 1CSiH2-1  gap=4.871 eV  best=8.681 eV  top50=17  top10%=20
Cycle  37: GP refit  (46 labelled)
  → 1ScH2-1  gap=0.549 eV  best=8.681 eV  top50=17  top10%=20
Cycle  38: GP refit  (47 labelled)
  → 2CsNOsSF5-1  gap=2.525 eV  best=8.681 eV  top50=17  top10%=20
Cycle  39: GP refit  (48 labelled)
  → 2PVO5-1  gap=4.032 eV  best=8.681 eV  top50=17  top10%=20
Cycle  40: GP refit  (49 labelled)
  → 1CrS2-1  gap=1.351 eV  best=8.681 eV  top50=17  top10%=20
Cycle  41: full DKL retrain  (50 labelled)
GP warmup: 20 epochs on initial embeddings
Joint DKL training: 50 epochs
  Epoch 20/50  loss=1.8532
  Epoch 40/50  loss=1.2149
DKL training done in 0.3s
  → 2HInSO4-1  gap=5.132 eV  best=8.681 eV  top50=17  top10%=21
Cycle  42: GP refit  (51 labelled)
  → 1N2O2Hf3-1  gap=0.508 eV  best=8.681 eV  top50=17  top10%=21
Cycle  43: GP refit  (52 labelled)
  → 2GaHSeO4-1  gap=5.796 eV  best=8.681 eV  top50=18  top10%=22
Cycle  44: GP refit  (53 labelled)
  → 1PbS-1  gap=2.593 eV  best=8.681 eV  top50=18  top10%=22
Cycle  45: GP refit  (54 labelled)
  → 2CoHS2-1  gap=1.204 eV  best=8.681 eV  top50=18  top10%=22
Cycle  46: full DKL retrain  (55 labelled)
GP warmup: 20 epochs on initial embeddings
Joint DKL training: 50 epochs
  Epoch 20/50  loss=1.3478
  Epoch 40/50  loss=1.0409
DKL training done in 0.3s
  → 1GaN-1  gap=3.090 eV  best=8.681 eV  top50=18  top10%=22
Cycle  47: GP refit  (56 labelled)
  → 1OPb-1  gap=2.638 eV  best=8.681 eV  top50=18  top10%=22
Cycle  48: GP refit  (57 labelled)
  → 1NiCl2N2H4C6-1  gap=2.638 eV  best=8.681 eV  top50=18  top10%=22
Cycle  49: GP refit  (58 labelled)
  → 2HKO-2  gap=4.890 eV  best=8.681 eV  top50=18  top10%=22
Cycle  50: GP refit  (59 labelled)
  → 2KNO3-1  gap=5.261 eV  best=8.681 eV  top50=18  top10%=23
Cycle  51: full DKL retrain  (60 labelled)
GP warmup: 20 epochs on initial embeddings
Joint DKL training: 50 epochs
  Epoch 20/50  loss=0.9469
  Epoch 40/50  loss=0.4358
DKL training done in 0.3s
  → 2AlHSO4-1  gap=6.800 eV  best=8.681 eV  top50=19  top10%=24
Cycle  52: GP refit  (61 labelled)
  → 2OsO2-1  gap=1.005 eV  best=8.681 eV  top50=19  top10%=24
Cycle  53: GP refit  (62 labelled)
  → 2AlHSeO4-1  gap=6.063 eV  best=8.681 eV  top50=20  top10%=25
Cycle  54: GP refit  (63 labelled)
  → 1WO2-1  gap=2.097 eV  best=8.681 eV  top50=20  top10%=25
Cycle  55: GP refit  (64 labelled)
  → 4AgF2-2  gap=1.637 eV  best=8.681 eV  top50=20  top10%=25
Cycle  56: full DKL retrain  (65 labelled)
GP warmup: 20 epochs on initial embeddings
Joint DKL training: 50 epochs
  Epoch 20/50  loss=2.5848
  Epoch 40/50  loss=1.3034
DKL training done in 0.3s
  → 2GaO-1  gap=2.472 eV  best=8.681 eV  top50=20  top10%=25
Cycle  57: GP refit  (66 labelled)
  → 1CSiF2-1  gap=3.306 eV  best=8.681 eV  top50=20  top10%=25
Cycle  58: GP refit  (67 labelled)
  → 2CuF-2  gap=0.477 eV  best=8.681 eV  top50=20  top10%=25
Cycle  59: GP refit  (68 labelled)
  → 2GaHTeO4-1  gap=5.308 eV  best=8.681 eV  top50=20  top10%=26
Cycle  60: GP refit  (69 labelled)
  → 2HNaO-1  gap=4.458 eV  best=8.681 eV  top50=20  top10%=26
Cycle  61: full DKL retrain  (70 labelled)
GP warmup: 20 epochs on initial embeddings
Joint DKL training: 50 epochs
  Epoch 20/50  loss=1.5966
  Epoch 40/50  loss=1.3586
DKL training done in 0.4s
  → 2BrGa-1  gap=3.271 eV  best=8.681 eV  top50=20  top10%=26
Cycle  62: GP refit  (71 labelled)
  → 2ClCsO3-1  gap=6.616 eV  best=8.681 eV  top50=21  top10%=27
Cycle  63: GP refit  (72 labelled)
  → 2IK-2  gap=4.784 eV  best=8.681 eV  top50=21  top10%=27
Cycle  64: GP refit  (73 labelled)
  → 2As2O3-4  gap=5.105 eV  best=8.681 eV  top50=21  top10%=28
Cycle  65: GP refit  (74 labelled)
  → 1ScBr2-1  gap=0.757 eV  best=8.681 eV  top50=21  top10%=28
Cycle  66: full DKL retrain  (75 labelled)
GP warmup: 20 epochs on initial embeddings
Joint DKL training: 50 epochs
  Epoch 20/50  loss=1.4471
  Epoch 40/50  loss=1.1235
DKL training done in 0.3s
  → 2HNa3S5-1  gap=3.375 eV  best=8.681 eV  top50=21  top10%=28
Cycle  67: GP refit  (76 labelled)
  → 2ITl-3  gap=2.762 eV  best=8.681 eV  top50=21  top10%=28
Cycle  68: GP refit  (77 labelled)
  → 2BaClF-1  gap=6.969 eV  best=8.681 eV  top50=22  top10%=29
Cycle  69: GP refit  (78 labelled)
  → 2AsTlO3-1  gap=4.438 eV  best=8.681 eV  top50=22  top10%=29
Cycle  70: GP refit  (79 labelled)
  → 1BaI2-2  gap=4.274 eV  best=8.681 eV  top50=22  top10%=29
Cycle  71: full DKL retrain  (80 labelled)
GP warmup: 20 epochs on initial embeddings
Joint DKL training: 50 epochs
  Epoch 20/50  loss=0.6734
  Epoch 40/50  loss=0.0345
DKL training done in 0.3s
  → 2ClFSr-1  gap=7.351 eV  best=8.681 eV  top50=23  top10%=30
Cycle  72: GP refit  (81 labelled)
  → 2ClKO3-1  gap=7.004 eV  best=8.681 eV  top50=24  top10%=31
Cycle  73: GP refit  (82 labelled)
  → 2ClCs-1  gap=5.654 eV  best=8.681 eV  top50=25  top10%=32
Cycle  74: GP refit  (83 labelled)
  → 1AgCrP2Se6-1  gap=1.789 eV  best=8.681 eV  top50=25  top10%=32
Cycle  75: GP refit  (84 labelled)
  → 2P2O3-2  gap=5.363 eV  best=8.681 eV  top50=26  top10%=33
Cycle  76: full DKL retrain  (85 labelled)
GP warmup: 20 epochs on initial embeddings
Joint DKL training: 50 epochs
  Epoch 20/50  loss=1.0191
  Epoch 40/50  loss=0.7376
DKL training done in 0.3s
  → 2GaS-1  gap=3.197 eV  best=8.681 eV  top50=26  top10%=33
Cycle  77: GP refit  (86 labelled)
  → 1SrCl2-2  gap=6.202 eV  best=8.681 eV  top50=27  top10%=34
Cycle  78: GP refit  (87 labelled)
  → 1ZnCl2-3  gap=4.718 eV  best=8.681 eV  top50=27  top10%=34
Cycle  79: GP refit  (88 labelled)
  → 1AlAs-1  gap=2.028 eV  best=8.681 eV  top50=27  top10%=34
Cycle  80: GP refit  (89 labelled)
  → 2ClK-2  gap=6.136 eV  best=8.681 eV  top50=28  top10%=35
Cycle  81: full DKL retrain  (90 labelled)
GP warmup: 20 epochs on initial embeddings
Joint DKL training: 50 epochs
  Epoch 20/50  loss=0.3257
  Epoch 40/50  loss=-0.0990
DKL training done in 0.3s
  → 2BiO-1  gap=1.042 eV  best=8.681 eV  top50=28  top10%=35
Cycle  82: GP refit  (91 labelled)
  → 1AgCrP2Te6-1  gap=1.137 eV  best=8.681 eV  top50=28  top10%=35
Cycle  83: GP refit  (92 labelled)
  → 1CoLiP2S6-1  gap=2.395 eV  best=8.681 eV  top50=28  top10%=35
Cycle  84: GP refit  (93 labelled)
  → 1AlN-1  gap=4.048 eV  best=8.681 eV  top50=28  top10%=35
Cycle  85: GP refit  (94 labelled)
  → 1AgAlP2S6-1  gap=3.132 eV  best=8.681 eV  top50=28  top10%=35
Cycle  86: full DKL retrain  (95 labelled)
GP warmup: 20 epochs on initial embeddings
Joint DKL training: 50 epochs
  Epoch 20/50  loss=0.6803
  Epoch 40/50  loss=0.3899
DKL training done in 0.3s
  → 1HgTe-1  gap=0.279 eV  best=8.681 eV  top50=28  top10%=35
Cycle  87: GP refit  (96 labelled)
  → 2AlS-1  gap=2.881 eV  best=8.681 eV  top50=28  top10%=35
Cycle  88: GP refit  (97 labelled)
  → 2FISr-1  gap=5.171 eV  best=8.681 eV  top50=28  top10%=36
Cycle  89: GP refit  (98 labelled)
  → 2AgSe-1  gap=1.179 eV  best=8.681 eV  top50=28  top10%=36
Cycle  90: GP refit  (99 labelled)
  → 2GaSe-1  gap=2.506 eV  best=8.681 eV  top50=28  top10%=36
Cycle  91: full DKL retrain  (100 labelled)
GP warmup: 20 epochs on initial embeddings
Joint DKL training: 50 epochs
  Epoch 20/50  loss=0.0415
  Epoch 40/50  loss=-0.3754
DKL training done in 0.3s
  → 1AgAlP2Se6-1  gap=2.339 eV  best=8.681 eV  top50=28  top10%=36
Cycle  92: GP refit  (101 labelled)
  → 1AgCrP2S6-1  gap=2.012 eV  best=8.681 eV  top50=28  top10%=36
Cycle  93: GP refit  (102 labelled)
  → 1CoLiP2Se6-1  gap=2.004 eV  best=8.681 eV  top50=28  top10%=36
Cycle  94: GP refit  (103 labelled)
  → 2AgCrP2S6-1  gap=2.715 eV  best=8.681 eV  top50=28  top10%=36
Cycle  95: GP refit  (104 labelled)
  → 1AgInP2Se6-1  gap=1.707 eV  best=8.681 eV  top50=28  top10%=36
Cycle  96: full DKL retrain  (105 labelled)
GP warmup: 20 epochs on initial embeddings
Joint DKL training: 50 epochs
  Epoch 20/50  loss=1.0684
  Epoch 40/50  loss=0.6661
DKL training done in 0.3s
  → 2SSc-4  gap=0.981 eV  best=8.681 eV  top50=28  top10%=36
Cycle  97: GP refit  (106 labelled)
  → 1AlCdInS4-1  gap=1.877 eV  best=8.681 eV  top50=28  top10%=36
Cycle  98: GP refit  (107 labelled)
  → 2AlO-1  gap=1.849 eV  best=8.681 eV  top50=28  top10%=36
Cycle  99: GP refit  (108 labelled)
  → 2AlSe-1  gap=2.721 eV  best=8.681 eV  top50=28  top10%=36
Cycle 100: GP refit  (109 labelled)
  → 1SnCl2-2  gap=3.537 eV  best=8.681 eV  top50=28  top10%=36
  gap_max/seed5 → best=8.681 top50=28 top10%=36
BOLoop: 766 materials  |  direction=max  |  top-50 internal threshold=5.35  top-10% internal threshold=4.94
Init: 10 random labels  |  best (max) = 5.612
Cycle   1: full DKL retrain  (10 labelled)
GP warmup: 20 epochs on initial embeddings
/home/roy/Desktop/DKL-BO/venv/lib/python3.13/site-packages/torch/_compile.py:54: UserWarning: optimizer contains a parameter group with duplicate parameters; in future, this will cause an error; see github.com/pytorch/pytorch/issues/40967 for more information
  return disable_fn(*args, **kwargs)
Joint DKL training: 50 epochs
  Epoch 20/50  loss=1.8524
  Epoch 40/50  loss=1.7430
DKL training done in 0.3s
  → 2FLiO-1  gap=5.494 eV  best=5.612 eV  top50=1  top10%=1
Cycle   2: GP refit  (11 labelled)
  → 2OSc-1  gap=1.194 eV  best=5.612 eV  top50=1  top10%=1
Cycle   3: GP refit  (12 labelled)
  → 4LiPS2-1  gap=2.290 eV  best=5.612 eV  top50=1  top10%=1
Cycle   4: GP refit  (13 labelled)
  → 2HSLi3O4-1  gap=5.694 eV  best=5.694 eV  top50=2  top10%=2
Cycle   5: GP refit  (14 labelled)
  → 1GeO2-3  gap=2.945 eV  best=5.694 eV  top50=2  top10%=2
Cycle   6: full DKL retrain  (15 labelled)
GP warmup: 20 epochs on initial embeddings
Joint DKL training: 50 epochs
  Epoch 20/50  loss=1.1826
  Epoch 40/50  loss=1.1228
DKL training done in 0.3s
  → 2AlHSO4-1  gap=6.800 eV  best=6.800 eV  top50=3  top10%=3
Cycle   7: GP refit  (16 labelled)
  → 1ScH2-1  gap=0.549 eV  best=6.800 eV  top50=3  top10%=3
Cycle   8: GP refit  (17 labelled)
  → 1BN-1  gap=5.675 eV  best=6.800 eV  top50=4  top10%=4
Cycle   9: GP refit  (18 labelled)
  → 1CrO2-2  gap=1.144 eV  best=6.800 eV  top50=4  top10%=4
Cycle  10: GP refit  (19 labelled)
  → 2BrK-1  gap=5.470 eV  best=6.800 eV  top50=5  top10%=5
Cycle  11: full DKL retrain  (20 labelled)
GP warmup: 20 epochs on initial embeddings
Joint DKL training: 50 epochs
  Epoch 20/50  loss=1.4507
  Epoch 40/50  loss=1.0261
DKL training done in 0.3s
  → 2BrCs-2  gap=5.145 eV  best=6.800 eV  top50=5  top10%=6
Cycle  12: GP refit  (21 labelled)
  → 2AlO-1  gap=1.849 eV  best=6.800 eV  top50=5  top10%=6
Cycle  13: GP refit  (22 labelled)
  → 2IK-2  gap=4.784 eV  best=6.800 eV  top50=5  top10%=6
Cycle  14: GP refit  (23 labelled)
  → 2HNa3S5-1  gap=3.375 eV  best=6.800 eV  top50=5  top10%=6
Cycle  15: GP refit  (24 labelled)
  → 2CoHO2-1  gap=2.596 eV  best=6.800 eV  top50=5  top10%=6
Cycle  16: full DKL retrain  (25 labelled)
GP warmup: 20 epochs on initial embeddings
Joint DKL training: 50 epochs
  Epoch 20/50  loss=2.0418
  Epoch 40/50  loss=0.8701
DKL training done in 0.3s
  → 1GeO-1  gap=2.811 eV  best=6.800 eV  top50=5  top10%=6
Cycle  17: GP refit  (26 labelled)
  → 1CrS2-1  gap=1.351 eV  best=6.800 eV  top50=5  top10%=6
Cycle  18: GP refit  (27 labelled)
  → 2ClCs-1  gap=5.654 eV  best=6.800 eV  top50=6  top10%=7
Cycle  19: GP refit  (28 labelled)
  → 2GaI-1  gap=2.399 eV  best=6.800 eV  top50=6  top10%=7
Cycle  20: GP refit  (29 labelled)
  → 2ClK-2  gap=6.136 eV  best=6.800 eV  top50=7  top10%=8
Cycle  21: full DKL retrain  (30 labelled)
GP warmup: 20 epochs on initial embeddings
Joint DKL training: 50 epochs
  Epoch 20/50  loss=18.1645
  Epoch 40/50  loss=3.4399
DKL training done in 0.3s
  → 2CuI-2  gap=3.552 eV  best=6.800 eV  top50=7  top10%=8
Cycle  22: GP refit  (31 labelled)
  → 2FK-1  gap=7.022 eV  best=7.022 eV  top50=8  top10%=9
Cycle  23: GP refit  (32 labelled)
  → 2CsF-1  gap=6.059 eV  best=7.022 eV  top50=9  top10%=10
Cycle  24: GP refit  (33 labelled)
  → 1ClIrS-1  gap=2.505 eV  best=7.022 eV  top50=9  top10%=10
Cycle  25: GP refit  (34 labelled)
  → 2ClIn-5  gap=2.997 eV  best=7.022 eV  top50=9  top10%=10
Cycle  26: full DKL retrain  (35 labelled)
GP warmup: 20 epochs on initial embeddings
Joint DKL training: 50 epochs
  Epoch 20/50  loss=0.9349
  Epoch 40/50  loss=0.6531
DKL training done in 0.3s
  → 2IRb-1  gap=4.613 eV  best=7.022 eV  top50=9  top10%=10
Cycle  27: GP refit  (36 labelled)
  → 2HKS-2  gap=4.369 eV  best=7.022 eV  top50=9  top10%=10
Cycle  28: GP refit  (37 labelled)
  → 2HKO-2  gap=4.890 eV  best=7.022 eV  top50=9  top10%=10
Cycle  29: GP refit  (38 labelled)
  → 2CCsO3-2  gap=2.628 eV  best=7.022 eV  top50=9  top10%=10
Cycle  30: GP refit  (39 labelled)
  → 2FRb-1  gap=6.553 eV  best=7.022 eV  top50=10  top10%=11
Cycle  31: full DKL retrain  (40 labelled)
GP warmup: 20 epochs on initial embeddings
Joint DKL training: 50 epochs
  Epoch 20/50  loss=2.4730
  Epoch 40/50  loss=0.9818
DKL training done in 0.3s
  → 2ClRb-2  gap=5.891 eV  best=7.022 eV  top50=11  top10%=12
Cycle  32: GP refit  (41 labelled)
  → 2AgF-3  gap=2.475 eV  best=7.022 eV  top50=11  top10%=12
Cycle  33: GP refit  (42 labelled)
  → 2BrTl-3  gap=3.214 eV  best=7.022 eV  top50=11  top10%=12
Cycle  34: GP refit  (43 labelled)
  → 1HgI2-4  gap=1.370 eV  best=7.022 eV  top50=11  top10%=12
Cycle  35: GP refit  (44 labelled)
  → 2BrRb-2  gap=5.268 eV  best=7.022 eV  top50=11  top10%=13
Cycle  36: full DKL retrain  (45 labelled)
GP warmup: 20 epochs on initial embeddings
Joint DKL training: 50 epochs
  Epoch 20/50  loss=1.4735
  Epoch 40/50  loss=0.5498
DKL training done in 0.3s
  → 2AlHSeO4-1  gap=6.063 eV  best=7.022 eV  top50=12  top10%=14
Cycle  37: GP refit  (46 labelled)
  → 2GaHSO4-1  gap=5.938 eV  best=7.022 eV  top50=13  top10%=15
Cycle  38: GP refit  (47 labelled)
  → 2HLiS-1  gap=5.028 eV  best=7.022 eV  top50=13  top10%=16
Cycle  39: GP refit  (48 labelled)
  → 1GaN-1  gap=3.090 eV  best=7.022 eV  top50=13  top10%=16
Cycle  40: GP refit  (49 labelled)
  → 2HNaS-1  gap=4.588 eV  best=7.022 eV  top50=13  top10%=16
Cycle  41: full DKL retrain  (50 labelled)
GP warmup: 20 epochs on initial embeddings
Joint DKL training: 50 epochs
  Epoch 20/50  loss=0.9459
  Epoch 40/50  loss=0.5559
DKL training done in 0.3s
  → 2HSeLi3O4-1  gap=5.856 eV  best=7.022 eV  top50=14  top10%=17
Cycle  42: GP refit  (51 labelled)
  → 2KNbF6-1  gap=8.177 eV  best=8.177 eV  top50=15  top10%=18
Cycle  43: GP refit  (52 labelled)
  → 1FeHfF6-1  gap=4.951 eV  best=8.177 eV  top50=15  top10%=19
Cycle  44: GP refit  (53 labelled)
  → 2HSNa3O4-1  gap=5.084 eV  best=8.177 eV  top50=15  top10%=20
Cycle  45: GP refit  (54 labelled)
  → 2KNOsSF5-1  gap=2.516 eV  best=8.177 eV  top50=15  top10%=20
Cycle  46: full DKL retrain  (55 labelled)
GP warmup: 20 epochs on initial embeddings
Joint DKL training: 50 epochs
  Epoch 20/50  loss=0.5874
  Epoch 40/50  loss=0.1034
DKL training done in 0.3s
  → 1TiF2-1  gap=2.096 eV  best=8.177 eV  top50=15  top10%=20
Cycle  47: GP refit  (56 labelled)
  → 2FNaO-1  gap=5.377 eV  best=8.177 eV  top50=16  top10%=21
Cycle  48: GP refit  (57 labelled)
  → 2KTaF6-1  gap=8.681 eV  best=8.681 eV  top50=17  top10%=22
Cycle  49: GP refit  (58 labelled)
  → 1HfZnF6-1  gap=8.573 eV  best=8.681 eV  top50=18  top10%=23
Cycle  50: GP refit  (59 labelled)
  → 1NiZrF6-1  gap=6.164 eV  best=8.681 eV  top50=19  top10%=24
Cycle  51: full DKL retrain  (60 labelled)
GP warmup: 20 epochs on initial embeddings
Joint DKL training: 50 epochs
  Epoch 20/50  loss=1.8324
  Epoch 40/50  loss=0.7293
DKL training done in 0.3s
  → 1SeNb3F7-1  gap=1.807 eV  best=8.681 eV  top50=19  top10%=24
Cycle  52: GP refit  (61 labelled)
  → 2HNaO-2  gap=5.181 eV  best=8.681 eV  top50=19  top10%=25
Cycle  53: GP refit  (62 labelled)
  → 1C2O2Hf3-1  gap=0.917 eV  best=8.681 eV  top50=19  top10%=25
Cycle  54: GP refit  (63 labelled)
  → 1HfPdF6-1  gap=3.959 eV  best=8.681 eV  top50=19  top10%=25
Cycle  55: GP refit  (64 labelled)
  → 1SCu2O4-1  gap=3.842 eV  best=8.681 eV  top50=19  top10%=25
Cycle  56: full DKL retrain  (65 labelled)
GP warmup: 20 epochs on initial embeddings
Joint DKL training: 50 epochs
  Epoch 20/50  loss=1.6063
  Epoch 40/50  loss=0.7985
DKL training done in 0.3s
  → 2OsSe2-1  gap=1.389 eV  best=8.681 eV  top50=19  top10%=25
Cycle  57: GP refit  (66 labelled)
  → 1InN-1  gap=1.565 eV  best=8.681 eV  top50=19  top10%=25
Cycle  58: GP refit  (67 labelled)
  → 2HNaO-1  gap=4.458 eV  best=8.681 eV  top50=19  top10%=25
Cycle  59: GP refit  (68 labelled)
  → 1TiCl2-1  gap=1.395 eV  best=8.681 eV  top50=19  top10%=25
Cycle  60: GP refit  (69 labelled)
  → 4NiPSe-1  gap=2.021 eV  best=8.681 eV  top50=19  top10%=25
Cycle  61: full DKL retrain  (70 labelled)
GP warmup: 20 epochs on initial embeddings
Joint DKL training: 50 epochs
  Epoch 20/50  loss=0.8845
  Epoch 40/50  loss=0.5601
DKL training done in 0.3s
  → 2TiO2-1  gap=5.342 eV  best=8.681 eV  top50=19  top10%=26
Cycle  62: GP refit  (71 labelled)
  → 2OsO2-1  gap=1.005 eV  best=8.681 eV  top50=19  top10%=26
Cycle  63: GP refit  (72 labelled)
  → 4AsLiO2-1  gap=5.351 eV  best=8.681 eV  top50=20  top10%=27
Cycle  64: GP refit  (73 labelled)
  → 2GaHTeO4-1  gap=5.308 eV  best=8.681 eV  top50=20  top10%=28
Cycle  65: GP refit  (74 labelled)
  → 2HTeLi3O4-1  gap=5.347 eV  best=8.681 eV  top50=21  top10%=29
Cycle  66: full DKL retrain  (75 labelled)
GP warmup: 20 epochs on initial embeddings
Joint DKL training: 50 epochs
  Epoch 20/50  loss=0.3036
  Epoch 40/50  loss=-0.0523
DKL training done in 0.4s
  → 1AgCrP2Se6-1  gap=1.789 eV  best=8.681 eV  top50=21  top10%=29
Cycle  67: GP refit  (76 labelled)
  → 1WO2-1  gap=2.097 eV  best=8.681 eV  top50=21  top10%=29
Cycle  68: GP refit  (77 labelled)
  → 1PbSrS2O8-1  gap=5.262 eV  best=8.681 eV  top50=21  top10%=30
Cycle  69: GP refit  (78 labelled)
  → 2PVO5-1  gap=4.032 eV  best=8.681 eV  top50=21  top10%=30
Cycle  70: GP refit  (79 labelled)
  → 2CuS-2  gap=1.311 eV  best=8.681 eV  top50=21  top10%=30
Cycle  71: full DKL retrain  (80 labelled)
GP warmup: 20 epochs on initial embeddings
Joint DKL training: 50 epochs
  Epoch 20/50  loss=0.6574
  Epoch 40/50  loss=0.2685
DKL training done in 0.3s
  → 1TiO2-3  gap=3.447 eV  best=8.681 eV  top50=21  top10%=30
Cycle  72: GP refit  (81 labelled)
  → 2GaO-1  gap=2.472 eV  best=8.681 eV  top50=21  top10%=30
Cycle  73: GP refit  (82 labelled)
  → 1PdPt3O8-1  gap=2.448 eV  best=8.681 eV  top50=21  top10%=30
Cycle  74: GP refit  (83 labelled)
  → 2AlHTeO4-1  gap=5.331 eV  best=8.681 eV  top50=21  top10%=31
Cycle  75: GP refit  (84 labelled)
  → 4LiSbO2-1  gap=4.432 eV  best=8.681 eV  top50=21  top10%=31
Cycle  76: full DKL retrain  (85 labelled)
GP warmup: 20 epochs on initial embeddings
Joint DKL training: 50 epochs
  Epoch 20/50  loss=0.0466
  Epoch 40/50  loss=-0.2239
DKL training done in 0.3s
  → 2KNORuF5-1  gap=3.089 eV  best=8.681 eV  top50=21  top10%=31
Cycle  77: GP refit  (86 labelled)
  → 1OVF2-1  gap=3.311 eV  best=8.681 eV  top50=21  top10%=31
Cycle  78: GP refit  (87 labelled)
  → 2AsBiO4-1  gap=4.600 eV  best=8.681 eV  top50=21  top10%=31
Cycle  79: GP refit  (88 labelled)
  → 2HTeNa3O4-1  gap=5.379 eV  best=8.681 eV  top50=22  top10%=32
Cycle  80: GP refit  (89 labelled)
  → 1CSiH2-1  gap=4.871 eV  best=8.681 eV  top50=22  top10%=32
Cycle  81: full DKL retrain  (90 labelled)
GP warmup: 20 epochs on initial embeddings
Joint DKL training: 50 epochs
  Epoch 20/50  loss=0.8193
  Epoch 40/50  loss=0.4489
DKL training done in 0.3s
  → 1OSeW-1  gap=2.004 eV  best=8.681 eV  top50=22  top10%=32
Cycle  82: GP refit  (91 labelled)
  → 1AgCrP2Te6-1  gap=1.137 eV  best=8.681 eV  top50=22  top10%=32
Cycle  83: GP refit  (92 labelled)
  → 1MoO2-1  gap=1.651 eV  best=8.681 eV  top50=22  top10%=32
Cycle  84: GP refit  (93 labelled)
  → 1HfO2-3  gap=3.726 eV  best=8.681 eV  top50=22  top10%=32
Cycle  85: GP refit  (94 labelled)
  → 2HLi3S5-1  gap=3.300 eV  best=8.681 eV  top50=22  top10%=32
Cycle  86: full DKL retrain  (95 labelled)
GP warmup: 20 epochs on initial embeddings
Joint DKL training: 50 epochs
  Epoch 20/50  loss=0.3953
  Epoch 40/50  loss=-0.0792
DKL training done in 0.3s
  → 1CoLiP2S6-1  gap=2.395 eV  best=8.681 eV  top50=22  top10%=32
Cycle  87: GP refit  (96 labelled)
  → 1C2O2Zr3-1  gap=0.961 eV  best=8.681 eV  top50=22  top10%=32
Cycle  88: GP refit  (97 labelled)
  → 1AgAlP2S6-1  gap=3.132 eV  best=8.681 eV  top50=22  top10%=32
Cycle  89: GP refit  (98 labelled)
  → 1CrSe2-1  gap=1.128 eV  best=8.681 eV  top50=22  top10%=32
Cycle  90: GP refit  (99 labelled)
  → 1AgAlP2Se6-1  gap=2.339 eV  best=8.681 eV  top50=22  top10%=32
Cycle  91: full DKL retrain  (100 labelled)
GP warmup: 20 epochs on initial embeddings
Joint DKL training: 50 epochs
  Epoch 20/50  loss=0.5750
  Epoch 40/50  loss=0.2475
DKL training done in 0.3s
  → 1AgCrP2S6-1  gap=2.012 eV  best=8.681 eV  top50=22  top10%=32
Cycle  92: GP refit  (101 labelled)
  → 1GaInS2-1  gap=2.570 eV  best=8.681 eV  top50=22  top10%=32
Cycle  93: GP refit  (102 labelled)
  → 1Cd2Mn3O8-1  gap=3.208 eV  best=8.681 eV  top50=22  top10%=32
Cycle  94: GP refit  (103 labelled)
  → 2ClFSr-1  gap=7.351 eV  best=8.681 eV  top50=23  top10%=33
Cycle  95: GP refit  (104 labelled)
  → 2FeS2-1  gap=1.331 eV  best=8.681 eV  top50=23  top10%=33
Cycle  96: full DKL retrain  (105 labelled)
GP warmup: 20 epochs on initial embeddings
Joint DKL training: 50 epochs
  Epoch 20/50  loss=0.3840
  Epoch 40/50  loss=0.0300
DKL training done in 0.3s
  → 1PtSeMn2S5-1  gap=1.467 eV  best=8.681 eV  top50=23  top10%=33
Cycle  97: GP refit  (106 labelled)
  → 1CrISe-1  gap=1.596 eV  best=8.681 eV  top50=23  top10%=33
Cycle  98: GP refit  (107 labelled)
  → 1CrTe2-2  gap=0.869 eV  best=8.681 eV  top50=23  top10%=33
Cycle  99: GP refit  (108 labelled)
  → 2PbTe-1  gap=0.878 eV  best=8.681 eV  top50=23  top10%=33
Cycle 100: GP refit  (109 labelled)
  → 2RuTe2-1  gap=1.071 eV  best=8.681 eV  top50=23  top10%=33
  gap_max/seed6 → best=8.681 top50=23 top10%=33
BOLoop: 766 materials  |  direction=max  |  top-50 internal threshold=5.35  top-10% internal threshold=4.94
Init: 10 random labels  |  best (max) = 5.363
Cycle   1: full DKL retrain  (10 labelled)
GP warmup: 20 epochs on initial embeddings
/home/roy/Desktop/DKL-BO/venv/lib/python3.13/site-packages/torch/_compile.py:54: UserWarning: optimizer contains a parameter group with duplicate parameters; in future, this will cause an error; see github.com/pytorch/pytorch/issues/40967 for more information
  return disable_fn(*args, **kwargs)
Joint DKL training: 50 epochs
  Epoch 20/50  loss=1.7602
  Epoch 40/50  loss=1.6790
DKL training done in 0.3s
  → 2AlO-1  gap=1.849 eV  best=5.363 eV  top50=0  top10%=0
Cycle   2: GP refit  (11 labelled)
  → 2CCsO3-2  gap=2.628 eV  best=5.363 eV  top50=0  top10%=0
Cycle   3: GP refit  (12 labelled)
  → 2AsTlO3-1  gap=4.438 eV  best=5.363 eV  top50=0  top10%=0
Cycle   4: GP refit  (13 labelled)
  → 2HNa3S5-1  gap=3.375 eV  best=5.363 eV  top50=0  top10%=0
Cycle   5: GP refit  (14 labelled)
  → 2HInTeS4-1  gap=2.900 eV  best=5.363 eV  top50=0  top10%=0
Cycle   6: full DKL retrain  (15 labelled)
GP warmup: 20 epochs on initial embeddings
Joint DKL training: 50 epochs
  Epoch 20/50  loss=0.9074
  Epoch 40/50  loss=0.8046
DKL training done in 0.3s
  → 1BP-1  gap=1.362 eV  best=5.363 eV  top50=0  top10%=0
Cycle   7: GP refit  (16 labelled)
  → 1GaN-1  gap=3.090 eV  best=5.363 eV  top50=0  top10%=0
Cycle   8: GP refit  (17 labelled)
  → 4AsLiO2-1  gap=5.351 eV  best=5.363 eV  top50=1  top10%=1
Cycle   9: GP refit  (18 labelled)
  → 4PPtS-1  gap=2.654 eV  best=5.363 eV  top50=1  top10%=1
Cycle  10: GP refit  (19 labelled)
  → 1BN-1  gap=5.675 eV  best=5.675 eV  top50=2  top10%=2
Cycle  11: full DKL retrain  (20 labelled)
GP warmup: 20 epochs on initial embeddings
Joint DKL training: 50 epochs
  Epoch 20/50  loss=0.6163
  Epoch 40/50  loss=0.4512
DKL training done in 0.3s
  → 1AsIn-1  gap=1.234 eV  best=5.675 eV  top50=2  top10%=2
Cycle  12: GP refit  (21 labelled)
  → 2HSeLi3O4-1  gap=5.856 eV  best=5.856 eV  top50=3  top10%=3
Cycle  13: GP refit  (22 labelled)
  → 2FLiO-1  gap=5.494 eV  best=5.856 eV  top50=4  top10%=4
Cycle  14: GP refit  (23 labelled)
  → 2As2O3-4  gap=5.105 eV  best=5.856 eV  top50=4  top10%=5
Cycle  15: GP refit  (24 labelled)
  → 4LiPS2-1  gap=2.290 eV  best=5.856 eV  top50=4  top10%=5
Cycle  16: full DKL retrain  (25 labelled)
GP warmup: 20 epochs on initial embeddings
Joint DKL training: 50 epochs
  Epoch 20/50  loss=1.5954
  Epoch 40/50  loss=0.7822
DKL training done in 0.3s
  → 2HSLi3O4-1  gap=5.694 eV  best=5.856 eV  top50=5  top10%=6
Cycle  17: GP refit  (26 labelled)
  → 2HLiO-1  gap=5.612 eV  best=5.856 eV  top50=6  top10%=7
Cycle  18: GP refit  (27 labelled)
  → 1TiF2-1  gap=2.096 eV  best=5.856 eV  top50=6  top10%=7
Cycle  19: GP refit  (28 labelled)
  → 2HTeLi3O4-1  gap=5.347 eV  best=5.856 eV  top50=7  top10%=8
Cycle  20: GP refit  (29 labelled)
  → 1BaBr2-2  gap=5.328 eV  best=5.856 eV  top50=7  top10%=9
Cycle  21: full DKL retrain  (30 labelled)
GP warmup: 20 epochs on initial embeddings
Joint DKL training: 50 epochs
  Epoch 20/50  loss=14.1698
  Epoch 40/50  loss=1.1052
DKL training done in 0.3s
  → 1BaBrI-1  gap=5.177 eV  best=5.856 eV  top50=7  top10%=10
Cycle  22: GP refit  (31 labelled)
  → 1InSb-1  gap=0.945 eV  best=5.856 eV  top50=7  top10%=10
Cycle  23: GP refit  (32 labelled)
  → 2BrGa-1  gap=3.271 eV  best=5.856 eV  top50=7  top10%=10
Cycle  24: GP refit  (33 labelled)
  → 1BaI2-2  gap=4.274 eV  best=5.856 eV  top50=7  top10%=10
Cycle  25: GP refit  (34 labelled)
  → 2BrCs-2  gap=5.145 eV  best=5.856 eV  top50=7  top10%=11
Cycle  26: full DKL retrain  (35 labelled)
GP warmup: 20 epochs on initial embeddings
Joint DKL training: 50 epochs
  Epoch 20/50  loss=2.5550
  Epoch 40/50  loss=0.4147
DKL training done in 0.3s
  → 2BrRb-2  gap=5.268 eV  best=5.856 eV  top50=7  top10%=12
Cycle  27: GP refit  (36 labelled)
  → 1BrITl2-1  gap=2.587 eV  best=5.856 eV  top50=7  top10%=12
Cycle  28: GP refit  (37 labelled)
  → 2HSeLi3S4-1  gap=3.065 eV  best=5.856 eV  top50=7  top10%=12
Cycle  29: GP refit  (38 labelled)
  → 2IIn-3  gap=2.347 eV  best=5.856 eV  top50=7  top10%=12
Cycle  30: GP refit  (39 labelled)
  → 2ClCs-1  gap=5.654 eV  best=5.856 eV  top50=8  top10%=13
Cycle  31: full DKL retrain  (40 labelled)
GP warmup: 20 epochs on initial embeddings
Joint DKL training: 50 epochs
  Epoch 20/50  loss=1.0251
  Epoch 40/50  loss=0.3712
DKL training done in 0.3s
  → 2ClRb-2  gap=5.891 eV  best=5.891 eV  top50=9  top10%=14
Cycle  32: GP refit  (41 labelled)
  → 2IRb-1  gap=4.613 eV  best=5.891 eV  top50=9  top10%=14
Cycle  33: GP refit  (42 labelled)
  → 2HKTe-1  gap=3.400 eV  best=5.891 eV  top50=9  top10%=14
Cycle  34: GP refit  (43 labelled)
  → 2CsF-1  gap=6.059 eV  best=6.059 eV  top50=10  top10%=15
Cycle  35: GP refit  (44 labelled)
  → 2AgIBr2-1  gap=2.063 eV  best=6.059 eV  top50=10  top10%=15
Cycle  36: full DKL retrain  (45 labelled)
GP warmup: 20 epochs on initial embeddings
Joint DKL training: 50 epochs
  Epoch 20/50  loss=3.0078
  Epoch 40/50  loss=0.5786
DKL training done in 0.3s
  → 2BaClI-1  gap=4.709 eV  best=6.059 eV  top50=10  top10%=15
Cycle  37: GP refit  (46 labelled)
  → 1SnI2-2  gap=2.504 eV  best=6.059 eV  top50=10  top10%=15
Cycle  38: GP refit  (47 labelled)
  → 1BaBrCl-1  gap=6.257 eV  best=6.257 eV  top50=11  top10%=16
Cycle  39: GP refit  (48 labelled)
  → 1BaCl2-2  gap=6.099 eV  best=6.257 eV  top50=12  top10%=17
Cycle  40: GP refit  (49 labelled)
  → 2FRb-1  gap=6.553 eV  best=6.553 eV  top50=13  top10%=18
Cycle  41: full DKL retrain  (50 labelled)
GP warmup: 20 epochs on initial embeddings
Joint DKL training: 50 epochs
  Epoch 20/50  loss=0.4465
  Epoch 40/50  loss=0.1790
DKL training done in 0.3s
  → 1InP-1  gap=1.774 eV  best=6.553 eV  top50=13  top10%=18
Cycle  42: GP refit  (51 labelled)
  → 1BaClI-1  gap=5.106 eV  best=6.553 eV  top50=13  top10%=19
Cycle  43: GP refit  (52 labelled)
  → 2P2S3-3  gap=3.478 eV  best=6.553 eV  top50=13  top10%=19
Cycle  44: GP refit  (53 labelled)
  → 2InSe-1  gap=2.055 eV  best=6.553 eV  top50=13  top10%=19
Cycle  45: GP refit  (54 labelled)
  → 2FK-1  gap=7.022 eV  best=7.022 eV  top50=14  top10%=20
Cycle  46: full DKL retrain  (55 labelled)
GP warmup: 20 epochs on initial embeddings
Joint DKL training: 50 epochs
  Epoch 20/50  loss=0.4580
  Epoch 40/50  loss=0.1177
DKL training done in 0.3s
  → 2HKS-2  gap=4.369 eV  best=7.022 eV  top50=14  top10%=20
Cycle  47: GP refit  (56 labelled)
  → 1PbSe-1  gap=2.199 eV  best=7.022 eV  top50=14  top10%=20
Cycle  48: GP refit  (57 labelled)
  → 2ClGa-1  gap=3.220 eV  best=7.022 eV  top50=14  top10%=20
Cycle  49: GP refit  (58 labelled)
  → 1PbSe2-1  gap=1.847 eV  best=7.022 eV  top50=14  top10%=20
Cycle  50: GP refit  (59 labelled)
  → 1PbI2-2  gap=2.404 eV  best=7.022 eV  top50=14  top10%=20
Cycle  51: full DKL retrain  (60 labelled)
GP warmup: 20 epochs on initial embeddings
Joint DKL training: 50 epochs
  Epoch 20/50  loss=0.6209
  Epoch 40/50  loss=0.1517
DKL training done in 0.3s
  → 2BaClF-1  gap=6.969 eV  best=7.022 eV  top50=15  top10%=21
Cycle  52: GP refit  (61 labelled)
  → 2BaBrF-1  gap=6.128 eV  best=7.022 eV  top50=16  top10%=22
Cycle  53: GP refit  (62 labelled)
  → 2ClK-2  gap=6.136 eV  best=7.022 eV  top50=17  top10%=23
Cycle  54: GP refit  (63 labelled)
  → 2BrK-1  gap=5.470 eV  best=7.022 eV  top50=18  top10%=24
Cycle  55: GP refit  (64 labelled)
  → 1MoAu2O4-2  gap=4.110 eV  best=7.022 eV  top50=18  top10%=24
Cycle  56: full DKL retrain  (65 labelled)
GP warmup: 20 epochs on initial embeddings
Joint DKL training: 50 epochs
  Epoch 20/50  loss=0.3292
  Epoch 40/50  loss=-0.0659
DKL training done in 0.3s
  → 2BaClH-1  gap=4.823 eV  best=7.022 eV  top50=18  top10%=24
Cycle  57: GP refit  (66 labelled)
  → 2KNbF6-1  gap=8.177 eV  best=8.177 eV  top50=19  top10%=25
Cycle  58: GP refit  (67 labelled)
  → 2KTaF6-1  gap=8.681 eV  best=8.681 eV  top50=20  top10%=26
Cycle  59: GP refit  (68 labelled)
  → 2CaClF-1  gap=7.587 eV  best=8.681 eV  top50=21  top10%=27
Cycle  60: GP refit  (69 labelled)
  → 1AgScP2S6-1  gap=3.453 eV  best=8.681 eV  top50=21  top10%=27
Cycle  61: full DKL retrain  (70 labelled)
GP warmup: 20 epochs on initial embeddings
Joint DKL training: 50 epochs
  Epoch 20/50  loss=0.7567
  Epoch 40/50  loss=0.3551
DKL training done in 0.3s
  → 1STa3F7-1  gap=1.799 eV  best=8.681 eV  top50=21  top10%=27
Cycle  62: GP refit  (71 labelled)
  → 2ClFSr-1  gap=7.351 eV  best=8.681 eV  top50=22  top10%=28
Cycle  63: GP refit  (72 labelled)
  → 1HfZnF6-1  gap=8.573 eV  best=8.681 eV  top50=23  top10%=29
Cycle  64: GP refit  (73 labelled)
  → 2KNORuF5-1  gap=3.089 eV  best=8.681 eV  top50=23  top10%=29
Cycle  65: GP refit  (74 labelled)
  → 1CaCl2-2  gap=6.384 eV  best=8.681 eV  top50=24  top10%=30
Cycle  66: full DKL retrain  (75 labelled)
GP warmup: 20 epochs on initial embeddings
Joint DKL training: 50 epochs
  Epoch 20/50  loss=0.7110
  Epoch 40/50  loss=0.2803
DKL training done in 0.3s
  → 1GeO2-3  gap=2.945 eV  best=8.681 eV  top50=24  top10%=30
Cycle  67: GP refit  (76 labelled)
  → 1NiPdS4-1  gap=1.153 eV  best=8.681 eV  top50=24  top10%=30
Cycle  68: GP refit  (77 labelled)
  → 2TiO2-1  gap=5.342 eV  best=8.681 eV  top50=24  top10%=31
Cycle  69: GP refit  (78 labelled)
  → 1OSTi-1  gap=1.777 eV  best=8.681 eV  top50=24  top10%=31
Cycle  70: GP refit  (79 labelled)
  → 4AuF2-1  gap=1.286 eV  best=8.681 eV  top50=24  top10%=31
Cycle  71: full DKL retrain  (80 labelled)
GP warmup: 20 epochs on initial embeddings
Joint DKL training: 50 epochs
  Epoch 20/50  loss=0.3350
  Epoch 40/50  loss=0.0075
DKL training done in 0.3s
  → 1ScCl2-1  gap=0.736 eV  best=8.681 eV  top50=24  top10%=31
Cycle  72: GP refit  (81 labelled)
  → 1MgCl2-3  gap=6.063 eV  best=8.681 eV  top50=25  top10%=32
Cycle  73: GP refit  (82 labelled)
  → 1FeHfF6-1  gap=4.951 eV  best=8.681 eV  top50=25  top10%=33
Cycle  74: GP refit  (83 labelled)
  → 2OsO2-1  gap=1.005 eV  best=8.681 eV  top50=25  top10%=33
Cycle  75: GP refit  (84 labelled)
  → 1HfPdF6-1  gap=3.959 eV  best=8.681 eV  top50=25  top10%=33
Cycle  76: full DKL retrain  (85 labelled)
GP warmup: 20 epochs on initial embeddings
Joint DKL training: 50 epochs
  Epoch 20/50  loss=1.0707
  Epoch 40/50  loss=0.6835
DKL training done in 0.3s
  → 1TiCl2-1  gap=1.395 eV  best=8.681 eV  top50=25  top10%=33
Cycle  77: GP refit  (86 labelled)
  → 2BrCaF-1  gap=6.385 eV  best=8.681 eV  top50=26  top10%=34
Cycle  78: GP refit  (87 labelled)
  → 1IPd2Cl5-1  gap=1.393 eV  best=8.681 eV  top50=26  top10%=34
Cycle  79: GP refit  (88 labelled)
  → 2PdTeO3-2  gap=2.509 eV  best=8.681 eV  top50=26  top10%=34
Cycle  80: GP refit  (89 labelled)
  → 2AuCl-4  gap=0.777 eV  best=8.681 eV  top50=26  top10%=34
Cycle  81: full DKL retrain  (90 labelled)
GP warmup: 20 epochs on initial embeddings
Joint DKL training: 50 epochs
  Epoch 20/50  loss=1.6013
  Epoch 40/50  loss=1.0724
DKL training done in 0.3s
  → 2TeTi-4  gap=0.440 eV  best=8.681 eV  top50=26  top10%=34
Cycle  82: GP refit  (91 labelled)
  → 2BaHI-1  gap=4.219 eV  best=8.681 eV  top50=26  top10%=34
Cycle  83: GP refit  (92 labelled)
  → 1TiI2-2  gap=0.828 eV  best=8.681 eV  top50=26  top10%=34
Cycle  84: GP refit  (93 labelled)
  → 2HKO-2  gap=4.890 eV  best=8.681 eV  top50=26  top10%=34
Cycle  85: GP refit  (94 labelled)
  → 2FeS2-1  gap=1.331 eV  best=8.681 eV  top50=26  top10%=34
Cycle  86: full DKL retrain  (95 labelled)
GP warmup: 20 epochs on initial embeddings
Joint DKL training: 50 epochs
  Epoch 20/50  loss=0.5111
  Epoch 40/50  loss=0.0655
DKL training done in 0.3s
  → 2FNaO-1  gap=5.377 eV  best=8.681 eV  top50=27  top10%=35
Cycle  87: GP refit  (96 labelled)
  → 1RuCl2-3  gap=0.908 eV  best=8.681 eV  top50=27  top10%=35
Cycle  88: GP refit  (97 labelled)
  → 1C2O2Hf3-1  gap=0.917 eV  best=8.681 eV  top50=27  top10%=35
Cycle  89: GP refit  (98 labelled)
  → 2PtF3-1  gap=2.703 eV  best=8.681 eV  top50=27  top10%=35
Cycle  90: GP refit  (99 labelled)
  → 2CaClH-1  gap=5.233 eV  best=8.681 eV  top50=27  top10%=36
Cycle  91: full DKL retrain  (100 labelled)
GP warmup: 20 epochs on initial embeddings
Joint DKL training: 50 epochs
  Epoch 20/50  loss=1.4303
  Epoch 40/50  loss=0.9076
DKL training done in 0.3s
  → 1ScI2-2  gap=0.573 eV  best=8.681 eV  top50=27  top10%=36
Cycle  92: GP refit  (101 labelled)
  → 2ClScBr2-1  gap=4.935 eV  best=8.681 eV  top50=27  top10%=36
Cycle  93: GP refit  (102 labelled)
  → 2KNOOsF5-1  gap=2.833 eV  best=8.681 eV  top50=27  top10%=36
Cycle  94: GP refit  (103 labelled)
  → 4HgTe-1  gap=0.899 eV  best=8.681 eV  top50=27  top10%=36
Cycle  95: GP refit  (104 labelled)
  → 4AuI2-1  gap=0.880 eV  best=8.681 eV  top50=27  top10%=36
Cycle  96: full DKL retrain  (105 labelled)
GP warmup: 20 epochs on initial embeddings
Joint DKL training: 50 epochs
  Epoch 20/50  loss=1.3232
  Epoch 40/50  loss=1.1438
DKL training done in 0.3s
  → 1SnS2-3  gap=1.455 eV  best=8.681 eV  top50=27  top10%=36
Cycle  97: GP refit  (106 labelled)
  → 2PbS-1  gap=1.806 eV  best=8.681 eV  top50=27  top10%=36
Cycle  98: GP refit  (107 labelled)
  → 1MoCr3Te8-1  gap=0.893 eV  best=8.681 eV  top50=27  top10%=36
Cycle  99: GP refit  (108 labelled)
  → 1BrCoSe-1  gap=2.153 eV  best=8.681 eV  top50=27  top10%=36
Cycle 100: GP refit  (109 labelled)
  → 2BaFI-1  gap=4.907 eV  best=8.681 eV  top50=27  top10%=36
  gap_max/seed7 → best=8.681 top50=27 top10%=36
BOLoop: 766 materials  |  direction=max  |  top-50 internal threshold=5.35  top-10% internal threshold=4.94
Init: 10 random labels  |  best (max) = 5.386
Cycle   1: full DKL retrain  (10 labelled)
GP warmup: 20 epochs on initial embeddings
/home/roy/Desktop/DKL-BO/venv/lib/python3.13/site-packages/torch/_compile.py:54: UserWarning: optimizer contains a parameter group with duplicate parameters; in future, this will cause an error; see github.com/pytorch/pytorch/issues/40967 for more information
  return disable_fn(*args, **kwargs)
Joint DKL training: 50 epochs
  Epoch 20/50  loss=1.7745
  Epoch 40/50  loss=1.6726
DKL training done in 0.3s
  → 2HNaO-2  gap=5.181 eV  best=5.386 eV  top50=0  top10%=1
Cycle   2: GP refit  (11 labelled)
  → 2HNaO-1  gap=4.458 eV  best=5.386 eV  top50=0  top10%=1
Cycle   3: GP refit  (12 labelled)
  → 1ScO2-2  gap=3.769 eV  best=5.386 eV  top50=0  top10%=1
Cycle   4: GP refit  (13 labelled)
  → 2ClK-2  gap=6.136 eV  best=6.136 eV  top50=1  top10%=2
Cycle   5: GP refit  (14 labelled)
  → 2BrK-1  gap=5.470 eV  best=6.136 eV  top50=2  top10%=3
Cycle   6: full DKL retrain  (15 labelled)
GP warmup: 20 epochs on initial embeddings
Joint DKL training: 50 epochs
  Epoch 20/50  loss=0.9207
  Epoch 40/50  loss=0.8406
DKL training done in 0.3s
  → 2BrTl-3  gap=3.214 eV  best=6.136 eV  top50=2  top10%=3
Cycle   7: GP refit  (16 labelled)
  → 2HKS-2  gap=4.369 eV  best=6.136 eV  top50=2  top10%=3
Cycle   8: GP refit  (17 labelled)
  → 1SrCl2-2  gap=6.202 eV  best=6.202 eV  top50=3  top10%=4
Cycle   9: GP refit  (18 labelled)
  → 2ClHSr-1  gap=5.259 eV  best=6.202 eV  top50=3  top10%=5
Cycle  10: GP refit  (19 labelled)
  → 2FK-1  gap=7.022 eV  best=7.022 eV  top50=4  top10%=6
Cycle  11: full DKL retrain  (20 labelled)
GP warmup: 20 epochs on initial embeddings
Joint DKL training: 50 epochs
  Epoch 20/50  loss=0.7658
  Epoch 40/50  loss=0.5801
DKL training done in 0.3s
  → 2ClFSr-1  gap=7.351 eV  best=7.351 eV  top50=5  top10%=7
Cycle  12: GP refit  (21 labelled)
  → 2KTaF6-1  gap=8.681 eV  best=8.681 eV  top50=6  top10%=8
Cycle  13: GP refit  (22 labelled)
  → 2KNbF6-1  gap=8.177 eV  best=8.681 eV  top50=7  top10%=9
Cycle  14: GP refit  (23 labelled)
  → 1TiF2-1  gap=2.096 eV  best=8.681 eV  top50=7  top10%=9
Cycle  15: GP refit  (24 labelled)
  → 1BN-1  gap=5.675 eV  best=8.681 eV  top50=8  top10%=10
Cycle  16: full DKL retrain  (25 labelled)
GP warmup: 20 epochs on initial embeddings
Joint DKL training: 50 epochs
  Epoch 20/50  loss=2.1572
  Epoch 40/50  loss=0.7396
DKL training done in 0.3s
  → 2KNO3-1  gap=5.261 eV  best=8.681 eV  top50=8  top10%=11
Cycle  17: GP refit  (26 labelled)
  → 1HfZnF6-1  gap=8.573 eV  best=8.681 eV  top50=9  top10%=12
Cycle  18: GP refit  (27 labelled)
  → 1NiZrF6-1  gap=6.164 eV  best=8.681 eV  top50=10  top10%=13
Cycle  19: GP refit  (28 labelled)
  → 1STa3F7-1  gap=1.799 eV  best=8.681 eV  top50=10  top10%=13
Cycle  20: GP refit  (29 labelled)
  → 2ClKO3-1  gap=7.004 eV  best=8.681 eV  top50=11  top10%=14
Cycle  21: full DKL retrain  (30 labelled)
GP warmup: 20 epochs on initial embeddings
Joint DKL training: 50 epochs
  Epoch 20/50  loss=1.1158
  Epoch 40/50  loss=0.7545
DKL training done in 0.3s
  → 1HfPdF6-1  gap=3.959 eV  best=8.681 eV  top50=11  top10%=14
Cycle  22: GP refit  (31 labelled)
  → 1FeHfF6-1  gap=4.951 eV  best=8.681 eV  top50=11  top10%=15
Cycle  23: GP refit  (32 labelled)
  → 1CrO2-2  gap=1.144 eV  best=8.681 eV  top50=11  top10%=15
Cycle  24: GP refit  (33 labelled)
  → 2BaClF-1  gap=6.969 eV  best=8.681 eV  top50=12  top10%=16
Cycle  25: GP refit  (34 labelled)
  → 2CaClF-1  gap=7.587 eV  best=8.681 eV  top50=13  top10%=17
Cycle  26: full DKL retrain  (35 labelled)
GP warmup: 20 epochs on initial embeddings
Joint DKL training: 50 epochs
  Epoch 20/50  loss=1.3514
  Epoch 40/50  loss=0.6835
DKL training done in 0.3s
  → 1ZnCl2-3  gap=4.718 eV  best=8.681 eV  top50=13  top10%=17
Cycle  27: GP refit  (36 labelled)
  → 2BrCaF-1  gap=6.385 eV  best=8.681 eV  top50=14  top10%=18
Cycle  28: GP refit  (37 labelled)
  → 1ClScTe-1  gap=1.807 eV  best=8.681 eV  top50=14  top10%=18
Cycle  29: GP refit  (38 labelled)
  → 1ZrCl2-1  gap=1.500 eV  best=8.681 eV  top50=14  top10%=18
Cycle  30: GP refit  (39 labelled)
  → 1MoSe2-1  gap=1.804 eV  best=8.681 eV  top50=14  top10%=18
Cycle  31: full DKL retrain  (40 labelled)
GP warmup: 20 epochs on initial embeddings
Joint DKL training: 50 epochs
  Epoch 20/50  loss=1.2895
  Epoch 40/50  loss=0.8459
DKL training done in 0.3s
  → 2KNORuF5-1  gap=3.089 eV  best=8.681 eV  top50=14  top10%=18
Cycle  32: GP refit  (41 labelled)
  → 2AsTlO3-1  gap=4.438 eV  best=8.681 eV  top50=14  top10%=18
Cycle  33: GP refit  (42 labelled)
  → 1OVF2-1  gap=3.311 eV  best=8.681 eV  top50=14  top10%=18
Cycle  34: GP refit  (43 labelled)
  → 2BrFSr-1  gap=6.270 eV  best=8.681 eV  top50=15  top10%=19
Cycle  35: GP refit  (44 labelled)
  → 1TiCl2-1  gap=1.395 eV  best=8.681 eV  top50=15  top10%=19
Cycle  36: full DKL retrain  (45 labelled)
GP warmup: 20 epochs on initial embeddings
Joint DKL training: 50 epochs
  Epoch 20/50  loss=0.7470
  Epoch 40/50  loss=0.5103
DKL training done in 0.3s
  → 2CoHO2-1  gap=2.596 eV  best=8.681 eV  top50=15  top10%=19
Cycle  37: GP refit  (46 labelled)
  → 4TiSe2-1  gap=0.036 eV  best=8.681 eV  top50=15  top10%=19
Cycle  38: GP refit  (47 labelled)
  → 1AgScP2S6-1  gap=3.453 eV  best=8.681 eV  top50=15  top10%=19
Cycle  39: GP refit  (48 labelled)
  → 2RuO2-1  gap=0.693 eV  best=8.681 eV  top50=15  top10%=19
Cycle  40: GP refit  (49 labelled)
  → 2SbTlO3-1  gap=4.173 eV  best=8.681 eV  top50=15  top10%=19
Cycle  41: full DKL retrain  (50 labelled)
GP warmup: 20 epochs on initial embeddings
Joint DKL training: 50 epochs
  Epoch 20/50  loss=0.5004
  Epoch 40/50  loss=0.2293
DKL training done in 0.3s
  → 1MoS2-1  gap=2.087 eV  best=8.681 eV  top50=15  top10%=19
Cycle  42: GP refit  (51 labelled)
  → 1AgCrP2Se6-1  gap=1.789 eV  best=8.681 eV  top50=15  top10%=19
Cycle  43: GP refit  (52 labelled)
  → 1AgCrP2Te6-1  gap=1.137 eV  best=8.681 eV  top50=15  top10%=19
Cycle  44: GP refit  (53 labelled)
  → 1CoLiP2S6-1  gap=2.395 eV  best=8.681 eV  top50=15  top10%=19
Cycle  45: GP refit  (54 labelled)
  → 1MoOSe-1  gap=1.512 eV  best=8.681 eV  top50=15  top10%=19
Cycle  46: full DKL retrain  (55 labelled)
GP warmup: 20 epochs on initial embeddings
Joint DKL training: 50 epochs
  Epoch 20/50  loss=0.7169
  Epoch 40/50  loss=0.2262
DKL training done in 0.3s
  → 2AgO-1  gap=1.126 eV  best=8.681 eV  top50=15  top10%=19
Cycle  47: GP refit  (56 labelled)
  → 1AgAlP2S6-1  gap=3.132 eV  best=8.681 eV  top50=15  top10%=19
Cycle  48: GP refit  (57 labelled)
  → 2FNaO-1  gap=5.377 eV  best=8.681 eV  top50=16  top10%=20
Cycle  49: GP refit  (58 labelled)
  → 2AlHSO4-1  gap=6.800 eV  best=8.681 eV  top50=17  top10%=21
Cycle  50: GP refit  (59 labelled)
  → 2ClCsO3-1  gap=6.616 eV  best=8.681 eV  top50=18  top10%=22
Cycle  51: full DKL retrain  (60 labelled)
GP warmup: 20 epochs on initial embeddings
Joint DKL training: 50 epochs
  Epoch 20/50  loss=0.4877
  Epoch 40/50  loss=0.0104
DKL training done in 0.3s
  → 2GaHSO4-1  gap=5.938 eV  best=8.681 eV  top50=19  top10%=23
Cycle  52: GP refit  (61 labelled)
  → 1MoW3O8-1  gap=1.961 eV  best=8.681 eV  top50=19  top10%=23
Cycle  53: GP refit  (62 labelled)
  → 2TiO2-1  gap=5.342 eV  best=8.681 eV  top50=19  top10%=24
Cycle  54: GP refit  (63 labelled)
  → 2HSNa3O4-1  gap=5.084 eV  best=8.681 eV  top50=19  top10%=25
Cycle  55: GP refit  (64 labelled)
  → 2FeS2-1  gap=1.331 eV  best=8.681 eV  top50=19  top10%=25
Cycle  56: full DKL retrain  (65 labelled)
GP warmup: 20 epochs on initial embeddings
Joint DKL training: 50 epochs
  Epoch 20/50  loss=0.3439
  Epoch 40/50  loss=-0.1012
DKL training done in 0.3s
  → 1AgAlP2Se6-1  gap=2.339 eV  best=8.681 eV  top50=19  top10%=25
Cycle  57: GP refit  (66 labelled)
  → 1AgCrP2S6-1  gap=2.012 eV  best=8.681 eV  top50=19  top10%=25
Cycle  58: GP refit  (67 labelled)
  → 1CoLiP2Se6-1  gap=2.004 eV  best=8.681 eV  top50=19  top10%=25
Cycle  59: GP refit  (68 labelled)
  → 2AgCrP2S6-1  gap=2.715 eV  best=8.681 eV  top50=19  top10%=25
Cycle  60: GP refit  (69 labelled)
  → 1AgInP2Se6-1  gap=1.707 eV  best=8.681 eV  top50=19  top10%=25
Cycle  61: full DKL retrain  (70 labelled)
GP warmup: 20 epochs on initial embeddings
Joint DKL training: 50 epochs
  Epoch 20/50  loss=0.7419
  Epoch 40/50  loss=0.3281
DKL training done in 0.4s
  → 1CrSe2-1  gap=1.128 eV  best=8.681 eV  top50=19  top10%=25
Cycle  62: GP refit  (71 labelled)
  → 1AgAlAs2Se6-1  gap=1.577 eV  best=8.681 eV  top50=19  top10%=25
Cycle  63: GP refit  (72 labelled)
  → 1OSeW-1  gap=2.004 eV  best=8.681 eV  top50=19  top10%=25
Cycle  64: GP refit  (73 labelled)
  → 2RuSe2-1  gap=1.595 eV  best=8.681 eV  top50=19  top10%=25
Cycle  65: GP refit  (74 labelled)
  → 1GeO2-3  gap=2.945 eV  best=8.681 eV  top50=19  top10%=25
Cycle  66: full DKL retrain  (75 labelled)
GP warmup: 20 epochs on initial embeddings
Joint DKL training: 50 epochs
  Epoch 20/50  loss=-0.0356
  Epoch 40/50  loss=-0.4358
DKL training done in 0.4s
  → 1BiHTe2O6-1  gap=4.226 eV  best=8.681 eV  top50=19  top10%=25
Cycle  67: GP refit  (76 labelled)
  → 1AgTlP2Se6-1  gap=0.901 eV  best=8.681 eV  top50=19  top10%=25
Cycle  68: GP refit  (77 labelled)
  → 1AgGaP2S6-1  gap=2.285 eV  best=8.681 eV  top50=19  top10%=25
Cycle  69: GP refit  (78 labelled)
  → 2AgF-3  gap=2.475 eV  best=8.681 eV  top50=19  top10%=25
Cycle  70: GP refit  (79 labelled)
  → 1SeAg2O4-1  gap=3.121 eV  best=8.681 eV  top50=19  top10%=25
Cycle  71: full DKL retrain  (80 labelled)
GP warmup: 20 epochs on initial embeddings
Joint DKL training: 50 epochs
  Epoch 20/50  loss=0.7066
  Epoch 40/50  loss=0.2404
DKL training done in 0.3s
  → 2AgS-1  gap=1.557 eV  best=8.681 eV  top50=19  top10%=25
Cycle  72: GP refit  (81 labelled)
  → 4AgF2-2  gap=1.637 eV  best=8.681 eV  top50=19  top10%=25
Cycle  73: GP refit  (82 labelled)
  → 2AgTe-2  gap=0.242 eV  best=8.681 eV  top50=19  top10%=25
Cycle  74: GP refit  (83 labelled)
  → 2PVO5-1  gap=4.032 eV  best=8.681 eV  top50=19  top10%=25
Cycle  75: GP refit  (84 labelled)
  → 1PdPt3O8-1  gap=2.448 eV  best=8.681 eV  top50=19  top10%=25
Cycle  76: full DKL retrain  (85 labelled)
GP warmup: 20 epochs on initial embeddings
Joint DKL training: 50 epochs
  Epoch 20/50  loss=0.3213
  Epoch 40/50  loss=-0.3803
DKL training done in 0.3s
  → 2AlO-1  gap=1.849 eV  best=8.681 eV  top50=19  top10%=25
Cycle  77: GP refit  (86 labelled)
  → 2AgI-2  gap=2.922 eV  best=8.681 eV  top50=19  top10%=25
Cycle  78: GP refit  (87 labelled)
  → 1PdZnP2Se6-1  gap=0.796 eV  best=8.681 eV  top50=19  top10%=25
Cycle  79: GP refit  (88 labelled)
  → 2AlHSeO4-1  gap=6.063 eV  best=8.681 eV  top50=20  top10%=26
Cycle  80: GP refit  (89 labelled)
  → 2AgBr-3  gap=3.092 eV  best=8.681 eV  top50=20  top10%=26
Cycle  81: full DKL retrain  (90 labelled)
GP warmup: 20 epochs on initial embeddings
Joint DKL training: 50 epochs
  Epoch 20/50  loss=0.5003
  Epoch 40/50  loss=0.1712
DKL training done in 0.3s
  → 1CoNaP2Se6-1  gap=1.717 eV  best=8.681 eV  top50=20  top10%=26
Cycle  82: GP refit  (91 labelled)
  → 1CoLiAs2Se6-1  gap=1.175 eV  best=8.681 eV  top50=20  top10%=26
Cycle  83: GP refit  (92 labelled)
  → 1AgInP2S6-1  gap=2.365 eV  best=8.681 eV  top50=20  top10%=26
Cycle  84: GP refit  (93 labelled)
  → 1CoNaP2S6-1  gap=1.851 eV  best=8.681 eV  top50=20  top10%=26
Cycle  85: GP refit  (94 labelled)
  → 2HLiO-1  gap=5.612 eV  best=8.681 eV  top50=21  top10%=27
Cycle  86: full DKL retrain  (95 labelled)
GP warmup: 20 epochs on initial embeddings
Joint DKL training: 50 epochs
  Epoch 20/50  loss=0.4188
  Epoch 40/50  loss=-0.1353
DKL training done in 0.4s
  → 1CoNaAs2Se6-1  gap=1.295 eV  best=8.681 eV  top50=21  top10%=27
Cycle  87: GP refit  (96 labelled)
  → 1AgCrAs2Se6-1  gap=1.270 eV  best=8.681 eV  top50=21  top10%=27
Cycle  88: GP refit  (97 labelled)
  → 1AgGaP2Se6-1  gap=1.694 eV  best=8.681 eV  top50=21  top10%=27
Cycle  89: GP refit  (98 labelled)
  → 1AgScP2Se6-1  gap=2.775 eV  best=8.681 eV  top50=21  top10%=27
Cycle  90: GP refit  (99 labelled)
  → 1ScH2-1  gap=0.549 eV  best=8.681 eV  top50=21  top10%=27
Cycle  91: full DKL retrain  (100 labelled)
GP warmup: 20 epochs on initial embeddings
Joint DKL training: 50 epochs
  Epoch 20/50  loss=0.6596
  Epoch 40/50  loss=0.2077
DKL training done in 0.4s
  → 2AlS-1  gap=2.881 eV  best=8.681 eV  top50=21  top10%=27
Cycle  92: GP refit  (101 labelled)
  → 1HSbSe2O6-1  gap=4.431 eV  best=8.681 eV  top50=21  top10%=27
Cycle  93: GP refit  (102 labelled)
  → 2TlCl2-1  gap=2.820 eV  best=8.681 eV  top50=21  top10%=27
Cycle  94: GP refit  (103 labelled)
  → 1AgAlP2Te6-1  gap=1.065 eV  best=8.681 eV  top50=21  top10%=27
Cycle  95: GP refit  (104 labelled)
  → 2SSc-4  gap=0.981 eV  best=8.681 eV  top50=21  top10%=27
Cycle  96: full DKL retrain  (105 labelled)
GP warmup: 20 epochs on initial embeddings
Joint DKL training: 50 epochs
  Epoch 20/50  loss=0.2968
  Epoch 40/50  loss=-0.1872
DKL training done in 0.4s
  → 1AlN-1  gap=4.048 eV  best=8.681 eV  top50=21  top10%=27
Cycle  97: GP refit  (106 labelled)
  → 1N2O2Hf3-1  gap=0.508 eV  best=8.681 eV  top50=21  top10%=27
Cycle  98: GP refit  (107 labelled)
  → 1Cl2Ge2O3-1  gap=4.462 eV  best=8.681 eV  top50=21  top10%=27
Cycle  99: GP refit  (108 labelled)
  → 2ClGa-1  gap=3.220 eV  best=8.681 eV  top50=21  top10%=27
Cycle 100: GP refit  (109 labelled)
  → 1N2O2Zr3-1  gap=0.616 eV  best=8.681 eV  top50=21  top10%=27
  gap_max/seed8 → best=8.681 top50=21 top10%=27
BOLoop: 766 materials  |  direction=max  |  top-50 internal threshold=5.35  top-10% internal threshold=4.94
Init: 10 random labels  |  best (max) = 2.795
Cycle   1: full DKL retrain  (10 labelled)
GP warmup: 20 epochs on initial embeddings
/home/roy/Desktop/DKL-BO/venv/lib/python3.13/site-packages/torch/_compile.py:54: UserWarning: optimizer contains a parameter group with duplicate parameters; in future, this will cause an error; see github.com/pytorch/pytorch/issues/40967 for more information
  return disable_fn(*args, **kwargs)
Joint DKL training: 50 epochs
  Epoch 20/50  loss=1.0782
  Epoch 40/50  loss=0.9903
DKL training done in 0.3s
  → 1MgI2-3  gap=3.448 eV  best=3.448 eV  top50=0  top10%=0
Cycle   2: GP refit  (11 labelled)
  → 1HfI2-1  gap=1.022 eV  best=3.448 eV  top50=0  top10%=0
Cycle   3: GP refit  (12 labelled)
  → 1BaClI-1  gap=5.106 eV  best=5.106 eV  top50=0  top10%=1
Cycle   4: GP refit  (13 labelled)
  → 1HgCl2-3  gap=3.201 eV  best=5.106 eV  top50=0  top10%=1
Cycle   5: GP refit  (14 labelled)
  → 2ClGa-1  gap=3.220 eV  best=5.106 eV  top50=0  top10%=1
Cycle   6: full DKL retrain  (15 labelled)
GP warmup: 20 epochs on initial embeddings
Joint DKL training: 50 epochs
  Epoch 20/50  loss=0.9551
  Epoch 40/50  loss=0.8278
DKL training done in 0.3s
  → 1BaI2-2  gap=4.274 eV  best=5.106 eV  top50=0  top10%=1
Cycle   7: GP refit  (16 labelled)
  → 1BaCl2-2  gap=6.099 eV  best=6.099 eV  top50=1  top10%=2
Cycle   8: GP refit  (17 labelled)
  → 1SrCl2-2  gap=6.202 eV  best=6.202 eV  top50=2  top10%=3
Cycle   9: GP refit  (18 labelled)
  → 1BaBr2-2  gap=5.328 eV  best=6.202 eV  top50=2  top10%=4
Cycle  10: GP refit  (19 labelled)
  → 2BaClI-1  gap=4.709 eV  best=6.202 eV  top50=2  top10%=4
Cycle  11: full DKL retrain  (20 labelled)
GP warmup: 20 epochs on initial embeddings
Joint DKL training: 50 epochs
  Epoch 20/50  loss=0.2432
  Epoch 40/50  loss=-0.0924
DKL training done in 0.3s
  → 1FeCl2-3  gap=0.071 eV  best=6.202 eV  top50=2  top10%=4
Cycle  12: GP refit  (21 labelled)
  → 1SrBr2-2  gap=5.386 eV  best=6.202 eV  top50=3  top10%=5
Cycle  13: GP refit  (22 labelled)
  → 2IK-2  gap=4.784 eV  best=6.202 eV  top50=3  top10%=5
Cycle  14: GP refit  (23 labelled)
  → 1BaBrCl-1  gap=6.257 eV  best=6.257 eV  top50=4  top10%=6
Cycle  15: GP refit  (24 labelled)
  → 1CaCl2-2  gap=6.384 eV  best=6.384 eV  top50=5  top10%=7
Cycle  16: full DKL retrain  (25 labelled)
GP warmup: 20 epochs on initial embeddings
Joint DKL training: 50 epochs
  Epoch 20/50  loss=2.0512
  Epoch 40/50  loss=1.2914
DKL training done in 0.3s
  → 1PbCl2-2  gap=3.856 eV  best=6.384 eV  top50=5  top10%=7
Cycle  17: GP refit  (26 labelled)
  → 4AgCl2-1  gap=0.971 eV  best=6.384 eV  top50=5  top10%=7
Cycle  18: GP refit  (27 labelled)
  → 2AgIBr2-1  gap=2.063 eV  best=6.384 eV  top50=5  top10%=7
Cycle  19: GP refit  (28 labelled)
  → 2P2S3-3  gap=3.478 eV  best=6.384 eV  top50=5  top10%=7
Cycle  20: GP refit  (29 labelled)
  → 1BN-1  gap=5.675 eV  best=6.384 eV  top50=6  top10%=8
Cycle  21: full DKL retrain  (30 labelled)
GP warmup: 20 epochs on initial embeddings
Joint DKL training: 50 epochs
  Epoch 20/50  loss=16.3180
  Epoch 40/50  loss=3.3211
DKL training done in 0.3s
  → 2ClCs-1  gap=5.654 eV  best=6.384 eV  top50=7  top10%=9
Cycle  22: GP refit  (31 labelled)
  → 1TiF2-1  gap=2.096 eV  best=6.384 eV  top50=7  top10%=9
Cycle  23: GP refit  (32 labelled)
  → 2FK-1  gap=7.022 eV  best=7.022 eV  top50=8  top10%=10
Cycle  24: GP refit  (33 labelled)
  → 2ClIn-5  gap=2.997 eV  best=7.022 eV  top50=8  top10%=10
Cycle  25: GP refit  (34 labelled)
  → 1InP-1  gap=1.774 eV  best=7.022 eV  top50=8  top10%=10
Cycle  26: full DKL retrain  (35 labelled)
GP warmup: 20 epochs on initial embeddings
Joint DKL training: 50 epochs
  Epoch 20/50  loss=1.1178
  Epoch 40/50  loss=0.6930
DKL training done in 0.3s
  → 2ClK-2  gap=6.136 eV  best=7.022 eV  top50=9  top10%=11
Cycle  27: GP refit  (36 labelled)
  → 2CoHO2-1  gap=2.596 eV  best=7.022 eV  top50=9  top10%=11
Cycle  28: GP refit  (37 labelled)
  → 2BaClF-1  gap=6.969 eV  best=7.022 eV  top50=10  top10%=12
Cycle  29: GP refit  (38 labelled)
  → 1FeZrCl6-1  gap=3.545 eV  best=7.022 eV  top50=10  top10%=12
Cycle  30: GP refit  (39 labelled)
  → 2ClKO3-1  gap=7.004 eV  best=7.022 eV  top50=11  top10%=13
Cycle  31: full DKL retrain  (40 labelled)
GP warmup: 20 epochs on initial embeddings
Joint DKL training: 50 epochs
  Epoch 20/50  loss=1.7748
  Epoch 40/50  loss=0.9028
DKL training done in 0.3s
  → 2ClCsO3-1  gap=6.616 eV  best=7.022 eV  top50=12  top10%=14
Cycle  32: GP refit  (41 labelled)
  → 2BaBrF-1  gap=6.128 eV  best=7.022 eV  top50=13  top10%=15
Cycle  33: GP refit  (42 labelled)
  → 1YCl2-1  gap=0.999 eV  best=7.022 eV  top50=13  top10%=15
Cycle  34: GP refit  (43 labelled)
  → 2HKO-1  gap=4.501 eV  best=7.022 eV  top50=13  top10%=15
Cycle  35: GP refit  (44 labelled)
  → 2CaClF-1  gap=7.587 eV  best=7.587 eV  top50=14  top10%=16
Cycle  36: full DKL retrain  (45 labelled)
GP warmup: 20 epochs on initial embeddings
Joint DKL training: 50 epochs
  Epoch 20/50  loss=4.6389
  Epoch 40/50  loss=1.6166
DKL training done in 0.3s
  → 2ClFSr-1  gap=7.351 eV  best=7.587 eV  top50=15  top10%=17
Cycle  37: GP refit  (46 labelled)
  → 2KNbF6-1  gap=8.177 eV  best=8.177 eV  top50=16  top10%=18
Cycle  38: GP refit  (47 labelled)
  → 2KTaF6-1  gap=8.681 eV  best=8.681 eV  top50=17  top10%=19
Cycle  39: GP refit  (48 labelled)
  → 1FeHfF6-1  gap=4.951 eV  best=8.681 eV  top50=17  top10%=20
Cycle  40: GP refit  (49 labelled)
  → 2HKO-2  gap=4.890 eV  best=8.681 eV  top50=17  top10%=20
Cycle  41: full DKL retrain  (50 labelled)
GP warmup: 20 epochs on initial embeddings
Joint DKL training: 50 epochs
  Epoch 20/50  loss=0.9878
  Epoch 40/50  loss=0.4400
DKL training done in 0.3s
  → 1CrO2-2  gap=1.144 eV  best=8.681 eV  top50=17  top10%=20
Cycle  42: GP refit  (51 labelled)
  → 1NiZrF6-1  gap=6.164 eV  best=8.681 eV  top50=18  top10%=21
Cycle  43: GP refit  (52 labelled)
  → 2OsO2-1  gap=1.005 eV  best=8.681 eV  top50=18  top10%=21
Cycle  44: GP refit  (53 labelled)
  → 2CoFO2-1  gap=2.473 eV  best=8.681 eV  top50=18  top10%=21
Cycle  45: GP refit  (54 labelled)
  → 2FNaO-1  gap=5.377 eV  best=8.681 eV  top50=19  top10%=22
Cycle  46: full DKL retrain  (55 labelled)
GP warmup: 20 epochs on initial embeddings
Joint DKL training: 50 epochs
  Epoch 20/50  loss=1.1866
  Epoch 40/50  loss=0.3830
DKL training done in 0.3s
  → 2BrK-1  gap=5.470 eV  best=8.681 eV  top50=20  top10%=23
Cycle  47: GP refit  (56 labelled)
  → 1AgScP2S6-1  gap=3.453 eV  best=8.681 eV  top50=20  top10%=23
Cycle  48: GP refit  (57 labelled)
  → 2FeSe2-1  gap=1.053 eV  best=8.681 eV  top50=20  top10%=23
Cycle  49: GP refit  (58 labelled)
  → 2BrClCr-1  gap=2.869 eV  best=8.681 eV  top50=20  top10%=23
Cycle  50: GP refit  (59 labelled)
  → 2CsF-1  gap=6.059 eV  best=8.681 eV  top50=21  top10%=24
Cycle  51: full DKL retrain  (60 labelled)
GP warmup: 20 epochs on initial embeddings
Joint DKL training: 50 epochs
  Epoch 20/50  loss=2.0537
  Epoch 40/50  loss=0.9573
DKL training done in 0.3s
  → 1GaN-1  gap=3.090 eV  best=8.681 eV  top50=21  top10%=24
Cycle  52: GP refit  (61 labelled)
  → 2ClCu-4  gap=3.657 eV  best=8.681 eV  top50=21  top10%=24
Cycle  53: GP refit  (62 labelled)
  → 2BrFSr-1  gap=6.270 eV  best=8.681 eV  top50=22  top10%=25
Cycle  54: GP refit  (63 labelled)
  → 1BP-1  gap=1.362 eV  best=8.681 eV  top50=22  top10%=25
Cycle  55: GP refit  (64 labelled)
  → 1ScCl2-1  gap=0.736 eV  best=8.681 eV  top50=22  top10%=25
Cycle  56: full DKL retrain  (65 labelled)
GP warmup: 20 epochs on initial embeddings
Joint DKL training: 50 epochs
  Epoch 20/50  loss=1.8189
  Epoch 40/50  loss=1.0692
DKL training done in 0.3s
  → 2BrCaF-1  gap=6.385 eV  best=8.681 eV  top50=23  top10%=26
Cycle  57: GP refit  (66 labelled)
  → 2CaFI-1  gap=5.209 eV  best=8.681 eV  top50=23  top10%=27
Cycle  58: GP refit  (67 labelled)
  → 2HSNa3O4-1  gap=5.084 eV  best=8.681 eV  top50=23  top10%=28
Cycle  59: GP refit  (68 labelled)
  → 1BrClCa2S2-1  gap=3.810 eV  best=8.681 eV  top50=23  top10%=28
Cycle  60: GP refit  (69 labelled)
  → 1FeBr2-3  gap=0.145 eV  best=8.681 eV  top50=23  top10%=28
Cycle  61: full DKL retrain  (70 labelled)
GP warmup: 20 epochs on initial embeddings
Joint DKL training: 50 epochs
  Epoch 20/50  loss=1.1666
  Epoch 40/50  loss=0.8926
DKL training done in 0.3s
  → 1N2O2Hf3-1  gap=0.508 eV  best=8.681 eV  top50=23  top10%=28
Cycle  62: GP refit  (71 labelled)
  → 1InN-1  gap=1.565 eV  best=8.681 eV  top50=23  top10%=28
Cycle  63: GP refit  (72 labelled)
  → 2FeS2-1  gap=1.331 eV  best=8.681 eV  top50=23  top10%=28
Cycle  64: GP refit  (73 labelled)
  → 2OsS2-1  gap=1.387 eV  best=8.681 eV  top50=23  top10%=28
Cycle  65: GP refit  (74 labelled)
  → 2TiCl2-1  gap=0.997 eV  best=8.681 eV  top50=23  top10%=28
Cycle  66: full DKL retrain  (75 labelled)
GP warmup: 20 epochs on initial embeddings
Joint DKL training: 50 epochs
  Epoch 20/50  loss=0.5675
  Epoch 40/50  loss=0.1772
DKL training done in 0.3s
  → 1AgCrP2Se6-1  gap=1.789 eV  best=8.681 eV  top50=23  top10%=28
Cycle  67: GP refit  (76 labelled)
  → 1AlN-1  gap=4.048 eV  best=8.681 eV  top50=23  top10%=28
Cycle  68: GP refit  (77 labelled)
  → 1ScH2-1  gap=0.549 eV  best=8.681 eV  top50=23  top10%=28
Cycle  69: GP refit  (78 labelled)
  → 2CuI-2  gap=3.552 eV  best=8.681 eV  top50=23  top10%=28
Cycle  70: GP refit  (79 labelled)
  → 2OsSe2-1  gap=1.389 eV  best=8.681 eV  top50=23  top10%=28
Cycle  71: full DKL retrain  (80 labelled)
GP warmup: 20 epochs on initial embeddings
Joint DKL training: 50 epochs
  Epoch 20/50  loss=0.9991
  Epoch 40/50  loss=0.5223
DKL training done in 0.3s
  → 2CuS-2  gap=1.311 eV  best=8.681 eV  top50=23  top10%=28
Cycle  72: GP refit  (81 labelled)
  → 2BrCu-3  gap=3.475 eV  best=8.681 eV  top50=23  top10%=28
Cycle  73: GP refit  (82 labelled)
  → 2CuF-2  gap=0.477 eV  best=8.681 eV  top50=23  top10%=28
Cycle  74: GP refit  (83 labelled)
  → 2CrWS4-1  gap=1.442 eV  best=8.681 eV  top50=23  top10%=28
Cycle  75: GP refit  (84 labelled)
  → 1TiS2-2  gap=2.015 eV  best=8.681 eV  top50=23  top10%=28
Cycle  76: full DKL retrain  (85 labelled)
GP warmup: 20 epochs on initial embeddings
Joint DKL training: 50 epochs
  Epoch 20/50  loss=0.3530
  Epoch 40/50  loss=0.0642
DKL training done in 0.3s
  → 1AgCrP2Te6-1  gap=1.137 eV  best=8.681 eV  top50=23  top10%=28
Cycle  77: GP refit  (86 labelled)
  → 2HSLi3O4-1  gap=5.694 eV  best=8.681 eV  top50=24  top10%=29
Cycle  78: GP refit  (87 labelled)
  → 1OScHf3N3Br4-1  gap=4.148 eV  best=8.681 eV  top50=24  top10%=29
Cycle  79: GP refit  (88 labelled)
  → 1Nb3Cl8-1  gap=0.912 eV  best=8.681 eV  top50=24  top10%=29
Cycle  80: GP refit  (89 labelled)
  → 1MoCu2S4-1  gap=2.617 eV  best=8.681 eV  top50=24  top10%=29
Cycle  81: full DKL retrain  (90 labelled)
GP warmup: 20 epochs on initial embeddings
Joint DKL training: 50 epochs
  Epoch 20/50  loss=0.2971
  Epoch 40/50  loss=-0.0535
DKL training done in 0.3s
  → 2FLiO-1  gap=5.494 eV  best=8.681 eV  top50=25  top10%=30
Cycle  82: GP refit  (91 labelled)
  → 1CrS2-1  gap=1.351 eV  best=8.681 eV  top50=25  top10%=30
Cycle  83: GP refit  (92 labelled)
  → 2HInSO4-1  gap=5.132 eV  best=8.681 eV  top50=25  top10%=31
Cycle  84: GP refit  (93 labelled)
  → 2FeTe2-1  gap=0.581 eV  best=8.681 eV  top50=25  top10%=31
Cycle  85: GP refit  (94 labelled)
  → 2HLi3S5-1  gap=3.300 eV  best=8.681 eV  top50=25  top10%=31
Cycle  86: full DKL retrain  (95 labelled)
GP warmup: 20 epochs on initial embeddings
Joint DKL training: 50 epochs
  Epoch 20/50  loss=0.2370
  Epoch 40/50  loss=-0.1157
DKL training done in 0.3s
  → 1CrMo3O8-1  gap=1.351 eV  best=8.681 eV  top50=25  top10%=31
Cycle  87: GP refit  (96 labelled)
  → 1CoLiP2S6-1  gap=2.395 eV  best=8.681 eV  top50=25  top10%=31
Cycle  88: GP refit  (97 labelled)
  → 2GaHTeO4-1  gap=5.308 eV  best=8.681 eV  top50=25  top10%=32
Cycle  89: GP refit  (98 labelled)
  → 2ORh-2  gap=0.062 eV  best=8.681 eV  top50=25  top10%=32
Cycle  90: GP refit  (99 labelled)
  → 1PbSrS2O8-1  gap=5.262 eV  best=8.681 eV  top50=25  top10%=33
Cycle  91: full DKL retrain  (100 labelled)
GP warmup: 20 epochs on initial embeddings
Joint DKL training: 50 epochs
  Epoch 20/50  loss=0.4381
  Epoch 40/50  loss=0.0035
DKL training done in 0.3s
  → 1N2O2Zr3-1  gap=0.616 eV  best=8.681 eV  top50=25  top10%=33
Cycle  92: GP refit  (101 labelled)
  → 1WO2-1  gap=2.097 eV  best=8.681 eV  top50=25  top10%=33
Cycle  93: GP refit  (102 labelled)
  → 2GaHSO4-1  gap=5.938 eV  best=8.681 eV  top50=26  top10%=34
Cycle  94: GP refit  (103 labelled)
  → 1AgAlP2S6-1  gap=3.132 eV  best=8.681 eV  top50=26  top10%=34
Cycle  95: GP refit  (104 labelled)
  → 1AgAlP2Se6-1  gap=2.339 eV  best=8.681 eV  top50=26  top10%=34
Cycle  96: full DKL retrain  (105 labelled)
GP warmup: 20 epochs on initial embeddings
Joint DKL training: 50 epochs
  Epoch 20/50  loss=0.7252
  Epoch 40/50  loss=0.3781
DKL training done in 0.3s
  → 2AgSe-1  gap=1.179 eV  best=8.681 eV  top50=26  top10%=34
Cycle  97: GP refit  (106 labelled)
  → 1N2O2Y3-1  gap=1.648 eV  best=8.681 eV  top50=26  top10%=34
Cycle  98: GP refit  (107 labelled)
  → 2AgS-1  gap=1.557 eV  best=8.681 eV  top50=26  top10%=34
Cycle  99: GP refit  (108 labelled)
  → 2HKS-2  gap=4.369 eV  best=8.681 eV  top50=26  top10%=34
Cycle 100: GP refit  (109 labelled)
  → 2PbS-3  gap=0.673 eV  best=8.681 eV  top50=26  top10%=34
  gap_max/seed9 → best=8.681 top50=26 top10%=34
  [gap_max] done
BOLoop: 766 materials  |  direction=min  |  top-50 internal threshold=-0.68  top-10% internal threshold=-0.79
Init: 10 random labels  |  best (min) = 0.995
Cycle   1: full DKL retrain  (10 labelled)
GP warmup: 20 epochs on initial embeddings
/home/roy/Desktop/DKL-BO/venv/lib/python3.13/site-packages/torch/_compile.py:54: UserWarning: optimizer contains a parameter group with duplicate parameters; in future, this will cause an error; see github.com/pytorch/pytorch/issues/40967 for more information
  return disable_fn(*args, **kwargs)
Joint DKL training: 50 epochs
  Epoch 20/50  loss=1.8718
  Epoch 40/50  loss=1.7531
DKL training done in 0.3s
  → 1VTe2-1  gap=0.854 eV  best=0.854 eV  top50=0  top10%=0
Cycle   2: GP refit  (11 labelled)
  → 1STeW-1  gap=1.681 eV  best=0.854 eV  top50=0  top10%=0
Cycle   3: GP refit  (12 labelled)
  → 2BaBi2S4-1  gap=2.313 eV  best=0.854 eV  top50=0  top10%=0
Cycle   4: GP refit  (13 labelled)
  → 2OsS2-1  gap=1.387 eV  best=0.854 eV  top50=0  top10%=0
Cycle   5: GP refit  (14 labelled)
  → 2AuI-3  gap=1.592 eV  best=0.854 eV  top50=0  top10%=0
Cycle   6: full DKL retrain  (15 labelled)
GP warmup: 20 epochs on initial embeddings
Joint DKL training: 50 epochs
  Epoch 20/50  loss=1.0056
  Epoch 40/50  loss=0.8267
DKL training done in 0.3s
  → 1MoTe2-1  gap=1.370 eV  best=0.854 eV  top50=0  top10%=0
Cycle   7: GP refit  (16 labelled)
  → 2TeV-4  gap=0.774 eV  best=0.774 eV  top50=0  top10%=1
Cycle   8: GP refit  (17 labelled)
  → 1SeTeV-1  gap=0.831 eV  best=0.774 eV  top50=0  top10%=1
Cycle   9: GP refit  (18 labelled)
  → 1MoCu2Te4-1  gap=1.230 eV  best=0.774 eV  top50=0  top10%=1
Cycle  10: GP refit  (19 labelled)
  → 2RuTe2-1  gap=1.071 eV  best=0.774 eV  top50=0  top10%=1
Cycle  11: full DKL retrain  (20 labelled)
GP warmup: 20 epochs on initial embeddings
Joint DKL training: 50 epochs
  Epoch 20/50  loss=-0.0366
  Epoch 40/50  loss=-0.4829
DKL training done in 0.3s
  → 2MoWTe4-1  gap=1.279 eV  best=0.774 eV  top50=0  top10%=1
Cycle  12: GP refit  (21 labelled)
  → 2SeV-4  gap=0.788 eV  best=0.774 eV  top50=0  top10%=2
Cycle  13: GP refit  (22 labelled)
  → 1VSe2-1  gap=0.977 eV  best=0.774 eV  top50=0  top10%=2
Cycle  14: GP refit  (23 labelled)
  → 2SV-4  gap=0.642 eV  best=0.642 eV  top50=1  top10%=3
Cycle  15: GP refit  (24 labelled)
  → 1MoSe2-1  gap=1.804 eV  best=0.642 eV  top50=1  top10%=3
Cycle  16: full DKL retrain  (25 labelled)
GP warmup: 20 epochs on initial embeddings
Joint DKL training: 50 epochs
  Epoch 20/50  loss=-0.6231
  Epoch 40/50  loss=-0.8208
DKL training done in 0.3s
  → 1BrIV-1  gap=3.500 eV  best=0.642 eV  top50=1  top10%=3
Cycle  17: GP refit  (26 labelled)
  → 2PbTe-1  gap=0.878 eV  best=0.642 eV  top50=1  top10%=3
Cycle  18: GP refit  (27 labelled)
  → 1PbI2-2  gap=2.404 eV  best=0.642 eV  top50=1  top10%=3
Cycle  19: GP refit  (28 labelled)
  → 2OsTe2-1  gap=1.379 eV  best=0.642 eV  top50=1  top10%=3
Cycle  20: GP refit  (29 labelled)
  → 2V2O5-3  gap=3.877 eV  best=0.642 eV  top50=1  top10%=3
Cycle  21: full DKL retrain  (30 labelled)
GP warmup: 20 epochs on initial embeddings
Joint DKL training: 50 epochs
  Epoch 20/50  loss=0.5298
  Epoch 40/50  loss=-0.3064
DKL training done in 0.3s
  → 2AgTe-2  gap=0.242 eV  best=0.242 eV  top50=2  top10%=4
Cycle  22: GP refit  (31 labelled)
  → 2AgTe-3  gap=0.756 eV  best=0.242 eV  top50=2  top10%=5
Cycle  23: GP refit  (32 labelled)
  → 1OSeW-1  gap=2.004 eV  best=0.242 eV  top50=2  top10%=5
Cycle  24: GP refit  (33 labelled)
  → 2TeTl-2  gap=0.681 eV  best=0.242 eV  top50=2  top10%=6
Cycle  25: GP refit  (34 labelled)
  → 1PbTe-1  gap=1.500 eV  best=0.242 eV  top50=2  top10%=6
Cycle  26: full DKL retrain  (35 labelled)
GP warmup: 20 epochs on initial embeddings
Joint DKL training: 50 epochs
  Epoch 20/50  loss=0.4154
  Epoch 40/50  loss=-0.0294
DKL training done in 0.3s
  → 2BrCs-2  gap=5.145 eV  best=0.242 eV  top50=2  top10%=6
Cycle  27: GP refit  (36 labelled)
  → 1AgCrP2Te6-1  gap=1.137 eV  best=0.242 eV  top50=2  top10%=6
Cycle  28: GP refit  (37 labelled)
  → 1CrTe2-2  gap=0.869 eV  best=0.242 eV  top50=2  top10%=6
Cycle  29: GP refit  (38 labelled)
  → 2FeTe2-1  gap=0.581 eV  best=0.242 eV  top50=3  top10%=7
Cycle  30: GP refit  (39 labelled)
  → 2CrNbTe5-1  gap=0.029 eV  best=0.029 eV  top50=4  top10%=8
Cycle  31: full DKL retrain  (40 labelled)
GP warmup: 20 epochs on initial embeddings
Joint DKL training: 50 epochs
  Epoch 20/50  loss=0.0678
  Epoch 40/50  loss=-0.1504
DKL training done in 0.3s
  → 2IrNbTe4-1  gap=0.033 eV  best=0.029 eV  top50=5  top10%=9
Cycle  32: GP refit  (41 labelled)
  → 1SeBi2S2-1  gap=0.923 eV  best=0.029 eV  top50=5  top10%=9
Cycle  33: GP refit  (42 labelled)
  → 2IrTaTe4-1  gap=0.119 eV  best=0.029 eV  top50=6  top10%=10
Cycle  34: GP refit  (43 labelled)
  → 1WCr3Te8-1  gap=0.841 eV  best=0.029 eV  top50=6  top10%=10
Cycle  35: GP refit  (44 labelled)
  → 1HfTi3Te8-1  gap=0.724 eV  best=0.029 eV  top50=6  top10%=11
Cycle  36: full DKL retrain  (45 labelled)
GP warmup: 20 epochs on initial embeddings
Joint DKL training: 50 epochs
  Epoch 20/50  loss=-0.3759
  Epoch 40/50  loss=-0.5676
DKL training done in 0.3s
  → 1AgScP2S6-1  gap=3.453 eV  best=0.029 eV  top50=6  top10%=11
Cycle  37: GP refit  (46 labelled)
  → 1AgCrP2Se6-1  gap=1.789 eV  best=0.029 eV  top50=6  top10%=11
Cycle  38: GP refit  (47 labelled)
  → 1ZrTi3Te8-1  gap=0.722 eV  best=0.029 eV  top50=6  top10%=12
Cycle  39: GP refit  (48 labelled)
  → 2TiZrTe4-1  gap=0.744 eV  best=0.029 eV  top50=6  top10%=13
Cycle  40: GP refit  (49 labelled)
  → 2HfTiTe4-1  gap=0.692 eV  best=0.029 eV  top50=6  top10%=14
Cycle  41: full DKL retrain  (50 labelled)
GP warmup: 20 epochs on initial embeddings
Joint DKL training: 50 epochs
  Epoch 20/50  loss=-0.2100
  Epoch 40/50  loss=-0.5022
DKL training done in 0.3s
  → 1CrS2-1  gap=1.351 eV  best=0.029 eV  top50=6  top10%=14
Cycle  42: GP refit  (51 labelled)
  → 2IrS-3  gap=0.713 eV  best=0.029 eV  top50=6  top10%=15
Cycle  43: GP refit  (52 labelled)
  → 2IIrTe-2  gap=1.671 eV  best=0.029 eV  top50=6  top10%=15
Cycle  44: GP refit  (53 labelled)
  → 1ScCl2-1  gap=0.736 eV  best=0.029 eV  top50=6  top10%=16
Cycle  45: GP refit  (54 labelled)
  → 1IIrTe-1  gap=1.821 eV  best=0.029 eV  top50=6  top10%=16
Cycle  46: full DKL retrain  (55 labelled)
GP warmup: 20 epochs on initial embeddings
Joint DKL training: 50 epochs
  Epoch 20/50  loss=0.5540
  Epoch 40/50  loss=-0.0420
DKL training done in 0.4s
  → 1BrGa2Cl5-1  gap=4.579 eV  best=0.029 eV  top50=6  top10%=16
Cycle  47: GP refit  (56 labelled)
  → 2ZrCl2-1  gap=1.161 eV  best=0.029 eV  top50=6  top10%=16
Cycle  48: GP refit  (57 labelled)
  → 2BrCu-3  gap=3.475 eV  best=0.029 eV  top50=6  top10%=16
Cycle  49: GP refit  (58 labelled)
  → 4NbS3-2  gap=1.030 eV  best=0.029 eV  top50=6  top10%=16
Cycle  50: GP refit  (59 labelled)
  → 1WAg2Te4-1  gap=1.318 eV  best=0.029 eV  top50=6  top10%=16
Cycle  51: full DKL retrain  (60 labelled)
GP warmup: 20 epochs on initial embeddings
Joint DKL training: 50 epochs
  Epoch 20/50  loss=0.0624
  Epoch 40/50  loss=-0.1007
DKL training done in 0.4s
  → 2IrSe-3  gap=0.822 eV  best=0.029 eV  top50=6  top10%=16
Cycle  52: GP refit  (61 labelled)
  → 2CsF-1  gap=6.059 eV  best=0.029 eV  top50=6  top10%=16
Cycle  53: GP refit  (62 labelled)
  → 1ScI2-2  gap=0.573 eV  best=0.029 eV  top50=7  top10%=17
Cycle  54: GP refit  (63 labelled)
  → 1ZnCl2-3  gap=4.718 eV  best=0.029 eV  top50=7  top10%=17
Cycle  55: GP refit  (64 labelled)
  → 4OBi2Se2-1  gap=1.736 eV  best=0.029 eV  top50=7  top10%=17
Cycle  56: full DKL retrain  (65 labelled)
GP warmup: 20 epochs on initial embeddings
Joint DKL training: 50 epochs
  Epoch 20/50  loss=0.6455
  Epoch 40/50  loss=0.3889
DKL training done in 0.4s
  → 2SSc-4  gap=0.981 eV  best=0.029 eV  top50=7  top10%=17
Cycle  57: GP refit  (66 labelled)
  → 2ZrI2-1  gap=0.889 eV  best=0.029 eV  top50=7  top10%=17
Cycle  58: GP refit  (67 labelled)
  → 1ClIZr-1  gap=1.317 eV  best=0.029 eV  top50=7  top10%=17
Cycle  59: GP refit  (68 labelled)
  → 2ScSe-3  gap=0.933 eV  best=0.029 eV  top50=7  top10%=17
Cycle  60: GP refit  (69 labelled)
  → 1TiHf3Te8-1  gap=0.688 eV  best=0.029 eV  top50=7  top10%=18
Cycle  61: full DKL retrain  (70 labelled)
GP warmup: 20 epochs on initial embeddings
Joint DKL training: 50 epochs
  Epoch 20/50  loss=0.1977
  Epoch 40/50  loss=0.0135
DKL training done in 0.3s
  → 2BaClI-1  gap=4.709 eV  best=0.029 eV  top50=7  top10%=18
Cycle  62: GP refit  (71 labelled)
  → 2P2S3-1  gap=3.272 eV  best=0.029 eV  top50=7  top10%=18
Cycle  63: GP refit  (72 labelled)
  → 1NiZrI6-1  gap=2.561 eV  best=0.029 eV  top50=7  top10%=18
Cycle  64: GP refit  (73 labelled)
  → 2RhSe-3  gap=0.337 eV  best=0.029 eV  top50=8  top10%=19
Cycle  65: GP refit  (74 labelled)
  → 2IrTaS4-1  gap=1.331 eV  best=0.029 eV  top50=8  top10%=19
Cycle  66: full DKL retrain  (75 labelled)
GP warmup: 20 epochs on initial embeddings
Joint DKL training: 50 epochs
  Epoch 20/50  loss=0.0892
  Epoch 40/50  loss=-0.1497
DKL training done in 0.3s
  → 1BaCl2-2  gap=6.099 eV  best=0.029 eV  top50=8  top10%=19
Cycle  67: GP refit  (76 labelled)
  → 1BaBr2-2  gap=5.328 eV  best=0.029 eV  top50=8  top10%=19
Cycle  68: GP refit  (77 labelled)
  → 2ORh-2  gap=0.062 eV  best=0.029 eV  top50=9  top10%=20
Cycle  69: GP refit  (78 labelled)
  → 2FRhTe-1  gap=2.115 eV  best=0.029 eV  top50=9  top10%=20
Cycle  70: GP refit  (79 labelled)
  → 2BiIn-1  gap=0.138 eV  best=0.029 eV  top50=10  top10%=21
Cycle  71: full DKL retrain  (80 labelled)
GP warmup: 20 epochs on initial embeddings
Joint DKL training: 50 epochs
  Epoch 20/50  loss=-0.0374
  Epoch 40/50  loss=-0.2007
DKL training done in 0.3s
  → 1CrO2-2  gap=1.144 eV  best=0.029 eV  top50=10  top10%=21
Cycle  72: GP refit  (81 labelled)
  → 2TiO2-1  gap=5.342 eV  best=0.029 eV  top50=10  top10%=21
Cycle  73: GP refit  (82 labelled)
  → 1HgTe-1  gap=0.279 eV  best=0.029 eV  top50=11  top10%=22
Cycle  74: GP refit  (83 labelled)
  → 2IrO-2  gap=0.230 eV  best=0.029 eV  top50=12  top10%=23
Cycle  75: GP refit  (84 labelled)
  → 2TeTi-4  gap=0.440 eV  best=0.029 eV  top50=13  top10%=24
Cycle  76: full DKL retrain  (85 labelled)
GP warmup: 20 epochs on initial embeddings
Joint DKL training: 50 epochs
  Epoch 20/50  loss=0.3425
  Epoch 40/50  loss=0.1046
DKL training done in 0.3s
  → 1BN-1  gap=5.675 eV  best=0.029 eV  top50=13  top10%=24
Cycle  77: GP refit  (86 labelled)
  → 1InSb-1  gap=0.945 eV  best=0.029 eV  top50=13  top10%=24
Cycle  78: GP refit  (87 labelled)
  → 2ITl-3  gap=2.762 eV  best=0.029 eV  top50=13  top10%=24
Cycle  79: GP refit  (88 labelled)
  → 1ScBr2-1  gap=0.757 eV  best=0.029 eV  top50=13  top10%=25
Cycle  80: GP refit  (89 labelled)
  → 2ClGa-1  gap=3.220 eV  best=0.029 eV  top50=13  top10%=25
Cycle  81: full DKL retrain  (90 labelled)
GP warmup: 20 epochs on initial embeddings
Joint DKL training: 50 epochs
  Epoch 20/50  loss=0.4062
  Epoch 40/50  loss=0.1829
DKL training done in 0.3s
  → 2GaI-1  gap=2.399 eV  best=0.029 eV  top50=13  top10%=25
Cycle  82: GP refit  (91 labelled)
  → 2ClNbO2-1  gap=4.453 eV  best=0.029 eV  top50=13  top10%=25
Cycle  83: GP refit  (92 labelled)
  → 2ClIn-5  gap=2.997 eV  best=0.029 eV  top50=13  top10%=25
Cycle  84: GP refit  (93 labelled)
  → 4HgTe-1  gap=0.899 eV  best=0.029 eV  top50=13  top10%=25
Cycle  85: GP refit  (94 labelled)
  → 1HgSe-1  gap=0.423 eV  best=0.029 eV  top50=14  top10%=26
Cycle  86: full DKL retrain  (95 labelled)
GP warmup: 20 epochs on initial embeddings
Joint DKL training: 50 epochs
  Epoch 20/50  loss=0.6663
  Epoch 40/50  loss=0.2876
DKL training done in 0.4s
  → 2GaTe-1  gap=1.862 eV  best=0.029 eV  top50=14  top10%=26
Cycle  87: GP refit  (96 labelled)
  → 1BP-1  gap=1.362 eV  best=0.029 eV  top50=14  top10%=26
Cycle  88: GP refit  (97 labelled)
  → 1AsIn-1  gap=1.234 eV  best=0.029 eV  top50=14  top10%=26
Cycle  89: GP refit  (98 labelled)
  → 2ClRb-2  gap=5.891 eV  best=0.029 eV  top50=14  top10%=26
Cycle  90: GP refit  (99 labelled)
  → 2HKSe-1  gap=3.865 eV  best=0.029 eV  top50=14  top10%=26
Cycle  91: full DKL retrain  (100 labelled)
GP warmup: 20 epochs on initial embeddings
Joint DKL training: 50 epochs
  Epoch 20/50  loss=0.0175
  Epoch 40/50  loss=-0.2248
DKL training done in 0.3s
  → 1AlAs-1  gap=2.028 eV  best=0.029 eV  top50=14  top10%=26
Cycle  92: GP refit  (101 labelled)
  → 2InTe-1  gap=1.812 eV  best=0.029 eV  top50=14  top10%=26
Cycle  93: GP refit  (102 labelled)
  → 1AsB-1  gap=1.188 eV  best=0.029 eV  top50=14  top10%=26
Cycle  94: GP refit  (103 labelled)
  → 1HgS-1  gap=0.724 eV  best=0.029 eV  top50=14  top10%=27
Cycle  95: GP refit  (104 labelled)
  → 2As2O3-4  gap=5.105 eV  best=0.029 eV  top50=14  top10%=27
Cycle  96: full DKL retrain  (105 labelled)
GP warmup: 20 epochs on initial embeddings
Joint DKL training: 50 epochs
  Epoch 20/50  loss=-0.1557
  Epoch 40/50  loss=-0.4290
DKL training done in 0.3s
  → 1CrSeTe-1  gap=0.994 eV  best=0.029 eV  top50=14  top10%=27
Cycle  97: GP refit  (106 labelled)
  → 2InSe-1  gap=2.055 eV  best=0.029 eV  top50=14  top10%=27
Cycle  98: GP refit  (107 labelled)
  → 1CoLiP2S6-1  gap=2.395 eV  best=0.029 eV  top50=14  top10%=27
Cycle  99: GP refit  (108 labelled)
  → 2InS-1  gap=2.431 eV  best=0.029 eV  top50=14  top10%=27
Cycle 100: GP refit  (109 labelled)
  → 2Bi2O3-2  gap=4.095 eV  best=0.029 eV  top50=14  top10%=27
  gap_min/seed0 → best=0.029 top50=14 top10%=27
BOLoop: 766 materials  |  direction=min  |  top-50 internal threshold=-0.68  top-10% internal threshold=-0.79
Init: 10 random labels  |  best (min) = 0.642
Cycle   1: full DKL retrain  (10 labelled)
GP warmup: 20 epochs on initial embeddings
/home/roy/Desktop/DKL-BO/venv/lib/python3.13/site-packages/torch/_compile.py:54: UserWarning: optimizer contains a parameter group with duplicate parameters; in future, this will cause an error; see github.com/pytorch/pytorch/issues/40967 for more information
  return disable_fn(*args, **kwargs)
Joint DKL training: 50 epochs
  Epoch 20/50  loss=1.2665
  Epoch 40/50  loss=1.1360
DKL training done in 0.3s
  → 1NiPd3Se8-1  gap=0.702 eV  best=0.642 eV  top50=0  top10%=1
Cycle   2: GP refit  (11 labelled)
  → 1PtSeMn2S5-1  gap=1.467 eV  best=0.642 eV  top50=0  top10%=1
Cycle   3: GP refit  (12 labelled)
  → 1SeTeV-1  gap=0.831 eV  best=0.642 eV  top50=0  top10%=1
Cycle   4: GP refit  (13 labelled)
  → 2SeV-4  gap=0.788 eV  best=0.642 eV  top50=0  top10%=2
Cycle   5: GP refit  (14 labelled)
  → 2RuSe2-1  gap=1.595 eV  best=0.642 eV  top50=0  top10%=2
Cycle   6: full DKL retrain  (15 labelled)
GP warmup: 20 epochs on initial embeddings
Joint DKL training: 50 epochs
  Epoch 20/50  loss=0.5377
  Epoch 40/50  loss=0.2689
DKL training done in 0.3s
  → 1BrIV-1  gap=3.500 eV  best=0.642 eV  top50=0  top10%=2
Cycle   7: GP refit  (16 labelled)
  → 2OsSe2-1  gap=1.389 eV  best=0.642 eV  top50=0  top10%=2
Cycle   8: GP refit  (17 labelled)
  → 1VSe2-1  gap=0.977 eV  best=0.642 eV  top50=0  top10%=2
Cycle   9: GP refit  (18 labelled)
  → 2TeV-4  gap=0.774 eV  best=0.642 eV  top50=0  top10%=3
Cycle  10: GP refit  (19 labelled)
  → 1VTe2-1  gap=0.854 eV  best=0.642 eV  top50=0  top10%=3
Cycle  11: full DKL retrain  (20 labelled)
GP warmup: 20 epochs on initial embeddings
Joint DKL training: 50 epochs
  Epoch 20/50  loss=0.6035
  Epoch 40/50  loss=0.1410
DKL training done in 0.3s
  → 1NiZrF6-1  gap=6.164 eV  best=0.642 eV  top50=0  top10%=3
Cycle  12: GP refit  (21 labelled)
  → 1HgBr2-4  gap=2.459 eV  best=0.642 eV  top50=0  top10%=3
Cycle  13: GP refit  (22 labelled)
  → 2PdTeS3-1  gap=1.818 eV  best=0.642 eV  top50=0  top10%=3
Cycle  14: GP refit  (23 labelled)
  → 1ZrTe2-2  gap=0.836 eV  best=0.642 eV  top50=0  top10%=3
Cycle  15: GP refit  (24 labelled)
  → 1SeTeZr-2  gap=0.783 eV  best=0.642 eV  top50=0  top10%=4
Cycle  16: full DKL retrain  (25 labelled)
GP warmup: 20 epochs on initial embeddings
Joint DKL training: 50 epochs
  Epoch 20/50  loss=1.1383
  Epoch 40/50  loss=0.4985
DKL training done in 0.3s
  → 1NiPdS4-1  gap=1.153 eV  best=0.642 eV  top50=0  top10%=4
Cycle  17: GP refit  (26 labelled)
  → 1ZrSe2-2  gap=1.684 eV  best=0.642 eV  top50=0  top10%=4
Cycle  18: GP refit  (27 labelled)
  → 2CsF-1  gap=6.059 eV  best=0.642 eV  top50=0  top10%=4
Cycle  19: GP refit  (28 labelled)
  → 4PPdSe-1  gap=1.963 eV  best=0.642 eV  top50=0  top10%=4
Cycle  20: GP refit  (29 labelled)
  → 2FeTe2-1  gap=0.581 eV  best=0.581 eV  top50=1  top10%=5
Cycle  21: full DKL retrain  (30 labelled)
GP warmup: 20 epochs on initial embeddings
Joint DKL training: 50 epochs
  Epoch 20/50  loss=0.7432
  Epoch 40/50  loss=0.3225
DKL training done in 0.3s
  → 2OsTe2-1  gap=1.379 eV  best=0.581 eV  top50=1  top10%=5
Cycle  22: GP refit  (31 labelled)
  → 1FeZrCl6-1  gap=3.545 eV  best=0.581 eV  top50=1  top10%=5
Cycle  23: GP refit  (32 labelled)
  → 1CrTe2-2  gap=0.869 eV  best=0.581 eV  top50=1  top10%=5
Cycle  24: GP refit  (33 labelled)
  → 1WCr3Te8-1  gap=0.841 eV  best=0.581 eV  top50=1  top10%=5
Cycle  25: GP refit  (34 labelled)
  → 1MoCr3Te8-1  gap=0.893 eV  best=0.581 eV  top50=1  top10%=5
Cycle  26: full DKL retrain  (35 labelled)
GP warmup: 20 epochs on initial embeddings
Joint DKL training: 50 epochs
  Epoch 20/50  loss=0.7332
  Epoch 40/50  loss=0.5427
DKL training done in 0.3s
  → 2CrWTe4-1  gap=0.876 eV  best=0.581 eV  top50=1  top10%=5
Cycle  27: GP refit  (36 labelled)
  → 1CrW3Te8-1  gap=0.937 eV  best=0.581 eV  top50=1  top10%=5
Cycle  28: GP refit  (37 labelled)
  → 2CrMoTe4-1  gap=0.980 eV  best=0.581 eV  top50=1  top10%=5
Cycle  29: GP refit  (38 labelled)
  → 1WTe2-1  gap=1.141 eV  best=0.581 eV  top50=1  top10%=5
Cycle  30: GP refit  (39 labelled)
  → 1TiZr3Te8-1  gap=0.793 eV  best=0.581 eV  top50=1  top10%=5
Cycle  31: full DKL retrain  (40 labelled)
GP warmup: 20 epochs on initial embeddings
Joint DKL training: 50 epochs
  Epoch 20/50  loss=0.0429
  Epoch 40/50  loss=-0.1637
DKL training done in 0.3s
  → 1CoITe-1  gap=0.971 eV  best=0.581 eV  top50=1  top10%=5
Cycle  32: GP refit  (41 labelled)
  → 2TiZrTe4-1  gap=0.744 eV  best=0.581 eV  top50=1  top10%=6
Cycle  33: GP refit  (42 labelled)
  → 1ZrTi3Te8-1  gap=0.722 eV  best=0.581 eV  top50=1  top10%=7
Cycle  34: GP refit  (43 labelled)
  → 1HfZr3Te8-1  gap=0.766 eV  best=0.581 eV  top50=1  top10%=8
Cycle  35: GP refit  (44 labelled)
  → 1ZrI2-1  gap=1.038 eV  best=0.581 eV  top50=1  top10%=8
Cycle  36: full DKL retrain  (45 labelled)
GP warmup: 20 epochs on initial embeddings
Joint DKL training: 50 epochs
  Epoch 20/50  loss=-0.5277
  Epoch 40/50  loss=-0.6970
DKL training done in 0.3s
  → 1HfTi3Te8-1  gap=0.724 eV  best=0.581 eV  top50=1  top10%=9
Cycle  37: GP refit  (46 labelled)
  → 2HfTiTe4-1  gap=0.692 eV  best=0.581 eV  top50=1  top10%=10
Cycle  38: GP refit  (47 labelled)
  → 1STeZr-2  gap=0.672 eV  best=0.581 eV  top50=2  top10%=11
Cycle  39: GP refit  (48 labelled)
  → 2HfZrTe4-1  gap=0.717 eV  best=0.581 eV  top50=2  top10%=12
Cycle  40: GP refit  (49 labelled)
  → 2NiTeS3-1  gap=1.567 eV  best=0.581 eV  top50=2  top10%=12
Cycle  41: full DKL retrain  (50 labelled)
GP warmup: 20 epochs on initial embeddings
Joint DKL training: 50 epochs
  Epoch 20/50  loss=-0.4791
  Epoch 40/50  loss=-1.0236
DKL training done in 0.3s
  → 1TiHf3Te8-1  gap=0.688 eV  best=0.581 eV  top50=2  top10%=13
Cycle  42: GP refit  (51 labelled)
  → 1ZrHf3Te8-1  gap=0.690 eV  best=0.581 eV  top50=2  top10%=14
Cycle  43: GP refit  (52 labelled)
  → 1HfTe2-2  gap=0.665 eV  best=0.581 eV  top50=3  top10%=15
Cycle  44: GP refit  (53 labelled)
  → 1SeTeTi-2  gap=0.600 eV  best=0.581 eV  top50=4  top10%=16
Cycle  45: GP refit  (54 labelled)
  → 2IrTaTe4-1  gap=0.119 eV  best=0.119 eV  top50=5  top10%=17
Cycle  46: full DKL retrain  (55 labelled)
GP warmup: 20 epochs on initial embeddings
Joint DKL training: 50 epochs
  Epoch 20/50  loss=-0.9977
  Epoch 40/50  loss=-1.1547
DKL training done in 0.3s
  → 2IrNbTe4-1  gap=0.033 eV  best=0.033 eV  top50=6  top10%=18
Cycle  47: GP refit  (56 labelled)
  → 1AgScP2S6-1  gap=3.453 eV  best=0.033 eV  top50=6  top10%=18
Cycle  48: GP refit  (57 labelled)
  → 1IIrTe-1  gap=1.821 eV  best=0.033 eV  top50=6  top10%=18
Cycle  49: GP refit  (58 labelled)
  → 1STeTi-2  gap=0.531 eV  best=0.033 eV  top50=7  top10%=19
Cycle  50: GP refit  (59 labelled)
  → 1STeW-2  gap=0.205 eV  best=0.033 eV  top50=8  top10%=20
Cycle  51: full DKL retrain  (60 labelled)
GP warmup: 20 epochs on initial embeddings
Joint DKL training: 50 epochs
  Epoch 20/50  loss=-0.7813
  Epoch 40/50  loss=-0.9457
DKL training done in 0.3s
  → 1AgCrP2Se6-1  gap=1.789 eV  best=0.033 eV  top50=8  top10%=20
Cycle  52: GP refit  (61 labelled)
  → 4OPb-1  gap=3.731 eV  best=0.033 eV  top50=8  top10%=20
Cycle  53: GP refit  (62 labelled)
  → 2BrCs-2  gap=5.145 eV  best=0.033 eV  top50=8  top10%=20
Cycle  54: GP refit  (63 labelled)
  → 1BrTeTi-1  gap=0.763 eV  best=0.033 eV  top50=8  top10%=21
Cycle  55: GP refit  (64 labelled)
  → 1HfSTe-2  gap=0.481 eV  best=0.033 eV  top50=9  top10%=22
Cycle  56: full DKL retrain  (65 labelled)
GP warmup: 20 epochs on initial embeddings
Joint DKL training: 50 epochs
  Epoch 20/50  loss=-0.4745
  Epoch 40/50  loss=-0.8102
DKL training done in 0.3s
  → 2HNa3S5-1  gap=3.375 eV  best=0.033 eV  top50=9  top10%=22
Cycle  57: GP refit  (66 labelled)
  → 1TiI2-2  gap=0.828 eV  best=0.033 eV  top50=9  top10%=22
Cycle  58: GP refit  (67 labelled)
  → 1MoSTe-2  gap=0.233 eV  best=0.033 eV  top50=10  top10%=23
Cycle  59: GP refit  (68 labelled)
  → 2CrNbTe5-1  gap=0.029 eV  best=0.029 eV  top50=11  top10%=24
Cycle  60: GP refit  (69 labelled)
  → 2RuTe2-1  gap=1.071 eV  best=0.029 eV  top50=11  top10%=24
Cycle  61: full DKL retrain  (70 labelled)
GP warmup: 20 epochs on initial embeddings
Joint DKL training: 50 epochs
  Epoch 20/50  loss=-0.1553
  Epoch 40/50  loss=-0.9209
DKL training done in 0.3s
  → 1AgCrP2Te6-1  gap=1.137 eV  best=0.029 eV  top50=11  top10%=24
Cycle  62: GP refit  (71 labelled)
  → 2PbTe-3  gap=0.385 eV  best=0.029 eV  top50=12  top10%=25
Cycle  63: GP refit  (72 labelled)
  → 1ClCrTe-1  gap=1.108 eV  best=0.029 eV  top50=12  top10%=25
Cycle  64: GP refit  (73 labelled)
  → 1HfSeTe-2  gap=0.637 eV  best=0.029 eV  top50=13  top10%=26
Cycle  65: GP refit  (74 labelled)
  → 2WSe2-1  gap=0.118 eV  best=0.029 eV  top50=14  top10%=27
Cycle  66: full DKL retrain  (75 labelled)
GP warmup: 20 epochs on initial embeddings
Joint DKL training: 50 epochs
  Epoch 20/50  loss=-0.4034
  Epoch 40/50  loss=-0.6311
DKL training done in 0.3s
  → 1WS2-1  gap=2.055 eV  best=0.029 eV  top50=14  top10%=27
Cycle  67: GP refit  (76 labelled)
  → 1TeNb3F7-1  gap=1.719 eV  best=0.029 eV  top50=14  top10%=27
Cycle  68: GP refit  (77 labelled)
  → 2FRb-1  gap=6.553 eV  best=0.029 eV  top50=14  top10%=27
Cycle  69: GP refit  (78 labelled)
  → 1STeW-1  gap=1.681 eV  best=0.029 eV  top50=14  top10%=27
Cycle  70: GP refit  (79 labelled)
  → 1SSeW-1  gap=1.911 eV  best=0.029 eV  top50=14  top10%=27
Cycle  71: full DKL retrain  (80 labelled)
GP warmup: 20 epochs on initial embeddings
Joint DKL training: 50 epochs
  Epoch 20/50  loss=-0.1846
  Epoch 40/50  loss=-0.4128
DKL training done in 0.3s
  → 1TiF2-1  gap=2.096 eV  best=0.029 eV  top50=14  top10%=27
Cycle  72: GP refit  (81 labelled)
  → 4AgF2-2  gap=1.637 eV  best=0.029 eV  top50=14  top10%=27
Cycle  73: GP refit  (82 labelled)
  → 1MoS2-1  gap=2.087 eV  best=0.029 eV  top50=14  top10%=27
Cycle  74: GP refit  (83 labelled)
  → 2AgF-3  gap=2.475 eV  best=0.029 eV  top50=14  top10%=27
Cycle  75: GP refit  (84 labelled)
  → 1PbTe-1  gap=1.500 eV  best=0.029 eV  top50=14  top10%=27
Cycle  76: full DKL retrain  (85 labelled)
GP warmup: 20 epochs on initial embeddings
Joint DKL training: 50 epochs
  Epoch 20/50  loss=-0.0076
  Epoch 40/50  loss=-0.4716
DKL training done in 0.3s
  → 1SNb3Br7-1  gap=1.525 eV  best=0.029 eV  top50=14  top10%=27
Cycle  77: GP refit  (86 labelled)
  → 1BaBr2-2  gap=5.328 eV  best=0.029 eV  top50=14  top10%=27
Cycle  78: GP refit  (87 labelled)
  → 2PbS-3  gap=0.673 eV  best=0.029 eV  top50=15  top10%=28
Cycle  79: GP refit  (88 labelled)
  → 2OW-1  gap=0.132 eV  best=0.029 eV  top50=16  top10%=29
Cycle  80: GP refit  (89 labelled)
  → 1OTeW-1  gap=1.209 eV  best=0.029 eV  top50=16  top10%=29
Cycle  81: full DKL retrain  (90 labelled)
GP warmup: 20 epochs on initial embeddings
Joint DKL training: 50 epochs
  Epoch 20/50  loss=0.0982
  Epoch 40/50  loss=-0.2925
DKL training done in 0.3s
  → 1ClScTe-1  gap=1.807 eV  best=0.029 eV  top50=16  top10%=29
Cycle  82: GP refit  (91 labelled)
  → 1WO2-1  gap=2.097 eV  best=0.029 eV  top50=16  top10%=29
Cycle  83: GP refit  (92 labelled)
  → 2ITl-3  gap=2.762 eV  best=0.029 eV  top50=16  top10%=29
Cycle  84: GP refit  (93 labelled)
  → 2BrRb-2  gap=5.268 eV  best=0.029 eV  top50=16  top10%=29
Cycle  85: GP refit  (94 labelled)
  → 1BaBrI-1  gap=5.177 eV  best=0.029 eV  top50=16  top10%=29
Cycle  86: full DKL retrain  (95 labelled)
GP warmup: 20 epochs on initial embeddings
Joint DKL training: 50 epochs
  Epoch 20/50  loss=-0.4556
  Epoch 40/50  loss=-0.7434
DKL training done in 0.3s
  → 2KTaF6-1  gap=8.681 eV  best=0.029 eV  top50=16  top10%=29
Cycle  87: GP refit  (96 labelled)
  → 1InSb-1  gap=0.945 eV  best=0.029 eV  top50=16  top10%=29
Cycle  88: GP refit  (97 labelled)
  → 2AlHSO4-1  gap=6.800 eV  best=0.029 eV  top50=16  top10%=29
Cycle  89: GP refit  (98 labelled)
  → 2CsNRuSF5-1  gap=2.579 eV  best=0.029 eV  top50=16  top10%=29
Cycle  90: GP refit  (99 labelled)
  → 2ClRb-2  gap=5.891 eV  best=0.029 eV  top50=16  top10%=29
Cycle  91: full DKL retrain  (100 labelled)
GP warmup: 20 epochs on initial embeddings
Joint DKL training: 50 epochs
  Epoch 20/50  loss=-0.1919
  Epoch 40/50  loss=-0.4926
DKL training done in 0.3s
  → 2MoS2-1  gap=0.069 eV  best=0.029 eV  top50=17  top10%=30
Cycle  92: GP refit  (101 labelled)
  → 2CoFO2-1  gap=2.473 eV  best=0.029 eV  top50=17  top10%=30
Cycle  93: GP refit  (102 labelled)
  → 1HfPdF6-1  gap=3.959 eV  best=0.029 eV  top50=17  top10%=30
Cycle  94: GP refit  (103 labelled)
  → 1C2F2S2Zr3-1  gap=0.025 eV  best=0.025 eV  top50=18  top10%=31
Cycle  95: GP refit  (104 labelled)
  → 1InP-1  gap=1.774 eV  best=0.025 eV  top50=18  top10%=31
Cycle  96: full DKL retrain  (105 labelled)
GP warmup: 20 epochs on initial embeddings
Joint DKL training: 50 epochs
  Epoch 20/50  loss=0.3745
  Epoch 40/50  loss=-0.0720
DKL training done in 0.3s
  → 1ScBr2-1  gap=0.757 eV  best=0.025 eV  top50=18  top10%=32
Cycle  97: GP refit  (106 labelled)
  → 2SSc-4  gap=0.981 eV  best=0.025 eV  top50=18  top10%=32
Cycle  98: GP refit  (107 labelled)
  → 1SnBr2S2-1  gap=1.490 eV  best=0.025 eV  top50=18  top10%=32
Cycle  99: GP refit  (108 labelled)
  → 1MnZrBr6-1  gap=3.584 eV  best=0.025 eV  top50=18  top10%=32
Cycle 100: GP refit  (109 labelled)
  → 1C2O2Hf3-1  gap=0.917 eV  best=0.025 eV  top50=18  top10%=32
  gap_min/seed1 → best=0.025 top50=18 top10%=32
BOLoop: 766 materials  |  direction=min  |  top-50 internal threshold=-0.68  top-10% internal threshold=-0.79
Init: 10 random labels  |  best (min) = 0.118
Cycle   1: full DKL retrain  (10 labelled)
GP warmup: 20 epochs on initial embeddings
/home/roy/Desktop/DKL-BO/venv/lib/python3.13/site-packages/torch/_compile.py:54: UserWarning: optimizer contains a parameter group with duplicate parameters; in future, this will cause an error; see github.com/pytorch/pytorch/issues/40967 for more information
  return disable_fn(*args, **kwargs)
Joint DKL training: 50 epochs
  Epoch 20/50  loss=1.6225
  Epoch 40/50  loss=1.4998
DKL training done in 0.3s
  → 1ZrSe2-2  gap=1.684 eV  best=0.118 eV  top50=0  top10%=0
Cycle   2: GP refit  (11 labelled)
  → 1WSe2-1  gap=1.730 eV  best=0.118 eV  top50=0  top10%=0
Cycle   3: GP refit  (12 labelled)
  → 2AuTe-3  gap=0.078 eV  best=0.078 eV  top50=1  top10%=1
Cycle   4: GP refit  (13 labelled)
  → 2AuSe-1  gap=1.561 eV  best=0.078 eV  top50=1  top10%=1
Cycle   5: GP refit  (14 labelled)
  → 2AgCl-7  gap=3.462 eV  best=0.078 eV  top50=1  top10%=1
Cycle   6: full DKL retrain  (15 labelled)
GP warmup: 20 epochs on initial embeddings
Joint DKL training: 50 epochs
  Epoch 20/50  loss=1.4762
  Epoch 40/50  loss=1.3425
DKL training done in 0.3s
  → 2OsTe2-1  gap=1.379 eV  best=0.078 eV  top50=1  top10%=1
Cycle   7: GP refit  (16 labelled)
  → 1WAu2Te4-1  gap=0.792 eV  best=0.078 eV  top50=1  top10%=1
Cycle   8: GP refit  (17 labelled)
  → 2AuCl-4  gap=0.777 eV  best=0.078 eV  top50=1  top10%=2
Cycle   9: GP refit  (18 labelled)
  → 1PdZrCl6-1  gap=2.434 eV  best=0.078 eV  top50=1  top10%=2
Cycle  10: GP refit  (19 labelled)
  → 2TeV-4  gap=0.774 eV  best=0.078 eV  top50=1  top10%=3
Cycle  11: full DKL retrain  (20 labelled)
GP warmup: 20 epochs on initial embeddings
Joint DKL training: 50 epochs
  Epoch 20/50  loss=1.2387
  Epoch 40/50  loss=1.1392
DKL training done in 0.3s
  → 1WTe2-1  gap=1.141 eV  best=0.078 eV  top50=1  top10%=3
Cycle  12: GP refit  (21 labelled)
  → 1MoW3Te8-1  gap=1.220 eV  best=0.078 eV  top50=1  top10%=3
Cycle  13: GP refit  (22 labelled)
  → 1CrW3Te8-1  gap=0.937 eV  best=0.078 eV  top50=1  top10%=3
Cycle  14: GP refit  (23 labelled)
  → 2RuTe2-1  gap=1.071 eV  best=0.078 eV  top50=1  top10%=3
Cycle  15: GP refit  (24 labelled)
  → 2MoWTe4-1  gap=1.279 eV  best=0.078 eV  top50=1  top10%=3
Cycle  16: full DKL retrain  (25 labelled)
GP warmup: 20 epochs on initial embeddings
Joint DKL training: 50 epochs
  Epoch 20/50  loss=0.9887
  Epoch 40/50  loss=0.9151
DKL training done in 0.3s
  → 2AuO-1  gap=0.865 eV  best=0.078 eV  top50=1  top10%=3
Cycle  17: GP refit  (26 labelled)
  → 1MoAu2Te4-1  gap=0.677 eV  best=0.078 eV  top50=2  top10%=4
Cycle  18: GP refit  (27 labelled)
  → 1WCu2Te4-1  gap=1.488 eV  best=0.078 eV  top50=2  top10%=4
Cycle  19: GP refit  (28 labelled)
  → 1CrTe2-2  gap=0.869 eV  best=0.078 eV  top50=2  top10%=4
Cycle  20: GP refit  (29 labelled)
  → 1MoCr3Te8-1  gap=0.893 eV  best=0.078 eV  top50=2  top10%=4
Cycle  21: full DKL retrain  (30 labelled)
GP warmup: 20 epochs on initial embeddings
Joint DKL training: 50 epochs
  Epoch 20/50  loss=0.7841
  Epoch 40/50  loss=0.6638
DKL training done in 0.3s
  → 2BrCs-2  gap=5.145 eV  best=0.078 eV  top50=2  top10%=4
Cycle  22: GP refit  (31 labelled)
  → 2AuI-3  gap=1.592 eV  best=0.078 eV  top50=2  top10%=4
Cycle  23: GP refit  (32 labelled)
  → 1ClIV-1  gap=3.537 eV  best=0.078 eV  top50=2  top10%=4
Cycle  24: GP refit  (33 labelled)
  → 2OsSe2-1  gap=1.389 eV  best=0.078 eV  top50=2  top10%=4
Cycle  25: GP refit  (34 labelled)
  → 1VTe2-1  gap=0.854 eV  best=0.078 eV  top50=2  top10%=4
Cycle  26: full DKL retrain  (35 labelled)
GP warmup: 20 epochs on initial embeddings
Joint DKL training: 50 epochs
  Epoch 20/50  loss=0.9499
  Epoch 40/50  loss=0.7544
DKL training done in 0.3s
  → 1PbTe-1  gap=1.500 eV  best=0.078 eV  top50=2  top10%=4
Cycle  27: GP refit  (36 labelled)
  → 1SnTe-1  gap=2.089 eV  best=0.078 eV  top50=2  top10%=4
Cycle  28: GP refit  (37 labelled)
  → 1WAg2Te4-1  gap=1.318 eV  best=0.078 eV  top50=2  top10%=4
Cycle  29: GP refit  (38 labelled)
  → 1GeTe-1  gap=1.994 eV  best=0.078 eV  top50=2  top10%=4
Cycle  30: GP refit  (39 labelled)
  → 2PbTe-1  gap=0.878 eV  best=0.078 eV  top50=2  top10%=4
Cycle  31: full DKL retrain  (40 labelled)
GP warmup: 20 epochs on initial embeddings
Joint DKL training: 50 epochs
  Epoch 20/50  loss=0.6821
  Epoch 40/50  loss=0.5324
DKL training done in 0.3s
  → 2AgAuCl4-1  gap=2.332 eV  best=0.078 eV  top50=2  top10%=4
Cycle  32: GP refit  (41 labelled)
  → 1SeAu2O4-1  gap=1.925 eV  best=0.078 eV  top50=2  top10%=4
Cycle  33: GP refit  (42 labelled)
  → 2TeZr-4  gap=0.652 eV  best=0.078 eV  top50=3  top10%=5
Cycle  34: GP refit  (43 labelled)
  → 2ZrCl2-1  gap=1.161 eV  best=0.078 eV  top50=3  top10%=5
Cycle  35: GP refit  (44 labelled)
  → 1ZrTe2-2  gap=0.836 eV  best=0.078 eV  top50=3  top10%=5
Cycle  36: full DKL retrain  (45 labelled)
GP warmup: 20 epochs on initial embeddings
Joint DKL training: 50 epochs
  Epoch 20/50  loss=0.6431
  Epoch 40/50  loss=0.5251
DKL training done in 0.3s
  → 1AgCrP2Te6-1  gap=1.137 eV  best=0.078 eV  top50=3  top10%=5
Cycle  37: GP refit  (46 labelled)
  → 2CrNbTe5-1  gap=0.029 eV  best=0.029 eV  top50=4  top10%=6
Cycle  38: GP refit  (47 labelled)
  → 2ClIrTe-2  gap=2.050 eV  best=0.029 eV  top50=4  top10%=6
Cycle  39: GP refit  (48 labelled)
  → 1HfTe2-2  gap=0.665 eV  best=0.029 eV  top50=5  top10%=7
Cycle  40: GP refit  (49 labelled)
  → 1ZrHf3Te8-1  gap=0.690 eV  best=0.029 eV  top50=5  top10%=8
Cycle  41: full DKL retrain  (50 labelled)
GP warmup: 20 epochs on initial embeddings
Joint DKL training: 50 epochs
  Epoch 20/50  loss=0.6685
  Epoch 40/50  loss=0.5728
DKL training done in 0.3s
  → 1TiHf3Te8-1  gap=0.688 eV  best=0.029 eV  top50=5  top10%=9
Cycle  42: GP refit  (51 labelled)
  → 2HfTiTe4-1  gap=0.692 eV  best=0.029 eV  top50=5  top10%=10
Cycle  43: GP refit  (52 labelled)
  → 2HfZrTe4-1  gap=0.717 eV  best=0.029 eV  top50=5  top10%=11
Cycle  44: GP refit  (53 labelled)
  → 1ZrTi3Te8-1  gap=0.722 eV  best=0.029 eV  top50=5  top10%=12
Cycle  45: GP refit  (54 labelled)
  → 1HfTi3Te8-1  gap=0.724 eV  best=0.029 eV  top50=5  top10%=13
Cycle  46: full DKL retrain  (55 labelled)
GP warmup: 20 epochs on initial embeddings
Joint DKL training: 50 epochs
  Epoch 20/50  loss=0.4357
  Epoch 40/50  loss=0.3167
DKL training done in 0.3s
  → 2OW-1  gap=0.132 eV  best=0.029 eV  top50=6  top10%=14
Cycle  47: GP refit  (56 labelled)
  → 1WS2-1  gap=2.055 eV  best=0.029 eV  top50=6  top10%=14
Cycle  48: GP refit  (57 labelled)
  → 1MoW3S8-1  gap=2.064 eV  best=0.029 eV  top50=6  top10%=14
Cycle  49: GP refit  (58 labelled)
  → 2AuS-1  gap=2.010 eV  best=0.029 eV  top50=6  top10%=14
Cycle  50: GP refit  (59 labelled)
  → 1STeZr-2  gap=0.672 eV  best=0.029 eV  top50=7  top10%=15
Cycle  51: full DKL retrain  (60 labelled)
GP warmup: 20 epochs on initial embeddings
Joint DKL training: 50 epochs
  Epoch 20/50  loss=0.4570
  Epoch 40/50  loss=0.3096
DKL training done in 0.3s
  → 2IrNbTe4-1  gap=0.033 eV  best=0.029 eV  top50=8  top10%=16
Cycle  52: GP refit  (61 labelled)
  → 1SeTeZr-2  gap=0.783 eV  best=0.029 eV  top50=8  top10%=17
Cycle  53: GP refit  (62 labelled)
  → 1HfZr3Te8-1  gap=0.766 eV  best=0.029 eV  top50=8  top10%=18
Cycle  54: GP refit  (63 labelled)
  → 1TiZr3Te8-1  gap=0.793 eV  best=0.029 eV  top50=8  top10%=18
Cycle  55: GP refit  (64 labelled)
  → 2IrTaTe4-1  gap=0.119 eV  best=0.029 eV  top50=9  top10%=19
Cycle  56: full DKL retrain  (65 labelled)
GP warmup: 20 epochs on initial embeddings
Joint DKL training: 50 epochs
  Epoch 20/50  loss=0.5168
  Epoch 40/50  loss=0.3613
DKL training done in 0.3s
  → 2MoSe2-1  gap=0.108 eV  best=0.029 eV  top50=10  top10%=20
Cycle  57: GP refit  (66 labelled)
  → 1WCr3Te8-1  gap=0.841 eV  best=0.029 eV  top50=10  top10%=20
Cycle  58: GP refit  (67 labelled)
  → 1RuCl2-3  gap=0.908 eV  best=0.029 eV  top50=10  top10%=20
Cycle  59: GP refit  (68 labelled)
  → 2FeTe2-1  gap=0.581 eV  best=0.029 eV  top50=11  top10%=21
Cycle  60: GP refit  (69 labelled)
  → 1STeW-1  gap=1.681 eV  best=0.029 eV  top50=11  top10%=21
Cycle  61: full DKL retrain  (70 labelled)
GP warmup: 20 epochs on initial embeddings
Joint DKL training: 50 epochs
  Epoch 20/50  loss=0.3457
  Epoch 40/50  loss=0.1914
DKL training done in 0.3s
  → 1AsITe-2  gap=0.872 eV  best=0.029 eV  top50=11  top10%=21
Cycle  62: GP refit  (71 labelled)
  → 1AsClTe-2  gap=1.824 eV  best=0.029 eV  top50=11  top10%=21
Cycle  63: GP refit  (72 labelled)
  → 1HfSeTe-2  gap=0.637 eV  best=0.029 eV  top50=12  top10%=22
Cycle  64: GP refit  (73 labelled)
  → 1BrTeTi-1  gap=0.763 eV  best=0.029 eV  top50=12  top10%=23
Cycle  65: GP refit  (74 labelled)
  → 1ClSbTe-2  gap=1.891 eV  best=0.029 eV  top50=12  top10%=23
Cycle  66: full DKL retrain  (75 labelled)
GP warmup: 20 epochs on initial embeddings
Joint DKL training: 50 epochs
  Epoch 20/50  loss=0.2430
  Epoch 40/50  loss=0.0594
DKL training done in 0.3s
  → 2RuSe2-1  gap=1.595 eV  best=0.029 eV  top50=12  top10%=23
Cycle  67: GP refit  (76 labelled)
  → 1ZrI2-1  gap=1.038 eV  best=0.029 eV  top50=12  top10%=23
Cycle  68: GP refit  (77 labelled)
  → 2HfI2-1  gap=1.014 eV  best=0.029 eV  top50=12  top10%=23
Cycle  69: GP refit  (78 labelled)
  → 1HfI2-1  gap=1.022 eV  best=0.029 eV  top50=12  top10%=23
Cycle  70: GP refit  (79 labelled)
  → 2ZrI2-1  gap=0.889 eV  best=0.029 eV  top50=12  top10%=23
Cycle  71: full DKL retrain  (80 labelled)
GP warmup: 20 epochs on initial embeddings
Joint DKL training: 50 epochs
  Epoch 20/50  loss=0.3245
  Epoch 40/50  loss=0.0451
DKL training done in 0.3s
  → 2SeZr-4  gap=0.355 eV  best=0.029 eV  top50=13  top10%=24
Cycle  72: GP refit  (81 labelled)
  → 1TeNb3I7-1  gap=1.241 eV  best=0.029 eV  top50=13  top10%=24
Cycle  73: GP refit  (82 labelled)
  → 2TiZrTe4-1  gap=0.744 eV  best=0.029 eV  top50=13  top10%=25
Cycle  74: GP refit  (83 labelled)
  → 1TeTa3I7-1  gap=1.223 eV  best=0.029 eV  top50=13  top10%=25
Cycle  75: GP refit  (84 labelled)
  → 1TeTa3Cl7-1  gap=1.510 eV  best=0.029 eV  top50=13  top10%=25
Cycle  76: full DKL retrain  (85 labelled)
GP warmup: 20 epochs on initial embeddings
Joint DKL training: 50 epochs
  Epoch 20/50  loss=0.0364
  Epoch 40/50  loss=-0.0901
DKL training done in 0.3s
  → 2AlTe-1  gap=2.363 eV  best=0.029 eV  top50=13  top10%=25
Cycle  77: GP refit  (86 labelled)
  → 2ClRhTe-1  gap=2.113 eV  best=0.029 eV  top50=13  top10%=25
Cycle  78: GP refit  (87 labelled)
  → 2TeTi-4  gap=0.440 eV  best=0.029 eV  top50=14  top10%=26
Cycle  79: GP refit  (88 labelled)
  → 1SeTeTi-2  gap=0.600 eV  best=0.029 eV  top50=15  top10%=27
Cycle  80: GP refit  (89 labelled)
  → 1SSeZr-1  gap=1.514 eV  best=0.029 eV  top50=15  top10%=27
Cycle  81: full DKL retrain  (90 labelled)
GP warmup: 20 epochs on initial embeddings
Joint DKL training: 50 epochs
  Epoch 20/50  loss=0.0965
  Epoch 40/50  loss=-0.1173
DKL training done in 0.3s
  → 2AgTe-2  gap=0.242 eV  best=0.029 eV  top50=16  top10%=28
Cycle  82: GP refit  (91 labelled)
  → 2AgTe-3  gap=0.756 eV  best=0.029 eV  top50=16  top10%=29
Cycle  83: GP refit  (92 labelled)
  → 2CrWTe4-1  gap=0.876 eV  best=0.029 eV  top50=16  top10%=29
Cycle  84: GP refit  (93 labelled)
  → 2ClMoO2-1  gap=1.762 eV  best=0.029 eV  top50=16  top10%=29
Cycle  85: GP refit  (94 labelled)
  → 1MoOTe-1  gap=0.867 eV  best=0.029 eV  top50=16  top10%=29
Cycle  86: full DKL retrain  (95 labelled)
GP warmup: 20 epochs on initial embeddings
Joint DKL training: 50 epochs
  Epoch 20/50  loss=-0.0339
  Epoch 40/50  loss=-0.2860
DKL training done in 0.3s
  → 1MoSTe-2  gap=0.233 eV  best=0.029 eV  top50=17  top10%=30
Cycle  87: GP refit  (96 labelled)
  → 2CrMoTe4-1  gap=0.980 eV  best=0.029 eV  top50=17  top10%=30
Cycle  88: GP refit  (97 labelled)
  → 1STeW-2  gap=0.205 eV  best=0.029 eV  top50=18  top10%=31
Cycle  89: GP refit  (98 labelled)
  → 1OTeW-1  gap=1.209 eV  best=0.029 eV  top50=18  top10%=31
Cycle  90: GP refit  (99 labelled)
  → 1CrMo3Te8-1  gap=1.105 eV  best=0.029 eV  top50=18  top10%=31
Cycle  91: full DKL retrain  (100 labelled)
GP warmup: 20 epochs on initial embeddings
Joint DKL training: 50 epochs
  Epoch 20/50  loss=-0.2604
  Epoch 40/50  loss=-0.3955
DKL training done in 0.3s
  → 2MoS2-1  gap=0.069 eV  best=0.029 eV  top50=19  top10%=32
Cycle  92: GP refit  (101 labelled)
  → 1TiI2-2  gap=0.828 eV  best=0.029 eV  top50=19  top10%=32
Cycle  93: GP refit  (102 labelled)
  → 1HfSTe-2  gap=0.481 eV  best=0.029 eV  top50=20  top10%=33
Cycle  94: GP refit  (103 labelled)
  → 1STeTi-2  gap=0.531 eV  best=0.029 eV  top50=21  top10%=34
Cycle  95: GP refit  (104 labelled)
  → 1SeTeW-1  gap=1.493 eV  best=0.029 eV  top50=21  top10%=34
Cycle  96: full DKL retrain  (105 labelled)
GP warmup: 20 epochs on initial embeddings
Joint DKL training: 50 epochs
  Epoch 20/50  loss=-0.3362
  Epoch 40/50  loss=-0.4483
DKL training done in 0.3s
  → 2GaTe-1  gap=1.862 eV  best=0.029 eV  top50=21  top10%=34
Cycle  97: GP refit  (106 labelled)
  → 1MoSTe-1  gap=1.585 eV  best=0.029 eV  top50=21  top10%=34
Cycle  98: GP refit  (107 labelled)
  → 1ClITi-1  gap=1.187 eV  best=0.029 eV  top50=21  top10%=34
Cycle  99: GP refit  (108 labelled)
  → 1MoTe2-1  gap=1.370 eV  best=0.029 eV  top50=21  top10%=34
Cycle 100: GP refit  (109 labelled)
  → 1WMo3Te8-1  gap=1.326 eV  best=0.029 eV  top50=21  top10%=34
  gap_min/seed2 → best=0.029 top50=21 top10%=34
BOLoop: 766 materials  |  direction=min  |  top-50 internal threshold=-0.68  top-10% internal threshold=-0.79
Init: 10 random labels  |  best (min) = 0.554
Cycle   1: full DKL retrain  (10 labelled)
GP warmup: 20 epochs on initial embeddings
/home/roy/Desktop/DKL-BO/venv/lib/python3.13/site-packages/torch/_compile.py:54: UserWarning: optimizer contains a parameter group with duplicate parameters; in future, this will cause an error; see github.com/pytorch/pytorch/issues/40967 for more information
  return disable_fn(*args, **kwargs)
Joint DKL training: 50 epochs
  Epoch 20/50  loss=1.6494
  Epoch 40/50  loss=1.5088
DKL training done in 0.3s
  → 1AgGaP2Se6-1  gap=1.694 eV  best=0.554 eV  top50=0  top10%=0
Cycle   2: GP refit  (11 labelled)
  → 1RuCl2-3  gap=0.908 eV  best=0.554 eV  top50=0  top10%=0
Cycle   3: GP refit  (12 labelled)
  → 2CuSe-4  gap=1.116 eV  best=0.554 eV  top50=0  top10%=0
Cycle   4: GP refit  (13 labelled)
  → 2AuBr-2  gap=1.222 eV  best=0.554 eV  top50=0  top10%=0
Cycle   5: GP refit  (14 labelled)
  → 4TiSe2-1  gap=0.036 eV  best=0.036 eV  top50=1  top10%=1
Cycle   6: full DKL retrain  (15 labelled)
GP warmup: 20 epochs on initial embeddings
Joint DKL training: 50 epochs
  Epoch 20/50  loss=0.7797
  Epoch 40/50  loss=0.5835
DKL training done in 0.3s
  → 2IrSe-3  gap=0.822 eV  best=0.036 eV  top50=1  top10%=1
Cycle   7: GP refit  (16 labelled)
  → 1WSe2-1  gap=1.730 eV  best=0.036 eV  top50=1  top10%=1
Cycle   8: GP refit  (17 labelled)
  → 2SV-4  gap=0.642 eV  best=0.036 eV  top50=2  top10%=2
Cycle   9: GP refit  (18 labelled)
  → 2RuS2-1  gap=1.583 eV  best=0.036 eV  top50=2  top10%=2
Cycle  10: GP refit  (19 labelled)
  → 2ITl-3  gap=2.762 eV  best=0.036 eV  top50=2  top10%=2
Cycle  11: full DKL retrain  (20 labelled)
GP warmup: 20 epochs on initial embeddings
Joint DKL training: 50 epochs
  Epoch 20/50  loss=1.1822
  Epoch 40/50  loss=0.3840
DKL training done in 0.3s
  → 1SSeSn-1  gap=1.476 eV  best=0.036 eV  top50=2  top10%=2
Cycle  12: GP refit  (21 labelled)
  → 1TiSe2-2  gap=1.460 eV  best=0.036 eV  top50=2  top10%=2
Cycle  13: GP refit  (22 labelled)
  → 2SeV-4  gap=0.788 eV  best=0.036 eV  top50=2  top10%=3
Cycle  14: GP refit  (23 labelled)
  → 2RuO2-1  gap=0.693 eV  best=0.036 eV  top50=2  top10%=4
Cycle  15: GP refit  (24 labelled)
  → 2FRhS-1  gap=2.175 eV  best=0.036 eV  top50=2  top10%=4
Cycle  16: full DKL retrain  (25 labelled)
GP warmup: 20 epochs on initial embeddings
Joint DKL training: 50 epochs
  Epoch 20/50  loss=0.8106
  Epoch 40/50  loss=0.0484
DKL training done in 0.3s
  → 2SbTlO3-1  gap=4.173 eV  best=0.036 eV  top50=2  top10%=4
Cycle  17: GP refit  (26 labelled)
  → 1STeW-2  gap=0.205 eV  best=0.036 eV  top50=3  top10%=5
Cycle  18: GP refit  (27 labelled)
  → 2RuSe2-1  gap=1.595 eV  best=0.036 eV  top50=3  top10%=5
Cycle  19: GP refit  (28 labelled)
  → 2FIrSe-1  gap=2.172 eV  best=0.036 eV  top50=3  top10%=5
Cycle  20: GP refit  (29 labelled)
  → 2MoSe2-1  gap=0.108 eV  best=0.036 eV  top50=4  top10%=6
Cycle  21: full DKL retrain  (30 labelled)
GP warmup: 20 epochs on initial embeddings
Joint DKL training: 50 epochs
  Epoch 20/50  loss=7.5743
  Epoch 40/50  loss=0.9090
DKL training done in 0.3s
  → 1WAu2Te4-1  gap=0.792 eV  best=0.036 eV  top50=4  top10%=6
Cycle  22: GP refit  (31 labelled)
  → 3RuSCl2-1  gap=1.131 eV  best=0.036 eV  top50=4  top10%=6
Cycle  23: GP refit  (32 labelled)
  → 1WTe2-1  gap=1.141 eV  best=0.036 eV  top50=4  top10%=6
Cycle  24: GP refit  (33 labelled)
  → 1CrSSe-1  gap=1.241 eV  best=0.036 eV  top50=4  top10%=6
Cycle  25: GP refit  (34 labelled)
  → 2AuS-1  gap=2.010 eV  best=0.036 eV  top50=4  top10%=6
Cycle  26: full DKL retrain  (35 labelled)
GP warmup: 20 epochs on initial embeddings
Joint DKL training: 50 epochs
  Epoch 20/50  loss=3.1926
  Epoch 40/50  loss=0.7556
DKL training done in 0.3s
  → 2BrTl-3  gap=3.214 eV  best=0.036 eV  top50=4  top10%=6
Cycle  27: GP refit  (36 labelled)
  → 1NiPd3Se8-1  gap=0.702 eV  best=0.036 eV  top50=4  top10%=7
Cycle  28: GP refit  (37 labelled)
  → 1WAu2Se4-1  gap=1.415 eV  best=0.036 eV  top50=4  top10%=7
Cycle  29: GP refit  (38 labelled)
  → 2TeV-4  gap=0.774 eV  best=0.036 eV  top50=4  top10%=8
Cycle  30: GP refit  (39 labelled)
  → 2IRb-1  gap=4.613 eV  best=0.036 eV  top50=4  top10%=8
Cycle  31: full DKL retrain  (40 labelled)
GP warmup: 20 epochs on initial embeddings
Joint DKL training: 50 epochs
  Epoch 20/50  loss=1.2516
  Epoch 40/50  loss=0.5427
DKL training done in 0.3s
  → 2OsSe2-1  gap=1.389 eV  best=0.036 eV  top50=4  top10%=8
Cycle  32: GP refit  (41 labelled)
  → 2RuTe2-1  gap=1.071 eV  best=0.036 eV  top50=4  top10%=8
Cycle  33: GP refit  (42 labelled)
  → 2AuSe-1  gap=1.561 eV  best=0.036 eV  top50=4  top10%=8
Cycle  34: GP refit  (43 labelled)
  → 1SeTeTi-2  gap=0.600 eV  best=0.036 eV  top50=5  top10%=9
Cycle  35: GP refit  (44 labelled)
  → 2AuO-1  gap=0.865 eV  best=0.036 eV  top50=5  top10%=9
Cycle  36: full DKL retrain  (45 labelled)
GP warmup: 20 epochs on initial embeddings
Joint DKL training: 50 epochs
  Epoch 20/50  loss=0.2961
  Epoch 40/50  loss=-0.1605
DKL training done in 0.3s
  → 2GaHTeO4-1  gap=5.308 eV  best=0.036 eV  top50=5  top10%=9
Cycle  37: GP refit  (46 labelled)
  → 1HgSe-1  gap=0.423 eV  best=0.036 eV  top50=6  top10%=10
Cycle  38: GP refit  (47 labelled)
  → 2BrK-1  gap=5.470 eV  best=0.036 eV  top50=6  top10%=10
Cycle  39: GP refit  (48 labelled)
  → 1PbSe2-1  gap=1.847 eV  best=0.036 eV  top50=6  top10%=10
Cycle  40: GP refit  (49 labelled)
  → 2HInTeS4-1  gap=2.900 eV  best=0.036 eV  top50=6  top10%=10
Cycle  41: full DKL retrain  (50 labelled)
GP warmup: 20 epochs on initial embeddings
Joint DKL training: 50 epochs
  Epoch 20/50  loss=0.6532
  Epoch 40/50  loss=0.1213
DKL training done in 0.3s
  → 1HgS-1  gap=0.724 eV  best=0.036 eV  top50=6  top10%=11
Cycle  42: GP refit  (51 labelled)
  → 2PbTe-3  gap=0.385 eV  best=0.036 eV  top50=7  top10%=12
Cycle  43: GP refit  (52 labelled)
  → 1PbS2-1  gap=2.299 eV  best=0.036 eV  top50=7  top10%=12
Cycle  44: GP refit  (53 labelled)
  → 2GaSe-7  gap=0.809 eV  best=0.036 eV  top50=7  top10%=12
Cycle  45: GP refit  (54 labelled)
  → 2BrGa-1  gap=3.271 eV  best=0.036 eV  top50=7  top10%=12
Cycle  46: full DKL retrain  (55 labelled)
GP warmup: 20 epochs on initial embeddings
Joint DKL training: 50 epochs
  Epoch 20/50  loss=0.7737
  Epoch 40/50  loss=0.3910
DKL training done in 0.3s
  → 2ClGa-1  gap=3.220 eV  best=0.036 eV  top50=7  top10%=12
Cycle  47: GP refit  (56 labelled)
  → 2TeTl-2  gap=0.681 eV  best=0.036 eV  top50=7  top10%=13
Cycle  48: GP refit  (57 labelled)
  → 1WAu2O4-2  gap=4.436 eV  best=0.036 eV  top50=7  top10%=13
Cycle  49: GP refit  (58 labelled)
  → 2PbSe-1  gap=1.312 eV  best=0.036 eV  top50=7  top10%=13
Cycle  50: GP refit  (59 labelled)
  → 1PbS-1  gap=2.593 eV  best=0.036 eV  top50=7  top10%=13
Cycle  51: full DKL retrain  (60 labelled)
GP warmup: 20 epochs on initial embeddings
Joint DKL training: 50 epochs
  Epoch 20/50  loss=0.4288
  Epoch 40/50  loss=0.0787
DKL training done in 0.3s
  → 1ScSe2-2  gap=1.490 eV  best=0.036 eV  top50=7  top10%=13
Cycle  52: GP refit  (61 labelled)
  → 2AuTe-3  gap=0.078 eV  best=0.036 eV  top50=8  top10%=14
Cycle  53: GP refit  (62 labelled)
  → 2AuCl-4  gap=0.777 eV  best=0.036 eV  top50=8  top10%=15
Cycle  54: GP refit  (63 labelled)
  → 1BrITl2-1  gap=2.587 eV  best=0.036 eV  top50=8  top10%=15
Cycle  55: GP refit  (64 labelled)
  → 4HgTe-1  gap=0.899 eV  best=0.036 eV  top50=8  top10%=15
Cycle  56: full DKL retrain  (65 labelled)
GP warmup: 20 epochs on initial embeddings
Joint DKL training: 50 epochs
  Epoch 20/50  loss=0.3827
  Epoch 40/50  loss=-0.0084
DKL training done in 0.3s
  → 2IK-2  gap=4.784 eV  best=0.036 eV  top50=8  top10%=15
Cycle  57: GP refit  (66 labelled)
  → 1PbTe-1  gap=1.500 eV  best=0.036 eV  top50=8  top10%=15
Cycle  58: GP refit  (67 labelled)
  → 1HgTe-1  gap=0.279 eV  best=0.036 eV  top50=9  top10%=16
Cycle  59: GP refit  (68 labelled)
  → 1BaBrI-1  gap=5.177 eV  best=0.036 eV  top50=9  top10%=16
Cycle  60: GP refit  (69 labelled)
  → 2MoS2-1  gap=0.069 eV  best=0.036 eV  top50=10  top10%=17
Cycle  61: full DKL retrain  (70 labelled)
GP warmup: 20 epochs on initial embeddings
Joint DKL training: 50 epochs
  Epoch 20/50  loss=0.2769
  Epoch 40/50  loss=-0.1387
DKL training done in 0.3s
  → 2ClCs-1  gap=5.654 eV  best=0.036 eV  top50=10  top10%=17
Cycle  62: GP refit  (71 labelled)
  → 1CaI2-2  gap=4.063 eV  best=0.036 eV  top50=10  top10%=17
Cycle  63: GP refit  (72 labelled)
  → 1InSb-1  gap=0.945 eV  best=0.036 eV  top50=10  top10%=17
Cycle  64: GP refit  (73 labelled)
  → 2GaI-1  gap=2.399 eV  best=0.036 eV  top50=10  top10%=17
Cycle  65: GP refit  (74 labelled)
  → 2IIn-3  gap=2.347 eV  best=0.036 eV  top50=10  top10%=17
Cycle  66: full DKL retrain  (75 labelled)
GP warmup: 20 epochs on initial embeddings
Joint DKL training: 50 epochs
  Epoch 20/50  loss=0.0394
  Epoch 40/50  loss=-0.3498
DKL training done in 0.3s
  → 1HfSSe-1  gap=1.512 eV  best=0.036 eV  top50=10  top10%=17
Cycle  67: GP refit  (76 labelled)
  → 2InSe-1  gap=2.055 eV  best=0.036 eV  top50=10  top10%=17
Cycle  68: GP refit  (77 labelled)
  → 1MoSTe-2  gap=0.233 eV  best=0.036 eV  top50=11  top10%=18
Cycle  69: GP refit  (78 labelled)
  → 1WCu2S4-1  gap=2.994 eV  best=0.036 eV  top50=11  top10%=18
Cycle  70: GP refit  (79 labelled)
  → 1BaI2-2  gap=4.274 eV  best=0.036 eV  top50=11  top10%=18
Cycle  71: full DKL retrain  (80 labelled)
GP warmup: 20 epochs on initial embeddings
Joint DKL training: 50 epochs
  Epoch 20/50  loss=0.7790
  Epoch 40/50  loss=0.6008
DKL training done in 0.3s
  → 1CdInTlS4-1  gap=1.127 eV  best=0.036 eV  top50=11  top10%=18
Cycle  72: GP refit  (81 labelled)
  → 4IOSc-1  gap=3.350 eV  best=0.036 eV  top50=11  top10%=18
Cycle  73: GP refit  (82 labelled)
  → 2BaFI-1  gap=4.907 eV  best=0.036 eV  top50=11  top10%=18
Cycle  74: GP refit  (83 labelled)
  → 1CrSeTe-1  gap=0.994 eV  best=0.036 eV  top50=11  top10%=18
Cycle  75: GP refit  (84 labelled)
  → 2CaHI-1  gap=4.709 eV  best=0.036 eV  top50=11  top10%=18
Cycle  76: full DKL retrain  (85 labelled)
GP warmup: 20 epochs on initial embeddings
Joint DKL training: 50 epochs
  Epoch 20/50  loss=-0.0055
  Epoch 40/50  loss=-0.3449
DKL training done in 0.3s
  → 1MoSTe-1  gap=1.585 eV  best=0.036 eV  top50=11  top10%=18
Cycle  77: GP refit  (86 labelled)
  → 1MoOSe-1  gap=1.512 eV  best=0.036 eV  top50=11  top10%=18
Cycle  78: GP refit  (87 labelled)
  → 2OsTe2-1  gap=1.379 eV  best=0.036 eV  top50=11  top10%=18
Cycle  79: GP refit  (88 labelled)
  → 1VSe2-1  gap=0.977 eV  best=0.036 eV  top50=11  top10%=18
Cycle  80: GP refit  (89 labelled)
  → 2GaS-1  gap=3.197 eV  best=0.036 eV  top50=11  top10%=18
Cycle  81: full DKL retrain  (90 labelled)
GP warmup: 20 epochs on initial embeddings
Joint DKL training: 50 epochs
  Epoch 20/50  loss=0.9337
  Epoch 40/50  loss=0.7708
DKL training done in 0.3s
  → 2FRhTe-1  gap=2.115 eV  best=0.036 eV  top50=11  top10%=18
Cycle  82: GP refit  (91 labelled)
  → 1MoAu2Se4-1  gap=1.247 eV  best=0.036 eV  top50=11  top10%=18
Cycle  83: GP refit  (92 labelled)
  → 1MoAu2Te4-1  gap=0.677 eV  best=0.036 eV  top50=12  top10%=19
Cycle  84: GP refit  (93 labelled)
  → 1HfSeTe-2  gap=0.637 eV  best=0.036 eV  top50=13  top10%=20
Cycle  85: GP refit  (94 labelled)
  → 1SeTeW-1  gap=1.493 eV  best=0.036 eV  top50=13  top10%=20
Cycle  86: full DKL retrain  (95 labelled)
GP warmup: 20 epochs on initial embeddings
Joint DKL training: 50 epochs
  Epoch 20/50  loss=0.3252
  Epoch 40/50  loss=-0.0485
DKL training done in 0.3s
  → 2InS2-3  gap=1.242 eV  best=0.036 eV  top50=13  top10%=20
Cycle  87: GP refit  (96 labelled)
  → 1ISbTe-1  gap=1.322 eV  best=0.036 eV  top50=13  top10%=20
Cycle  88: GP refit  (97 labelled)
  → 2TeTi-4  gap=0.440 eV  best=0.036 eV  top50=14  top10%=21
Cycle  89: GP refit  (98 labelled)
  → 2RhSe-3  gap=0.337 eV  best=0.036 eV  top50=15  top10%=22
Cycle  90: GP refit  (99 labelled)
  → 1OTeW-1  gap=1.209 eV  best=0.036 eV  top50=15  top10%=22
Cycle  91: full DKL retrain  (100 labelled)
GP warmup: 20 epochs on initial embeddings
Joint DKL training: 50 epochs
  Epoch 20/50  loss=0.2693
  Epoch 40/50  loss=0.0230
DKL training done in 0.3s
  → 2IrTaTe4-1  gap=0.119 eV  best=0.036 eV  top50=16  top10%=23
Cycle  92: GP refit  (101 labelled)
  → 2CrNbTe5-1  gap=0.029 eV  best=0.029 eV  top50=17  top10%=24
Cycle  93: GP refit  (102 labelled)
  → 2TiZrTe4-1  gap=0.744 eV  best=0.029 eV  top50=17  top10%=25
Cycle  94: GP refit  (103 labelled)
  → 2IrNbTe4-1  gap=0.033 eV  best=0.029 eV  top50=18  top10%=26
Cycle  95: GP refit  (104 labelled)
  → 1WS2-1  gap=2.055 eV  best=0.029 eV  top50=18  top10%=26
Cycle  96: full DKL retrain  (105 labelled)
GP warmup: 20 epochs on initial embeddings
Joint DKL training: 50 epochs
  Epoch 20/50  loss=0.2253
  Epoch 40/50  loss=-0.0188
DKL training done in 0.3s
  → 1CrISe-1  gap=1.596 eV  best=0.029 eV  top50=18  top10%=26
Cycle  97: GP refit  (106 labelled)
  → 1MoTe2-1  gap=1.370 eV  best=0.029 eV  top50=18  top10%=26
Cycle  98: GP refit  (107 labelled)
  → 1MoAu2S4-1  gap=1.621 eV  best=0.029 eV  top50=18  top10%=26
Cycle  99: GP refit  (108 labelled)
  → 1SnTe-1  gap=2.089 eV  best=0.029 eV  top50=18  top10%=26
Cycle 100: GP refit  (109 labelled)
  → 1IRhSe-1  gap=1.425 eV  best=0.029 eV  top50=18  top10%=26
  gap_min/seed3 → best=0.029 top50=18 top10%=26
BOLoop: 766 materials  |  direction=min  |  top-50 internal threshold=-0.68  top-10% internal threshold=-0.79
Init: 10 random labels  |  best (min) = 0.025
Cycle   1: full DKL retrain  (10 labelled)
GP warmup: 20 epochs on initial embeddings
/home/roy/Desktop/DKL-BO/venv/lib/python3.13/site-packages/torch/_compile.py:54: UserWarning: optimizer contains a parameter group with duplicate parameters; in future, this will cause an error; see github.com/pytorch/pytorch/issues/40967 for more information
  return disable_fn(*args, **kwargs)
Joint DKL training: 50 epochs
  Epoch 20/50  loss=1.1761
  Epoch 40/50  loss=1.0872
DKL training done in 0.3s
  → 2AuI-3  gap=1.592 eV  best=0.025 eV  top50=0  top10%=0
Cycle   2: GP refit  (11 labelled)
  → 4IOSc-1  gap=3.350 eV  best=0.025 eV  top50=0  top10%=0
Cycle   3: GP refit  (12 labelled)
  → 1TiSe2-2  gap=1.460 eV  best=0.025 eV  top50=0  top10%=0
Cycle   4: GP refit  (13 labelled)
  → 4BiLiO2-1  gap=3.784 eV  best=0.025 eV  top50=0  top10%=0
Cycle   5: GP refit  (14 labelled)
  → 1RuCl2-3  gap=0.908 eV  best=0.025 eV  top50=0  top10%=0
Cycle   6: full DKL retrain  (15 labelled)
GP warmup: 20 epochs on initial embeddings
Joint DKL training: 50 epochs
  Epoch 20/50  loss=1.2464
  Epoch 40/50  loss=0.6907
DKL training done in 0.3s
  → 1ClIY-1  gap=0.773 eV  best=0.025 eV  top50=0  top10%=1
Cycle   7: GP refit  (16 labelled)
  → 1PbI2-2  gap=2.404 eV  best=0.025 eV  top50=0  top10%=1
Cycle   8: GP refit  (17 labelled)
  → 1ZrI2-1  gap=1.038 eV  best=0.025 eV  top50=0  top10%=1
Cycle   9: GP refit  (18 labelled)
  → 2NOOsRbCl5-1  gap=1.751 eV  best=0.025 eV  top50=0  top10%=1
Cycle  10: GP refit  (19 labelled)
  → 1TiF2-1  gap=2.096 eV  best=0.025 eV  top50=0  top10%=1
Cycle  11: full DKL retrain  (20 labelled)
GP warmup: 20 epochs on initial embeddings
Joint DKL training: 50 epochs
  Epoch 20/50  loss=4.3394
  Epoch 40/50  loss=0.8794
DKL training done in 0.3s
  → 1SeBi2S2-1  gap=0.923 eV  best=0.025 eV  top50=0  top10%=1
Cycle  12: GP refit  (21 labelled)
  → 1SI2Pb2-1  gap=1.567 eV  best=0.025 eV  top50=0  top10%=1
Cycle  13: GP refit  (22 labelled)
  → 1BN-1  gap=5.675 eV  best=0.025 eV  top50=0  top10%=1
Cycle  14: GP refit  (23 labelled)
  → 2ZrI2-1  gap=0.889 eV  best=0.025 eV  top50=0  top10%=1
Cycle  15: GP refit  (24 labelled)
  → 2HTeNa3S4-1  gap=3.502 eV  best=0.025 eV  top50=0  top10%=1
Cycle  16: full DKL retrain  (25 labelled)
GP warmup: 20 epochs on initial embeddings
Joint DKL training: 50 epochs
  Epoch 20/50  loss=3.3262
  Epoch 40/50  loss=0.5440
DKL training done in 0.3s
  → 2IMnSbSe2-2  gap=0.701 eV  best=0.025 eV  top50=0  top10%=2
Cycle  17: GP refit  (26 labelled)
  → 1FeCl2-3  gap=0.071 eV  best=0.025 eV  top50=1  top10%=3
Cycle  18: GP refit  (27 labelled)
  → 1CdCl2-3  gap=4.344 eV  best=0.025 eV  top50=1  top10%=3
Cycle  19: GP refit  (28 labelled)
  → 2ClYO2-1  gap=1.184 eV  best=0.025 eV  top50=1  top10%=3
Cycle  20: GP refit  (29 labelled)
  → 1WCu2Se4-1  gap=2.444 eV  best=0.025 eV  top50=1  top10%=3
Cycle  21: full DKL retrain  (30 labelled)
GP warmup: 20 epochs on initial embeddings
Joint DKL training: 50 epochs
  Epoch 20/50  loss=4.7075
  Epoch 40/50  loss=2.2448
DKL training done in 0.3s
  → 1TiCl2-1  gap=1.395 eV  best=0.025 eV  top50=1  top10%=3
Cycle  22: GP refit  (31 labelled)
  → 1FeZrCl6-1  gap=3.545 eV  best=0.025 eV  top50=1  top10%=3
Cycle  23: GP refit  (32 labelled)
  → 2SeZr-4  gap=0.355 eV  best=0.025 eV  top50=2  top10%=4
Cycle  24: GP refit  (33 labelled)
  → 1ScSe2-2  gap=1.490 eV  best=0.025 eV  top50=2  top10%=4
Cycle  25: GP refit  (34 labelled)
  → 1NiPd3Se8-1  gap=0.702 eV  best=0.025 eV  top50=2  top10%=5
Cycle  26: full DKL retrain  (35 labelled)
GP warmup: 20 epochs on initial embeddings
Joint DKL training: 50 epochs
  Epoch 20/50  loss=1.7073
  Epoch 40/50  loss=1.1378
DKL training done in 0.3s
  → 1YCl2-1  gap=0.999 eV  best=0.025 eV  top50=2  top10%=5
Cycle  27: GP refit  (36 labelled)
  → 2WSe2-1  gap=0.118 eV  best=0.025 eV  top50=3  top10%=6
Cycle  28: GP refit  (37 labelled)
  → 1SeTeW-1  gap=1.493 eV  best=0.025 eV  top50=3  top10%=6
Cycle  29: GP refit  (38 labelled)
  → 2OsSe2-1  gap=1.389 eV  best=0.025 eV  top50=3  top10%=6
Cycle  30: GP refit  (39 labelled)
  → 1BrClTi-1  gap=1.297 eV  best=0.025 eV  top50=3  top10%=6
Cycle  31: full DKL retrain  (40 labelled)
GP warmup: 20 epochs on initial embeddings
Joint DKL training: 50 epochs
  Epoch 20/50  loss=1.4907
  Epoch 40/50  loss=0.8959
DKL training done in 0.3s
  → 1C2O2Hf3-1  gap=0.917 eV  best=0.025 eV  top50=3  top10%=6
Cycle  32: GP refit  (41 labelled)
  → 2OsS2-1  gap=1.387 eV  best=0.025 eV  top50=3  top10%=6
Cycle  33: GP refit  (42 labelled)
  → 1ZrSe2-2  gap=1.684 eV  best=0.025 eV  top50=3  top10%=6
Cycle  34: GP refit  (43 labelled)
  → 1BrSeY-1  gap=4.122 eV  best=0.025 eV  top50=3  top10%=6
Cycle  35: GP refit  (44 labelled)
  → 2IrSe-3  gap=0.822 eV  best=0.025 eV  top50=3  top10%=6
Cycle  36: full DKL retrain  (45 labelled)
GP warmup: 20 epochs on initial embeddings
Joint DKL training: 50 epochs
  Epoch 20/50  loss=5.3774
  Epoch 40/50  loss=1.4318
DKL training done in 0.3s
  → 2RhSe-3  gap=0.337 eV  best=0.025 eV  top50=4  top10%=7
Cycle  37: GP refit  (46 labelled)
  → 4TiSe2-1  gap=0.036 eV  best=0.025 eV  top50=5  top10%=8
Cycle  38: GP refit  (47 labelled)
  → 2FRhSe-1  gap=2.223 eV  best=0.025 eV  top50=5  top10%=8
Cycle  39: GP refit  (48 labelled)
  → 2MoSe2-1  gap=0.108 eV  best=0.025 eV  top50=6  top10%=9
Cycle  40: GP refit  (49 labelled)
  → 1SSeZr-1  gap=1.514 eV  best=0.025 eV  top50=6  top10%=9
Cycle  41: full DKL retrain  (50 labelled)
GP warmup: 20 epochs on initial embeddings
Joint DKL training: 50 epochs
  Epoch 20/50  loss=0.9807
  Epoch 40/50  loss=0.7846
DKL training done in 0.3s
  → 1CrSe2-1  gap=1.128 eV  best=0.025 eV  top50=6  top10%=9
Cycle  42: GP refit  (51 labelled)
  → 1N2O2Y3-1  gap=1.648 eV  best=0.025 eV  top50=6  top10%=9
Cycle  43: GP refit  (52 labelled)
  → 1OSTi-1  gap=1.777 eV  best=0.025 eV  top50=6  top10%=9
Cycle  44: GP refit  (53 labelled)
  → 2INbO2-1  gap=2.295 eV  best=0.025 eV  top50=6  top10%=9
Cycle  45: GP refit  (54 labelled)
  → 1PtSeMn2S5-1  gap=1.467 eV  best=0.025 eV  top50=6  top10%=9
Cycle  46: full DKL retrain  (55 labelled)
GP warmup: 20 epochs on initial embeddings
Joint DKL training: 50 epochs
  Epoch 20/50  loss=0.9311
  Epoch 40/50  loss=0.6076
DKL training done in 0.3s
  → 2OPb-3  gap=1.090 eV  best=0.025 eV  top50=6  top10%=9
Cycle  47: GP refit  (56 labelled)
  → 2CRbO3-1  gap=2.673 eV  best=0.025 eV  top50=6  top10%=9
Cycle  48: GP refit  (57 labelled)
  → 1FeI2-3  gap=0.020 eV  best=0.020 eV  top50=7  top10%=10
Cycle  49: GP refit  (58 labelled)
  → 1CoLiAs2Se6-1  gap=1.175 eV  best=0.020 eV  top50=7  top10%=10
Cycle  50: GP refit  (59 labelled)
  → 2RuSe2-1  gap=1.595 eV  best=0.020 eV  top50=7  top10%=10
Cycle  51: full DKL retrain  (60 labelled)
GP warmup: 20 epochs on initial embeddings
Joint DKL training: 50 epochs
  Epoch 20/50  loss=0.7538
  Epoch 40/50  loss=0.4451
DKL training done in 0.3s
  → 1PbSe2-1  gap=1.847 eV  best=0.020 eV  top50=7  top10%=10
Cycle  52: GP refit  (61 labelled)
  → 2PbSe-1  gap=1.312 eV  best=0.020 eV  top50=7  top10%=10
Cycle  53: GP refit  (62 labelled)
  → 1PbS2-1  gap=2.299 eV  best=0.020 eV  top50=7  top10%=10
Cycle  54: GP refit  (63 labelled)
  → 2GaHTeO4-1  gap=5.308 eV  best=0.020 eV  top50=7  top10%=10
Cycle  55: GP refit  (64 labelled)
  → 2OPb-1  gap=3.463 eV  best=0.020 eV  top50=7  top10%=10
Cycle  56: full DKL retrain  (65 labelled)
GP warmup: 20 epochs on initial embeddings
Joint DKL training: 50 epochs
  Epoch 20/50  loss=0.4933
  Epoch 40/50  loss=0.2268
DKL training done in 0.3s
  → 2IRb-1  gap=4.613 eV  best=0.020 eV  top50=7  top10%=10
Cycle  57: GP refit  (66 labelled)
  → 1CrHS2-1  gap=2.800 eV  best=0.020 eV  top50=7  top10%=10
Cycle  58: GP refit  (67 labelled)
  → 2ScSe-3  gap=0.933 eV  best=0.020 eV  top50=7  top10%=10
Cycle  59: GP refit  (68 labelled)
  → 2GaSe-7  gap=0.809 eV  best=0.020 eV  top50=7  top10%=10
Cycle  60: GP refit  (69 labelled)
  → 1PbSe-1  gap=2.199 eV  best=0.020 eV  top50=7  top10%=10
Cycle  61: full DKL retrain  (70 labelled)
GP warmup: 20 epochs on initial embeddings
Joint DKL training: 50 epochs
  Epoch 20/50  loss=0.6662
  Epoch 40/50  loss=0.3803
DKL training done in 0.3s
  → 2GaSe-1  gap=2.506 eV  best=0.020 eV  top50=7  top10%=10
Cycle  62: GP refit  (71 labelled)
  → 2HKO-2  gap=4.890 eV  best=0.020 eV  top50=7  top10%=10
Cycle  63: GP refit  (72 labelled)
  → 4BrCd-1  gap=1.771 eV  best=0.020 eV  top50=7  top10%=10
Cycle  64: GP refit  (73 labelled)
  → 1SeHf2I5-1  gap=0.972 eV  best=0.020 eV  top50=7  top10%=10
Cycle  65: GP refit  (74 labelled)
  → 1BaBr2-2  gap=5.328 eV  best=0.020 eV  top50=7  top10%=10
Cycle  66: full DKL retrain  (75 labelled)
GP warmup: 20 epochs on initial embeddings
Joint DKL training: 50 epochs
  Epoch 20/50  loss=0.7367
  Epoch 40/50  loss=0.4150
DKL training done in 0.3s
  → 1HfMnI6-1  gap=2.788 eV  best=0.020 eV  top50=7  top10%=10
Cycle  67: GP refit  (76 labelled)
  → 2ScTe-4  gap=0.718 eV  best=0.020 eV  top50=7  top10%=11
Cycle  68: GP refit  (77 labelled)
  → 1SeSn-1  gap=2.788 eV  best=0.020 eV  top50=7  top10%=11
Cycle  69: GP refit  (78 labelled)
  → 2GaI-1  gap=2.399 eV  best=0.020 eV  top50=7  top10%=11
Cycle  70: GP refit  (79 labelled)
  → 1AsISe-1  gap=1.685 eV  best=0.020 eV  top50=7  top10%=11
Cycle  71: full DKL retrain  (80 labelled)
GP warmup: 20 epochs on initial embeddings
Joint DKL training: 50 epochs
  Epoch 20/50  loss=0.2785
  Epoch 40/50  loss=-0.1337
DKL training done in 0.3s
  → 1FeBr2-3  gap=0.145 eV  best=0.020 eV  top50=8  top10%=12
Cycle  72: GP refit  (81 labelled)
  → 1BaI2-2  gap=4.274 eV  best=0.020 eV  top50=8  top10%=12
Cycle  73: GP refit  (82 labelled)
  → 2BrK-1  gap=5.470 eV  best=0.020 eV  top50=8  top10%=12
Cycle  74: GP refit  (83 labelled)
  → 1N2O2Hf3-1  gap=0.508 eV  best=0.020 eV  top50=9  top10%=13
Cycle  75: GP refit  (84 labelled)
  → 2PbS-3  gap=0.673 eV  best=0.020 eV  top50=10  top10%=14
Cycle  76: full DKL retrain  (85 labelled)
GP warmup: 20 epochs on initial embeddings
Joint DKL training: 50 epochs
  Epoch 20/50  loss=0.3434
  Epoch 40/50  loss=-0.0560
DKL training done in 0.3s
  → 2ClGa-1  gap=3.220 eV  best=0.020 eV  top50=10  top10%=14
Cycle  77: GP refit  (86 labelled)
  → 2ClRb-2  gap=5.891 eV  best=0.020 eV  top50=10  top10%=14
Cycle  78: GP refit  (87 labelled)
  → 4AuI2-1  gap=0.880 eV  best=0.020 eV  top50=10  top10%=14
Cycle  79: GP refit  (88 labelled)
  → 4HgTe-1  gap=0.899 eV  best=0.020 eV  top50=10  top10%=14
Cycle  80: GP refit  (89 labelled)
  → 2ITl-3  gap=2.762 eV  best=0.020 eV  top50=10  top10%=14
Cycle  81: full DKL retrain  (90 labelled)
GP warmup: 20 epochs on initial embeddings
Joint DKL training: 50 epochs
  Epoch 20/50  loss=0.6793
  Epoch 40/50  loss=0.4203
DKL training done in 0.3s
  → 1BrHf2S2Cl3-1  gap=3.424 eV  best=0.020 eV  top50=10  top10%=14
Cycle  82: GP refit  (91 labelled)
  → 1CdInTlS4-1  gap=1.127 eV  best=0.020 eV  top50=10  top10%=14
Cycle  83: GP refit  (92 labelled)
  → 2AgI-2  gap=2.922 eV  best=0.020 eV  top50=10  top10%=14
Cycle  84: GP refit  (93 labelled)
  → 1HfSSe-1  gap=1.512 eV  best=0.020 eV  top50=10  top10%=14
Cycle  85: GP refit  (94 labelled)
  → 1MoAu2O4-2  gap=4.110 eV  best=0.020 eV  top50=10  top10%=14
Cycle  86: full DKL retrain  (95 labelled)
GP warmup: 20 epochs on initial embeddings
Joint DKL training: 50 epochs
  Epoch 20/50  loss=0.2354
  Epoch 40/50  loss=-0.2384
DKL training done in 0.3s
  → 2PbTe-3  gap=0.385 eV  best=0.020 eV  top50=11  top10%=15
Cycle  87: GP refit  (96 labelled)
  → 1HgSe-1  gap=0.423 eV  best=0.020 eV  top50=12  top10%=16
Cycle  88: GP refit  (97 labelled)
  → 2IIn-3  gap=2.347 eV  best=0.020 eV  top50=12  top10%=16
Cycle  89: GP refit  (98 labelled)
  → 1HgTe-1  gap=0.279 eV  best=0.020 eV  top50=13  top10%=17
Cycle  90: GP refit  (99 labelled)
  → 2HgNa2I4-1  gap=2.857 eV  best=0.020 eV  top50=13  top10%=17
Cycle  91: full DKL retrain  (100 labelled)
GP warmup: 20 epochs on initial embeddings
Joint DKL training: 50 epochs
  Epoch 20/50  loss=0.0742
  Epoch 40/50  loss=-0.3078
DKL training done in 0.3s
  → 1InSb-1  gap=0.945 eV  best=0.020 eV  top50=13  top10%=17
Cycle  92: GP refit  (101 labelled)
  → 2ClIn-5  gap=2.997 eV  best=0.020 eV  top50=13  top10%=17
Cycle  93: GP refit  (102 labelled)
  → 4HgSe-1  gap=0.937 eV  best=0.020 eV  top50=13  top10%=17
Cycle  94: GP refit  (103 labelled)
  → 2AuTe-3  gap=0.078 eV  best=0.020 eV  top50=14  top10%=18
Cycle  95: GP refit  (104 labelled)
  → 1PdSe2-2  gap=0.266 eV  best=0.020 eV  top50=15  top10%=19
Cycle  96: full DKL retrain  (105 labelled)
GP warmup: 20 epochs on initial embeddings
Joint DKL training: 50 epochs
  Epoch 20/50  loss=-0.2682
  Epoch 40/50  loss=-0.5668
DKL training done in 0.3s
  → 2HKTe-1  gap=3.400 eV  best=0.020 eV  top50=15  top10%=19
Cycle  97: GP refit  (106 labelled)
  → 1PbTe-1  gap=1.500 eV  best=0.020 eV  top50=15  top10%=19
Cycle  98: GP refit  (107 labelled)
  → 2IK-2  gap=4.784 eV  best=0.020 eV  top50=15  top10%=19
Cycle  99: GP refit  (108 labelled)
  → 2HKSe-1  gap=3.865 eV  best=0.020 eV  top50=15  top10%=19
Cycle 100: GP refit  (109 labelled)
  → 1BrCdI-1  gap=3.053 eV  best=0.020 eV  top50=15  top10%=19
  gap_min/seed4 → best=0.020 top50=15 top10%=19
BOLoop: 766 materials  |  direction=min  |  top-50 internal threshold=-0.68  top-10% internal threshold=-0.79
Init: 10 random labels  |  best (min) = 0.337
Cycle   1: full DKL retrain  (10 labelled)
GP warmup: 20 epochs on initial embeddings
/home/roy/Desktop/DKL-BO/venv/lib/python3.13/site-packages/torch/_compile.py:54: UserWarning: optimizer contains a parameter group with duplicate parameters; in future, this will cause an error; see github.com/pytorch/pytorch/issues/40967 for more information
  return disable_fn(*args, **kwargs)
Joint DKL training: 50 epochs
  Epoch 20/50  loss=1.3462
  Epoch 40/50  loss=1.2389
DKL training done in 0.3s
  → 1GaInTe2-1  gap=1.532 eV  best=0.337 eV  top50=0  top10%=0
Cycle   2: GP refit  (11 labelled)
  → 2IRhTe-2  gap=1.432 eV  best=0.337 eV  top50=0  top10%=0
Cycle   3: GP refit  (12 labelled)
  → 2AuTe-3  gap=0.078 eV  best=0.078 eV  top50=1  top10%=1
Cycle   4: GP refit  (13 labelled)
  → 2AgI-2  gap=2.922 eV  best=0.078 eV  top50=1  top10%=1
Cycle   5: GP refit  (14 labelled)
  → 2SeV-4  gap=0.788 eV  best=0.078 eV  top50=1  top10%=2
Cycle   6: full DKL retrain  (15 labelled)
GP warmup: 20 epochs on initial embeddings
Joint DKL training: 50 epochs
  Epoch 20/50  loss=1.2802
  Epoch 40/50  loss=0.2983
DKL training done in 0.3s
  → 2P2Se3-2  gap=2.700 eV  best=0.078 eV  top50=1  top10%=2
Cycle   7: GP refit  (16 labelled)
  → 2PbTe-3  gap=0.385 eV  best=0.078 eV  top50=2  top10%=3
Cycle   8: GP refit  (17 labelled)
  → 4HgTe-1  gap=0.899 eV  best=0.078 eV  top50=2  top10%=3
Cycle   9: GP refit  (18 labelled)
  → 1PdSe2-2  gap=0.266 eV  best=0.078 eV  top50=3  top10%=4
Cycle  10: GP refit  (19 labelled)
  → 2AuI-3  gap=1.592 eV  best=0.078 eV  top50=3  top10%=4
Cycle  11: full DKL retrain  (20 labelled)
GP warmup: 20 epochs on initial embeddings
Joint DKL training: 50 epochs
  Epoch 20/50  loss=0.2677
  Epoch 40/50  loss=-0.0816
DKL training done in 0.3s
  → 1BN-1  gap=5.675 eV  best=0.078 eV  top50=3  top10%=4
Cycle  12: GP refit  (21 labelled)
  → 2AuS-1  gap=2.010 eV  best=0.078 eV  top50=3  top10%=4
Cycle  13: GP refit  (22 labelled)
  → 2CuI-2  gap=3.552 eV  best=0.078 eV  top50=3  top10%=4
Cycle  14: GP refit  (23 labelled)
  → 2GaI-1  gap=2.399 eV  best=0.078 eV  top50=3  top10%=4
Cycle  15: GP refit  (24 labelled)
  → 2OsSe2-1  gap=1.389 eV  best=0.078 eV  top50=3  top10%=4
Cycle  16: full DKL retrain  (25 labelled)
GP warmup: 20 epochs on initial embeddings
Joint DKL training: 50 epochs
  Epoch 20/50  loss=1.0791
  Epoch 40/50  loss=0.5315
DKL training done in 0.3s
  → 2InS2-3  gap=1.242 eV  best=0.078 eV  top50=3  top10%=4
Cycle  17: GP refit  (26 labelled)
  → 1WAu2Te4-1  gap=0.792 eV  best=0.078 eV  top50=3  top10%=4
Cycle  18: GP refit  (27 labelled)
  → 1PbTe-1  gap=1.500 eV  best=0.078 eV  top50=3  top10%=4
Cycle  19: GP refit  (28 labelled)
  → 1YI2-1  gap=0.544 eV  best=0.078 eV  top50=4  top10%=5
Cycle  20: GP refit  (29 labelled)
  → 2SV-4  gap=0.642 eV  best=0.078 eV  top50=5  top10%=6
Cycle  21: full DKL retrain  (30 labelled)
GP warmup: 20 epochs on initial embeddings
Joint DKL training: 50 epochs
  Epoch 20/50  loss=1.8795
  Epoch 40/50  loss=0.6334
DKL training done in 0.3s
  → 1HgTe-1  gap=0.279 eV  best=0.078 eV  top50=6  top10%=7
Cycle  22: GP refit  (31 labelled)
  → 1AsIn-1  gap=1.234 eV  best=0.078 eV  top50=6  top10%=7
Cycle  23: GP refit  (32 labelled)
  → 2SeTl-2  gap=0.891 eV  best=0.078 eV  top50=6  top10%=7
Cycle  24: GP refit  (33 labelled)
  → 2HKTe-1  gap=3.400 eV  best=0.078 eV  top50=6  top10%=7
Cycle  25: GP refit  (34 labelled)
  → 1AlN-1  gap=4.048 eV  best=0.078 eV  top50=6  top10%=7
Cycle  26: full DKL retrain  (35 labelled)
GP warmup: 20 epochs on initial embeddings
Joint DKL training: 50 epochs
  Epoch 20/50  loss=4.1193
  Epoch 40/50  loss=0.5820
DKL training done in 0.3s
  → 1PbI2-2  gap=2.404 eV  best=0.078 eV  top50=6  top10%=7
Cycle  27: GP refit  (36 labelled)
  → 1TiI2-2  gap=0.828 eV  best=0.078 eV  top50=6  top10%=7
Cycle  28: GP refit  (37 labelled)
  → 2BaBi2S4-1  gap=2.313 eV  best=0.078 eV  top50=6  top10%=7
Cycle  29: GP refit  (38 labelled)
  → 2STl-2  gap=1.159 eV  best=0.078 eV  top50=6  top10%=7
Cycle  30: GP refit  (39 labelled)
  → 2IrSe-3  gap=0.822 eV  best=0.078 eV  top50=6  top10%=7
Cycle  31: full DKL retrain  (40 labelled)
GP warmup: 20 epochs on initial embeddings
Joint DKL training: 50 epochs
  Epoch 20/50  loss=2.7619
  Epoch 40/50  loss=0.7961
DKL training done in 0.3s
  → 1BaI2-2  gap=4.274 eV  best=0.078 eV  top50=6  top10%=7
Cycle  32: GP refit  (41 labelled)
  → 1PbSe2-1  gap=1.847 eV  best=0.078 eV  top50=6  top10%=7
Cycle  33: GP refit  (42 labelled)
  → 2AgS-1  gap=1.557 eV  best=0.078 eV  top50=6  top10%=7
Cycle  34: GP refit  (43 labelled)
  → 1SeHf2I5-1  gap=0.972 eV  best=0.078 eV  top50=6  top10%=7
Cycle  35: GP refit  (44 labelled)
  → 1AlISe-1  gap=2.186 eV  best=0.078 eV  top50=6  top10%=7
Cycle  36: full DKL retrain  (45 labelled)
GP warmup: 20 epochs on initial embeddings
Joint DKL training: 50 epochs
  Epoch 20/50  loss=1.2642
  Epoch 40/50  loss=0.8100
DKL training done in 0.3s
  → 1HgSe-1  gap=0.423 eV  best=0.078 eV  top50=7  top10%=8
Cycle  37: GP refit  (46 labelled)
  → 1BiBrTe-1  gap=1.159 eV  best=0.078 eV  top50=7  top10%=8
Cycle  38: GP refit  (47 labelled)
  → 1PbBr2-2  gap=3.248 eV  best=0.078 eV  top50=7  top10%=8
Cycle  39: GP refit  (48 labelled)
  → 1PbSe-1  gap=2.199 eV  best=0.078 eV  top50=7  top10%=8
Cycle  40: GP refit  (49 labelled)
  → 1BrITl2-1  gap=2.587 eV  best=0.078 eV  top50=7  top10%=8
Cycle  41: full DKL retrain  (50 labelled)
GP warmup: 20 epochs on initial embeddings
Joint DKL training: 50 epochs
  Epoch 20/50  loss=1.2581
  Epoch 40/50  loss=0.8348
DKL training done in 0.3s
  → 1BiBrS-2  gap=1.980 eV  best=0.078 eV  top50=7  top10%=8
Cycle  42: GP refit  (51 labelled)
  → 1BiIS-2  gap=1.178 eV  best=0.078 eV  top50=7  top10%=8
Cycle  43: GP refit  (52 labelled)
  → 2IMnSbSe2-2  gap=0.701 eV  best=0.078 eV  top50=7  top10%=9
Cycle  44: GP refit  (53 labelled)
  → 1BiITe-2  gap=0.995 eV  best=0.078 eV  top50=7  top10%=9
Cycle  45: GP refit  (54 labelled)
  → 1WCu2Te4-1  gap=1.488 eV  best=0.078 eV  top50=7  top10%=9
Cycle  46: full DKL retrain  (55 labelled)
GP warmup: 20 epochs on initial embeddings
Joint DKL training: 50 epochs
  Epoch 20/50  loss=0.8404
  Epoch 40/50  loss=0.4786
DKL training done in 0.3s
  → 2PbTe-1  gap=0.878 eV  best=0.078 eV  top50=7  top10%=9
Cycle  47: GP refit  (56 labelled)
  → 2PbSe-1  gap=1.312 eV  best=0.078 eV  top50=7  top10%=9
Cycle  48: GP refit  (57 labelled)
  → 1HgI2-4  gap=1.370 eV  best=0.078 eV  top50=7  top10%=9
Cycle  49: GP refit  (58 labelled)
  → 1HfTe2-2  gap=0.665 eV  best=0.078 eV  top50=8  top10%=10
Cycle  50: GP refit  (59 labelled)
  → 1AsBrTe-1  gap=1.839 eV  best=0.078 eV  top50=8  top10%=10
Cycle  51: full DKL retrain  (60 labelled)
GP warmup: 20 epochs on initial embeddings
Joint DKL training: 50 epochs
  Epoch 20/50  loss=0.7502
  Epoch 40/50  loss=0.5654
DKL training done in 0.3s
  → 2IRhS-2  gap=1.665 eV  best=0.078 eV  top50=8  top10%=10
Cycle  52: GP refit  (61 labelled)
  → 2AgTe-2  gap=0.242 eV  best=0.078 eV  top50=9  top10%=11
Cycle  53: GP refit  (62 labelled)
  → 4AuI2-1  gap=0.880 eV  best=0.078 eV  top50=9  top10%=11
Cycle  54: GP refit  (63 labelled)
  → 1ScI2-2  gap=0.573 eV  best=0.078 eV  top50=10  top10%=12
Cycle  55: GP refit  (64 labelled)
  → 1BiITe-1  gap=0.929 eV  best=0.078 eV  top50=10  top10%=12
Cycle  56: full DKL retrain  (65 labelled)
GP warmup: 20 epochs on initial embeddings
Joint DKL training: 50 epochs
  Epoch 20/50  loss=0.7775
  Epoch 40/50  loss=0.5171
DKL training done in 0.3s
  → 2BiO-1  gap=1.042 eV  best=0.078 eV  top50=10  top10%=12
Cycle  57: GP refit  (66 labelled)
  → 2HInTeS4-1  gap=2.900 eV  best=0.078 eV  top50=10  top10%=12
Cycle  58: GP refit  (67 labelled)
  → 1CdInTlS4-1  gap=1.127 eV  best=0.078 eV  top50=10  top10%=12
Cycle  59: GP refit  (68 labelled)
  → 2AgTe-3  gap=0.756 eV  best=0.078 eV  top50=10  top10%=13
Cycle  60: GP refit  (69 labelled)
  → 1MoS2-1  gap=2.087 eV  best=0.078 eV  top50=10  top10%=13
Cycle  61: full DKL retrain  (70 labelled)
GP warmup: 20 epochs on initial embeddings
Joint DKL training: 50 epochs
  Epoch 20/50  loss=0.0328
  Epoch 40/50  loss=-0.1107
DKL training done in 0.3s
  → 1IPd2Cl5-1  gap=1.393 eV  best=0.078 eV  top50=10  top10%=13
Cycle  62: GP refit  (71 labelled)
  → 2HgNa2I4-1  gap=2.857 eV  best=0.078 eV  top50=10  top10%=13
Cycle  63: GP refit  (72 labelled)
  → 2TiZrTe4-1  gap=0.744 eV  best=0.078 eV  top50=10  top10%=14
Cycle  64: GP refit  (73 labelled)
  → 2PdTeS3-1  gap=1.818 eV  best=0.078 eV  top50=10  top10%=14
Cycle  65: GP refit  (74 labelled)
  → 1AlAs-1  gap=2.028 eV  best=0.078 eV  top50=10  top10%=14
Cycle  66: full DKL retrain  (75 labelled)
GP warmup: 20 epochs on initial embeddings
Joint DKL training: 50 epochs
  Epoch 20/50  loss=0.8739
  Epoch 40/50  loss=0.5296
DKL training done in 0.3s
  → 1ISSb-2  gap=1.455 eV  best=0.078 eV  top50=10  top10%=14
Cycle  67: GP refit  (76 labelled)
  → 1BrIV-1  gap=3.500 eV  best=0.078 eV  top50=10  top10%=14
Cycle  68: GP refit  (77 labelled)
  → 1HfS2-2  gap=2.038 eV  best=0.078 eV  top50=10  top10%=14
Cycle  69: GP refit  (78 labelled)
  → 2AsITe-1  gap=0.417 eV  best=0.078 eV  top50=11  top10%=15
Cycle  70: GP refit  (79 labelled)
  → 2BiHgIO2-1  gap=2.659 eV  best=0.078 eV  top50=11  top10%=15
Cycle  71: full DKL retrain  (80 labelled)
GP warmup: 20 epochs on initial embeddings
Joint DKL training: 50 epochs
  Epoch 20/50  loss=0.9296
  Epoch 40/50  loss=0.6614
DKL training done in 0.3s
  → 1ISbTe-1  gap=1.322 eV  best=0.078 eV  top50=11  top10%=15
Cycle  72: GP refit  (81 labelled)
  → 2ITl-3  gap=2.762 eV  best=0.078 eV  top50=11  top10%=15
Cycle  73: GP refit  (82 labelled)
  → 1CdI2-3  gap=2.295 eV  best=0.078 eV  top50=11  top10%=15
Cycle  74: GP refit  (83 labelled)
  → 2IRhSe-1  gap=1.725 eV  best=0.078 eV  top50=11  top10%=15
Cycle  75: GP refit  (84 labelled)
  → 1HfI2-1  gap=1.022 eV  best=0.078 eV  top50=11  top10%=15
Cycle  76: full DKL retrain  (85 labelled)
GP warmup: 20 epochs on initial embeddings
Joint DKL training: 50 epochs
  Epoch 20/50  loss=0.9430
  Epoch 40/50  loss=0.5282
DKL training done in 0.3s
  → 1HfPdI6-1  gap=1.368 eV  best=0.078 eV  top50=11  top10%=15
Cycle  77: GP refit  (86 labelled)
  → 2IRb-1  gap=4.613 eV  best=0.078 eV  top50=11  top10%=15
Cycle  78: GP refit  (87 labelled)
  → 1ZnI2-3  gap=1.644 eV  best=0.078 eV  top50=11  top10%=15
Cycle  79: GP refit  (88 labelled)
  → 1HgS-1  gap=0.724 eV  best=0.078 eV  top50=11  top10%=16
Cycle  80: GP refit  (89 labelled)
  → 1FeI2-3  gap=0.020 eV  best=0.020 eV  top50=12  top10%=17
Cycle  81: full DKL retrain  (90 labelled)
GP warmup: 20 epochs on initial embeddings
Joint DKL training: 50 epochs
  Epoch 20/50  loss=0.1415
  Epoch 40/50  loss=-0.1834
DKL training done in 0.3s
  → 1CaI2-2  gap=4.063 eV  best=0.020 eV  top50=12  top10%=17
Cycle  82: GP refit  (91 labelled)
  → 1AuClCuI-1  gap=3.695 eV  best=0.020 eV  top50=12  top10%=17
Cycle  83: GP refit  (92 labelled)
  → 2AgF-3  gap=2.475 eV  best=0.020 eV  top50=12  top10%=17
Cycle  84: GP refit  (93 labelled)
  → 1TeTa3I7-1  gap=1.223 eV  best=0.020 eV  top50=12  top10%=17
Cycle  85: GP refit  (94 labelled)
  → 1SnI2-2  gap=2.504 eV  best=0.020 eV  top50=12  top10%=17
Cycle  86: full DKL retrain  (95 labelled)
GP warmup: 20 epochs on initial embeddings
Joint DKL training: 50 epochs
  Epoch 20/50  loss=1.0283
  Epoch 40/50  loss=0.6211
DKL training done in 0.3s
  → 2BrRb-2  gap=5.268 eV  best=0.020 eV  top50=12  top10%=17
Cycle  87: GP refit  (96 labelled)
  → 2PbS-3  gap=0.673 eV  best=0.020 eV  top50=13  top10%=18
Cycle  88: GP refit  (97 labelled)
  → 2ClIn-5  gap=2.997 eV  best=0.020 eV  top50=13  top10%=18
Cycle  89: GP refit  (98 labelled)
  → 2CoBi2I2O3-1  gap=2.811 eV  best=0.020 eV  top50=13  top10%=18
Cycle  90: GP refit  (99 labelled)
  → 1InSb-1  gap=0.945 eV  best=0.020 eV  top50=13  top10%=18
Cycle  91: full DKL retrain  (100 labelled)
GP warmup: 20 epochs on initial embeddings
Joint DKL training: 50 epochs
  Epoch 20/50  loss=0.1990
  Epoch 40/50  loss=-0.0839
DKL training done in 0.3s
  → 2ZrI2-1  gap=0.889 eV  best=0.020 eV  top50=13  top10%=18
Cycle  92: GP refit  (101 labelled)
  → 4IOSc-1  gap=3.350 eV  best=0.020 eV  top50=13  top10%=18
Cycle  93: GP refit  (102 labelled)
  → 2NbOI2-1  gap=1.845 eV  best=0.020 eV  top50=13  top10%=18
Cycle  94: GP refit  (103 labelled)
  → 1ClIGe2O3-1  gap=1.946 eV  best=0.020 eV  top50=13  top10%=18
Cycle  95: GP refit  (104 labelled)
  → 2CoI2Sb2O3-1  gap=3.324 eV  best=0.020 eV  top50=13  top10%=18
Cycle  96: full DKL retrain  (105 labelled)
GP warmup: 20 epochs on initial embeddings
Joint DKL training: 50 epochs
  Epoch 20/50  loss=0.5024
  Epoch 40/50  loss=0.0752
DKL training done in 0.3s
  → 1ClIY-1  gap=0.773 eV  best=0.020 eV  top50=13  top10%=19
Cycle  97: GP refit  (106 labelled)
  → 2SbTlO3-1  gap=4.173 eV  best=0.020 eV  top50=13  top10%=19
Cycle  98: GP refit  (107 labelled)
  → 2BiCdIO2-1  gap=2.598 eV  best=0.020 eV  top50=13  top10%=19
Cycle  99: GP refit  (108 labelled)
  → 2ScTe-4  gap=0.718 eV  best=0.020 eV  top50=13  top10%=20
Cycle 100: GP refit  (109 labelled)
  → 1SeTeZr-2  gap=0.783 eV  best=0.020 eV  top50=13  top10%=21
  gap_min/seed5 → best=0.020 top50=13 top10%=21
BOLoop: 766 materials  |  direction=min  |  top-50 internal threshold=-0.68  top-10% internal threshold=-0.79
Init: 10 random labels  |  best (min) = 0.279
Cycle   1: full DKL retrain  (10 labelled)
GP warmup: 20 epochs on initial embeddings
/home/roy/Desktop/DKL-BO/venv/lib/python3.13/site-packages/torch/_compile.py:54: UserWarning: optimizer contains a parameter group with duplicate parameters; in future, this will cause an error; see github.com/pytorch/pytorch/issues/40967 for more information
  return disable_fn(*args, **kwargs)
Joint DKL training: 50 epochs
  Epoch 20/50  loss=1.8524
  Epoch 40/50  loss=1.7430
DKL training done in 0.3s
  → 1Br2Se2Pb3-1  gap=1.452 eV  best=0.279 eV  top50=0  top10%=0
Cycle   2: GP refit  (11 labelled)
  → 1WAg2Te4-1  gap=1.318 eV  best=0.279 eV  top50=0  top10%=0
Cycle   3: GP refit  (12 labelled)
  → 1AsIn-1  gap=1.234 eV  best=0.279 eV  top50=0  top10%=0
Cycle   4: GP refit  (13 labelled)
  → 2IrSe-3  gap=0.822 eV  best=0.279 eV  top50=0  top10%=0
Cycle   5: GP refit  (14 labelled)
  → 1PbS2-1  gap=2.299 eV  best=0.279 eV  top50=0  top10%=0
Cycle   6: full DKL retrain  (15 labelled)
GP warmup: 20 epochs on initial embeddings
Joint DKL training: 50 epochs
  Epoch 20/50  loss=1.1270
  Epoch 40/50  loss=1.0207
DKL training done in 0.3s
  → 1PbSe2-1  gap=1.847 eV  best=0.279 eV  top50=0  top10%=0
Cycle   7: GP refit  (16 labelled)
  → 2ClK-2  gap=6.136 eV  best=0.279 eV  top50=0  top10%=0
Cycle   8: GP refit  (17 labelled)
  → 2TeV-4  gap=0.774 eV  best=0.279 eV  top50=0  top10%=1
Cycle   9: GP refit  (18 labelled)
  → 2RuTe2-1  gap=1.071 eV  best=0.279 eV  top50=0  top10%=1
Cycle  10: GP refit  (19 labelled)
  → 2SeV-4  gap=0.788 eV  best=0.279 eV  top50=0  top10%=2
Cycle  11: full DKL retrain  (20 labelled)
GP warmup: 20 epochs on initial embeddings
Joint DKL training: 50 epochs
  Epoch 20/50  loss=1.2540
  Epoch 40/50  loss=1.1535
DKL training done in 0.3s
  → 2FeTe2-1  gap=0.581 eV  best=0.279 eV  top50=1  top10%=3
Cycle  12: GP refit  (21 labelled)
  → 2TeTl-2  gap=0.681 eV  best=0.279 eV  top50=1  top10%=4
Cycle  13: GP refit  (22 labelled)
  → 2AuTe-3  gap=0.078 eV  best=0.078 eV  top50=2  top10%=5
Cycle  14: GP refit  (23 labelled)
  → 1MoCu2Te4-1  gap=1.230 eV  best=0.078 eV  top50=2  top10%=5
Cycle  15: GP refit  (24 labelled)
  → 1VTe2-1  gap=0.854 eV  best=0.078 eV  top50=2  top10%=5
Cycle  16: full DKL retrain  (25 labelled)
GP warmup: 20 epochs on initial embeddings
Joint DKL training: 50 epochs
  Epoch 20/50  loss=0.8586
  Epoch 40/50  loss=0.5765
DKL training done in 0.3s
  → 2AuI-3  gap=1.592 eV  best=0.078 eV  top50=2  top10%=5
Cycle  17: GP refit  (26 labelled)
  → 4HgTe-1  gap=0.899 eV  best=0.078 eV  top50=2  top10%=5
Cycle  18: GP refit  (27 labelled)
  → 1PbTe-1  gap=1.500 eV  best=0.078 eV  top50=2  top10%=5
Cycle  19: GP refit  (28 labelled)
  → 2InTe-1  gap=1.812 eV  best=0.078 eV  top50=2  top10%=5
Cycle  20: GP refit  (29 labelled)
  → 2OsTe2-1  gap=1.379 eV  best=0.078 eV  top50=2  top10%=5
Cycle  21: full DKL retrain  (30 labelled)
GP warmup: 20 epochs on initial embeddings
Joint DKL training: 50 epochs
  Epoch 20/50  loss=0.8235
  Epoch 40/50  loss=0.6982
DKL training done in 0.3s
  → 2SV-4  gap=0.642 eV  best=0.078 eV  top50=3  top10%=6
Cycle  22: GP refit  (31 labelled)
  → 2IrS-3  gap=0.713 eV  best=0.078 eV  top50=3  top10%=7
Cycle  23: GP refit  (32 labelled)
  → 2BrIrTe-2  gap=1.869 eV  best=0.078 eV  top50=3  top10%=7
Cycle  24: GP refit  (33 labelled)
  → 1FeBr2-3  gap=0.145 eV  best=0.078 eV  top50=4  top10%=8
Cycle  25: GP refit  (34 labelled)
  → 2RuS2-1  gap=1.583 eV  best=0.078 eV  top50=4  top10%=8
Cycle  26: full DKL retrain  (35 labelled)
GP warmup: 20 epochs on initial embeddings
Joint DKL training: 50 epochs
  Epoch 20/50  loss=0.7530
  Epoch 40/50  loss=0.6434
DKL training done in 0.3s
  → 2BrTl-3  gap=3.214 eV  best=0.078 eV  top50=4  top10%=8
Cycle  27: GP refit  (36 labelled)
  → 2TeTi-4  gap=0.440 eV  best=0.078 eV  top50=5  top10%=9
Cycle  28: GP refit  (37 labelled)
  → 1HgBr2-4  gap=2.459 eV  best=0.078 eV  top50=5  top10%=9
Cycle  29: GP refit  (38 labelled)
  → 4HgSe-1  gap=0.937 eV  best=0.078 eV  top50=5  top10%=9
Cycle  30: GP refit  (39 labelled)
  → 1HgSe-1  gap=0.423 eV  best=0.078 eV  top50=6  top10%=10
Cycle  31: full DKL retrain  (40 labelled)
GP warmup: 20 epochs on initial embeddings
Joint DKL training: 50 epochs
  Epoch 20/50  loss=0.8382
  Epoch 40/50  loss=0.6266
DKL training done in 0.3s
  → 2FeS2-1  gap=1.331 eV  best=0.078 eV  top50=6  top10%=10
Cycle  32: GP refit  (41 labelled)
  → 1TiCl2-1  gap=1.395 eV  best=0.078 eV  top50=6  top10%=10
Cycle  33: GP refit  (42 labelled)
  → 1HfCl2-1  gap=1.471 eV  best=0.078 eV  top50=6  top10%=10
Cycle  34: GP refit  (43 labelled)
  → 1FeHfCl6-1  gap=3.810 eV  best=0.078 eV  top50=6  top10%=10
Cycle  35: GP refit  (44 labelled)
  → 1HfTe2-2  gap=0.665 eV  best=0.078 eV  top50=7  top10%=11
Cycle  36: full DKL retrain  (45 labelled)
GP warmup: 20 epochs on initial embeddings
Joint DKL training: 50 epochs
  Epoch 20/50  loss=0.8618
  Epoch 40/50  loss=0.6181
DKL training done in 0.3s
  → 1MnNbSe4-1  gap=0.598 eV  best=0.078 eV  top50=8  top10%=12
Cycle  37: GP refit  (46 labelled)
  → 1FeCl2-3  gap=0.071 eV  best=0.071 eV  top50=9  top10%=13
Cycle  38: GP refit  (47 labelled)
  → 1PtSeMn2S5-1  gap=1.467 eV  best=0.071 eV  top50=9  top10%=13
Cycle  39: GP refit  (48 labelled)
  → 2AgTe-3  gap=0.756 eV  best=0.071 eV  top50=9  top10%=14
Cycle  40: GP refit  (49 labelled)
  → 1STeTi-2  gap=0.531 eV  best=0.071 eV  top50=10  top10%=15
Cycle  41: full DKL retrain  (50 labelled)
GP warmup: 20 epochs on initial embeddings
Joint DKL training: 50 epochs
  Epoch 20/50  loss=0.4856
  Epoch 40/50  loss=0.2637
DKL training done in 0.3s
  → 1FeI2-3  gap=0.020 eV  best=0.020 eV  top50=11  top10%=16
Cycle  42: GP refit  (51 labelled)
  → 1TiSe2-2  gap=1.460 eV  best=0.020 eV  top50=11  top10%=16
Cycle  43: GP refit  (52 labelled)
  → 2AuSe-1  gap=1.561 eV  best=0.020 eV  top50=11  top10%=16
Cycle  44: GP refit  (53 labelled)
  → 1SeTeV-1  gap=0.831 eV  best=0.020 eV  top50=11  top10%=16
Cycle  45: GP refit  (54 labelled)
  → 1HfTi3Se8-1  gap=1.544 eV  best=0.020 eV  top50=11  top10%=16
Cycle  46: full DKL retrain  (55 labelled)
GP warmup: 20 epochs on initial embeddings
Joint DKL training: 50 epochs
  Epoch 20/50  loss=0.2452
  Epoch 40/50  loss=0.0640
DKL training done in 0.3s
  → 2AgTe-2  gap=0.242 eV  best=0.020 eV  top50=12  top10%=17
Cycle  47: GP refit  (56 labelled)
  → 1HgS-1  gap=0.724 eV  best=0.020 eV  top50=12  top10%=18
Cycle  48: GP refit  (57 labelled)
  → 1HfSTe-2  gap=0.481 eV  best=0.020 eV  top50=13  top10%=19
Cycle  49: GP refit  (58 labelled)
  → 2HfTiTe4-1  gap=0.692 eV  best=0.020 eV  top50=13  top10%=20
Cycle  50: GP refit  (59 labelled)
  → 1HfS2-2  gap=2.038 eV  best=0.020 eV  top50=13  top10%=20
Cycle  51: full DKL retrain  (60 labelled)
GP warmup: 20 epochs on initial embeddings
Joint DKL training: 50 epochs
  Epoch 20/50  loss=0.0441
  Epoch 40/50  loss=-0.3202
DKL training done in 0.3s
  → 2OPb-1  gap=3.463 eV  best=0.020 eV  top50=13  top10%=20
Cycle  52: GP refit  (61 labelled)
  → 1TiHf3Te8-1  gap=0.688 eV  best=0.020 eV  top50=13  top10%=21
Cycle  53: GP refit  (62 labelled)
  → 1MoTe2-1  gap=1.370 eV  best=0.020 eV  top50=13  top10%=21
Cycle  54: GP refit  (63 labelled)
  → 1BrTeTi-1  gap=0.763 eV  best=0.020 eV  top50=13  top10%=22
Cycle  55: GP refit  (64 labelled)
  → 2OPb-3  gap=1.090 eV  best=0.020 eV  top50=13  top10%=22
Cycle  56: full DKL retrain  (65 labelled)
GP warmup: 20 epochs on initial embeddings
Joint DKL training: 50 epochs
  Epoch 20/50  loss=0.2704
  Epoch 40/50  loss=0.0620
DKL training done in 0.3s
  → 2AgF-3  gap=2.475 eV  best=0.020 eV  top50=13  top10%=22
Cycle  57: GP refit  (66 labelled)
  → 1HfSeTe-2  gap=0.637 eV  best=0.020 eV  top50=14  top10%=23
Cycle  58: GP refit  (67 labelled)
  → 2CuSe-4  gap=1.116 eV  best=0.020 eV  top50=14  top10%=23
Cycle  59: GP refit  (68 labelled)
  → 2CuF-2  gap=0.477 eV  best=0.020 eV  top50=15  top10%=24
Cycle  60: GP refit  (69 labelled)
  → 2CuI-2  gap=3.552 eV  best=0.020 eV  top50=15  top10%=24
Cycle  61: full DKL retrain  (70 labelled)
GP warmup: 20 epochs on initial embeddings
Joint DKL training: 50 epochs
  Epoch 20/50  loss=0.4152
  Epoch 40/50  loss=0.1969
DKL training done in 0.4s
  → 1SeTeTi-2  gap=0.600 eV  best=0.020 eV  top50=16  top10%=25
Cycle  62: GP refit  (71 labelled)
  → 2PbTe-3  gap=0.385 eV  best=0.020 eV  top50=17  top10%=26
Cycle  63: GP refit  (72 labelled)
  → 1ZrHf3Te8-1  gap=0.690 eV  best=0.020 eV  top50=17  top10%=27
Cycle  64: GP refit  (73 labelled)
  → 2ScTe-4  gap=0.718 eV  best=0.020 eV  top50=17  top10%=28
Cycle  65: GP refit  (74 labelled)
  → 1ZrTi3Te8-1  gap=0.722 eV  best=0.020 eV  top50=17  top10%=29
Cycle  66: full DKL retrain  (75 labelled)
GP warmup: 20 epochs on initial embeddings
Joint DKL training: 50 epochs
  Epoch 20/50  loss=-0.0277
  Epoch 40/50  loss=-0.3185
DKL training done in 0.3s
  → 2HfZrTe4-1  gap=0.717 eV  best=0.020 eV  top50=17  top10%=30
Cycle  67: GP refit  (76 labelled)
  → 2TiZrTe4-1  gap=0.744 eV  best=0.020 eV  top50=17  top10%=31
Cycle  68: GP refit  (77 labelled)
  → 1InP-1  gap=1.774 eV  best=0.020 eV  top50=17  top10%=31
Cycle  69: GP refit  (78 labelled)
  → 2FeSe2-1  gap=1.053 eV  best=0.020 eV  top50=17  top10%=31
Cycle  70: GP refit  (79 labelled)
  → 1MoAu2Te4-1  gap=0.677 eV  best=0.020 eV  top50=18  top10%=32
Cycle  71: full DKL retrain  (80 labelled)
GP warmup: 20 epochs on initial embeddings
Joint DKL training: 50 epochs
  Epoch 20/50  loss=-0.2905
  Epoch 40/50  loss=-0.5422
DKL training done in 0.3s
  → 2OPt-3  gap=1.460 eV  best=0.020 eV  top50=18  top10%=32
Cycle  72: GP refit  (81 labelled)
  → 1WAu2Te4-1  gap=0.792 eV  best=0.020 eV  top50=18  top10%=32
Cycle  73: GP refit  (82 labelled)
  → 1BrCuGeTe-1  gap=1.540 eV  best=0.020 eV  top50=18  top10%=32
Cycle  74: GP refit  (83 labelled)
  → 2CrNbTe5-1  gap=0.029 eV  best=0.020 eV  top50=19  top10%=33
Cycle  75: GP refit  (84 labelled)
  → 1HfZr3Te8-1  gap=0.766 eV  best=0.020 eV  top50=19  top10%=34
Cycle  76: full DKL retrain  (85 labelled)
GP warmup: 20 epochs on initial embeddings
Joint DKL training: 50 epochs
  Epoch 20/50  loss=-0.0582
  Epoch 40/50  loss=-0.3236
DKL training done in 0.3s
  → 2CKO3-1  gap=2.692 eV  best=0.020 eV  top50=19  top10%=34
Cycle  77: GP refit  (86 labelled)
  → 1ZrTe2-2  gap=0.836 eV  best=0.020 eV  top50=19  top10%=34
Cycle  78: GP refit  (87 labelled)
  → 1CrTe2-2  gap=0.869 eV  best=0.020 eV  top50=19  top10%=34
Cycle  79: GP refit  (88 labelled)
  → 1TiZr3Te8-1  gap=0.793 eV  best=0.020 eV  top50=19  top10%=34
Cycle  80: GP refit  (89 labelled)
  → 1AgCrP2Te6-1  gap=1.137 eV  best=0.020 eV  top50=19  top10%=34
Cycle  81: full DKL retrain  (90 labelled)
GP warmup: 20 epochs on initial embeddings
Joint DKL training: 50 epochs
  Epoch 20/50  loss=-0.4273
  Epoch 40/50  loss=-0.8460
DKL training done in 0.4s
  → 1PdPt3O8-1  gap=2.448 eV  best=0.020 eV  top50=19  top10%=34
Cycle  82: GP refit  (91 labelled)
  → 1AgCrP2Se6-1  gap=1.789 eV  best=0.020 eV  top50=19  top10%=34
Cycle  83: GP refit  (92 labelled)
  → 4AsPdTe-1  gap=0.967 eV  best=0.020 eV  top50=19  top10%=34
Cycle  84: GP refit  (93 labelled)
  → 1WCr3Te8-1  gap=0.841 eV  best=0.020 eV  top50=19  top10%=34
Cycle  85: GP refit  (94 labelled)
  → 2TeZr-4  gap=0.652 eV  best=0.020 eV  top50=20  top10%=35
Cycle  86: full DKL retrain  (95 labelled)
GP warmup: 20 epochs on initial embeddings
Joint DKL training: 50 epochs
  Epoch 20/50  loss=-0.4588
  Epoch 40/50  loss=-0.7234
DKL training done in 0.3s
  → 1CoLiP2S6-1  gap=2.395 eV  best=0.020 eV  top50=20  top10%=35
Cycle  87: GP refit  (96 labelled)
  → 1GeO-1  gap=2.811 eV  best=0.020 eV  top50=20  top10%=35
Cycle  88: GP refit  (97 labelled)
  → 1STeZr-2  gap=0.672 eV  best=0.020 eV  top50=21  top10%=36
Cycle  89: GP refit  (98 labelled)
  → 1SeTeZr-2  gap=0.783 eV  best=0.020 eV  top50=21  top10%=37
Cycle  90: GP refit  (99 labelled)
  → 2CrWTe4-1  gap=0.876 eV  best=0.020 eV  top50=21  top10%=37
Cycle  91: full DKL retrain  (100 labelled)
GP warmup: 20 epochs on initial embeddings
Joint DKL training: 50 epochs
  Epoch 20/50  loss=-0.3663
  Epoch 40/50  loss=-0.6267
DKL training done in 0.3s
  → 1AgAlP2S6-1  gap=3.132 eV  best=0.020 eV  top50=21  top10%=37
Cycle  92: GP refit  (101 labelled)
  → 1OSn-1  gap=2.218 eV  best=0.020 eV  top50=21  top10%=37
Cycle  93: GP refit  (102 labelled)
  → 2ClCsO3-1  gap=6.616 eV  best=0.020 eV  top50=21  top10%=37
Cycle  94: GP refit  (103 labelled)
  → 2HNaTe-1  gap=3.492 eV  best=0.020 eV  top50=21  top10%=37
Cycle  95: GP refit  (104 labelled)
  → 2IrNbTe4-1  gap=0.033 eV  best=0.020 eV  top50=22  top10%=38
Cycle  96: full DKL retrain  (105 labelled)
GP warmup: 20 epochs on initial embeddings
Joint DKL training: 50 epochs
  Epoch 20/50  loss=-0.3256
  Epoch 40/50  loss=-0.5767
DKL training done in 0.3s
  → 2BiO-1  gap=1.042 eV  best=0.020 eV  top50=22  top10%=38
Cycle  97: GP refit  (106 labelled)
  → 2OSc-1  gap=1.194 eV  best=0.020 eV  top50=22  top10%=38
Cycle  98: GP refit  (107 labelled)
  → 1PtSeTe-1  gap=1.092 eV  best=0.020 eV  top50=22  top10%=38
Cycle  99: GP refit  (108 labelled)
  → 1IRhSe-1  gap=1.425 eV  best=0.020 eV  top50=22  top10%=38
Cycle 100: GP refit  (109 labelled)
  → 4PPtS-1  gap=2.654 eV  best=0.020 eV  top50=22  top10%=38
  gap_min/seed6 → best=0.020 top50=22 top10%=38
BOLoop: 766 materials  |  direction=min  |  top-50 internal threshold=-0.68  top-10% internal threshold=-0.79
Init: 10 random labels  |  best (min) = 0.078
Cycle   1: full DKL retrain  (10 labelled)
GP warmup: 20 epochs on initial embeddings
/home/roy/Desktop/DKL-BO/venv/lib/python3.13/site-packages/torch/_compile.py:54: UserWarning: optimizer contains a parameter group with duplicate parameters; in future, this will cause an error; see github.com/pytorch/pytorch/issues/40967 for more information
  return disable_fn(*args, **kwargs)
Joint DKL training: 50 epochs
  Epoch 20/50  loss=1.7602
  Epoch 40/50  loss=1.6790
DKL training done in 0.3s
  → 1WAu2Te4-1  gap=0.792 eV  best=0.078 eV  top50=0  top10%=0
Cycle   2: GP refit  (11 labelled)
  → 2ITl-3  gap=2.762 eV  best=0.078 eV  top50=0  top10%=0
Cycle   3: GP refit  (12 labelled)
  → 2OsTe2-1  gap=1.379 eV  best=0.078 eV  top50=0  top10%=0
Cycle   4: GP refit  (13 labelled)
  → 2AgTe-3  gap=0.756 eV  best=0.078 eV  top50=0  top10%=1
Cycle   5: GP refit  (14 labelled)
  → 2AgI-2  gap=2.922 eV  best=0.078 eV  top50=0  top10%=1
Cycle   6: full DKL retrain  (15 labelled)
GP warmup: 20 epochs on initial embeddings
Joint DKL training: 50 epochs
  Epoch 20/50  loss=0.6522
  Epoch 40/50  loss=0.2348
DKL training done in 0.3s
  → 2TeTl-2  gap=0.681 eV  best=0.078 eV  top50=0  top10%=2
Cycle   7: GP refit  (16 labelled)
  → 1SnTe-1  gap=2.089 eV  best=0.078 eV  top50=0  top10%=2
Cycle   8: GP refit  (17 labelled)
  → 2AuBr-2  gap=1.222 eV  best=0.078 eV  top50=0  top10%=2
Cycle   9: GP refit  (18 labelled)
  → 2HNaTe-1  gap=3.492 eV  best=0.078 eV  top50=0  top10%=2
Cycle  10: GP refit  (19 labelled)
  → 2AgTe-2  gap=0.242 eV  best=0.078 eV  top50=1  top10%=3
Cycle  11: full DKL retrain  (20 labelled)
GP warmup: 20 epochs on initial embeddings
Joint DKL training: 50 epochs
  Epoch 20/50  loss=1.1200
  Epoch 40/50  loss=0.2896
DKL training done in 0.3s
  → 2TeV-4  gap=0.774 eV  best=0.078 eV  top50=1  top10%=4
Cycle  12: GP refit  (21 labelled)
  → 1BrITl2-1  gap=2.587 eV  best=0.078 eV  top50=1  top10%=4
Cycle  13: GP refit  (22 labelled)
  → 2AuSe-1  gap=1.561 eV  best=0.078 eV  top50=1  top10%=4
Cycle  14: GP refit  (23 labelled)
  → 1CrSe2-1  gap=1.128 eV  best=0.078 eV  top50=1  top10%=4
Cycle  15: GP refit  (24 labelled)
  → 1TiF2-1  gap=2.096 eV  best=0.078 eV  top50=1  top10%=4
Cycle  16: full DKL retrain  (25 labelled)
GP warmup: 20 epochs on initial embeddings
Joint DKL training: 50 epochs
  Epoch 20/50  loss=2.0468
  Epoch 40/50  loss=0.5613
DKL training done in 0.3s
  → 2FeTe2-1  gap=0.581 eV  best=0.078 eV  top50=2  top10%=5
Cycle  17: GP refit  (26 labelled)
  → 1BrCoTe-1  gap=1.810 eV  best=0.078 eV  top50=2  top10%=5
Cycle  18: GP refit  (27 labelled)
  → 2BiIn-1  gap=0.138 eV  best=0.078 eV  top50=3  top10%=6
Cycle  19: GP refit  (28 labelled)
  → 2AgBr-3  gap=3.092 eV  best=0.078 eV  top50=3  top10%=6
Cycle  20: GP refit  (29 labelled)
  → 2PbS-3  gap=0.673 eV  best=0.078 eV  top50=4  top10%=7
Cycle  21: full DKL retrain  (30 labelled)
GP warmup: 20 epochs on initial embeddings
Joint DKL training: 50 epochs
  Epoch 20/50  loss=10.1433
  Epoch 40/50  loss=1.4062
DKL training done in 0.3s
  → 1VTe2-1  gap=0.854 eV  best=0.078 eV  top50=4  top10%=7
Cycle  22: GP refit  (31 labelled)
  → 2PbTe-3  gap=0.385 eV  best=0.078 eV  top50=5  top10%=8
Cycle  23: GP refit  (32 labelled)
  → 1WAg2Te4-1  gap=1.318 eV  best=0.078 eV  top50=5  top10%=8
Cycle  24: GP refit  (33 labelled)
  → 2PbTe-1  gap=0.878 eV  best=0.078 eV  top50=5  top10%=8
Cycle  25: GP refit  (34 labelled)
  → 2BiHgIO2-1  gap=2.659 eV  best=0.078 eV  top50=5  top10%=8
Cycle  26: full DKL retrain  (35 labelled)
GP warmup: 20 epochs on initial embeddings
Joint DKL training: 50 epochs
  Epoch 20/50  loss=2.0715
  Epoch 40/50  loss=0.5288
DKL training done in 0.3s
  → 4AsPdTe-1  gap=0.967 eV  best=0.078 eV  top50=5  top10%=8
Cycle  27: GP refit  (36 labelled)
  → 2FeS2-1  gap=1.331 eV  best=0.078 eV  top50=5  top10%=8
Cycle  28: GP refit  (37 labelled)
  → 2OsSe2-1  gap=1.389 eV  best=0.078 eV  top50=5  top10%=8
Cycle  29: GP refit  (38 labelled)
  → 2FeSe2-1  gap=1.053 eV  best=0.078 eV  top50=5  top10%=8
Cycle  30: GP refit  (39 labelled)
  → 1WS2-1  gap=2.055 eV  best=0.078 eV  top50=5  top10%=8
Cycle  31: full DKL retrain  (40 labelled)
GP warmup: 20 epochs on initial embeddings
Joint DKL training: 50 epochs
  Epoch 20/50  loss=2.2484
  Epoch 40/50  loss=-0.0372
DKL training done in 0.3s
  → 2AuI-3  gap=1.592 eV  best=0.078 eV  top50=5  top10%=8
Cycle  32: GP refit  (41 labelled)
  → 2STl-2  gap=1.159 eV  best=0.078 eV  top50=5  top10%=8
Cycle  33: GP refit  (42 labelled)
  → 1TiI2-2  gap=0.828 eV  best=0.078 eV  top50=5  top10%=8
Cycle  34: GP refit  (43 labelled)
  → 2IIrSe-2  gap=1.857 eV  best=0.078 eV  top50=5  top10%=8
Cycle  35: GP refit  (44 labelled)
  → 1HfTe2-2  gap=0.665 eV  best=0.078 eV  top50=6  top10%=9
Cycle  36: full DKL retrain  (45 labelled)
GP warmup: 20 epochs on initial embeddings
Joint DKL training: 50 epochs
  Epoch 20/50  loss=3.3801
  Epoch 40/50  loss=0.7859
DKL training done in 0.3s
  → 1ClITi-1  gap=1.187 eV  best=0.078 eV  top50=6  top10%=9
Cycle  37: GP refit  (46 labelled)
  → 2SNi2Se3-1  gap=0.440 eV  best=0.078 eV  top50=7  top10%=10
Cycle  38: GP refit  (47 labelled)
  → 1ScI2-2  gap=0.573 eV  best=0.078 eV  top50=8  top10%=11
Cycle  39: GP refit  (48 labelled)
  → 1ZrI2-1  gap=1.038 eV  best=0.078 eV  top50=8  top10%=11
Cycle  40: GP refit  (49 labelled)
  → 1HgI2-4  gap=1.370 eV  best=0.078 eV  top50=8  top10%=11
Cycle  41: full DKL retrain  (50 labelled)
GP warmup: 20 epochs on initial embeddings
Joint DKL training: 50 epochs
  Epoch 20/50  loss=1.4059
  Epoch 40/50  loss=0.3424
DKL training done in 0.3s
  → 2AuS-1  gap=2.010 eV  best=0.078 eV  top50=8  top10%=11
Cycle  42: GP refit  (51 labelled)
  → 2InTe-1  gap=1.812 eV  best=0.078 eV  top50=8  top10%=11
Cycle  43: GP refit  (52 labelled)
  → 2SeTl-2  gap=0.891 eV  best=0.078 eV  top50=8  top10%=11
Cycle  44: GP refit  (53 labelled)
  → 2AgF-3  gap=2.475 eV  best=0.078 eV  top50=8  top10%=11
Cycle  45: GP refit  (54 labelled)
  → 1YI2-1  gap=0.544 eV  best=0.078 eV  top50=9  top10%=12
Cycle  46: full DKL retrain  (55 labelled)
GP warmup: 20 epochs on initial embeddings
Joint DKL training: 50 epochs
  Epoch 20/50  loss=1.2954
  Epoch 40/50  loss=0.6390
DKL training done in 0.3s
  → 2BrCs-2  gap=5.145 eV  best=0.078 eV  top50=9  top10%=12
Cycle  47: GP refit  (56 labelled)
  → 1PbSe-1  gap=2.199 eV  best=0.078 eV  top50=9  top10%=12
Cycle  48: GP refit  (57 labelled)
  → 1HgTe-1  gap=0.279 eV  best=0.078 eV  top50=10  top10%=13
Cycle  49: GP refit  (58 labelled)
  → 1PbTe-1  gap=1.500 eV  best=0.078 eV  top50=10  top10%=13
Cycle  50: GP refit  (59 labelled)
  → 1InSb-1  gap=0.945 eV  best=0.078 eV  top50=10  top10%=13
Cycle  51: full DKL retrain  (60 labelled)
GP warmup: 20 epochs on initial embeddings
Joint DKL training: 50 epochs
  Epoch 20/50  loss=0.6233
  Epoch 40/50  loss=0.4843
DKL training done in 0.3s
  → 1PbSe2-1  gap=1.847 eV  best=0.078 eV  top50=10  top10%=13
Cycle  52: GP refit  (61 labelled)
  → 1SnI2-2  gap=2.504 eV  best=0.078 eV  top50=10  top10%=13
Cycle  53: GP refit  (62 labelled)
  → 1FeZrI6-1  gap=2.598 eV  best=0.078 eV  top50=10  top10%=13
Cycle  54: GP refit  (63 labelled)
  → 1PbI2-2  gap=2.404 eV  best=0.078 eV  top50=10  top10%=13
Cycle  55: GP refit  (64 labelled)
  → 2ClIn-5  gap=2.997 eV  best=0.078 eV  top50=10  top10%=13
Cycle  56: full DKL retrain  (65 labelled)
GP warmup: 20 epochs on initial embeddings
Joint DKL training: 50 epochs
  Epoch 20/50  loss=0.5163
  Epoch 40/50  loss=0.0901
DKL training done in 0.3s
  → 1InP-1  gap=1.774 eV  best=0.078 eV  top50=10  top10%=13
Cycle  57: GP refit  (66 labelled)
  → 1BaBr2-2  gap=5.328 eV  best=0.078 eV  top50=10  top10%=13
Cycle  58: GP refit  (67 labelled)
  → 2HKTe-1  gap=3.400 eV  best=0.078 eV  top50=10  top10%=13
Cycle  59: GP refit  (68 labelled)
  → 2AlTe-1  gap=2.363 eV  best=0.078 eV  top50=10  top10%=13
Cycle  60: GP refit  (69 labelled)
  → 2IK-2  gap=4.784 eV  best=0.078 eV  top50=10  top10%=13
Cycle  61: full DKL retrain  (70 labelled)
GP warmup: 20 epochs on initial embeddings
Joint DKL training: 50 epochs
  Epoch 20/50  loss=0.3570
  Epoch 40/50  loss=0.0240
DKL training done in 0.3s
  → 1YBr2-1  gap=0.901 eV  best=0.078 eV  top50=10  top10%=13
Cycle  62: GP refit  (71 labelled)
  → 1ISY-1  gap=3.985 eV  best=0.078 eV  top50=10  top10%=13
Cycle  63: GP refit  (72 labelled)
  → 2P2S3-1  gap=3.272 eV  best=0.078 eV  top50=10  top10%=13
Cycle  64: GP refit  (73 labelled)
  → 2BrTl-3  gap=3.214 eV  best=0.078 eV  top50=10  top10%=13
Cycle  65: GP refit  (74 labelled)
  → 2AgIBr2-1  gap=2.063 eV  best=0.078 eV  top50=10  top10%=13
Cycle  66: full DKL retrain  (75 labelled)
GP warmup: 20 epochs on initial embeddings
Joint DKL training: 50 epochs
  Epoch 20/50  loss=0.4587
  Epoch 40/50  loss=0.1009
DKL training done in 0.3s
  → 1CaBr2-2  gap=5.515 eV  best=0.078 eV  top50=10  top10%=13
Cycle  67: GP refit  (76 labelled)
  → 4LiPS2-1  gap=2.290 eV  best=0.078 eV  top50=10  top10%=13
Cycle  68: GP refit  (77 labelled)
  → 2GaI-1  gap=2.399 eV  best=0.078 eV  top50=10  top10%=13
Cycle  69: GP refit  (78 labelled)
  → 1BP-1  gap=1.362 eV  best=0.078 eV  top50=10  top10%=13
Cycle  70: GP refit  (79 labelled)
  → 2BrK-1  gap=5.470 eV  best=0.078 eV  top50=10  top10%=13
Cycle  71: full DKL retrain  (80 labelled)
GP warmup: 20 epochs on initial embeddings
Joint DKL training: 50 epochs
  Epoch 20/50  loss=-0.1849
  Epoch 40/50  loss=-0.7517
DKL training done in 0.3s
  → 4HgTe-1  gap=0.899 eV  best=0.078 eV  top50=10  top10%=13
Cycle  72: GP refit  (81 labelled)
  → 1ScBr2-1  gap=0.757 eV  best=0.078 eV  top50=10  top10%=14
Cycle  73: GP refit  (82 labelled)
  → 1AgAlP2Te6-1  gap=1.065 eV  best=0.078 eV  top50=10  top10%=14
Cycle  74: GP refit  (83 labelled)
  → 2FRb-1  gap=6.553 eV  best=0.078 eV  top50=10  top10%=14
Cycle  75: GP refit  (84 labelled)
  → 1SI2Pb2-1  gap=1.567 eV  best=0.078 eV  top50=10  top10%=14
Cycle  76: full DKL retrain  (85 labelled)
GP warmup: 20 epochs on initial embeddings
Joint DKL training: 50 epochs
  Epoch 20/50  loss=1.3872
  Epoch 40/50  loss=0.6250
DKL training done in 0.3s
  → 1TiBr2-1  gap=1.166 eV  best=0.078 eV  top50=10  top10%=14
Cycle  77: GP refit  (86 labelled)
  → 1BrIZr-1  gap=1.174 eV  best=0.078 eV  top50=10  top10%=14
Cycle  78: GP refit  (87 labelled)
  → 1BiITe-2  gap=0.995 eV  best=0.078 eV  top50=10  top10%=14
Cycle  79: GP refit  (88 labelled)
  → 1AsBrTe-2  gap=1.662 eV  best=0.078 eV  top50=10  top10%=14
Cycle  80: GP refit  (89 labelled)
  → 1Ta3Br8-1  gap=0.821 eV  best=0.078 eV  top50=10  top10%=14
Cycle  81: full DKL retrain  (90 labelled)
GP warmup: 20 epochs on initial embeddings
Joint DKL training: 50 epochs
  Epoch 20/50  loss=0.7313
  Epoch 40/50  loss=0.3629
DKL training done in 0.3s
  → 1BaI2-2  gap=4.274 eV  best=0.078 eV  top50=10  top10%=14
Cycle  82: GP refit  (91 labelled)
  → 1FeBr2-3  gap=0.145 eV  best=0.078 eV  top50=11  top10%=15
Cycle  83: GP refit  (92 labelled)
  → 1FeI2-3  gap=0.020 eV  best=0.020 eV  top50=12  top10%=16
Cycle  84: GP refit  (93 labelled)
  → 2BrRb-2  gap=5.268 eV  best=0.020 eV  top50=12  top10%=16
Cycle  85: GP refit  (94 labelled)
  → 2CoHO2-1  gap=2.596 eV  best=0.020 eV  top50=12  top10%=16
Cycle  86: full DKL retrain  (95 labelled)
GP warmup: 20 epochs on initial embeddings
Joint DKL training: 50 epochs
  Epoch 20/50  loss=0.4460
  Epoch 40/50  loss=0.1225
DKL training done in 0.3s
  → 1HfI2-1  gap=1.022 eV  best=0.020 eV  top50=12  top10%=16
Cycle  87: GP refit  (96 labelled)
  → 1BrHfI-1  gap=1.157 eV  best=0.020 eV  top50=12  top10%=16
Cycle  88: GP refit  (97 labelled)
  → 2IRb-1  gap=4.613 eV  best=0.020 eV  top50=12  top10%=16
Cycle  89: GP refit  (98 labelled)
  → 1FeHfBr6-1  gap=3.395 eV  best=0.020 eV  top50=12  top10%=16
Cycle  90: GP refit  (99 labelled)
  → 1CaI2-2  gap=4.063 eV  best=0.020 eV  top50=12  top10%=16
Cycle  91: full DKL retrain  (100 labelled)
GP warmup: 20 epochs on initial embeddings
Joint DKL training: 50 epochs
  Epoch 20/50  loss=0.1447
  Epoch 40/50  loss=-0.2794
DKL training done in 0.3s
  → 2IrTaTe4-1  gap=0.119 eV  best=0.020 eV  top50=13  top10%=17
Cycle  92: GP refit  (101 labelled)
  → 2CrNbTe5-1  gap=0.029 eV  best=0.020 eV  top50=14  top10%=18
Cycle  93: GP refit  (102 labelled)
  → 4NiPSe-1  gap=2.021 eV  best=0.020 eV  top50=14  top10%=18
Cycle  94: GP refit  (103 labelled)
  → 1ZrTi3Te8-1  gap=0.722 eV  best=0.020 eV  top50=14  top10%=19
Cycle  95: GP refit  (104 labelled)
  → 1FeCl2-3  gap=0.071 eV  best=0.020 eV  top50=15  top10%=20
Cycle  96: full DKL retrain  (105 labelled)
GP warmup: 20 epochs on initial embeddings
Joint DKL training: 50 epochs
  Epoch 20/50  loss=0.6889
  Epoch 40/50  loss=0.2164
DKL training done in 0.3s
  → 1TeTa3Br7-1  gap=1.397 eV  best=0.020 eV  top50=15  top10%=20
Cycle  97: GP refit  (106 labelled)
  → 1BrClNi-1  gap=3.508 eV  best=0.020 eV  top50=15  top10%=20
Cycle  98: GP refit  (107 labelled)
  → 2BrFSr-1  gap=6.270 eV  best=0.020 eV  top50=15  top10%=20
Cycle  99: GP refit  (108 labelled)
  → 2IrTaS4-1  gap=1.331 eV  best=0.020 eV  top50=15  top10%=20
Cycle 100: GP refit  (109 labelled)
  → 1BrSbTe-2  gap=1.819 eV  best=0.020 eV  top50=15  top10%=20
  gap_min/seed7 → best=0.020 top50=15 top10%=20
BOLoop: 766 materials  |  direction=min  |  top-50 internal threshold=-0.68  top-10% internal threshold=-0.79
Init: 10 random labels  |  best (min) = 0.417
Cycle   1: full DKL retrain  (10 labelled)
GP warmup: 20 epochs on initial embeddings
/home/roy/Desktop/DKL-BO/venv/lib/python3.13/site-packages/torch/_compile.py:54: UserWarning: optimizer contains a parameter group with duplicate parameters; in future, this will cause an error; see github.com/pytorch/pytorch/issues/40967 for more information
  return disable_fn(*args, **kwargs)
Joint DKL training: 50 epochs
  Epoch 20/50  loss=1.7745
  Epoch 40/50  loss=1.6726
DKL training done in 0.3s
  → 1BiITe-2  gap=0.995 eV  best=0.417 eV  top50=0  top10%=0
Cycle   2: GP refit  (11 labelled)
  → 1IIrTe-1  gap=1.821 eV  best=0.417 eV  top50=0  top10%=0
Cycle   3: GP refit  (12 labelled)
  → 1VTe2-1  gap=0.854 eV  best=0.417 eV  top50=0  top10%=0
Cycle   4: GP refit  (13 labelled)
  → 2OsTe2-1  gap=1.379 eV  best=0.417 eV  top50=0  top10%=0
Cycle   5: GP refit  (14 labelled)
  → 1SeTeV-1  gap=0.831 eV  best=0.417 eV  top50=0  top10%=0
Cycle   6: full DKL retrain  (15 labelled)
GP warmup: 20 epochs on initial embeddings
Joint DKL training: 50 epochs
  Epoch 20/50  loss=0.9635
  Epoch 40/50  loss=0.8283
DKL training done in 0.3s
  → 2AgSe-1  gap=1.179 eV  best=0.417 eV  top50=0  top10%=0
Cycle   7: GP refit  (16 labelled)
  → 2AuI-3  gap=1.592 eV  best=0.417 eV  top50=0  top10%=0
Cycle   8: GP refit  (17 labelled)
  → 1MoTe2-1  gap=1.370 eV  best=0.417 eV  top50=0  top10%=0
Cycle   9: GP refit  (18 labelled)
  → 2IIn-3  gap=2.347 eV  best=0.417 eV  top50=0  top10%=0
Cycle  10: GP refit  (19 labelled)
  → 2AgTe-2  gap=0.242 eV  best=0.242 eV  top50=1  top10%=1
Cycle  11: full DKL retrain  (20 labelled)
GP warmup: 20 epochs on initial embeddings
Joint DKL training: 50 epochs
  Epoch 20/50  loss=0.6765
  Epoch 40/50  loss=0.4315
DKL training done in 0.3s
  → 1AsIn-1  gap=1.234 eV  best=0.242 eV  top50=1  top10%=1
Cycle  12: GP refit  (21 labelled)
  → 2TeV-4  gap=0.774 eV  best=0.242 eV  top50=1  top10%=2
Cycle  13: GP refit  (22 labelled)
  → 2AgTe-3  gap=0.756 eV  best=0.242 eV  top50=1  top10%=3
Cycle  14: GP refit  (23 labelled)
  → 1AsITe-2  gap=0.872 eV  best=0.242 eV  top50=1  top10%=3
Cycle  15: GP refit  (24 labelled)
  → 2AgI-2  gap=2.922 eV  best=0.242 eV  top50=1  top10%=3
Cycle  16: full DKL retrain  (25 labelled)
GP warmup: 20 epochs on initial embeddings
Joint DKL training: 50 epochs
  Epoch 20/50  loss=1.4601
  Epoch 40/50  loss=0.8738
DKL training done in 0.3s
  → 1GaInTe2-1  gap=1.532 eV  best=0.242 eV  top50=1  top10%=3
Cycle  17: GP refit  (26 labelled)
  → 1BiClTe-2  gap=1.151 eV  best=0.242 eV  top50=1  top10%=3
Cycle  18: GP refit  (27 labelled)
  → 2SeV-4  gap=0.788 eV  best=0.242 eV  top50=1  top10%=4
Cycle  19: GP refit  (28 labelled)
  → 1AsClTe-2  gap=1.824 eV  best=0.242 eV  top50=1  top10%=4
Cycle  20: GP refit  (29 labelled)
  → 1AsBrTe-2  gap=1.662 eV  best=0.242 eV  top50=1  top10%=4
Cycle  21: full DKL retrain  (30 labelled)
GP warmup: 20 epochs on initial embeddings
Joint DKL training: 50 epochs
  Epoch 20/50  loss=0.5649
  Epoch 40/50  loss=0.3399
DKL training done in 0.3s
  → 1WAg2Te4-1  gap=1.318 eV  best=0.242 eV  top50=1  top10%=4
Cycle  22: GP refit  (31 labelled)
  → 2AuTe-3  gap=0.078 eV  best=0.078 eV  top50=2  top10%=5
Cycle  23: GP refit  (32 labelled)
  → 1MoAu2Te4-1  gap=0.677 eV  best=0.078 eV  top50=3  top10%=6
Cycle  24: GP refit  (33 labelled)
  → 1WAu2Te4-1  gap=0.792 eV  best=0.078 eV  top50=3  top10%=6
Cycle  25: GP refit  (34 labelled)
  → 2PbTe-1  gap=0.878 eV  best=0.078 eV  top50=3  top10%=6
Cycle  26: full DKL retrain  (35 labelled)
GP warmup: 20 epochs on initial embeddings
Joint DKL training: 50 epochs
  Epoch 20/50  loss=0.2205
  Epoch 40/50  loss=0.0620
DKL training done in 0.3s
  → 1AgAlP2Te6-1  gap=1.065 eV  best=0.078 eV  top50=3  top10%=6
Cycle  27: GP refit  (36 labelled)
  → 1AgCrP2Te6-1  gap=1.137 eV  best=0.078 eV  top50=3  top10%=6
Cycle  28: GP refit  (37 labelled)
  → 1MoCu2Te4-1  gap=1.230 eV  best=0.078 eV  top50=3  top10%=6
Cycle  29: GP refit  (38 labelled)
  → 1BiISe-2  gap=1.189 eV  best=0.078 eV  top50=3  top10%=6
Cycle  30: GP refit  (39 labelled)
  → 1SeBi2S2-1  gap=0.923 eV  best=0.078 eV  top50=3  top10%=6
Cycle  31: full DKL retrain  (40 labelled)
GP warmup: 20 epochs on initial embeddings
Joint DKL training: 50 epochs
  Epoch 20/50  loss=0.0282
  Epoch 40/50  loss=-0.2111
DKL training done in 0.3s
  → 1SnTe-1  gap=2.089 eV  best=0.078 eV  top50=3  top10%=6
Cycle  32: GP refit  (41 labelled)
  → 2SV-4  gap=0.642 eV  best=0.078 eV  top50=4  top10%=7
Cycle  33: GP refit  (42 labelled)
  → 1VSe2-1  gap=0.977 eV  best=0.078 eV  top50=4  top10%=7
Cycle  34: GP refit  (43 labelled)
  → 2AuSe-1  gap=1.561 eV  best=0.078 eV  top50=4  top10%=7
Cycle  35: GP refit  (44 labelled)
  → 1GeTe-1  gap=1.994 eV  best=0.078 eV  top50=4  top10%=7
Cycle  36: full DKL retrain  (45 labelled)
GP warmup: 20 epochs on initial embeddings
Joint DKL training: 50 epochs
  Epoch 20/50  loss=0.1153
  Epoch 40/50  loss=-0.1184
DKL training done in 0.3s
  → 2As2S3-4  gap=3.247 eV  best=0.078 eV  top50=4  top10%=7
Cycle  37: GP refit  (46 labelled)
  → 1BiBrTe-2  gap=1.162 eV  best=0.078 eV  top50=4  top10%=7
Cycle  38: GP refit  (47 labelled)
  → 1BiIS-2  gap=1.178 eV  best=0.078 eV  top50=4  top10%=7
Cycle  39: GP refit  (48 labelled)
  → 1MoAu2S4-1  gap=1.621 eV  best=0.078 eV  top50=4  top10%=7
Cycle  40: GP refit  (49 labelled)
  → 2IrNbTe4-1  gap=0.033 eV  best=0.033 eV  top50=5  top10%=8
Cycle  41: full DKL retrain  (50 labelled)
GP warmup: 20 epochs on initial embeddings
Joint DKL training: 50 epochs
  Epoch 20/50  loss=0.3198
  Epoch 40/50  loss=0.1318
DKL training done in 0.3s
  → 2InTe-1  gap=1.812 eV  best=0.033 eV  top50=5  top10%=8
Cycle  42: GP refit  (51 labelled)
  → 2RuTe2-1  gap=1.071 eV  best=0.033 eV  top50=5  top10%=8
Cycle  43: GP refit  (52 labelled)
  → 2CrNbTe5-1  gap=0.029 eV  best=0.029 eV  top50=6  top10%=9
Cycle  44: GP refit  (53 labelled)
  → 2InSe-1  gap=2.055 eV  best=0.029 eV  top50=6  top10%=9
Cycle  45: GP refit  (54 labelled)
  → 1STeIn2-1  gap=1.141 eV  best=0.029 eV  top50=6  top10%=9
Cycle  46: full DKL retrain  (55 labelled)
GP warmup: 20 epochs on initial embeddings
Joint DKL training: 50 epochs
  Epoch 20/50  loss=0.2798
  Epoch 40/50  loss=0.0202
DKL training done in 0.3s
  → 2BiO-1  gap=1.042 eV  best=0.029 eV  top50=6  top10%=9
Cycle  47: GP refit  (56 labelled)
  → 1BiFTe-1  gap=1.179 eV  best=0.029 eV  top50=6  top10%=9
Cycle  48: GP refit  (57 labelled)
  → 4NbS3-2  gap=1.030 eV  best=0.029 eV  top50=6  top10%=9
Cycle  49: GP refit  (58 labelled)
  → 1BiBrTe-1  gap=1.159 eV  best=0.029 eV  top50=6  top10%=9
Cycle  50: GP refit  (59 labelled)
  → 1BiClTe-1  gap=1.198 eV  best=0.029 eV  top50=6  top10%=9
Cycle  51: full DKL retrain  (60 labelled)
GP warmup: 20 epochs on initial embeddings
Joint DKL training: 50 epochs
  Epoch 20/50  loss=-0.1628
  Epoch 40/50  loss=-0.4487
DKL training done in 0.3s
  → 2IrTaTe4-1  gap=0.119 eV  best=0.029 eV  top50=7  top10%=10
Cycle  52: GP refit  (61 labelled)
  → 1OBi2S2-1  gap=1.179 eV  best=0.029 eV  top50=7  top10%=10
Cycle  53: GP refit  (62 labelled)
  → 1AsITe-1  gap=1.502 eV  best=0.029 eV  top50=7  top10%=10
Cycle  54: GP refit  (63 labelled)
  → 2FeTe2-1  gap=0.581 eV  best=0.029 eV  top50=8  top10%=11
Cycle  55: GP refit  (64 labelled)
  → 1AgCrAs2Se6-1  gap=1.270 eV  best=0.029 eV  top50=8  top10%=11
Cycle  56: full DKL retrain  (65 labelled)
GP warmup: 20 epochs on initial embeddings
Joint DKL training: 50 epochs
  Epoch 20/50  loss=-0.3213
  Epoch 40/50  loss=-0.5392
DKL training done in 0.3s
  → 1ZrTe2-2  gap=0.836 eV  best=0.029 eV  top50=8  top10%=11
Cycle  57: GP refit  (66 labelled)
  → 1TiZr3Te8-1  gap=0.793 eV  best=0.029 eV  top50=8  top10%=11
Cycle  58: GP refit  (67 labelled)
  → 1HfZr3Te8-1  gap=0.766 eV  best=0.029 eV  top50=8  top10%=12
Cycle  59: GP refit  (68 labelled)
  → 2TiZrTe4-1  gap=0.744 eV  best=0.029 eV  top50=8  top10%=13
Cycle  60: GP refit  (69 labelled)
  → 2HfZrTe4-1  gap=0.717 eV  best=0.029 eV  top50=8  top10%=14
Cycle  61: full DKL retrain  (70 labelled)
GP warmup: 20 epochs on initial embeddings
Joint DKL training: 50 epochs
  Epoch 20/50  loss=-0.5882
  Epoch 40/50  loss=-0.8936
DKL training done in 0.3s
  → 1AgScP2S6-1  gap=3.453 eV  best=0.029 eV  top50=8  top10%=14
Cycle  62: GP refit  (71 labelled)
  → 1ZrHf3Te8-1  gap=0.690 eV  best=0.029 eV  top50=8  top10%=15
Cycle  63: GP refit  (72 labelled)
  → 1ZrTi3Te8-1  gap=0.722 eV  best=0.029 eV  top50=8  top10%=16
Cycle  64: GP refit  (73 labelled)
  → 1HfTe2-2  gap=0.665 eV  best=0.029 eV  top50=9  top10%=17
Cycle  65: GP refit  (74 labelled)
  → 1HfTi3Te8-1  gap=0.724 eV  best=0.029 eV  top50=9  top10%=18
Cycle  66: full DKL retrain  (75 labelled)
GP warmup: 20 epochs on initial embeddings
Joint DKL training: 50 epochs
  Epoch 20/50  loss=-0.2716
  Epoch 40/50  loss=-0.5494
DKL training done in 0.3s
  → 1TiHf3Te8-1  gap=0.688 eV  best=0.029 eV  top50=9  top10%=19
Cycle  67: GP refit  (76 labelled)
  → 2HfTiTe4-1  gap=0.692 eV  best=0.029 eV  top50=9  top10%=20
Cycle  68: GP refit  (77 labelled)
  → 1AgCrP2Se6-1  gap=1.789 eV  best=0.029 eV  top50=9  top10%=20
Cycle  69: GP refit  (78 labelled)
  → 1MnNbSe4-1  gap=0.598 eV  best=0.029 eV  top50=10  top10%=21
Cycle  70: GP refit  (79 labelled)
  → 2TeTi-4  gap=0.440 eV  best=0.029 eV  top50=11  top10%=22
Cycle  71: full DKL retrain  (80 labelled)
GP warmup: 20 epochs on initial embeddings
Joint DKL training: 50 epochs
  Epoch 20/50  loss=-0.4252
  Epoch 40/50  loss=-0.8377
DKL training done in 0.3s
  → 1CoLiP2S6-1  gap=2.395 eV  best=0.029 eV  top50=11  top10%=22
Cycle  72: GP refit  (81 labelled)
  → 2TeZr-4  gap=0.652 eV  best=0.029 eV  top50=12  top10%=23
Cycle  73: GP refit  (82 labelled)
  → 1SeTeTi-2  gap=0.600 eV  best=0.029 eV  top50=13  top10%=24
Cycle  74: GP refit  (83 labelled)
  → 1HfSeTe-2  gap=0.637 eV  best=0.029 eV  top50=14  top10%=25
Cycle  75: GP refit  (84 labelled)
  → 1MoCr3Te8-1  gap=0.893 eV  best=0.029 eV  top50=14  top10%=25
Cycle  76: full DKL retrain  (85 labelled)
GP warmup: 20 epochs on initial embeddings
Joint DKL training: 50 epochs
  Epoch 20/50  loss=-0.3822
  Epoch 40/50  loss=-0.6143
DKL training done in 0.3s
  → 1HfSTe-2  gap=0.481 eV  best=0.029 eV  top50=15  top10%=26
Cycle  77: GP refit  (86 labelled)
  → 1STeTi-2  gap=0.531 eV  best=0.029 eV  top50=16  top10%=27
Cycle  78: GP refit  (87 labelled)
  → 1CoLiAs2Se6-1  gap=1.175 eV  best=0.029 eV  top50=16  top10%=27
Cycle  79: GP refit  (88 labelled)
  → 2CrMoTe4-1  gap=0.980 eV  best=0.029 eV  top50=16  top10%=27
Cycle  80: GP refit  (89 labelled)
  → 1AgAlP2S6-1  gap=3.132 eV  best=0.029 eV  top50=16  top10%=27
Cycle  81: full DKL retrain  (90 labelled)
GP warmup: 20 epochs on initial embeddings
Joint DKL training: 50 epochs
  Epoch 20/50  loss=-1.0312
  Epoch 40/50  loss=-1.2515
DKL training done in 0.3s
  → 1AgAlP2Se6-1  gap=2.339 eV  best=0.029 eV  top50=16  top10%=27
Cycle  82: GP refit  (91 labelled)
  → 1AgCrP2S6-1  gap=2.012 eV  best=0.029 eV  top50=16  top10%=27
Cycle  83: GP refit  (92 labelled)
  → 1CoLiP2Se6-1  gap=2.004 eV  best=0.029 eV  top50=16  top10%=27
Cycle  84: GP refit  (93 labelled)
  → 2AgCrP2S6-1  gap=2.715 eV  best=0.029 eV  top50=16  top10%=27
Cycle  85: GP refit  (94 labelled)
  → 1HfSe2-2  gap=1.626 eV  best=0.029 eV  top50=16  top10%=27
Cycle  86: full DKL retrain  (95 labelled)
GP warmup: 20 epochs on initial embeddings
Joint DKL training: 50 epochs
  Epoch 20/50  loss=-0.9436
  Epoch 40/50  loss=-1.1135
DKL training done in 0.3s
  → 1AgInP2Se6-1  gap=1.707 eV  best=0.029 eV  top50=16  top10%=27
Cycle  87: GP refit  (96 labelled)
  → 1AgAlAs2Se6-1  gap=1.577 eV  best=0.029 eV  top50=16  top10%=27
Cycle  88: GP refit  (97 labelled)
  → 2BiIn-1  gap=0.138 eV  best=0.029 eV  top50=17  top10%=28
Cycle  89: GP refit  (98 labelled)
  → 1STeZr-2  gap=0.672 eV  best=0.029 eV  top50=18  top10%=29
Cycle  90: GP refit  (99 labelled)
  → 1BrTeTi-1  gap=0.763 eV  best=0.029 eV  top50=18  top10%=30
Cycle  91: full DKL retrain  (100 labelled)
GP warmup: 20 epochs on initial embeddings
Joint DKL training: 50 epochs
  Epoch 20/50  loss=-0.6911
  Epoch 40/50  loss=-0.8882
DKL training done in 0.3s
  → 1BiHTe2O6-1  gap=4.226 eV  best=0.029 eV  top50=18  top10%=30
Cycle  92: GP refit  (101 labelled)
  → 1CrTe2-2  gap=0.869 eV  best=0.029 eV  top50=18  top10%=30
Cycle  93: GP refit  (102 labelled)
  → 1CoITe-1  gap=0.971 eV  best=0.029 eV  top50=18  top10%=30
Cycle  94: GP refit  (103 labelled)
  → 1BrCoTe-1  gap=1.810 eV  best=0.029 eV  top50=18  top10%=30
Cycle  95: GP refit  (104 labelled)
  → 1SeTeZr-2  gap=0.783 eV  best=0.029 eV  top50=18  top10%=31
Cycle  96: full DKL retrain  (105 labelled)
GP warmup: 20 epochs on initial embeddings
Joint DKL training: 50 epochs
  Epoch 20/50  loss=-0.6194
  Epoch 40/50  loss=-0.8232
DKL training done in 0.3s
  → 1TiI2-2  gap=0.828 eV  best=0.029 eV  top50=18  top10%=31
Cycle  97: GP refit  (106 labelled)
  → 1AgTlP2Se6-1  gap=0.901 eV  best=0.029 eV  top50=18  top10%=31
Cycle  98: GP refit  (107 labelled)
  → 1SSeTi-2  gap=1.342 eV  best=0.029 eV  top50=18  top10%=31
Cycle  99: GP refit  (108 labelled)
  → 1TiS2-2  gap=2.015 eV  best=0.029 eV  top50=18  top10%=31
Cycle 100: GP refit  (109 labelled)
  → 2SeZr-4  gap=0.355 eV  best=0.029 eV  top50=19  top10%=32
  gap_min/seed8 → best=0.029 top50=19 top10%=32
BOLoop: 766 materials  |  direction=min  |  top-50 internal threshold=-0.68  top-10% internal threshold=-0.79
Init: 10 random labels  |  best (min) = 0.266
Cycle   1: full DKL retrain  (10 labelled)
GP warmup: 20 epochs on initial embeddings
/home/roy/Desktop/DKL-BO/venv/lib/python3.13/site-packages/torch/_compile.py:54: UserWarning: optimizer contains a parameter group with duplicate parameters; in future, this will cause an error; see github.com/pytorch/pytorch/issues/40967 for more information
  return disable_fn(*args, **kwargs)
Joint DKL training: 50 epochs
  Epoch 20/50  loss=1.0782
  Epoch 40/50  loss=0.9903
DKL training done in 0.3s
  → 2AgTe-2  gap=0.242 eV  best=0.242 eV  top50=1  top10%=1
Cycle   2: GP refit  (11 labelled)
  → 2AuTe-3  gap=0.078 eV  best=0.078 eV  top50=2  top10%=2
Cycle   3: GP refit  (12 labelled)
  → 2TeV-4  gap=0.774 eV  best=0.078 eV  top50=2  top10%=3
Cycle   4: GP refit  (13 labelled)
  → 1WAu2Te4-1  gap=0.792 eV  best=0.078 eV  top50=2  top10%=3
Cycle   5: GP refit  (14 labelled)
  → 2SeV-4  gap=0.788 eV  best=0.078 eV  top50=2  top10%=4
Cycle   6: full DKL retrain  (15 labelled)
GP warmup: 20 epochs on initial embeddings
Joint DKL training: 50 epochs
  Epoch 20/50  loss=0.1275
  Epoch 40/50  loss=-0.0730
DKL training done in 0.3s
  → 1HgSe-1  gap=0.423 eV  best=0.078 eV  top50=3  top10%=5
Cycle   7: GP refit  (16 labelled)
  → 2AuSe-1  gap=1.561 eV  best=0.078 eV  top50=3  top10%=5
Cycle   8: GP refit  (17 labelled)
  → 1HgTe-1  gap=0.279 eV  best=0.078 eV  top50=4  top10%=6
Cycle   9: GP refit  (18 labelled)
  → 2SeTl-2  gap=0.891 eV  best=0.078 eV  top50=4  top10%=6
Cycle  10: GP refit  (19 labelled)
  → 2ClCs-1  gap=5.654 eV  best=0.078 eV  top50=4  top10%=6
Cycle  11: full DKL retrain  (20 labelled)
GP warmup: 20 epochs on initial embeddings
Joint DKL training: 50 epochs
  Epoch 20/50  loss=1.2853
  Epoch 40/50  loss=-0.1145
DKL training done in 0.3s
  → 4HgTe-1  gap=0.899 eV  best=0.078 eV  top50=4  top10%=6
Cycle  12: GP refit  (21 labelled)
  → 2AgBr-3  gap=3.092 eV  best=0.078 eV  top50=4  top10%=6
Cycle  13: GP refit  (22 labelled)
  → 2AgTe-3  gap=0.756 eV  best=0.078 eV  top50=4  top10%=7
Cycle  14: GP refit  (23 labelled)
  → 2OsTe2-1  gap=1.379 eV  best=0.078 eV  top50=4  top10%=7
Cycle  15: GP refit  (24 labelled)
  → 1BrClV-1  gap=3.751 eV  best=0.078 eV  top50=4  top10%=7
Cycle  16: full DKL retrain  (25 labelled)
GP warmup: 20 epochs on initial embeddings
Joint DKL training: 50 epochs
  Epoch 20/50  loss=2.0403
  Epoch 40/50  loss=0.8451
DKL training done in 0.3s
  → 1PbSe2-1  gap=1.847 eV  best=0.078 eV  top50=4  top10%=7
Cycle  17: GP refit  (26 labelled)
  → 1PbTe-1  gap=1.500 eV  best=0.078 eV  top50=4  top10%=7
Cycle  18: GP refit  (27 labelled)
  → 2AgIBr2-1  gap=2.063 eV  best=0.078 eV  top50=4  top10%=7
Cycle  19: GP refit  (28 labelled)
  → 1GeTe-1  gap=1.994 eV  best=0.078 eV  top50=4  top10%=7
Cycle  20: GP refit  (29 labelled)
  → 2OsSe2-1  gap=1.389 eV  best=0.078 eV  top50=4  top10%=7
Cycle  21: full DKL retrain  (30 labelled)
GP warmup: 20 epochs on initial embeddings
Joint DKL training: 50 epochs
  Epoch 20/50  loss=0.7369
  Epoch 40/50  loss=0.3779
DKL training done in 0.3s
  → 2TeTl-2  gap=0.681 eV  best=0.078 eV  top50=4  top10%=8
Cycle  22: GP refit  (31 labelled)
  → 1VTe2-1  gap=0.854 eV  best=0.078 eV  top50=4  top10%=8
Cycle  23: GP refit  (32 labelled)
  → 1WCu2Te4-1  gap=1.488 eV  best=0.078 eV  top50=4  top10%=8
Cycle  24: GP refit  (33 labelled)
  → 1HgS-1  gap=0.724 eV  best=0.078 eV  top50=4  top10%=9
Cycle  25: GP refit  (34 labelled)
  → 1BiBrTe-1  gap=1.159 eV  best=0.078 eV  top50=4  top10%=9
Cycle  26: full DKL retrain  (35 labelled)
GP warmup: 20 epochs on initial embeddings
Joint DKL training: 50 epochs
  Epoch 20/50  loss=0.7834
  Epoch 40/50  loss=0.3099
DKL training done in 0.3s
  → 2SbTlO3-1  gap=4.173 eV  best=0.078 eV  top50=4  top10%=9
Cycle  27: GP refit  (36 labelled)
  → 2AuO-1  gap=0.865 eV  best=0.078 eV  top50=4  top10%=9
Cycle  28: GP refit  (37 labelled)
  → 2BrTl-3  gap=3.214 eV  best=0.078 eV  top50=4  top10%=9
Cycle  29: GP refit  (38 labelled)
  → 1FeCl2-3  gap=0.071 eV  best=0.071 eV  top50=5  top10%=10
Cycle  30: GP refit  (39 labelled)
  → 1BrGa2Cl5-1  gap=4.579 eV  best=0.071 eV  top50=5  top10%=10
Cycle  31: full DKL retrain  (40 labelled)
GP warmup: 20 epochs on initial embeddings
Joint DKL training: 50 epochs
  Epoch 20/50  loss=2.0245
  Epoch 40/50  loss=0.9321
DKL training done in 0.3s
  → 1TiCl2-1  gap=1.395 eV  best=0.071 eV  top50=5  top10%=10
Cycle  32: GP refit  (41 labelled)
  → 4LiSbO2-1  gap=4.432 eV  best=0.071 eV  top50=5  top10%=10
Cycle  33: GP refit  (42 labelled)
  → 1HfCl2-1  gap=1.471 eV  best=0.071 eV  top50=5  top10%=10
Cycle  34: GP refit  (43 labelled)
  → 1OVF2-1  gap=3.311 eV  best=0.071 eV  top50=5  top10%=10
Cycle  35: GP refit  (44 labelled)
  → 2AuS-1  gap=2.010 eV  best=0.071 eV  top50=5  top10%=10
Cycle  36: full DKL retrain  (45 labelled)
GP warmup: 20 epochs on initial embeddings
Joint DKL training: 50 epochs
  Epoch 20/50  loss=1.5269
  Epoch 40/50  loss=0.9451
DKL training done in 0.3s
  → 2HNa3S5-1  gap=3.375 eV  best=0.071 eV  top50=5  top10%=10
Cycle  37: GP refit  (46 labelled)
  → 2KTaF6-1  gap=8.681 eV  best=0.071 eV  top50=5  top10%=10
Cycle  38: GP refit  (47 labelled)
  → 2CaClH-1  gap=5.233 eV  best=0.071 eV  top50=5  top10%=10
Cycle  39: GP refit  (48 labelled)
  → 1VSe2-1  gap=0.977 eV  best=0.071 eV  top50=5  top10%=10
Cycle  40: GP refit  (49 labelled)
  → 1PbCl2-2  gap=3.856 eV  best=0.071 eV  top50=5  top10%=10
Cycle  41: full DKL retrain  (50 labelled)
GP warmup: 20 epochs on initial embeddings
Joint DKL training: 50 epochs
  Epoch 20/50  loss=2.0029
  Epoch 40/50  loss=1.1687
DKL training done in 0.3s
  → 1FeZrCl6-1  gap=3.545 eV  best=0.071 eV  top50=5  top10%=10
Cycle  42: GP refit  (51 labelled)
  → 1WAu2O4-2  gap=4.436 eV  best=0.071 eV  top50=5  top10%=10
Cycle  43: GP refit  (52 labelled)
  → 2AuI-3  gap=1.592 eV  best=0.071 eV  top50=5  top10%=10
Cycle  44: GP refit  (53 labelled)
  → 1MoAu2Se4-1  gap=1.247 eV  best=0.071 eV  top50=5  top10%=10
Cycle  45: GP refit  (54 labelled)
  → 1ScSe2-2  gap=1.490 eV  best=0.071 eV  top50=5  top10%=10
Cycle  46: full DKL retrain  (55 labelled)
GP warmup: 20 epochs on initial embeddings
Joint DKL training: 50 epochs
  Epoch 20/50  loss=1.2198
  Epoch 40/50  loss=0.8856
DKL training done in 0.3s
  → 4OBi2Se2-1  gap=1.736 eV  best=0.071 eV  top50=5  top10%=10
Cycle  47: GP refit  (56 labelled)
  → 2AsBiO4-1  gap=4.600 eV  best=0.071 eV  top50=5  top10%=10
Cycle  48: GP refit  (57 labelled)
  → 1BiHTe2O6-1  gap=4.226 eV  best=0.071 eV  top50=5  top10%=10
Cycle  49: GP refit  (58 labelled)
  → 1CSiH2-1  gap=4.871 eV  best=0.071 eV  top50=5  top10%=10
Cycle  50: GP refit  (59 labelled)
  → 3RuSCl2-1  gap=1.131 eV  best=0.071 eV  top50=5  top10%=10
Cycle  51: full DKL retrain  (60 labelled)
GP warmup: 20 epochs on initial embeddings
Joint DKL training: 50 epochs
  Epoch 20/50  loss=1.3597
  Epoch 40/50  loss=1.0069
DKL training done in 0.3s
  → 1PdPt3O8-1  gap=2.448 eV  best=0.071 eV  top50=5  top10%=10
Cycle  52: GP refit  (61 labelled)
  → 2HInSeO4-1  gap=5.487 eV  best=0.071 eV  top50=5  top10%=10
Cycle  53: GP refit  (62 labelled)
  → 1InSb-1  gap=0.945 eV  best=0.071 eV  top50=5  top10%=10
Cycle  54: GP refit  (63 labelled)
  → 1WO2-1  gap=2.097 eV  best=0.071 eV  top50=5  top10%=10
Cycle  55: GP refit  (64 labelled)
  → 1WAu2S4-1  gap=1.827 eV  best=0.071 eV  top50=5  top10%=10
Cycle  56: full DKL retrain  (65 labelled)
GP warmup: 20 epochs on initial embeddings
Joint DKL training: 50 epochs
  Epoch 20/50  loss=0.6950
  Epoch 40/50  loss=0.2940
DKL training done in 0.3s
  → 2AlHSO4-1  gap=6.800 eV  best=0.071 eV  top50=5  top10%=10
Cycle  57: GP refit  (66 labelled)
  → 1BN-1  gap=5.675 eV  best=0.071 eV  top50=5  top10%=10
Cycle  58: GP refit  (67 labelled)
  → 1C2O2Hf3-1  gap=0.917 eV  best=0.071 eV  top50=5  top10%=10
Cycle  59: GP refit  (68 labelled)
  → 1GeO2-3  gap=2.945 eV  best=0.071 eV  top50=5  top10%=10
Cycle  60: GP refit  (69 labelled)
  → 1AlN-1  gap=4.048 eV  best=0.071 eV  top50=5  top10%=10
Cycle  61: full DKL retrain  (70 labelled)
GP warmup: 20 epochs on initial embeddings
Joint DKL training: 50 epochs
  Epoch 20/50  loss=0.8803
  Epoch 40/50  loss=0.3977
DKL training done in 0.3s
  → 1ScO2-2  gap=3.769 eV  best=0.071 eV  top50=5  top10%=10
Cycle  62: GP refit  (71 labelled)
  → 2RuO2-1  gap=0.693 eV  best=0.071 eV  top50=5  top10%=11
Cycle  63: GP refit  (72 labelled)
  → 2HInTeS4-1  gap=2.900 eV  best=0.071 eV  top50=5  top10%=11
Cycle  64: GP refit  (73 labelled)
  → 1CrO2-2  gap=1.144 eV  best=0.071 eV  top50=5  top10%=11
Cycle  65: GP refit  (74 labelled)
  → 1HfO2-3  gap=3.726 eV  best=0.071 eV  top50=5  top10%=11
Cycle  66: full DKL retrain  (75 labelled)
GP warmup: 20 epochs on initial embeddings
Joint DKL training: 50 epochs
  Epoch 20/50  loss=0.9629
  Epoch 40/50  loss=0.5206
DKL training done in 0.3s
  → 2CoHO2-1  gap=2.596 eV  best=0.071 eV  top50=5  top10%=11
Cycle  67: GP refit  (76 labelled)
  → 1FeBr2-3  gap=0.145 eV  best=0.071 eV  top50=6  top10%=12
Cycle  68: GP refit  (77 labelled)
  → 2ClCu-4  gap=3.657 eV  best=0.071 eV  top50=6  top10%=12
Cycle  69: GP refit  (78 labelled)
  → 2AlTe-1  gap=2.363 eV  best=0.071 eV  top50=6  top10%=12
Cycle  70: GP refit  (79 labelled)
  → 1C2O2Zr3-1  gap=0.961 eV  best=0.071 eV  top50=6  top10%=12
Cycle  71: full DKL retrain  (80 labelled)
GP warmup: 20 epochs on initial embeddings
Joint DKL training: 50 epochs
  Epoch 20/50  loss=1.1617
  Epoch 40/50  loss=0.7847
DKL training done in 0.3s
  → 2RuTe2-1  gap=1.071 eV  best=0.071 eV  top50=6  top10%=12
Cycle  72: GP refit  (81 labelled)
  → 1MoO2-1  gap=1.651 eV  best=0.071 eV  top50=6  top10%=12
Cycle  73: GP refit  (82 labelled)
  → 2AlS-1  gap=2.881 eV  best=0.071 eV  top50=6  top10%=12
Cycle  74: GP refit  (83 labelled)
  → 1ClO2V2Br3-1  gap=1.976 eV  best=0.071 eV  top50=6  top10%=12
Cycle  75: GP refit  (84 labelled)
  → 1N2O2Zr3-1  gap=0.616 eV  best=0.071 eV  top50=7  top10%=13
Cycle  76: full DKL retrain  (85 labelled)
GP warmup: 20 epochs on initial embeddings
Joint DKL training: 50 epochs
  Epoch 20/50  loss=0.4134
  Epoch 40/50  loss=-0.1112
DKL training done in 0.3s
  → 2HTeLi3O4-1  gap=5.347 eV  best=0.071 eV  top50=7  top10%=13
Cycle  77: GP refit  (86 labelled)
  → 1OTa3Cl7-1  gap=1.569 eV  best=0.071 eV  top50=7  top10%=13
Cycle  78: GP refit  (87 labelled)
  → 1FeHfF6-1  gap=4.951 eV  best=0.071 eV  top50=7  top10%=13
Cycle  79: GP refit  (88 labelled)
  → 2OPt-3  gap=1.460 eV  best=0.071 eV  top50=7  top10%=13
Cycle  80: GP refit  (89 labelled)
  → 1HgO-1  gap=0.025 eV  best=0.025 eV  top50=8  top10%=14
Cycle  81: full DKL retrain  (90 labelled)
GP warmup: 20 epochs on initial embeddings
Joint DKL training: 50 epochs
  Epoch 20/50  loss=0.4659
  Epoch 40/50  loss=-0.0039
DKL training done in 0.3s
  → 1MoOTe-1  gap=0.867 eV  best=0.025 eV  top50=8  top10%=14
Cycle  82: GP refit  (91 labelled)
  → 2Sb2O3-5  gap=4.624 eV  best=0.025 eV  top50=8  top10%=14
Cycle  83: GP refit  (92 labelled)
  → 2CoBr2Sb2O3-1  gap=3.435 eV  best=0.025 eV  top50=8  top10%=14
Cycle  84: GP refit  (93 labelled)
  → 1MoOSe-1  gap=1.512 eV  best=0.025 eV  top50=8  top10%=14
Cycle  85: GP refit  (94 labelled)
  → 2BiBrHgO2-1  gap=3.519 eV  best=0.025 eV  top50=8  top10%=14
Cycle  86: full DKL retrain  (95 labelled)
GP warmup: 20 epochs on initial embeddings
Joint DKL training: 50 epochs
  Epoch 20/50  loss=0.1783
  Epoch 40/50  loss=-0.2116
DKL training done in 0.3s
  → 2PdTeO3-2  gap=2.509 eV  best=0.025 eV  top50=8  top10%=14
Cycle  87: GP refit  (96 labelled)
  → 4IOSc-1  gap=3.350 eV  best=0.025 eV  top50=8  top10%=14
Cycle  88: GP refit  (97 labelled)
  → 2BrNbO2-1  gap=3.469 eV  best=0.025 eV  top50=8  top10%=14
Cycle  89: GP refit  (98 labelled)
  → 2ClRbO3-1  gap=6.795 eV  best=0.025 eV  top50=8  top10%=14
Cycle  90: GP refit  (99 labelled)
  → 1FeMgBr2O2-1  gap=0.755 eV  best=0.025 eV  top50=8  top10%=15
Cycle  91: full DKL retrain  (100 labelled)
GP warmup: 20 epochs on initial embeddings
Joint DKL training: 50 epochs
  Epoch 20/50  loss=0.5981
  Epoch 40/50  loss=0.1755
DKL training done in 0.3s
  → 1HfBr2-1  gap=1.226 eV  best=0.025 eV  top50=8  top10%=15
Cycle  92: GP refit  (101 labelled)
  → 2FeS2-1  gap=1.331 eV  best=0.025 eV  top50=8  top10%=15
Cycle  93: GP refit  (102 labelled)
  → 1ZrO2-3  gap=3.561 eV  best=0.025 eV  top50=8  top10%=15
Cycle  94: GP refit  (103 labelled)
  → 2IK-2  gap=4.784 eV  best=0.025 eV  top50=8  top10%=15
Cycle  95: GP refit  (104 labelled)
  → 1OScHf3N3Br4-1  gap=4.148 eV  best=0.025 eV  top50=8  top10%=15
Cycle  96: full DKL retrain  (105 labelled)
GP warmup: 20 epochs on initial embeddings
Joint DKL training: 50 epochs
  Epoch 20/50  loss=0.0953
  Epoch 40/50  loss=-0.2778
DKL training done in 0.3s
  → 1MoOS-1  gap=1.831 eV  best=0.025 eV  top50=8  top10%=15
Cycle  97: GP refit  (106 labelled)
  → 1Ta3Br8-1  gap=0.821 eV  best=0.025 eV  top50=8  top10%=15
Cycle  98: GP refit  (107 labelled)
  → 2HTeNa3O4-1  gap=5.379 eV  best=0.025 eV  top50=8  top10%=15
Cycle  99: GP refit  (108 labelled)
  → 1SeAu2O4-1  gap=1.925 eV  best=0.025 eV  top50=8  top10%=15
Cycle 100: GP refit  (109 labelled)
  → 2TiO2-1  gap=5.342 eV  best=0.025 eV  top50=8  top10%=15
  gap_min/seed9 → best=0.025 top50=8 top10%=15
  [gap_min] done
BOLoop: 766 materials  |  direction=min  |  top-50 internal threshold=0.62  top-10% internal threshold=0.49
Init: 10 random labels  |  best (min) = -0.307
Cycle   1: full DKL retrain  (10 labelled)
GP warmup: 20 epochs on initial embeddings
/home/roy/Desktop/DKL-BO/venv/lib/python3.13/site-packages/torch/_compile.py:54: UserWarning: optimizer contains a parameter group with duplicate parameters; in future, this will cause an error; see github.com/pytorch/pytorch/issues/40967 for more information
  return disable_fn(*args, **kwargs)
Joint DKL training: 50 epochs
  Epoch 20/50  loss=0.9541
  Epoch 40/50  loss=0.7746
DKL training done in 0.3s
  → 2HNaSe-1  gap=-0.343 eV  best=-0.343 eV  top50=0  top10%=0
Cycle   2: GP refit  (11 labelled)
  → 2FK-1  gap=-0.065 eV  best=-0.343 eV  top50=0  top10%=0
Cycle   3: GP refit  (12 labelled)
  → 1BrClGe2Se2-1  gap=-0.224 eV  best=-0.343 eV  top50=0  top10%=0
Cycle   4: GP refit  (13 labelled)
  → 1CSiH2-1  gap=0.042 eV  best=-0.343 eV  top50=0  top10%=0
Cycle   5: GP refit  (14 labelled)
  → 1PbSe2-1  gap=-0.543 eV  best=-0.543 eV  top50=0  top10%=1
Cycle   6: full DKL retrain  (15 labelled)
GP warmup: 20 epochs on initial embeddings
Joint DKL training: 50 epochs
  Epoch 20/50  loss=-0.4528
  Epoch 40/50  loss=-0.5892
DKL training done in 0.3s
  → 2AgIBr2-1  gap=0.085 eV  best=-0.543 eV  top50=0  top10%=1
Cycle   7: GP refit  (16 labelled)
  → 1RuCl2-3  gap=-0.112 eV  best=-0.543 eV  top50=0  top10%=1
Cycle   8: GP refit  (17 labelled)
  → 2HKTe-1  gap=-0.310 eV  best=-0.543 eV  top50=0  top10%=1
Cycle   9: GP refit  (18 labelled)
  → 2IRb-1  gap=-0.293 eV  best=-0.543 eV  top50=0  top10%=1
Cycle  10: GP refit  (19 labelled)
  → 1InSb-1  gap=0.248 eV  best=-0.543 eV  top50=0  top10%=1
Cycle  11: full DKL retrain  (20 labelled)
GP warmup: 20 epochs on initial embeddings
Joint DKL training: 50 epochs
  Epoch 20/50  loss=-0.8462
  Epoch 40/50  loss=-1.0832
DKL training done in 0.3s
  → 2HKS-2  gap=-0.206 eV  best=-0.543 eV  top50=0  top10%=1
Cycle  12: GP refit  (21 labelled)
  → 2ClIn-5  gap=0.029 eV  best=-0.543 eV  top50=0  top10%=1
Cycle  13: GP refit  (22 labelled)
  → 2ClGa-1  gap=-0.075 eV  best=-0.543 eV  top50=0  top10%=1
Cycle  14: GP refit  (23 labelled)
  → 2ClCs-1  gap=-0.154 eV  best=-0.543 eV  top50=0  top10%=1
Cycle  15: GP refit  (24 labelled)
  → 2ClRb-2  gap=-0.180 eV  best=-0.543 eV  top50=0  top10%=1
Cycle  16: full DKL retrain  (25 labelled)
GP warmup: 20 epochs on initial embeddings
Joint DKL training: 50 epochs
  Epoch 20/50  loss=-1.1257
  Epoch 40/50  loss=-1.3353
DKL training done in 0.3s
  → 2RhSe-3  gap=-0.543 eV  best=-0.543 eV  top50=0  top10%=2
Cycle  17: GP refit  (26 labelled)
  → 2ORh-2  gap=-0.719 eV  best=-0.719 eV  top50=1  top10%=3
Cycle  18: GP refit  (27 labelled)
  → 2PbTe-3  gap=-0.241 eV  best=-0.719 eV  top50=1  top10%=3
Cycle  19: GP refit  (28 labelled)
  → 2ClK-2  gap=-0.167 eV  best=-0.719 eV  top50=1  top10%=3
Cycle  20: GP refit  (29 labelled)
  → 2BiIn-1  gap=-0.948 eV  best=-0.948 eV  top50=2  top10%=4
Cycle  21: full DKL retrain  (30 labelled)
GP warmup: 20 epochs on initial embeddings
Joint DKL training: 50 epochs
  Epoch 20/50  loss=-0.8384
  Epoch 40/50  loss=-1.2249
DKL training done in 0.3s
  → 1ClSSb-2  gap=-0.029 eV  best=-0.948 eV  top50=2  top10%=4
Cycle  22: GP refit  (31 labelled)
  → 1AsIn-1  gap=0.064 eV  best=-0.948 eV  top50=2  top10%=4
Cycle  23: GP refit  (32 labelled)
  → 2CsF-1  gap=-0.074 eV  best=-0.948 eV  top50=2  top10%=4
Cycle  24: GP refit  (33 labelled)
  → 1Br2Se2Pb3-1  gap=-0.408 eV  best=-0.948 eV  top50=2  top10%=4
Cycle  25: GP refit  (34 labelled)
  → 2AgCl-7  gap=-0.228 eV  best=-0.948 eV  top50=2  top10%=4
Cycle  26: full DKL retrain  (35 labelled)
GP warmup: 20 epochs on initial embeddings
Joint DKL training: 50 epochs
  Epoch 20/50  loss=-0.7563
  Epoch 40/50  loss=-1.0780
DKL training done in 0.3s
  → 1PbSe-1  gap=-0.390 eV  best=-0.948 eV  top50=2  top10%=4
Cycle  27: GP refit  (36 labelled)
  → 2RuO2-1  gap=-1.239 eV  best=-1.239 eV  top50=3  top10%=5
Cycle  28: GP refit  (37 labelled)
  → 2TiO2-1  gap=0.453 eV  best=-1.239 eV  top50=3  top10%=5
Cycle  29: GP refit  (38 labelled)
  → 2AlO-1  gap=-0.213 eV  best=-1.239 eV  top50=3  top10%=5
Cycle  30: GP refit  (39 labelled)
  → 2ScTe-4  gap=-0.071 eV  best=-1.239 eV  top50=3  top10%=5
Cycle  31: full DKL retrain  (40 labelled)
GP warmup: 20 epochs on initial embeddings
Joint DKL training: 50 epochs
  Epoch 20/50  loss=0.2253
  Epoch 40/50  loss=-0.4768
DKL training done in 0.3s
  → 1TiF2-1  gap=0.463 eV  best=-1.239 eV  top50=3  top10%=5
Cycle  32: GP refit  (41 labelled)
  → 1WO2-1  gap=-0.459 eV  best=-1.239 eV  top50=3  top10%=5
Cycle  33: GP refit  (42 labelled)
  → 1MoW3O8-1  gap=-0.430 eV  best=-1.239 eV  top50=3  top10%=5
Cycle  34: GP refit  (43 labelled)
  → 2PbSe-1  gap=-1.002 eV  best=-1.239 eV  top50=4  top10%=6
Cycle  35: GP refit  (44 labelled)
  → 1CrW3Se8-1  gap=-0.168 eV  best=-1.239 eV  top50=4  top10%=6
Cycle  36: full DKL retrain  (45 labelled)
GP warmup: 20 epochs on initial embeddings
Joint DKL training: 50 epochs
  Epoch 20/50  loss=0.6930
  Epoch 40/50  loss=-0.4929
DKL training done in 0.3s
  → 2OW-1  gap=-0.094 eV  best=-1.239 eV  top50=4  top10%=6
Cycle  37: GP refit  (46 labelled)
  → 1BN-1  gap=-0.030 eV  best=-1.239 eV  top50=4  top10%=6
Cycle  38: GP refit  (47 labelled)
  → 2MoWSe4-1  gap=-0.293 eV  best=-1.239 eV  top50=4  top10%=6
Cycle  39: GP refit  (48 labelled)
  → 1AsBrTe-1  gap=-0.059 eV  best=-1.239 eV  top50=4  top10%=6
Cycle  40: GP refit  (49 labelled)
  → 1CrO2-2  gap=-0.060 eV  best=-1.239 eV  top50=4  top10%=6
Cycle  41: full DKL retrain  (50 labelled)
GP warmup: 20 epochs on initial embeddings
Joint DKL training: 50 epochs
  Epoch 20/50  loss=0.0096
  Epoch 40/50  loss=-0.7337
DKL training done in 0.3s
  → 1WTe2-1  gap=-0.347 eV  best=-1.239 eV  top50=4  top10%=6
Cycle  42: GP refit  (51 labelled)
  → 1OTeW-1  gap=0.353 eV  best=-1.239 eV  top50=4  top10%=6
Cycle  43: GP refit  (52 labelled)
  → 2Bi2O3-2  gap=-1.508 eV  best=-1.508 eV  top50=5  top10%=7
Cycle  44: GP refit  (53 labelled)
  → 2BaBi2O4-1  gap=-0.266 eV  best=-1.508 eV  top50=5  top10%=7
Cycle  45: GP refit  (54 labelled)
  → 2MoWO4-1  gap=-0.389 eV  best=-1.508 eV  top50=5  top10%=7
Cycle  46: full DKL retrain  (55 labelled)
GP warmup: 20 epochs on initial embeddings
Joint DKL training: 50 epochs
  Epoch 20/50  loss=-0.0291
  Epoch 40/50  loss=-0.4327
DKL training done in 0.3s
  → 2WO3-1  gap=-0.454 eV  best=-1.508 eV  top50=5  top10%=7
Cycle  47: GP refit  (56 labelled)
  → 2BiO-1  gap=-1.197 eV  best=-1.508 eV  top50=6  top10%=8
Cycle  48: GP refit  (57 labelled)
  → 1OSeW-1  gap=0.239 eV  best=-1.508 eV  top50=6  top10%=8
Cycle  49: GP refit  (58 labelled)
  → 1BiFTe-1  gap=0.083 eV  best=-1.508 eV  top50=6  top10%=8
Cycle  50: GP refit  (59 labelled)
  → 2AsTlO3-1  gap=0.034 eV  best=-1.508 eV  top50=6  top10%=8
Cycle  51: full DKL retrain  (60 labelled)
GP warmup: 20 epochs on initial embeddings
Joint DKL training: 50 epochs
  Epoch 20/50  loss=-0.5590
  Epoch 40/50  loss=-0.8913
DKL training done in 0.3s
  → 1MoW3Te8-1  gap=-0.371 eV  best=-1.508 eV  top50=6  top10%=8
Cycle  52: GP refit  (61 labelled)
  → 2PbTe-1  gap=-1.102 eV  best=-1.508 eV  top50=7  top10%=9
Cycle  53: GP refit  (62 labelled)
  → 2CrWTe4-1  gap=-0.116 eV  best=-1.508 eV  top50=7  top10%=9
Cycle  54: GP refit  (63 labelled)
  → 4OBi2Se2-1  gap=-0.822 eV  best=-1.508 eV  top50=8  top10%=10
Cycle  55: GP refit  (64 labelled)
  → 1GeO-1  gap=-0.197 eV  best=-1.508 eV  top50=8  top10%=10
Cycle  56: full DKL retrain  (65 labelled)
GP warmup: 20 epochs on initial embeddings
Joint DKL training: 50 epochs
  Epoch 20/50  loss=-0.8331
  Epoch 40/50  loss=-1.1081
DKL training done in 0.3s
  → 1CrTe2-2  gap=-0.088 eV  best=-1.508 eV  top50=8  top10%=10
Cycle  57: GP refit  (66 labelled)
  → 4AsPdTe-1  gap=0.105 eV  best=-1.508 eV  top50=8  top10%=10
Cycle  58: GP refit  (67 labelled)
  → 1WCr3Te8-1  gap=-0.071 eV  best=-1.508 eV  top50=8  top10%=10
Cycle  59: GP refit  (68 labelled)
  → 2BiBrCdO2-1  gap=-0.111 eV  best=-1.508 eV  top50=8  top10%=10
Cycle  60: GP refit  (69 labelled)
  → 4BiLiO2-1  gap=-0.349 eV  best=-1.508 eV  top50=8  top10%=10
Cycle  61: full DKL retrain  (70 labelled)
GP warmup: 20 epochs on initial embeddings
Joint DKL training: 50 epochs
  Epoch 20/50  loss=-0.9353
  Epoch 40/50  loss=-1.2882
DKL training done in 0.3s
  → 1ZrTi3Te8-1  gap=-0.215 eV  best=-1.508 eV  top50=8  top10%=10
Cycle  62: GP refit  (71 labelled)
  → 1WMo3Te8-1  gap=-0.371 eV  best=-1.508 eV  top50=8  top10%=10
Cycle  63: GP refit  (72 labelled)
  → 2SrBi2O4-1  gap=-0.251 eV  best=-1.508 eV  top50=8  top10%=10
Cycle  64: GP refit  (73 labelled)
  → 2InO-2  gap=-0.495 eV  best=-1.508 eV  top50=8  top10%=11
Cycle  65: GP refit  (74 labelled)
  → 1HgO-1  gap=0.248 eV  best=-1.508 eV  top50=8  top10%=11
Cycle  66: full DKL retrain  (75 labelled)
GP warmup: 20 epochs on initial embeddings
Joint DKL training: 50 epochs
  Epoch 20/50  loss=-0.9405
  Epoch 40/50  loss=-1.3475
DKL training done in 0.4s
  → 1AgScP2S6-1  gap=0.826 eV  best=-1.508 eV  top50=8  top10%=11
Cycle  67: GP refit  (76 labelled)
  → 1VSe2-1  gap=-0.065 eV  best=-1.508 eV  top50=8  top10%=11
Cycle  68: GP refit  (77 labelled)
  → 1GeTe-1  gap=-0.502 eV  best=-1.508 eV  top50=8  top10%=12
Cycle  69: GP refit  (78 labelled)
  → 2CuSe-4  gap=-0.089 eV  best=-1.508 eV  top50=8  top10%=12
Cycle  70: GP refit  (79 labelled)
  → 1WAu2Te4-1  gap=0.586 eV  best=-1.508 eV  top50=8  top10%=12
Cycle  71: full DKL retrain  (80 labelled)
GP warmup: 20 epochs on initial embeddings
Joint DKL training: 50 epochs
  Epoch 20/50  loss=0.1538
  Epoch 40/50  loss=-0.1650
DKL training done in 0.3s
  → 2IrSe-3  gap=-0.186 eV  best=-1.508 eV  top50=8  top10%=12
Cycle  72: GP refit  (81 labelled)
  → 1OBi2S2-1  gap=-0.806 eV  best=-1.508 eV  top50=9  top10%=13
Cycle  73: GP refit  (82 labelled)
  → 1AgAlAs2Se6-1  gap=-0.325 eV  best=-1.508 eV  top50=9  top10%=13
Cycle  74: GP refit  (83 labelled)
  → 2AsITe-1  gap=-1.281 eV  best=-1.508 eV  top50=10  top10%=14
Cycle  75: GP refit  (84 labelled)
  → 1AsITe-2  gap=-0.286 eV  best=-1.508 eV  top50=10  top10%=14
Cycle  76: full DKL retrain  (85 labelled)
GP warmup: 20 epochs on initial embeddings
Joint DKL training: 50 epochs
  Epoch 20/50  loss=-0.4088
  Epoch 40/50  loss=-0.7998
DKL training done in 0.3s
  → 1PbTe-1  gap=-0.622 eV  best=-1.508 eV  top50=11  top10%=15
Cycle  77: GP refit  (86 labelled)
  → 2SeTl-2  gap=-0.739 eV  best=-1.508 eV  top50=12  top10%=16
Cycle  78: GP refit  (87 labelled)
  → 2TeTi-4  gap=-0.254 eV  best=-1.508 eV  top50=12  top10%=16
Cycle  79: GP refit  (88 labelled)
  → 2BiCdIO2-1  gap=-0.315 eV  best=-1.508 eV  top50=12  top10%=16
Cycle  80: GP refit  (89 labelled)
  → 2CaFI-1  gap=-0.280 eV  best=-1.508 eV  top50=12  top10%=16
Cycle  81: full DKL retrain  (90 labelled)
GP warmup: 20 epochs on initial embeddings
Joint DKL training: 50 epochs
  Epoch 20/50  loss=0.1566
  Epoch 40/50  loss=-0.0556
DKL training done in 0.3s
  → 1SnTe-1  gap=-0.411 eV  best=-1.508 eV  top50=12  top10%=16
Cycle  82: GP refit  (91 labelled)
  → 2BrRb-2  gap=-0.247 eV  best=-1.508 eV  top50=12  top10%=16
Cycle  83: GP refit  (92 labelled)
  → 4HgSe-1  gap=-0.862 eV  best=-1.508 eV  top50=13  top10%=17
Cycle  84: GP refit  (93 labelled)
  → 1SrI2-2  gap=0.061 eV  best=-1.508 eV  top50=13  top10%=17
Cycle  85: GP refit  (94 labelled)
  → 2GaSe-7  gap=-0.394 eV  best=-1.508 eV  top50=13  top10%=17
Cycle  86: full DKL retrain  (95 labelled)
GP warmup: 20 epochs on initial embeddings
Joint DKL training: 50 epochs
  Epoch 20/50  loss=-0.1632
  Epoch 40/50  loss=-0.4890
DKL training done in 0.3s
  → 2FRhS-1  gap=-0.129 eV  best=-1.508 eV  top50=13  top10%=17
Cycle  87: GP refit  (96 labelled)
  → 4OBi2S2-1  gap=-1.470 eV  best=-1.508 eV  top50=14  top10%=18
Cycle  88: GP refit  (97 labelled)
  → 2CaSb2O4-1  gap=0.272 eV  best=-1.508 eV  top50=14  top10%=18
Cycle  89: GP refit  (98 labelled)
  → 1BiBrSe-2  gap=0.387 eV  best=-1.508 eV  top50=14  top10%=18
Cycle  90: GP refit  (99 labelled)
  → 1BiFSe-1  gap=0.592 eV  best=-1.508 eV  top50=14  top10%=18
Cycle  91: full DKL retrain  (100 labelled)
GP warmup: 20 epochs on initial embeddings
Joint DKL training: 50 epochs
  Epoch 20/50  loss=-0.4770
  Epoch 40/50  loss=-0.7405
DKL training done in 0.3s
  → 2SbTlO3-1  gap=-0.703 eV  best=-1.508 eV  top50=15  top10%=19
Cycle  92: GP refit  (101 labelled)
  → 2CuF-2  gap=-0.491 eV  best=-1.508 eV  top50=15  top10%=20
Cycle  93: GP refit  (102 labelled)
  → 4AsLiS2-2  gap=-0.393 eV  best=-1.508 eV  top50=15  top10%=20
Cycle  94: GP refit  (103 labelled)
  → 1WAu2O4-2  gap=0.492 eV  best=-1.508 eV  top50=15  top10%=20
Cycle  95: GP refit  (104 labelled)
  → 2CuS-2  gap=-0.094 eV  best=-1.508 eV  top50=15  top10%=20
Cycle  96: full DKL retrain  (105 labelled)
GP warmup: 20 epochs on initial embeddings
Joint DKL training: 50 epochs
  Epoch 20/50  loss=0.2758
  Epoch 40/50  loss=-0.0871
DKL training done in 0.3s
  → 1AlAs-1  gap=-0.875 eV  best=-1.508 eV  top50=16  top10%=21
Cycle  97: GP refit  (106 labelled)
  → 1SeBi2S2-1  gap=-1.120 eV  best=-1.508 eV  top50=17  top10%=22
Cycle  98: GP refit  (107 labelled)
  → 2IrO-2  gap=-0.581 eV  best=-1.508 eV  top50=17  top10%=23
Cycle  99: GP refit  (108 labelled)
  → 1BiClSe-1  gap=0.055 eV  best=-1.508 eV  top50=17  top10%=23
Cycle 100: GP refit  (109 labelled)
  → 2AgSe-1  gap=-0.059 eV  best=-1.508 eV  top50=17  top10%=23
  emass_min/seed0 → best=-1.508 top50=17 top10%=23
BOLoop: 766 materials  |  direction=min  |  top-50 internal threshold=0.62  top-10% internal threshold=0.49
Init: 10 random labels  |  best (min) = -0.384
Cycle   1: full DKL retrain  (10 labelled)
GP warmup: 20 epochs on initial embeddings
/home/roy/Desktop/DKL-BO/venv/lib/python3.13/site-packages/torch/_compile.py:54: UserWarning: optimizer contains a parameter group with duplicate parameters; in future, this will cause an error; see github.com/pytorch/pytorch/issues/40967 for more information
  return disable_fn(*args, **kwargs)
Joint DKL training: 50 epochs
  Epoch 20/50  loss=0.7929
  Epoch 40/50  loss=0.7168
DKL training done in 0.3s
  → 1BrIZr-1  gap=-0.048 eV  best=-0.384 eV  top50=0  top10%=0
Cycle   2: GP refit  (11 labelled)
  → 4NiPS-1  gap=0.141 eV  best=-0.384 eV  top50=0  top10%=0
Cycle   3: GP refit  (12 labelled)
  → 1ZrS2-2  gap=0.218 eV  best=-0.384 eV  top50=0  top10%=0
Cycle   4: GP refit  (13 labelled)
  → 2AgBr-3  gap=-0.277 eV  best=-0.384 eV  top50=0  top10%=0
Cycle   5: GP refit  (14 labelled)
  → 1PdZrI6-1  gap=0.201 eV  best=-0.384 eV  top50=0  top10%=0
Cycle   6: full DKL retrain  (15 labelled)
GP warmup: 20 epochs on initial embeddings
Joint DKL training: 50 epochs
  Epoch 20/50  loss=-0.2592
  Epoch 40/50  loss=-0.4505
DKL training done in 0.3s
  → 2HLi3S5-1  gap=0.103 eV  best=-0.384 eV  top50=0  top10%=0
Cycle   7: GP refit  (16 labelled)
  → 4PPtS-1  gap=-0.083 eV  best=-0.384 eV  top50=0  top10%=0
Cycle   8: GP refit  (17 labelled)
  → 2AgI-2  gap=-0.404 eV  best=-0.404 eV  top50=0  top10%=0
Cycle   9: GP refit  (18 labelled)
  → 4AgCl2-1  gap=0.534 eV  best=-0.404 eV  top50=0  top10%=0
Cycle  10: GP refit  (19 labelled)
  → 1SnTe-1  gap=-0.411 eV  best=-0.411 eV  top50=0  top10%=0
Cycle  11: full DKL retrain  (20 labelled)
GP warmup: 20 epochs on initial embeddings
Joint DKL training: 50 epochs
  Epoch 20/50  loss=-0.5364
  Epoch 40/50  loss=-0.9989
DKL training done in 0.3s
  → 1PbTe-1  gap=-0.622 eV  best=-0.622 eV  top50=1  top10%=1
Cycle  12: GP refit  (21 labelled)
  → 2PbTe-3  gap=-0.241 eV  best=-0.622 eV  top50=1  top10%=1
Cycle  13: GP refit  (22 labelled)
  → 2PbTe-1  gap=-1.102 eV  best=-1.102 eV  top50=2  top10%=2
Cycle  14: GP refit  (23 labelled)
  → 2BrCs-2  gap=-0.221 eV  best=-1.102 eV  top50=2  top10%=2
Cycle  15: GP refit  (24 labelled)
  → 2ITl-3  gap=-0.025 eV  best=-1.102 eV  top50=2  top10%=2
Cycle  16: full DKL retrain  (25 labelled)
GP warmup: 20 epochs on initial embeddings
Joint DKL training: 50 epochs
  Epoch 20/50  loss=-0.3544
  Epoch 40/50  loss=-0.6088
DKL training done in 0.3s
  → 2PbS-3  gap=-0.397 eV  best=-1.102 eV  top50=2  top10%=2
Cycle  17: GP refit  (26 labelled)
  → 2PbS-1  gap=-0.843 eV  best=-1.102 eV  top50=3  top10%=3
Cycle  18: GP refit  (27 labelled)
  → 1SI2Pb2-1  gap=-0.875 eV  best=-1.102 eV  top50=4  top10%=4
Cycle  19: GP refit  (28 labelled)
  → 2PbSe-1  gap=-1.002 eV  best=-1.102 eV  top50=5  top10%=5
Cycle  20: GP refit  (29 labelled)
  → 2OPb-3  gap=-0.244 eV  best=-1.102 eV  top50=5  top10%=5
Cycle  21: full DKL retrain  (30 labelled)
GP warmup: 20 epochs on initial embeddings
Joint DKL training: 50 epochs
  Epoch 20/50  loss=-0.6912
  Epoch 40/50  loss=-0.8512
DKL training done in 0.3s
  → 1PbSe-1  gap=-0.390 eV  best=-1.102 eV  top50=5  top10%=5
Cycle  22: GP refit  (31 labelled)
  → 1AsISe-1  gap=0.253 eV  best=-1.102 eV  top50=5  top10%=5
Cycle  23: GP refit  (32 labelled)
  → 1AgCrP2Te6-1  gap=-0.425 eV  best=-1.102 eV  top50=5  top10%=5
Cycle  24: GP refit  (33 labelled)
  → 1Br2Se2Pb3-1  gap=-0.408 eV  best=-1.102 eV  top50=5  top10%=5
Cycle  25: GP refit  (34 labelled)
  → 2AgTe-2  gap=-0.666 eV  best=-1.102 eV  top50=6  top10%=6
Cycle  26: full DKL retrain  (35 labelled)
GP warmup: 20 epochs on initial embeddings
Joint DKL training: 50 epochs
  Epoch 20/50  loss=-0.6411
  Epoch 40/50  loss=-0.8255
DKL training done in 0.3s
  → 2TeZr-4  gap=-0.459 eV  best=-1.102 eV  top50=6  top10%=6
Cycle  27: GP refit  (36 labelled)
  → 1ZrTe2-2  gap=-0.271 eV  best=-1.102 eV  top50=6  top10%=6
Cycle  28: GP refit  (37 labelled)
  → 2AgTe-3  gap=-0.089 eV  best=-1.102 eV  top50=6  top10%=6
Cycle  29: GP refit  (38 labelled)
  → 1HfZr3Te8-1  gap=-0.271 eV  best=-1.102 eV  top50=6  top10%=6
Cycle  30: GP refit  (39 labelled)
  → 2HfZrTe4-1  gap=-0.328 eV  best=-1.102 eV  top50=6  top10%=6
Cycle  31: full DKL retrain  (40 labelled)
GP warmup: 20 epochs on initial embeddings
Joint DKL training: 50 epochs
  Epoch 20/50  loss=-0.5291
  Epoch 40/50  loss=-0.6870
DKL training done in 0.3s
  → 1PbS-1  gap=0.295 eV  best=-1.102 eV  top50=6  top10%=6
Cycle  32: GP refit  (41 labelled)
  → 1WTe2-1  gap=-0.347 eV  best=-1.102 eV  top50=6  top10%=6
Cycle  33: GP refit  (42 labelled)
  → 2OPb-1  gap=-0.151 eV  best=-1.102 eV  top50=6  top10%=6
Cycle  34: GP refit  (43 labelled)
  → 4SSn-1  gap=-0.694 eV  best=-1.102 eV  top50=7  top10%=7
Cycle  35: GP refit  (44 labelled)
  → 1AgAlP2Te6-1  gap=-0.152 eV  best=-1.102 eV  top50=7  top10%=7
Cycle  36: full DKL retrain  (45 labelled)
GP warmup: 20 epochs on initial embeddings
Joint DKL training: 50 epochs
  Epoch 20/50  loss=-0.3320
  Epoch 40/50  loss=-0.2666
DKL training done in 0.3s
  → 1CrTe2-2  gap=-0.088 eV  best=-1.102 eV  top50=7  top10%=7
Cycle  37: GP refit  (46 labelled)
  → 1SSeSn-1  gap=-0.312 eV  best=-1.102 eV  top50=7  top10%=7
Cycle  38: GP refit  (47 labelled)
  → 1WCr3Te8-1  gap=-0.071 eV  best=-1.102 eV  top50=7  top10%=7
Cycle  39: GP refit  (48 labelled)
  → 1SeSn-1  gap=-0.280 eV  best=-1.102 eV  top50=7  top10%=7
Cycle  40: GP refit  (49 labelled)
  → 1PtSeTe-1  gap=0.028 eV  best=-1.102 eV  top50=7  top10%=7
Cycle  41: full DKL retrain  (50 labelled)
GP warmup: 20 epochs on initial embeddings
Joint DKL training: 50 epochs
  Epoch 20/50  loss=-0.4465
  Epoch 40/50  loss=-0.5712
DKL training done in 0.3s
  → 1HfI2-1  gap=-0.211 eV  best=-1.102 eV  top50=7  top10%=7
Cycle  42: GP refit  (51 labelled)
  → 1HfTe2-2  gap=-0.278 eV  best=-1.102 eV  top50=7  top10%=7
Cycle  43: GP refit  (52 labelled)
  → 1ZrHf3Te8-1  gap=-0.353 eV  best=-1.102 eV  top50=7  top10%=7
Cycle  44: GP refit  (53 labelled)
  → 2HfI2-1  gap=0.054 eV  best=-1.102 eV  top50=7  top10%=7
Cycle  45: GP refit  (54 labelled)
  → 1CrW3Te8-1  gap=-0.331 eV  best=-1.102 eV  top50=7  top10%=7
Cycle  46: full DKL retrain  (55 labelled)
GP warmup: 20 epochs on initial embeddings
Joint DKL training: 50 epochs
  Epoch 20/50  loss=-0.4659
  Epoch 40/50  loss=-0.7110
DKL training done in 0.3s
  → 1MoW3Te8-1  gap=-0.371 eV  best=-1.102 eV  top50=7  top10%=7
Cycle  47: GP refit  (56 labelled)
  → 1TiZr3Te8-1  gap=-0.246 eV  best=-1.102 eV  top50=7  top10%=7
Cycle  48: GP refit  (57 labelled)
  → 1ZrI2-1  gap=-0.093 eV  best=-1.102 eV  top50=7  top10%=7
Cycle  49: GP refit  (58 labelled)
  → 1PbSe2-1  gap=-0.543 eV  best=-1.102 eV  top50=7  top10%=8
Cycle  50: GP refit  (59 labelled)
  → 2TeTl-2  gap=-0.972 eV  best=-1.102 eV  top50=8  top10%=9
Cycle  51: full DKL retrain  (60 labelled)
GP warmup: 20 epochs on initial embeddings
Joint DKL training: 50 epochs
  Epoch 20/50  loss=-0.4525
  Epoch 40/50  loss=-0.8340
DKL training done in 0.3s
  → 1BrITl2-1  gap=-0.521 eV  best=-1.102 eV  top50=8  top10%=10
Cycle  52: GP refit  (61 labelled)
  → 1CdInTlS4-1  gap=-0.307 eV  best=-1.102 eV  top50=8  top10%=10
Cycle  53: GP refit  (62 labelled)
  → 2SeTl-2  gap=-0.739 eV  best=-1.102 eV  top50=9  top10%=11
Cycle  54: GP refit  (63 labelled)
  → 1InP-1  gap=-1.028 eV  best=-1.102 eV  top50=10  top10%=12
Cycle  55: GP refit  (64 labelled)
  → 2STl-2  gap=-0.605 eV  best=-1.102 eV  top50=10  top10%=13
Cycle  56: full DKL retrain  (65 labelled)
GP warmup: 20 epochs on initial embeddings
Joint DKL training: 50 epochs
  Epoch 20/50  loss=-0.4630
  Epoch 40/50  loss=-0.6419
DKL training done in 0.3s
  → 1BP-1  gap=-0.723 eV  best=-1.102 eV  top50=11  top10%=14
Cycle  57: GP refit  (66 labelled)
  → 2MoWTe4-1  gap=-0.304 eV  best=-1.102 eV  top50=11  top10%=14
Cycle  58: GP refit  (67 labelled)
  → 1AgTlP2Se6-1  gap=0.154 eV  best=-1.102 eV  top50=11  top10%=14
Cycle  59: GP refit  (68 labelled)
  → 1WMo3Te8-1  gap=-0.371 eV  best=-1.102 eV  top50=11  top10%=14
Cycle  60: GP refit  (69 labelled)
  → 1MoTe2-1  gap=-0.326 eV  best=-1.102 eV  top50=11  top10%=14
Cycle  61: full DKL retrain  (70 labelled)
GP warmup: 20 epochs on initial embeddings
Joint DKL training: 50 epochs
  Epoch 20/50  loss=-0.2891
  Epoch 40/50  loss=-0.6872
DKL training done in 0.3s
  → 2InTe-1  gap=-0.797 eV  best=-1.102 eV  top50=12  top10%=15
Cycle  62: GP refit  (71 labelled)
  → 1STeW-1  gap=0.053 eV  best=-1.102 eV  top50=12  top10%=15
Cycle  63: GP refit  (72 labelled)
  → 1SSn-1  gap=-0.120 eV  best=-1.102 eV  top50=12  top10%=15
Cycle  64: GP refit  (73 labelled)
  → 1PbS2-1  gap=-0.438 eV  best=-1.102 eV  top50=12  top10%=15
Cycle  65: GP refit  (74 labelled)
  → 1STeIn2-1  gap=0.126 eV  best=-1.102 eV  top50=12  top10%=15
Cycle  66: full DKL retrain  (75 labelled)
GP warmup: 20 epochs on initial embeddings
Joint DKL training: 50 epochs
  Epoch 20/50  loss=-0.5694
  Epoch 40/50  loss=-0.7459
DKL training done in 0.3s
  → 1PbI2-2  gap=-0.398 eV  best=-1.102 eV  top50=12  top10%=15
Cycle  67: GP refit  (76 labelled)
  → 1GaInTe2-1  gap=-0.212 eV  best=-1.102 eV  top50=12  top10%=15
Cycle  68: GP refit  (77 labelled)
  → 2OsTe2-1  gap=0.203 eV  best=-1.102 eV  top50=12  top10%=15
Cycle  69: GP refit  (78 labelled)
  → 1InSb-1  gap=0.248 eV  best=-1.102 eV  top50=12  top10%=15
Cycle  70: GP refit  (79 labelled)
  → 1BN-1  gap=-0.030 eV  best=-1.102 eV  top50=12  top10%=15
Cycle  71: full DKL retrain  (80 labelled)
GP warmup: 20 epochs on initial embeddings
Joint DKL training: 50 epochs
  Epoch 20/50  loss=-0.6677
  Epoch 40/50  loss=-0.8690
DKL training done in 0.3s
  → 2AuI-3  gap=-0.420 eV  best=-1.102 eV  top50=12  top10%=15
Cycle  72: GP refit  (81 labelled)
  → 1AgScP2S6-1  gap=0.826 eV  best=-1.102 eV  top50=12  top10%=15
Cycle  73: GP refit  (82 labelled)
  → 1CrMo3Te8-1  gap=-0.127 eV  best=-1.102 eV  top50=12  top10%=15
Cycle  74: GP refit  (83 labelled)
  → 1WAg2Te4-1  gap=0.764 eV  best=-1.102 eV  top50=12  top10%=15
Cycle  75: GP refit  (84 labelled)
  → 1TiHf3Te8-1  gap=-0.286 eV  best=-1.102 eV  top50=12  top10%=15
Cycle  76: full DKL retrain  (85 labelled)
GP warmup: 20 epochs on initial embeddings
Joint DKL training: 50 epochs
  Epoch 20/50  loss=-0.5249
  Epoch 40/50  loss=-0.7866
DKL training done in 0.3s
  → 2AgCl-7  gap=-0.228 eV  best=-1.102 eV  top50=12  top10%=15
Cycle  77: GP refit  (86 labelled)
  → 4BrCd-1  gap=-0.503 eV  best=-1.102 eV  top50=12  top10%=16
Cycle  78: GP refit  (87 labelled)
  → 4PPdSe-1  gap=0.285 eV  best=-1.102 eV  top50=12  top10%=16
Cycle  79: GP refit  (88 labelled)
  → 2ClCs-1  gap=-0.154 eV  best=-1.102 eV  top50=12  top10%=16
Cycle  80: GP refit  (89 labelled)
  → 2HfTiTe4-1  gap=-0.195 eV  best=-1.102 eV  top50=12  top10%=16
Cycle  81: full DKL retrain  (90 labelled)
GP warmup: 20 epochs on initial embeddings
Joint DKL training: 50 epochs
  Epoch 20/50  loss=-0.4530
  Epoch 40/50  loss=-0.8672
DKL training done in 0.3s
  → 1BrISCd2-1  gap=-0.426 eV  best=-1.102 eV  top50=12  top10%=16
Cycle  82: GP refit  (91 labelled)
  → 1InN-1  gap=-0.996 eV  best=-1.102 eV  top50=13  top10%=17
Cycle  83: GP refit  (92 labelled)
  → 2HTeLi3S4-1  gap=-0.040 eV  best=-1.102 eV  top50=13  top10%=17
Cycle  84: GP refit  (93 labelled)
  → 2BrTl-3  gap=0.053 eV  best=-1.102 eV  top50=13  top10%=17
Cycle  85: GP refit  (94 labelled)
  → 2HLiS-1  gap=-0.155 eV  best=-1.102 eV  top50=13  top10%=17
Cycle  86: full DKL retrain  (95 labelled)
GP warmup: 20 epochs on initial embeddings
Joint DKL training: 50 epochs
  Epoch 20/50  loss=-0.9894
  Epoch 40/50  loss=-1.1595
DKL training done in 0.3s
  → 1AgCrP2Se6-1  gap=-0.278 eV  best=-1.102 eV  top50=13  top10%=17
Cycle  87: GP refit  (96 labelled)
  → 1CoLiP2S6-1  gap=0.712 eV  best=-1.102 eV  top50=13  top10%=17
Cycle  88: GP refit  (97 labelled)
  → 1CdI2-3  gap=-0.272 eV  best=-1.102 eV  top50=13  top10%=17
Cycle  89: GP refit  (98 labelled)
  → 1BrCdI-1  gap=0.277 eV  best=-1.102 eV  top50=13  top10%=17
Cycle  90: GP refit  (99 labelled)
  → 2CsF-1  gap=-0.074 eV  best=-1.102 eV  top50=13  top10%=17
Cycle  91: full DKL retrain  (100 labelled)
GP warmup: 20 epochs on initial embeddings
Joint DKL training: 50 epochs
  Epoch 20/50  loss=-0.7703
  Epoch 40/50  loss=-0.9942
DKL training done in 0.3s
  → 1AgCrP2S6-1  gap=-0.142 eV  best=-1.102 eV  top50=13  top10%=17
Cycle  92: GP refit  (101 labelled)
  → 2SeZr-4  gap=-0.296 eV  best=-1.102 eV  top50=13  top10%=17
Cycle  93: GP refit  (102 labelled)
  → 1AgAlP2S6-1  gap=-0.411 eV  best=-1.102 eV  top50=13  top10%=17
Cycle  94: GP refit  (103 labelled)
  → 1N2O2Zr3-1  gap=-0.033 eV  best=-1.102 eV  top50=13  top10%=17
Cycle  95: GP refit  (104 labelled)
  → 4NiPSe-1  gap=0.020 eV  best=-1.102 eV  top50=13  top10%=17
Cycle  96: full DKL retrain  (105 labelled)
GP warmup: 20 epochs on initial embeddings
Joint DKL training: 50 epochs
  Epoch 20/50  loss=-0.5737
  Epoch 40/50  loss=-0.9008
DKL training done in 0.3s
  → 1AgAlP2Se6-1  gap=-0.554 eV  best=-1.102 eV  top50=13  top10%=18
Cycle  97: GP refit  (106 labelled)
  → 2BaClH-1  gap=-0.297 eV  best=-1.102 eV  top50=13  top10%=18
Cycle  98: GP refit  (107 labelled)
  → 1ClHfI-1  gap=-0.104 eV  best=-1.102 eV  top50=13  top10%=18
Cycle  99: GP refit  (108 labelled)
  → 1CdBr2-3  gap=-0.448 eV  best=-1.102 eV  top50=13  top10%=18
Cycle 100: GP refit  (109 labelled)
  → 2TiZrTe4-1  gap=-0.209 eV  best=-1.102 eV  top50=13  top10%=18
  emass_min/seed1 → best=-1.102 top50=13 top10%=18
BOLoop: 766 materials  |  direction=min  |  top-50 internal threshold=0.62  top-10% internal threshold=0.49
Init: 10 random labels  |  best (min) = -0.547
Cycle   1: full DKL retrain  (10 labelled)
GP warmup: 20 epochs on initial embeddings
/home/roy/Desktop/DKL-BO/venv/lib/python3.13/site-packages/torch/_compile.py:54: UserWarning: optimizer contains a parameter group with duplicate parameters; in future, this will cause an error; see github.com/pytorch/pytorch/issues/40967 for more information
  return disable_fn(*args, **kwargs)
Joint DKL training: 50 epochs
  Epoch 20/50  loss=0.8489
  Epoch 40/50  loss=0.7811
DKL training done in 0.3s
  → 2OW-1  gap=-0.094 eV  best=-0.547 eV  top50=0  top10%=0
Cycle   2: GP refit  (11 labelled)
  → 2SeZn-2  gap=-0.636 eV  best=-0.636 eV  top50=1  top10%=1
Cycle   3: GP refit  (12 labelled)
  → 1BN-1  gap=-0.030 eV  best=-0.636 eV  top50=1  top10%=1
Cycle   4: GP refit  (13 labelled)
  → 1GeO2-3  gap=-0.510 eV  best=-0.636 eV  top50=1  top10%=2
Cycle   5: GP refit  (14 labelled)
  → 2STl-2  gap=-0.605 eV  best=-0.636 eV  top50=1  top10%=3
Cycle   6: full DKL retrain  (15 labelled)
GP warmup: 20 epochs on initial embeddings
Joint DKL training: 50 epochs
  Epoch 20/50  loss=-0.8127
  Epoch 40/50  loss=-1.0574
DKL training done in 0.3s
  → 2OsS2-1  gap=-0.223 eV  best=-0.636 eV  top50=1  top10%=3
Cycle   7: GP refit  (16 labelled)
  → 2SeTl-2  gap=-0.739 eV  best=-0.739 eV  top50=2  top10%=4
Cycle   8: GP refit  (17 labelled)
  → 1HgSe-1  gap=-1.498 eV  best=-1.498 eV  top50=3  top10%=5
Cycle   9: GP refit  (18 labelled)
  → 2FRb-1  gap=-0.087 eV  best=-1.498 eV  top50=3  top10%=5
Cycle  10: GP refit  (19 labelled)
  → 1PbSe2-1  gap=-0.543 eV  best=-1.498 eV  top50=3  top10%=6
Cycle  11: full DKL retrain  (20 labelled)
GP warmup: 20 epochs on initial embeddings
Joint DKL training: 50 epochs
  Epoch 20/50  loss=2.7269
  Epoch 40/50  loss=-0.1726
DKL training done in 0.3s
  → 1HgTe-1  gap=-1.220 eV  best=-1.498 eV  top50=4  top10%=7
Cycle  12: GP refit  (21 labelled)
  → 4HgTe-1  gap=-0.925 eV  best=-1.498 eV  top50=5  top10%=8
Cycle  13: GP refit  (22 labelled)
  → 1HgS-1  gap=-1.412 eV  best=-1.498 eV  top50=6  top10%=9
Cycle  14: GP refit  (23 labelled)
  → 2BrCs-2  gap=-0.221 eV  best=-1.498 eV  top50=6  top10%=9
Cycle  15: GP refit  (24 labelled)
  → 4HgSe-1  gap=-0.862 eV  best=-1.498 eV  top50=7  top10%=10
Cycle  16: full DKL retrain  (25 labelled)
GP warmup: 20 epochs on initial embeddings
Joint DKL training: 50 epochs
  Epoch 20/50  loss=-0.2462
  Epoch 40/50  loss=-0.9161
DKL training done in 0.3s
  → 1PbS2-1  gap=-0.438 eV  best=-1.498 eV  top50=7  top10%=10
Cycle  17: GP refit  (26 labelled)
  → 2IRb-1  gap=-0.293 eV  best=-1.498 eV  top50=7  top10%=10
Cycle  18: GP refit  (27 labelled)
  → 1BrITl2-1  gap=-0.521 eV  best=-1.498 eV  top50=7  top10%=11
Cycle  19: GP refit  (28 labelled)
  → 1HfS2-2  gap=-0.024 eV  best=-1.498 eV  top50=7  top10%=11
Cycle  20: GP refit  (29 labelled)
  → 1InSb-1  gap=0.248 eV  best=-1.498 eV  top50=7  top10%=11
Cycle  21: full DKL retrain  (30 labelled)
GP warmup: 20 epochs on initial embeddings
Joint DKL training: 50 epochs
  Epoch 20/50  loss=0.0890
  Epoch 40/50  loss=-0.7384
DKL training done in 0.3s
  → 2BrTl-3  gap=0.053 eV  best=-1.498 eV  top50=7  top10%=11
Cycle  22: GP refit  (31 labelled)
  → 2CsF-1  gap=-0.074 eV  best=-1.498 eV  top50=7  top10%=11
Cycle  23: GP refit  (32 labelled)
  → 2ClGa-1  gap=-0.075 eV  best=-1.498 eV  top50=7  top10%=11
Cycle  24: GP refit  (33 labelled)
  → 2AgIBr2-1  gap=0.085 eV  best=-1.498 eV  top50=7  top10%=11
Cycle  25: GP refit  (34 labelled)
  → 1BaBr2-2  gap=0.697 eV  best=-1.498 eV  top50=7  top10%=11
Cycle  26: full DKL retrain  (35 labelled)
GP warmup: 20 epochs on initial embeddings
Joint DKL training: 50 epochs
  Epoch 20/50  loss=-0.5097
  Epoch 40/50  loss=-0.7880
DKL training done in 0.3s
  → 1AgScP2S6-1  gap=0.826 eV  best=-1.498 eV  top50=7  top10%=11
Cycle  27: GP refit  (36 labelled)
  → 1PbSe-1  gap=-0.390 eV  best=-1.498 eV  top50=7  top10%=11
Cycle  28: GP refit  (37 labelled)
  → 1BaI2-2  gap=0.597 eV  best=-1.498 eV  top50=7  top10%=11
Cycle  29: GP refit  (38 labelled)
  → 1CaBr2-2  gap=0.140 eV  best=-1.498 eV  top50=7  top10%=11
Cycle  30: GP refit  (39 labelled)
  → 2TeTl-2  gap=-0.972 eV  best=-1.498 eV  top50=8  top10%=12
Cycle  31: full DKL retrain  (40 labelled)
GP warmup: 20 epochs on initial embeddings
Joint DKL training: 50 epochs
  Epoch 20/50  loss=0.3712
  Epoch 40/50  loss=-0.1932
DKL training done in 0.3s
  → 2OsSe2-1  gap=0.128 eV  best=-1.498 eV  top50=8  top10%=12
Cycle  32: GP refit  (41 labelled)
  → 1HgO-1  gap=0.248 eV  best=-1.498 eV  top50=8  top10%=12
Cycle  33: GP refit  (42 labelled)
  → 1WAg2S4-1  gap=0.805 eV  best=-1.498 eV  top50=8  top10%=12
Cycle  34: GP refit  (43 labelled)
  → 1GeS-1  gap=-0.328 eV  best=-1.498 eV  top50=8  top10%=12
Cycle  35: GP refit  (44 labelled)
  → 1C2F2S2Zr3-1  gap=-0.181 eV  best=-1.498 eV  top50=8  top10%=12
Cycle  36: full DKL retrain  (45 labelled)
GP warmup: 20 epochs on initial embeddings
Joint DKL training: 50 epochs
  Epoch 20/50  loss=0.1114
  Epoch 40/50  loss=-0.2673
DKL training done in 0.3s
  → 2GaHTeO4-1  gap=-0.356 eV  best=-1.498 eV  top50=8  top10%=12
Cycle  37: GP refit  (46 labelled)
  → 1GeSe-1  gap=-0.237 eV  best=-1.498 eV  top50=8  top10%=12
Cycle  38: GP refit  (47 labelled)
  → 1ZrSe2-2  gap=-0.031 eV  best=-1.498 eV  top50=8  top10%=12
Cycle  39: GP refit  (48 labelled)
  → 1CrO2-2  gap=-0.060 eV  best=-1.498 eV  top50=8  top10%=12
Cycle  40: GP refit  (49 labelled)
  → 2FRhSe-1  gap=-0.185 eV  best=-1.498 eV  top50=8  top10%=12
Cycle  41: full DKL retrain  (50 labelled)
GP warmup: 20 epochs on initial embeddings
Joint DKL training: 50 epochs
  Epoch 20/50  loss=-0.2170
  Epoch 40/50  loss=-0.6117
DKL training done in 0.3s
  → 1CrS2-1  gap=-0.059 eV  best=-1.498 eV  top50=8  top10%=12
Cycle  42: GP refit  (51 labelled)
  → 1AgCrP2Se6-1  gap=-0.278 eV  best=-1.498 eV  top50=8  top10%=12
Cycle  43: GP refit  (52 labelled)
  → 2BaBrF-1  gap=-0.320 eV  best=-1.498 eV  top50=8  top10%=12
Cycle  44: GP refit  (53 labelled)
  → 2PbSe-1  gap=-1.002 eV  best=-1.498 eV  top50=9  top10%=13
Cycle  45: GP refit  (54 labelled)
  → 1GeO-1  gap=-0.197 eV  best=-1.498 eV  top50=9  top10%=13
Cycle  46: full DKL retrain  (55 labelled)
GP warmup: 20 epochs on initial embeddings
Joint DKL training: 50 epochs
  Epoch 20/50  loss=-0.4569
  Epoch 40/50  loss=-0.7895
DKL training done in 0.3s
  → 2BaClF-1  gap=-0.302 eV  best=-1.498 eV  top50=9  top10%=13
Cycle  47: GP refit  (56 labelled)
  → 1RuCl2-3  gap=-0.112 eV  best=-1.498 eV  top50=9  top10%=13
Cycle  48: GP refit  (57 labelled)
  → 4OPb-1  gap=-0.193 eV  best=-1.498 eV  top50=9  top10%=13
Cycle  49: GP refit  (58 labelled)
  → 1PdSe2-2  gap=0.052 eV  best=-1.498 eV  top50=9  top10%=13
Cycle  50: GP refit  (59 labelled)
  → 2OPb-3  gap=-0.244 eV  best=-1.498 eV  top50=9  top10%=13
Cycle  51: full DKL retrain  (60 labelled)
GP warmup: 20 epochs on initial embeddings
Joint DKL training: 50 epochs
  Epoch 20/50  loss=-0.2262
  Epoch 40/50  loss=-0.4943
DKL training done in 0.3s
  → 1OPb-1  gap=0.863 eV  best=-1.498 eV  top50=9  top10%=13
Cycle  52: GP refit  (61 labelled)
  → 2AsTlO3-1  gap=0.034 eV  best=-1.498 eV  top50=9  top10%=13
Cycle  53: GP refit  (62 labelled)
  → 2CoFO2-1  gap=0.772 eV  best=-1.498 eV  top50=9  top10%=13
Cycle  54: GP refit  (63 labelled)
  → 2GaSe-1  gap=-0.768 eV  best=-1.498 eV  top50=10  top10%=14
Cycle  55: GP refit  (64 labelled)
  → 1OTeW-1  gap=0.353 eV  best=-1.498 eV  top50=10  top10%=14
Cycle  56: full DKL retrain  (65 labelled)
GP warmup: 20 epochs on initial embeddings
Joint DKL training: 50 epochs
  Epoch 20/50  loss=0.3224
  Epoch 40/50  loss=-0.0465
DKL training done in 0.3s
  → 2HLiO-1  gap=-0.063 eV  best=-1.498 eV  top50=10  top10%=14
Cycle  57: GP refit  (66 labelled)
  → 2HTeNa3O4-1  gap=0.295 eV  best=-1.498 eV  top50=10  top10%=14
Cycle  58: GP refit  (67 labelled)
  → 1SeSn-1  gap=-0.280 eV  best=-1.498 eV  top50=10  top10%=14
Cycle  59: GP refit  (68 labelled)
  → 1PbTe-1  gap=-0.622 eV  best=-1.498 eV  top50=11  top10%=15
Cycle  60: GP refit  (69 labelled)
  → 2SSc-4  gap=-0.408 eV  best=-1.498 eV  top50=11  top10%=15
Cycle  61: full DKL retrain  (70 labelled)
GP warmup: 20 epochs on initial embeddings
Joint DKL training: 50 epochs
  Epoch 20/50  loss=-0.1047
  Epoch 40/50  loss=-0.3360
DKL training done in 0.3s
  → 2FK-1  gap=-0.065 eV  best=-1.498 eV  top50=11  top10%=15
Cycle  62: GP refit  (71 labelled)
  → 2AlSe-1  gap=-0.138 eV  best=-1.498 eV  top50=11  top10%=15
Cycle  63: GP refit  (72 labelled)
  → 2CCsO3-1  gap=1.298 eV  best=-1.498 eV  top50=11  top10%=15
Cycle  64: GP refit  (73 labelled)
  → 1Br2Se2Pb3-1  gap=-0.408 eV  best=-1.498 eV  top50=11  top10%=15
Cycle  65: GP refit  (74 labelled)
  → 2BrRb-2  gap=-0.247 eV  best=-1.498 eV  top50=11  top10%=15
Cycle  66: full DKL retrain  (75 labelled)
GP warmup: 20 epochs on initial embeddings
Joint DKL training: 50 epochs
  Epoch 20/50  loss=-0.5261
  Epoch 40/50  loss=-0.8869
DKL training done in 0.3s
  → 2ScTe-4  gap=-0.071 eV  best=-1.498 eV  top50=11  top10%=15
Cycle  67: GP refit  (76 labelled)
  → 2OSc-1  gap=0.336 eV  best=-1.498 eV  top50=11  top10%=15
Cycle  68: GP refit  (77 labelled)
  → 2IIn-3  gap=0.071 eV  best=-1.498 eV  top50=11  top10%=15
Cycle  69: GP refit  (78 labelled)
  → 2KNbF6-1  gap=0.818 eV  best=-1.498 eV  top50=11  top10%=15
Cycle  70: GP refit  (79 labelled)
  → 2IK-2  gap=-0.288 eV  best=-1.498 eV  top50=11  top10%=15
Cycle  71: full DKL retrain  (80 labelled)
GP warmup: 20 epochs on initial embeddings
Joint DKL training: 50 epochs
  Epoch 20/50  loss=-0.4487
  Epoch 40/50  loss=-0.7917
DKL training done in 0.3s
  → 2HKTe-1  gap=-0.310 eV  best=-1.498 eV  top50=11  top10%=15
Cycle  72: GP refit  (81 labelled)
  → 2PbTe-3  gap=-0.241 eV  best=-1.498 eV  top50=11  top10%=15
Cycle  73: GP refit  (82 labelled)
  → 1PbI2-2  gap=-0.398 eV  best=-1.498 eV  top50=11  top10%=15
Cycle  74: GP refit  (83 labelled)
  → 2RuSe2-1  gap=0.164 eV  best=-1.498 eV  top50=11  top10%=15
Cycle  75: GP refit  (84 labelled)
  → 1SeNi2S3-1  gap=0.225 eV  best=-1.498 eV  top50=11  top10%=15
Cycle  76: full DKL retrain  (85 labelled)
GP warmup: 20 epochs on initial embeddings
Joint DKL training: 50 epochs
  Epoch 20/50  loss=-0.6413
  Epoch 40/50  loss=-0.8682
DKL training done in 0.3s
  → 2IrSe-3  gap=-0.186 eV  best=-1.498 eV  top50=11  top10%=15
Cycle  77: GP refit  (86 labelled)
  → 1WS2-1  gap=-0.428 eV  best=-1.498 eV  top50=11  top10%=15
Cycle  78: GP refit  (87 labelled)
  → 2SNi2Se3-1  gap=-0.500 eV  best=-1.498 eV  top50=11  top10%=16
Cycle  79: GP refit  (88 labelled)
  → 1ZnBr2-3  gap=-0.501 eV  best=-1.498 eV  top50=11  top10%=17
Cycle  80: GP refit  (89 labelled)
  → 2PdTeS3-1  gap=-0.198 eV  best=-1.498 eV  top50=11  top10%=17
Cycle  81: full DKL retrain  (90 labelled)
GP warmup: 20 epochs on initial embeddings
Joint DKL training: 50 epochs
  Epoch 20/50  loss=-0.4959
  Epoch 40/50  loss=-0.7009
DKL training done in 0.3s
  → 1Se3Ni4S5-1  gap=-0.138 eV  best=-1.498 eV  top50=11  top10%=17
Cycle  82: GP refit  (91 labelled)
  → 1MnNbSe4-1  gap=0.395 eV  best=-1.498 eV  top50=11  top10%=17
Cycle  83: GP refit  (92 labelled)
  → 2FeSe2-1  gap=0.262 eV  best=-1.498 eV  top50=11  top10%=17
Cycle  84: GP refit  (93 labelled)
  → 2SeZr-4  gap=-0.296 eV  best=-1.498 eV  top50=11  top10%=17
Cycle  85: GP refit  (94 labelled)
  → 1GeTe-1  gap=-0.502 eV  best=-1.498 eV  top50=11  top10%=18
Cycle  86: full DKL retrain  (95 labelled)
GP warmup: 20 epochs on initial embeddings
Joint DKL training: 50 epochs
  Epoch 20/50  loss=-0.6084
  Epoch 40/50  loss=-0.8844
DKL training done in 0.3s
  → 1MoSSe-1  gap=-0.314 eV  best=-1.498 eV  top50=11  top10%=18
Cycle  87: GP refit  (96 labelled)
  → 1SSeW-1  gap=-0.377 eV  best=-1.498 eV  top50=11  top10%=18
Cycle  88: GP refit  (97 labelled)
  → 1SSeZr-2  gap=0.051 eV  best=-1.498 eV  top50=11  top10%=18
Cycle  89: GP refit  (98 labelled)
  → 1CdInTlS4-1  gap=-0.307 eV  best=-1.498 eV  top50=11  top10%=18
Cycle  90: GP refit  (99 labelled)
  → 1SeTeZr-2  gap=-0.132 eV  best=-1.498 eV  top50=11  top10%=18
Cycle  91: full DKL retrain  (100 labelled)
GP warmup: 20 epochs on initial embeddings
Joint DKL training: 50 epochs
  Epoch 20/50  loss=-0.7023
  Epoch 40/50  loss=-0.9649
DKL training done in 0.3s
  → 1MoS2-1  gap=-0.370 eV  best=-1.498 eV  top50=11  top10%=18
Cycle  92: GP refit  (101 labelled)
  → 1CrSSe-1  gap=-0.028 eV  best=-1.498 eV  top50=11  top10%=18
Cycle  93: GP refit  (102 labelled)
  → 1MoSe2-1  gap=-0.308 eV  best=-1.498 eV  top50=11  top10%=18
Cycle  94: GP refit  (103 labelled)
  → 4NiPS-1  gap=0.141 eV  best=-1.498 eV  top50=11  top10%=18
Cycle  95: GP refit  (104 labelled)
  → 1PtSnS4-1  gap=-0.494 eV  best=-1.498 eV  top50=11  top10%=19
Cycle  96: full DKL retrain  (105 labelled)
GP warmup: 20 epochs on initial embeddings
Joint DKL training: 50 epochs
  Epoch 20/50  loss=-0.7210
  Epoch 40/50  loss=-1.0133
DKL training done in 0.3s
  → 1CrMo3Se8-1  gap=-0.035 eV  best=-1.498 eV  top50=11  top10%=19
Cycle  97: GP refit  (106 labelled)
  → 1WMo3S8-1  gap=-0.399 eV  best=-1.498 eV  top50=11  top10%=19
Cycle  98: GP refit  (107 labelled)
  → 4TiSe2-1  gap=-0.385 eV  best=-1.498 eV  top50=11  top10%=19
Cycle  99: GP refit  (108 labelled)
  → 2BaBi2S4-1  gap=-2.799 eV  best=-2.799 eV  top50=12  top10%=20
Cycle 100: GP refit  (109 labelled)
  → 1AgCrP2Te6-1  gap=-0.425 eV  best=-2.799 eV  top50=12  top10%=20
  emass_min/seed2 → best=-2.799 top50=12 top10%=20
BOLoop: 766 materials  |  direction=min  |  top-50 internal threshold=0.62  top-10% internal threshold=0.49
Init: 10 random labels  |  best (min) = -1.508
Cycle   1: full DKL retrain  (10 labelled)
GP warmup: 20 epochs on initial embeddings
/home/roy/Desktop/DKL-BO/venv/lib/python3.13/site-packages/torch/_compile.py:54: UserWarning: optimizer contains a parameter group with duplicate parameters; in future, this will cause an error; see github.com/pytorch/pytorch/issues/40967 for more information
  return disable_fn(*args, **kwargs)
Joint DKL training: 50 epochs
  Epoch 20/50  loss=0.9558
  Epoch 40/50  loss=0.9020
DKL training done in 0.3s
  → 1C2O2Zr3-1  gap=-0.274 eV  best=-1.508 eV  top50=0  top10%=0
Cycle   2: GP refit  (11 labelled)
  → 1ScO2-2  gap=0.484 eV  best=-1.508 eV  top50=0  top10%=0
Cycle   3: GP refit  (12 labelled)
  → 2As2O3-4  gap=-0.637 eV  best=-1.508 eV  top50=1  top10%=1
Cycle   4: GP refit  (13 labelled)
  → 2BiIn-1  gap=-0.948 eV  best=-1.508 eV  top50=2  top10%=2
Cycle   5: GP refit  (14 labelled)
  → 2OPb-3  gap=-0.244 eV  best=-1.508 eV  top50=2  top10%=2
Cycle   6: full DKL retrain  (15 labelled)
GP warmup: 20 epochs on initial embeddings
Joint DKL training: 50 epochs
  Epoch 20/50  loss=0.4109
  Epoch 40/50  loss=0.2788
DKL training done in 0.3s
  → 1OBi2S2-1  gap=-0.806 eV  best=-1.508 eV  top50=3  top10%=3
Cycle   7: GP refit  (16 labelled)
  → 2BaBi2O4-1  gap=-0.266 eV  best=-1.508 eV  top50=3  top10%=3
Cycle   8: GP refit  (17 labelled)
  → 2BrTl-3  gap=0.053 eV  best=-1.508 eV  top50=3  top10%=3
Cycle   9: GP refit  (18 labelled)
  → 1PbS2-1  gap=-0.438 eV  best=-1.508 eV  top50=3  top10%=3
Cycle  10: GP refit  (19 labelled)
  → 2STl-2  gap=-0.605 eV  best=-1.508 eV  top50=3  top10%=4
Cycle  11: full DKL retrain  (20 labelled)
GP warmup: 20 epochs on initial embeddings
Joint DKL training: 50 epochs
  Epoch 20/50  loss=-0.1152
  Epoch 40/50  loss=-0.5516
DKL training done in 0.3s
  → 2BiO-1  gap=-1.197 eV  best=-1.508 eV  top50=4  top10%=5
Cycle  12: GP refit  (21 labelled)
  → 2RuO2-1  gap=-1.239 eV  best=-1.508 eV  top50=5  top10%=6
Cycle  13: GP refit  (22 labelled)
  → 2IrO-2  gap=-0.581 eV  best=-1.508 eV  top50=5  top10%=7
Cycle  14: GP refit  (23 labelled)
  → 2AsTlO3-1  gap=0.034 eV  best=-1.508 eV  top50=5  top10%=7
Cycle  15: GP refit  (24 labelled)
  → 1BaI2-2  gap=0.597 eV  best=-1.508 eV  top50=5  top10%=7
Cycle  16: full DKL retrain  (25 labelled)
GP warmup: 20 epochs on initial embeddings
Joint DKL training: 50 epochs
  Epoch 20/50  loss=1.4693
  Epoch 40/50  loss=-0.3891
DKL training done in 0.3s
  → 1BN-1  gap=-0.030 eV  best=-1.508 eV  top50=5  top10%=7
Cycle  17: GP refit  (26 labelled)
  → 2CCsO3-1  gap=1.298 eV  best=-1.508 eV  top50=5  top10%=7
Cycle  18: GP refit  (27 labelled)
  → 1CdInTlS4-1  gap=-0.307 eV  best=-1.508 eV  top50=5  top10%=7
Cycle  19: GP refit  (28 labelled)
  → 1SSn-1  gap=-0.120 eV  best=-1.508 eV  top50=5  top10%=7
Cycle  20: GP refit  (29 labelled)
  → 1OSW-1  gap=0.057 eV  best=-1.508 eV  top50=5  top10%=7
Cycle  21: full DKL retrain  (30 labelled)
GP warmup: 20 epochs on initial embeddings
Joint DKL training: 50 epochs
  Epoch 20/50  loss=0.8877
  Epoch 40/50  loss=-0.1300
DKL training done in 0.3s
  → 2SrBi2O4-1  gap=-0.251 eV  best=-1.508 eV  top50=5  top10%=7
Cycle  22: GP refit  (31 labelled)
  → 2ClCs-1  gap=-0.154 eV  best=-1.508 eV  top50=5  top10%=7
Cycle  23: GP refit  (32 labelled)
  → 1InSb-1  gap=0.248 eV  best=-1.508 eV  top50=5  top10%=7
Cycle  24: GP refit  (33 labelled)
  → 2TiO2-1  gap=0.453 eV  best=-1.508 eV  top50=5  top10%=7
Cycle  25: GP refit  (34 labelled)
  → 2HInTeO4-1  gap=0.671 eV  best=-1.508 eV  top50=5  top10%=7
Cycle  26: full DKL retrain  (35 labelled)
GP warmup: 20 epochs on initial embeddings
Joint DKL training: 50 epochs
  Epoch 20/50  loss=1.2840
  Epoch 40/50  loss=0.1344
DKL training done in 0.3s
  → 2IK-2  gap=-0.288 eV  best=-1.508 eV  top50=5  top10%=7
Cycle  27: GP refit  (36 labelled)
  → 2BrCs-2  gap=-0.221 eV  best=-1.508 eV  top50=5  top10%=7
Cycle  28: GP refit  (37 labelled)
  → 1AsIn-1  gap=0.064 eV  best=-1.508 eV  top50=5  top10%=7
Cycle  29: GP refit  (38 labelled)
  → 1BiITe-1  gap=0.319 eV  best=-1.508 eV  top50=5  top10%=7
Cycle  30: GP refit  (39 labelled)
  → 1AsB-1  gap=-0.804 eV  best=-1.508 eV  top50=6  top10%=8
Cycle  31: full DKL retrain  (40 labelled)
GP warmup: 20 epochs on initial embeddings
Joint DKL training: 50 epochs
  Epoch 20/50  loss=0.7088
  Epoch 40/50  loss=-0.3220
DKL training done in 0.3s
  → 2BaBi2S4-1  gap=-2.799 eV  best=-2.799 eV  top50=7  top10%=9
Cycle  32: GP refit  (41 labelled)
  → 2TeTl-2  gap=-0.972 eV  best=-2.799 eV  top50=8  top10%=10
Cycle  33: GP refit  (42 labelled)
  → 1BrITl2-1  gap=-0.521 eV  best=-2.799 eV  top50=8  top10%=11
Cycle  34: GP refit  (43 labelled)
  → 1HgTe-1  gap=-1.220 eV  best=-2.799 eV  top50=9  top10%=12
Cycle  35: GP refit  (44 labelled)
  → 1AlAs-1  gap=-0.875 eV  best=-2.799 eV  top50=10  top10%=13
Cycle  36: full DKL retrain  (45 labelled)
GP warmup: 20 epochs on initial embeddings
Joint DKL training: 50 epochs
  Epoch 20/50  loss=0.6045
  Epoch 40/50  loss=-0.0782
DKL training done in 0.3s
  → 2ClIn-5  gap=0.029 eV  best=-2.799 eV  top50=10  top10%=13
Cycle  37: GP refit  (46 labelled)
  → 2ITl-3  gap=-0.025 eV  best=-2.799 eV  top50=10  top10%=13
Cycle  38: GP refit  (47 labelled)
  → 2HInTeS4-1  gap=0.346 eV  best=-2.799 eV  top50=10  top10%=13
Cycle  39: GP refit  (48 labelled)
  → 2IRb-1  gap=-0.293 eV  best=-2.799 eV  top50=10  top10%=13
Cycle  40: GP refit  (49 labelled)
  → 2PbTe-3  gap=-0.241 eV  best=-2.799 eV  top50=10  top10%=13
Cycle  41: full DKL retrain  (50 labelled)
GP warmup: 20 epochs on initial embeddings
Joint DKL training: 50 epochs
  Epoch 20/50  loss=1.8704
  Epoch 40/50  loss=-0.0766
DKL training done in 0.3s
  → 2ClGa-1  gap=-0.075 eV  best=-2.799 eV  top50=10  top10%=13
Cycle  42: GP refit  (51 labelled)
  → 1HgSe-1  gap=-1.498 eV  best=-2.799 eV  top50=11  top10%=14
Cycle  43: GP refit  (52 labelled)
  → 1SrI2-2  gap=0.061 eV  best=-2.799 eV  top50=11  top10%=14
Cycle  44: GP refit  (53 labelled)
  → 2HTeNa3S4-1  gap=0.023 eV  best=-2.799 eV  top50=11  top10%=14
Cycle  45: GP refit  (54 labelled)
  → 3RuSCl2-1  gap=0.467 eV  best=-2.799 eV  top50=11  top10%=14
Cycle  46: full DKL retrain  (55 labelled)
GP warmup: 20 epochs on initial embeddings
Joint DKL training: 50 epochs
  Epoch 20/50  loss=0.3450
  Epoch 40/50  loss=-0.0521
DKL training done in 0.3s
  → 1ScS2-2  gap=0.620 eV  best=-2.799 eV  top50=11  top10%=14
Cycle  47: GP refit  (56 labelled)
  → 4TaS3-1  gap=-0.281 eV  best=-2.799 eV  top50=11  top10%=14
Cycle  48: GP refit  (57 labelled)
  → 4HgTe-1  gap=-0.925 eV  best=-2.799 eV  top50=12  top10%=15
Cycle  49: GP refit  (58 labelled)
  → 2RuS2-1  gap=-0.031 eV  best=-2.799 eV  top50=12  top10%=15
Cycle  50: GP refit  (59 labelled)
  → 2As2S3-4  gap=0.797 eV  best=-2.799 eV  top50=12  top10%=15
Cycle  51: full DKL retrain  (60 labelled)
GP warmup: 20 epochs on initial embeddings
Joint DKL training: 50 epochs
  Epoch 20/50  loss=0.2665
  Epoch 40/50  loss=0.0847
DKL training done in 0.3s
  → 1ScI2-2  gap=0.090 eV  best=-2.799 eV  top50=12  top10%=15
Cycle  52: GP refit  (61 labelled)
  → 2PbS-3  gap=-0.397 eV  best=-2.799 eV  top50=12  top10%=15
Cycle  53: GP refit  (62 labelled)
  → 1HgS-1  gap=-1.412 eV  best=-2.799 eV  top50=13  top10%=16
Cycle  54: GP refit  (63 labelled)
  → 4HgSe-1  gap=-0.862 eV  best=-2.799 eV  top50=14  top10%=17
Cycle  55: GP refit  (64 labelled)
  → 2HKTe-1  gap=-0.310 eV  best=-2.799 eV  top50=14  top10%=17
Cycle  56: full DKL retrain  (65 labelled)
GP warmup: 20 epochs on initial embeddings
Joint DKL training: 50 epochs
  Epoch 20/50  loss=-0.1340
  Epoch 40/50  loss=-0.5400
DKL training done in 0.3s
  → 1PbS-1  gap=0.295 eV  best=-2.799 eV  top50=14  top10%=17
Cycle  57: GP refit  (66 labelled)
  → 1AgScP2S6-1  gap=0.826 eV  best=-2.799 eV  top50=14  top10%=17
Cycle  58: GP refit  (67 labelled)
  → 1AgCrP2Se6-1  gap=-0.278 eV  best=-2.799 eV  top50=14  top10%=17
Cycle  59: GP refit  (68 labelled)
  → 1WAg2S4-1  gap=0.805 eV  best=-2.799 eV  top50=14  top10%=17
Cycle  60: GP refit  (69 labelled)
  → 1AgCrP2Te6-1  gap=-0.425 eV  best=-2.799 eV  top50=14  top10%=17
Cycle  61: full DKL retrain  (70 labelled)
GP warmup: 20 epochs on initial embeddings
Joint DKL training: 50 epochs
  Epoch 20/50  loss=0.0962
  Epoch 40/50  loss=-0.2445
DKL training done in 0.3s
  → 2SSc-4  gap=-0.408 eV  best=-2.799 eV  top50=14  top10%=17
Cycle  62: GP refit  (71 labelled)
  → 1CoLiP2S6-1  gap=0.712 eV  best=-2.799 eV  top50=14  top10%=17
Cycle  63: GP refit  (72 labelled)
  → 1AgAlP2S6-1  gap=-0.411 eV  best=-2.799 eV  top50=14  top10%=17
Cycle  64: GP refit  (73 labelled)
  → 2InS2-3  gap=-0.298 eV  best=-2.799 eV  top50=14  top10%=17
Cycle  65: GP refit  (74 labelled)
  → 1ISY-1  gap=0.192 eV  best=-2.799 eV  top50=14  top10%=17
Cycle  66: full DKL retrain  (75 labelled)
GP warmup: 20 epochs on initial embeddings
Joint DKL training: 50 epochs
  Epoch 20/50  loss=0.0964
  Epoch 40/50  loss=-0.1874
DKL training done in 0.3s
  → 1ZrS2-2  gap=0.218 eV  best=-2.799 eV  top50=14  top10%=17
Cycle  67: GP refit  (76 labelled)
  → 2FeS2-1  gap=0.505 eV  best=-2.799 eV  top50=14  top10%=17
Cycle  68: GP refit  (77 labelled)
  → 1CrS2-1  gap=-0.059 eV  best=-2.799 eV  top50=14  top10%=17
Cycle  69: GP refit  (78 labelled)
  → 2CuS-2  gap=-0.094 eV  best=-2.799 eV  top50=14  top10%=17
Cycle  70: GP refit  (79 labelled)
  → 1CrSTe-1  gap=0.042 eV  best=-2.799 eV  top50=14  top10%=17
Cycle  71: full DKL retrain  (80 labelled)
GP warmup: 20 epochs on initial embeddings
Joint DKL training: 50 epochs
  Epoch 20/50  loss=-0.2480
  Epoch 40/50  loss=-0.5753
DKL training done in 0.4s
  → 1AsIS-1  gap=0.246 eV  best=-2.799 eV  top50=14  top10%=17
Cycle  72: GP refit  (81 labelled)
  → 2MoS2-1  gap=-0.750 eV  best=-2.799 eV  top50=15  top10%=18
Cycle  73: GP refit  (82 labelled)
  → 4NbS3-2  gap=-0.426 eV  best=-2.799 eV  top50=15  top10%=18
Cycle  74: GP refit  (83 labelled)
  → 2P2S3-1  gap=0.221 eV  best=-2.799 eV  top50=15  top10%=18
Cycle  75: GP refit  (84 labelled)
  → 1TiBr2-1  gap=0.225 eV  best=-2.799 eV  top50=15  top10%=18
Cycle  76: full DKL retrain  (85 labelled)
GP warmup: 20 epochs on initial embeddings
Joint DKL training: 50 epochs
  Epoch 20/50  loss=-0.5351
  Epoch 40/50  loss=-0.7968
DKL training done in 0.3s
  → 1AgAlP2Se6-1  gap=-0.554 eV  best=-2.799 eV  top50=15  top10%=19
Cycle  77: GP refit  (86 labelled)
  → 2P2S3-3  gap=0.122 eV  best=-2.799 eV  top50=15  top10%=19
Cycle  78: GP refit  (87 labelled)
  → 1MoW3S8-1  gap=-0.387 eV  best=-2.799 eV  top50=15  top10%=19
Cycle  79: GP refit  (88 labelled)
  → 1Se3Ni4S5-1  gap=-0.138 eV  best=-2.799 eV  top50=15  top10%=19
Cycle  80: GP refit  (89 labelled)
  → 2AgCrP2S6-1  gap=0.184 eV  best=-2.799 eV  top50=15  top10%=19
Cycle  81: full DKL retrain  (90 labelled)
GP warmup: 20 epochs on initial embeddings
Joint DKL training: 50 epochs
  Epoch 20/50  loss=-0.3799
  Epoch 40/50  loss=-0.7545
DKL training done in 0.3s
  → 1TiI2-2  gap=0.092 eV  best=-2.799 eV  top50=15  top10%=19
Cycle  82: GP refit  (91 labelled)
  → 1STeTi-2  gap=0.235 eV  best=-2.799 eV  top50=15  top10%=19
Cycle  83: GP refit  (92 labelled)
  → 1AgCrP2S6-1  gap=-0.142 eV  best=-2.799 eV  top50=15  top10%=19
Cycle  84: GP refit  (93 labelled)
  → 1CoLiP2Se6-1  gap=0.056 eV  best=-2.799 eV  top50=15  top10%=19
Cycle  85: GP refit  (94 labelled)
  → 1TiS2-2  gap=0.121 eV  best=-2.799 eV  top50=15  top10%=19
Cycle  86: full DKL retrain  (95 labelled)
GP warmup: 20 epochs on initial embeddings
Joint DKL training: 50 epochs
  Epoch 20/50  loss=-0.5826
  Epoch 40/50  loss=-0.8817
DKL training done in 0.3s
  → 2CrWS4-1  gap=0.105 eV  best=-2.799 eV  top50=15  top10%=19
Cycle  87: GP refit  (96 labelled)
  → 2AgS-1  gap=-0.006 eV  best=-2.799 eV  top50=15  top10%=19
Cycle  88: GP refit  (97 labelled)
  → 1AgInP2Se6-1  gap=-0.175 eV  best=-2.799 eV  top50=15  top10%=19
Cycle  89: GP refit  (98 labelled)
  → 1HfS2-2  gap=-0.024 eV  best=-2.799 eV  top50=15  top10%=19
Cycle  90: GP refit  (99 labelled)
  → 2IrTaS4-1  gap=0.083 eV  best=-2.799 eV  top50=15  top10%=19
Cycle  91: full DKL retrain  (100 labelled)
GP warmup: 20 epochs on initial embeddings
Joint DKL training: 50 epochs
  Epoch 20/50  loss=0.0645
  Epoch 40/50  loss=-0.3204
DKL training done in 0.3s
  → 1CrSSe-1  gap=-0.028 eV  best=-2.799 eV  top50=15  top10%=19
Cycle  92: GP refit  (101 labelled)
  → 2HTeLi3S4-1  gap=-0.040 eV  best=-2.799 eV  top50=15  top10%=19
Cycle  93: GP refit  (102 labelled)
  → 2CoHS2-1  gap=0.256 eV  best=-2.799 eV  top50=15  top10%=19
Cycle  94: GP refit  (103 labelled)
  → 2OsS2-1  gap=-0.223 eV  best=-2.799 eV  top50=15  top10%=19
Cycle  95: GP refit  (104 labelled)
  → 1AgAlAs2Se6-1  gap=-0.325 eV  best=-2.799 eV  top50=15  top10%=19
Cycle  96: full DKL retrain  (105 labelled)
GP warmup: 20 epochs on initial embeddings
Joint DKL training: 50 epochs
  Epoch 20/50  loss=-0.4433
  Epoch 40/50  loss=-0.8209
DKL training done in 0.3s
  → 1MoS2-1  gap=-0.370 eV  best=-2.799 eV  top50=15  top10%=19
Cycle  97: GP refit  (106 labelled)
  → 1BiHTe2O6-1  gap=-0.672 eV  best=-2.799 eV  top50=16  top10%=20
Cycle  98: GP refit  (107 labelled)
  → 1AgTlP2Se6-1  gap=0.154 eV  best=-2.799 eV  top50=16  top10%=20
Cycle  99: GP refit  (108 labelled)
  → 4LiPS2-1  gap=-0.384 eV  best=-2.799 eV  top50=16  top10%=20
Cycle 100: GP refit  (109 labelled)
  → 1MoSSe-1  gap=-0.314 eV  best=-2.799 eV  top50=16  top10%=20
  emass_min/seed3 → best=-2.799 top50=16 top10%=20
BOLoop: 766 materials  |  direction=min  |  top-50 internal threshold=0.62  top-10% internal threshold=0.49
Init: 10 random labels  |  best (min) = -0.562
Cycle   1: full DKL retrain  (10 labelled)
GP warmup: 20 epochs on initial embeddings
/home/roy/Desktop/DKL-BO/venv/lib/python3.13/site-packages/torch/_compile.py:54: UserWarning: optimizer contains a parameter group with duplicate parameters; in future, this will cause an error; see github.com/pytorch/pytorch/issues/40967 for more information
  return disable_fn(*args, **kwargs)
Joint DKL training: 50 epochs
  Epoch 20/50  loss=0.8836
  Epoch 40/50  loss=0.8044
DKL training done in 0.3s
  → 1CdBr2-3  gap=-0.448 eV  best=-0.562 eV  top50=0  top10%=0
Cycle   2: GP refit  (11 labelled)
  → 1SSn-1  gap=-0.120 eV  best=-0.562 eV  top50=0  top10%=0
Cycle   3: GP refit  (12 labelled)
  → 1CrTe2-2  gap=-0.088 eV  best=-0.562 eV  top50=0  top10%=0
Cycle   4: GP refit  (13 labelled)
  → 2HInTeS4-1  gap=0.346 eV  best=-0.562 eV  top50=0  top10%=0
Cycle   5: GP refit  (14 labelled)
  → 1BrSbSe-1  gap=0.725 eV  best=-0.562 eV  top50=0  top10%=0
Cycle   6: full DKL retrain  (15 labelled)
GP warmup: 20 epochs on initial embeddings
Joint DKL training: 50 epochs
  Epoch 20/50  loss=0.2614
  Epoch 40/50  loss=-0.1932
DKL training done in 0.3s
  → 1AsB-1  gap=-0.804 eV  best=-0.804 eV  top50=1  top10%=1
Cycle   7: GP refit  (16 labelled)
  → 1AsClS-2  gap=0.009 eV  best=-0.804 eV  top50=1  top10%=1
Cycle   8: GP refit  (17 labelled)
  → 2ClCs-1  gap=-0.154 eV  best=-0.804 eV  top50=1  top10%=1
Cycle   9: GP refit  (18 labelled)
  → 1GaN-1  gap=-0.641 eV  best=-0.804 eV  top50=2  top10%=2
Cycle  10: GP refit  (19 labelled)
  → 2GaSe-1  gap=-0.768 eV  best=-0.804 eV  top50=3  top10%=3
Cycle  11: full DKL retrain  (20 labelled)
GP warmup: 20 epochs on initial embeddings
Joint DKL training: 50 epochs
  Epoch 20/50  loss=-0.3663
  Epoch 40/50  loss=-0.7943
DKL training done in 0.3s
  → 2AgSe-1  gap=-0.059 eV  best=-0.804 eV  top50=3  top10%=3
Cycle  12: GP refit  (21 labelled)
  → 2RhSe-3  gap=-0.543 eV  best=-0.804 eV  top50=3  top10%=4
Cycle  13: GP refit  (22 labelled)
  → 2GaO-1  gap=-0.476 eV  best=-0.804 eV  top50=3  top10%=4
Cycle  14: GP refit  (23 labelled)
  → 2GaSe-7  gap=-0.394 eV  best=-0.804 eV  top50=3  top10%=4
Cycle  15: GP refit  (24 labelled)
  → 2GaTe-1  gap=-1.988 eV  best=-1.988 eV  top50=4  top10%=5
Cycle  16: full DKL retrain  (25 labelled)
GP warmup: 20 epochs on initial embeddings
Joint DKL training: 50 epochs
  Epoch 20/50  loss=0.8418
  Epoch 40/50  loss=-0.2836
DKL training done in 0.3s
  → 1WAg2Te4-1  gap=0.764 eV  best=-1.988 eV  top50=4  top10%=5
Cycle  17: GP refit  (26 labelled)
  → 2TeTl-2  gap=-0.972 eV  best=-1.988 eV  top50=5  top10%=6
Cycle  18: GP refit  (27 labelled)
  → 2AgTe-2  gap=-0.666 eV  best=-1.988 eV  top50=6  top10%=7
Cycle  19: GP refit  (28 labelled)
  → 1HgSe-1  gap=-1.498 eV  best=-1.988 eV  top50=7  top10%=8
Cycle  20: GP refit  (29 labelled)
  → 4HgSe-1  gap=-0.862 eV  best=-1.988 eV  top50=8  top10%=9
Cycle  21: full DKL retrain  (30 labelled)
GP warmup: 20 epochs on initial embeddings
Joint DKL training: 50 epochs
  Epoch 20/50  loss=0.2586
  Epoch 40/50  loss=-0.0910
DKL training done in 0.3s
  → 1GaInTe2-1  gap=-0.212 eV  best=-1.988 eV  top50=8  top10%=9
Cycle  22: GP refit  (31 labelled)
  → 1HgTe-1  gap=-1.220 eV  best=-1.988 eV  top50=9  top10%=10
Cycle  23: GP refit  (32 labelled)
  → 2GaI-1  gap=0.332 eV  best=-1.988 eV  top50=9  top10%=10
Cycle  24: GP refit  (33 labelled)
  → 2AgI-2  gap=-0.404 eV  best=-1.988 eV  top50=9  top10%=10
Cycle  25: GP refit  (34 labelled)
  → 2AgTe-3  gap=-0.089 eV  best=-1.988 eV  top50=9  top10%=10
Cycle  26: full DKL retrain  (35 labelled)
GP warmup: 20 epochs on initial embeddings
Joint DKL training: 50 epochs
  Epoch 20/50  loss=-0.1082
  Epoch 40/50  loss=-0.4843
DKL training done in 0.3s
  → 2AgIBr2-1  gap=0.085 eV  best=-1.988 eV  top50=9  top10%=10
Cycle  27: GP refit  (36 labelled)
  → 1CdI2-3  gap=-0.272 eV  best=-1.988 eV  top50=9  top10%=10
Cycle  28: GP refit  (37 labelled)
  → 1HgS-1  gap=-1.412 eV  best=-1.988 eV  top50=10  top10%=11
Cycle  29: GP refit  (38 labelled)
  → 2AgBr-3  gap=-0.277 eV  best=-1.988 eV  top50=10  top10%=11
Cycle  30: GP refit  (39 labelled)
  → 2GaS-1  gap=-0.633 eV  best=-1.988 eV  top50=11  top10%=12
Cycle  31: full DKL retrain  (40 labelled)
GP warmup: 20 epochs on initial embeddings
Joint DKL training: 50 epochs
  Epoch 20/50  loss=-0.3854
  Epoch 40/50  loss=-0.7258
DKL training done in 0.3s
  → 1AlAs-1  gap=-0.875 eV  best=-1.988 eV  top50=12  top10%=13
Cycle  32: GP refit  (41 labelled)
  → 1BrITl2-1  gap=-0.521 eV  best=-1.988 eV  top50=12  top10%=14
Cycle  33: GP refit  (42 labelled)
  → 2AgCl-7  gap=-0.228 eV  best=-1.988 eV  top50=12  top10%=14
Cycle  34: GP refit  (43 labelled)
  → 4HgTe-1  gap=-0.925 eV  best=-1.988 eV  top50=13  top10%=15
Cycle  35: GP refit  (44 labelled)
  → 4AgCl2-1  gap=0.534 eV  best=-1.988 eV  top50=13  top10%=15
Cycle  36: full DKL retrain  (45 labelled)
GP warmup: 20 epochs on initial embeddings
Joint DKL training: 50 epochs
  Epoch 20/50  loss=-0.2710
  Epoch 40/50  loss=-0.7551
DKL training done in 0.3s
  → 4BrCd-1  gap=-0.503 eV  best=-1.988 eV  top50=13  top10%=16
Cycle  37: GP refit  (46 labelled)
  → 1AgScP2S6-1  gap=0.826 eV  best=-1.988 eV  top50=13  top10%=16
Cycle  38: GP refit  (47 labelled)
  → 1AgCrP2Se6-1  gap=-0.278 eV  best=-1.988 eV  top50=13  top10%=16
Cycle  39: GP refit  (48 labelled)
  → 1AgCrP2Te6-1  gap=-0.425 eV  best=-1.988 eV  top50=13  top10%=16
Cycle  40: GP refit  (49 labelled)
  → 2AgF-3  gap=-0.316 eV  best=-1.988 eV  top50=13  top10%=16
Cycle  41: full DKL retrain  (50 labelled)
GP warmup: 20 epochs on initial embeddings
Joint DKL training: 50 epochs
  Epoch 20/50  loss=0.3593
  Epoch 40/50  loss=-0.2286
DKL training done in 0.3s
  → 1BN-1  gap=-0.030 eV  best=-1.988 eV  top50=13  top10%=16
Cycle  42: GP refit  (51 labelled)
  → 2ClIn-5  gap=0.029 eV  best=-1.988 eV  top50=13  top10%=16
Cycle  43: GP refit  (52 labelled)
  → 2SbTlO3-1  gap=-0.703 eV  best=-1.988 eV  top50=14  top10%=17
Cycle  44: GP refit  (53 labelled)
  → 2ScTe-4  gap=-0.071 eV  best=-1.988 eV  top50=14  top10%=17
Cycle  45: GP refit  (54 labelled)
  → 2HNa3S5-1  gap=0.432 eV  best=-1.988 eV  top50=14  top10%=17
Cycle  46: full DKL retrain  (55 labelled)
GP warmup: 20 epochs on initial embeddings
Joint DKL training: 50 epochs
  Epoch 20/50  loss=-0.6205
  Epoch 40/50  loss=-0.9254
DKL training done in 0.3s
  → 2GaHTeO4-1  gap=-0.356 eV  best=-1.988 eV  top50=14  top10%=17
Cycle  47: GP refit  (56 labelled)
  → 1CoLiP2S6-1  gap=0.712 eV  best=-1.988 eV  top50=14  top10%=17
Cycle  48: GP refit  (57 labelled)
  → 1AgAlP2S6-1  gap=-0.411 eV  best=-1.988 eV  top50=14  top10%=17
Cycle  49: GP refit  (58 labelled)
  → 1AgAlP2Se6-1  gap=-0.554 eV  best=-1.988 eV  top50=14  top10%=18
Cycle  50: GP refit  (59 labelled)
  → 2AsTlO3-1  gap=0.034 eV  best=-1.988 eV  top50=14  top10%=18
Cycle  51: full DKL retrain  (60 labelled)
GP warmup: 20 epochs on initial embeddings
Joint DKL training: 50 epochs
  Epoch 20/50  loss=0.3072
  Epoch 40/50  loss=-0.4096
DKL training done in 0.3s
  → 4IOSc-1  gap=0.131 eV  best=-1.988 eV  top50=14  top10%=18
Cycle  52: GP refit  (61 labelled)
  → 2AgCrP2S6-1  gap=0.184 eV  best=-1.988 eV  top50=14  top10%=18
Cycle  53: GP refit  (62 labelled)
  → 1PbSe2-1  gap=-0.543 eV  best=-1.988 eV  top50=14  top10%=19
Cycle  54: GP refit  (63 labelled)
  → 2RhBr3-2  gap=0.755 eV  best=-1.988 eV  top50=14  top10%=19
Cycle  55: GP refit  (64 labelled)
  → 2SV-4  gap=0.541 eV  best=-1.988 eV  top50=14  top10%=19
Cycle  56: full DKL retrain  (65 labelled)
GP warmup: 20 epochs on initial embeddings
Joint DKL training: 50 epochs
  Epoch 20/50  loss=-0.3877
  Epoch 40/50  loss=-0.7601
DKL training done in 0.3s
  → 2CoCl2Sb2O3-1  gap=0.495 eV  best=-1.988 eV  top50=14  top10%=19
Cycle  57: GP refit  (66 labelled)
  → 1TeTa3I7-1  gap=0.238 eV  best=-1.988 eV  top50=14  top10%=19
Cycle  58: GP refit  (67 labelled)
  → 2HTeLi3O4-1  gap=0.244 eV  best=-1.988 eV  top50=14  top10%=19
Cycle  59: GP refit  (68 labelled)
  → 1InSb-1  gap=0.248 eV  best=-1.988 eV  top50=14  top10%=19
Cycle  60: GP refit  (69 labelled)
  → 2AuTe-3  gap=-0.304 eV  best=-1.988 eV  top50=14  top10%=19
Cycle  61: full DKL retrain  (70 labelled)
GP warmup: 20 epochs on initial embeddings
Joint DKL training: 50 epochs
  Epoch 20/50  loss=-0.4041
  Epoch 40/50  loss=-0.7448
DKL training done in 0.3s
  → 1AgCrP2S6-1  gap=-0.142 eV  best=-1.988 eV  top50=14  top10%=19
Cycle  62: GP refit  (71 labelled)
  → 1CoLiP2Se6-1  gap=0.056 eV  best=-1.988 eV  top50=14  top10%=19
Cycle  63: GP refit  (72 labelled)
  → 1ISY-1  gap=0.192 eV  best=-1.988 eV  top50=14  top10%=19
Cycle  64: GP refit  (73 labelled)
  → 2AlTe-1  gap=-0.211 eV  best=-1.988 eV  top50=14  top10%=19
Cycle  65: GP refit  (74 labelled)
  → 2SSc-4  gap=-0.408 eV  best=-1.988 eV  top50=14  top10%=19
Cycle  66: full DKL retrain  (75 labelled)
GP warmup: 20 epochs on initial embeddings
Joint DKL training: 50 epochs
  Epoch 20/50  loss=-0.3999
  Epoch 40/50  loss=-0.7745
DKL training done in 0.3s
  → 1ScI2-2  gap=0.090 eV  best=-1.988 eV  top50=14  top10%=19
Cycle  67: GP refit  (76 labelled)
  → 2ScSe-3  gap=-0.376 eV  best=-1.988 eV  top50=14  top10%=19
Cycle  68: GP refit  (77 labelled)
  → 2P2S3-1  gap=0.221 eV  best=-1.988 eV  top50=14  top10%=19
Cycle  69: GP refit  (78 labelled)
  → 2OSc-1  gap=0.336 eV  best=-1.988 eV  top50=14  top10%=19
Cycle  70: GP refit  (79 labelled)
  → 1AgInP2Se6-1  gap=-0.175 eV  best=-1.988 eV  top50=14  top10%=19
Cycle  71: full DKL retrain  (80 labelled)
GP warmup: 20 epochs on initial embeddings
Joint DKL training: 50 epochs
  Epoch 20/50  loss=-0.3481
  Epoch 40/50  loss=-0.7641
DKL training done in 0.3s
  → 1InP-1  gap=-1.028 eV  best=-1.988 eV  top50=15  top10%=20
Cycle  72: GP refit  (81 labelled)
  → 1FeI2-3  gap=-0.157 eV  best=-1.988 eV  top50=15  top10%=20
Cycle  73: GP refit  (82 labelled)
  → 2TeV-4  gap=0.555 eV  best=-1.988 eV  top50=15  top10%=20
Cycle  74: GP refit  (83 labelled)
  → 4AsPdTe-1  gap=0.105 eV  best=-1.988 eV  top50=15  top10%=20
Cycle  75: GP refit  (84 labelled)
  → 1AsIn-1  gap=0.064 eV  best=-1.988 eV  top50=15  top10%=20
Cycle  76: full DKL retrain  (85 labelled)
GP warmup: 20 epochs on initial embeddings
Joint DKL training: 50 epochs
  Epoch 20/50  loss=-0.0063
  Epoch 40/50  loss=-0.2984
DKL training done in 0.3s
  → 1ISbTe-1  gap=0.406 eV  best=-1.988 eV  top50=15  top10%=20
Cycle  77: GP refit  (86 labelled)
  → 1PbTe-1  gap=-0.622 eV  best=-1.988 eV  top50=16  top10%=21
Cycle  78: GP refit  (87 labelled)
  → 2PbTe-1  gap=-1.102 eV  best=-1.988 eV  top50=17  top10%=22
Cycle  79: GP refit  (88 labelled)
  → 2HKTe-1  gap=-0.310 eV  best=-1.988 eV  top50=17  top10%=22
Cycle  80: GP refit  (89 labelled)
  → 4LiSbO2-1  gap=-0.171 eV  best=-1.988 eV  top50=17  top10%=22
Cycle  81: full DKL retrain  (90 labelled)
GP warmup: 20 epochs on initial embeddings
Joint DKL training: 50 epochs
  Epoch 20/50  loss=-0.2489
  Epoch 40/50  loss=-0.5585
DKL training done in 0.3s
  → 2HLiO-1  gap=-0.063 eV  best=-1.988 eV  top50=17  top10%=22
Cycle  82: GP refit  (91 labelled)
  → 2HTeLi3S4-1  gap=-0.040 eV  best=-1.988 eV  top50=17  top10%=22
Cycle  83: GP refit  (92 labelled)
  → 2SeZn-2  gap=-0.636 eV  best=-1.988 eV  top50=18  top10%=23
Cycle  84: GP refit  (93 labelled)
  → 1ClScTe-1  gap=-0.031 eV  best=-1.988 eV  top50=18  top10%=23
Cycle  85: GP refit  (94 labelled)
  → 1ScH2-1  gap=-0.199 eV  best=-1.988 eV  top50=18  top10%=23
Cycle  86: full DKL retrain  (95 labelled)
GP warmup: 20 epochs on initial embeddings
Joint DKL training: 50 epochs
  Epoch 20/50  loss=-0.0439
  Epoch 40/50  loss=-0.3671
DKL training done in 0.3s
  → 4AsLiO2-1  gap=-0.007 eV  best=-1.988 eV  top50=18  top10%=23
Cycle  87: GP refit  (96 labelled)
  → 1AgAlAs2Se6-1  gap=-0.325 eV  best=-1.988 eV  top50=18  top10%=23
Cycle  88: GP refit  (97 labelled)
  → 1BiHTe2O6-1  gap=-0.672 eV  best=-1.988 eV  top50=19  top10%=24
Cycle  89: GP refit  (98 labelled)
  → 1N2O2Zr3-1  gap=-0.033 eV  best=-1.988 eV  top50=19  top10%=24
Cycle  90: GP refit  (99 labelled)
  → 2IRb-1  gap=-0.293 eV  best=-1.988 eV  top50=19  top10%=24
Cycle  91: full DKL retrain  (100 labelled)
GP warmup: 20 epochs on initial embeddings
Joint DKL training: 50 epochs
  Epoch 20/50  loss=-0.6017
  Epoch 40/50  loss=-0.6351
DKL training done in 0.3s
  → 1N2O2Y3-1  gap=-0.059 eV  best=-1.988 eV  top50=19  top10%=24
Cycle  92: GP refit  (101 labelled)
  → 4OPb-1  gap=-0.193 eV  best=-1.988 eV  top50=19  top10%=24
Cycle  93: GP refit  (102 labelled)
  → 2CoHS2-1  gap=0.256 eV  best=-1.988 eV  top50=19  top10%=24
Cycle  94: GP refit  (103 labelled)
  → 2HNaO-1  gap=-0.156 eV  best=-1.988 eV  top50=19  top10%=24
Cycle  95: GP refit  (104 labelled)
  → 2HLiS-1  gap=-0.155 eV  best=-1.988 eV  top50=19  top10%=24
Cycle  96: full DKL retrain  (105 labelled)
GP warmup: 20 epochs on initial embeddings
Joint DKL training: 50 epochs
  Epoch 20/50  loss=-0.6422
  Epoch 40/50  loss=-0.9695
DKL training done in 0.3s
  → 1HfTi3Te8-1  gap=-0.310 eV  best=-1.988 eV  top50=19  top10%=24
Cycle  97: GP refit  (106 labelled)
  → 4LiSbS2-1  gap=0.010 eV  best=-1.988 eV  top50=19  top10%=24
Cycle  98: GP refit  (107 labelled)
  → 1BiITe-1  gap=0.319 eV  best=-1.988 eV  top50=19  top10%=24
Cycle  99: GP refit  (108 labelled)
  → 2PbS-1  gap=-0.843 eV  best=-1.988 eV  top50=20  top10%=25
Cycle 100: GP refit  (109 labelled)
  → 4NaSbO2-1  gap=-0.052 eV  best=-1.988 eV  top50=20  top10%=25
  emass_min/seed4 → best=-1.988 top50=20 top10%=25
BOLoop: 766 materials  |  direction=min  |  top-50 internal threshold=0.62  top-10% internal threshold=0.49
Init: 10 random labels  |  best (min) = -0.804
Cycle   1: full DKL retrain  (10 labelled)
GP warmup: 20 epochs on initial embeddings
/home/roy/Desktop/DKL-BO/venv/lib/python3.13/site-packages/torch/_compile.py:54: UserWarning: optimizer contains a parameter group with duplicate parameters; in future, this will cause an error; see github.com/pytorch/pytorch/issues/40967 for more information
  return disable_fn(*args, **kwargs)
Joint DKL training: 50 epochs
  Epoch 20/50  loss=0.8302
  Epoch 40/50  loss=0.7574
DKL training done in 0.3s
  → 1BN-1  gap=-0.030 eV  best=-0.804 eV  top50=0  top10%=0
Cycle   2: GP refit  (11 labelled)
  → 1BP-1  gap=-0.723 eV  best=-0.804 eV  top50=1  top10%=1
Cycle   3: GP refit  (12 labelled)
  → 2OsS2-1  gap=-0.223 eV  best=-0.804 eV  top50=1  top10%=1
Cycle   4: GP refit  (13 labelled)
  → 2HInTeS4-1  gap=0.346 eV  best=-0.804 eV  top50=1  top10%=1
Cycle   5: GP refit  (14 labelled)
  → 2STl-2  gap=-0.605 eV  best=-0.804 eV  top50=1  top10%=2
Cycle   6: full DKL retrain  (15 labelled)
GP warmup: 20 epochs on initial embeddings
Joint DKL training: 50 epochs
  Epoch 20/50  loss=-0.6925
  Epoch 40/50  loss=-1.0085
DKL training done in 0.3s
  → 2ITl-3  gap=-0.025 eV  best=-0.804 eV  top50=1  top10%=2
Cycle   7: GP refit  (16 labelled)
  → 1BSb-1  gap=-1.148 eV  best=-1.148 eV  top50=2  top10%=3
Cycle   8: GP refit  (17 labelled)
  → 1AlN-1  gap=-0.293 eV  best=-1.148 eV  top50=2  top10%=3
Cycle   9: GP refit  (18 labelled)
  → 2ClCs-1  gap=-0.154 eV  best=-1.148 eV  top50=2  top10%=3
Cycle  10: GP refit  (19 labelled)
  → 1HgTe-1  gap=-1.220 eV  best=-1.220 eV  top50=3  top10%=4
Cycle  11: full DKL retrain  (20 labelled)
GP warmup: 20 epochs on initial embeddings
Joint DKL training: 50 epochs
  Epoch 20/50  loss=-0.0981
  Epoch 40/50  loss=-0.8280
DKL training done in 0.3s
  → 1HgSe-1  gap=-1.498 eV  best=-1.498 eV  top50=4  top10%=5
Cycle  12: GP refit  (21 labelled)
  → 4HgTe-1  gap=-0.925 eV  best=-1.498 eV  top50=5  top10%=6
Cycle  13: GP refit  (22 labelled)
  → 2PbTe-3  gap=-0.241 eV  best=-1.498 eV  top50=5  top10%=6
Cycle  14: GP refit  (23 labelled)
  → 2BrCs-2  gap=-0.221 eV  best=-1.498 eV  top50=5  top10%=6
Cycle  15: GP refit  (24 labelled)
  → 1BaI2-2  gap=0.597 eV  best=-1.498 eV  top50=5  top10%=6
Cycle  16: full DKL retrain  (25 labelled)
GP warmup: 20 epochs on initial embeddings
Joint DKL training: 50 epochs
  Epoch 20/50  loss=-0.8549
  Epoch 40/50  loss=-1.2602
DKL training done in 0.3s
  → 1HgS-1  gap=-1.412 eV  best=-1.498 eV  top50=6  top10%=7
Cycle  17: GP refit  (26 labelled)
  → 4HgSe-1  gap=-0.862 eV  best=-1.498 eV  top50=7  top10%=8
Cycle  18: GP refit  (27 labelled)
  → 2IRb-1  gap=-0.293 eV  best=-1.498 eV  top50=7  top10%=8
Cycle  19: GP refit  (28 labelled)
  → 1PbSe2-1  gap=-0.543 eV  best=-1.498 eV  top50=7  top10%=9
Cycle  20: GP refit  (29 labelled)
  → 2PbSe-1  gap=-1.002 eV  best=-1.498 eV  top50=8  top10%=10
Cycle  21: full DKL retrain  (30 labelled)
GP warmup: 20 epochs on initial embeddings
Joint DKL training: 50 epochs
  Epoch 20/50  loss=1.6598
  Epoch 40/50  loss=-0.3285
DKL training done in 0.3s
  → 1SnTe-1  gap=-0.411 eV  best=-1.498 eV  top50=8  top10%=10
Cycle  22: GP refit  (31 labelled)
  → 1InSb-1  gap=0.248 eV  best=-1.498 eV  top50=8  top10%=10
Cycle  23: GP refit  (32 labelled)
  → 2IIn-3  gap=0.071 eV  best=-1.498 eV  top50=8  top10%=10
Cycle  24: GP refit  (33 labelled)
  → 1PbS2-1  gap=-0.438 eV  best=-1.498 eV  top50=8  top10%=10
Cycle  25: GP refit  (34 labelled)
  → 1ISbTe-1  gap=0.406 eV  best=-1.498 eV  top50=8  top10%=10
Cycle  26: full DKL retrain  (35 labelled)
GP warmup: 20 epochs on initial embeddings
Joint DKL training: 50 epochs
  Epoch 20/50  loss=-0.0930
  Epoch 40/50  loss=-0.6782
DKL training done in 0.3s
  → 1PbSe-1  gap=-0.390 eV  best=-1.498 eV  top50=8  top10%=10
Cycle  27: GP refit  (36 labelled)
  → 2PbS-1  gap=-0.843 eV  best=-1.498 eV  top50=9  top10%=11
Cycle  28: GP refit  (37 labelled)
  → 2PbTe-1  gap=-1.102 eV  best=-1.498 eV  top50=10  top10%=12
Cycle  29: GP refit  (38 labelled)
  → 2ScSe-3  gap=-0.376 eV  best=-1.498 eV  top50=10  top10%=12
Cycle  30: GP refit  (39 labelled)
  → 1PbTe-1  gap=-0.622 eV  best=-1.498 eV  top50=11  top10%=13
Cycle  31: full DKL retrain  (40 labelled)
GP warmup: 20 epochs on initial embeddings
Joint DKL training: 50 epochs
  Epoch 20/50  loss=-0.2328
  Epoch 40/50  loss=-0.5077
DKL training done in 0.3s
  → 2TeTl-2  gap=-0.972 eV  best=-1.498 eV  top50=12  top10%=14
Cycle  32: GP refit  (41 labelled)
  → 1BrSbSe-1  gap=0.725 eV  best=-1.498 eV  top50=12  top10%=14
Cycle  33: GP refit  (42 labelled)
  → 1BaBr2-2  gap=0.697 eV  best=-1.498 eV  top50=12  top10%=14
Cycle  34: GP refit  (43 labelled)
  → 1SSn-1  gap=-0.120 eV  best=-1.498 eV  top50=12  top10%=14
Cycle  35: GP refit  (44 labelled)
  → 2ClGa-1  gap=-0.075 eV  best=-1.498 eV  top50=12  top10%=14
Cycle  36: full DKL retrain  (45 labelled)
GP warmup: 20 epochs on initial embeddings
Joint DKL training: 50 epochs
  Epoch 20/50  loss=-0.1346
  Epoch 40/50  loss=-0.4925
DKL training done in 0.3s
  → 2GaTe-1  gap=-1.988 eV  best=-1.988 eV  top50=13  top10%=15
Cycle  37: GP refit  (46 labelled)
  → 2AlTe-1  gap=-0.211 eV  best=-1.988 eV  top50=13  top10%=15
Cycle  38: GP refit  (47 labelled)
  → 2BaBrH-1  gap=-0.309 eV  best=-1.988 eV  top50=13  top10%=15
Cycle  39: GP refit  (48 labelled)
  → 1GeTe-1  gap=-0.502 eV  best=-1.988 eV  top50=13  top10%=16
Cycle  40: GP refit  (49 labelled)
  → 1WTe2-1  gap=-0.347 eV  best=-1.988 eV  top50=13  top10%=16
Cycle  41: full DKL retrain  (50 labelled)
GP warmup: 20 epochs on initial embeddings
Joint DKL training: 50 epochs
  Epoch 20/50  loss=0.4978
  Epoch 40/50  loss=-0.0138
DKL training done in 0.3s
  → 1FeBr2-3  gap=-0.054 eV  best=-1.988 eV  top50=13  top10%=16
Cycle  42: GP refit  (51 labelled)
  → 1BrSbTe-2  gap=-0.190 eV  best=-1.988 eV  top50=13  top10%=16
Cycle  43: GP refit  (52 labelled)
  → 1AlAs-1  gap=-0.875 eV  best=-1.988 eV  top50=14  top10%=17
Cycle  44: GP refit  (53 labelled)
  → 1GaInTe2-1  gap=-0.212 eV  best=-1.988 eV  top50=14  top10%=17
Cycle  45: GP refit  (54 labelled)
  → 1InNbBr6-1  gap=0.230 eV  best=-1.988 eV  top50=14  top10%=17
Cycle  46: full DKL retrain  (55 labelled)
GP warmup: 20 epochs on initial embeddings
Joint DKL training: 50 epochs
  Epoch 20/50  loss=-0.1653
  Epoch 40/50  loss=-0.5591
DKL training done in 0.3s
  → 1AgAlP2Te6-1  gap=-0.152 eV  best=-1.988 eV  top50=14  top10%=17
Cycle  47: GP refit  (56 labelled)
  → 1HfPdBr6-1  gap=0.540 eV  best=-1.988 eV  top50=14  top10%=17
Cycle  48: GP refit  (57 labelled)
  → 1BrClS4I6In8-1  gap=-0.112 eV  best=-1.988 eV  top50=14  top10%=17
Cycle  49: GP refit  (58 labelled)
  → 2GaSe-1  gap=-0.768 eV  best=-1.988 eV  top50=15  top10%=18
Cycle  50: GP refit  (59 labelled)
  → 2InTe-1  gap=-0.797 eV  best=-1.988 eV  top50=16  top10%=19
Cycle  51: full DKL retrain  (60 labelled)
GP warmup: 20 epochs on initial embeddings
Joint DKL training: 50 epochs
  Epoch 20/50  loss=-0.2144
  Epoch 40/50  loss=-0.5459
DKL training done in 0.3s
  → 1BaBrI-1  gap=0.289 eV  best=-1.988 eV  top50=16  top10%=19
Cycle  52: GP refit  (61 labelled)
  → 1BiBrTe-1  gap=0.149 eV  best=-1.988 eV  top50=16  top10%=19
Cycle  53: GP refit  (62 labelled)
  → 1BrISr-1  gap=0.897 eV  best=-1.988 eV  top50=16  top10%=19
Cycle  54: GP refit  (63 labelled)
  → 2FRb-1  gap=-0.087 eV  best=-1.988 eV  top50=16  top10%=19
Cycle  55: GP refit  (64 labelled)
  → 1BaCl2-2  gap=1.043 eV  best=-1.988 eV  top50=16  top10%=19
Cycle  56: full DKL retrain  (65 labelled)
GP warmup: 20 epochs on initial embeddings
Joint DKL training: 50 epochs
  Epoch 20/50  loss=-0.3660
  Epoch 40/50  loss=-0.6337
DKL training done in 0.3s
  → 1SrI2-2  gap=0.061 eV  best=-1.988 eV  top50=16  top10%=19
Cycle  57: GP refit  (66 labelled)
  → 2ClIn-5  gap=0.029 eV  best=-1.988 eV  top50=16  top10%=19
Cycle  58: GP refit  (67 labelled)
  → 2BiIn-1  gap=-0.948 eV  best=-1.988 eV  top50=17  top10%=20
Cycle  59: GP refit  (68 labelled)
  → 2BaClI-1  gap=-0.313 eV  best=-1.988 eV  top50=17  top10%=20
Cycle  60: GP refit  (69 labelled)
  → 1BaBrCl-1  gap=0.635 eV  best=-1.988 eV  top50=17  top10%=20
Cycle  61: full DKL retrain  (70 labelled)
GP warmup: 20 epochs on initial embeddings
Joint DKL training: 50 epochs
  Epoch 20/50  loss=0.2873
  Epoch 40/50  loss=-0.0079
DKL training done in 0.3s
  → 1CrO2-2  gap=-0.060 eV  best=-1.988 eV  top50=17  top10%=20
Cycle  62: GP refit  (71 labelled)
  → 2HNaTe-1  gap=-0.387 eV  best=-1.988 eV  top50=17  top10%=20
Cycle  63: GP refit  (72 labelled)
  → 1SnI2-2  gap=-0.083 eV  best=-1.988 eV  top50=17  top10%=20
Cycle  64: GP refit  (73 labelled)
  → 1AsIn-1  gap=0.064 eV  best=-1.988 eV  top50=17  top10%=20
Cycle  65: GP refit  (74 labelled)
  → 2HNaS-1  gap=-0.262 eV  best=-1.988 eV  top50=17  top10%=20
Cycle  66: full DKL retrain  (75 labelled)
GP warmup: 20 epochs on initial embeddings
Joint DKL training: 50 epochs
  Epoch 20/50  loss=-0.3682
  Epoch 40/50  loss=-0.6636
DKL training done in 0.3s
  → 1HfTe2-2  gap=-0.278 eV  best=-1.988 eV  top50=17  top10%=20
Cycle  67: GP refit  (76 labelled)
  → 1FeHfBr6-1  gap=0.780 eV  best=-1.988 eV  top50=17  top10%=20
Cycle  68: GP refit  (77 labelled)
  → 1BaClI-1  gap=0.282 eV  best=-1.988 eV  top50=17  top10%=20
Cycle  69: GP refit  (78 labelled)
  → 2RhBr3-2  gap=0.755 eV  best=-1.988 eV  top50=17  top10%=20
Cycle  70: GP refit  (79 labelled)
  → 1SrBr2-2  gap=-0.374 eV  best=-1.988 eV  top50=17  top10%=20
Cycle  71: full DKL retrain  (80 labelled)
GP warmup: 20 epochs on initial embeddings
Joint DKL training: 50 epochs
  Epoch 20/50  loss=0.2746
  Epoch 40/50  loss=-0.3511
DKL training done in 0.3s
  → 1PtSeTe-1  gap=0.028 eV  best=-1.988 eV  top50=17  top10%=20
Cycle  72: GP refit  (81 labelled)
  → 1BrHfI-1  gap=-0.163 eV  best=-1.988 eV  top50=17  top10%=20
Cycle  73: GP refit  (82 labelled)
  → 1TiBr2-1  gap=0.225 eV  best=-1.988 eV  top50=17  top10%=20
Cycle  74: GP refit  (83 labelled)
  → 2AgBr-3  gap=-0.277 eV  best=-1.988 eV  top50=17  top10%=20
Cycle  75: GP refit  (84 labelled)
  → 1HfBr2-1  gap=-0.146 eV  best=-1.988 eV  top50=17  top10%=20
Cycle  76: full DKL retrain  (85 labelled)
GP warmup: 20 epochs on initial embeddings
Joint DKL training: 50 epochs
  Epoch 20/50  loss=0.0165
  Epoch 40/50  loss=-0.4006
DKL training done in 0.3s
  → 2AgIBr2-1  gap=0.085 eV  best=-1.988 eV  top50=17  top10%=20
Cycle  77: GP refit  (86 labelled)
  → 2CsF-1  gap=-0.074 eV  best=-1.988 eV  top50=17  top10%=20
Cycle  78: GP refit  (87 labelled)
  → 1PbBr2-2  gap=-0.201 eV  best=-1.988 eV  top50=17  top10%=20
Cycle  79: GP refit  (88 labelled)
  → 2AgF-3  gap=-0.316 eV  best=-1.988 eV  top50=17  top10%=20
Cycle  80: GP refit  (89 labelled)
  → 1FeHfF6-1  gap=1.579 eV  best=-1.988 eV  top50=17  top10%=20
Cycle  81: full DKL retrain  (90 labelled)
GP warmup: 20 epochs on initial embeddings
Joint DKL training: 50 epochs
  Epoch 20/50  loss=-0.3260
  Epoch 40/50  loss=-0.5943
DKL training done in 0.3s
  → 1HgO-1  gap=0.248 eV  best=-1.988 eV  top50=17  top10%=20
Cycle  82: GP refit  (91 labelled)
  → 1WAg2Te4-1  gap=0.764 eV  best=-1.988 eV  top50=17  top10%=20
Cycle  83: GP refit  (92 labelled)
  → 1MnZrBr6-1  gap=0.095 eV  best=-1.988 eV  top50=17  top10%=20
Cycle  84: GP refit  (93 labelled)
  → 1ClCrTe-1  gap=0.273 eV  best=-1.988 eV  top50=17  top10%=20
Cycle  85: GP refit  (94 labelled)
  → 2BrClCr-1  gap=0.283 eV  best=-1.988 eV  top50=17  top10%=20
Cycle  86: full DKL retrain  (95 labelled)
GP warmup: 20 epochs on initial embeddings
Joint DKL training: 50 epochs
  Epoch 20/50  loss=0.3729
  Epoch 40/50  loss=0.0682
DKL training done in 0.3s
  → 2CoHO2-1  gap=0.097 eV  best=-1.988 eV  top50=17  top10%=20
Cycle  87: GP refit  (96 labelled)
  → 1CrTe2-2  gap=-0.088 eV  best=-1.988 eV  top50=17  top10%=20
Cycle  88: GP refit  (97 labelled)
  → 1MoAu2Se4-1  gap=0.613 eV  best=-1.988 eV  top50=17  top10%=20
Cycle  89: GP refit  (98 labelled)
  → 2HfZrTe4-1  gap=-0.328 eV  best=-1.988 eV  top50=17  top10%=20
Cycle  90: GP refit  (99 labelled)
  → 1SnCl2-2  gap=0.185 eV  best=-1.988 eV  top50=17  top10%=20
Cycle  91: full DKL retrain  (100 labelled)
GP warmup: 20 epochs on initial embeddings
Joint DKL training: 50 epochs
  Epoch 20/50  loss=-0.1857
  Epoch 40/50  loss=-0.4680
DKL training done in 0.3s
  → 1CrISe-1  gap=0.394 eV  best=-1.988 eV  top50=17  top10%=20
Cycle  92: GP refit  (101 labelled)
  → 1BiClTe-2  gap=0.207 eV  best=-1.988 eV  top50=17  top10%=20
Cycle  93: GP refit  (102 labelled)
  → 1HfPdCl6-1  gap=0.981 eV  best=-1.988 eV  top50=17  top10%=20
Cycle  94: GP refit  (103 labelled)
  → 2FeTe2-1  gap=0.121 eV  best=-1.988 eV  top50=17  top10%=20
Cycle  95: GP refit  (104 labelled)
  → 2BiO-1  gap=-1.197 eV  best=-1.988 eV  top50=18  top10%=21
Cycle  96: full DKL retrain  (105 labelled)
GP warmup: 20 epochs on initial embeddings
Joint DKL training: 50 epochs
  Epoch 20/50  loss=-0.2526
  Epoch 40/50  loss=-0.5264
DKL training done in 0.3s
  → 1SrCl2-2  gap=-0.271 eV  best=-1.988 eV  top50=18  top10%=21
Cycle  97: GP refit  (106 labelled)
  → 2CrWTe4-1  gap=-0.116 eV  best=-1.988 eV  top50=18  top10%=21
Cycle  98: GP refit  (107 labelled)
  → 2TeZr-4  gap=-0.459 eV  best=-1.988 eV  top50=18  top10%=21
Cycle  99: GP refit  (108 labelled)
  → 1IPd2Cl5-1  gap=1.095 eV  best=-1.988 eV  top50=18  top10%=21
Cycle 100: GP refit  (109 labelled)
  → 1BiITe-1  gap=0.319 eV  best=-1.988 eV  top50=18  top10%=21
  emass_min/seed5 → best=-1.988 top50=18 top10%=21
BOLoop: 766 materials  |  direction=min  |  top-50 internal threshold=0.62  top-10% internal threshold=0.49
Init: 10 random labels  |  best (min) = -1.220
Cycle   1: full DKL retrain  (10 labelled)
GP warmup: 20 epochs on initial embeddings
/home/roy/Desktop/DKL-BO/venv/lib/python3.13/site-packages/torch/_compile.py:54: UserWarning: optimizer contains a parameter group with duplicate parameters; in future, this will cause an error; see github.com/pytorch/pytorch/issues/40967 for more information
  return disable_fn(*args, **kwargs)
Joint DKL training: 50 epochs
  Epoch 20/50  loss=0.8704
  Epoch 40/50  loss=0.8071
DKL training done in 0.3s
  → 2PbTe-3  gap=-0.241 eV  best=-1.220 eV  top50=0  top10%=0
Cycle   2: GP refit  (11 labelled)
  → 2BrCs-2  gap=-0.221 eV  best=-1.220 eV  top50=0  top10%=0
Cycle   3: GP refit  (12 labelled)
  → 2AsTlO3-1  gap=0.034 eV  best=-1.220 eV  top50=0  top10%=0
Cycle   4: GP refit  (13 labelled)
  → 1BN-1  gap=-0.030 eV  best=-1.220 eV  top50=0  top10%=0
Cycle   5: GP refit  (14 labelled)
  → 2CsF-1  gap=-0.074 eV  best=-1.220 eV  top50=0  top10%=0
Cycle   6: full DKL retrain  (15 labelled)
GP warmup: 20 epochs on initial embeddings
Joint DKL training: 50 epochs
  Epoch 20/50  loss=0.2284
  Epoch 40/50  loss=-0.5457
DKL training done in 0.3s
  → 4HgTe-1  gap=-0.925 eV  best=-1.220 eV  top50=1  top10%=1
Cycle   7: GP refit  (16 labelled)
  → 1HgS-1  gap=-1.412 eV  best=-1.412 eV  top50=2  top10%=2
Cycle   8: GP refit  (17 labelled)
  → 2AgTe-2  gap=-0.666 eV  best=-1.412 eV  top50=3  top10%=3
Cycle   9: GP refit  (18 labelled)
  → 1HgSe-1  gap=-1.498 eV  best=-1.498 eV  top50=4  top10%=4
Cycle  10: GP refit  (19 labelled)
  → 2TeTl-2  gap=-0.972 eV  best=-1.498 eV  top50=5  top10%=5
Cycle  11: full DKL retrain  (20 labelled)
GP warmup: 20 epochs on initial embeddings
Joint DKL training: 50 epochs
  Epoch 20/50  loss=0.7418
  Epoch 40/50  loss=-0.3701
DKL training done in 0.3s
  → 4HgSe-1  gap=-0.862 eV  best=-1.498 eV  top50=6  top10%=6
Cycle  12: GP refit  (21 labelled)
  → 1BaI2-2  gap=0.597 eV  best=-1.498 eV  top50=6  top10%=6
Cycle  13: GP refit  (22 labelled)
  → 1WCu2Te4-1  gap=1.193 eV  best=-1.498 eV  top50=6  top10%=6
Cycle  14: GP refit  (23 labelled)
  → 1InSb-1  gap=0.248 eV  best=-1.498 eV  top50=6  top10%=6
Cycle  15: GP refit  (24 labelled)
  → 1BaBrCl-1  gap=0.635 eV  best=-1.498 eV  top50=6  top10%=6
Cycle  16: full DKL retrain  (25 labelled)
GP warmup: 20 epochs on initial embeddings
Joint DKL training: 50 epochs
  Epoch 20/50  loss=4.8858
  Epoch 40/50  loss=0.7313
DKL training done in 0.3s
  → 2STl-2  gap=-0.605 eV  best=-1.498 eV  top50=6  top10%=7
Cycle  17: GP refit  (26 labelled)
  → 1InP-1  gap=-1.028 eV  best=-1.498 eV  top50=7  top10%=8
Cycle  18: GP refit  (27 labelled)
  → 1BrISr-1  gap=0.897 eV  best=-1.498 eV  top50=7  top10%=8
Cycle  19: GP refit  (28 labelled)
  → 1SnI2-2  gap=-0.083 eV  best=-1.498 eV  top50=7  top10%=8
Cycle  20: GP refit  (29 labelled)
  → 2CuSe-4  gap=-0.089 eV  best=-1.498 eV  top50=7  top10%=8
Cycle  21: full DKL retrain  (30 labelled)
GP warmup: 20 epochs on initial embeddings
Joint DKL training: 50 epochs
  Epoch 20/50  loss=3.9843
  Epoch 40/50  loss=0.8297
DKL training done in 0.3s
  → 2P2S3-3  gap=0.122 eV  best=-1.498 eV  top50=7  top10%=8
Cycle  22: GP refit  (31 labelled)
  → 1SnTe-1  gap=-0.411 eV  best=-1.498 eV  top50=7  top10%=8
Cycle  23: GP refit  (32 labelled)
  → 1PbSe2-1  gap=-0.543 eV  best=-1.498 eV  top50=7  top10%=9
Cycle  24: GP refit  (33 labelled)
  → 1PbTe-1  gap=-0.622 eV  best=-1.498 eV  top50=8  top10%=10
Cycle  25: GP refit  (34 labelled)
  → 2IIn-3  gap=0.071 eV  best=-1.498 eV  top50=8  top10%=10
Cycle  26: full DKL retrain  (35 labelled)
GP warmup: 20 epochs on initial embeddings
Joint DKL training: 50 epochs
  Epoch 20/50  loss=0.3421
  Epoch 40/50  loss=0.1596
DKL training done in 0.3s
  → 1PbS2-1  gap=-0.438 eV  best=-1.498 eV  top50=8  top10%=10
Cycle  27: GP refit  (36 labelled)
  → 1BiITe-1  gap=0.319 eV  best=-1.498 eV  top50=8  top10%=10
Cycle  28: GP refit  (37 labelled)
  → 1HgO-1  gap=0.248 eV  best=-1.498 eV  top50=8  top10%=10
Cycle  29: GP refit  (38 labelled)
  → 1HfMnI6-1  gap=-0.115 eV  best=-1.498 eV  top50=8  top10%=10
Cycle  30: GP refit  (39 labelled)
  → 1AsIn-1  gap=0.064 eV  best=-1.498 eV  top50=8  top10%=10
Cycle  31: full DKL retrain  (40 labelled)
GP warmup: 20 epochs on initial embeddings
Joint DKL training: 50 epochs
  Epoch 20/50  loss=0.1581
  Epoch 40/50  loss=-0.1085
DKL training done in 0.3s
  → 1WAg2S4-1  gap=0.805 eV  best=-1.498 eV  top50=8  top10%=10
Cycle  32: GP refit  (41 labelled)
  → 1ScI2-2  gap=0.090 eV  best=-1.498 eV  top50=8  top10%=10
Cycle  33: GP refit  (42 labelled)
  → 2AgI-2  gap=-0.404 eV  best=-1.498 eV  top50=8  top10%=10
Cycle  34: GP refit  (43 labelled)
  → 2TiO2-1  gap=0.453 eV  best=-1.498 eV  top50=8  top10%=10
Cycle  35: GP refit  (44 labelled)
  → 1BrHfI-1  gap=-0.163 eV  best=-1.498 eV  top50=8  top10%=10
Cycle  36: full DKL retrain  (45 labelled)
GP warmup: 20 epochs on initial embeddings
Joint DKL training: 50 epochs
  Epoch 20/50  loss=0.0837
  Epoch 40/50  loss=-0.1959
DKL training done in 0.3s
  → 1WCu2S4-1  gap=0.631 eV  best=-1.498 eV  top50=8  top10%=10
Cycle  37: GP refit  (46 labelled)
  → 2OSc-1  gap=0.336 eV  best=-1.498 eV  top50=8  top10%=10
Cycle  38: GP refit  (47 labelled)
  → 2AuI-3  gap=-0.420 eV  best=-1.498 eV  top50=8  top10%=10
Cycle  39: GP refit  (48 labelled)
  → 2FeS2-1  gap=0.505 eV  best=-1.498 eV  top50=8  top10%=10
Cycle  40: GP refit  (49 labelled)
  → 2BiHgIO2-1  gap=0.115 eV  best=-1.498 eV  top50=8  top10%=10
Cycle  41: full DKL retrain  (50 labelled)
GP warmup: 20 epochs on initial embeddings
Joint DKL training: 50 epochs
  Epoch 20/50  loss=0.0178
  Epoch 40/50  loss=-0.2688
DKL training done in 0.3s
  → 1C2O2Hf3-1  gap=-0.408 eV  best=-1.498 eV  top50=8  top10%=10
Cycle  42: GP refit  (51 labelled)
  → 1BrClS4I6In8-1  gap=-0.112 eV  best=-1.498 eV  top50=8  top10%=10
Cycle  43: GP refit  (52 labelled)
  → 2FeTe2-1  gap=0.121 eV  best=-1.498 eV  top50=8  top10%=10
Cycle  44: GP refit  (53 labelled)
  → 2AgTe-3  gap=-0.089 eV  best=-1.498 eV  top50=8  top10%=10
Cycle  45: GP refit  (54 labelled)
  → 1TiI2-2  gap=0.092 eV  best=-1.498 eV  top50=8  top10%=10
Cycle  46: full DKL retrain  (55 labelled)
GP warmup: 20 epochs on initial embeddings
Joint DKL training: 50 epochs
  Epoch 20/50  loss=-0.0208
  Epoch 40/50  loss=-0.3047
DKL training done in 0.3s
  → 2AgS-1  gap=-0.006 eV  best=-1.498 eV  top50=8  top10%=10
Cycle  47: GP refit  (56 labelled)
  → 2AgIBr2-1  gap=0.085 eV  best=-1.498 eV  top50=8  top10%=10
Cycle  48: GP refit  (57 labelled)
  → 1WAg2Te4-1  gap=0.764 eV  best=-1.498 eV  top50=8  top10%=10
Cycle  49: GP refit  (58 labelled)
  → 1BiClS-1  gap=0.469 eV  best=-1.498 eV  top50=8  top10%=10
Cycle  50: GP refit  (59 labelled)
  → 1OSTi-1  gap=-0.066 eV  best=-1.498 eV  top50=8  top10%=10
Cycle  51: full DKL retrain  (60 labelled)
GP warmup: 20 epochs on initial embeddings
Joint DKL training: 50 epochs
  Epoch 20/50  loss=-0.2137
  Epoch 40/50  loss=-0.4087
DKL training done in 0.3s
  → 2AgBr-3  gap=-0.277 eV  best=-1.498 eV  top50=8  top10%=10
Cycle  52: GP refit  (61 labelled)
  → 1OTeW-1  gap=0.353 eV  best=-1.498 eV  top50=8  top10%=10
Cycle  53: GP refit  (62 labelled)
  → 2HNa3S5-1  gap=0.432 eV  best=-1.498 eV  top50=8  top10%=10
Cycle  54: GP refit  (63 labelled)
  → 1HfSe2-2  gap=-0.123 eV  best=-1.498 eV  top50=8  top10%=10
Cycle  55: GP refit  (64 labelled)
  → 1AgMoBr4-1  gap=0.704 eV  best=-1.498 eV  top50=8  top10%=10
Cycle  56: full DKL retrain  (65 labelled)
GP warmup: 20 epochs on initial embeddings
Joint DKL training: 50 epochs
  Epoch 20/50  loss=-0.5613
  Epoch 40/50  loss=-0.8440
DKL training done in 0.3s
  → 1AgCrP2Se6-1  gap=-0.278 eV  best=-1.498 eV  top50=8  top10%=10
Cycle  57: GP refit  (66 labelled)
  → 1TiCl2-1  gap=0.299 eV  best=-1.498 eV  top50=8  top10%=10
Cycle  58: GP refit  (67 labelled)
  → 1TiHf3Te8-1  gap=-0.286 eV  best=-1.498 eV  top50=8  top10%=10
Cycle  59: GP refit  (68 labelled)
  → 2ClISr-1  gap=-0.446 eV  best=-1.498 eV  top50=8  top10%=10
Cycle  60: GP refit  (69 labelled)
  → 2HfI2-1  gap=0.054 eV  best=-1.498 eV  top50=8  top10%=10
Cycle  61: full DKL retrain  (70 labelled)
GP warmup: 20 epochs on initial embeddings
Joint DKL training: 50 epochs
  Epoch 20/50  loss=-0.2166
  Epoch 40/50  loss=-0.4808
DKL training done in 0.3s
  → 2InPS3-1  gap=0.138 eV  best=-1.498 eV  top50=8  top10%=10
Cycle  62: GP refit  (71 labelled)
  → 2P2S3-1  gap=0.221 eV  best=-1.498 eV  top50=8  top10%=10
Cycle  63: GP refit  (72 labelled)
  → 4PPtS-1  gap=-0.083 eV  best=-1.498 eV  top50=8  top10%=10
Cycle  64: GP refit  (73 labelled)
  → 1TiS2-2  gap=0.121 eV  best=-1.498 eV  top50=8  top10%=10
Cycle  65: GP refit  (74 labelled)
  → 1FeBr2-3  gap=-0.054 eV  best=-1.498 eV  top50=8  top10%=10
Cycle  66: full DKL retrain  (75 labelled)
GP warmup: 20 epochs on initial embeddings
Joint DKL training: 50 epochs
  Epoch 20/50  loss=-0.6559
  Epoch 40/50  loss=-0.9219
DKL training done in 0.3s
  → 2SSc-4  gap=-0.408 eV  best=-1.498 eV  top50=8  top10%=10
Cycle  67: GP refit  (76 labelled)
  → 2BrFSr-1  gap=-0.394 eV  best=-1.498 eV  top50=8  top10%=10
Cycle  68: GP refit  (77 labelled)
  → 2AgCl-7  gap=-0.228 eV  best=-1.498 eV  top50=8  top10%=10
Cycle  69: GP refit  (78 labelled)
  → 2AgF-3  gap=-0.316 eV  best=-1.498 eV  top50=8  top10%=10
Cycle  70: GP refit  (79 labelled)
  → 2NiTeS3-1  gap=-0.309 eV  best=-1.498 eV  top50=8  top10%=10
Cycle  71: full DKL retrain  (80 labelled)
GP warmup: 20 epochs on initial embeddings
Joint DKL training: 50 epochs
  Epoch 20/50  loss=-0.7575
  Epoch 40/50  loss=-0.9927
DKL training done in 0.3s
  → 2MoWS4-1  gap=-0.362 eV  best=-1.498 eV  top50=8  top10%=10
Cycle  72: GP refit  (81 labelled)
  → 4NaSbS2-2  gap=-0.404 eV  best=-1.498 eV  top50=8  top10%=10
Cycle  73: GP refit  (82 labelled)
  → 1AgCrP2S6-1  gap=-0.142 eV  best=-1.498 eV  top50=8  top10%=10
Cycle  74: GP refit  (83 labelled)
  → 1BP-1  gap=-0.723 eV  best=-1.498 eV  top50=9  top10%=11
Cycle  75: GP refit  (84 labelled)
  → 2IRhS-2  gap=-0.138 eV  best=-1.498 eV  top50=9  top10%=11
Cycle  76: full DKL retrain  (85 labelled)
GP warmup: 20 epochs on initial embeddings
Joint DKL training: 50 epochs
  Epoch 20/50  loss=-0.2731
  Epoch 40/50  loss=-0.6273
DKL training done in 0.3s
  → 4AgCl2-1  gap=0.534 eV  best=-1.498 eV  top50=9  top10%=11
Cycle  77: GP refit  (86 labelled)
  → 4NiPS-1  gap=0.141 eV  best=-1.498 eV  top50=9  top10%=11
Cycle  78: GP refit  (87 labelled)
  → 1ScS2-2  gap=0.620 eV  best=-1.498 eV  top50=9  top10%=11
Cycle  79: GP refit  (88 labelled)
  → 2P2Se3-2  gap=0.282 eV  best=-1.498 eV  top50=9  top10%=11
Cycle  80: GP refit  (89 labelled)
  → 1CoLiP2S6-1  gap=0.712 eV  best=-1.498 eV  top50=9  top10%=11
Cycle  81: full DKL retrain  (90 labelled)
GP warmup: 20 epochs on initial embeddings
Joint DKL training: 50 epochs
  Epoch 20/50  loss=-0.6581
  Epoch 40/50  loss=-0.9591
DKL training done in 0.3s
  → 4IOSc-1  gap=0.131 eV  best=-1.498 eV  top50=9  top10%=11
Cycle  82: GP refit  (91 labelled)
  → 1ZrS2-2  gap=0.218 eV  best=-1.498 eV  top50=9  top10%=11
Cycle  83: GP refit  (92 labelled)
  → 1AgInP2S6-1  gap=-0.334 eV  best=-1.498 eV  top50=9  top10%=11
Cycle  84: GP refit  (93 labelled)
  → 1MoS2-1  gap=-0.370 eV  best=-1.498 eV  top50=9  top10%=11
Cycle  85: GP refit  (94 labelled)
  → 1SSeTi-2  gap=0.152 eV  best=-1.498 eV  top50=9  top10%=11
Cycle  86: full DKL retrain  (95 labelled)
GP warmup: 20 epochs on initial embeddings
Joint DKL training: 50 epochs
  Epoch 20/50  loss=-0.2191
  Epoch 40/50  loss=-0.4962
DKL training done in 0.3s
  → 1CoLiP2Se6-1  gap=0.056 eV  best=-1.498 eV  top50=9  top10%=11
Cycle  87: GP refit  (96 labelled)
  → 1AgTlP2Se6-1  gap=0.154 eV  best=-1.498 eV  top50=9  top10%=11
Cycle  88: GP refit  (97 labelled)
  → 2IrNbS4-1  gap=0.119 eV  best=-1.498 eV  top50=9  top10%=11
Cycle  89: GP refit  (98 labelled)
  → 1MoSTe-1  gap=-0.189 eV  best=-1.498 eV  top50=9  top10%=11
Cycle  90: GP refit  (99 labelled)
  → 1AgGaP2S6-1  gap=-0.310 eV  best=-1.498 eV  top50=9  top10%=11
Cycle  91: full DKL retrain  (100 labelled)
GP warmup: 20 epochs on initial embeddings
Joint DKL training: 50 epochs
  Epoch 20/50  loss=-0.7367
  Epoch 40/50  loss=-0.8932
DKL training done in 0.3s
  → 4TiSe2-1  gap=-0.385 eV  best=-1.498 eV  top50=9  top10%=11
Cycle  92: GP refit  (101 labelled)
  → 1MoOS-1  gap=-0.189 eV  best=-1.498 eV  top50=9  top10%=11
Cycle  93: GP refit  (102 labelled)
  → 1ScO2-2  gap=0.484 eV  best=-1.498 eV  top50=9  top10%=11
Cycle  94: GP refit  (103 labelled)
  → 1VSe2-1  gap=-0.065 eV  best=-1.498 eV  top50=9  top10%=11
Cycle  95: GP refit  (104 labelled)
  → 1WAu2Te4-1  gap=0.586 eV  best=-1.498 eV  top50=9  top10%=11
Cycle  96: full DKL retrain  (105 labelled)
GP warmup: 20 epochs on initial embeddings
Joint DKL training: 50 epochs
  Epoch 20/50  loss=-0.5328
  Epoch 40/50  loss=-0.8091
DKL training done in 0.3s
  → 4NbS3-2  gap=-0.426 eV  best=-1.498 eV  top50=9  top10%=11
Cycle  97: GP refit  (106 labelled)
  → 2IrTaS4-1  gap=0.083 eV  best=-1.498 eV  top50=9  top10%=11
Cycle  98: GP refit  (107 labelled)
  → 1ScCl2-1  gap=0.319 eV  best=-1.498 eV  top50=9  top10%=11
Cycle  99: GP refit  (108 labelled)
  → 2MoS2-1  gap=-0.750 eV  best=-1.498 eV  top50=10  top10%=12
Cycle 100: GP refit  (109 labelled)
  → 1CoNaP2S6-1  gap=0.252 eV  best=-1.498 eV  top50=10  top10%=12
  emass_min/seed6 → best=-1.498 top50=10 top10%=12
BOLoop: 766 materials  |  direction=min  |  top-50 internal threshold=0.62  top-10% internal threshold=0.49
Init: 10 random labels  |  best (min) = -1.470
Cycle   1: full DKL retrain  (10 labelled)
GP warmup: 20 epochs on initial embeddings
/home/roy/Desktop/DKL-BO/venv/lib/python3.13/site-packages/torch/_compile.py:54: UserWarning: optimizer contains a parameter group with duplicate parameters; in future, this will cause an error; see github.com/pytorch/pytorch/issues/40967 for more information
  return disable_fn(*args, **kwargs)
Joint DKL training: 50 epochs
  Epoch 20/50  loss=0.8738
  Epoch 40/50  loss=0.8079
DKL training done in 0.3s
  → 1SeBi2S2-1  gap=-1.120 eV  best=-1.470 eV  top50=1  top10%=1
Cycle   2: GP refit  (11 labelled)
  → 2AgS-1  gap=-0.006 eV  best=-1.470 eV  top50=1  top10%=1
Cycle   3: GP refit  (12 labelled)
  → 1OBi2S2-1  gap=-0.806 eV  best=-1.470 eV  top50=2  top10%=2
Cycle   4: GP refit  (13 labelled)
  → 4AsPtS-1  gap=0.115 eV  best=-1.470 eV  top50=2  top10%=2
Cycle   5: GP refit  (14 labelled)
  → 1N2O2Zr3-1  gap=-0.033 eV  best=-1.470 eV  top50=2  top10%=2
Cycle   6: full DKL retrain  (15 labelled)
GP warmup: 20 epochs on initial embeddings
Joint DKL training: 50 epochs
  Epoch 20/50  loss=0.1707
  Epoch 40/50  loss=0.0307
DKL training done in 0.3s
  → 2BiO-1  gap=-1.197 eV  best=-1.470 eV  top50=3  top10%=3
Cycle   7: GP refit  (16 labelled)
  → 1SnS2-3  gap=-0.354 eV  best=-1.470 eV  top50=3  top10%=3
Cycle   8: GP refit  (17 labelled)
  → 2BiIn-1  gap=-0.948 eV  best=-1.470 eV  top50=4  top10%=4
Cycle   9: GP refit  (18 labelled)
  → 2AsTlO3-1  gap=0.034 eV  best=-1.470 eV  top50=4  top10%=4
Cycle  10: GP refit  (19 labelled)
  → 4SSn-1  gap=-0.694 eV  best=-1.470 eV  top50=5  top10%=5
Cycle  11: full DKL retrain  (20 labelled)
GP warmup: 20 epochs on initial embeddings
Joint DKL training: 50 epochs
  Epoch 20/50  loss=-0.2341
  Epoch 40/50  loss=-0.4645
DKL training done in 0.3s
  → 1BiBrTe-1  gap=0.149 eV  best=-1.470 eV  top50=5  top10%=5
Cycle  12: GP refit  (21 labelled)
  → 4OBi2Se2-1  gap=-0.822 eV  best=-1.470 eV  top50=6  top10%=6
Cycle  13: GP refit  (22 labelled)
  → 2BrCs-2  gap=-0.221 eV  best=-1.470 eV  top50=6  top10%=6
Cycle  14: GP refit  (23 labelled)
  → 2BaBi2S4-1  gap=-2.799 eV  best=-2.799 eV  top50=7  top10%=7
Cycle  15: GP refit  (24 labelled)
  → 4BiLiO2-1  gap=-0.349 eV  best=-2.799 eV  top50=7  top10%=7
Cycle  16: full DKL retrain  (25 labelled)
GP warmup: 20 epochs on initial embeddings
Joint DKL training: 50 epochs
  Epoch 20/50  loss=1.0406
  Epoch 40/50  loss=0.2279
DKL training done in 0.3s
  → 2Bi2O3-2  gap=-1.508 eV  best=-2.799 eV  top50=8  top10%=8
Cycle  17: GP refit  (26 labelled)
  → 2BaBi2O4-1  gap=-0.266 eV  best=-2.799 eV  top50=8  top10%=8
Cycle  18: GP refit  (27 labelled)
  → 1BiFS-1  gap=0.549 eV  best=-2.799 eV  top50=8  top10%=8
Cycle  19: GP refit  (28 labelled)
  → 2CaBi2O4-1  gap=-0.211 eV  best=-2.799 eV  top50=8  top10%=8
Cycle  20: GP refit  (29 labelled)
  → 1BiISe-1  gap=0.229 eV  best=-2.799 eV  top50=8  top10%=8
Cycle  21: full DKL retrain  (30 labelled)
GP warmup: 20 epochs on initial embeddings
Joint DKL training: 50 epochs
  Epoch 20/50  loss=1.9242
  Epoch 40/50  loss=0.4494
DKL training done in 0.3s
  → 1InSb-1  gap=0.248 eV  best=-2.799 eV  top50=8  top10%=8
Cycle  22: GP refit  (31 labelled)
  → 2TeTl-2  gap=-0.972 eV  best=-2.799 eV  top50=9  top10%=9
Cycle  23: GP refit  (32 labelled)
  → 2OPb-3  gap=-0.244 eV  best=-2.799 eV  top50=9  top10%=9
Cycle  24: GP refit  (33 labelled)
  → 1BaI2-2  gap=0.597 eV  best=-2.799 eV  top50=9  top10%=9
Cycle  25: GP refit  (34 labelled)
  → 1BrISr-1  gap=0.897 eV  best=-2.799 eV  top50=9  top10%=9
Cycle  26: full DKL retrain  (35 labelled)
GP warmup: 20 epochs on initial embeddings
Joint DKL training: 50 epochs
  Epoch 20/50  loss=2.7775
  Epoch 40/50  loss=0.5249
DKL training done in 0.3s
  → 1HgTe-1  gap=-1.220 eV  best=-2.799 eV  top50=10  top10%=10
Cycle  27: GP refit  (36 labelled)
  → 2STl-2  gap=-0.605 eV  best=-2.799 eV  top50=10  top10%=11
Cycle  28: GP refit  (37 labelled)
  → 2ITl-3  gap=-0.025 eV  best=-2.799 eV  top50=10  top10%=11
Cycle  29: GP refit  (38 labelled)
  → 1AlAs-1  gap=-0.875 eV  best=-2.799 eV  top50=11  top10%=12
Cycle  30: GP refit  (39 labelled)
  → 4HgTe-1  gap=-0.925 eV  best=-2.799 eV  top50=12  top10%=13
Cycle  31: full DKL retrain  (40 labelled)
GP warmup: 20 epochs on initial embeddings
Joint DKL training: 50 epochs
  Epoch 20/50  loss=0.5276
  Epoch 40/50  loss=0.2163
DKL training done in 0.3s
  → 4AgF2-2  gap=-0.122 eV  best=-2.799 eV  top50=12  top10%=13
Cycle  32: GP refit  (41 labelled)
  → 1BN-1  gap=-0.030 eV  best=-2.799 eV  top50=12  top10%=13
Cycle  33: GP refit  (42 labelled)
  → 1HgS-1  gap=-1.412 eV  best=-2.799 eV  top50=13  top10%=14
Cycle  34: GP refit  (43 labelled)
  → 2IRb-1  gap=-0.293 eV  best=-2.799 eV  top50=13  top10%=14
Cycle  35: GP refit  (44 labelled)
  → 2FRb-1  gap=-0.087 eV  best=-2.799 eV  top50=13  top10%=14
Cycle  36: full DKL retrain  (45 labelled)
GP warmup: 20 epochs on initial embeddings
Joint DKL training: 50 epochs
  Epoch 20/50  loss=0.0384
  Epoch 40/50  loss=-0.1759
DKL training done in 0.3s
  → 1NiZrF6-1  gap=1.198 eV  best=-2.799 eV  top50=13  top10%=14
Cycle  37: GP refit  (46 labelled)
  → 2HNa3S5-1  gap=0.432 eV  best=-2.799 eV  top50=13  top10%=14
Cycle  38: GP refit  (47 labelled)
  → 2OPt-3  gap=-0.129 eV  best=-2.799 eV  top50=13  top10%=14
Cycle  39: GP refit  (48 labelled)
  → 1AlN-1  gap=-0.293 eV  best=-2.799 eV  top50=13  top10%=14
Cycle  40: GP refit  (49 labelled)
  → 1WAu2Te4-1  gap=0.586 eV  best=-2.799 eV  top50=13  top10%=14
Cycle  41: full DKL retrain  (50 labelled)
GP warmup: 20 epochs on initial embeddings
Joint DKL training: 50 epochs
  Epoch 20/50  loss=-0.1488
  Epoch 40/50  loss=-0.4502
DKL training done in 0.3s
  → 2BiHgIO2-1  gap=0.115 eV  best=-2.799 eV  top50=13  top10%=14
Cycle  42: GP refit  (51 labelled)
  → 1FeZrCl6-1  gap=0.907 eV  best=-2.799 eV  top50=13  top10%=14
Cycle  43: GP refit  (52 labelled)
  → 1AgScP2S6-1  gap=0.826 eV  best=-2.799 eV  top50=13  top10%=14
Cycle  44: GP refit  (53 labelled)
  → 1AgCrP2Se6-1  gap=-0.278 eV  best=-2.799 eV  top50=13  top10%=14
Cycle  45: GP refit  (54 labelled)
  → 2CrWS4-1  gap=0.105 eV  best=-2.799 eV  top50=13  top10%=14
Cycle  46: full DKL retrain  (55 labelled)
GP warmup: 20 epochs on initial embeddings
Joint DKL training: 50 epochs
  Epoch 20/50  loss=0.1918
  Epoch 40/50  loss=-0.3178
DKL training done in 0.3s
  → 2FNaO-1  gap=0.512 eV  best=-2.799 eV  top50=13  top10%=14
Cycle  47: GP refit  (56 labelled)
  → 1TiF2-1  gap=0.463 eV  best=-2.799 eV  top50=13  top10%=14
Cycle  48: GP refit  (57 labelled)
  → 1C2F2S2Zr3-1  gap=-0.181 eV  best=-2.799 eV  top50=13  top10%=14
Cycle  49: GP refit  (58 labelled)
  → 1GaN-1  gap=-0.641 eV  best=-2.799 eV  top50=14  top10%=15
Cycle  50: GP refit  (59 labelled)
  → 1MoAu2S4-1  gap=0.626 eV  best=-2.799 eV  top50=14  top10%=15
Cycle  51: full DKL retrain  (60 labelled)
GP warmup: 20 epochs on initial embeddings
Joint DKL training: 50 epochs
  Epoch 20/50  loss=0.9904
  Epoch 40/50  loss=0.0280
DKL training done in 0.3s
  → 1CrO2-2  gap=-0.060 eV  best=-2.799 eV  top50=14  top10%=15
Cycle  52: GP refit  (61 labelled)
  → 1InN-1  gap=-0.996 eV  best=-2.799 eV  top50=15  top10%=16
Cycle  53: GP refit  (62 labelled)
  → 2BaClF-1  gap=-0.302 eV  best=-2.799 eV  top50=15  top10%=16
Cycle  54: GP refit  (63 labelled)
  → 2As2S3-4  gap=0.797 eV  best=-2.799 eV  top50=15  top10%=16
Cycle  55: GP refit  (64 labelled)
  → 2HTeLi3S4-1  gap=-0.040 eV  best=-2.799 eV  top50=15  top10%=16
Cycle  56: full DKL retrain  (65 labelled)
GP warmup: 20 epochs on initial embeddings
Joint DKL training: 50 epochs
  Epoch 20/50  loss=-0.0023
  Epoch 40/50  loss=-0.3430
DKL training done in 0.3s
  → 1HfPdF6-1  gap=1.154 eV  best=-2.799 eV  top50=15  top10%=16
Cycle  57: GP refit  (66 labelled)
  → 1CdCl2N2C4H4-1  gap=0.792 eV  best=-2.799 eV  top50=15  top10%=16
Cycle  58: GP refit  (67 labelled)
  → 1OVF2-1  gap=0.534 eV  best=-2.799 eV  top50=15  top10%=16
Cycle  59: GP refit  (68 labelled)
  → 1TiO2-3  gap=0.164 eV  best=-2.799 eV  top50=15  top10%=16
Cycle  60: GP refit  (69 labelled)
  → 4AuF2-1  gap=0.636 eV  best=-2.799 eV  top50=15  top10%=16
Cycle  61: full DKL retrain  (70 labelled)
GP warmup: 20 epochs on initial embeddings
Joint DKL training: 50 epochs
  Epoch 20/50  loss=0.2052
  Epoch 40/50  loss=-0.1021
DKL training done in 0.3s
  → 2PtF3-1  gap=0.590 eV  best=-2.799 eV  top50=15  top10%=16
Cycle  62: GP refit  (71 labelled)
  → 2FLiO-1  gap=0.822 eV  best=-2.799 eV  top50=15  top10%=16
Cycle  63: GP refit  (72 labelled)
  → 2BaFI-1  gap=-0.359 eV  best=-2.799 eV  top50=15  top10%=16
Cycle  64: GP refit  (73 labelled)
  → 1CSiH2-1  gap=0.042 eV  best=-2.799 eV  top50=15  top10%=16
Cycle  65: GP refit  (74 labelled)
  → 1AsIn-1  gap=0.064 eV  best=-2.799 eV  top50=15  top10%=16
Cycle  66: full DKL retrain  (75 labelled)
GP warmup: 20 epochs on initial embeddings
Joint DKL training: 50 epochs
  Epoch 20/50  loss=-0.1255
  Epoch 40/50  loss=-0.4479
DKL training done in 0.3s
  → 2CsNOsSF5-1  gap=1.236 eV  best=-2.799 eV  top50=15  top10%=16
Cycle  67: GP refit  (76 labelled)
  → 1SNb3F7-1  gap=0.709 eV  best=-2.799 eV  top50=15  top10%=16
Cycle  68: GP refit  (77 labelled)
  → 1AgCrP2Te6-1  gap=-0.425 eV  best=-2.799 eV  top50=15  top10%=16
Cycle  69: GP refit  (78 labelled)
  → 2KNbF6-1  gap=0.818 eV  best=-2.799 eV  top50=15  top10%=16
Cycle  70: GP refit  (79 labelled)
  → 2HLiS-1  gap=-0.155 eV  best=-2.799 eV  top50=15  top10%=16
Cycle  71: full DKL retrain  (80 labelled)
GP warmup: 20 epochs on initial embeddings
Joint DKL training: 50 epochs
  Epoch 20/50  loss=-0.1567
  Epoch 40/50  loss=-0.4701
DKL training done in 0.3s
  → 1CoLiP2S6-1  gap=0.712 eV  best=-2.799 eV  top50=15  top10%=16
Cycle  72: GP refit  (81 labelled)
  → 1AgAlP2S6-1  gap=-0.411 eV  best=-2.799 eV  top50=15  top10%=16
Cycle  73: GP refit  (82 labelled)
  → 2CaClH-1  gap=-0.174 eV  best=-2.799 eV  top50=15  top10%=16
Cycle  74: GP refit  (83 labelled)
  → 1N2O2Y3-1  gap=-0.059 eV  best=-2.799 eV  top50=15  top10%=16
Cycle  75: GP refit  (84 labelled)
  → 2HInTeS4-1  gap=0.346 eV  best=-2.799 eV  top50=15  top10%=16
Cycle  76: full DKL retrain  (85 labelled)
GP warmup: 20 epochs on initial embeddings
Joint DKL training: 50 epochs
  Epoch 20/50  loss=0.2255
  Epoch 40/50  loss=-0.1555
DKL training done in 0.3s
  → 1GeO2-3  gap=-0.510 eV  best=-2.799 eV  top50=15  top10%=17
Cycle  77: GP refit  (86 labelled)
  → 2FISr-1  gap=-0.477 eV  best=-2.799 eV  top50=15  top10%=17
Cycle  78: GP refit  (87 labelled)
  → 1AsBrTe-1  gap=-0.059 eV  best=-2.799 eV  top50=15  top10%=17
Cycle  79: GP refit  (88 labelled)
  → 4AsLiO2-1  gap=-0.007 eV  best=-2.799 eV  top50=15  top10%=17
Cycle  80: GP refit  (89 labelled)
  → 2BiCdFO2-1  gap=0.363 eV  best=-2.799 eV  top50=15  top10%=17
Cycle  81: full DKL retrain  (90 labelled)
GP warmup: 20 epochs on initial embeddings
Joint DKL training: 50 epochs
  Epoch 20/50  loss=0.1719
  Epoch 40/50  loss=-0.0530
DKL training done in 0.3s
  → 1ScH2-1  gap=-0.199 eV  best=-2.799 eV  top50=15  top10%=17
Cycle  82: GP refit  (91 labelled)
  → 2HLiO-1  gap=-0.063 eV  best=-2.799 eV  top50=15  top10%=17
Cycle  83: GP refit  (92 labelled)
  → 1CSiF2-1  gap=-0.455 eV  best=-2.799 eV  top50=15  top10%=17
Cycle  84: GP refit  (93 labelled)
  → 2CoFO2-1  gap=0.772 eV  best=-2.799 eV  top50=15  top10%=17
Cycle  85: GP refit  (94 labelled)
  → 1STa3F7-1  gap=1.215 eV  best=-2.799 eV  top50=15  top10%=17
Cycle  86: full DKL retrain  (95 labelled)
GP warmup: 20 epochs on initial embeddings
Joint DKL training: 50 epochs
  Epoch 20/50  loss=-0.1749
  Epoch 40/50  loss=-0.4299
DKL training done in 0.3s
  → 2CsF-1  gap=-0.074 eV  best=-2.799 eV  top50=15  top10%=17
Cycle  87: GP refit  (96 labelled)
  → 2BrGa-1  gap=-0.562 eV  best=-2.799 eV  top50=15  top10%=18
Cycle  88: GP refit  (97 labelled)
  → 1AgAlP2Se6-1  gap=-0.554 eV  best=-2.799 eV  top50=15  top10%=19
Cycle  89: GP refit  (98 labelled)
  → 1BrITl2-1  gap=-0.521 eV  best=-2.799 eV  top50=15  top10%=20
Cycle  90: GP refit  (99 labelled)
  → 1WAu2O4-2  gap=0.492 eV  best=-2.799 eV  top50=15  top10%=20
Cycle  91: full DKL retrain  (100 labelled)
GP warmup: 20 epochs on initial embeddings
Joint DKL training: 50 epochs
  Epoch 20/50  loss=0.0858
  Epoch 40/50  loss=-0.2499
DKL training done in 0.3s
  → 2P2Se3-2  gap=0.282 eV  best=-2.799 eV  top50=15  top10%=20
Cycle  92: GP refit  (101 labelled)
  → 2PtTeS3-1  gap=-0.167 eV  best=-2.799 eV  top50=15  top10%=20
Cycle  93: GP refit  (102 labelled)
  → 1PdPt3O8-1  gap=0.371 eV  best=-2.799 eV  top50=15  top10%=20
Cycle  94: GP refit  (103 labelled)
  → 1ScI2-2  gap=0.090 eV  best=-2.799 eV  top50=15  top10%=20
Cycle  95: GP refit  (104 labelled)
  → 2SeTl-2  gap=-0.739 eV  best=-2.799 eV  top50=16  top10%=21
Cycle  96: full DKL retrain  (105 labelled)
GP warmup: 20 epochs on initial embeddings
Joint DKL training: 50 epochs
  Epoch 20/50  loss=-0.1353
  Epoch 40/50  loss=-0.4474
DKL training done in 0.3s
  → 1AuInF4-1  gap=-0.061 eV  best=-2.799 eV  top50=16  top10%=21
Cycle  97: GP refit  (106 labelled)
  → 1AgCrP2S6-1  gap=-0.142 eV  best=-2.799 eV  top50=16  top10%=21
Cycle  98: GP refit  (107 labelled)
  → 2SeZr-4  gap=-0.296 eV  best=-2.799 eV  top50=16  top10%=21
Cycle  99: GP refit  (108 labelled)
  → 2SrBi2O4-1  gap=-0.251 eV  best=-2.799 eV  top50=16  top10%=21
Cycle 100: GP refit  (109 labelled)
  → 1VSe2-1  gap=-0.065 eV  best=-2.799 eV  top50=16  top10%=21
  emass_min/seed7 → best=-2.799 top50=16 top10%=21
BOLoop: 766 materials  |  direction=min  |  top-50 internal threshold=0.62  top-10% internal threshold=0.49
Init: 10 random labels  |  best (min) = -1.281
Cycle   1: full DKL retrain  (10 labelled)
GP warmup: 20 epochs on initial embeddings
/home/roy/Desktop/DKL-BO/venv/lib/python3.13/site-packages/torch/_compile.py:54: UserWarning: optimizer contains a parameter group with duplicate parameters; in future, this will cause an error; see github.com/pytorch/pytorch/issues/40967 for more information
  return disable_fn(*args, **kwargs)
Joint DKL training: 50 epochs
  Epoch 20/50  loss=0.9347
  Epoch 40/50  loss=0.8788
DKL training done in 0.3s
  → 1YI2-1  gap=0.143 eV  best=-1.281 eV  top50=0  top10%=0
Cycle   2: GP refit  (11 labelled)
  → 2ClCsO3-1  gap=0.048 eV  best=-1.281 eV  top50=0  top10%=0
Cycle   3: GP refit  (12 labelled)
  → 1ISbTe-2  gap=0.441 eV  best=-1.281 eV  top50=0  top10%=0
Cycle   4: GP refit  (13 labelled)
  → 2HSNa3O4-1  gap=0.003 eV  best=-1.281 eV  top50=0  top10%=0
Cycle   5: GP refit  (14 labelled)
  → 2HInSeO4-1  gap=0.250 eV  best=-1.281 eV  top50=0  top10%=0
Cycle   6: full DKL retrain  (15 labelled)
GP warmup: 20 epochs on initial embeddings
Joint DKL training: 50 epochs
  Epoch 20/50  loss=1.1769
  Epoch 40/50  loss=0.0566
DKL training done in 0.3s
  → 2BiHgIO2-1  gap=0.115 eV  best=-1.281 eV  top50=0  top10%=0
Cycle   7: GP refit  (16 labelled)
  → 1ClIGe2O3-1  gap=-0.108 eV  best=-1.281 eV  top50=0  top10%=0
Cycle   8: GP refit  (17 labelled)
  → 2BrCs-2  gap=-0.221 eV  best=-1.281 eV  top50=0  top10%=0
Cycle   9: GP refit  (18 labelled)
  → 2AsTlO3-1  gap=0.034 eV  best=-1.281 eV  top50=0  top10%=0
Cycle  10: GP refit  (19 labelled)
  → 1BaI2-2  gap=0.597 eV  best=-1.281 eV  top50=0  top10%=0
Cycle  11: full DKL retrain  (20 labelled)
GP warmup: 20 epochs on initial embeddings
Joint DKL training: 50 epochs
  Epoch 20/50  loss=3.5701
  Epoch 40/50  loss=0.8279
DKL training done in 0.3s
  → 2ClRb-2  gap=-0.180 eV  best=-1.281 eV  top50=0  top10%=0
Cycle  12: GP refit  (21 labelled)
  → 2HTeNa3S4-1  gap=0.023 eV  best=-1.281 eV  top50=0  top10%=0
Cycle  13: GP refit  (22 labelled)
  → 2CoFO2-1  gap=0.772 eV  best=-1.281 eV  top50=0  top10%=0
Cycle  14: GP refit  (23 labelled)
  → 1MoCu2Te4-1  gap=0.207 eV  best=-1.281 eV  top50=0  top10%=0
Cycle  15: GP refit  (24 labelled)
  → 4LiSbO2-1  gap=-0.171 eV  best=-1.281 eV  top50=0  top10%=0
Cycle  16: full DKL retrain  (25 labelled)
GP warmup: 20 epochs on initial embeddings
Joint DKL training: 50 epochs
  Epoch 20/50  loss=0.1730
  Epoch 40/50  loss=-0.1356
DKL training done in 0.3s
  → 2AuI-3  gap=-0.420 eV  best=-1.281 eV  top50=0  top10%=0
Cycle  17: GP refit  (26 labelled)
  → 2IMnSbSe2-2  gap=-0.131 eV  best=-1.281 eV  top50=0  top10%=0
Cycle  18: GP refit  (27 labelled)
  → 1BN-1  gap=-0.030 eV  best=-1.281 eV  top50=0  top10%=0
Cycle  19: GP refit  (28 labelled)
  → 2IRb-1  gap=-0.293 eV  best=-1.281 eV  top50=0  top10%=0
Cycle  20: GP refit  (29 labelled)
  → 2CoAs2Br2O3-1  gap=0.438 eV  best=-1.281 eV  top50=0  top10%=0
Cycle  21: full DKL retrain  (30 labelled)
GP warmup: 20 epochs on initial embeddings
Joint DKL training: 50 epochs
  Epoch 20/50  loss=0.4982
  Epoch 40/50  loss=-0.0687
DKL training done in 0.3s
  → 2HfI2-1  gap=0.054 eV  best=-1.281 eV  top50=0  top10%=0
Cycle  22: GP refit  (31 labelled)
  → 1SNb3F7-1  gap=0.709 eV  best=-1.281 eV  top50=0  top10%=0
Cycle  23: GP refit  (32 labelled)
  → 1CdInTlS4-1  gap=-0.307 eV  best=-1.281 eV  top50=0  top10%=0
Cycle  24: GP refit  (33 labelled)
  → 2HgNa2I4-1  gap=-0.215 eV  best=-1.281 eV  top50=0  top10%=0
Cycle  25: GP refit  (34 labelled)
  → 1CrO2-2  gap=-0.060 eV  best=-1.281 eV  top50=0  top10%=0
Cycle  26: full DKL retrain  (35 labelled)
GP warmup: 20 epochs on initial embeddings
Joint DKL training: 50 epochs
  Epoch 20/50  loss=0.0031
  Epoch 40/50  loss=-0.3864
DKL training done in 0.3s
  → 4AsLiO2-1  gap=-0.007 eV  best=-1.281 eV  top50=0  top10%=0
Cycle  27: GP refit  (36 labelled)
  → 4NaSbO2-1  gap=-0.052 eV  best=-1.281 eV  top50=0  top10%=0
Cycle  28: GP refit  (37 labelled)
  → 1C2F2S2Zr3-1  gap=-0.181 eV  best=-1.281 eV  top50=0  top10%=0
Cycle  29: GP refit  (38 labelled)
  → 2PVO5-1  gap=0.470 eV  best=-1.281 eV  top50=0  top10%=0
Cycle  30: GP refit  (39 labelled)
  → 1BaCl2-2  gap=1.043 eV  best=-1.281 eV  top50=0  top10%=0
Cycle  31: full DKL retrain  (40 labelled)
GP warmup: 20 epochs on initial embeddings
Joint DKL training: 50 epochs
  Epoch 20/50  loss=-0.2079
  Epoch 40/50  loss=-0.5387
DKL training done in 0.3s
  → 2ITl-3  gap=-0.025 eV  best=-1.281 eV  top50=0  top10%=0
Cycle  32: GP refit  (41 labelled)
  → 1InSb-1  gap=0.248 eV  best=-1.281 eV  top50=0  top10%=0
Cycle  33: GP refit  (42 labelled)
  → 2HKTe-1  gap=-0.310 eV  best=-1.281 eV  top50=0  top10%=0
Cycle  34: GP refit  (43 labelled)
  → 2HNa3S5-1  gap=0.432 eV  best=-1.281 eV  top50=0  top10%=0
Cycle  35: GP refit  (44 labelled)
  → 4LiSbS2-1  gap=0.010 eV  best=-1.281 eV  top50=0  top10%=0
Cycle  36: full DKL retrain  (45 labelled)
GP warmup: 20 epochs on initial embeddings
Joint DKL training: 50 epochs
  Epoch 20/50  loss=0.5670
  Epoch 40/50  loss=-0.1712
DKL training done in 0.3s
  → 1HgTe-1  gap=-1.220 eV  best=-1.281 eV  top50=1  top10%=1
Cycle  37: GP refit  (46 labelled)
  → 2PbS-3  gap=-0.397 eV  best=-1.281 eV  top50=1  top10%=1
Cycle  38: GP refit  (47 labelled)
  → 2AgIBr2-1  gap=0.085 eV  best=-1.281 eV  top50=1  top10%=1
Cycle  39: GP refit  (48 labelled)
  → 2HInTeS4-1  gap=0.346 eV  best=-1.281 eV  top50=1  top10%=1
Cycle  40: GP refit  (49 labelled)
  → 1GaInTe2-1  gap=-0.212 eV  best=-1.281 eV  top50=1  top10%=1
Cycle  41: full DKL retrain  (50 labelled)
GP warmup: 20 epochs on initial embeddings
Joint DKL training: 50 epochs
  Epoch 20/50  loss=-0.4033
  Epoch 40/50  loss=-0.7155
DKL training done in 0.3s
  → 1HgSe-1  gap=-1.498 eV  best=-1.498 eV  top50=2  top10%=2
Cycle  42: GP refit  (51 labelled)
  → 4HgTe-1  gap=-0.925 eV  best=-1.498 eV  top50=3  top10%=3
Cycle  43: GP refit  (52 labelled)
  → 2BrK-1  gap=-0.238 eV  best=-1.498 eV  top50=3  top10%=3
Cycle  44: GP refit  (53 labelled)
  → 2ClCs-1  gap=-0.154 eV  best=-1.498 eV  top50=3  top10%=3
Cycle  45: GP refit  (54 labelled)
  → 2CoAs2I2O3-1  gap=0.463 eV  best=-1.498 eV  top50=3  top10%=3
Cycle  46: full DKL retrain  (55 labelled)
GP warmup: 20 epochs on initial embeddings
Joint DKL training: 50 epochs
  Epoch 20/50  loss=-0.4523
  Epoch 40/50  loss=-0.6503
DKL training done in 0.3s
  → 1HgS-1  gap=-1.412 eV  best=-1.498 eV  top50=4  top10%=4
Cycle  47: GP refit  (56 labelled)
  → 2SeZn-2  gap=-0.636 eV  best=-1.498 eV  top50=5  top10%=5
Cycle  48: GP refit  (57 labelled)
  → 4HgSe-1  gap=-0.862 eV  best=-1.498 eV  top50=6  top10%=6
Cycle  49: GP refit  (58 labelled)
  → 2HTeLi3S4-1  gap=-0.040 eV  best=-1.498 eV  top50=6  top10%=6
Cycle  50: GP refit  (59 labelled)
  → 2TeTl-2  gap=-0.972 eV  best=-1.498 eV  top50=7  top10%=7
Cycle  51: full DKL retrain  (60 labelled)
GP warmup: 20 epochs on initial embeddings
Joint DKL training: 50 epochs
  Epoch 20/50  loss=-0.3427
  Epoch 40/50  loss=-0.7520
DKL training done in 0.3s
  → 1SrI2-2  gap=0.061 eV  best=-1.498 eV  top50=7  top10%=7
Cycle  52: GP refit  (61 labelled)
  → 1AgScP2S6-1  gap=0.826 eV  best=-1.498 eV  top50=7  top10%=7
Cycle  53: GP refit  (62 labelled)
  → 1AsIn-1  gap=0.064 eV  best=-1.498 eV  top50=7  top10%=7
Cycle  54: GP refit  (63 labelled)
  → 1PbI2-2  gap=-0.398 eV  best=-1.498 eV  top50=7  top10%=7
Cycle  55: GP refit  (64 labelled)
  → 4IOSc-1  gap=0.131 eV  best=-1.498 eV  top50=7  top10%=7
Cycle  56: full DKL retrain  (65 labelled)
GP warmup: 20 epochs on initial embeddings
Joint DKL training: 50 epochs
  Epoch 20/50  loss=-0.4041
  Epoch 40/50  loss=-0.9071
DKL training done in 0.3s
  → 1AgCrP2Se6-1  gap=-0.278 eV  best=-1.498 eV  top50=7  top10%=7
Cycle  57: GP refit  (66 labelled)
  → 2AgTe-2  gap=-0.666 eV  best=-1.498 eV  top50=8  top10%=8
Cycle  58: GP refit  (67 labelled)
  → 1GeTe-1  gap=-0.502 eV  best=-1.498 eV  top50=8  top10%=9
Cycle  59: GP refit  (68 labelled)
  → 2SeTl-2  gap=-0.739 eV  best=-1.498 eV  top50=9  top10%=10
Cycle  60: GP refit  (69 labelled)
  → 2IrNbTe4-1  gap=-0.684 eV  best=-1.498 eV  top50=10  top10%=11
Cycle  61: full DKL retrain  (70 labelled)
GP warmup: 20 epochs on initial embeddings
Joint DKL training: 50 epochs
  Epoch 20/50  loss=0.0751
  Epoch 40/50  loss=-0.3249
DKL training done in 0.3s
  → 1Nb3Cl8-1  gap=0.372 eV  best=-1.498 eV  top50=10  top10%=11
Cycle  62: GP refit  (71 labelled)
  → 1BrCoTe-1  gap=0.175 eV  best=-1.498 eV  top50=10  top10%=11
Cycle  63: GP refit  (72 labelled)
  → 1HgI2-4  gap=-0.265 eV  best=-1.498 eV  top50=10  top10%=11
Cycle  64: GP refit  (73 labelled)
  → 2AgF-3  gap=-0.316 eV  best=-1.498 eV  top50=10  top10%=11
Cycle  65: GP refit  (74 labelled)
  → 2AgCl-7  gap=-0.228 eV  best=-1.498 eV  top50=10  top10%=11
Cycle  66: full DKL retrain  (75 labelled)
GP warmup: 20 epochs on initial embeddings
Joint DKL training: 50 epochs
  Epoch 20/50  loss=-0.2889
  Epoch 40/50  loss=-0.4950
DKL training done in 0.3s
  → 1HgO-1  gap=0.248 eV  best=-1.498 eV  top50=10  top10%=11
Cycle  67: GP refit  (76 labelled)
  → 2PbTe-3  gap=-0.241 eV  best=-1.498 eV  top50=10  top10%=11
Cycle  68: GP refit  (77 labelled)
  → 2IIn-3  gap=0.071 eV  best=-1.498 eV  top50=10  top10%=11
Cycle  69: GP refit  (78 labelled)
  → 2AgTe-3  gap=-0.089 eV  best=-1.498 eV  top50=10  top10%=11
Cycle  70: GP refit  (79 labelled)
  → 1BrITl2-1  gap=-0.521 eV  best=-1.498 eV  top50=10  top10%=12
Cycle  71: full DKL retrain  (80 labelled)
GP warmup: 20 epochs on initial embeddings
Joint DKL training: 50 epochs
  Epoch 20/50  loss=-0.6238
  Epoch 40/50  loss=-1.0102
DKL training done in 0.3s
  → 2PbSe-1  gap=-1.002 eV  best=-1.498 eV  top50=11  top10%=13
Cycle  72: GP refit  (81 labelled)
  → 1PbSe-1  gap=-0.390 eV  best=-1.498 eV  top50=11  top10%=13
Cycle  73: GP refit  (82 labelled)
  → 1CrSe2-1  gap=-0.038 eV  best=-1.498 eV  top50=11  top10%=13
Cycle  74: GP refit  (83 labelled)
  → 1AsClTe-1  gap=-0.756 eV  best=-1.498 eV  top50=12  top10%=14
Cycle  75: GP refit  (84 labelled)
  → 2NbOI2-1  gap=-0.054 eV  best=-1.498 eV  top50=12  top10%=14
Cycle  76: full DKL retrain  (85 labelled)
GP warmup: 20 epochs on initial embeddings
Joint DKL training: 50 epochs
  Epoch 20/50  loss=-0.4712
  Epoch 40/50  loss=-0.8554
DKL training done in 0.3s
  → 2FeTe2-1  gap=0.121 eV  best=-1.498 eV  top50=12  top10%=14
Cycle  77: GP refit  (86 labelled)
  → 4AgCl2-1  gap=0.534 eV  best=-1.498 eV  top50=12  top10%=14
Cycle  78: GP refit  (87 labelled)
  → 2AgSe-1  gap=-0.059 eV  best=-1.498 eV  top50=12  top10%=14
Cycle  79: GP refit  (88 labelled)
  → 2AgAuCl4-1  gap=0.190 eV  best=-1.498 eV  top50=12  top10%=14
Cycle  80: GP refit  (89 labelled)
  → 1MnNbSe4-1  gap=0.395 eV  best=-1.498 eV  top50=12  top10%=14
Cycle  81: full DKL retrain  (90 labelled)
GP warmup: 20 epochs on initial embeddings
Joint DKL training: 50 epochs
  Epoch 20/50  loss=-0.5501
  Epoch 40/50  loss=-0.9187
DKL training done in 0.3s
  → 2AgI-2  gap=-0.404 eV  best=-1.498 eV  top50=12  top10%=14
Cycle  82: GP refit  (91 labelled)
  → 1SeNb3F7-1  gap=0.681 eV  best=-1.498 eV  top50=12  top10%=14
Cycle  83: GP refit  (92 labelled)
  → 2NbOCl2-1  gap=-0.499 eV  best=-1.498 eV  top50=12  top10%=15
Cycle  84: GP refit  (93 labelled)
  → 2ClNbO2-1  gap=-0.116 eV  best=-1.498 eV  top50=12  top10%=15
Cycle  85: GP refit  (94 labelled)
  → 2KNbF6-1  gap=0.818 eV  best=-1.498 eV  top50=12  top10%=15
Cycle  86: full DKL retrain  (95 labelled)
GP warmup: 20 epochs on initial embeddings
Joint DKL training: 50 epochs
  Epoch 20/50  loss=-0.4185
  Epoch 40/50  loss=-0.9330
DKL training done in 0.3s
  → 1ONb3Cl7-1  gap=0.426 eV  best=-1.498 eV  top50=12  top10%=15
Cycle  87: GP refit  (96 labelled)
  → 1YCl2-1  gap=0.353 eV  best=-1.498 eV  top50=12  top10%=15
Cycle  88: GP refit  (97 labelled)
  → 1TeNb3Cl7-1  gap=0.387 eV  best=-1.498 eV  top50=12  top10%=15
Cycle  89: GP refit  (98 labelled)
  → 1AsClSe-1  gap=0.507 eV  best=-1.498 eV  top50=12  top10%=15
Cycle  90: GP refit  (99 labelled)
  → 2AgBr-3  gap=-0.277 eV  best=-1.498 eV  top50=12  top10%=15
Cycle  91: full DKL retrain  (100 labelled)
GP warmup: 20 epochs on initial embeddings
Joint DKL training: 50 epochs
  Epoch 20/50  loss=-0.6097
  Epoch 40/50  loss=-0.9557
DKL training done in 0.3s
  → 1AsBrSe-1  gap=0.749 eV  best=-1.498 eV  top50=12  top10%=15
Cycle  92: GP refit  (101 labelled)
  → 1BrCoSe-1  gap=0.106 eV  best=-1.498 eV  top50=12  top10%=15
Cycle  93: GP refit  (102 labelled)
  → 1CrS2-1  gap=-0.059 eV  best=-1.498 eV  top50=12  top10%=15
Cycle  94: GP refit  (103 labelled)
  → 1AsClTe-2  gap=0.043 eV  best=-1.498 eV  top50=12  top10%=15
Cycle  95: GP refit  (104 labelled)
  → 1PtSeTe-1  gap=0.028 eV  best=-1.498 eV  top50=12  top10%=15
Cycle  96: full DKL retrain  (105 labelled)
GP warmup: 20 epochs on initial embeddings
Joint DKL training: 50 epochs
  Epoch 20/50  loss=-0.7327
  Epoch 40/50  loss=-1.0352
DKL training done in 0.3s
  → 1AgAlP2Te6-1  gap=-0.152 eV  best=-1.498 eV  top50=12  top10%=15
Cycle  97: GP refit  (106 labelled)
  → 2PbTe-1  gap=-1.102 eV  best=-1.498 eV  top50=13  top10%=16
Cycle  98: GP refit  (107 labelled)
  → 1PdSe2-2  gap=0.052 eV  best=-1.498 eV  top50=13  top10%=16
Cycle  99: GP refit  (108 labelled)
  → 1PbTe-1  gap=-0.622 eV  best=-1.498 eV  top50=14  top10%=17
Cycle 100: GP refit  (109 labelled)
  → 1CoLiP2Se6-1  gap=0.056 eV  best=-1.498 eV  top50=14  top10%=17
  emass_min/seed8 → best=-1.498 top50=14 top10%=17
BOLoop: 766 materials  |  direction=min  |  top-50 internal threshold=0.62  top-10% internal threshold=0.49
Init: 10 random labels  |  best (min) = -0.297
Cycle   1: full DKL retrain  (10 labelled)
GP warmup: 20 epochs on initial embeddings
/home/roy/Desktop/DKL-BO/venv/lib/python3.13/site-packages/torch/_compile.py:54: UserWarning: optimizer contains a parameter group with duplicate parameters; in future, this will cause an error; see github.com/pytorch/pytorch/issues/40967 for more information
  return disable_fn(*args, **kwargs)
Joint DKL training: 50 epochs
  Epoch 20/50  loss=0.8400
  Epoch 40/50  loss=0.7665
DKL training done in 0.3s
  → 2MoWSe4-1  gap=-0.293 eV  best=-0.297 eV  top50=0  top10%=0
Cycle   2: GP refit  (11 labelled)
  → 1ScCl2-1  gap=0.319 eV  best=-0.297 eV  top50=0  top10%=0
Cycle   3: GP refit  (12 labelled)
  → 1WMo3Se8-1  gap=-0.346 eV  best=-0.346 eV  top50=0  top10%=0
Cycle   4: GP refit  (13 labelled)
  → 2SbTlO3-1  gap=-0.703 eV  best=-0.703 eV  top50=1  top10%=1
Cycle   5: GP refit  (14 labelled)
  → 2ClCs-1  gap=-0.154 eV  best=-0.703 eV  top50=1  top10%=1
Cycle   6: full DKL retrain  (15 labelled)
GP warmup: 20 epochs on initial embeddings
Joint DKL training: 50 epochs
  Epoch 20/50  loss=-0.8094
  Epoch 40/50  loss=-1.2186
DKL training done in 0.3s
  → 2GaHTeO4-1  gap=-0.356 eV  best=-0.703 eV  top50=1  top10%=1
Cycle   7: GP refit  (16 labelled)
  → 2AsTlO3-1  gap=0.034 eV  best=-0.703 eV  top50=1  top10%=1
Cycle   8: GP refit  (17 labelled)
  → 2HInTeS4-1  gap=0.346 eV  best=-0.703 eV  top50=1  top10%=1
Cycle   9: GP refit  (18 labelled)
  → 2BiHgIO2-1  gap=0.115 eV  best=-0.703 eV  top50=1  top10%=1
Cycle  10: GP refit  (19 labelled)
  → 2IRb-1  gap=-0.293 eV  best=-0.703 eV  top50=1  top10%=1
Cycle  11: full DKL retrain  (20 labelled)
GP warmup: 20 epochs on initial embeddings
Joint DKL training: 50 epochs
  Epoch 20/50  loss=0.5121
  Epoch 40/50  loss=-0.6372
DKL training done in 0.3s
  → 2AgTe-3  gap=-0.089 eV  best=-0.703 eV  top50=1  top10%=1
Cycle  12: GP refit  (21 labelled)
  → 2ITl-3  gap=-0.025 eV  best=-0.703 eV  top50=1  top10%=1
Cycle  13: GP refit  (22 labelled)
  → 1CrSe2-1  gap=-0.038 eV  best=-0.703 eV  top50=1  top10%=1
Cycle  14: GP refit  (23 labelled)
  → 1BrISCd2-1  gap=-0.426 eV  best=-0.703 eV  top50=1  top10%=1
Cycle  15: GP refit  (24 labelled)
  → 1BN-1  gap=-0.030 eV  best=-0.703 eV  top50=1  top10%=1
Cycle  16: full DKL retrain  (25 labelled)
GP warmup: 20 epochs on initial embeddings
Joint DKL training: 50 epochs
  Epoch 20/50  loss=-0.6235
  Epoch 40/50  loss=-1.0481
DKL training done in 0.3s
  → 1CrO2-2  gap=-0.060 eV  best=-0.703 eV  top50=1  top10%=1
Cycle  17: GP refit  (26 labelled)
  → 4BrCd-1  gap=-0.503 eV  best=-0.703 eV  top50=1  top10%=2
Cycle  18: GP refit  (27 labelled)
  → 4NiPSe-1  gap=0.020 eV  best=-0.703 eV  top50=1  top10%=2
Cycle  19: GP refit  (28 labelled)
  → 2TeTl-2  gap=-0.972 eV  best=-0.972 eV  top50=2  top10%=3
Cycle  20: GP refit  (29 labelled)
  → 2AgI-2  gap=-0.404 eV  best=-0.972 eV  top50=2  top10%=3
Cycle  21: full DKL retrain  (30 labelled)
GP warmup: 20 epochs on initial embeddings
Joint DKL training: 50 epochs
  Epoch 20/50  loss=-0.5201
  Epoch 40/50  loss=-1.1731
DKL training done in 0.3s
  → 1InSb-1  gap=0.248 eV  best=-0.972 eV  top50=2  top10%=3
Cycle  22: GP refit  (31 labelled)
  → 1InP-1  gap=-1.028 eV  best=-1.028 eV  top50=3  top10%=4
Cycle  23: GP refit  (32 labelled)
  → 1AgCrP2Te6-1  gap=-0.425 eV  best=-1.028 eV  top50=3  top10%=4
Cycle  24: GP refit  (33 labelled)
  → 4LiSbO2-1  gap=-0.171 eV  best=-1.028 eV  top50=3  top10%=4
Cycle  25: GP refit  (34 labelled)
  → 1BP-1  gap=-0.723 eV  best=-1.028 eV  top50=4  top10%=5
Cycle  26: full DKL retrain  (35 labelled)
GP warmup: 20 epochs on initial embeddings
Joint DKL training: 50 epochs
  Epoch 20/50  loss=-0.1618
  Epoch 40/50  loss=-0.7878
DKL training done in 0.3s
  → 1AgTlP2Se6-1  gap=0.154 eV  best=-1.028 eV  top50=4  top10%=5
Cycle  27: GP refit  (36 labelled)
  → 2AlTe-1  gap=-0.211 eV  best=-1.028 eV  top50=4  top10%=5
Cycle  28: GP refit  (37 labelled)
  → 2AgTe-2  gap=-0.666 eV  best=-1.028 eV  top50=5  top10%=6
Cycle  29: GP refit  (38 labelled)
  → 2BrTl-3  gap=0.053 eV  best=-1.028 eV  top50=5  top10%=6
Cycle  30: GP refit  (39 labelled)
  → 1WAg2Te4-1  gap=0.764 eV  best=-1.028 eV  top50=5  top10%=6
Cycle  31: full DKL retrain  (40 labelled)
GP warmup: 20 epochs on initial embeddings
Joint DKL training: 50 epochs
  Epoch 20/50  loss=1.2173
  Epoch 40/50  loss=-0.1735
DKL training done in 0.3s
  → 1BrITl2-1  gap=-0.521 eV  best=-1.028 eV  top50=5  top10%=7
Cycle  32: GP refit  (41 labelled)
  → 2BrCs-2  gap=-0.221 eV  best=-1.028 eV  top50=5  top10%=7
Cycle  33: GP refit  (42 labelled)
  → 2AgIBr2-1  gap=0.085 eV  best=-1.028 eV  top50=5  top10%=7
Cycle  34: GP refit  (43 labelled)
  → 2SeTl-2  gap=-0.739 eV  best=-1.028 eV  top50=6  top10%=8
Cycle  35: GP refit  (44 labelled)
  → 2P2Se3-2  gap=0.282 eV  best=-1.028 eV  top50=6  top10%=8
Cycle  36: full DKL retrain  (45 labelled)
GP warmup: 20 epochs on initial embeddings
Joint DKL training: 50 epochs
  Epoch 20/50  loss=1.2103
  Epoch 40/50  loss=0.0018
DKL training done in 0.3s
  → 1CrTe2-2  gap=-0.088 eV  best=-1.028 eV  top50=6  top10%=8
Cycle  37: GP refit  (46 labelled)
  → 1AgAlP2Te6-1  gap=-0.152 eV  best=-1.028 eV  top50=6  top10%=8
Cycle  38: GP refit  (47 labelled)
  → 2InTe-1  gap=-0.797 eV  best=-1.028 eV  top50=7  top10%=9
Cycle  39: GP refit  (48 labelled)
  → 1ISbTe-2  gap=0.441 eV  best=-1.028 eV  top50=7  top10%=9
Cycle  40: GP refit  (49 labelled)
  → 1PbTe-1  gap=-0.622 eV  best=-1.028 eV  top50=8  top10%=10
Cycle  41: full DKL retrain  (50 labelled)
GP warmup: 20 epochs on initial embeddings
Joint DKL training: 50 epochs
  Epoch 20/50  loss=1.7094
  Epoch 40/50  loss=-0.1240
DKL training done in 0.3s
  → 2PbTe-1  gap=-1.102 eV  best=-1.102 eV  top50=9  top10%=11
Cycle  42: GP refit  (51 labelled)
  → 2ScTe-4  gap=-0.071 eV  best=-1.102 eV  top50=9  top10%=11
Cycle  43: GP refit  (52 labelled)
  → 1AsIn-1  gap=0.064 eV  best=-1.102 eV  top50=9  top10%=11
Cycle  44: GP refit  (53 labelled)
  → 1HgTe-1  gap=-1.220 eV  best=-1.220 eV  top50=10  top10%=12
Cycle  45: GP refit  (54 labelled)
  → 4HgTe-1  gap=-0.925 eV  best=-1.220 eV  top50=11  top10%=13
Cycle  46: full DKL retrain  (55 labelled)
GP warmup: 20 epochs on initial embeddings
Joint DKL training: 50 epochs
  Epoch 20/50  loss=0.0921
  Epoch 40/50  loss=-0.2954
DKL training done in 0.3s
  → 1BaBrI-1  gap=0.289 eV  best=-1.220 eV  top50=11  top10%=13
Cycle  47: GP refit  (56 labelled)
  → 1SnTe-1  gap=-0.411 eV  best=-1.220 eV  top50=11  top10%=13
Cycle  48: GP refit  (57 labelled)
  → 1BiBrTe-1  gap=0.149 eV  best=-1.220 eV  top50=11  top10%=13
Cycle  49: GP refit  (58 labelled)
  → 1AsITe-1  gap=0.320 eV  best=-1.220 eV  top50=11  top10%=13
Cycle  50: GP refit  (59 labelled)
  → 1PbI2-2  gap=-0.398 eV  best=-1.220 eV  top50=11  top10%=13
Cycle  51: full DKL retrain  (60 labelled)
GP warmup: 20 epochs on initial embeddings
Joint DKL training: 50 epochs
  Epoch 20/50  loss=-0.1478
  Epoch 40/50  loss=-0.4222
DKL training done in 0.3s
  → 4HgSe-1  gap=-0.862 eV  best=-1.220 eV  top50=12  top10%=14
Cycle  52: GP refit  (61 labelled)
  → 1HgSe-1  gap=-1.498 eV  best=-1.498 eV  top50=13  top10%=15
Cycle  53: GP refit  (62 labelled)
  → 2PbSe-1  gap=-1.002 eV  best=-1.498 eV  top50=14  top10%=16
Cycle  54: GP refit  (63 labelled)
  → 1SI2Pb2-1  gap=-0.875 eV  best=-1.498 eV  top50=15  top10%=17
Cycle  55: GP refit  (64 labelled)
  → 1BiITe-1  gap=0.319 eV  best=-1.498 eV  top50=15  top10%=17
Cycle  56: full DKL retrain  (65 labelled)
GP warmup: 20 epochs on initial embeddings
Joint DKL training: 50 epochs
  Epoch 20/50  loss=-0.3240
  Epoch 40/50  loss=-0.6438
DKL training done in 0.3s
  → 1AlAs-1  gap=-0.875 eV  best=-1.498 eV  top50=16  top10%=18
Cycle  57: GP refit  (66 labelled)
  → 2As2S3-4  gap=0.797 eV  best=-1.498 eV  top50=16  top10%=18
Cycle  58: GP refit  (67 labelled)
  → 1SnI2-2  gap=-0.083 eV  best=-1.498 eV  top50=16  top10%=18
Cycle  59: GP refit  (68 labelled)
  → 1HgS-1  gap=-1.412 eV  best=-1.498 eV  top50=17  top10%=19
Cycle  60: GP refit  (69 labelled)
  → 1PbSe-1  gap=-0.390 eV  best=-1.498 eV  top50=17  top10%=19
Cycle  61: full DKL retrain  (70 labelled)
GP warmup: 20 epochs on initial embeddings
Joint DKL training: 50 epochs
  Epoch 20/50  loss=-0.1128
  Epoch 40/50  loss=-0.4335
DKL training done in 0.3s
  → 1PbS2-1  gap=-0.438 eV  best=-1.498 eV  top50=17  top10%=19
Cycle  62: GP refit  (71 labelled)
  → 1PbS-1  gap=0.295 eV  best=-1.498 eV  top50=17  top10%=19
Cycle  63: GP refit  (72 labelled)
  → 1AsIS-2  gap=-0.297 eV  best=-1.498 eV  top50=17  top10%=19
Cycle  64: GP refit  (73 labelled)
  → 1PbSe2-1  gap=-0.543 eV  best=-1.498 eV  top50=17  top10%=20
Cycle  65: GP refit  (74 labelled)
  → 2HNaS-1  gap=-0.262 eV  best=-1.498 eV  top50=17  top10%=20
Cycle  66: full DKL retrain  (75 labelled)
GP warmup: 20 epochs on initial embeddings
Joint DKL training: 50 epochs
  Epoch 20/50  loss=-0.3439
  Epoch 40/50  loss=-0.6283
DKL training done in 0.3s
  → 1AsITe-2  gap=-0.286 eV  best=-1.498 eV  top50=17  top10%=20
Cycle  67: GP refit  (76 labelled)
  → 2HNa3S5-1  gap=0.432 eV  best=-1.498 eV  top50=17  top10%=20
Cycle  68: GP refit  (77 labelled)
  → 1SrI2-2  gap=0.061 eV  best=-1.498 eV  top50=17  top10%=20
Cycle  69: GP refit  (78 labelled)
  → 1AsBrTe-2  gap=-0.233 eV  best=-1.498 eV  top50=17  top10%=20
Cycle  70: GP refit  (79 labelled)
  → 2STl-2  gap=-0.605 eV  best=-1.498 eV  top50=17  top10%=21
Cycle  71: full DKL retrain  (80 labelled)
GP warmup: 20 epochs on initial embeddings
Joint DKL training: 50 epochs
  Epoch 20/50  loss=-0.5300
  Epoch 40/50  loss=-0.7918
DKL training done in 0.3s
  → 2AsITe-1  gap=-1.281 eV  best=-1.498 eV  top50=18  top10%=22
Cycle  72: GP refit  (81 labelled)
  → 4AsPtS-1  gap=0.115 eV  best=-1.498 eV  top50=18  top10%=22
Cycle  73: GP refit  (82 labelled)
  → 1AsBrTe-1  gap=-0.059 eV  best=-1.498 eV  top50=18  top10%=22
Cycle  74: GP refit  (83 labelled)
  → 1YI2-1  gap=0.143 eV  best=-1.498 eV  top50=18  top10%=22
Cycle  75: GP refit  (84 labelled)
  → 1HfI2-1  gap=-0.211 eV  best=-1.498 eV  top50=18  top10%=22
Cycle  76: full DKL retrain  (85 labelled)
GP warmup: 20 epochs on initial embeddings
Joint DKL training: 50 epochs
  Epoch 20/50  loss=-0.4157
  Epoch 40/50  loss=-0.7978
DKL training done in 0.3s
  → 1AsIS-1  gap=0.246 eV  best=-1.498 eV  top50=18  top10%=22
Cycle  77: GP refit  (86 labelled)
  → 1AsClSe-1  gap=0.507 eV  best=-1.498 eV  top50=18  top10%=22
Cycle  78: GP refit  (87 labelled)
  → 1AsClTe-2  gap=0.043 eV  best=-1.498 eV  top50=18  top10%=22
Cycle  79: GP refit  (88 labelled)
  → 1AsClTe-1  gap=-0.756 eV  best=-1.498 eV  top50=19  top10%=23
Cycle  80: GP refit  (89 labelled)
  → 1AsBrSe-1  gap=0.749 eV  best=-1.498 eV  top50=19  top10%=23
Cycle  81: full DKL retrain  (90 labelled)
GP warmup: 20 epochs on initial embeddings
Joint DKL training: 50 epochs
  Epoch 20/50  loss=-0.8382
  Epoch 40/50  loss=-1.0963
DKL training done in 0.3s
  → 1AsISe-2  gap=-0.149 eV  best=-1.498 eV  top50=19  top10%=23
Cycle  82: GP refit  (91 labelled)
  → 1AsClS-2  gap=0.009 eV  best=-1.498 eV  top50=19  top10%=23
Cycle  83: GP refit  (92 labelled)
  → 2As2O3-1  gap=0.761 eV  best=-1.498 eV  top50=19  top10%=23
Cycle  84: GP refit  (93 labelled)
  → 1AsClSe-2  gap=-0.147 eV  best=-1.498 eV  top50=19  top10%=23
Cycle  85: GP refit  (94 labelled)
  → 1AsBrS-2  gap=-0.102 eV  best=-1.498 eV  top50=19  top10%=23
Cycle  86: full DKL retrain  (95 labelled)
GP warmup: 20 epochs on initial embeddings
Joint DKL training: 50 epochs
  Epoch 20/50  loss=-0.6112
  Epoch 40/50  loss=-0.9703
DKL training done in 0.3s
  → 1AsISe-1  gap=0.253 eV  best=-1.498 eV  top50=19  top10%=23
Cycle  87: GP refit  (96 labelled)
  → 4AsLiO2-1  gap=-0.007 eV  best=-1.498 eV  top50=19  top10%=23
Cycle  88: GP refit  (97 labelled)
  → 1PbBr2-2  gap=-0.201 eV  best=-1.498 eV  top50=19  top10%=23
Cycle  89: GP refit  (98 labelled)
  → 1AgScP2S6-1  gap=0.826 eV  best=-1.498 eV  top50=19  top10%=23
Cycle  90: GP refit  (99 labelled)
  → 2BaBrH-1  gap=-0.309 eV  best=-1.498 eV  top50=19  top10%=23
Cycle  91: full DKL retrain  (100 labelled)
GP warmup: 20 epochs on initial embeddings
Joint DKL training: 50 epochs
  Epoch 20/50  loss=0.0838
  Epoch 40/50  loss=-0.2439
DKL training done in 0.3s
  → 1ScH2-1  gap=-0.199 eV  best=-1.498 eV  top50=19  top10%=23
Cycle  92: GP refit  (101 labelled)
  → 2As2O3-4  gap=-0.637 eV  best=-1.498 eV  top50=20  top10%=24
Cycle  93: GP refit  (102 labelled)
  → 2CoAs2Br2O3-1  gap=0.438 eV  best=-1.498 eV  top50=20  top10%=24
Cycle  94: GP refit  (103 labelled)
  → 1CrS2-1  gap=-0.059 eV  best=-1.498 eV  top50=20  top10%=24
Cycle  95: GP refit  (104 labelled)
  → 4AsNaO2-1  gap=0.518 eV  best=-1.498 eV  top50=20  top10%=24
Cycle  96: full DKL retrain  (105 labelled)
GP warmup: 20 epochs on initial embeddings
Joint DKL training: 50 epochs
  Epoch 20/50  loss=-0.5346
  Epoch 40/50  loss=-0.8614
DKL training done in 0.3s
  → 1ScI2-2  gap=0.090 eV  best=-1.498 eV  top50=20  top10%=24
Cycle  97: GP refit  (106 labelled)
  → 4OPb-1  gap=-0.193 eV  best=-1.498 eV  top50=20  top10%=24
Cycle  98: GP refit  (107 labelled)
  → 2OW-1  gap=-0.094 eV  best=-1.498 eV  top50=20  top10%=24
Cycle  99: GP refit  (108 labelled)
  → 1WS2-1  gap=-0.428 eV  best=-1.498 eV  top50=20  top10%=24
Cycle 100: GP refit  (109 labelled)
  → 2MoS2-1  gap=-0.750 eV  best=-1.498 eV  top50=21  top10%=25
  emass_min/seed9 → best=-1.498 top50=21 top10%=25
  [emass_min] done
BOLoop: 766 materials  |  direction=max  |  top-50 internal threshold=0.82  top-10% internal threshold=0.65
Init: 10 random labels  |  best (max) = 1.193
Cycle   1: full DKL retrain  (10 labelled)
GP warmup: 20 epochs on initial embeddings
/home/roy/Desktop/DKL-BO/venv/lib/python3.13/site-packages/torch/_compile.py:54: UserWarning: optimizer contains a parameter group with duplicate parameters; in future, this will cause an error; see github.com/pytorch/pytorch/issues/40967 for more information
  return disable_fn(*args, **kwargs)
Joint DKL training: 50 epochs
  Epoch 20/50  loss=0.9541
  Epoch 40/50  loss=0.7746
DKL training done in 0.3s
  → 2OW-1  gap=-0.094 eV  best=1.193 eV  top50=0  top10%=0
Cycle   2: GP refit  (11 labelled)
  → 2CuSe-4  gap=-0.089 eV  best=1.193 eV  top50=0  top10%=0
Cycle   3: GP refit  (12 labelled)
  → 2IIn-3  gap=0.071 eV  best=1.193 eV  top50=0  top10%=0
Cycle   4: GP refit  (13 labelled)
  → 1BaI2-2  gap=0.597 eV  best=1.193 eV  top50=0  top10%=0
Cycle   5: GP refit  (14 labelled)
  → 2HKSe-1  gap=-0.269 eV  best=1.193 eV  top50=0  top10%=0
Cycle   6: full DKL retrain  (15 labelled)
GP warmup: 20 epochs on initial embeddings
Joint DKL training: 50 epochs
  Epoch 20/50  loss=0.2091
  Epoch 40/50  loss=-0.1136
DKL training done in 0.3s
  → 1HgO-1  gap=0.248 eV  best=1.193 eV  top50=0  top10%=0
Cycle   7: GP refit  (16 labelled)
  → 2PbTe-1  gap=-1.102 eV  best=1.193 eV  top50=0  top10%=0
Cycle   8: GP refit  (17 labelled)
  → 2OPb-1  gap=-0.151 eV  best=1.193 eV  top50=0  top10%=0
Cycle   9: GP refit  (18 labelled)
  → 2GaHTeO4-1  gap=-0.356 eV  best=1.193 eV  top50=0  top10%=0
Cycle  10: GP refit  (19 labelled)
  → 2OsO2-1  gap=-0.547 eV  best=1.193 eV  top50=0  top10%=0
Cycle  11: full DKL retrain  (20 labelled)
GP warmup: 20 epochs on initial embeddings
Joint DKL training: 50 epochs
  Epoch 20/50  loss=0.5309
  Epoch 40/50  loss=0.4240
DKL training done in 0.3s
  → 1CrW3Te8-1  gap=-0.331 eV  best=1.193 eV  top50=0  top10%=0
Cycle  12: GP refit  (21 labelled)
  → 2OPb-3  gap=-0.244 eV  best=1.193 eV  top50=0  top10%=0
Cycle  13: GP refit  (22 labelled)
  → 2As2O3-4  gap=-0.637 eV  best=1.193 eV  top50=0  top10%=0
Cycle  14: GP refit  (23 labelled)
  → 1OSW-1  gap=0.057 eV  best=1.193 eV  top50=0  top10%=0
Cycle  15: GP refit  (24 labelled)
  → 1TiZr3Te8-1  gap=-0.246 eV  best=1.193 eV  top50=0  top10%=0
Cycle  16: full DKL retrain  (25 labelled)
GP warmup: 20 epochs on initial embeddings
Joint DKL training: 50 epochs
  Epoch 20/50  loss=0.7516
  Epoch 40/50  loss=0.4835
DKL training done in 0.3s
  → 1WTe2-1  gap=-0.347 eV  best=1.193 eV  top50=0  top10%=0
Cycle  17: GP refit  (26 labelled)
  → 1BN-1  gap=-0.030 eV  best=1.193 eV  top50=0  top10%=0
Cycle  18: GP refit  (27 labelled)
  → 1SCu2O4-1  gap=-0.045 eV  best=1.193 eV  top50=0  top10%=0
Cycle  19: GP refit  (28 labelled)
  → 1OSeW-1  gap=0.239 eV  best=1.193 eV  top50=0  top10%=0
Cycle  20: GP refit  (29 labelled)
  → 1MoO2-1  gap=-0.378 eV  best=1.193 eV  top50=0  top10%=0
Cycle  21: full DKL retrain  (30 labelled)
GP warmup: 20 epochs on initial embeddings
Joint DKL training: 50 epochs
  Epoch 20/50  loss=0.1152
  Epoch 40/50  loss=-0.2047
DKL training done in 0.3s
  → 2BaClH-1  gap=-0.297 eV  best=1.193 eV  top50=0  top10%=0
Cycle  22: GP refit  (31 labelled)
  → 1PbTe-1  gap=-0.622 eV  best=1.193 eV  top50=0  top10%=0
Cycle  23: GP refit  (32 labelled)
  → 2AsTlO3-1  gap=0.034 eV  best=1.193 eV  top50=0  top10%=0
Cycle  24: GP refit  (33 labelled)
  → 2PbS-1  gap=-0.843 eV  best=1.193 eV  top50=0  top10%=0
Cycle  25: GP refit  (34 labelled)
  → 2InSe-1  gap=-0.707 eV  best=1.193 eV  top50=0  top10%=0
Cycle  26: full DKL retrain  (35 labelled)
GP warmup: 20 epochs on initial embeddings
Joint DKL training: 50 epochs
  Epoch 20/50  loss=0.5538
  Epoch 40/50  loss=0.2397
DKL training done in 0.3s
  → 1MoS2-1  gap=-0.370 eV  best=1.193 eV  top50=0  top10%=0
Cycle  27: GP refit  (36 labelled)
  → 2HNa3S5-1  gap=0.432 eV  best=1.193 eV  top50=0  top10%=0
Cycle  28: GP refit  (37 labelled)
  → 1WO2-1  gap=-0.459 eV  best=1.193 eV  top50=0  top10%=0
Cycle  29: GP refit  (38 labelled)
  → 2CsNO3-1  gap=0.378 eV  best=1.193 eV  top50=0  top10%=0
Cycle  30: GP refit  (39 labelled)
  → 1WAu2Te4-1  gap=0.586 eV  best=1.193 eV  top50=0  top10%=0
Cycle  31: full DKL retrain  (40 labelled)
GP warmup: 20 epochs on initial embeddings
Joint DKL training: 50 epochs
  Epoch 20/50  loss=0.6775
  Epoch 40/50  loss=0.1851
DKL training done in 0.3s
  → 2HInTeS4-1  gap=0.346 eV  best=1.193 eV  top50=0  top10%=0
Cycle  32: GP refit  (41 labelled)
  → 1InN-1  gap=-0.996 eV  best=1.193 eV  top50=0  top10%=0
Cycle  33: GP refit  (42 labelled)
  → 2HSeNa3O4-1  gap=0.260 eV  best=1.193 eV  top50=0  top10%=0
Cycle  34: GP refit  (43 labelled)
  → 1WCu2Se4-1  gap=0.861 eV  best=1.193 eV  top50=1  top10%=1
Cycle  35: GP refit  (44 labelled)
  → 1WAu2O4-2  gap=0.492 eV  best=1.193 eV  top50=1  top10%=1
Cycle  36: full DKL retrain  (45 labelled)
GP warmup: 20 epochs on initial embeddings
Joint DKL training: 50 epochs
  Epoch 20/50  loss=0.1821
  Epoch 40/50  loss=-0.1947
DKL training done in 0.3s
  → 1PbO2-3  gap=-0.475 eV  best=1.193 eV  top50=1  top10%=1
Cycle  37: GP refit  (46 labelled)
  → 1CrO2-2  gap=-0.060 eV  best=1.193 eV  top50=1  top10%=1
Cycle  38: GP refit  (47 labelled)
  → 2HNaO-1  gap=-0.156 eV  best=1.193 eV  top50=1  top10%=1
Cycle  39: GP refit  (48 labelled)
  → 2InO-2  gap=-0.495 eV  best=1.193 eV  top50=1  top10%=1
Cycle  40: GP refit  (49 labelled)
  → 1WCu2S4-1  gap=0.631 eV  best=1.193 eV  top50=1  top10%=1
Cycle  41: full DKL retrain  (50 labelled)
GP warmup: 20 epochs on initial embeddings
Joint DKL training: 50 epochs
  Epoch 20/50  loss=-0.2840
  Epoch 40/50  loss=-0.4859
DKL training done in 0.3s
  → 4OPb-1  gap=-0.193 eV  best=1.193 eV  top50=1  top10%=1
Cycle  42: GP refit  (51 labelled)
  → 2WO3-1  gap=-0.454 eV  best=1.193 eV  top50=1  top10%=1
Cycle  43: GP refit  (52 labelled)
  → 2CuF-2  gap=-0.491 eV  best=1.193 eV  top50=1  top10%=1
Cycle  44: GP refit  (53 labelled)
  → 1BaClI-1  gap=0.282 eV  best=1.193 eV  top50=1  top10%=1
Cycle  45: GP refit  (54 labelled)
  → 2RuO2-1  gap=-1.239 eV  best=1.193 eV  top50=1  top10%=1
Cycle  46: full DKL retrain  (55 labelled)
GP warmup: 20 epochs on initial embeddings
Joint DKL training: 50 epochs
  Epoch 20/50  loss=-0.3677
  Epoch 40/50  loss=-0.7117
DKL training done in 0.3s
  → 2SbTlO3-1  gap=-0.703 eV  best=1.193 eV  top50=1  top10%=1
Cycle  47: GP refit  (56 labelled)
  → 2ClCu-4  gap=-0.275 eV  best=1.193 eV  top50=1  top10%=1
Cycle  48: GP refit  (57 labelled)
  → 2MoWO4-1  gap=-0.389 eV  best=1.193 eV  top50=1  top10%=1
Cycle  49: GP refit  (58 labelled)
  → 1MoW3O8-1  gap=-0.430 eV  best=1.193 eV  top50=1  top10%=1
Cycle  50: GP refit  (59 labelled)
  → 1ScO2-2  gap=0.484 eV  best=1.193 eV  top50=1  top10%=1
Cycle  51: full DKL retrain  (60 labelled)
GP warmup: 20 epochs on initial embeddings
Joint DKL training: 50 epochs
  Epoch 20/50  loss=-0.1709
  Epoch 40/50  loss=-0.4790
DKL training done in 0.3s
  → 2GaHSeO4-1  gap=0.724 eV  best=1.193 eV  top50=1  top10%=2
Cycle  52: GP refit  (61 labelled)
  → 1TiF2-1  gap=0.463 eV  best=1.193 eV  top50=1  top10%=2
Cycle  53: GP refit  (62 labelled)
  → 1C2O2Zr3-1  gap=-0.274 eV  best=1.193 eV  top50=1  top10%=2
Cycle  54: GP refit  (63 labelled)
  → 2IrO-2  gap=-0.581 eV  best=1.193 eV  top50=1  top10%=2
Cycle  55: GP refit  (64 labelled)
  → 1PbSrS2O8-1  gap=0.034 eV  best=1.193 eV  top50=1  top10%=2
Cycle  56: full DKL retrain  (65 labelled)
GP warmup: 20 epochs on initial embeddings
Joint DKL training: 50 epochs
  Epoch 20/50  loss=-0.1980
  Epoch 40/50  loss=-0.5686
DKL training done in 0.3s
  → 1FeHfF6-1  gap=1.579 eV  best=1.579 eV  top50=2  top10%=3
Cycle  57: GP refit  (66 labelled)
  → 1SNb3F7-1  gap=0.709 eV  best=1.579 eV  top50=2  top10%=4
Cycle  58: GP refit  (67 labelled)
  → 2AsBiO4-1  gap=-0.062 eV  best=1.579 eV  top50=2  top10%=4
Cycle  59: GP refit  (68 labelled)
  → 1CSiH2-1  gap=0.042 eV  best=1.579 eV  top50=2  top10%=4
Cycle  60: GP refit  (69 labelled)
  → 2GaO-1  gap=-0.476 eV  best=1.579 eV  top50=2  top10%=4
Cycle  61: full DKL retrain  (70 labelled)
GP warmup: 20 epochs on initial embeddings
Joint DKL training: 50 epochs
  Epoch 20/50  loss=0.2207
  Epoch 40/50  loss=-0.0308
DKL training done in 0.3s
  → 2FeS2-1  gap=0.505 eV  best=1.579 eV  top50=2  top10%=4
Cycle  62: GP refit  (71 labelled)
  → 2GaI-1  gap=0.332 eV  best=1.579 eV  top50=2  top10%=4
Cycle  63: GP refit  (72 labelled)
  → 2TiO2-1  gap=0.453 eV  best=1.579 eV  top50=2  top10%=4
Cycle  64: GP refit  (73 labelled)
  → 4AgF2-2  gap=-0.122 eV  best=1.579 eV  top50=2  top10%=4
Cycle  65: GP refit  (74 labelled)
  → 2KNORuF5-1  gap=1.079 eV  best=1.579 eV  top50=3  top10%=5
Cycle  66: full DKL retrain  (75 labelled)
GP warmup: 20 epochs on initial embeddings
Joint DKL training: 50 epochs
  Epoch 20/50  loss=-0.0204
  Epoch 40/50  loss=-0.4338
DKL training done in 0.3s
  → 2CoFO2-1  gap=0.772 eV  best=1.579 eV  top50=3  top10%=6
Cycle  67: GP refit  (76 labelled)
  → 1OSTi-1  gap=-0.066 eV  best=1.579 eV  top50=3  top10%=6
Cycle  68: GP refit  (77 labelled)
  → 1TiO2-3  gap=0.164 eV  best=1.579 eV  top50=3  top10%=6
Cycle  69: GP refit  (78 labelled)
  → 1C2O2Hf3-1  gap=-0.408 eV  best=1.579 eV  top50=3  top10%=6
Cycle  70: GP refit  (79 labelled)
  → 2AlHSO4-1  gap=0.676 eV  best=1.579 eV  top50=3  top10%=7
Cycle  71: full DKL retrain  (80 labelled)
GP warmup: 20 epochs on initial embeddings
Joint DKL training: 50 epochs
  Epoch 20/50  loss=-0.4202
  Epoch 40/50  loss=-0.7498
DKL training done in 0.3s
  → 1STa3F7-1  gap=1.215 eV  best=1.579 eV  top50=4  top10%=8
Cycle  72: GP refit  (81 labelled)
  → 1ZrO2-3  gap=0.171 eV  best=1.579 eV  top50=4  top10%=8
Cycle  73: GP refit  (82 labelled)
  → 1HfO2-3  gap=0.188 eV  best=1.579 eV  top50=4  top10%=8
Cycle  74: GP refit  (83 labelled)
  → 2RuS2-1  gap=-0.031 eV  best=1.579 eV  top50=4  top10%=8
Cycle  75: GP refit  (84 labelled)
  → 2INbO2-1  gap=-0.014 eV  best=1.579 eV  top50=4  top10%=8
Cycle  76: full DKL retrain  (85 labelled)
GP warmup: 20 epochs on initial embeddings
Joint DKL training: 50 epochs
  Epoch 20/50  loss=-0.5640
  Epoch 40/50  loss=-0.8693
DKL training done in 0.3s
  → 1GeO2-3  gap=-0.510 eV  best=1.579 eV  top50=4  top10%=8
Cycle  77: GP refit  (86 labelled)
  → 2OSc-1  gap=0.336 eV  best=1.579 eV  top50=4  top10%=8
Cycle  78: GP refit  (87 labelled)
  → 1NiZrF6-1  gap=1.198 eV  best=1.579 eV  top50=5  top10%=9
Cycle  79: GP refit  (88 labelled)
  → 1CrMo3O8-1  gap=-0.019 eV  best=1.579 eV  top50=5  top10%=9
Cycle  80: GP refit  (89 labelled)
  → 2TiCl2-1  gap=0.260 eV  best=1.579 eV  top50=5  top10%=9
Cycle  81: full DKL retrain  (90 labelled)
GP warmup: 20 epochs on initial embeddings
Joint DKL training: 50 epochs
  Epoch 20/50  loss=-0.6106
  Epoch 40/50  loss=-0.9141
DKL training done in 0.3s
  → 1AgScP2S6-1  gap=0.826 eV  best=1.579 eV  top50=6  top10%=10
Cycle  82: GP refit  (91 labelled)
  → 2BrIrTe-2  gap=-0.348 eV  best=1.579 eV  top50=6  top10%=10
Cycle  83: GP refit  (92 labelled)
  → 2HTeNa3O4-1  gap=0.295 eV  best=1.579 eV  top50=6  top10%=10
Cycle  84: GP refit  (93 labelled)
  → 2CoHO2-1  gap=0.097 eV  best=1.579 eV  top50=6  top10%=10
Cycle  85: GP refit  (94 labelled)
  → 1InSb-1  gap=0.248 eV  best=1.579 eV  top50=6  top10%=10
Cycle  86: full DKL retrain  (95 labelled)
GP warmup: 20 epochs on initial embeddings
Joint DKL training: 50 epochs
  Epoch 20/50  loss=0.0231
  Epoch 40/50  loss=-0.2963
DKL training done in 0.3s
  → 1ZrS2-2  gap=0.218 eV  best=1.579 eV  top50=6  top10%=10
Cycle  87: GP refit  (96 labelled)
  → 1TiS2-2  gap=0.121 eV  best=1.579 eV  top50=6  top10%=10
Cycle  88: GP refit  (97 labelled)
  → 1HgTe-1  gap=-1.220 eV  best=1.579 eV  top50=6  top10%=10
Cycle  89: GP refit  (98 labelled)
  → 2CsF-1  gap=-0.074 eV  best=1.579 eV  top50=6  top10%=10
Cycle  90: GP refit  (99 labelled)
  → 2BrHSr-1  gap=-0.276 eV  best=1.579 eV  top50=6  top10%=10
Cycle  91: full DKL retrain  (100 labelled)
GP warmup: 20 epochs on initial embeddings
Joint DKL training: 50 epochs
  Epoch 20/50  loss=-0.2242
  Epoch 40/50  loss=-0.4941
DKL training done in 0.3s
  → 1PbI2-2  gap=-0.398 eV  best=1.579 eV  top50=6  top10%=10
Cycle  92: GP refit  (101 labelled)
  → 2ScTe-4  gap=-0.071 eV  best=1.579 eV  top50=6  top10%=10
Cycle  93: GP refit  (102 labelled)
  → 1BaCl2-2  gap=1.043 eV  best=1.579 eV  top50=7  top10%=11
Cycle  94: GP refit  (103 labelled)
  → 1BrITl2-1  gap=-0.521 eV  best=1.579 eV  top50=7  top10%=11
Cycle  95: GP refit  (104 labelled)
  → 1MoAu2O4-2  gap=0.415 eV  best=1.579 eV  top50=7  top10%=11
Cycle  96: full DKL retrain  (105 labelled)
GP warmup: 20 epochs on initial embeddings
Joint DKL training: 50 epochs
  Epoch 20/50  loss=-0.3852
  Epoch 40/50  loss=-0.5759
DKL training done in 0.3s
  → 1SrI2-2  gap=0.061 eV  best=1.579 eV  top50=7  top10%=11
Cycle  97: GP refit  (106 labelled)
  → 1AsIn-1  gap=0.064 eV  best=1.579 eV  top50=7  top10%=11
Cycle  98: GP refit  (107 labelled)
  → 1MoCu2Te4-1  gap=0.207 eV  best=1.579 eV  top50=7  top10%=11
Cycle  99: GP refit  (108 labelled)
  → 1BaBrCl-1  gap=0.635 eV  best=1.579 eV  top50=7  top10%=11
Cycle 100: GP refit  (109 labelled)
  → 4AuI2-1  gap=0.629 eV  best=1.579 eV  top50=7  top10%=11
  emass_max/seed0 → best=1.579 top50=7 top10%=11
BOLoop: 766 materials  |  direction=max  |  top-50 internal threshold=0.82  top-10% internal threshold=0.65
Init: 10 random labels  |  best (max) = 0.592
Cycle   1: full DKL retrain  (10 labelled)
GP warmup: 20 epochs on initial embeddings
/home/roy/Desktop/DKL-BO/venv/lib/python3.13/site-packages/torch/_compile.py:54: UserWarning: optimizer contains a parameter group with duplicate parameters; in future, this will cause an error; see github.com/pytorch/pytorch/issues/40967 for more information
  return disable_fn(*args, **kwargs)
Joint DKL training: 50 epochs
  Epoch 20/50  loss=0.7929
  Epoch 40/50  loss=0.7168
DKL training done in 0.3s
  → 2BiO-1  gap=-1.197 eV  best=0.592 eV  top50=0  top10%=0
Cycle   2: GP refit  (11 labelled)
  → 1BiClSe-2  gap=0.542 eV  best=0.592 eV  top50=0  top10%=0
Cycle   3: GP refit  (12 labelled)
  → 4TiSe2-1  gap=-0.385 eV  best=0.592 eV  top50=0  top10%=0
Cycle   4: GP refit  (13 labelled)
  → 2CsNRuSF5-1  gap=0.999 eV  best=0.999 eV  top50=1  top10%=1
Cycle   5: GP refit  (14 labelled)
  → 2CdClSbO2-1  gap=0.221 eV  best=0.999 eV  top50=1  top10%=1
Cycle   6: full DKL retrain  (15 labelled)
GP warmup: 20 epochs on initial embeddings
Joint DKL training: 50 epochs
  Epoch 20/50  loss=0.5253
  Epoch 40/50  loss=0.3212
DKL training done in 0.3s
  → 1HgSe-1  gap=-1.498 eV  best=0.999 eV  top50=1  top10%=1
Cycle   7: GP refit  (16 labelled)
  → 2KTaF6-1  gap=0.476 eV  best=0.999 eV  top50=1  top10%=1
Cycle   8: GP refit  (17 labelled)
  → 1AuInF4-1  gap=-0.061 eV  best=0.999 eV  top50=1  top10%=1
Cycle   9: GP refit  (18 labelled)
  → 2BrCs-2  gap=-0.221 eV  best=0.999 eV  top50=1  top10%=1
Cycle  10: GP refit  (19 labelled)
  → 2ClRb-2  gap=-0.180 eV  best=0.999 eV  top50=1  top10%=1
Cycle  11: full DKL retrain  (20 labelled)
GP warmup: 20 epochs on initial embeddings
Joint DKL training: 50 epochs
  Epoch 20/50  loss=0.2961
  Epoch 40/50  loss=0.1620
DKL training done in 0.3s
  → 2CsF-1  gap=-0.074 eV  best=0.999 eV  top50=1  top10%=1
Cycle  12: GP refit  (21 labelled)
  → 1SeNb3F7-1  gap=0.681 eV  best=0.999 eV  top50=1  top10%=2
Cycle  13: GP refit  (22 labelled)
  → 1RuCl2-3  gap=-0.112 eV  best=0.999 eV  top50=1  top10%=2
Cycle  14: GP refit  (23 labelled)
  → 1TiF2-1  gap=0.463 eV  best=0.999 eV  top50=1  top10%=2
Cycle  15: GP refit  (24 labelled)
  → 2HInTeO4-1  gap=0.671 eV  best=0.999 eV  top50=1  top10%=3
Cycle  16: full DKL retrain  (25 labelled)
GP warmup: 20 epochs on initial embeddings
Joint DKL training: 50 epochs
  Epoch 20/50  loss=0.0473
  Epoch 40/50  loss=-0.2222
DKL training done in 0.3s
  → 1HfPdF6-1  gap=1.154 eV  best=1.154 eV  top50=2  top10%=4
Cycle  17: GP refit  (26 labelled)
  → 1OVF2-1  gap=0.534 eV  best=1.154 eV  top50=2  top10%=4
Cycle  18: GP refit  (27 labelled)
  → 1C2F2S2Zr3-1  gap=-0.181 eV  best=1.154 eV  top50=2  top10%=4
Cycle  19: GP refit  (28 labelled)
  → 2KNORuF5-1  gap=1.079 eV  best=1.154 eV  top50=3  top10%=5
Cycle  20: GP refit  (29 labelled)
  → 2FRb-1  gap=-0.087 eV  best=1.154 eV  top50=3  top10%=5
Cycle  21: full DKL retrain  (30 labelled)
GP warmup: 20 epochs on initial embeddings
Joint DKL training: 50 epochs
  Epoch 20/50  loss=-0.1372
  Epoch 40/50  loss=-0.5086
DKL training done in 0.3s
  → 1BN-1  gap=-0.030 eV  best=1.154 eV  top50=3  top10%=5
Cycle  22: GP refit  (31 labelled)
  → 1STa3F7-1  gap=1.215 eV  best=1.215 eV  top50=4  top10%=6
Cycle  23: GP refit  (32 labelled)
  → 1HfNiF6-1  gap=1.156 eV  best=1.215 eV  top50=5  top10%=7
Cycle  24: GP refit  (33 labelled)
  → 1HfZnF6-1  gap=0.762 eV  best=1.215 eV  top50=5  top10%=8
Cycle  25: GP refit  (34 labelled)
  → 2KNOOsF5-1  gap=0.995 eV  best=1.215 eV  top50=6  top10%=9
Cycle  26: full DKL retrain  (35 labelled)
GP warmup: 20 epochs on initial embeddings
Joint DKL training: 50 epochs
  Epoch 20/50  loss=-0.2147
  Epoch 40/50  loss=-0.7523
DKL training done in 0.3s
  → 1SeTa3F7-1  gap=1.324 eV  best=1.324 eV  top50=7  top10%=10
Cycle  27: GP refit  (36 labelled)
  → 1CSiH2-1  gap=0.042 eV  best=1.324 eV  top50=7  top10%=10
Cycle  28: GP refit  (37 labelled)
  → 1TeTa3F7-1  gap=-0.580 eV  best=1.324 eV  top50=7  top10%=10
Cycle  29: GP refit  (38 labelled)
  → 2NOOsRbF5-1  gap=1.113 eV  best=1.324 eV  top50=8  top10%=11
Cycle  30: GP refit  (39 labelled)
  → 2FK-1  gap=-0.065 eV  best=1.324 eV  top50=8  top10%=11
Cycle  31: full DKL retrain  (40 labelled)
GP warmup: 20 epochs on initial embeddings
Joint DKL training: 50 epochs
  Epoch 20/50  loss=2.7616
  Epoch 40/50  loss=0.3723
DKL training done in 0.3s
  → 2ITl-3  gap=-0.025 eV  best=1.324 eV  top50=8  top10%=11
Cycle  32: GP refit  (41 labelled)
  → 2PtF3-1  gap=0.590 eV  best=1.324 eV  top50=8  top10%=11
Cycle  33: GP refit  (42 labelled)
  → 2NRbRuSF5-1  gap=1.029 eV  best=1.324 eV  top50=9  top10%=12
Cycle  34: GP refit  (43 labelled)
  → 1PbCl2-2  gap=-0.133 eV  best=1.324 eV  top50=9  top10%=12
Cycle  35: GP refit  (44 labelled)
  → 2FeS2-1  gap=0.505 eV  best=1.324 eV  top50=9  top10%=12
Cycle  36: full DKL retrain  (45 labelled)
GP warmup: 20 epochs on initial embeddings
Joint DKL training: 50 epochs
  Epoch 20/50  loss=2.0449
  Epoch 40/50  loss=0.5017
DKL training done in 0.3s
  → 1AlN-1  gap=-0.293 eV  best=1.324 eV  top50=9  top10%=12
Cycle  37: GP refit  (46 labelled)
  → 1PbSe-1  gap=-0.390 eV  best=1.324 eV  top50=9  top10%=12
Cycle  38: GP refit  (47 labelled)
  → 1WTe2-1  gap=-0.347 eV  best=1.324 eV  top50=9  top10%=12
Cycle  39: GP refit  (48 labelled)
  → 2GaO-1  gap=-0.476 eV  best=1.324 eV  top50=9  top10%=12
Cycle  40: GP refit  (49 labelled)
  → 2NRbO3-1  gap=0.400 eV  best=1.324 eV  top50=9  top10%=12
Cycle  41: full DKL retrain  (50 labelled)
GP warmup: 20 epochs on initial embeddings
Joint DKL training: 50 epochs
  Epoch 20/50  loss=0.0905
  Epoch 40/50  loss=-0.2075
DKL training done in 0.3s
  → 2CsNOsSF5-1  gap=1.236 eV  best=1.324 eV  top50=10  top10%=13
Cycle  42: GP refit  (51 labelled)
  → 2AgF-3  gap=-0.316 eV  best=1.324 eV  top50=10  top10%=13
Cycle  43: GP refit  (52 labelled)
  → 2CsNOOsF5-1  gap=1.217 eV  best=1.324 eV  top50=11  top10%=14
Cycle  44: GP refit  (53 labelled)
  → 4AgF2-2  gap=-0.122 eV  best=1.324 eV  top50=11  top10%=14
Cycle  45: GP refit  (54 labelled)
  → 2AsTlO3-1  gap=0.034 eV  best=1.324 eV  top50=11  top10%=14
Cycle  46: full DKL retrain  (55 labelled)
GP warmup: 20 epochs on initial embeddings
Joint DKL training: 50 epochs
  Epoch 20/50  loss=0.0765
  Epoch 40/50  loss=-0.3422
DKL training done in 0.3s
  → 2CsNORuF5-1  gap=1.469 eV  best=1.469 eV  top50=12  top10%=15
Cycle  47: GP refit  (56 labelled)
  → 2ClCs-1  gap=-0.154 eV  best=1.469 eV  top50=12  top10%=15
Cycle  48: GP refit  (57 labelled)
  → 2ClGa-1  gap=-0.075 eV  best=1.469 eV  top50=12  top10%=15
Cycle  49: GP refit  (58 labelled)
  → 2KNbF6-1  gap=0.818 eV  best=1.469 eV  top50=13  top10%=16
Cycle  50: GP refit  (59 labelled)
  → 2HNaSe-1  gap=-0.343 eV  best=1.469 eV  top50=13  top10%=16
Cycle  51: full DKL retrain  (60 labelled)
GP warmup: 20 epochs on initial embeddings
Joint DKL training: 50 epochs
  Epoch 20/50  loss=-0.3633
  Epoch 40/50  loss=-0.6982
DKL training done in 0.3s
  → 1FeHfF6-1  gap=1.579 eV  best=1.579 eV  top50=14  top10%=17
Cycle  52: GP refit  (61 labelled)
  → 2HTeLi3S4-1  gap=-0.040 eV  best=1.579 eV  top50=14  top10%=17
Cycle  53: GP refit  (62 labelled)
  → 2HNa3S5-1  gap=0.432 eV  best=1.579 eV  top50=14  top10%=17
Cycle  54: GP refit  (63 labelled)
  → 2HKSe-1  gap=-0.269 eV  best=1.579 eV  top50=14  top10%=17
Cycle  55: GP refit  (64 labelled)
  → 2CoFO2-1  gap=0.772 eV  best=1.579 eV  top50=14  top10%=18
Cycle  56: full DKL retrain  (65 labelled)
GP warmup: 20 epochs on initial embeddings
Joint DKL training: 50 epochs
  Epoch 20/50  loss=-0.3046
  Epoch 40/50  loss=-0.6244
DKL training done in 0.3s
  → 2HSeLi3O4-1  gap=0.345 eV  best=1.579 eV  top50=14  top10%=18
Cycle  57: GP refit  (66 labelled)
  → 2HSeLi3S4-1  gap=0.103 eV  best=1.579 eV  top50=14  top10%=18
Cycle  58: GP refit  (67 labelled)
  → 1NiZrF6-1  gap=1.198 eV  best=1.579 eV  top50=15  top10%=19
Cycle  59: GP refit  (68 labelled)
  → 1HgS-1  gap=-1.412 eV  best=1.579 eV  top50=15  top10%=19
Cycle  60: GP refit  (69 labelled)
  → 1TiCl2-1  gap=0.299 eV  best=1.579 eV  top50=15  top10%=19
Cycle  61: full DKL retrain  (70 labelled)
GP warmup: 20 epochs on initial embeddings
Joint DKL training: 50 epochs
  Epoch 20/50  loss=-0.2527
  Epoch 40/50  loss=-0.6931
DKL training done in 0.3s
  → 1PbSe2-1  gap=-0.543 eV  best=1.579 eV  top50=15  top10%=19
Cycle  62: GP refit  (71 labelled)
  → 1TeTa3Cl7-1  gap=0.420 eV  best=1.579 eV  top50=15  top10%=19
Cycle  63: GP refit  (72 labelled)
  → 2GaHTeO4-1  gap=-0.356 eV  best=1.579 eV  top50=15  top10%=19
Cycle  64: GP refit  (73 labelled)
  → 2IrTaTe4-1  gap=-0.478 eV  best=1.579 eV  top50=15  top10%=19
Cycle  65: GP refit  (74 labelled)
  → 1PbS2-1  gap=-0.438 eV  best=1.579 eV  top50=15  top10%=19
Cycle  66: full DKL retrain  (75 labelled)
GP warmup: 20 epochs on initial embeddings
Joint DKL training: 50 epochs
  Epoch 20/50  loss=-0.6269
  Epoch 40/50  loss=-1.0421
DKL training done in 0.3s
  → 2HInTeS4-1  gap=0.346 eV  best=1.579 eV  top50=15  top10%=19
Cycle  67: GP refit  (76 labelled)
  → 2TeTi-4  gap=-0.254 eV  best=1.579 eV  top50=15  top10%=19
Cycle  68: GP refit  (77 labelled)
  → 2HTeLi3O4-1  gap=0.244 eV  best=1.579 eV  top50=15  top10%=19
Cycle  69: GP refit  (78 labelled)
  → 1InP-1  gap=-1.028 eV  best=1.579 eV  top50=15  top10%=19
Cycle  70: GP refit  (79 labelled)
  → 1AgScP2S6-1  gap=0.826 eV  best=1.579 eV  top50=16  top10%=20
Cycle  71: full DKL retrain  (80 labelled)
GP warmup: 20 epochs on initial embeddings
Joint DKL training: 50 epochs
  Epoch 20/50  loss=0.3456
  Epoch 40/50  loss=-0.1431
DKL training done in 0.3s
  → 2Bi2O3-2  gap=-1.508 eV  best=1.579 eV  top50=16  top10%=20
Cycle  72: GP refit  (81 labelled)
  → 1BrITi-1  gap=0.136 eV  best=1.579 eV  top50=16  top10%=20
Cycle  73: GP refit  (82 labelled)
  → 1MoSTe-2  gap=-0.414 eV  best=1.579 eV  top50=16  top10%=20
Cycle  74: GP refit  (83 labelled)
  → 2PbTe-3  gap=-0.241 eV  best=1.579 eV  top50=16  top10%=20
Cycle  75: GP refit  (84 labelled)
  → 2CsNO3-1  gap=0.378 eV  best=1.579 eV  top50=16  top10%=20
Cycle  76: full DKL retrain  (85 labelled)
GP warmup: 20 epochs on initial embeddings
Joint DKL training: 50 epochs
  Epoch 20/50  loss=0.1560
  Epoch 40/50  loss=-0.1850
DKL training done in 0.3s
  → 1STeTi-2  gap=0.235 eV  best=1.579 eV  top50=16  top10%=20
Cycle  77: GP refit  (86 labelled)
  → 2InTe-1  gap=-0.797 eV  best=1.579 eV  top50=16  top10%=20
Cycle  78: GP refit  (87 labelled)
  → 1STeIn2-1  gap=0.126 eV  best=1.579 eV  top50=16  top10%=20
Cycle  79: GP refit  (88 labelled)
  → 2ClIrTe-2  gap=-0.303 eV  best=1.579 eV  top50=16  top10%=20
Cycle  80: GP refit  (89 labelled)
  → 1BrTeTi-1  gap=0.340 eV  best=1.579 eV  top50=16  top10%=20
Cycle  81: full DKL retrain  (90 labelled)
GP warmup: 20 epochs on initial embeddings
Joint DKL training: 50 epochs
  Epoch 20/50  loss=-0.2274
  Epoch 40/50  loss=-0.4556
DKL training done in 0.3s
  → 1BiITe-1  gap=0.319 eV  best=1.579 eV  top50=16  top10%=20
Cycle  82: GP refit  (91 labelled)
  → 4LiSbO2-1  gap=-0.171 eV  best=1.579 eV  top50=16  top10%=20
Cycle  83: GP refit  (92 labelled)
  → 1AsIn-1  gap=0.064 eV  best=1.579 eV  top50=16  top10%=20
Cycle  84: GP refit  (93 labelled)
  → 1HgTe-1  gap=-1.220 eV  best=1.579 eV  top50=16  top10%=20
Cycle  85: GP refit  (94 labelled)
  → 1HgO-1  gap=0.248 eV  best=1.579 eV  top50=16  top10%=20
Cycle  86: full DKL retrain  (95 labelled)
GP warmup: 20 epochs on initial embeddings
Joint DKL training: 50 epochs
  Epoch 20/50  loss=-0.4065
  Epoch 40/50  loss=-0.6622
DKL training done in 0.3s
  → 1HgCl2-3  gap=-0.313 eV  best=1.579 eV  top50=16  top10%=20
Cycle  87: GP refit  (96 labelled)
  → 4HgTe-1  gap=-0.925 eV  best=1.579 eV  top50=16  top10%=20
Cycle  88: GP refit  (97 labelled)
  → 2CrNbTe5-1  gap=-0.354 eV  best=1.579 eV  top50=16  top10%=20
Cycle  89: GP refit  (98 labelled)
  → 1HfSeTe-2  gap=-0.228 eV  best=1.579 eV  top50=16  top10%=20
Cycle  90: GP refit  (99 labelled)
  → 1HgBr2-4  gap=-0.419 eV  best=1.579 eV  top50=16  top10%=20
Cycle  91: full DKL retrain  (100 labelled)
GP warmup: 20 epochs on initial embeddings
Joint DKL training: 50 epochs
  Epoch 20/50  loss=-0.3311
  Epoch 40/50  loss=-0.6271
DKL training done in 0.3s
  → 2IrO-2  gap=-0.581 eV  best=1.579 eV  top50=16  top10%=20
Cycle  92: GP refit  (101 labelled)
  → 2P2S3-3  gap=0.122 eV  best=1.579 eV  top50=16  top10%=20
Cycle  93: GP refit  (102 labelled)
  → 1MoTe2-1  gap=-0.326 eV  best=1.579 eV  top50=16  top10%=20
Cycle  94: GP refit  (103 labelled)
  → 1BaBrI-1  gap=0.289 eV  best=1.579 eV  top50=16  top10%=20
Cycle  95: GP refit  (104 labelled)
  → 2AuBr-2  gap=-0.297 eV  best=1.579 eV  top50=16  top10%=20
Cycle  96: full DKL retrain  (105 labelled)
GP warmup: 20 epochs on initial embeddings
Joint DKL training: 50 epochs
  Epoch 20/50  loss=-0.5813
  Epoch 40/50  loss=-0.7930
DKL training done in 0.3s
  → 4IOSc-1  gap=0.131 eV  best=1.579 eV  top50=16  top10%=20
Cycle  97: GP refit  (106 labelled)
  → 1SeTeZr-2  gap=-0.132 eV  best=1.579 eV  top50=16  top10%=20
Cycle  98: GP refit  (107 labelled)
  → 1ScCl2-1  gap=0.319 eV  best=1.579 eV  top50=16  top10%=20
Cycle  99: GP refit  (108 labelled)
  → 2ScTe-4  gap=-0.071 eV  best=1.579 eV  top50=16  top10%=20
Cycle 100: GP refit  (109 labelled)
  → 1ScH2-1  gap=-0.199 eV  best=1.579 eV  top50=16  top10%=20
  emass_max/seed1 → best=1.579 top50=16 top10%=20
BOLoop: 766 materials  |  direction=max  |  top-50 internal threshold=0.82  top-10% internal threshold=0.65
Init: 10 random labels  |  best (max) = 1.113
Cycle   1: full DKL retrain  (10 labelled)
GP warmup: 20 epochs on initial embeddings
/home/roy/Desktop/DKL-BO/venv/lib/python3.13/site-packages/torch/_compile.py:54: UserWarning: optimizer contains a parameter group with duplicate parameters; in future, this will cause an error; see github.com/pytorch/pytorch/issues/40967 for more information
  return disable_fn(*args, **kwargs)
Joint DKL training: 50 epochs
  Epoch 20/50  loss=0.8489
  Epoch 40/50  loss=0.7811
DKL training done in 0.3s
  → 2NORbRuF5-1  gap=0.996 eV  best=1.113 eV  top50=1  top10%=1
Cycle   2: GP refit  (11 labelled)
  → 2HgNa2I4-1  gap=-0.215 eV  best=1.113 eV  top50=1  top10%=1
Cycle   3: GP refit  (12 labelled)
  → 4AuF2-1  gap=0.636 eV  best=1.113 eV  top50=1  top10%=1
Cycle   4: GP refit  (13 labelled)
  → 1OVF2-1  gap=0.534 eV  best=1.113 eV  top50=1  top10%=1
Cycle   5: GP refit  (14 labelled)
  → 2KNbF6-1  gap=0.818 eV  best=1.113 eV  top50=2  top10%=2
Cycle   6: full DKL retrain  (15 labelled)
GP warmup: 20 epochs on initial embeddings
Joint DKL training: 50 epochs
  Epoch 20/50  loss=-0.4671
  Epoch 40/50  loss=-0.6619
DKL training done in 0.3s
  → 4AgF2-2  gap=-0.122 eV  best=1.113 eV  top50=2  top10%=2
Cycle   7: GP refit  (16 labelled)
  → 2NORbRuCl5-1  gap=0.533 eV  best=1.113 eV  top50=2  top10%=2
Cycle   8: GP refit  (17 labelled)
  → 2NRbO3-1  gap=0.400 eV  best=1.113 eV  top50=2  top10%=2
Cycle   9: GP refit  (18 labelled)
  → 2ClRb-2  gap=-0.180 eV  best=1.113 eV  top50=2  top10%=2
Cycle  10: GP refit  (19 labelled)
  → 1HfPdF6-1  gap=1.154 eV  best=1.154 eV  top50=3  top10%=3
Cycle  11: full DKL retrain  (20 labelled)
GP warmup: 20 epochs on initial embeddings
Joint DKL training: 50 epochs
  Epoch 20/50  loss=0.8633
  Epoch 40/50  loss=0.0178
DKL training done in 0.3s
  → 2BrCs-2  gap=-0.221 eV  best=1.154 eV  top50=3  top10%=3
Cycle  12: GP refit  (21 labelled)
  → 2FRb-1  gap=-0.087 eV  best=1.154 eV  top50=3  top10%=3
Cycle  13: GP refit  (22 labelled)
  → 1HfNiF6-1  gap=1.156 eV  best=1.156 eV  top50=4  top10%=4
Cycle  14: GP refit  (23 labelled)
  → 1NiZrF6-1  gap=1.198 eV  best=1.198 eV  top50=5  top10%=5
Cycle  15: GP refit  (24 labelled)
  → 1FeHfF6-1  gap=1.579 eV  best=1.579 eV  top50=6  top10%=6
Cycle  16: full DKL retrain  (25 labelled)
GP warmup: 20 epochs on initial embeddings
Joint DKL training: 50 epochs
  Epoch 20/50  loss=0.2324
  Epoch 40/50  loss=-0.3117
DKL training done in 0.3s
  → 1FeHfCl6-1  gap=1.274 eV  best=1.579 eV  top50=7  top10%=7
Cycle  17: GP refit  (26 labelled)
  → 1FeCl2-3  gap=-0.077 eV  best=1.579 eV  top50=7  top10%=7
Cycle  18: GP refit  (27 labelled)
  → 1TiF2-1  gap=0.463 eV  best=1.579 eV  top50=7  top10%=7
Cycle  19: GP refit  (28 labelled)
  → 2NRbRuSF5-1  gap=1.029 eV  best=1.579 eV  top50=8  top10%=8
Cycle  20: GP refit  (29 labelled)
  → 1SeNb3F7-1  gap=0.681 eV  best=1.579 eV  top50=8  top10%=9
Cycle  21: full DKL retrain  (30 labelled)
GP warmup: 20 epochs on initial embeddings
Joint DKL training: 50 epochs
  Epoch 20/50  loss=-0.1072
  Epoch 40/50  loss=-0.5728
DKL training done in 0.3s
  → 2CsNOsSF5-1  gap=1.236 eV  best=1.579 eV  top50=9  top10%=10
Cycle  22: GP refit  (31 labelled)
  → 1ClIV-1  gap=-0.566 eV  best=1.579 eV  top50=9  top10%=10
Cycle  23: GP refit  (32 labelled)
  → 2NOsRbSF5-1  gap=1.128 eV  best=1.579 eV  top50=10  top10%=11
Cycle  24: GP refit  (33 labelled)
  → 1ClSbTe-1  gap=-0.747 eV  best=1.579 eV  top50=10  top10%=11
Cycle  25: GP refit  (34 labelled)
  → 1HfCl2-1  gap=-0.108 eV  best=1.579 eV  top50=10  top10%=11
Cycle  26: full DKL retrain  (35 labelled)
GP warmup: 20 epochs on initial embeddings
Joint DKL training: 50 epochs
  Epoch 20/50  loss=2.1911
  Epoch 40/50  loss=-0.0597
DKL training done in 0.3s
  → 1BiBrTe-1  gap=0.149 eV  best=1.579 eV  top50=10  top10%=11
Cycle  27: GP refit  (36 labelled)
  → 1FeZrCl6-1  gap=0.907 eV  best=1.579 eV  top50=11  top10%=12
Cycle  28: GP refit  (37 labelled)
  → 2CsNRuSF5-1  gap=0.999 eV  best=1.579 eV  top50=12  top10%=13
Cycle  29: GP refit  (38 labelled)
  → 1CaCl2-2  gap=0.272 eV  best=1.579 eV  top50=12  top10%=13
Cycle  30: GP refit  (39 labelled)
  → 1BaCl2-2  gap=1.043 eV  best=1.579 eV  top50=13  top10%=14
Cycle  31: full DKL retrain  (40 labelled)
GP warmup: 20 epochs on initial embeddings
Joint DKL training: 50 epochs
  Epoch 20/50  loss=0.0360
  Epoch 40/50  loss=-0.5391
DKL training done in 0.3s
  → 2CsNOsSCl5-1  gap=0.326 eV  best=1.579 eV  top50=13  top10%=14
Cycle  32: GP refit  (41 labelled)
  → 2BaClI-1  gap=-0.313 eV  best=1.579 eV  top50=13  top10%=14
Cycle  33: GP refit  (42 labelled)
  → 1NiZrCl6-1  gap=0.950 eV  best=1.579 eV  top50=14  top10%=15
Cycle  34: GP refit  (43 labelled)
  → 1HfPdCl6-1  gap=0.981 eV  best=1.579 eV  top50=15  top10%=16
Cycle  35: GP refit  (44 labelled)
  → 1BaClI-1  gap=0.282 eV  best=1.579 eV  top50=15  top10%=16
Cycle  36: full DKL retrain  (45 labelled)
GP warmup: 20 epochs on initial embeddings
Joint DKL training: 50 epochs
  Epoch 20/50  loss=-0.0071
  Epoch 40/50  loss=-0.4268
DKL training done in 0.3s
  → 1ISbTe-1  gap=0.406 eV  best=1.579 eV  top50=15  top10%=16
Cycle  37: GP refit  (46 labelled)
  → 2AlTe-1  gap=-0.211 eV  best=1.579 eV  top50=15  top10%=16
Cycle  38: GP refit  (47 labelled)
  → 1HfNiCl6-1  gap=1.036 eV  best=1.579 eV  top50=16  top10%=17
Cycle  39: GP refit  (48 labelled)
  → 1SrCl2-2  gap=-0.271 eV  best=1.579 eV  top50=16  top10%=17
Cycle  40: GP refit  (49 labelled)
  → 1BrSSb-1  gap=0.823 eV  best=1.579 eV  top50=17  top10%=18
Cycle  41: full DKL retrain  (50 labelled)
GP warmup: 20 epochs on initial embeddings
Joint DKL training: 50 epochs
  Epoch 20/50  loss=-0.1161
  Epoch 40/50  loss=-0.4481
DKL training done in 0.3s
  → 1HgBr2-4  gap=-0.419 eV  best=1.579 eV  top50=17  top10%=18
Cycle  42: GP refit  (51 labelled)
  → 1BiBrS-1  gap=0.347 eV  best=1.579 eV  top50=17  top10%=18
Cycle  43: GP refit  (52 labelled)
  → 1AuClCuI-1  gap=0.276 eV  best=1.579 eV  top50=17  top10%=18
Cycle  44: GP refit  (53 labelled)
  → 4HgTe-1  gap=-0.925 eV  best=1.579 eV  top50=17  top10%=18
Cycle  45: GP refit  (54 labelled)
  → 1HgCl2-3  gap=-0.313 eV  best=1.579 eV  top50=17  top10%=18
Cycle  46: full DKL retrain  (55 labelled)
GP warmup: 20 epochs on initial embeddings
Joint DKL training: 50 epochs
  Epoch 20/50  loss=-0.2694
  Epoch 40/50  loss=-0.5385
DKL training done in 0.3s
  → 1AsISe-1  gap=0.253 eV  best=1.579 eV  top50=17  top10%=18
Cycle  47: GP refit  (56 labelled)
  → 2AgF-3  gap=-0.316 eV  best=1.579 eV  top50=17  top10%=18
Cycle  48: GP refit  (57 labelled)
  → 1InSb-1  gap=0.248 eV  best=1.579 eV  top50=17  top10%=18
Cycle  49: GP refit  (58 labelled)
  → 2NbOCl2-1  gap=-0.499 eV  best=1.579 eV  top50=17  top10%=18
Cycle  50: GP refit  (59 labelled)
  → 2As2S3-4  gap=0.797 eV  best=1.579 eV  top50=17  top10%=19
Cycle  51: full DKL retrain  (60 labelled)
GP warmup: 20 epochs on initial embeddings
Joint DKL training: 50 epochs
  Epoch 20/50  loss=-0.3847
  Epoch 40/50  loss=-0.6613
DKL training done in 0.3s
  → 2BaClF-1  gap=-0.302 eV  best=1.579 eV  top50=17  top10%=19
Cycle  52: GP refit  (61 labelled)
  → 1InP-1  gap=-1.028 eV  best=1.579 eV  top50=17  top10%=19
Cycle  53: GP refit  (62 labelled)
  → 2ClCs-1  gap=-0.154 eV  best=1.579 eV  top50=17  top10%=19
Cycle  54: GP refit  (63 labelled)
  → 2AgAuCl4-1  gap=0.190 eV  best=1.579 eV  top50=17  top10%=19
Cycle  55: GP refit  (64 labelled)
  → 1AsITe-1  gap=0.320 eV  best=1.579 eV  top50=17  top10%=19
Cycle  56: full DKL retrain  (65 labelled)
GP warmup: 20 epochs on initial embeddings
Joint DKL training: 50 epochs
  Epoch 20/50  loss=-0.0584
  Epoch 40/50  loss=-0.3312
DKL training done in 0.3s
  → 2BrTl-3  gap=0.053 eV  best=1.579 eV  top50=17  top10%=19
Cycle  57: GP refit  (66 labelled)
  → 1BaBr2-2  gap=0.697 eV  best=1.579 eV  top50=17  top10%=20
Cycle  58: GP refit  (67 labelled)
  → 1IPd2Cl5-1  gap=1.095 eV  best=1.579 eV  top50=18  top10%=21
Cycle  59: GP refit  (68 labelled)
  → 2NRbRuSCl5-1  gap=0.186 eV  best=1.579 eV  top50=18  top10%=21
Cycle  60: GP refit  (69 labelled)
  → 1SrI2-2  gap=0.061 eV  best=1.579 eV  top50=18  top10%=21
Cycle  61: full DKL retrain  (70 labelled)
GP warmup: 20 epochs on initial embeddings
Joint DKL training: 50 epochs
  Epoch 20/50  loss=0.0150
  Epoch 40/50  loss=-0.3407
DKL training done in 0.3s
  → 1PdZrCl6-1  gap=0.880 eV  best=1.579 eV  top50=19  top10%=22
Cycle  62: GP refit  (71 labelled)
  → 2BaFI-1  gap=-0.359 eV  best=1.579 eV  top50=19  top10%=22
Cycle  63: GP refit  (72 labelled)
  → 2FK-1  gap=-0.065 eV  best=1.579 eV  top50=19  top10%=22
Cycle  64: GP refit  (73 labelled)
  → 1BrISr-1  gap=0.897 eV  best=1.579 eV  top50=20  top10%=23
Cycle  65: GP refit  (74 labelled)
  → 2ScTe-4  gap=-0.071 eV  best=1.579 eV  top50=20  top10%=23
Cycle  66: full DKL retrain  (75 labelled)
GP warmup: 20 epochs on initial embeddings
Joint DKL training: 50 epochs
  Epoch 20/50  loss=0.0054
  Epoch 40/50  loss=-0.2849
DKL training done in 0.3s
  → 1AgAlP2Te6-1  gap=-0.152 eV  best=1.579 eV  top50=20  top10%=23
Cycle  67: GP refit  (76 labelled)
  → 1HgTe-1  gap=-1.220 eV  best=1.579 eV  top50=20  top10%=23
Cycle  68: GP refit  (77 labelled)
  → 1PbS-1  gap=0.295 eV  best=1.579 eV  top50=20  top10%=23
Cycle  69: GP refit  (78 labelled)
  → 1YCl2-1  gap=0.353 eV  best=1.579 eV  top50=20  top10%=23
Cycle  70: GP refit  (79 labelled)
  → 2KNORuCl5-1  gap=0.417 eV  best=1.579 eV  top50=20  top10%=23
Cycle  71: full DKL retrain  (80 labelled)
GP warmup: 20 epochs on initial embeddings
Joint DKL training: 50 epochs
  Epoch 20/50  loss=-0.3366
  Epoch 40/50  loss=-0.6085
DKL training done in 0.3s
  → 1SrBr2-2  gap=-0.374 eV  best=1.579 eV  top50=20  top10%=23
Cycle  72: GP refit  (81 labelled)
  → 1BrITl2-1  gap=-0.521 eV  best=1.579 eV  top50=20  top10%=23
Cycle  73: GP refit  (82 labelled)
  → 1ISSb-1  gap=0.389 eV  best=1.579 eV  top50=20  top10%=23
Cycle  74: GP refit  (83 labelled)
  → 2PbTe-1  gap=-1.102 eV  best=1.579 eV  top50=20  top10%=23
Cycle  75: GP refit  (84 labelled)
  → 1AsIn-1  gap=0.064 eV  best=1.579 eV  top50=20  top10%=23
Cycle  76: full DKL retrain  (85 labelled)
GP warmup: 20 epochs on initial embeddings
Joint DKL training: 50 epochs
  Epoch 20/50  loss=-0.0680
  Epoch 40/50  loss=-0.3845
DKL training done in 0.3s
  → 1BaBrI-1  gap=0.289 eV  best=1.579 eV  top50=20  top10%=23
Cycle  77: GP refit  (86 labelled)
  → 2ClIn-5  gap=0.029 eV  best=1.579 eV  top50=20  top10%=23
Cycle  78: GP refit  (87 labelled)
  → 2HKTe-1  gap=-0.310 eV  best=1.579 eV  top50=20  top10%=23
Cycle  79: GP refit  (88 labelled)
  → 1BaI2-2  gap=0.597 eV  best=1.579 eV  top50=20  top10%=23
Cycle  80: GP refit  (89 labelled)
  → 1BaBrCl-1  gap=0.635 eV  best=1.579 eV  top50=20  top10%=23
Cycle  81: full DKL retrain  (90 labelled)
GP warmup: 20 epochs on initial embeddings
Joint DKL training: 50 epochs
  Epoch 20/50  loss=-0.0222
  Epoch 40/50  loss=-0.3076
DKL training done in 0.3s
  → 2BiBrHgO2-1  gap=0.295 eV  best=1.579 eV  top50=20  top10%=23
Cycle  82: GP refit  (91 labelled)
  → 2AgIBr2-1  gap=0.085 eV  best=1.579 eV  top50=20  top10%=23
Cycle  83: GP refit  (92 labelled)
  → 1BrSbSe-1  gap=0.725 eV  best=1.579 eV  top50=20  top10%=24
Cycle  84: GP refit  (93 labelled)
  → 1InN-1  gap=-0.996 eV  best=1.579 eV  top50=20  top10%=24
Cycle  85: GP refit  (94 labelled)
  → 2IIn-3  gap=0.071 eV  best=1.579 eV  top50=20  top10%=24
Cycle  86: full DKL retrain  (95 labelled)
GP warmup: 20 epochs on initial embeddings
Joint DKL training: 50 epochs
  Epoch 20/50  loss=-0.0914
  Epoch 40/50  loss=-0.4665
DKL training done in 0.3s
  → 1CaBr2-2  gap=0.140 eV  best=1.579 eV  top50=20  top10%=24
Cycle  87: GP refit  (96 labelled)
  → 1SnTe-1  gap=-0.411 eV  best=1.579 eV  top50=20  top10%=24
Cycle  88: GP refit  (97 labelled)
  → 2TeTl-2  gap=-0.972 eV  best=1.579 eV  top50=20  top10%=24
Cycle  89: GP refit  (98 labelled)
  → 2TlCl2-1  gap=1.260 eV  best=1.579 eV  top50=21  top10%=25
Cycle  90: GP refit  (99 labelled)
  → 2BiO-1  gap=-1.197 eV  best=1.579 eV  top50=21  top10%=25
Cycle  91: full DKL retrain  (100 labelled)
GP warmup: 20 epochs on initial embeddings
Joint DKL training: 50 epochs
  Epoch 20/50  loss=0.0614
  Epoch 40/50  loss=-0.1705
DKL training done in 0.3s
  → 2AgBr-3  gap=-0.277 eV  best=1.579 eV  top50=21  top10%=25
Cycle  92: GP refit  (101 labelled)
  → 2AgTe-3  gap=-0.089 eV  best=1.579 eV  top50=21  top10%=25
Cycle  93: GP refit  (102 labelled)
  → 2BaClH-1  gap=-0.297 eV  best=1.579 eV  top50=21  top10%=25
Cycle  94: GP refit  (103 labelled)
  → 2BaBi2S4-1  gap=-2.799 eV  best=1.579 eV  top50=21  top10%=25
Cycle  95: GP refit  (104 labelled)
  → 2PbS-3  gap=-0.397 eV  best=1.579 eV  top50=21  top10%=25
Cycle  96: full DKL retrain  (105 labelled)
GP warmup: 20 epochs on initial embeddings
Joint DKL training: 50 epochs
  Epoch 20/50  loss=0.1378
  Epoch 40/50  loss=-0.1513
DKL training done in 0.3s
  → 2IK-2  gap=-0.288 eV  best=1.579 eV  top50=21  top10%=25
Cycle  97: GP refit  (106 labelled)
  → 2BrK-1  gap=-0.238 eV  best=1.579 eV  top50=21  top10%=25
Cycle  98: GP refit  (107 labelled)
  → 2PbTe-3  gap=-0.241 eV  best=1.579 eV  top50=21  top10%=25
Cycle  99: GP refit  (108 labelled)
  → 1HgO-1  gap=0.248 eV  best=1.579 eV  top50=21  top10%=25
Cycle 100: GP refit  (109 labelled)
  → 2GaI-1  gap=0.332 eV  best=1.579 eV  top50=21  top10%=25
  emass_max/seed2 → best=1.579 top50=21 top10%=25
BOLoop: 766 materials  |  direction=max  |  top-50 internal threshold=0.82  top-10% internal threshold=0.65
Init: 10 random labels  |  best (max) = 1.036
Cycle   1: full DKL retrain  (10 labelled)
GP warmup: 20 epochs on initial embeddings
/home/roy/Desktop/DKL-BO/venv/lib/python3.13/site-packages/torch/_compile.py:54: UserWarning: optimizer contains a parameter group with duplicate parameters; in future, this will cause an error; see github.com/pytorch/pytorch/issues/40967 for more information
  return disable_fn(*args, **kwargs)
Joint DKL training: 50 epochs
  Epoch 20/50  loss=0.9558
  Epoch 40/50  loss=0.9020
DKL training done in 0.3s
  → 1BrClV-1  gap=0.088 eV  best=1.036 eV  top50=0  top10%=0
Cycle   2: GP refit  (11 labelled)
  → 1ClSbTe-2  gap=-0.176 eV  best=1.036 eV  top50=0  top10%=0
Cycle   3: GP refit  (12 labelled)
  → 1BrGa2Cl5-1  gap=0.704 eV  best=1.036 eV  top50=0  top10%=1
Cycle   4: GP refit  (13 labelled)
  → 1SeNb3Cl7-1  gap=0.378 eV  best=1.036 eV  top50=0  top10%=1
Cycle   5: GP refit  (14 labelled)
  → 2GaSe-1  gap=-0.768 eV  best=1.036 eV  top50=0  top10%=1
Cycle   6: full DKL retrain  (15 labelled)
GP warmup: 20 epochs on initial embeddings
Joint DKL training: 50 epochs
  Epoch 20/50  loss=0.5660
  Epoch 40/50  loss=0.4377
DKL training done in 0.3s
  → 1HfPdCl6-1  gap=0.981 eV  best=1.036 eV  top50=1  top10%=2
Cycle   7: GP refit  (16 labelled)
  → 1FeCl2-3  gap=-0.077 eV  best=1.036 eV  top50=1  top10%=2
Cycle   8: GP refit  (17 labelled)
  → 2ClRb-2  gap=-0.180 eV  best=1.036 eV  top50=1  top10%=2
Cycle   9: GP refit  (18 labelled)
  → 2HSeLi3S4-1  gap=0.103 eV  best=1.036 eV  top50=1  top10%=2
Cycle  10: GP refit  (19 labelled)
  → 1FeHfBr6-1  gap=0.780 eV  best=1.036 eV  top50=1  top10%=3
Cycle  11: full DKL retrain  (20 labelled)
GP warmup: 20 epochs on initial embeddings
Joint DKL training: 50 epochs
  Epoch 20/50  loss=0.5474
  Epoch 40/50  loss=0.4006
DKL training done in 0.3s
  → 1HfPdBr6-1  gap=0.540 eV  best=1.036 eV  top50=1  top10%=3
Cycle  12: GP refit  (21 labelled)
  → 2HfBr2-1  gap=-0.182 eV  best=1.036 eV  top50=1  top10%=3
Cycle  13: GP refit  (22 labelled)
  → 1SnCl2-2  gap=0.185 eV  best=1.036 eV  top50=1  top10%=3
Cycle  14: GP refit  (23 labelled)
  → 1BrClHf-1  gap=-0.123 eV  best=1.036 eV  top50=1  top10%=3
Cycle  15: GP refit  (24 labelled)
  → 1BrClNi-1  gap=0.073 eV  best=1.036 eV  top50=1  top10%=3
Cycle  16: full DKL retrain  (25 labelled)
GP warmup: 20 epochs on initial embeddings
Joint DKL training: 50 epochs
  Epoch 20/50  loss=0.4939
  Epoch 40/50  loss=0.3351
DKL training done in 0.3s
  → 1PdZrCl6-1  gap=0.880 eV  best=1.036 eV  top50=2  top10%=4
Cycle  17: GP refit  (26 labelled)
  → 2AgAuCl4-1  gap=0.190 eV  best=1.036 eV  top50=2  top10%=4
Cycle  18: GP refit  (27 labelled)
  → 1BaBrCl-1  gap=0.635 eV  best=1.036 eV  top50=2  top10%=4
Cycle  19: GP refit  (28 labelled)
  → 1PdZrBr6-1  gap=1.023 eV  best=1.036 eV  top50=3  top10%=5
Cycle  20: GP refit  (29 labelled)
  → 1LiNbBr6-1  gap=0.225 eV  best=1.036 eV  top50=3  top10%=5
Cycle  21: full DKL retrain  (30 labelled)
GP warmup: 20 epochs on initial embeddings
Joint DKL training: 50 epochs
  Epoch 20/50  loss=0.1948
  Epoch 40/50  loss=0.0801
DKL training done in 0.3s
  → 1C2F2S2Zr3-1  gap=-0.181 eV  best=1.036 eV  top50=3  top10%=5
Cycle  22: GP refit  (31 labelled)
  → 1BiClS-1  gap=0.469 eV  best=1.036 eV  top50=3  top10%=5
Cycle  23: GP refit  (32 labelled)
  → 1IPd2Cl5-1  gap=1.095 eV  best=1.095 eV  top50=4  top10%=6
Cycle  24: GP refit  (33 labelled)
  → 1BiFS-1  gap=0.549 eV  best=1.095 eV  top50=4  top10%=6
Cycle  25: GP refit  (34 labelled)
  → 1BaCl2-2  gap=1.043 eV  best=1.095 eV  top50=5  top10%=7
Cycle  26: full DKL retrain  (35 labelled)
GP warmup: 20 epochs on initial embeddings
Joint DKL training: 50 epochs
  Epoch 20/50  loss=0.1932
  Epoch 40/50  loss=0.0527
DKL training done in 0.3s
  → 2BaClF-1  gap=-0.302 eV  best=1.095 eV  top50=5  top10%=7
Cycle  27: GP refit  (36 labelled)
  → 1NiZrCl6-1  gap=0.950 eV  best=1.095 eV  top50=6  top10%=8
Cycle  28: GP refit  (37 labelled)
  → 2BaClI-1  gap=-0.313 eV  best=1.095 eV  top50=6  top10%=8
Cycle  29: GP refit  (38 labelled)
  → 2BaBrF-1  gap=-0.320 eV  best=1.095 eV  top50=6  top10%=8
Cycle  30: GP refit  (39 labelled)
  → 1FeZrCl6-1  gap=0.907 eV  best=1.095 eV  top50=7  top10%=9
Cycle  31: full DKL retrain  (40 labelled)
GP warmup: 20 epochs on initial embeddings
Joint DKL training: 50 epochs
  Epoch 20/50  loss=0.3345
  Epoch 40/50  loss=0.0897
DKL training done in 0.3s
  → 2AuCl-4  gap=0.253 eV  best=1.095 eV  top50=7  top10%=9
Cycle  32: GP refit  (41 labelled)
  → 2AuS-1  gap=0.016 eV  best=1.095 eV  top50=7  top10%=9
Cycle  33: GP refit  (42 labelled)
  → 2ZrCl2-1  gap=0.055 eV  best=1.095 eV  top50=7  top10%=9
Cycle  34: GP refit  (43 labelled)
  → 1FeHfCl6-1  gap=1.274 eV  best=1.274 eV  top50=8  top10%=10
Cycle  35: GP refit  (44 labelled)
  → 2TlCl2-1  gap=1.260 eV  best=1.274 eV  top50=9  top10%=11
Cycle  36: full DKL retrain  (45 labelled)
GP warmup: 20 epochs on initial embeddings
Joint DKL training: 50 epochs
  Epoch 20/50  loss=0.3903
  Epoch 40/50  loss=0.1197
DKL training done in 0.3s
  → 1SrCl2-2  gap=-0.271 eV  best=1.274 eV  top50=9  top10%=11
Cycle  37: GP refit  (46 labelled)
  → 1HfPdF6-1  gap=1.154 eV  best=1.274 eV  top50=10  top10%=12
Cycle  38: GP refit  (47 labelled)
  → 1GeMnCl6-1  gap=0.073 eV  best=1.274 eV  top50=10  top10%=12
Cycle  39: GP refit  (48 labelled)
  → 1PbCl2-2  gap=-0.133 eV  best=1.274 eV  top50=10  top10%=12
Cycle  40: GP refit  (49 labelled)
  → 1BrHf2S2Cl3-1  gap=0.328 eV  best=1.274 eV  top50=10  top10%=12
Cycle  41: full DKL retrain  (50 labelled)
GP warmup: 20 epochs on initial embeddings
Joint DKL training: 50 epochs
  Epoch 20/50  loss=0.2173
  Epoch 40/50  loss=0.0118
DKL training done in 0.3s
  → 2BrTl-3  gap=0.053 eV  best=1.274 eV  top50=10  top10%=12
Cycle  42: GP refit  (51 labelled)
  → 1PdSe2-2  gap=0.052 eV  best=1.274 eV  top50=10  top10%=12
Cycle  43: GP refit  (52 labelled)
  → 1RuCl2-3  gap=-0.112 eV  best=1.274 eV  top50=10  top10%=12
Cycle  44: GP refit  (53 labelled)
  → 2HKS-2  gap=-0.206 eV  best=1.274 eV  top50=10  top10%=12
Cycle  45: GP refit  (54 labelled)
  → 1BiClS-2  gap=0.610 eV  best=1.274 eV  top50=10  top10%=12
Cycle  46: full DKL retrain  (55 labelled)
GP warmup: 20 epochs on initial embeddings
Joint DKL training: 50 epochs
  Epoch 20/50  loss=-0.0437
  Epoch 40/50  loss=-0.1854
DKL training done in 0.3s
  → 1GeO2-3  gap=-0.510 eV  best=1.274 eV  top50=10  top10%=12
Cycle  47: GP refit  (56 labelled)
  → 1BiClSe-2  gap=0.542 eV  best=1.274 eV  top50=10  top10%=12
Cycle  48: GP refit  (57 labelled)
  → 1BaBr2-2  gap=0.697 eV  best=1.274 eV  top50=10  top10%=13
Cycle  49: GP refit  (58 labelled)
  → 2HNaTe-1  gap=-0.387 eV  best=1.274 eV  top50=10  top10%=13
Cycle  50: GP refit  (59 labelled)
  → 1BiBrS-1  gap=0.347 eV  best=1.274 eV  top50=10  top10%=13
Cycle  51: full DKL retrain  (60 labelled)
GP warmup: 20 epochs on initial embeddings
Joint DKL training: 50 epochs
  Epoch 20/50  loss=-0.3969
  Epoch 40/50  loss=-0.5681
DKL training done in 0.3s
  → 1BN-1  gap=-0.030 eV  best=1.274 eV  top50=10  top10%=13
Cycle  52: GP refit  (61 labelled)
  → 2FeSe2-1  gap=0.262 eV  best=1.274 eV  top50=10  top10%=13
Cycle  53: GP refit  (62 labelled)
  → 2ClIrS-2  gap=-0.201 eV  best=1.274 eV  top50=10  top10%=13
Cycle  54: GP refit  (63 labelled)
  → 1ScH2-1  gap=-0.199 eV  best=1.274 eV  top50=10  top10%=13
Cycle  55: GP refit  (64 labelled)
  → 1Nb3Cl8-1  gap=0.372 eV  best=1.274 eV  top50=10  top10%=13
Cycle  56: full DKL retrain  (65 labelled)
GP warmup: 20 epochs on initial embeddings
Joint DKL training: 50 epochs
  Epoch 20/50  loss=-0.5663
  Epoch 40/50  loss=-0.7551
DKL training done in 0.3s
  → 1FeHfF6-1  gap=1.579 eV  best=1.579 eV  top50=11  top10%=14
Cycle  57: GP refit  (66 labelled)
  → 2FIrSe-1  gap=-0.156 eV  best=1.579 eV  top50=11  top10%=14
Cycle  58: GP refit  (67 labelled)
  → 1HfNiF6-1  gap=1.156 eV  best=1.579 eV  top50=12  top10%=15
Cycle  59: GP refit  (68 labelled)
  → 1NiZrF6-1  gap=1.198 eV  best=1.579 eV  top50=13  top10%=16
Cycle  60: GP refit  (69 labelled)
  → 1HfZnF6-1  gap=0.762 eV  best=1.579 eV  top50=13  top10%=17
Cycle  61: full DKL retrain  (70 labelled)
GP warmup: 20 epochs on initial embeddings
Joint DKL training: 50 epochs
  Epoch 20/50  loss=-0.3474
  Epoch 40/50  loss=-0.4695
DKL training done in 0.3s
  → 2ClGa-1  gap=-0.075 eV  best=1.579 eV  top50=13  top10%=17
Cycle  62: GP refit  (71 labelled)
  → 2NRbRuSCl5-1  gap=0.186 eV  best=1.579 eV  top50=13  top10%=17
Cycle  63: GP refit  (72 labelled)
  → 2PtF3-1  gap=0.590 eV  best=1.579 eV  top50=13  top10%=17
Cycle  64: GP refit  (73 labelled)
  → 2FeS2-1  gap=0.505 eV  best=1.579 eV  top50=13  top10%=17
Cycle  65: GP refit  (74 labelled)
  → 1SNb3F7-1  gap=0.709 eV  best=1.579 eV  top50=13  top10%=18
Cycle  66: full DKL retrain  (75 labelled)
GP warmup: 20 epochs on initial embeddings
Joint DKL training: 50 epochs
  Epoch 20/50  loss=-0.6026
  Epoch 40/50  loss=-0.7934
DKL training done in 0.3s
  → 1TiF2-1  gap=0.463 eV  best=1.579 eV  top50=13  top10%=18
Cycle  67: GP refit  (76 labelled)
  → 2KNbF6-1  gap=0.818 eV  best=1.579 eV  top50=14  top10%=19
Cycle  68: GP refit  (77 labelled)
  → 1SeNb3F7-1  gap=0.681 eV  best=1.579 eV  top50=14  top10%=20
Cycle  69: GP refit  (78 labelled)
  → 1AgScP2S6-1  gap=0.826 eV  best=1.579 eV  top50=15  top10%=21
Cycle  70: GP refit  (79 labelled)
  → 1HgI2-4  gap=-0.265 eV  best=1.579 eV  top50=15  top10%=21
Cycle  71: full DKL retrain  (80 labelled)
GP warmup: 20 epochs on initial embeddings
Joint DKL training: 50 epochs
  Epoch 20/50  loss=0.6935
  Epoch 40/50  loss=-0.1061
DKL training done in 0.3s
  → 2NbOI2-1  gap=-0.054 eV  best=1.579 eV  top50=15  top10%=21
Cycle  72: GP refit  (81 labelled)
  → 2RuS2-1  gap=-0.031 eV  best=1.579 eV  top50=15  top10%=21
Cycle  73: GP refit  (82 labelled)
  → 2FLiO-1  gap=0.822 eV  best=1.579 eV  top50=16  top10%=22
Cycle  74: GP refit  (83 labelled)
  → 4LiPS2-1  gap=-0.384 eV  best=1.579 eV  top50=16  top10%=22
Cycle  75: GP refit  (84 labelled)
  → 2CuF-2  gap=-0.491 eV  best=1.579 eV  top50=16  top10%=22
Cycle  76: full DKL retrain  (85 labelled)
GP warmup: 20 epochs on initial embeddings
Joint DKL training: 50 epochs
  Epoch 20/50  loss=-0.5147
  Epoch 40/50  loss=-0.7147
DKL training done in 0.3s
  → 1GeS-1  gap=-0.328 eV  best=1.579 eV  top50=16  top10%=22
Cycle  77: GP refit  (86 labelled)
  → 1HgO-1  gap=0.248 eV  best=1.579 eV  top50=16  top10%=22
Cycle  78: GP refit  (87 labelled)
  → 1CoNaP2S6-1  gap=0.252 eV  best=1.579 eV  top50=16  top10%=22
Cycle  79: GP refit  (88 labelled)
  → 1PbTe-1  gap=-0.622 eV  best=1.579 eV  top50=16  top10%=22
Cycle  80: GP refit  (89 labelled)
  → 1SnS2-3  gap=-0.354 eV  best=1.579 eV  top50=16  top10%=22
Cycle  81: full DKL retrain  (90 labelled)
GP warmup: 20 epochs on initial embeddings
Joint DKL training: 50 epochs
  Epoch 20/50  loss=-0.7743
  Epoch 40/50  loss=-0.9499
DKL training done in 0.3s
  → 2CCsO3-1  gap=1.298 eV  best=1.579 eV  top50=17  top10%=23
Cycle  82: GP refit  (91 labelled)
  → 1InN-1  gap=-0.996 eV  best=1.579 eV  top50=17  top10%=23
Cycle  83: GP refit  (92 labelled)
  → 2PbTe-3  gap=-0.241 eV  best=1.579 eV  top50=17  top10%=23
Cycle  84: GP refit  (93 labelled)
  → 2CrNbTe5-1  gap=-0.354 eV  best=1.579 eV  top50=17  top10%=23
Cycle  85: GP refit  (94 labelled)
  → 4PPtS-1  gap=-0.083 eV  best=1.579 eV  top50=17  top10%=23
Cycle  86: full DKL retrain  (95 labelled)
GP warmup: 20 epochs on initial embeddings
Joint DKL training: 50 epochs
  Epoch 20/50  loss=-0.4773
  Epoch 40/50  loss=-0.6468
DKL training done in 0.3s
  → 2CCsO3-2  gap=0.885 eV  best=1.579 eV  top50=18  top10%=24
Cycle  87: GP refit  (96 labelled)
  → 2CRbO3-1  gap=0.880 eV  best=1.579 eV  top50=19  top10%=25
Cycle  88: GP refit  (97 labelled)
  → 1AgScP2Se6-1  gap=2.134 eV  best=2.134 eV  top50=20  top10%=26
Cycle  89: GP refit  (98 labelled)
  → 1AgInP2Se6-1  gap=-0.175 eV  best=2.134 eV  top50=20  top10%=26
Cycle  90: GP refit  (99 labelled)
  → 2CsNO3-1  gap=0.378 eV  best=2.134 eV  top50=20  top10%=26
Cycle  91: full DKL retrain  (100 labelled)
GP warmup: 20 epochs on initial embeddings
Joint DKL training: 50 epochs
  Epoch 20/50  loss=-0.6204
  Epoch 40/50  loss=-0.7680
DKL training done in 0.3s
  → 1MnNbSe4-1  gap=0.395 eV  best=2.134 eV  top50=20  top10%=26
Cycle  92: GP refit  (101 labelled)
  → 4AsLiO2-1  gap=-0.007 eV  best=2.134 eV  top50=20  top10%=26
Cycle  93: GP refit  (102 labelled)
  → 2AgO-1  gap=-0.141 eV  best=2.134 eV  top50=20  top10%=26
Cycle  94: GP refit  (103 labelled)
  → 2OPb-3  gap=-0.244 eV  best=2.134 eV  top50=20  top10%=26
Cycle  95: GP refit  (104 labelled)
  → 2CuSe-4  gap=-0.089 eV  best=2.134 eV  top50=20  top10%=26
Cycle  96: full DKL retrain  (105 labelled)
GP warmup: 20 epochs on initial embeddings
Joint DKL training: 50 epochs
  Epoch 20/50  loss=-0.9495
  Epoch 40/50  loss=-1.1582
DKL training done in 0.3s
  → 2AgTe-2  gap=-0.666 eV  best=2.134 eV  top50=20  top10%=26
Cycle  97: GP refit  (106 labelled)
  → 1HfPdI6-1  gap=0.173 eV  best=2.134 eV  top50=20  top10%=26
Cycle  98: GP refit  (107 labelled)
  → 1CrO2-2  gap=-0.060 eV  best=2.134 eV  top50=20  top10%=26
Cycle  99: GP refit  (108 labelled)
  → 2AgBr-3  gap=-0.277 eV  best=2.134 eV  top50=20  top10%=26
Cycle 100: GP refit  (109 labelled)
  → 4OPb-1  gap=-0.193 eV  best=2.134 eV  top50=20  top10%=26
  emass_max/seed3 → best=2.134 top50=20 top10%=26
BOLoop: 766 materials  |  direction=max  |  top-50 internal threshold=0.82  top-10% internal threshold=0.65
Init: 10 random labels  |  best (max) = 1.324
Cycle   1: full DKL retrain  (10 labelled)
GP warmup: 20 epochs on initial embeddings
/home/roy/Desktop/DKL-BO/venv/lib/python3.13/site-packages/torch/_compile.py:54: UserWarning: optimizer contains a parameter group with duplicate parameters; in future, this will cause an error; see github.com/pytorch/pytorch/issues/40967 for more information
  return disable_fn(*args, **kwargs)
Joint DKL training: 50 epochs
  Epoch 20/50  loss=0.8836
  Epoch 40/50  loss=0.8044
DKL training done in 0.3s
  → 2PtF3-1  gap=0.590 eV  best=1.324 eV  top50=0  top10%=0
Cycle   2: GP refit  (11 labelled)
  → 1FeHfF6-1  gap=1.579 eV  best=1.579 eV  top50=1  top10%=1
Cycle   3: GP refit  (12 labelled)
  → 1PdPt3O8-1  gap=0.371 eV  best=1.579 eV  top50=1  top10%=1
Cycle   4: GP refit  (13 labelled)
  → 1HfNiF6-1  gap=1.156 eV  best=1.579 eV  top50=2  top10%=2
Cycle   5: GP refit  (14 labelled)
  → 2AgIBr2-1  gap=0.085 eV  best=1.579 eV  top50=2  top10%=2
Cycle   6: full DKL retrain  (15 labelled)
GP warmup: 20 epochs on initial embeddings
Joint DKL training: 50 epochs
  Epoch 20/50  loss=0.0523
  Epoch 40/50  loss=-0.1920
DKL training done in 0.3s
  → 1TiF2-1  gap=0.463 eV  best=1.579 eV  top50=2  top10%=2
Cycle   7: GP refit  (16 labelled)
  → 2IIn-3  gap=0.071 eV  best=1.579 eV  top50=2  top10%=2
Cycle   8: GP refit  (17 labelled)
  → 2IRb-1  gap=-0.293 eV  best=1.579 eV  top50=2  top10%=2
Cycle   9: GP refit  (18 labelled)
  → 2FeS2-1  gap=0.505 eV  best=1.579 eV  top50=2  top10%=2
Cycle  10: GP refit  (19 labelled)
  → 2KTaF6-1  gap=0.476 eV  best=1.579 eV  top50=2  top10%=2
Cycle  11: full DKL retrain  (20 labelled)
GP warmup: 20 epochs on initial embeddings
Joint DKL training: 50 epochs
  Epoch 20/50  loss=4.9881
  Epoch 40/50  loss=-0.3816
DKL training done in 0.3s
  → 2TiO2-1  gap=0.453 eV  best=1.579 eV  top50=2  top10%=2
Cycle  12: GP refit  (21 labelled)
  → 2BrCs-2  gap=-0.221 eV  best=1.579 eV  top50=2  top10%=2
Cycle  13: GP refit  (22 labelled)
  → 1CrO2-2  gap=-0.060 eV  best=1.579 eV  top50=2  top10%=2
Cycle  14: GP refit  (23 labelled)
  → 2FLiO-1  gap=0.822 eV  best=1.579 eV  top50=3  top10%=3
Cycle  15: GP refit  (24 labelled)
  → 1STa3F7-1  gap=1.215 eV  best=1.579 eV  top50=4  top10%=4
Cycle  16: full DKL retrain  (25 labelled)
GP warmup: 20 epochs on initial embeddings
Joint DKL training: 50 epochs
  Epoch 20/50  loss=0.2851
  Epoch 40/50  loss=-0.9684
DKL training done in 0.3s
  → 2FeSe2-1  gap=0.262 eV  best=1.579 eV  top50=4  top10%=4
Cycle  17: GP refit  (26 labelled)
  → 1AgScP2S6-1  gap=0.826 eV  best=1.579 eV  top50=5  top10%=5
Cycle  18: GP refit  (27 labelled)
  → 1CrSTe-1  gap=0.042 eV  best=1.579 eV  top50=5  top10%=5
Cycle  19: GP refit  (28 labelled)
  → 1BN-1  gap=-0.030 eV  best=1.579 eV  top50=5  top10%=5
Cycle  20: GP refit  (29 labelled)
  → 2FRb-1  gap=-0.087 eV  best=1.579 eV  top50=5  top10%=5
Cycle  21: full DKL retrain  (30 labelled)
GP warmup: 20 epochs on initial embeddings
Joint DKL training: 50 epochs
  Epoch 20/50  loss=0.7678
  Epoch 40/50  loss=-0.1009
DKL training done in 0.3s
  → 1FeI2-3  gap=-0.157 eV  best=1.579 eV  top50=5  top10%=5
Cycle  22: GP refit  (31 labelled)
  → 1HgS-1  gap=-1.412 eV  best=1.579 eV  top50=5  top10%=5
Cycle  23: GP refit  (32 labelled)
  → 1CrS2-1  gap=-0.059 eV  best=1.579 eV  top50=5  top10%=5
Cycle  24: GP refit  (33 labelled)
  → 1AsBrTe-2  gap=-0.233 eV  best=1.579 eV  top50=5  top10%=5
Cycle  25: GP refit  (34 labelled)
  → 4PPdS-1  gap=-0.181 eV  best=1.579 eV  top50=5  top10%=5
Cycle  26: full DKL retrain  (35 labelled)
GP warmup: 20 epochs on initial embeddings
Joint DKL training: 50 epochs
  Epoch 20/50  loss=0.5849
  Epoch 40/50  loss=-0.0362
DKL training done in 0.3s
  → 1CrTe2-2  gap=-0.088 eV  best=1.579 eV  top50=5  top10%=5
Cycle  27: GP refit  (36 labelled)
  → 1SnS2-3  gap=-0.354 eV  best=1.579 eV  top50=5  top10%=5
Cycle  28: GP refit  (37 labelled)
  → 1CrSeTe-1  gap=-0.001 eV  best=1.579 eV  top50=5  top10%=5
Cycle  29: GP refit  (38 labelled)
  → 1AsBrS-2  gap=-0.102 eV  best=1.579 eV  top50=5  top10%=5
Cycle  30: GP refit  (39 labelled)
  → 1BiFS-1  gap=0.549 eV  best=1.579 eV  top50=5  top10%=5
Cycle  31: full DKL retrain  (40 labelled)
GP warmup: 20 epochs on initial embeddings
Joint DKL training: 50 epochs
  Epoch 20/50  loss=0.7149
  Epoch 40/50  loss=-0.0262
DKL training done in 0.3s
  → 2SSc-4  gap=-0.408 eV  best=1.579 eV  top50=5  top10%=5
Cycle  32: GP refit  (41 labelled)
  → 1N2O2Hf3-1  gap=-0.164 eV  best=1.579 eV  top50=5  top10%=5
Cycle  33: GP refit  (42 labelled)
  → 1AsIn-1  gap=0.064 eV  best=1.579 eV  top50=5  top10%=5
Cycle  34: GP refit  (43 labelled)
  → 1SSeZr-1  gap=-0.235 eV  best=1.579 eV  top50=5  top10%=5
Cycle  35: GP refit  (44 labelled)
  → 2P2S3-3  gap=0.122 eV  best=1.579 eV  top50=5  top10%=5
Cycle  36: full DKL retrain  (45 labelled)
GP warmup: 20 epochs on initial embeddings
Joint DKL training: 50 epochs
  Epoch 20/50  loss=-0.0199
  Epoch 40/50  loss=-0.4191
DKL training done in 0.3s
  → 2ScSe-3  gap=-0.376 eV  best=1.579 eV  top50=5  top10%=5
Cycle  37: GP refit  (46 labelled)
  → 1AlAs-1  gap=-0.875 eV  best=1.579 eV  top50=5  top10%=5
Cycle  38: GP refit  (47 labelled)
  → 1Ta3I8-1  gap=0.270 eV  best=1.579 eV  top50=5  top10%=5
Cycle  39: GP refit  (48 labelled)
  → 2HfBr2-1  gap=-0.182 eV  best=1.579 eV  top50=5  top10%=5
Cycle  40: GP refit  (49 labelled)
  → 1GaN-1  gap=-0.641 eV  best=1.579 eV  top50=5  top10%=5
Cycle  41: full DKL retrain  (50 labelled)
GP warmup: 20 epochs on initial embeddings
Joint DKL training: 50 epochs
  Epoch 20/50  loss=0.6663
  Epoch 40/50  loss=-0.2204
DKL training done in 0.3s
  → 1AsB-1  gap=-0.804 eV  best=1.579 eV  top50=5  top10%=5
Cycle  42: GP refit  (51 labelled)
  → 1InN-1  gap=-0.996 eV  best=1.579 eV  top50=5  top10%=5
Cycle  43: GP refit  (52 labelled)
  → 2AsTlO3-1  gap=0.034 eV  best=1.579 eV  top50=5  top10%=5
Cycle  44: GP refit  (53 labelled)
  → 4AsPdS-1  gap=0.653 eV  best=1.579 eV  top50=5  top10%=6
Cycle  45: GP refit  (54 labelled)
  → 1ScO2-2  gap=0.484 eV  best=1.579 eV  top50=5  top10%=6
Cycle  46: full DKL retrain  (55 labelled)
GP warmup: 20 epochs on initial embeddings
Joint DKL training: 50 epochs
  Epoch 20/50  loss=-0.0466
  Epoch 40/50  loss=-0.3391
DKL training done in 0.3s
  → 4AsPdTe-1  gap=0.105 eV  best=1.579 eV  top50=5  top10%=6
Cycle  47: GP refit  (56 labelled)
  → 1AsBrTe-1  gap=-0.059 eV  best=1.579 eV  top50=5  top10%=6
Cycle  48: GP refit  (57 labelled)
  → 4AsPtS-1  gap=0.115 eV  best=1.579 eV  top50=5  top10%=6
Cycle  49: GP refit  (58 labelled)
  → 1AsIS-1  gap=0.246 eV  best=1.579 eV  top50=5  top10%=6
Cycle  50: GP refit  (59 labelled)
  → 1AgCrP2S6-1  gap=-0.142 eV  best=1.579 eV  top50=5  top10%=6
Cycle  51: full DKL retrain  (60 labelled)
GP warmup: 20 epochs on initial embeddings
Joint DKL training: 50 epochs
  Epoch 20/50  loss=-0.1459
  Epoch 40/50  loss=-0.3729
DKL training done in 0.3s
  → 1N2O2Y3-1  gap=-0.059 eV  best=1.579 eV  top50=5  top10%=6
Cycle  52: GP refit  (61 labelled)
  → 1HfS2-2  gap=-0.024 eV  best=1.579 eV  top50=5  top10%=6
Cycle  53: GP refit  (62 labelled)
  → 2InS2-3  gap=-0.298 eV  best=1.579 eV  top50=5  top10%=6
Cycle  54: GP refit  (63 labelled)
  → 2InTe-1  gap=-0.797 eV  best=1.579 eV  top50=5  top10%=6
Cycle  55: GP refit  (64 labelled)
  → 1C2O2Hf3-1  gap=-0.408 eV  best=1.579 eV  top50=5  top10%=6
Cycle  56: full DKL retrain  (65 labelled)
GP warmup: 20 epochs on initial embeddings
Joint DKL training: 50 epochs
  Epoch 20/50  loss=0.2558
  Epoch 40/50  loss=-0.0663
DKL training done in 0.3s
  → 2ClYO2-1  gap=0.442 eV  best=1.579 eV  top50=5  top10%=6
Cycle  57: GP refit  (66 labelled)
  → 2FK-1  gap=-0.065 eV  best=1.579 eV  top50=5  top10%=6
Cycle  58: GP refit  (67 labelled)
  → 4LiPS2-1  gap=-0.384 eV  best=1.579 eV  top50=5  top10%=6
Cycle  59: GP refit  (68 labelled)
  → 2AgO-1  gap=-0.141 eV  best=1.579 eV  top50=5  top10%=6
Cycle  60: GP refit  (69 labelled)
  → 1SeHf2I5-1  gap=0.138 eV  best=1.579 eV  top50=5  top10%=6
Cycle  61: full DKL retrain  (70 labelled)
GP warmup: 20 epochs on initial embeddings
Joint DKL training: 50 epochs
  Epoch 20/50  loss=-0.0889
  Epoch 40/50  loss=-0.4609
DKL training done in 0.3s
  → 4AgF2-2  gap=-0.122 eV  best=1.579 eV  top50=5  top10%=6
Cycle  62: GP refit  (71 labelled)
  → 2HKTe-1  gap=-0.310 eV  best=1.579 eV  top50=5  top10%=6
Cycle  63: GP refit  (72 labelled)
  → 1N2O2Zr3-1  gap=-0.033 eV  best=1.579 eV  top50=5  top10%=6
Cycle  64: GP refit  (73 labelled)
  → 1YCl2-1  gap=0.353 eV  best=1.579 eV  top50=5  top10%=6
Cycle  65: GP refit  (74 labelled)
  → 1WS2-1  gap=-0.428 eV  best=1.579 eV  top50=5  top10%=6
Cycle  66: full DKL retrain  (75 labelled)
GP warmup: 20 epochs on initial embeddings
Joint DKL training: 50 epochs
  Epoch 20/50  loss=-0.3543
  Epoch 40/50  loss=-0.7151
DKL training done in 0.3s
  → 4NiPS-1  gap=0.141 eV  best=1.579 eV  top50=5  top10%=6
Cycle  67: GP refit  (76 labelled)
  → 2FRhS-1  gap=-0.129 eV  best=1.579 eV  top50=5  top10%=6
Cycle  68: GP refit  (77 labelled)
  → 1HfZnF6-1  gap=0.762 eV  best=1.579 eV  top50=5  top10%=7
Cycle  69: GP refit  (78 labelled)
  → 2CoFO2-1  gap=0.772 eV  best=1.579 eV  top50=5  top10%=8
Cycle  70: GP refit  (79 labelled)
  → 4PPdSe-1  gap=0.285 eV  best=1.579 eV  top50=5  top10%=8
Cycle  71: full DKL retrain  (80 labelled)
GP warmup: 20 epochs on initial embeddings
Joint DKL training: 50 epochs
  Epoch 20/50  loss=-0.5489
  Epoch 40/50  loss=-0.8135
DKL training done in 0.3s
  → 2AlO-1  gap=-0.213 eV  best=1.579 eV  top50=5  top10%=8
Cycle  72: GP refit  (81 labelled)
  → 2BaFI-1  gap=-0.359 eV  best=1.579 eV  top50=5  top10%=8
Cycle  73: GP refit  (82 labelled)
  → 1AgAlP2S6-1  gap=-0.411 eV  best=1.579 eV  top50=5  top10%=8
Cycle  74: GP refit  (83 labelled)
  → 1SeNb3F7-1  gap=0.681 eV  best=1.579 eV  top50=5  top10%=9
Cycle  75: GP refit  (84 labelled)
  → 4NiPSe-1  gap=0.020 eV  best=1.579 eV  top50=5  top10%=9
Cycle  76: full DKL retrain  (85 labelled)
GP warmup: 20 epochs on initial embeddings
Joint DKL training: 50 epochs
  Epoch 20/50  loss=-0.2860
  Epoch 40/50  loss=-0.8107
DKL training done in 0.3s
  → 2P2O3-2  gap=0.491 eV  best=1.579 eV  top50=5  top10%=9
Cycle  77: GP refit  (86 labelled)
  → 2AlS-1  gap=-0.207 eV  best=1.579 eV  top50=5  top10%=9
Cycle  78: GP refit  (87 labelled)
  → 1FeCl2-3  gap=-0.077 eV  best=1.579 eV  top50=5  top10%=9
Cycle  79: GP refit  (88 labelled)
  → 2As2O3-1  gap=0.761 eV  best=1.579 eV  top50=5  top10%=10
Cycle  80: GP refit  (89 labelled)
  → 1NiPdS4-1  gap=-0.147 eV  best=1.579 eV  top50=5  top10%=10
Cycle  81: full DKL retrain  (90 labelled)
GP warmup: 20 epochs on initial embeddings
Joint DKL training: 50 epochs
  Epoch 20/50  loss=-0.2181
  Epoch 40/50  loss=-0.5509
DKL training done in 0.3s
  → 1AsClSe-1  gap=0.507 eV  best=1.579 eV  top50=5  top10%=10
Cycle  82: GP refit  (91 labelled)
  → 2As2O3-4  gap=-0.637 eV  best=1.579 eV  top50=5  top10%=10
Cycle  83: GP refit  (92 labelled)
  → 1BaI2-2  gap=0.597 eV  best=1.579 eV  top50=5  top10%=10
Cycle  84: GP refit  (93 labelled)
  → 2FRhSe-1  gap=-0.185 eV  best=1.579 eV  top50=5  top10%=10
Cycle  85: GP refit  (94 labelled)
  → 1ScH2-1  gap=-0.199 eV  best=1.579 eV  top50=5  top10%=10
Cycle  86: full DKL retrain  (95 labelled)
GP warmup: 20 epochs on initial embeddings
Joint DKL training: 50 epochs
  Epoch 20/50  loss=-0.2364
  Epoch 40/50  loss=-0.5303
DKL training done in 0.3s
  → 2SV-4  gap=0.541 eV  best=1.579 eV  top50=5  top10%=10
Cycle  87: GP refit  (96 labelled)
  → 1BaCl2-2  gap=1.043 eV  best=1.579 eV  top50=6  top10%=11
Cycle  88: GP refit  (97 labelled)
  → 1InSb-1  gap=0.248 eV  best=1.579 eV  top50=6  top10%=11
Cycle  89: GP refit  (98 labelled)
  → 1GeS-1  gap=-0.328 eV  best=1.579 eV  top50=6  top10%=11
Cycle  90: GP refit  (99 labelled)
  → 1PdSe2-2  gap=0.052 eV  best=1.579 eV  top50=6  top10%=11
Cycle  91: full DKL retrain  (100 labelled)
GP warmup: 20 epochs on initial embeddings
Joint DKL training: 50 epochs
  Epoch 20/50  loss=-0.4333
  Epoch 40/50  loss=-0.6672
DKL training done in 0.3s
  → 1BaClI-1  gap=0.282 eV  best=1.579 eV  top50=6  top10%=11
Cycle  92: GP refit  (101 labelled)
  → 1AsClS-2  gap=0.009 eV  best=1.579 eV  top50=6  top10%=11
Cycle  93: GP refit  (102 labelled)
  → 1BaBrCl-1  gap=0.635 eV  best=1.579 eV  top50=6  top10%=11
Cycle  94: GP refit  (103 labelled)
  → 1SrCl2-2  gap=-0.271 eV  best=1.579 eV  top50=6  top10%=11
Cycle  95: GP refit  (104 labelled)
  → 4AsPdSe-1  gap=0.514 eV  best=1.579 eV  top50=6  top10%=11
Cycle  96: full DKL retrain  (105 labelled)
GP warmup: 20 epochs on initial embeddings
Joint DKL training: 50 epochs
  Epoch 20/50  loss=-0.4235
  Epoch 40/50  loss=-0.6103
DKL training done in 0.3s
  → 2ITl-3  gap=-0.025 eV  best=1.579 eV  top50=6  top10%=11
Cycle  97: GP refit  (106 labelled)
  → 1BaBrI-1  gap=0.289 eV  best=1.579 eV  top50=6  top10%=11
Cycle  98: GP refit  (107 labelled)
  → 2BaClI-1  gap=-0.313 eV  best=1.579 eV  top50=6  top10%=11
Cycle  99: GP refit  (108 labelled)
  → 1HgSe-1  gap=-1.498 eV  best=1.579 eV  top50=6  top10%=11
Cycle 100: GP refit  (109 labelled)
  → 2CKO3-1  gap=0.878 eV  best=1.579 eV  top50=7  top10%=12
  emass_max/seed4 → best=1.579 top50=7 top10%=12
BOLoop: 766 materials  |  direction=max  |  top-50 internal threshold=0.82  top-10% internal threshold=0.65
Init: 10 random labels  |  best (max) = 0.592
Cycle   1: full DKL retrain  (10 labelled)
GP warmup: 20 epochs on initial embeddings
/home/roy/Desktop/DKL-BO/venv/lib/python3.13/site-packages/torch/_compile.py:54: UserWarning: optimizer contains a parameter group with duplicate parameters; in future, this will cause an error; see github.com/pytorch/pytorch/issues/40967 for more information
  return disable_fn(*args, **kwargs)
Joint DKL training: 50 epochs
  Epoch 20/50  loss=0.8302
  Epoch 40/50  loss=0.7574
DKL training done in 0.3s
  → 2BiO-1  gap=-1.197 eV  best=0.592 eV  top50=0  top10%=0
Cycle   2: GP refit  (11 labelled)
  → 2FISr-1  gap=-0.477 eV  best=0.592 eV  top50=0  top10%=0
Cycle   3: GP refit  (12 labelled)
  → 2WO3-1  gap=-0.454 eV  best=0.592 eV  top50=0  top10%=0
Cycle   4: GP refit  (13 labelled)
  → 1ScO2-2  gap=0.484 eV  best=0.592 eV  top50=0  top10%=0
Cycle   5: GP refit  (14 labelled)
  → 2BiFHgO2-1  gap=0.331 eV  best=0.592 eV  top50=0  top10%=0
Cycle   6: full DKL retrain  (15 labelled)
GP warmup: 20 epochs on initial embeddings
Joint DKL training: 50 epochs
  Epoch 20/50  loss=0.4205
  Epoch 40/50  loss=0.2387
DKL training done in 0.3s
  → 2BrCaF-1  gap=-0.202 eV  best=0.592 eV  top50=0  top10%=0
Cycle   7: GP refit  (16 labelled)
  → 1InNbBr6-1  gap=0.230 eV  best=0.592 eV  top50=0  top10%=0
Cycle   8: GP refit  (17 labelled)
  → 1FeI2-3  gap=-0.157 eV  best=0.592 eV  top50=0  top10%=0
Cycle   9: GP refit  (18 labelled)
  → 2SeV-4  gap=0.499 eV  best=0.592 eV  top50=0  top10%=0
Cycle  10: GP refit  (19 labelled)
  → 4TiSe2-1  gap=-0.385 eV  best=0.592 eV  top50=0  top10%=0
Cycle  11: full DKL retrain  (20 labelled)
GP warmup: 20 epochs on initial embeddings
Joint DKL training: 50 epochs
  Epoch 20/50  loss=-0.1393
  Epoch 40/50  loss=-0.3814
DKL training done in 0.3s
  → 2FIrSe-1  gap=-0.156 eV  best=0.592 eV  top50=0  top10%=0
Cycle  12: GP refit  (21 labelled)
  → 2ScTe-4  gap=-0.071 eV  best=0.592 eV  top50=0  top10%=0
Cycle  13: GP refit  (22 labelled)
  → 2FIrS-2  gap=-0.096 eV  best=0.592 eV  top50=0  top10%=0
Cycle  14: GP refit  (23 labelled)
  → 1CrMo3O8-1  gap=-0.019 eV  best=0.592 eV  top50=0  top10%=0
Cycle  15: GP refit  (24 labelled)
  → 2IRb-1  gap=-0.293 eV  best=0.592 eV  top50=0  top10%=0
Cycle  16: full DKL retrain  (25 labelled)
GP warmup: 20 epochs on initial embeddings
Joint DKL training: 50 epochs
  Epoch 20/50  loss=-0.0458
  Epoch 40/50  loss=-0.4988
DKL training done in 0.3s
  → 1PbSe2-1  gap=-0.543 eV  best=0.592 eV  top50=0  top10%=0
Cycle  17: GP refit  (26 labelled)
  → 1AsBrSe-1  gap=0.749 eV  best=0.749 eV  top50=0  top10%=1
Cycle  18: GP refit  (27 labelled)
  → 1BSb-1  gap=-1.148 eV  best=0.749 eV  top50=0  top10%=1
Cycle  19: GP refit  (28 labelled)
  → 1AsISe-1  gap=0.253 eV  best=0.749 eV  top50=0  top10%=1
Cycle  20: GP refit  (29 labelled)
  → 1NiPd3Se8-1  gap=-0.506 eV  best=0.749 eV  top50=0  top10%=1
Cycle  21: full DKL retrain  (30 labelled)
GP warmup: 20 epochs on initial embeddings
Joint DKL training: 50 epochs
  Epoch 20/50  loss=-0.0442
  Epoch 40/50  loss=-0.3924
DKL training done in 0.3s
  → 2AgI-2  gap=-0.404 eV  best=0.749 eV  top50=0  top10%=1
Cycle  22: GP refit  (31 labelled)
  → 4IOSc-1  gap=0.131 eV  best=0.749 eV  top50=0  top10%=1
Cycle  23: GP refit  (32 labelled)
  → 2FLiO-1  gap=0.822 eV  best=0.822 eV  top50=1  top10%=2
Cycle  24: GP refit  (33 labelled)
  → 1CSiF2-1  gap=-0.455 eV  best=0.822 eV  top50=1  top10%=2
Cycle  25: GP refit  (34 labelled)
  → 2CsNORuF5-1  gap=1.469 eV  best=1.469 eV  top50=2  top10%=3
Cycle  26: full DKL retrain  (35 labelled)
GP warmup: 20 epochs on initial embeddings
Joint DKL training: 50 epochs
  Epoch 20/50  loss=-0.3189
  Epoch 40/50  loss=-0.5936
DKL training done in 0.3s
  → 2FNaO-1  gap=0.512 eV  best=1.469 eV  top50=2  top10%=3
Cycle  27: GP refit  (36 labelled)
  → 2KNOsSF5-1  gap=1.050 eV  best=1.469 eV  top50=3  top10%=4
Cycle  28: GP refit  (37 labelled)
  → 2FK-1  gap=-0.065 eV  best=1.469 eV  top50=3  top10%=4
Cycle  29: GP refit  (38 labelled)
  → 2HKSe-1  gap=-0.269 eV  best=1.469 eV  top50=3  top10%=4
Cycle  30: GP refit  (39 labelled)
  → 2PtF3-1  gap=0.590 eV  best=1.469 eV  top50=3  top10%=4
Cycle  31: full DKL retrain  (40 labelled)
GP warmup: 20 epochs on initial embeddings
Joint DKL training: 50 epochs
  Epoch 20/50  loss=-0.3246
  Epoch 40/50  loss=-0.7911
DKL training done in 0.3s
  → 2FRb-1  gap=-0.087 eV  best=1.469 eV  top50=3  top10%=4
Cycle  32: GP refit  (41 labelled)
  → 2ITl-3  gap=-0.025 eV  best=1.469 eV  top50=3  top10%=4
Cycle  33: GP refit  (42 labelled)
  → 2HKTe-1  gap=-0.310 eV  best=1.469 eV  top50=3  top10%=4
Cycle  34: GP refit  (43 labelled)
  → 2IK-2  gap=-0.288 eV  best=1.469 eV  top50=3  top10%=4
Cycle  35: GP refit  (44 labelled)
  → 2CsNRuSF5-1  gap=0.999 eV  best=1.469 eV  top50=4  top10%=5
Cycle  36: full DKL retrain  (45 labelled)
GP warmup: 20 epochs on initial embeddings
Joint DKL training: 50 epochs
  Epoch 20/50  loss=-0.3574
  Epoch 40/50  loss=-0.9625
DKL training done in 0.3s
  → 1AuInF4-1  gap=-0.061 eV  best=1.469 eV  top50=4  top10%=5
Cycle  37: GP refit  (46 labelled)
  → 1TiF2-1  gap=0.463 eV  best=1.469 eV  top50=4  top10%=5
Cycle  38: GP refit  (47 labelled)
  → 2NORbRuF5-1  gap=0.996 eV  best=1.469 eV  top50=5  top10%=6
Cycle  39: GP refit  (48 labelled)
  → 1FeHfF6-1  gap=1.579 eV  best=1.579 eV  top50=6  top10%=7
Cycle  40: GP refit  (49 labelled)
  → 2KTaF6-1  gap=0.476 eV  best=1.579 eV  top50=6  top10%=7
Cycle  41: full DKL retrain  (50 labelled)
GP warmup: 20 epochs on initial embeddings
Joint DKL training: 50 epochs
  Epoch 20/50  loss=1.0873
  Epoch 40/50  loss=-0.5917
DKL training done in 0.3s
  → 1STa3F7-1  gap=1.215 eV  best=1.579 eV  top50=7  top10%=8
Cycle  42: GP refit  (51 labelled)
  → 2FRhS-1  gap=-0.129 eV  best=1.579 eV  top50=7  top10%=8
Cycle  43: GP refit  (52 labelled)
  → 2AsTlO3-1  gap=0.034 eV  best=1.579 eV  top50=7  top10%=8
Cycle  44: GP refit  (53 labelled)
  → 2HInTeO4-1  gap=0.671 eV  best=1.579 eV  top50=7  top10%=9
Cycle  45: GP refit  (54 labelled)
  → 1C2F2S2Zr3-1  gap=-0.181 eV  best=1.579 eV  top50=7  top10%=9
Cycle  46: full DKL retrain  (55 labelled)
GP warmup: 20 epochs on initial embeddings
Joint DKL training: 50 epochs
  Epoch 20/50  loss=-0.0689
  Epoch 40/50  loss=-0.6054
DKL training done in 0.3s
  → 1HfNiF6-1  gap=1.156 eV  best=1.579 eV  top50=8  top10%=10
Cycle  47: GP refit  (56 labelled)
  → 1OVF2-1  gap=0.534 eV  best=1.579 eV  top50=8  top10%=10
Cycle  48: GP refit  (57 labelled)
  → 2KNbF6-1  gap=0.818 eV  best=1.579 eV  top50=9  top10%=11
Cycle  49: GP refit  (58 labelled)
  → 4AgF2-2  gap=-0.122 eV  best=1.579 eV  top50=9  top10%=11
Cycle  50: GP refit  (59 labelled)
  → 1HfZnF6-1  gap=0.762 eV  best=1.579 eV  top50=9  top10%=12
Cycle  51: full DKL retrain  (60 labelled)
GP warmup: 20 epochs on initial embeddings
Joint DKL training: 50 epochs
  Epoch 20/50  loss=-0.4736
  Epoch 40/50  loss=-0.8861
DKL training done in 0.3s
  → 2HSNa3O4-1  gap=0.003 eV  best=1.579 eV  top50=9  top10%=12
Cycle  52: GP refit  (61 labelled)
  → 2AlHTeO4-1  gap=0.347 eV  best=1.579 eV  top50=9  top10%=12
Cycle  53: GP refit  (62 labelled)
  → 2CoFO2-1  gap=0.772 eV  best=1.579 eV  top50=9  top10%=13
Cycle  54: GP refit  (63 labelled)
  → 2AgF-3  gap=-0.316 eV  best=1.579 eV  top50=9  top10%=13
Cycle  55: GP refit  (64 labelled)
  → 2HSeLi3S4-1  gap=0.103 eV  best=1.579 eV  top50=9  top10%=13
Cycle  56: full DKL retrain  (65 labelled)
GP warmup: 20 epochs on initial embeddings
Joint DKL training: 50 epochs
  Epoch 20/50  loss=-0.5128
  Epoch 40/50  loss=-0.9147
DKL training done in 0.3s
  → 2HSeLi3O4-1  gap=0.345 eV  best=1.579 eV  top50=9  top10%=13
Cycle  57: GP refit  (66 labelled)
  → 1HfPdF6-1  gap=1.154 eV  best=1.579 eV  top50=10  top10%=14
Cycle  58: GP refit  (67 labelled)
  → 2NOOsRbF5-1  gap=1.113 eV  best=1.579 eV  top50=11  top10%=15
Cycle  59: GP refit  (68 labelled)
  → 2IrS-3  gap=-1.132 eV  best=1.579 eV  top50=11  top10%=15
Cycle  60: GP refit  (69 labelled)
  → 2CsF-1  gap=-0.074 eV  best=1.579 eV  top50=11  top10%=15
Cycle  61: full DKL retrain  (70 labelled)
GP warmup: 20 epochs on initial embeddings
Joint DKL training: 50 epochs
  Epoch 20/50  loss=-0.9044
  Epoch 40/50  loss=-1.2631
DKL training done in 0.3s
  → 1SNb3F7-1  gap=0.709 eV  best=1.579 eV  top50=11  top10%=16
Cycle  62: GP refit  (71 labelled)
  → 1NiZrF6-1  gap=1.198 eV  best=1.579 eV  top50=12  top10%=17
Cycle  63: GP refit  (72 labelled)
  → 1HfBr2-1  gap=-0.146 eV  best=1.579 eV  top50=12  top10%=17
Cycle  64: GP refit  (73 labelled)
  → 2NRbRuSF5-1  gap=1.029 eV  best=1.579 eV  top50=13  top10%=18
Cycle  65: GP refit  (74 labelled)
  → 2GaHTeO4-1  gap=-0.356 eV  best=1.579 eV  top50=13  top10%=18
Cycle  66: full DKL retrain  (75 labelled)
GP warmup: 20 epochs on initial embeddings
Joint DKL training: 50 epochs
  Epoch 20/50  loss=-0.3055
  Epoch 40/50  loss=-0.6767
DKL training done in 0.3s
  → 1HgTe-1  gap=-1.220 eV  best=1.579 eV  top50=13  top10%=18
Cycle  67: GP refit  (76 labelled)
  → 2HTeLi3O4-1  gap=0.244 eV  best=1.579 eV  top50=13  top10%=18
Cycle  68: GP refit  (77 labelled)
  → 2HNa3S5-1  gap=0.432 eV  best=1.579 eV  top50=13  top10%=18
Cycle  69: GP refit  (78 labelled)
  → 2TeTl-2  gap=-0.972 eV  best=1.579 eV  top50=13  top10%=18
Cycle  70: GP refit  (79 labelled)
  → 2AuI-3  gap=-0.420 eV  best=1.579 eV  top50=13  top10%=18
Cycle  71: full DKL retrain  (80 labelled)
GP warmup: 20 epochs on initial embeddings
Joint DKL training: 50 epochs
  Epoch 20/50  loss=-0.2686
  Epoch 40/50  loss=-0.7279
DKL training done in 0.3s
  → 2HInTeS4-1  gap=0.346 eV  best=1.579 eV  top50=13  top10%=18
Cycle  72: GP refit  (81 labelled)
  → 2AgIBr2-1  gap=0.085 eV  best=1.579 eV  top50=13  top10%=18
Cycle  73: GP refit  (82 labelled)
  → 2CsNOOsF5-1  gap=1.217 eV  best=1.579 eV  top50=14  top10%=19
Cycle  74: GP refit  (83 labelled)
  → 2CaHI-1  gap=-0.307 eV  best=1.579 eV  top50=14  top10%=19
Cycle  75: GP refit  (84 labelled)
  → 2SbTlO3-1  gap=-0.703 eV  best=1.579 eV  top50=14  top10%=19
Cycle  76: full DKL retrain  (85 labelled)
GP warmup: 20 epochs on initial embeddings
Joint DKL training: 50 epochs
  Epoch 20/50  loss=-0.6169
  Epoch 40/50  loss=-0.8454
DKL training done in 0.3s
  → 1SrCl2-2  gap=-0.271 eV  best=1.579 eV  top50=14  top10%=19
Cycle  77: GP refit  (86 labelled)
  → 2CsNOsSF5-1  gap=1.236 eV  best=1.579 eV  top50=15  top10%=20
Cycle  78: GP refit  (87 labelled)
  → 1ScH2-1  gap=-0.199 eV  best=1.579 eV  top50=15  top10%=20
Cycle  79: GP refit  (88 labelled)
  → 1BrClCa2S2-1  gap=0.471 eV  best=1.579 eV  top50=15  top10%=20
Cycle  80: GP refit  (89 labelled)
  → 2GaI-1  gap=0.332 eV  best=1.579 eV  top50=15  top10%=20
Cycle  81: full DKL retrain  (90 labelled)
GP warmup: 20 epochs on initial embeddings
Joint DKL training: 50 epochs
  Epoch 20/50  loss=-0.4508
  Epoch 40/50  loss=-0.7814
DKL training done in 0.3s
  → 1CaCl2-2  gap=0.272 eV  best=1.579 eV  top50=15  top10%=20
Cycle  82: GP refit  (91 labelled)
  → 2ClIrTe-2  gap=-0.303 eV  best=1.579 eV  top50=15  top10%=20
Cycle  83: GP refit  (92 labelled)
  → 1FeBr2-3  gap=-0.054 eV  best=1.579 eV  top50=15  top10%=20
Cycle  84: GP refit  (93 labelled)
  → 2FeTe2-1  gap=0.121 eV  best=1.579 eV  top50=15  top10%=20
Cycle  85: GP refit  (94 labelled)
  → 1SrI2-2  gap=0.061 eV  best=1.579 eV  top50=15  top10%=20
Cycle  86: full DKL retrain  (95 labelled)
GP warmup: 20 epochs on initial embeddings
Joint DKL training: 50 epochs
  Epoch 20/50  loss=-0.4664
  Epoch 40/50  loss=-0.7229
DKL training done in 0.3s
  → 2IrO-2  gap=-0.581 eV  best=1.579 eV  top50=15  top10%=20
Cycle  87: GP refit  (96 labelled)
  → 1BiClTe-2  gap=0.207 eV  best=1.579 eV  top50=15  top10%=20
Cycle  88: GP refit  (97 labelled)
  → 2BiIn-1  gap=-0.948 eV  best=1.579 eV  top50=15  top10%=20
Cycle  89: GP refit  (98 labelled)
  → 1BrCoSe-1  gap=0.106 eV  best=1.579 eV  top50=15  top10%=20
Cycle  90: GP refit  (99 labelled)
  → 1CrW3Te8-1  gap=-0.331 eV  best=1.579 eV  top50=15  top10%=20
Cycle  91: full DKL retrain  (100 labelled)
GP warmup: 20 epochs on initial embeddings
Joint DKL training: 50 epochs
  Epoch 20/50  loss=-0.2366
  Epoch 40/50  loss=-0.5587
DKL training done in 0.3s
  → 2OsTe2-1  gap=0.203 eV  best=1.579 eV  top50=15  top10%=20
Cycle  92: GP refit  (101 labelled)
  → 1GaInTe2-1  gap=-0.212 eV  best=1.579 eV  top50=15  top10%=20
Cycle  93: GP refit  (102 labelled)
  → 4AsLiO2-1  gap=-0.007 eV  best=1.579 eV  top50=15  top10%=20
Cycle  94: GP refit  (103 labelled)
  → 2BrIrS-2  gap=-0.237 eV  best=1.579 eV  top50=15  top10%=20
Cycle  95: GP refit  (104 labelled)
  → 1CdInTlS4-1  gap=-0.307 eV  best=1.579 eV  top50=15  top10%=20
Cycle  96: full DKL retrain  (105 labelled)
GP warmup: 20 epochs on initial embeddings
Joint DKL training: 50 epochs
  Epoch 20/50  loss=-0.6061
  Epoch 40/50  loss=-0.7619
DKL training done in 0.3s
  → 1MoTe2-1  gap=-0.326 eV  best=1.579 eV  top50=15  top10%=20
Cycle  97: GP refit  (106 labelled)
  → 1ClIrS-1  gap=0.161 eV  best=1.579 eV  top50=15  top10%=20
Cycle  98: GP refit  (107 labelled)
  → 1CoITe-1  gap=-0.056 eV  best=1.579 eV  top50=15  top10%=20
Cycle  99: GP refit  (108 labelled)
  → 2RuTe2-1  gap=0.012 eV  best=1.579 eV  top50=15  top10%=20
Cycle 100: GP refit  (109 labelled)
  → 1CaI2-2  gap=-0.010 eV  best=1.579 eV  top50=15  top10%=20
  emass_max/seed5 → best=1.579 top50=15 top10%=20
BOLoop: 766 materials  |  direction=max  |  top-50 internal threshold=0.82  top-10% internal threshold=0.65
Init: 10 random labels  |  best (max) = 0.826
Cycle   1: full DKL retrain  (10 labelled)
GP warmup: 20 epochs on initial embeddings
/home/roy/Desktop/DKL-BO/venv/lib/python3.13/site-packages/torch/_compile.py:54: UserWarning: optimizer contains a parameter group with duplicate parameters; in future, this will cause an error; see github.com/pytorch/pytorch/issues/40967 for more information
  return disable_fn(*args, **kwargs)
Joint DKL training: 50 epochs
  Epoch 20/50  loss=0.8704
  Epoch 40/50  loss=0.8071
DKL training done in 0.3s
  → 1CoNaP2S6-1  gap=0.252 eV  best=0.826 eV  top50=0  top10%=0
Cycle   2: GP refit  (11 labelled)
  → 1FeI2-3  gap=-0.157 eV  best=0.826 eV  top50=0  top10%=0
Cycle   3: GP refit  (12 labelled)
  → 2SV-4  gap=0.541 eV  best=0.826 eV  top50=0  top10%=0
Cycle   4: GP refit  (13 labelled)
  → 1ISSb-1  gap=0.389 eV  best=0.826 eV  top50=0  top10%=0
Cycle   5: GP refit  (14 labelled)
  → 1ClIV-1  gap=-0.566 eV  best=0.826 eV  top50=0  top10%=0
Cycle   6: full DKL retrain  (15 labelled)
GP warmup: 20 epochs on initial embeddings
Joint DKL training: 50 epochs
  Epoch 20/50  loss=0.1113
  Epoch 40/50  loss=-0.0388
DKL training done in 0.3s
  → 1ScS2-2  gap=0.620 eV  best=0.826 eV  top50=0  top10%=0
Cycle   7: GP refit  (16 labelled)
  → 2RuS2-1  gap=-0.031 eV  best=0.826 eV  top50=0  top10%=0
Cycle   8: GP refit  (17 labelled)
  → 2HInTeS4-1  gap=0.346 eV  best=0.826 eV  top50=0  top10%=0
Cycle   9: GP refit  (18 labelled)
  → 2AsTlO3-1  gap=0.034 eV  best=0.826 eV  top50=0  top10%=0
Cycle  10: GP refit  (19 labelled)
  → 1SNb3Br7-1  gap=0.348 eV  best=0.826 eV  top50=0  top10%=0
Cycle  11: full DKL retrain  (20 labelled)
GP warmup: 20 epochs on initial embeddings
Joint DKL training: 50 epochs
  Epoch 20/50  loss=-0.5108
  Epoch 40/50  loss=-0.6460
DKL training done in 0.3s
  → 2OsS2-1  gap=-0.223 eV  best=0.826 eV  top50=0  top10%=0
Cycle  12: GP refit  (21 labelled)
  → 2AgS-1  gap=-0.006 eV  best=0.826 eV  top50=0  top10%=0
Cycle  13: GP refit  (22 labelled)
  → 1PtSSe-1  gap=-1.018 eV  best=0.826 eV  top50=0  top10%=0
Cycle  14: GP refit  (23 labelled)
  → 2FeS2-1  gap=0.505 eV  best=0.826 eV  top50=0  top10%=0
Cycle  15: GP refit  (24 labelled)
  → 1HfS2-2  gap=-0.024 eV  best=0.826 eV  top50=0  top10%=0
Cycle  16: full DKL retrain  (25 labelled)
GP warmup: 20 epochs on initial embeddings
Joint DKL training: 50 epochs
  Epoch 20/50  loss=-0.1402
  Epoch 40/50  loss=-0.5461
DKL training done in 0.3s
  → 1CrS2-1  gap=-0.059 eV  best=0.826 eV  top50=0  top10%=0
Cycle  17: GP refit  (26 labelled)
  → 2MoS2-1  gap=-0.750 eV  best=0.826 eV  top50=0  top10%=0
Cycle  18: GP refit  (27 labelled)
  → 2RuSe2-1  gap=0.164 eV  best=0.826 eV  top50=0  top10%=0
Cycle  19: GP refit  (28 labelled)
  → 2BrCs-2  gap=-0.221 eV  best=0.826 eV  top50=0  top10%=0
Cycle  20: GP refit  (29 labelled)
  → 1AgInP2S6-1  gap=-0.334 eV  best=0.826 eV  top50=0  top10%=0
Cycle  21: full DKL retrain  (30 labelled)
GP warmup: 20 epochs on initial embeddings
Joint DKL training: 50 epochs
  Epoch 20/50  loss=3.0657
  Epoch 40/50  loss=0.9154
DKL training done in 0.3s
  → 4LiPS2-1  gap=-0.384 eV  best=0.826 eV  top50=0  top10%=0
Cycle  22: GP refit  (31 labelled)
  → 2SSc-4  gap=-0.408 eV  best=0.826 eV  top50=0  top10%=0
Cycle  23: GP refit  (32 labelled)
  → 2PSbO4-1  gap=0.389 eV  best=0.826 eV  top50=0  top10%=0
Cycle  24: GP refit  (33 labelled)
  → 2NiTeS3-1  gap=-0.309 eV  best=0.826 eV  top50=0  top10%=0
Cycle  25: GP refit  (34 labelled)
  → 2Sb2O3-5  gap=0.501 eV  best=0.826 eV  top50=0  top10%=0
Cycle  26: full DKL retrain  (35 labelled)
GP warmup: 20 epochs on initial embeddings
Joint DKL training: 50 epochs
  Epoch 20/50  loss=1.6195
  Epoch 40/50  loss=0.1442
DKL training done in 0.3s
  → 2AgSe-1  gap=-0.059 eV  best=0.826 eV  top50=0  top10%=0
Cycle  27: GP refit  (36 labelled)
  → 1AgCrP2S6-1  gap=-0.142 eV  best=0.826 eV  top50=0  top10%=0
Cycle  28: GP refit  (37 labelled)
  → 1MoSSe-1  gap=-0.314 eV  best=0.826 eV  top50=0  top10%=0
Cycle  29: GP refit  (38 labelled)
  → 1CrO2-2  gap=-0.060 eV  best=0.826 eV  top50=0  top10%=0
Cycle  30: GP refit  (39 labelled)
  → 2PtSeO3-1  gap=0.287 eV  best=0.826 eV  top50=0  top10%=0
Cycle  31: full DKL retrain  (40 labelled)
GP warmup: 20 epochs on initial embeddings
Joint DKL training: 50 epochs
  Epoch 20/50  loss=0.3313
  Epoch 40/50  loss=-0.1825
DKL training done in 0.3s
  → 2IRb-1  gap=-0.293 eV  best=0.826 eV  top50=0  top10%=0
Cycle  32: GP refit  (41 labelled)
  → 1TiF2-1  gap=0.463 eV  best=0.826 eV  top50=0  top10%=0
Cycle  33: GP refit  (42 labelled)
  → 1CrMo3O8-1  gap=-0.019 eV  best=0.826 eV  top50=0  top10%=0
Cycle  34: GP refit  (43 labelled)
  → 1N2O2Zr3-1  gap=-0.033 eV  best=0.826 eV  top50=0  top10%=0
Cycle  35: GP refit  (44 labelled)
  → 4NbS3-2  gap=-0.426 eV  best=0.826 eV  top50=0  top10%=0
Cycle  36: full DKL retrain  (45 labelled)
GP warmup: 20 epochs on initial embeddings
Joint DKL training: 50 epochs
  Epoch 20/50  loss=0.0300
  Epoch 40/50  loss=-0.3909
DKL training done in 0.3s
  → 2ClCs-1  gap=-0.154 eV  best=0.826 eV  top50=0  top10%=0
Cycle  37: GP refit  (46 labelled)
  → 2RuO2-1  gap=-1.239 eV  best=0.826 eV  top50=0  top10%=0
Cycle  38: GP refit  (47 labelled)
  → 2MoSe2-1  gap=-0.486 eV  best=0.826 eV  top50=0  top10%=0
Cycle  39: GP refit  (48 labelled)
  → 2P2S3-1  gap=0.221 eV  best=0.826 eV  top50=0  top10%=0
Cycle  40: GP refit  (49 labelled)
  → 2IIn-3  gap=0.071 eV  best=0.826 eV  top50=0  top10%=0
Cycle  41: full DKL retrain  (50 labelled)
GP warmup: 20 epochs on initial embeddings
Joint DKL training: 50 epochs
  Epoch 20/50  loss=0.7850
  Epoch 40/50  loss=-0.2377
DKL training done in 0.3s
  → 1BN-1  gap=-0.030 eV  best=0.826 eV  top50=0  top10%=0
Cycle  42: GP refit  (51 labelled)
  → 1SeNb3F7-1  gap=0.681 eV  best=0.826 eV  top50=0  top10%=1
Cycle  43: GP refit  (52 labelled)
  → 2SrSb2O4-1  gap=0.145 eV  best=0.826 eV  top50=0  top10%=1
Cycle  44: GP refit  (53 labelled)
  → 1SeTa3F7-1  gap=1.324 eV  best=1.324 eV  top50=1  top10%=2
Cycle  45: GP refit  (54 labelled)
  → 2ClIrSe-2  gap=-0.222 eV  best=1.324 eV  top50=1  top10%=2
Cycle  46: full DKL retrain  (55 labelled)
GP warmup: 20 epochs on initial embeddings
Joint DKL training: 50 epochs
  Epoch 20/50  loss=0.3341
  Epoch 40/50  loss=0.0196
DKL training done in 0.3s
  → 1STa3F7-1  gap=1.215 eV  best=1.324 eV  top50=2  top10%=3
Cycle  47: GP refit  (56 labelled)
  → 1HfZnF6-1  gap=0.762 eV  best=1.324 eV  top50=2  top10%=4
Cycle  48: GP refit  (57 labelled)
  → 2KTaF6-1  gap=0.476 eV  best=1.324 eV  top50=2  top10%=4
Cycle  49: GP refit  (58 labelled)
  → 2CoFO2-1  gap=0.772 eV  best=1.324 eV  top50=2  top10%=5
Cycle  50: GP refit  (59 labelled)
  → 2CoHO2-1  gap=0.097 eV  best=1.324 eV  top50=2  top10%=5
Cycle  51: full DKL retrain  (60 labelled)
GP warmup: 20 epochs on initial embeddings
Joint DKL training: 50 epochs
  Epoch 20/50  loss=-0.0871
  Epoch 40/50  loss=-0.4813
DKL training done in 0.3s
  → 2AlHSO4-1  gap=0.676 eV  best=1.324 eV  top50=2  top10%=6
Cycle  52: GP refit  (61 labelled)
  → 1ScH2-1  gap=-0.199 eV  best=1.324 eV  top50=2  top10%=6
Cycle  53: GP refit  (62 labelled)
  → 1WO2-1  gap=-0.459 eV  best=1.324 eV  top50=2  top10%=6
Cycle  54: GP refit  (63 labelled)
  → 4LiSbO2-1  gap=-0.171 eV  best=1.324 eV  top50=2  top10%=6
Cycle  55: GP refit  (64 labelled)
  → 1HfSe2-2  gap=-0.123 eV  best=1.324 eV  top50=2  top10%=6
Cycle  56: full DKL retrain  (65 labelled)
GP warmup: 20 epochs on initial embeddings
Joint DKL training: 50 epochs
  Epoch 20/50  loss=-0.3981
  Epoch 40/50  loss=-0.7875
DKL training done in 0.3s
  → 1BrCoSe-1  gap=0.106 eV  best=1.324 eV  top50=2  top10%=6
Cycle  57: GP refit  (66 labelled)
  → 2FIrSe-1  gap=-0.156 eV  best=1.324 eV  top50=2  top10%=6
Cycle  58: GP refit  (67 labelled)
  → 2IrO-2  gap=-0.581 eV  best=1.324 eV  top50=2  top10%=6
Cycle  59: GP refit  (68 labelled)
  → 1OSeW-1  gap=0.239 eV  best=1.324 eV  top50=2  top10%=6
Cycle  60: GP refit  (69 labelled)
  → 1FeHfF6-1  gap=1.579 eV  best=1.579 eV  top50=3  top10%=7
Cycle  61: full DKL retrain  (70 labelled)
GP warmup: 20 epochs on initial embeddings
Joint DKL training: 50 epochs
  Epoch 20/50  loss=-0.1043
  Epoch 40/50  loss=-0.4123
DKL training done in 0.3s
  → 2FLiO-1  gap=0.822 eV  best=1.579 eV  top50=4  top10%=8
Cycle  62: GP refit  (71 labelled)
  → 2AlHTeO4-1  gap=0.347 eV  best=1.579 eV  top50=4  top10%=8
Cycle  63: GP refit  (72 labelled)
  → 2GaHSO4-1  gap=0.814 eV  best=1.579 eV  top50=4  top10%=9
Cycle  64: GP refit  (73 labelled)
  → 1OVF2-1  gap=0.534 eV  best=1.579 eV  top50=4  top10%=9
Cycle  65: GP refit  (74 labelled)
  → 2OW-1  gap=-0.094 eV  best=1.579 eV  top50=4  top10%=9
Cycle  66: full DKL retrain  (75 labelled)
GP warmup: 20 epochs on initial embeddings
Joint DKL training: 50 epochs
  Epoch 20/50  loss=-0.0506
  Epoch 40/50  loss=-0.4614
DKL training done in 0.3s
  → 1HfNiF6-1  gap=1.156 eV  best=1.579 eV  top50=5  top10%=10
Cycle  67: GP refit  (76 labelled)
  → 1TiO2-3  gap=0.164 eV  best=1.579 eV  top50=5  top10%=10
Cycle  68: GP refit  (77 labelled)
  → 2AlHSeO4-1  gap=0.519 eV  best=1.579 eV  top50=5  top10%=10
Cycle  69: GP refit  (78 labelled)
  → 2OsO2-1  gap=-0.547 eV  best=1.579 eV  top50=5  top10%=10
Cycle  70: GP refit  (79 labelled)
  → 1MoO2-1  gap=-0.378 eV  best=1.579 eV  top50=5  top10%=10
Cycle  71: full DKL retrain  (80 labelled)
GP warmup: 20 epochs on initial embeddings
Joint DKL training: 50 epochs
  Epoch 20/50  loss=-0.3904
  Epoch 40/50  loss=-0.8069
DKL training done in 0.3s
  → 1OSTi-1  gap=-0.066 eV  best=1.579 eV  top50=5  top10%=10
Cycle  72: GP refit  (81 labelled)
  → 1HfO2-3  gap=0.188 eV  best=1.579 eV  top50=5  top10%=10
Cycle  73: GP refit  (82 labelled)
  → 1AgCrP2Se6-1  gap=-0.278 eV  best=1.579 eV  top50=5  top10%=10
Cycle  74: GP refit  (83 labelled)
  → 1ScO2-2  gap=0.484 eV  best=1.579 eV  top50=5  top10%=10
Cycle  75: GP refit  (84 labelled)
  → 2OsSe2-1  gap=0.128 eV  best=1.579 eV  top50=5  top10%=10
Cycle  76: full DKL retrain  (85 labelled)
GP warmup: 20 epochs on initial embeddings
Joint DKL training: 50 epochs
  Epoch 20/50  loss=-0.5378
  Epoch 40/50  loss=-0.9451
DKL training done in 0.3s
  → 1AgCrP2Te6-1  gap=-0.425 eV  best=1.579 eV  top50=5  top10%=10
Cycle  77: GP refit  (86 labelled)
  → 1TiS2-2  gap=0.121 eV  best=1.579 eV  top50=5  top10%=10
Cycle  78: GP refit  (87 labelled)
  → 1PdPt3O8-1  gap=0.371 eV  best=1.579 eV  top50=5  top10%=10
Cycle  79: GP refit  (88 labelled)
  → 4NaSbO2-1  gap=-0.052 eV  best=1.579 eV  top50=5  top10%=10
Cycle  80: GP refit  (89 labelled)
  → 2InTe-1  gap=-0.797 eV  best=1.579 eV  top50=5  top10%=10
Cycle  81: full DKL retrain  (90 labelled)
GP warmup: 20 epochs on initial embeddings
Joint DKL training: 50 epochs
  Epoch 20/50  loss=-0.3000
  Epoch 40/50  loss=-0.6849
DKL training done in 0.3s
  → 2HNaO-2  gap=-0.152 eV  best=1.579 eV  top50=5  top10%=10
Cycle  82: GP refit  (91 labelled)
  → 1ClScTe-1  gap=-0.031 eV  best=1.579 eV  top50=5  top10%=10
Cycle  83: GP refit  (92 labelled)
  → 2ScTe-4  gap=-0.071 eV  best=1.579 eV  top50=5  top10%=10
Cycle  84: GP refit  (93 labelled)
  → 1NiCl2N2H4C6-1  gap=0.178 eV  best=1.579 eV  top50=5  top10%=10
Cycle  85: GP refit  (94 labelled)
  → 2OSc-1  gap=0.336 eV  best=1.579 eV  top50=5  top10%=10
Cycle  86: full DKL retrain  (95 labelled)
GP warmup: 20 epochs on initial embeddings
Joint DKL training: 50 epochs
  Epoch 20/50  loss=-0.6234
  Epoch 40/50  loss=-0.8169
DKL training done in 0.3s
  → 2BiIn-1  gap=-0.948 eV  best=1.579 eV  top50=5  top10%=10
Cycle  87: GP refit  (96 labelled)
  → 1AsIn-1  gap=0.064 eV  best=1.579 eV  top50=5  top10%=10
Cycle  88: GP refit  (97 labelled)
  → 1AlAs-1  gap=-0.875 eV  best=1.579 eV  top50=5  top10%=10
Cycle  89: GP refit  (98 labelled)
  → 1HgS-1  gap=-1.412 eV  best=1.579 eV  top50=5  top10%=10
Cycle  90: GP refit  (99 labelled)
  → 4IOSc-1  gap=0.131 eV  best=1.579 eV  top50=5  top10%=10
Cycle  91: full DKL retrain  (100 labelled)
GP warmup: 20 epochs on initial embeddings
Joint DKL training: 50 epochs
  Epoch 20/50  loss=-0.3574
  Epoch 40/50  loss=-0.6616
DKL training done in 0.3s
  → 2HNaSe-1  gap=-0.343 eV  best=1.579 eV  top50=5  top10%=10
Cycle  92: GP refit  (101 labelled)
  → 2CsF-1  gap=-0.074 eV  best=1.579 eV  top50=5  top10%=10
Cycle  93: GP refit  (102 labelled)
  → 1BrISr-1  gap=0.897 eV  best=1.579 eV  top50=6  top10%=11
Cycle  94: GP refit  (103 labelled)
  → 1BaI2-2  gap=0.597 eV  best=1.579 eV  top50=6  top10%=11
Cycle  95: GP refit  (104 labelled)
  → 2PtF3-1  gap=0.590 eV  best=1.579 eV  top50=6  top10%=11
Cycle  96: full DKL retrain  (105 labelled)
GP warmup: 20 epochs on initial embeddings
Joint DKL training: 50 epochs
  Epoch 20/50  loss=-0.6660
  Epoch 40/50  loss=-0.8821
DKL training done in 0.3s
  → 2HTeNa3S4-1  gap=0.023 eV  best=1.579 eV  top50=6  top10%=11
Cycle  97: GP refit  (106 labelled)
  → 2HNaTe-1  gap=-0.387 eV  best=1.579 eV  top50=6  top10%=11
Cycle  98: GP refit  (107 labelled)
  → 1HgSe-1  gap=-1.498 eV  best=1.579 eV  top50=6  top10%=11
Cycle  99: GP refit  (108 labelled)
  → 1BiISe-1  gap=0.229 eV  best=1.579 eV  top50=6  top10%=11
Cycle 100: GP refit  (109 labelled)
  → 1SrCl2-2  gap=-0.271 eV  best=1.579 eV  top50=6  top10%=11
  emass_max/seed6 → best=1.579 top50=6 top10%=11
BOLoop: 766 materials  |  direction=max  |  top-50 internal threshold=0.82  top-10% internal threshold=0.65
Init: 10 random labels  |  best (max) = 0.491
Cycle   1: full DKL retrain  (10 labelled)
GP warmup: 20 epochs on initial embeddings
/home/roy/Desktop/DKL-BO/venv/lib/python3.13/site-packages/torch/_compile.py:54: UserWarning: optimizer contains a parameter group with duplicate parameters; in future, this will cause an error; see github.com/pytorch/pytorch/issues/40967 for more information
  return disable_fn(*args, **kwargs)
Joint DKL training: 50 epochs
  Epoch 20/50  loss=0.8738
  Epoch 40/50  loss=0.8079
DKL training done in 0.3s
  → 2FRhTe-1  gap=-0.267 eV  best=0.491 eV  top50=0  top10%=0
Cycle   2: GP refit  (11 labelled)
  → 2AlHTeO4-1  gap=0.347 eV  best=0.491 eV  top50=0  top10%=0
Cycle   3: GP refit  (12 labelled)
  → 2V2O5-3  gap=-0.084 eV  best=0.491 eV  top50=0  top10%=0
Cycle   4: GP refit  (13 labelled)
  → 2RhSe-3  gap=-0.543 eV  best=0.491 eV  top50=0  top10%=0
Cycle   5: GP refit  (14 labelled)
  → 2HSeNa3O4-1  gap=0.260 eV  best=0.491 eV  top50=0  top10%=0
Cycle   6: full DKL retrain  (15 labelled)
GP warmup: 20 epochs on initial embeddings
Joint DKL training: 50 epochs
  Epoch 20/50  loss=-0.3478
  Epoch 40/50  loss=-0.5019
DKL training done in 0.3s
  → 2BrRb-2  gap=-0.247 eV  best=0.491 eV  top50=0  top10%=0
Cycle   7: GP refit  (16 labelled)
  → 2AlO-1  gap=-0.213 eV  best=0.491 eV  top50=0  top10%=0
Cycle   8: GP refit  (17 labelled)
  → 1FeBr2-3  gap=-0.054 eV  best=0.491 eV  top50=0  top10%=0
Cycle   9: GP refit  (18 labelled)
  → 2GaHTeO4-1  gap=-0.356 eV  best=0.491 eV  top50=0  top10%=0
Cycle  10: GP refit  (19 labelled)
  → 2PVO5-1  gap=0.470 eV  best=0.491 eV  top50=0  top10%=0
Cycle  11: full DKL retrain  (20 labelled)
GP warmup: 20 epochs on initial embeddings
Joint DKL training: 50 epochs
  Epoch 20/50  loss=0.9044
  Epoch 40/50  loss=-0.6159
DKL training done in 0.3s
  → 2CoHO2-1  gap=0.097 eV  best=0.491 eV  top50=0  top10%=0
Cycle  12: GP refit  (21 labelled)
  → 2PSbO4-1  gap=0.389 eV  best=0.491 eV  top50=0  top10%=0
Cycle  13: GP refit  (22 labelled)
  → 1NiCl2N2H4C6-1  gap=0.178 eV  best=0.491 eV  top50=0  top10%=0
Cycle  14: GP refit  (23 labelled)
  → 1CrO2-2  gap=-0.060 eV  best=0.491 eV  top50=0  top10%=0
Cycle  15: GP refit  (24 labelled)
  → 2HNaTe-1  gap=-0.387 eV  best=0.491 eV  top50=0  top10%=0
Cycle  16: full DKL retrain  (25 labelled)
GP warmup: 20 epochs on initial embeddings
Joint DKL training: 50 epochs
  Epoch 20/50  loss=0.5786
  Epoch 40/50  loss=-0.8219
DKL training done in 0.3s
  → 2HLiO-1  gap=-0.063 eV  best=0.491 eV  top50=0  top10%=0
Cycle  17: GP refit  (26 labelled)
  → 1BN-1  gap=-0.030 eV  best=0.491 eV  top50=0  top10%=0
Cycle  18: GP refit  (27 labelled)
  → 2HNaO-2  gap=-0.152 eV  best=0.491 eV  top50=0  top10%=0
Cycle  19: GP refit  (28 labelled)
  → 1CrMo3O8-1  gap=-0.019 eV  best=0.491 eV  top50=0  top10%=0
Cycle  20: GP refit  (29 labelled)
  → 1ScO2-2  gap=0.484 eV  best=0.491 eV  top50=0  top10%=0
Cycle  21: full DKL retrain  (30 labelled)
GP warmup: 20 epochs on initial embeddings
Joint DKL training: 50 epochs
  Epoch 20/50  loss=-0.2213
  Epoch 40/50  loss=-0.5664
DKL training done in 0.3s
  → 1MoW3O8-1  gap=-0.430 eV  best=0.491 eV  top50=0  top10%=0
Cycle  22: GP refit  (31 labelled)
  → 1AlN-1  gap=-0.293 eV  best=0.491 eV  top50=0  top10%=0
Cycle  23: GP refit  (32 labelled)
  → 2OSc-1  gap=0.336 eV  best=0.491 eV  top50=0  top10%=0
Cycle  24: GP refit  (33 labelled)
  → 2SbTlO3-1  gap=-0.703 eV  best=0.491 eV  top50=0  top10%=0
Cycle  25: GP refit  (34 labelled)
  → 2AlHSeO4-1  gap=0.519 eV  best=0.519 eV  top50=0  top10%=0
Cycle  26: full DKL retrain  (35 labelled)
GP warmup: 20 epochs on initial embeddings
Joint DKL training: 50 epochs
  Epoch 20/50  loss=0.2033
  Epoch 40/50  loss=-0.2607
DKL training done in 0.3s
  → 1ScH2-1  gap=-0.199 eV  best=0.519 eV  top50=0  top10%=0
Cycle  27: GP refit  (36 labelled)
  → 2AlHSO4-1  gap=0.676 eV  best=0.676 eV  top50=0  top10%=1
Cycle  28: GP refit  (37 labelled)
  → 2HSLi3O4-1  gap=0.152 eV  best=0.676 eV  top50=0  top10%=1
Cycle  29: GP refit  (38 labelled)
  → 1BrSbSe-1  gap=0.725 eV  best=0.725 eV  top50=0  top10%=2
Cycle  30: GP refit  (39 labelled)
  → 1ISbSe-1  gap=0.327 eV  best=0.725 eV  top50=0  top10%=2
Cycle  31: full DKL retrain  (40 labelled)
GP warmup: 20 epochs on initial embeddings
Joint DKL training: 50 epochs
  Epoch 20/50  loss=-0.1815
  Epoch 40/50  loss=-0.5357
DKL training done in 0.3s
  → 4OSb2Se2-1  gap=-0.179 eV  best=0.725 eV  top50=0  top10%=2
Cycle  32: GP refit  (41 labelled)
  → 1BrSbTe-2  gap=-0.190 eV  best=0.725 eV  top50=0  top10%=2
Cycle  33: GP refit  (42 labelled)
  → 1TiF2-1  gap=0.463 eV  best=0.725 eV  top50=0  top10%=2
Cycle  34: GP refit  (43 labelled)
  → 2CoFO2-1  gap=0.772 eV  best=0.772 eV  top50=0  top10%=3
Cycle  35: GP refit  (44 labelled)
  → 2BrTl-3  gap=0.053 eV  best=0.772 eV  top50=0  top10%=3
Cycle  36: full DKL retrain  (45 labelled)
GP warmup: 20 epochs on initial embeddings
Joint DKL training: 50 epochs
  Epoch 20/50  loss=0.3929
  Epoch 40/50  loss=0.0965
DKL training done in 0.3s
  → 2P2Se3-2  gap=0.282 eV  best=0.772 eV  top50=0  top10%=3
Cycle  37: GP refit  (46 labelled)
  → 2HNa3S5-1  gap=0.432 eV  best=0.772 eV  top50=0  top10%=3
Cycle  38: GP refit  (47 labelled)
  → 2HLiS-1  gap=-0.155 eV  best=0.772 eV  top50=0  top10%=3
Cycle  39: GP refit  (48 labelled)
  → 1CSiH2-1  gap=0.042 eV  best=0.772 eV  top50=0  top10%=3
Cycle  40: GP refit  (49 labelled)
  → 1MoAu2O4-2  gap=0.415 eV  best=0.772 eV  top50=0  top10%=3
Cycle  41: full DKL retrain  (50 labelled)
GP warmup: 20 epochs on initial embeddings
Joint DKL training: 50 epochs
  Epoch 20/50  loss=0.0947
  Epoch 40/50  loss=-0.1581
DKL training done in 0.3s
  → 2BiIn-1  gap=-0.948 eV  best=0.772 eV  top50=0  top10%=3
Cycle  42: GP refit  (51 labelled)
  → 1BrSbSe-2  gap=0.229 eV  best=0.772 eV  top50=0  top10%=3
Cycle  43: GP refit  (52 labelled)
  → 2HTeLi3S4-1  gap=-0.040 eV  best=0.772 eV  top50=0  top10%=3
Cycle  44: GP refit  (53 labelled)
  → 1OVF2-1  gap=0.534 eV  best=0.772 eV  top50=0  top10%=3
Cycle  45: GP refit  (54 labelled)
  → 2FRb-1  gap=-0.087 eV  best=0.772 eV  top50=0  top10%=3
Cycle  46: full DKL retrain  (55 labelled)
GP warmup: 20 epochs on initial embeddings
Joint DKL training: 50 epochs
  Epoch 20/50  loss=-0.2025
  Epoch 40/50  loss=-0.5413
DKL training done in 0.3s
  → 1InP-1  gap=-1.028 eV  best=0.772 eV  top50=0  top10%=3
Cycle  47: GP refit  (56 labelled)
  → 2GaI-1  gap=0.332 eV  best=0.772 eV  top50=0  top10%=3
Cycle  48: GP refit  (57 labelled)
  → 1WAu2O4-2  gap=0.492 eV  best=0.772 eV  top50=0  top10%=3
Cycle  49: GP refit  (58 labelled)
  → 2SSc-4  gap=-0.408 eV  best=0.772 eV  top50=0  top10%=3
Cycle  50: GP refit  (59 labelled)
  → 1BrISr-1  gap=0.897 eV  best=0.897 eV  top50=1  top10%=4
Cycle  51: full DKL retrain  (60 labelled)
GP warmup: 20 epochs on initial embeddings
Joint DKL training: 50 epochs
  Epoch 20/50  loss=0.2185
  Epoch 40/50  loss=-0.3186
DKL training done in 0.3s
  → 1AsIn-1  gap=0.064 eV  best=0.897 eV  top50=1  top10%=4
Cycle  52: GP refit  (61 labelled)
  → 1BaBrI-1  gap=0.289 eV  best=0.897 eV  top50=1  top10%=4
Cycle  53: GP refit  (62 labelled)
  → 1ISbTe-1  gap=0.406 eV  best=0.897 eV  top50=1  top10%=4
Cycle  54: GP refit  (63 labelled)
  → 1BaClI-1  gap=0.282 eV  best=0.897 eV  top50=1  top10%=4
Cycle  55: GP refit  (64 labelled)
  → 1BaBrCl-1  gap=0.635 eV  best=0.897 eV  top50=1  top10%=4
Cycle  56: full DKL retrain  (65 labelled)
GP warmup: 20 epochs on initial embeddings
Joint DKL training: 50 epochs
  Epoch 20/50  loss=-0.2652
  Epoch 40/50  loss=-0.5477
DKL training done in 0.3s
  → 2BrGa-1  gap=-0.562 eV  best=0.897 eV  top50=1  top10%=4
Cycle  57: GP refit  (66 labelled)
  → 2CsF-1  gap=-0.074 eV  best=0.897 eV  top50=1  top10%=4
Cycle  58: GP refit  (67 labelled)
  → 1HgTe-1  gap=-1.220 eV  best=0.897 eV  top50=1  top10%=4
Cycle  59: GP refit  (68 labelled)
  → 2IRb-1  gap=-0.293 eV  best=0.897 eV  top50=1  top10%=4
Cycle  60: GP refit  (69 labelled)
  → 2InTe-1  gap=-0.797 eV  best=0.897 eV  top50=1  top10%=4
Cycle  61: full DKL retrain  (70 labelled)
GP warmup: 20 epochs on initial embeddings
Joint DKL training: 50 epochs
  Epoch 20/50  loss=-0.3188
  Epoch 40/50  loss=-0.5876
DKL training done in 0.3s
  → 2ITl-3  gap=-0.025 eV  best=0.897 eV  top50=1  top10%=4
Cycle  62: GP refit  (71 labelled)
  → 2HKTe-1  gap=-0.310 eV  best=0.897 eV  top50=1  top10%=4
Cycle  63: GP refit  (72 labelled)
  → 2BrK-1  gap=-0.238 eV  best=0.897 eV  top50=1  top10%=4
Cycle  64: GP refit  (73 labelled)
  → 2BrCs-2  gap=-0.221 eV  best=0.897 eV  top50=1  top10%=4
Cycle  65: GP refit  (74 labelled)
  → 1InSb-1  gap=0.248 eV  best=0.897 eV  top50=1  top10%=4
Cycle  66: full DKL retrain  (75 labelled)
GP warmup: 20 epochs on initial embeddings
Joint DKL training: 50 epochs
  Epoch 20/50  loss=-0.4383
  Epoch 40/50  loss=-0.7297
DKL training done in 0.3s
  → 1AlAs-1  gap=-0.875 eV  best=0.897 eV  top50=1  top10%=4
Cycle  67: GP refit  (76 labelled)
  → 2AlTe-1  gap=-0.211 eV  best=0.897 eV  top50=1  top10%=4
Cycle  68: GP refit  (77 labelled)
  → 1BaBr2-2  gap=0.697 eV  best=0.897 eV  top50=1  top10%=5
Cycle  69: GP refit  (78 labelled)
  → 2IK-2  gap=-0.288 eV  best=0.897 eV  top50=1  top10%=5
Cycle  70: GP refit  (79 labelled)
  → 2AgIBr2-1  gap=0.085 eV  best=0.897 eV  top50=1  top10%=5
Cycle  71: full DKL retrain  (80 labelled)
GP warmup: 20 epochs on initial embeddings
Joint DKL training: 50 epochs
  Epoch 20/50  loss=-0.5663
  Epoch 40/50  loss=-0.8671
DKL training done in 0.3s
  → 2AlSe-1  gap=-0.138 eV  best=0.897 eV  top50=1  top10%=5
Cycle  72: GP refit  (81 labelled)
  → 1SrBr2-2  gap=-0.374 eV  best=0.897 eV  top50=1  top10%=5
Cycle  73: GP refit  (82 labelled)
  → 1SrCl2-2  gap=-0.271 eV  best=0.897 eV  top50=1  top10%=5
Cycle  74: GP refit  (83 labelled)
  → 1ClSbSe-1  gap=0.079 eV  best=0.897 eV  top50=1  top10%=5
Cycle  75: GP refit  (84 labelled)
  → 2HNaSe-1  gap=-0.343 eV  best=0.897 eV  top50=1  top10%=5
Cycle  76: full DKL retrain  (85 labelled)
GP warmup: 20 epochs on initial embeddings
Joint DKL training: 50 epochs
  Epoch 20/50  loss=-0.4532
  Epoch 40/50  loss=-0.7095
DKL training done in 0.4s
  → 2GaTe-1  gap=-1.988 eV  best=0.897 eV  top50=1  top10%=5
Cycle  77: GP refit  (86 labelled)
  → 1BiBrTe-1  gap=0.149 eV  best=0.897 eV  top50=1  top10%=5
Cycle  78: GP refit  (87 labelled)
  → 2ClGa-1  gap=-0.075 eV  best=0.897 eV  top50=1  top10%=5
Cycle  79: GP refit  (88 labelled)
  → 2ClScBr2-1  gap=0.851 eV  best=0.897 eV  top50=2  top10%=6
Cycle  80: GP refit  (89 labelled)
  → 2GaS-1  gap=-0.633 eV  best=0.897 eV  top50=2  top10%=6
Cycle  81: full DKL retrain  (90 labelled)
GP warmup: 20 epochs on initial embeddings
Joint DKL training: 50 epochs
  Epoch 20/50  loss=-0.4581
  Epoch 40/50  loss=-0.7447
DKL training done in 0.3s
  → 1PbBr2-2  gap=-0.201 eV  best=0.897 eV  top50=2  top10%=6
Cycle  82: GP refit  (91 labelled)
  → 4AuI2-1  gap=0.629 eV  best=0.897 eV  top50=2  top10%=6
Cycle  83: GP refit  (92 labelled)
  → 2ScTe-4  gap=-0.071 eV  best=0.897 eV  top50=2  top10%=6
Cycle  84: GP refit  (93 labelled)
  → 1ScBr2-1  gap=0.230 eV  best=0.897 eV  top50=2  top10%=6
Cycle  85: GP refit  (94 labelled)
  → 1BiITe-1  gap=0.319 eV  best=0.897 eV  top50=2  top10%=6
Cycle  86: full DKL retrain  (95 labelled)
GP warmup: 20 epochs on initial embeddings
Joint DKL training: 50 epochs
  Epoch 20/50  loss=-0.6860
  Epoch 40/50  loss=-0.8864
DKL training done in 0.3s
  → 2GaO-1  gap=-0.476 eV  best=0.897 eV  top50=2  top10%=6
Cycle  87: GP refit  (96 labelled)
  → 1HgSe-1  gap=-1.498 eV  best=0.897 eV  top50=2  top10%=6
Cycle  88: GP refit  (97 labelled)
  → 1GeBi2Se2I4-1  gap=0.235 eV  best=0.897 eV  top50=2  top10%=6
Cycle  89: GP refit  (98 labelled)
  → 2AuSe-1  gap=-0.153 eV  best=0.897 eV  top50=2  top10%=6
Cycle  90: GP refit  (99 labelled)
  → 2ClCs-1  gap=-0.154 eV  best=0.897 eV  top50=2  top10%=6
Cycle  91: full DKL retrain  (100 labelled)
GP warmup: 20 epochs on initial embeddings
Joint DKL training: 50 epochs
  Epoch 20/50  loss=-0.4476
  Epoch 40/50  loss=-0.8140
DKL training done in 0.4s
  → 1WAg2Te4-1  gap=0.764 eV  best=0.897 eV  top50=2  top10%=7
Cycle  92: GP refit  (101 labelled)
  → 1CrTe2-2  gap=-0.088 eV  best=0.897 eV  top50=2  top10%=7
Cycle  93: GP refit  (102 labelled)
  → 1WAu2Te4-1  gap=0.586 eV  best=0.897 eV  top50=2  top10%=7
Cycle  94: GP refit  (103 labelled)
  → 1WCu2Te4-1  gap=1.193 eV  best=1.193 eV  top50=3  top10%=8
Cycle  95: GP refit  (104 labelled)
  → 2TeTi-4  gap=-0.254 eV  best=1.193 eV  top50=3  top10%=8
Cycle  96: full DKL retrain  (105 labelled)
GP warmup: 20 epochs on initial embeddings
Joint DKL training: 50 epochs
  Epoch 20/50  loss=-0.4576
  Epoch 40/50  loss=-0.7797
DKL training done in 0.3s
  → 1MoCu2Te4-1  gap=0.207 eV  best=1.193 eV  top50=3  top10%=8
Cycle  97: GP refit  (106 labelled)
  → 2RhBr3-2  gap=0.755 eV  best=1.193 eV  top50=3  top10%=9
Cycle  98: GP refit  (107 labelled)
  → 1HfPdBr6-1  gap=0.540 eV  best=1.193 eV  top50=3  top10%=9
Cycle  99: GP refit  (108 labelled)
  → 1BrCoTe-1  gap=0.175 eV  best=1.193 eV  top50=3  top10%=9
Cycle 100: GP refit  (109 labelled)
  → 1WAg2S4-1  gap=0.805 eV  best=1.193 eV  top50=3  top10%=10
  emass_max/seed7 → best=1.193 top50=3 top10%=10
BOLoop: 766 materials  |  direction=max  |  top-50 internal threshold=0.82  top-10% internal threshold=0.65
Init: 10 random labels  |  best (max) = 1.162
Cycle   1: full DKL retrain  (10 labelled)
GP warmup: 20 epochs on initial embeddings
/home/roy/Desktop/DKL-BO/venv/lib/python3.13/site-packages/torch/_compile.py:54: UserWarning: optimizer contains a parameter group with duplicate parameters; in future, this will cause an error; see github.com/pytorch/pytorch/issues/40967 for more information
  return disable_fn(*args, **kwargs)
Joint DKL training: 50 epochs
  Epoch 20/50  loss=0.9347
  Epoch 40/50  loss=0.8788
DKL training done in 0.3s
  → 2INbO2-1  gap=-0.014 eV  best=1.162 eV  top50=0  top10%=0
Cycle   2: GP refit  (11 labelled)
  → 1FeZrBr6-1  gap=0.547 eV  best=1.162 eV  top50=0  top10%=0
Cycle   3: GP refit  (12 labelled)
  → 2ZrBr2-1  gap=0.046 eV  best=1.162 eV  top50=0  top10%=0
Cycle   4: GP refit  (13 labelled)
  → 1ClScTe-1  gap=-0.031 eV  best=1.162 eV  top50=0  top10%=0
Cycle   5: GP refit  (14 labelled)
  → 1ONb3I7-1  gap=1.035 eV  best=1.162 eV  top50=1  top10%=1
Cycle   6: full DKL retrain  (15 labelled)
GP warmup: 20 epochs on initial embeddings
Joint DKL training: 50 epochs
  Epoch 20/50  loss=0.3997
  Epoch 40/50  loss=0.1776
DKL training done in 0.3s
  → 2CuI-2  gap=-0.516 eV  best=1.162 eV  top50=1  top10%=1
Cycle   7: GP refit  (16 labelled)
  → 1Nb3I8-1  gap=0.201 eV  best=1.162 eV  top50=1  top10%=1
Cycle   8: GP refit  (17 labelled)
  → 1SNb3I7-1  gap=1.215 eV  best=1.215 eV  top50=2  top10%=2
Cycle   9: GP refit  (18 labelled)
  → 1HgSe-1  gap=-1.498 eV  best=1.215 eV  top50=2  top10%=2
Cycle  10: GP refit  (19 labelled)
  → 1FeI2-3  gap=-0.157 eV  best=1.215 eV  top50=2  top10%=2
Cycle  11: full DKL retrain  (20 labelled)
GP warmup: 20 epochs on initial embeddings
Joint DKL training: 50 epochs
  Epoch 20/50  loss=0.4971
  Epoch 40/50  loss=-0.2513
DKL training done in 0.3s
  → 2MoS2-1  gap=-0.750 eV  best=1.215 eV  top50=2  top10%=2
Cycle  12: GP refit  (21 labelled)
  → 2AgI-2  gap=-0.404 eV  best=1.215 eV  top50=2  top10%=2
Cycle  13: GP refit  (22 labelled)
  → 1BaI2-2  gap=0.597 eV  best=1.215 eV  top50=2  top10%=2
Cycle  14: GP refit  (23 labelled)
  → 2BrCs-2  gap=-0.221 eV  best=1.215 eV  top50=2  top10%=2
Cycle  15: GP refit  (24 labelled)
  → 2AgBr-3  gap=-0.277 eV  best=1.215 eV  top50=2  top10%=2
Cycle  16: full DKL retrain  (25 labelled)
GP warmup: 20 epochs on initial embeddings
Joint DKL training: 50 epochs
  Epoch 20/50  loss=1.9667
  Epoch 40/50  loss=0.0774
DKL training done in 0.3s
  → 2GaHSeO4-1  gap=0.724 eV  best=1.215 eV  top50=2  top10%=3
Cycle  17: GP refit  (26 labelled)
  → 1SNb3Br7-1  gap=0.348 eV  best=1.215 eV  top50=2  top10%=3
Cycle  18: GP refit  (27 labelled)
  → 1PdZrI6-1  gap=0.201 eV  best=1.215 eV  top50=2  top10%=3
Cycle  19: GP refit  (28 labelled)
  → 2KNOsSF5-1  gap=1.050 eV  best=1.215 eV  top50=3  top10%=4
Cycle  20: GP refit  (29 labelled)
  → 2BaBi2S4-1  gap=-2.799 eV  best=1.215 eV  top50=3  top10%=4
Cycle  21: full DKL retrain  (30 labelled)
GP warmup: 20 epochs on initial embeddings
Joint DKL training: 50 epochs
  Epoch 20/50  loss=3.7131
  Epoch 40/50  loss=1.4770
DKL training done in 0.3s
  → 2NRbRuSF5-1  gap=1.029 eV  best=1.215 eV  top50=4  top10%=5
Cycle  22: GP refit  (31 labelled)
  → 2CsNORuF5-1  gap=1.469 eV  best=1.469 eV  top50=5  top10%=6
Cycle  23: GP refit  (32 labelled)
  → 2MoO3-1  gap=-0.109 eV  best=1.469 eV  top50=5  top10%=6
Cycle  24: GP refit  (33 labelled)
  → 2CsNOOsF5-1  gap=1.217 eV  best=1.469 eV  top50=6  top10%=7
Cycle  25: GP refit  (34 labelled)
  → 2CRbO3-1  gap=0.880 eV  best=1.469 eV  top50=7  top10%=8
Cycle  26: full DKL retrain  (35 labelled)
GP warmup: 20 epochs on initial embeddings
Joint DKL training: 50 epochs
  Epoch 20/50  loss=1.3427
  Epoch 40/50  loss=0.4974
DKL training done in 0.3s
  → 2FLiO-1  gap=0.822 eV  best=1.469 eV  top50=8  top10%=9
Cycle  27: GP refit  (36 labelled)
  → 2CoFO2-1  gap=0.772 eV  best=1.469 eV  top50=8  top10%=10
Cycle  28: GP refit  (37 labelled)
  → 2CaSb2O4-1  gap=0.272 eV  best=1.469 eV  top50=8  top10%=10
Cycle  29: GP refit  (38 labelled)
  → 1CdCl2N2C4H4-1  gap=0.792 eV  best=1.469 eV  top50=8  top10%=11
Cycle  30: GP refit  (39 labelled)
  → 2AlHSO4-1  gap=0.676 eV  best=1.469 eV  top50=8  top10%=12
Cycle  31: full DKL retrain  (40 labelled)
GP warmup: 20 epochs on initial embeddings
Joint DKL training: 50 epochs
  Epoch 20/50  loss=1.2807
  Epoch 40/50  loss=0.4018
DKL training done in 0.3s
  → 2CKOOsF5-1  gap=0.977 eV  best=1.469 eV  top50=9  top10%=13
Cycle  32: GP refit  (41 labelled)
  → 2HNaO-2  gap=-0.152 eV  best=1.469 eV  top50=9  top10%=13
Cycle  33: GP refit  (42 labelled)
  → 1BN-1  gap=-0.030 eV  best=1.469 eV  top50=9  top10%=13
Cycle  34: GP refit  (43 labelled)
  → 2KNRuSF5-1  gap=0.938 eV  best=1.469 eV  top50=10  top10%=14
Cycle  35: GP refit  (44 labelled)
  → 1WAu2O4-2  gap=0.492 eV  best=1.469 eV  top50=10  top10%=14
Cycle  36: full DKL retrain  (45 labelled)
GP warmup: 20 epochs on initial embeddings
Joint DKL training: 50 epochs
  Epoch 20/50  loss=0.4941
  Epoch 40/50  loss=0.2375
DKL training done in 0.3s
  → 2KNbF6-1  gap=0.818 eV  best=1.469 eV  top50=11  top10%=15
Cycle  37: GP refit  (46 labelled)
  → 1AuInF4-1  gap=-0.061 eV  best=1.469 eV  top50=11  top10%=15
Cycle  38: GP refit  (47 labelled)
  → 1SrI2-2  gap=0.061 eV  best=1.469 eV  top50=11  top10%=15
Cycle  39: GP refit  (48 labelled)
  → 2GaHTeO4-1  gap=-0.356 eV  best=1.469 eV  top50=11  top10%=15
Cycle  40: GP refit  (49 labelled)
  → 2NORbRuF5-1  gap=0.996 eV  best=1.469 eV  top50=12  top10%=16
Cycle  41: full DKL retrain  (50 labelled)
GP warmup: 20 epochs on initial embeddings
Joint DKL training: 50 epochs
  Epoch 20/50  loss=0.1598
  Epoch 40/50  loss=-0.0194
DKL training done in 0.3s
  → 2FISr-1  gap=-0.477 eV  best=1.469 eV  top50=12  top10%=16
Cycle  42: GP refit  (51 labelled)
  → 2HKTe-1  gap=-0.310 eV  best=1.469 eV  top50=12  top10%=16
Cycle  43: GP refit  (52 labelled)
  → 2CsNRuSF5-1  gap=0.999 eV  best=1.469 eV  top50=13  top10%=17
Cycle  44: GP refit  (53 labelled)
  → 2FRb-1  gap=-0.087 eV  best=1.469 eV  top50=13  top10%=17
Cycle  45: GP refit  (54 labelled)
  → 2KNOOsF5-1  gap=0.995 eV  best=1.469 eV  top50=14  top10%=18
Cycle  46: full DKL retrain  (55 labelled)
GP warmup: 20 epochs on initial embeddings
Joint DKL training: 50 epochs
  Epoch 20/50  loss=0.0632
  Epoch 40/50  loss=-0.1523
DKL training done in 0.3s
  → 1C2F2S2Zr3-1  gap=-0.181 eV  best=1.469 eV  top50=14  top10%=18
Cycle  47: GP refit  (56 labelled)
  → 2HInTeS4-1  gap=0.346 eV  best=1.469 eV  top50=14  top10%=18
Cycle  48: GP refit  (57 labelled)
  → 2HTeLi3S4-1  gap=-0.040 eV  best=1.469 eV  top50=14  top10%=18
Cycle  49: GP refit  (58 labelled)
  → 2BiClHgO2-1  gap=0.480 eV  best=1.469 eV  top50=14  top10%=18
Cycle  50: GP refit  (59 labelled)
  → 2HInSeO4-1  gap=0.250 eV  best=1.469 eV  top50=14  top10%=18
Cycle  51: full DKL retrain  (60 labelled)
GP warmup: 20 epochs on initial embeddings
Joint DKL training: 50 epochs
  Epoch 20/50  loss=-0.2963
  Epoch 40/50  loss=-0.6390
DKL training done in 0.3s
  → 2CdClSbO2-1  gap=0.221 eV  best=1.469 eV  top50=14  top10%=18
Cycle  52: GP refit  (61 labelled)
  → 2CCsO3-2  gap=0.885 eV  best=1.469 eV  top50=15  top10%=19
Cycle  53: GP refit  (62 labelled)
  → 2HSeNa3O4-1  gap=0.260 eV  best=1.469 eV  top50=15  top10%=19
Cycle  54: GP refit  (63 labelled)
  → 2HNa3S5-1  gap=0.432 eV  best=1.469 eV  top50=15  top10%=19
Cycle  55: GP refit  (64 labelled)
  → 2BiHgIO2-1  gap=0.115 eV  best=1.469 eV  top50=15  top10%=19
Cycle  56: full DKL retrain  (65 labelled)
GP warmup: 20 epochs on initial embeddings
Joint DKL training: 50 epochs
  Epoch 20/50  loss=-0.2631
  Epoch 40/50  loss=-0.5654
DKL training done in 0.3s
  → 2SbTlO3-1  gap=-0.703 eV  best=1.469 eV  top50=15  top10%=19
Cycle  57: GP refit  (66 labelled)
  → 1BiIS-1  gap=0.540 eV  best=1.469 eV  top50=15  top10%=19
Cycle  58: GP refit  (67 labelled)
  → 1AsIS-1  gap=0.246 eV  best=1.469 eV  top50=15  top10%=19
Cycle  59: GP refit  (68 labelled)
  → 4BiLiO2-1  gap=-0.349 eV  best=1.469 eV  top50=15  top10%=19
Cycle  60: GP refit  (69 labelled)
  → 1Cl2Ge2O3-1  gap=-0.120 eV  best=1.469 eV  top50=15  top10%=19
Cycle  61: full DKL retrain  (70 labelled)
GP warmup: 20 epochs on initial embeddings
Joint DKL training: 50 epochs
  Epoch 20/50  loss=0.2108
  Epoch 40/50  loss=-0.0964
DKL training done in 0.3s
  → 2CaHI-1  gap=-0.307 eV  best=1.469 eV  top50=15  top10%=19
Cycle  62: GP refit  (71 labelled)
  → 1BrHf2S2Cl3-1  gap=0.328 eV  best=1.469 eV  top50=15  top10%=19
Cycle  63: GP refit  (72 labelled)
  → 1SI2Pb2-1  gap=-0.875 eV  best=1.469 eV  top50=15  top10%=19
Cycle  64: GP refit  (73 labelled)
  → 2TeZr-4  gap=-0.459 eV  best=1.469 eV  top50=15  top10%=19
Cycle  65: GP refit  (74 labelled)
  → 2CoI2Sb2O3-1  gap=0.525 eV  best=1.469 eV  top50=15  top10%=19
Cycle  66: full DKL retrain  (75 labelled)
GP warmup: 20 epochs on initial embeddings
Joint DKL training: 50 epochs
  Epoch 20/50  loss=-0.1824
  Epoch 40/50  loss=-0.5323
DKL training done in 0.4s
  → 2HTeNa3S4-1  gap=0.023 eV  best=1.469 eV  top50=15  top10%=19
Cycle  67: GP refit  (76 labelled)
  → 1AsITe-2  gap=-0.286 eV  best=1.469 eV  top50=15  top10%=19
Cycle  68: GP refit  (77 labelled)
  → 1BrISCd2-1  gap=-0.426 eV  best=1.469 eV  top50=15  top10%=19
Cycle  69: GP refit  (78 labelled)
  → 2HNaTe-1  gap=-0.387 eV  best=1.469 eV  top50=15  top10%=19
Cycle  70: GP refit  (79 labelled)
  → 1BiBrS-1  gap=0.347 eV  best=1.469 eV  top50=15  top10%=19
Cycle  71: full DKL retrain  (80 labelled)
GP warmup: 20 epochs on initial embeddings
Joint DKL training: 50 epochs
  Epoch 20/50  loss=-0.7141
  Epoch 40/50  loss=-0.9727
DKL training done in 0.3s
  → 2IMnSbSe2-2  gap=-0.131 eV  best=1.469 eV  top50=15  top10%=19
Cycle  72: GP refit  (81 labelled)
  → 1AgScP2S6-1  gap=0.826 eV  best=1.469 eV  top50=16  top10%=20
Cycle  73: GP refit  (82 labelled)
  → 1AgCrP2Se6-1  gap=-0.278 eV  best=1.469 eV  top50=16  top10%=20
Cycle  74: GP refit  (83 labelled)
  → 2CsNO3-1  gap=0.378 eV  best=1.469 eV  top50=16  top10%=20
Cycle  75: GP refit  (84 labelled)
  → 2ClFSr-1  gap=-0.312 eV  best=1.469 eV  top50=16  top10%=20
Cycle  76: full DKL retrain  (85 labelled)
GP warmup: 20 epochs on initial embeddings
Joint DKL training: 50 epochs
  Epoch 20/50  loss=-0.1433
  Epoch 40/50  loss=-0.4537
DKL training done in 0.3s
  → 2RuO2-1  gap=-1.239 eV  best=1.469 eV  top50=16  top10%=20
Cycle  77: GP refit  (86 labelled)
  → 1CrS2-1  gap=-0.059 eV  best=1.469 eV  top50=16  top10%=20
Cycle  78: GP refit  (87 labelled)
  → 1SNb3F7-1  gap=0.709 eV  best=1.469 eV  top50=16  top10%=21
Cycle  79: GP refit  (88 labelled)
  → 1TeNb3F7-1  gap=0.673 eV  best=1.469 eV  top50=16  top10%=22
Cycle  80: GP refit  (89 labelled)
  → 2RuS2-1  gap=-0.031 eV  best=1.469 eV  top50=16  top10%=22
Cycle  81: full DKL retrain  (90 labelled)
GP warmup: 20 epochs on initial embeddings
Joint DKL training: 50 epochs
  Epoch 20/50  loss=-0.3730
  Epoch 40/50  loss=-0.7214
DKL training done in 0.3s
  → 1MoAu2S4-1  gap=0.626 eV  best=1.469 eV  top50=16  top10%=22
Cycle  82: GP refit  (91 labelled)
  → 1ScH2-1  gap=-0.199 eV  best=1.469 eV  top50=16  top10%=22
Cycle  83: GP refit  (92 labelled)
  → 1NiZrF6-1  gap=1.198 eV  best=1.469 eV  top50=17  top10%=23
Cycle  84: GP refit  (93 labelled)
  → 4AgF2-2  gap=-0.122 eV  best=1.469 eV  top50=17  top10%=23
Cycle  85: GP refit  (94 labelled)
  → 1NiCl2N2H4C6-1  gap=0.178 eV  best=1.469 eV  top50=17  top10%=23
Cycle  86: full DKL retrain  (95 labelled)
GP warmup: 20 epochs on initial embeddings
Joint DKL training: 50 epochs
  Epoch 20/50  loss=-0.6086
  Epoch 40/50  loss=-0.9464
DKL training done in 0.3s
  → 1FeHfF6-1  gap=1.579 eV  best=1.579 eV  top50=18  top10%=24
Cycle  87: GP refit  (96 labelled)
  → 2FeS2-1  gap=0.505 eV  best=1.579 eV  top50=18  top10%=24
Cycle  88: GP refit  (97 labelled)
  → 1TiF2-1  gap=0.463 eV  best=1.579 eV  top50=18  top10%=24
Cycle  89: GP refit  (98 labelled)
  → 2IrNbS4-1  gap=0.119 eV  best=1.579 eV  top50=18  top10%=24
Cycle  90: GP refit  (99 labelled)
  → 1N2O2Zr3-1  gap=-0.033 eV  best=1.579 eV  top50=18  top10%=24
Cycle  91: full DKL retrain  (100 labelled)
GP warmup: 20 epochs on initial embeddings
Joint DKL training: 50 epochs
  Epoch 20/50  loss=-0.6337
  Epoch 40/50  loss=-0.9336
DKL training done in 0.3s
  → 1MoO2-1  gap=-0.378 eV  best=1.579 eV  top50=18  top10%=24
Cycle  92: GP refit  (101 labelled)
  → 1OVF2-1  gap=0.534 eV  best=1.579 eV  top50=18  top10%=24
Cycle  93: GP refit  (102 labelled)
  → 2BiIn-1  gap=-0.948 eV  best=1.579 eV  top50=18  top10%=24
Cycle  94: GP refit  (103 labelled)
  → 1MoS2-1  gap=-0.370 eV  best=1.579 eV  top50=18  top10%=24
Cycle  95: GP refit  (104 labelled)
  → 1MoSTe-2  gap=-0.414 eV  best=1.579 eV  top50=18  top10%=24
Cycle  96: full DKL retrain  (105 labelled)
GP warmup: 20 epochs on initial embeddings
Joint DKL training: 50 epochs
  Epoch 20/50  loss=-0.6255
  Epoch 40/50  loss=-0.9444
DKL training done in 0.3s
  → 2BrTl-3  gap=0.053 eV  best=1.579 eV  top50=18  top10%=24
Cycle  97: GP refit  (106 labelled)
  → 2ClIn-5  gap=0.029 eV  best=1.579 eV  top50=18  top10%=24
Cycle  98: GP refit  (107 labelled)
  → 1GeO-1  gap=-0.197 eV  best=1.579 eV  top50=18  top10%=24
Cycle  99: GP refit  (108 labelled)
  → 1CrO2-2  gap=-0.060 eV  best=1.579 eV  top50=18  top10%=24
Cycle 100: GP refit  (109 labelled)
  → 1PtSeMn2S5-1  gap=0.023 eV  best=1.579 eV  top50=18  top10%=24
  emass_max/seed8 → best=1.579 top50=18 top10%=24
BOLoop: 766 materials  |  direction=max  |  top-50 internal threshold=0.82  top-10% internal threshold=0.65
Init: 10 random labels  |  best (max) = 1.236
Cycle   1: full DKL retrain  (10 labelled)
GP warmup: 20 epochs on initial embeddings
/home/roy/Desktop/DKL-BO/venv/lib/python3.13/site-packages/torch/_compile.py:54: UserWarning: optimizer contains a parameter group with duplicate parameters; in future, this will cause an error; see github.com/pytorch/pytorch/issues/40967 for more information
  return disable_fn(*args, **kwargs)
Joint DKL training: 50 epochs
  Epoch 20/50  loss=0.8400
  Epoch 40/50  loss=0.7665
DKL training done in 0.3s
  → 4AgF2-2  gap=-0.122 eV  best=1.236 eV  top50=0  top10%=0
Cycle   2: GP refit  (11 labelled)
  → 1OVF2-1  gap=0.534 eV  best=1.236 eV  top50=0  top10%=0
Cycle   3: GP refit  (12 labelled)
  → 2HNaTe-1  gap=-0.387 eV  best=1.236 eV  top50=0  top10%=0
Cycle   4: GP refit  (13 labelled)
  → 2KTaF6-1  gap=0.476 eV  best=1.236 eV  top50=0  top10%=0
Cycle   5: GP refit  (14 labelled)
  → 2NORbRuF5-1  gap=0.996 eV  best=1.236 eV  top50=1  top10%=1
Cycle   6: full DKL retrain  (15 labelled)
GP warmup: 20 epochs on initial embeddings
Joint DKL training: 50 epochs
  Epoch 20/50  loss=0.2146
  Epoch 40/50  loss=0.0469
DKL training done in 0.3s
  → 2CsNRuSF5-1  gap=0.999 eV  best=1.236 eV  top50=2  top10%=2
Cycle   7: GP refit  (16 labelled)
  → 1FeHfF6-1  gap=1.579 eV  best=1.579 eV  top50=3  top10%=3
Cycle   8: GP refit  (17 labelled)
  → 2AgTe-3  gap=-0.089 eV  best=1.579 eV  top50=3  top10%=3
Cycle   9: GP refit  (18 labelled)
  → 2CsF-1  gap=-0.074 eV  best=1.579 eV  top50=3  top10%=3
Cycle  10: GP refit  (19 labelled)
  → 2NOsRbSF5-1  gap=1.128 eV  best=1.579 eV  top50=4  top10%=4
Cycle  11: full DKL retrain  (20 labelled)
GP warmup: 20 epochs on initial embeddings
Joint DKL training: 50 epochs
  Epoch 20/50  loss=-0.3742
  Epoch 40/50  loss=-0.5206
DKL training done in 0.3s
  → 1HfPdF6-1  gap=1.154 eV  best=1.579 eV  top50=5  top10%=5
Cycle  12: GP refit  (21 labelled)
  → 2FeS2-1  gap=0.505 eV  best=1.579 eV  top50=5  top10%=5
Cycle  13: GP refit  (22 labelled)
  → 2PtF3-1  gap=0.590 eV  best=1.579 eV  top50=5  top10%=5
Cycle  14: GP refit  (23 labelled)
  → 2OsSe2-1  gap=0.128 eV  best=1.579 eV  top50=5  top10%=5
Cycle  15: GP refit  (24 labelled)
  → 1HfNiF6-1  gap=1.156 eV  best=1.579 eV  top50=6  top10%=6
Cycle  16: full DKL retrain  (25 labelled)
GP warmup: 20 epochs on initial embeddings
Joint DKL training: 50 epochs
  Epoch 20/50  loss=-0.6415
  Epoch 40/50  loss=-0.7547
DKL training done in 0.3s
  → 2CsNOOsF5-1  gap=1.217 eV  best=1.579 eV  top50=7  top10%=7
Cycle  17: GP refit  (26 labelled)
  → 2NOOsRbF5-1  gap=1.113 eV  best=1.579 eV  top50=8  top10%=8
Cycle  18: GP refit  (27 labelled)
  → 2NRbRuSF5-1  gap=1.029 eV  best=1.579 eV  top50=9  top10%=9
Cycle  19: GP refit  (28 labelled)
  → 2CsNORuF5-1  gap=1.469 eV  best=1.579 eV  top50=10  top10%=10
Cycle  20: GP refit  (29 labelled)
  → 1HfZnF6-1  gap=0.762 eV  best=1.579 eV  top50=10  top10%=11
Cycle  21: full DKL retrain  (30 labelled)
GP warmup: 20 epochs on initial embeddings
Joint DKL training: 50 epochs
  Epoch 20/50  loss=-0.5558
  Epoch 40/50  loss=-0.7798
DKL training done in 0.3s
  → 2FeTe2-1  gap=0.121 eV  best=1.579 eV  top50=10  top10%=11
Cycle  22: GP refit  (31 labelled)
  → 2OsTe2-1  gap=0.203 eV  best=1.579 eV  top50=10  top10%=11
Cycle  23: GP refit  (32 labelled)
  → 1HfTe2-2  gap=-0.278 eV  best=1.579 eV  top50=10  top10%=11
Cycle  24: GP refit  (33 labelled)
  → 1N2O2Hf3-1  gap=-0.164 eV  best=1.579 eV  top50=10  top10%=11
Cycle  25: GP refit  (34 labelled)
  → 1BN-1  gap=-0.030 eV  best=1.579 eV  top50=10  top10%=11
Cycle  26: full DKL retrain  (35 labelled)
GP warmup: 20 epochs on initial embeddings
Joint DKL training: 50 epochs
  Epoch 20/50  loss=0.0700
  Epoch 40/50  loss=-0.1115
DKL training done in 0.3s
  → 2TiZrTe4-1  gap=-0.209 eV  best=1.579 eV  top50=10  top10%=11
Cycle  27: GP refit  (36 labelled)
  → 1CrMo3Te8-1  gap=-0.127 eV  best=1.579 eV  top50=10  top10%=11
Cycle  28: GP refit  (37 labelled)
  → 1NiZrF6-1  gap=1.198 eV  best=1.579 eV  top50=11  top10%=12
Cycle  29: GP refit  (38 labelled)
  → 2KNOsSF5-1  gap=1.050 eV  best=1.579 eV  top50=12  top10%=13
Cycle  30: GP refit  (39 labelled)
  → 2KNRuSF5-1  gap=0.938 eV  best=1.579 eV  top50=13  top10%=14
Cycle  31: full DKL retrain  (40 labelled)
GP warmup: 20 epochs on initial embeddings
Joint DKL training: 50 epochs
  Epoch 20/50  loss=-0.1285
  Epoch 40/50  loss=-0.2500
DKL training done in 0.3s
  → 2InTe-1  gap=-0.797 eV  best=1.579 eV  top50=13  top10%=14
Cycle  32: GP refit  (41 labelled)
  → 1TeNb3F7-1  gap=0.673 eV  best=1.579 eV  top50=13  top10%=15
Cycle  33: GP refit  (42 labelled)
  → 1MoCu2Te4-1  gap=0.207 eV  best=1.579 eV  top50=13  top10%=15
Cycle  34: GP refit  (43 labelled)
  → 2IrTaTe4-1  gap=-0.478 eV  best=1.579 eV  top50=13  top10%=15
Cycle  35: GP refit  (44 labelled)
  → 2KNbF6-1  gap=0.818 eV  best=1.579 eV  top50=14  top10%=16
Cycle  36: full DKL retrain  (45 labelled)
GP warmup: 20 epochs on initial embeddings
Joint DKL training: 50 epochs
  Epoch 20/50  loss=-0.4999
  Epoch 40/50  loss=-0.6549
DKL training done in 0.3s
  → 2IrNbTe4-1  gap=-0.684 eV  best=1.579 eV  top50=14  top10%=16
Cycle  37: GP refit  (46 labelled)
  → 2KNOOsF5-1  gap=0.995 eV  best=1.579 eV  top50=15  top10%=17
Cycle  38: GP refit  (47 labelled)
  → 1FeI2-3  gap=-0.157 eV  best=1.579 eV  top50=15  top10%=17
Cycle  39: GP refit  (48 labelled)
  → 2KNORuF5-1  gap=1.079 eV  best=1.579 eV  top50=16  top10%=18
Cycle  40: GP refit  (49 labelled)
  → 2CKOOsF5-1  gap=0.977 eV  best=1.579 eV  top50=17  top10%=19
Cycle  41: full DKL retrain  (50 labelled)
GP warmup: 20 epochs on initial embeddings
Joint DKL training: 50 epochs
  Epoch 20/50  loss=-0.7269
  Epoch 40/50  loss=-0.8422
DKL training done in 0.3s
  → 1AuInF4-1  gap=-0.061 eV  best=1.579 eV  top50=17  top10%=19
Cycle  42: GP refit  (51 labelled)
  → 1TiF2-1  gap=0.463 eV  best=1.579 eV  top50=17  top10%=19
Cycle  43: GP refit  (52 labelled)
  → 2IRb-1  gap=-0.293 eV  best=1.579 eV  top50=17  top10%=19
Cycle  44: GP refit  (53 labelled)
  → 2FRhTe-1  gap=-0.267 eV  best=1.579 eV  top50=17  top10%=19
Cycle  45: GP refit  (54 labelled)
  → 2CsNO3-1  gap=0.378 eV  best=1.579 eV  top50=17  top10%=19
Cycle  46: full DKL retrain  (55 labelled)
GP warmup: 20 epochs on initial embeddings
Joint DKL training: 50 epochs
  Epoch 20/50  loss=-0.3331
  Epoch 40/50  loss=-0.5264
DKL training done in 0.3s
  → 1ISbTe-1  gap=0.406 eV  best=1.579 eV  top50=17  top10%=19
Cycle  47: GP refit  (56 labelled)
  → 1WTe2-1  gap=-0.347 eV  best=1.579 eV  top50=17  top10%=19
Cycle  48: GP refit  (57 labelled)
  → 1AgScP2S6-1  gap=0.826 eV  best=1.579 eV  top50=18  top10%=20
Cycle  49: GP refit  (58 labelled)
  → 1SNb3F7-1  gap=0.709 eV  best=1.579 eV  top50=18  top10%=21
Cycle  50: GP refit  (59 labelled)
  → 1SeNb3F7-1  gap=0.681 eV  best=1.579 eV  top50=18  top10%=22
Cycle  51: full DKL retrain  (60 labelled)
GP warmup: 20 epochs on initial embeddings
Joint DKL training: 50 epochs
  Epoch 20/50  loss=-0.3663
  Epoch 40/50  loss=-0.5012
DKL training done in 0.3s
  → 2P2S3-3  gap=0.122 eV  best=1.579 eV  top50=18  top10%=22
Cycle  52: GP refit  (61 labelled)
  → 2ScTe-4  gap=-0.071 eV  best=1.579 eV  top50=18  top10%=22
Cycle  53: GP refit  (62 labelled)
  → 2SSc-4  gap=-0.408 eV  best=1.579 eV  top50=18  top10%=22
Cycle  54: GP refit  (63 labelled)
  → 2P2S3-1  gap=0.221 eV  best=1.579 eV  top50=18  top10%=22
Cycle  55: GP refit  (64 labelled)
  → 4LiSbS2-1  gap=0.010 eV  best=1.579 eV  top50=18  top10%=22
Cycle  56: full DKL retrain  (65 labelled)
GP warmup: 20 epochs on initial embeddings
Joint DKL training: 50 epochs
  Epoch 20/50  loss=-0.2915
  Epoch 40/50  loss=-0.4661
DKL training done in 0.3s
  → 2HInTeS4-1  gap=0.346 eV  best=1.579 eV  top50=18  top10%=22
Cycle  57: GP refit  (66 labelled)
  → 2OsS2-1  gap=-0.223 eV  best=1.579 eV  top50=18  top10%=22
Cycle  58: GP refit  (67 labelled)
  → 1FeHfBr6-1  gap=0.780 eV  best=1.579 eV  top50=18  top10%=23
Cycle  59: GP refit  (68 labelled)
  → 1FeZrBr6-1  gap=0.547 eV  best=1.579 eV  top50=18  top10%=23
Cycle  60: GP refit  (69 labelled)
  → 1BrSSb-1  gap=0.823 eV  best=1.579 eV  top50=19  top10%=24
Cycle  61: full DKL retrain  (70 labelled)
GP warmup: 20 epochs on initial embeddings
Joint DKL training: 50 epochs
  Epoch 20/50  loss=-0.4414
  Epoch 40/50  loss=-0.6295
DKL training done in 0.3s
  → 1AgScP2Se6-1  gap=2.134 eV  best=2.134 eV  top50=20  top10%=25
Cycle  62: GP refit  (71 labelled)
  → 1AgTlP2Se6-1  gap=0.154 eV  best=2.134 eV  top50=20  top10%=25
Cycle  63: GP refit  (72 labelled)
  → 1BrSbSe-1  gap=0.725 eV  best=2.134 eV  top50=20  top10%=26
Cycle  64: GP refit  (73 labelled)
  → 1BSb-1  gap=-1.148 eV  best=2.134 eV  top50=20  top10%=26
Cycle  65: GP refit  (74 labelled)
  → 1AgInP2Se6-1  gap=-0.175 eV  best=2.134 eV  top50=20  top10%=26
Cycle  66: full DKL retrain  (75 labelled)
GP warmup: 20 epochs on initial embeddings
Joint DKL training: 50 epochs
  Epoch 20/50  loss=0.4275
  Epoch 40/50  loss=0.0580
DKL training done in 0.3s
  → 2P2Se3-2  gap=0.282 eV  best=2.134 eV  top50=20  top10%=26
Cycle  67: GP refit  (76 labelled)
  → 1MoSe2-1  gap=-0.308 eV  best=2.134 eV  top50=20  top10%=26
Cycle  68: GP refit  (77 labelled)
  → 2MoSe2-1  gap=-0.486 eV  best=2.134 eV  top50=20  top10%=26
Cycle  69: GP refit  (78 labelled)
  → 2FeSe2-1  gap=0.262 eV  best=2.134 eV  top50=20  top10%=26
Cycle  70: GP refit  (79 labelled)
  → 4NiPSe-1  gap=0.020 eV  best=2.134 eV  top50=20  top10%=26
Cycle  71: full DKL retrain  (80 labelled)
GP warmup: 20 epochs on initial embeddings
Joint DKL training: 50 epochs
  Epoch 20/50  loss=-0.0137
  Epoch 40/50  loss=-0.1876
DKL training done in 0.3s
  → 2HLi3S5-1  gap=0.103 eV  best=2.134 eV  top50=20  top10%=26
Cycle  72: GP refit  (81 labelled)
  → 3RuSCl2-1  gap=0.467 eV  best=2.134 eV  top50=20  top10%=26
Cycle  73: GP refit  (82 labelled)
  → 1CoLiP2Se6-1  gap=0.056 eV  best=2.134 eV  top50=20  top10%=26
Cycle  74: GP refit  (83 labelled)
  → 1BrSbTe-2  gap=-0.190 eV  best=2.134 eV  top50=20  top10%=26
Cycle  75: GP refit  (84 labelled)
  → 2NORbRuCl5-1  gap=0.533 eV  best=2.134 eV  top50=20  top10%=26
Cycle  76: full DKL retrain  (85 labelled)
GP warmup: 20 epochs on initial embeddings
Joint DKL training: 50 epochs
  Epoch 20/50  loss=-0.3904
  Epoch 40/50  loss=-0.6067
DKL training done in 0.3s
  → 1AgCrP2Se6-1  gap=-0.278 eV  best=2.134 eV  top50=20  top10%=26
Cycle  77: GP refit  (86 labelled)
  → 1AgCrP2Te6-1  gap=-0.425 eV  best=2.134 eV  top50=20  top10%=26
Cycle  78: GP refit  (87 labelled)
  → 1ClSbSe-1  gap=0.079 eV  best=2.134 eV  top50=20  top10%=26
Cycle  79: GP refit  (88 labelled)
  → 1ISbSe-1  gap=0.327 eV  best=2.134 eV  top50=20  top10%=26
Cycle  80: GP refit  (89 labelled)
  → 1FeHfCl6-1  gap=1.274 eV  best=2.134 eV  top50=21  top10%=27
Cycle  81: full DKL retrain  (90 labelled)
GP warmup: 20 epochs on initial embeddings
Joint DKL training: 50 epochs
  Epoch 20/50  loss=-0.4232
  Epoch 40/50  loss=-0.5747
DKL training done in 0.3s
  → 1FeZrCl6-1  gap=0.907 eV  best=2.134 eV  top50=22  top10%=28
Cycle  82: GP refit  (91 labelled)
  → 2CsNOsSCl5-1  gap=0.326 eV  best=2.134 eV  top50=22  top10%=28
Cycle  83: GP refit  (92 labelled)
  → 1AgAlP2Se6-1  gap=-0.554 eV  best=2.134 eV  top50=22  top10%=28
Cycle  84: GP refit  (93 labelled)
  → 2KNORuCl5-1  gap=0.417 eV  best=2.134 eV  top50=22  top10%=28
Cycle  85: GP refit  (94 labelled)
  → 1PdZrCl6-1  gap=0.880 eV  best=2.134 eV  top50=23  top10%=29
Cycle  86: full DKL retrain  (95 labelled)
GP warmup: 20 epochs on initial embeddings
Joint DKL training: 50 epochs
  Epoch 20/50  loss=-0.4638
  Epoch 40/50  loss=-0.6034
DKL training done in 0.3s
  → 1CoLiP2S6-1  gap=0.712 eV  best=2.134 eV  top50=23  top10%=30
Cycle  87: GP refit  (96 labelled)
  → 2HInTeO4-1  gap=0.671 eV  best=2.134 eV  top50=23  top10%=31
Cycle  88: GP refit  (97 labelled)
  → 2ClScBr2-1  gap=0.851 eV  best=2.134 eV  top50=24  top10%=32
Cycle  89: GP refit  (98 labelled)
  → 1PdZrBr6-1  gap=1.023 eV  best=2.134 eV  top50=25  top10%=33
Cycle  90: GP refit  (99 labelled)
  → 1WCu2Te4-1  gap=1.193 eV  best=2.134 eV  top50=26  top10%=34
Cycle  91: full DKL retrain  (100 labelled)
GP warmup: 20 epochs on initial embeddings
Joint DKL training: 50 epochs
  Epoch 20/50  loss=-0.4619
  Epoch 40/50  loss=-0.6225
DKL training done in 0.3s
  → 1WAg2Te4-1  gap=0.764 eV  best=2.134 eV  top50=26  top10%=35
Cycle  92: GP refit  (101 labelled)
  → 1WCu2S4-1  gap=0.631 eV  best=2.134 eV  top50=26  top10%=35
Cycle  93: GP refit  (102 labelled)
  → 2CRbO3-1  gap=0.880 eV  best=2.134 eV  top50=27  top10%=36
Cycle  94: GP refit  (103 labelled)
  → 2NRbO3-1  gap=0.400 eV  best=2.134 eV  top50=27  top10%=36
Cycle  95: GP refit  (104 labelled)
  → 1WAg2S4-1  gap=0.805 eV  best=2.134 eV  top50=27  top10%=37
Cycle  96: full DKL retrain  (105 labelled)
GP warmup: 20 epochs on initial embeddings
Joint DKL training: 50 epochs
  Epoch 20/50  loss=-0.5873
  Epoch 40/50  loss=-0.7963
DKL training done in 0.3s
  → 1AgAlP2S6-1  gap=-0.411 eV  best=2.134 eV  top50=27  top10%=37
Cycle  97: GP refit  (106 labelled)
  → 2AgCrP2S6-1  gap=0.184 eV  best=2.134 eV  top50=27  top10%=37
Cycle  98: GP refit  (107 labelled)
  → 4AsLiS2-2  gap=-0.393 eV  best=2.134 eV  top50=27  top10%=37
Cycle  99: GP refit  (108 labelled)
  → 2FLiO-1  gap=0.822 eV  best=2.134 eV  top50=28  top10%=38
Cycle 100: GP refit  (109 labelled)
  → 1WCu2Se4-1  gap=0.861 eV  best=2.134 eV  top50=29  top10%=39
  emass_max/seed9 → best=2.134 top50=29 top10%=39
  [emass_max] done
Fine-tune runs written=40 skipped=0. Summarizing…

======================================================================
PHASE 4 — frozen vs fine-tuned DKL (mean over seeds)
(emass 'best' in log10 units; top-k counts are scale-free)
======================================================================

  gap_max
    method        |     best   top50  top10%
    ------------------------------------------
    std_gp        |    8.671    21.3    29.4
    dkl_frozen    |    8.638    32.0    42.4
    dkl_finetune  |    8.462    26.9    37.6
    random        |    7.332     6.4     9.8

  gap_min
    method        |     best   top50  top10%
    ------------------------------------------
    std_gp        |    0.022    19.4    28.7
    dkl_frozen    |    0.023    19.8    27.1
    dkl_finetune  |    0.024    16.3    26.4
    random        |    0.072     6.4    10.5

  emass_min
    method        |     best   top50  top10%
    ------------------------------------------
    std_gp        |   -1.999    16.5    21.8
    dkl_frozen    |   -1.714    18.9    24.1
    dkl_finetune  |   -1.948    15.7    20.2
    random        |   -1.451     7.7    10.5

  emass_max
    method        |     best   top50  top10%
    ------------------------------------------
    std_gp        |    1.696    16.2    21.0
    dkl_frozen    |    1.455    12.6    16.8
    dkl_finetune  |    1.651    14.2    19.8
    random        |    1.512     6.1    10.0

Saved → /home/roy/Desktop/DKL-BO/results/rebuild/bo_finetune_summary.csv
