=== window BO: visible(0.7-3.0) + wide(3.0-4.5), std_gp/dkl_frozen/dkl_finetune/random, 30 seeds ===
pool=766 | windows=['visible_0p7_3p0', 'wide_3p0_4p5'] methods=['std_gp', 'dkl_frozen', 'dkl_finetune', 'random'] seeds=30 cycles=100 device=cuda
FeatureBOLoop: 766 materials × 43 descriptors  |  direction=max
Init: 10 random labels  |  best (max) = 5.635
/home/roy/software/anaconda3/lib/python3.13/site-packages/torch/_compile.py:32: UserWarning: optimizer contains a parameter group with duplicate parameters; in future, this will cause an error; see github.com/pytorch/pytorch/issues/40967 for more information
  return disable_fn(*args, **kwargs)
FeatureBOLoop done  |  best=5.635  top50=1  top10%=1
  visible_0p7_3p0/std_gp/seed0 → in-window found=94
FeatureBOLoop: 766 materials × 43 descriptors  |  direction=max
Init: 10 random labels  |  best (max) = 3.745
/home/roy/software/anaconda3/lib/python3.13/site-packages/torch/_compile.py:32: UserWarning: optimizer contains a parameter group with duplicate parameters; in future, this will cause an error; see github.com/pytorch/pytorch/issues/40967 for more information
  return disable_fn(*args, **kwargs)
FeatureBOLoop done  |  best=4.095  top50=0  top10%=0
  visible_0p7_3p0/std_gp/seed1 → in-window found=93
FeatureBOLoop: 766 materials × 43 descriptors  |  direction=max
Init: 10 random labels  |  best (max) = 4.709
/home/roy/software/anaconda3/lib/python3.13/site-packages/torch/_compile.py:32: UserWarning: optimizer contains a parameter group with duplicate parameters; in future, this will cause an error; see github.com/pytorch/pytorch/issues/40967 for more information
  return disable_fn(*args, **kwargs)
FeatureBOLoop done  |  best=6.384  top50=2  top10%=2
  visible_0p7_3p0/std_gp/seed2 → in-window found=87
FeatureBOLoop: 766 materials × 43 descriptors  |  direction=max
Init: 10 random labels  |  best (max) = 4.523
/home/roy/software/anaconda3/lib/python3.13/site-packages/torch/_compile.py:32: UserWarning: optimizer contains a parameter group with duplicate parameters; in future, this will cause an error; see github.com/pytorch/pytorch/issues/40967 for more information
  return disable_fn(*args, **kwargs)
FeatureBOLoop done  |  best=4.523  top50=0  top10%=0
  visible_0p7_3p0/std_gp/seed3 → in-window found=95
FeatureBOLoop: 766 materials × 43 descriptors  |  direction=max
Init: 10 random labels  |  best (max) = 3.271
/home/roy/software/anaconda3/lib/python3.13/site-packages/torch/_compile.py:32: UserWarning: optimizer contains a parameter group with duplicate parameters; in future, this will cause an error; see github.com/pytorch/pytorch/issues/40967 for more information
  return disable_fn(*args, **kwargs)
FeatureBOLoop done  |  best=3.271  top50=0  top10%=0
  visible_0p7_3p0/std_gp/seed4 → in-window found=92
FeatureBOLoop: 766 materials × 43 descriptors  |  direction=max
Init: 10 random labels  |  best (max) = 3.781
/home/roy/software/anaconda3/lib/python3.13/site-packages/torch/_compile.py:32: UserWarning: optimizer contains a parameter group with duplicate parameters; in future, this will cause an error; see github.com/pytorch/pytorch/issues/40967 for more information
  return disable_fn(*args, **kwargs)
FeatureBOLoop done  |  best=4.095  top50=0  top10%=0
  visible_0p7_3p0/std_gp/seed5 → in-window found=93
FeatureBOLoop: 766 materials × 43 descriptors  |  direction=max
Init: 10 random labels  |  best (max) = 5.612
/home/roy/software/anaconda3/lib/python3.13/site-packages/torch/_compile.py:32: UserWarning: optimizer contains a parameter group with duplicate parameters; in future, this will cause an error; see github.com/pytorch/pytorch/issues/40967 for more information
  return disable_fn(*args, **kwargs)
FeatureBOLoop done  |  best=5.612  top50=0  top10%=0
  visible_0p7_3p0/std_gp/seed6 → in-window found=91
FeatureBOLoop: 766 materials × 43 descriptors  |  direction=max
Init: 10 random labels  |  best (max) = 5.363
/home/roy/software/anaconda3/lib/python3.13/site-packages/torch/_compile.py:32: UserWarning: optimizer contains a parameter group with duplicate parameters; in future, this will cause an error; see github.com/pytorch/pytorch/issues/40967 for more information
  return disable_fn(*args, **kwargs)
FeatureBOLoop done  |  best=5.363  top50=0  top10%=0
  visible_0p7_3p0/std_gp/seed7 → in-window found=97
FeatureBOLoop: 766 materials × 43 descriptors  |  direction=max
Init: 10 random labels  |  best (max) = 5.386
/home/roy/software/anaconda3/lib/python3.13/site-packages/torch/_compile.py:32: UserWarning: optimizer contains a parameter group with duplicate parameters; in future, this will cause an error; see github.com/pytorch/pytorch/issues/40967 for more information
  return disable_fn(*args, **kwargs)
FeatureBOLoop done  |  best=5.386  top50=0  top10%=0
  visible_0p7_3p0/std_gp/seed8 → in-window found=96
FeatureBOLoop: 766 materials × 43 descriptors  |  direction=max
Init: 10 random labels  |  best (max) = 2.795
/home/roy/software/anaconda3/lib/python3.13/site-packages/torch/_compile.py:32: UserWarning: optimizer contains a parameter group with duplicate parameters; in future, this will cause an error; see github.com/pytorch/pytorch/issues/40967 for more information
  return disable_fn(*args, **kwargs)
FeatureBOLoop done  |  best=4.579  top50=0  top10%=0
  visible_0p7_3p0/std_gp/seed9 → in-window found=90
FeatureBOLoop: 766 materials × 43 descriptors  |  direction=max
Init: 10 random labels  |  best (max) = 5.105
/home/roy/software/anaconda3/lib/python3.13/site-packages/torch/_compile.py:32: UserWarning: optimizer contains a parameter group with duplicate parameters; in future, this will cause an error; see github.com/pytorch/pytorch/issues/40967 for more information
  return disable_fn(*args, **kwargs)
FeatureBOLoop done  |  best=5.675  top50=1  top10%=1
  visible_0p7_3p0/std_gp/seed10 → in-window found=87
FeatureBOLoop: 766 materials × 43 descriptors  |  direction=max
Init: 10 random labels  |  best (max) = 3.513
/home/roy/software/anaconda3/lib/python3.13/site-packages/torch/_compile.py:32: UserWarning: optimizer contains a parameter group with duplicate parameters; in future, this will cause an error; see github.com/pytorch/pytorch/issues/40967 for more information
  return disable_fn(*args, **kwargs)
FeatureBOLoop done  |  best=4.344  top50=0  top10%=0
  visible_0p7_3p0/std_gp/seed11 → in-window found=89
FeatureBOLoop: 766 materials × 43 descriptors  |  direction=max
Init: 10 random labels  |  best (max) = 7.351
/home/roy/software/anaconda3/lib/python3.13/site-packages/torch/_compile.py:32: UserWarning: optimizer contains a parameter group with duplicate parameters; in future, this will cause an error; see github.com/pytorch/pytorch/issues/40967 for more information
  return disable_fn(*args, **kwargs)
FeatureBOLoop done  |  best=7.351  top50=1  top10%=1
  visible_0p7_3p0/std_gp/seed12 → in-window found=91
FeatureBOLoop: 766 materials × 43 descriptors  |  direction=max
Init: 10 random labels  |  best (max) = 4.438
/home/roy/software/anaconda3/lib/python3.13/site-packages/torch/_compile.py:32: UserWarning: optimizer contains a parameter group with duplicate parameters; in future, this will cause an error; see github.com/pytorch/pytorch/issues/40967 for more information
  return disable_fn(*args, **kwargs)
FeatureBOLoop done  |  best=4.438  top50=0  top10%=0
  visible_0p7_3p0/std_gp/seed13 → in-window found=96
FeatureBOLoop: 766 materials × 43 descriptors  |  direction=max
Init: 10 random labels  |  best (max) = 5.379
/home/roy/software/anaconda3/lib/python3.13/site-packages/torch/_compile.py:32: UserWarning: optimizer contains a parameter group with duplicate parameters; in future, this will cause an error; see github.com/pytorch/pytorch/issues/40967 for more information
  return disable_fn(*args, **kwargs)
FeatureBOLoop done  |  best=5.379  top50=0  top10%=0
  visible_0p7_3p0/std_gp/seed14 → in-window found=86
FeatureBOLoop: 766 materials × 43 descriptors  |  direction=max
Init: 10 random labels  |  best (max) = 4.226
/home/roy/software/anaconda3/lib/python3.13/site-packages/torch/_compile.py:32: UserWarning: optimizer contains a parameter group with duplicate parameters; in future, this will cause an error; see github.com/pytorch/pytorch/issues/40967 for more information
  return disable_fn(*args, **kwargs)
FeatureBOLoop done  |  best=4.226  top50=0  top10%=0
  visible_0p7_3p0/std_gp/seed15 → in-window found=93
FeatureBOLoop: 766 materials × 43 descriptors  |  direction=max
Init: 10 random labels  |  best (max) = 4.219
/home/roy/software/anaconda3/lib/python3.13/site-packages/torch/_compile.py:32: UserWarning: optimizer contains a parameter group with duplicate parameters; in future, this will cause an error; see github.com/pytorch/pytorch/issues/40967 for more information
  return disable_fn(*args, **kwargs)
FeatureBOLoop done  |  best=4.219  top50=0  top10%=0
  visible_0p7_3p0/std_gp/seed16 → in-window found=92
FeatureBOLoop: 766 materials × 43 descriptors  |  direction=max
Init: 10 random labels  |  best (max) = 6.099
/home/roy/software/anaconda3/lib/python3.13/site-packages/torch/_compile.py:32: UserWarning: optimizer contains a parameter group with duplicate parameters; in future, this will cause an error; see github.com/pytorch/pytorch/issues/40967 for more information
  return disable_fn(*args, **kwargs)
FeatureBOLoop done  |  best=6.257  top50=1  top10%=1
  visible_0p7_3p0/std_gp/seed17 → in-window found=98
FeatureBOLoop: 766 materials × 43 descriptors  |  direction=max
Init: 10 random labels  |  best (max) = 1.877
/home/roy/software/anaconda3/lib/python3.13/site-packages/torch/_compile.py:32: UserWarning: optimizer contains a parameter group with duplicate parameters; in future, this will cause an error; see github.com/pytorch/pytorch/issues/40967 for more information
  return disable_fn(*args, **kwargs)
FeatureBOLoop done  |  best=2.654  top50=0  top10%=0
  visible_0p7_3p0/std_gp/seed18 → in-window found=100
FeatureBOLoop: 766 materials × 43 descriptors  |  direction=max
Init: 10 random labels  |  best (max) = 6.553
/home/roy/software/anaconda3/lib/python3.13/site-packages/torch/_compile.py:32: UserWarning: optimizer contains a parameter group with duplicate parameters; in future, this will cause an error; see github.com/pytorch/pytorch/issues/40967 for more information
  return disable_fn(*args, **kwargs)
FeatureBOLoop done  |  best=6.553  top50=0  top10%=0
  visible_0p7_3p0/std_gp/seed19 → in-window found=91
FeatureBOLoop: 766 materials × 43 descriptors  |  direction=max
Init: 10 random labels  |  best (max) = 3.731
/home/roy/software/anaconda3/lib/python3.13/site-packages/torch/_compile.py:32: UserWarning: optimizer contains a parameter group with duplicate parameters; in future, this will cause an error; see github.com/pytorch/pytorch/issues/40967 for more information
  return disable_fn(*args, **kwargs)
FeatureBOLoop done  |  best=3.731  top50=0  top10%=0
  visible_0p7_3p0/std_gp/seed20 → in-window found=98
FeatureBOLoop: 766 materials × 43 descriptors  |  direction=max
Init: 10 random labels  |  best (max) = 5.324
/home/roy/software/anaconda3/lib/python3.13/site-packages/torch/_compile.py:32: UserWarning: optimizer contains a parameter group with duplicate parameters; in future, this will cause an error; see github.com/pytorch/pytorch/issues/40967 for more information
  return disable_fn(*args, **kwargs)
FeatureBOLoop done  |  best=6.616  top50=1  top10%=1
  visible_0p7_3p0/std_gp/seed21 → in-window found=96
FeatureBOLoop: 766 materials × 43 descriptors  |  direction=max
Init: 10 random labels  |  best (max) = 5.515
/home/roy/software/anaconda3/lib/python3.13/site-packages/torch/_compile.py:32: UserWarning: optimizer contains a parameter group with duplicate parameters; in future, this will cause an error; see github.com/pytorch/pytorch/issues/40967 for more information
  return disable_fn(*args, **kwargs)
FeatureBOLoop done  |  best=5.515  top50=0  top10%=0
  visible_0p7_3p0/std_gp/seed22 → in-window found=94
FeatureBOLoop: 766 materials × 43 descriptors  |  direction=max
Init: 10 random labels  |  best (max) = 4.523
/home/roy/software/anaconda3/lib/python3.13/site-packages/torch/_compile.py:32: UserWarning: optimizer contains a parameter group with duplicate parameters; in future, this will cause an error; see github.com/pytorch/pytorch/issues/40967 for more information
  return disable_fn(*args, **kwargs)
FeatureBOLoop done  |  best=4.523  top50=0  top10%=0
  visible_0p7_3p0/std_gp/seed23 → in-window found=94
FeatureBOLoop: 766 materials × 43 descriptors  |  direction=max
Init: 10 random labels  |  best (max) = 5.363
/home/roy/software/anaconda3/lib/python3.13/site-packages/torch/_compile.py:32: UserWarning: optimizer contains a parameter group with duplicate parameters; in future, this will cause an error; see github.com/pytorch/pytorch/issues/40967 for more information
  return disable_fn(*args, **kwargs)
FeatureBOLoop done  |  best=5.363  top50=0  top10%=0
  visible_0p7_3p0/std_gp/seed24 → in-window found=98
FeatureBOLoop: 766 materials × 43 descriptors  |  direction=max
Init: 10 random labels  |  best (max) = 3.985
/home/roy/software/anaconda3/lib/python3.13/site-packages/torch/_compile.py:32: UserWarning: optimizer contains a parameter group with duplicate parameters; in future, this will cause an error; see github.com/pytorch/pytorch/issues/40967 for more information
  return disable_fn(*args, **kwargs)
FeatureBOLoop done  |  best=4.095  top50=0  top10%=0
  visible_0p7_3p0/std_gp/seed25 → in-window found=93
FeatureBOLoop: 766 materials × 43 descriptors  |  direction=max
Init: 10 random labels  |  best (max) = 4.453
/home/roy/software/anaconda3/lib/python3.13/site-packages/torch/_compile.py:32: UserWarning: optimizer contains a parameter group with duplicate parameters; in future, this will cause an error; see github.com/pytorch/pytorch/issues/40967 for more information
  return disable_fn(*args, **kwargs)
FeatureBOLoop done  |  best=4.484  top50=0  top10%=0
  visible_0p7_3p0/std_gp/seed26 → in-window found=90
FeatureBOLoop: 766 materials × 43 descriptors  |  direction=max
Init: 10 random labels  |  best (max) = 5.770
/home/roy/software/anaconda3/lib/python3.13/site-packages/torch/_compile.py:32: UserWarning: optimizer contains a parameter group with duplicate parameters; in future, this will cause an error; see github.com/pytorch/pytorch/issues/40967 for more information
  return disable_fn(*args, **kwargs)
FeatureBOLoop done  |  best=5.770  top50=0  top10%=0
  visible_0p7_3p0/std_gp/seed27 → in-window found=97
FeatureBOLoop: 766 materials × 43 descriptors  |  direction=max
Init: 10 random labels  |  best (max) = 4.344
/home/roy/software/anaconda3/lib/python3.13/site-packages/torch/_compile.py:32: UserWarning: optimizer contains a parameter group with duplicate parameters; in future, this will cause an error; see github.com/pytorch/pytorch/issues/40967 for more information
  return disable_fn(*args, **kwargs)
FeatureBOLoop done  |  best=5.770  top50=1  top10%=2
  visible_0p7_3p0/std_gp/seed28 → in-window found=88
FeatureBOLoop: 766 materials × 43 descriptors  |  direction=max
Init: 10 random labels  |  best (max) = 6.385
/home/roy/software/anaconda3/lib/python3.13/site-packages/torch/_compile.py:32: UserWarning: optimizer contains a parameter group with duplicate parameters; in future, this will cause an error; see github.com/pytorch/pytorch/issues/40967 for more information
  return disable_fn(*args, **kwargs)
FeatureBOLoop done  |  best=6.385  top50=0  top10%=0
  visible_0p7_3p0/std_gp/seed29 → in-window found=95
FeatureBOLoop: 766 materials × 32 descriptors  |  direction=max
Init: 10 random labels  |  best (max) = 5.635
/home/roy/software/anaconda3/lib/python3.13/site-packages/torch/_compile.py:32: UserWarning: optimizer contains a parameter group with duplicate parameters; in future, this will cause an error; see github.com/pytorch/pytorch/issues/40967 for more information
  return disable_fn(*args, **kwargs)
FeatureBOLoop done  |  best=5.635  top50=0  top10%=0
  visible_0p7_3p0/dkl_frozen/seed0 → in-window found=92
FeatureBOLoop: 766 materials × 32 descriptors  |  direction=max
Init: 10 random labels  |  best (max) = 3.745
/home/roy/software/anaconda3/lib/python3.13/site-packages/torch/_compile.py:32: UserWarning: optimizer contains a parameter group with duplicate parameters; in future, this will cause an error; see github.com/pytorch/pytorch/issues/40967 for more information
  return disable_fn(*args, **kwargs)
FeatureBOLoop done  |  best=4.888  top50=0  top10%=0
  visible_0p7_3p0/dkl_frozen/seed1 → in-window found=91
FeatureBOLoop: 766 materials × 32 descriptors  |  direction=max
Init: 10 random labels  |  best (max) = 4.709
/home/roy/software/anaconda3/lib/python3.13/site-packages/torch/_compile.py:32: UserWarning: optimizer contains a parameter group with duplicate parameters; in future, this will cause an error; see github.com/pytorch/pytorch/issues/40967 for more information
  return disable_fn(*args, **kwargs)
FeatureBOLoop done  |  best=4.709  top50=0  top10%=0
  visible_0p7_3p0/dkl_frozen/seed2 → in-window found=91
FeatureBOLoop: 766 materials × 32 descriptors  |  direction=max
Init: 10 random labels  |  best (max) = 4.523
/home/roy/software/anaconda3/lib/python3.13/site-packages/torch/_compile.py:32: UserWarning: optimizer contains a parameter group with duplicate parameters; in future, this will cause an error; see github.com/pytorch/pytorch/issues/40967 for more information
  return disable_fn(*args, **kwargs)
FeatureBOLoop done  |  best=4.523  top50=0  top10%=0
  visible_0p7_3p0/dkl_frozen/seed3 → in-window found=95
FeatureBOLoop: 766 materials × 32 descriptors  |  direction=max
Init: 10 random labels  |  best (max) = 3.271
/home/roy/software/anaconda3/lib/python3.13/site-packages/torch/_compile.py:32: UserWarning: optimizer contains a parameter group with duplicate parameters; in future, this will cause an error; see github.com/pytorch/pytorch/issues/40967 for more information
  return disable_fn(*args, **kwargs)
FeatureBOLoop done  |  best=8.681  top50=1  top10%=1
  visible_0p7_3p0/dkl_frozen/seed4 → in-window found=90
FeatureBOLoop: 766 materials × 32 descriptors  |  direction=max
Init: 10 random labels  |  best (max) = 3.781
/home/roy/software/anaconda3/lib/python3.13/site-packages/torch/_compile.py:32: UserWarning: optimizer contains a parameter group with duplicate parameters; in future, this will cause an error; see github.com/pytorch/pytorch/issues/40967 for more information
  return disable_fn(*args, **kwargs)
FeatureBOLoop done  |  best=3.781  top50=0  top10%=0
  visible_0p7_3p0/dkl_frozen/seed5 → in-window found=92
FeatureBOLoop: 766 materials × 32 descriptors  |  direction=max
Init: 10 random labels  |  best (max) = 5.612
/home/roy/software/anaconda3/lib/python3.13/site-packages/torch/_compile.py:32: UserWarning: optimizer contains a parameter group with duplicate parameters; in future, this will cause an error; see github.com/pytorch/pytorch/issues/40967 for more information
  return disable_fn(*args, **kwargs)
FeatureBOLoop done  |  best=5.612  top50=0  top10%=0
  visible_0p7_3p0/dkl_frozen/seed6 → in-window found=92
FeatureBOLoop: 766 materials × 32 descriptors  |  direction=max
Init: 10 random labels  |  best (max) = 5.363
/home/roy/software/anaconda3/lib/python3.13/site-packages/torch/_compile.py:32: UserWarning: optimizer contains a parameter group with duplicate parameters; in future, this will cause an error; see github.com/pytorch/pytorch/issues/40967 for more information
  return disable_fn(*args, **kwargs)
FeatureBOLoop done  |  best=5.363  top50=0  top10%=0
  visible_0p7_3p0/dkl_frozen/seed7 → in-window found=95
FeatureBOLoop: 766 materials × 32 descriptors  |  direction=max
Init: 10 random labels  |  best (max) = 5.386
/home/roy/software/anaconda3/lib/python3.13/site-packages/torch/_compile.py:32: UserWarning: optimizer contains a parameter group with duplicate parameters; in future, this will cause an error; see github.com/pytorch/pytorch/issues/40967 for more information
  return disable_fn(*args, **kwargs)
FeatureBOLoop done  |  best=6.202  top50=1  top10%=1
  visible_0p7_3p0/dkl_frozen/seed8 → in-window found=92
FeatureBOLoop: 766 materials × 32 descriptors  |  direction=max
Init: 10 random labels  |  best (max) = 2.795
/home/roy/software/anaconda3/lib/python3.13/site-packages/torch/_compile.py:32: UserWarning: optimizer contains a parameter group with duplicate parameters; in future, this will cause an error; see github.com/pytorch/pytorch/issues/40967 for more information
  return disable_fn(*args, **kwargs)
FeatureBOLoop done  |  best=3.247  top50=0  top10%=0
  visible_0p7_3p0/dkl_frozen/seed9 → in-window found=95
FeatureBOLoop: 766 materials × 32 descriptors  |  direction=max
Init: 10 random labels  |  best (max) = 5.105
/home/roy/software/anaconda3/lib/python3.13/site-packages/torch/_compile.py:32: UserWarning: optimizer contains a parameter group with duplicate parameters; in future, this will cause an error; see github.com/pytorch/pytorch/issues/40967 for more information
  return disable_fn(*args, **kwargs)
FeatureBOLoop done  |  best=5.105  top50=0  top10%=0
  visible_0p7_3p0/dkl_frozen/seed10 → in-window found=91
FeatureBOLoop: 766 materials × 32 descriptors  |  direction=max
Init: 10 random labels  |  best (max) = 3.513
/home/roy/software/anaconda3/lib/python3.13/site-packages/torch/_compile.py:32: UserWarning: optimizer contains a parameter group with duplicate parameters; in future, this will cause an error; see github.com/pytorch/pytorch/issues/40967 for more information
  return disable_fn(*args, **kwargs)
FeatureBOLoop done  |  best=3.513  top50=0  top10%=0
  visible_0p7_3p0/dkl_frozen/seed11 → in-window found=91
FeatureBOLoop: 766 materials × 32 descriptors  |  direction=max
Init: 10 random labels  |  best (max) = 7.351
/home/roy/software/anaconda3/lib/python3.13/site-packages/torch/_compile.py:32: UserWarning: optimizer contains a parameter group with duplicate parameters; in future, this will cause an error; see github.com/pytorch/pytorch/issues/40967 for more information
  return disable_fn(*args, **kwargs)
FeatureBOLoop done  |  best=7.351  top50=0  top10%=0
  visible_0p7_3p0/dkl_frozen/seed12 → in-window found=93
FeatureBOLoop: 766 materials × 32 descriptors  |  direction=max
Init: 10 random labels  |  best (max) = 4.438
/home/roy/software/anaconda3/lib/python3.13/site-packages/torch/_compile.py:32: UserWarning: optimizer contains a parameter group with duplicate parameters; in future, this will cause an error; see github.com/pytorch/pytorch/issues/40967 for more information
  return disable_fn(*args, **kwargs)
FeatureBOLoop done  |  best=4.438  top50=0  top10%=0
  visible_0p7_3p0/dkl_frozen/seed13 → in-window found=98
FeatureBOLoop: 766 materials × 32 descriptors  |  direction=max
Init: 10 random labels  |  best (max) = 5.379
/home/roy/software/anaconda3/lib/python3.13/site-packages/torch/_compile.py:32: UserWarning: optimizer contains a parameter group with duplicate parameters; in future, this will cause an error; see github.com/pytorch/pytorch/issues/40967 for more information
  return disable_fn(*args, **kwargs)
FeatureBOLoop done  |  best=5.379  top50=0  top10%=0
  visible_0p7_3p0/dkl_frozen/seed14 → in-window found=96
FeatureBOLoop: 766 materials × 32 descriptors  |  direction=max
Init: 10 random labels  |  best (max) = 4.226
/home/roy/software/anaconda3/lib/python3.13/site-packages/torch/_compile.py:32: UserWarning: optimizer contains a parameter group with duplicate parameters; in future, this will cause an error; see github.com/pytorch/pytorch/issues/40967 for more information
  return disable_fn(*args, **kwargs)
FeatureBOLoop done  |  best=4.226  top50=0  top10%=0
  visible_0p7_3p0/dkl_frozen/seed15 → in-window found=93
FeatureBOLoop: 766 materials × 32 descriptors  |  direction=max
Init: 10 random labels  |  best (max) = 4.219
/home/roy/software/anaconda3/lib/python3.13/site-packages/torch/_compile.py:32: UserWarning: optimizer contains a parameter group with duplicate parameters; in future, this will cause an error; see github.com/pytorch/pytorch/issues/40967 for more information
  return disable_fn(*args, **kwargs)
FeatureBOLoop done  |  best=4.219  top50=0  top10%=0
  visible_0p7_3p0/dkl_frozen/seed16 → in-window found=90
FeatureBOLoop: 766 materials × 32 descriptors  |  direction=max
Init: 10 random labels  |  best (max) = 6.099
/home/roy/software/anaconda3/lib/python3.13/site-packages/torch/_compile.py:32: UserWarning: optimizer contains a parameter group with duplicate parameters; in future, this will cause an error; see github.com/pytorch/pytorch/issues/40967 for more information
  return disable_fn(*args, **kwargs)
FeatureBOLoop done  |  best=6.099  top50=0  top10%=1
  visible_0p7_3p0/dkl_frozen/seed17 → in-window found=97
FeatureBOLoop: 766 materials × 32 descriptors  |  direction=max
Init: 10 random labels  |  best (max) = 1.877
/home/roy/software/anaconda3/lib/python3.13/site-packages/torch/_compile.py:32: UserWarning: optimizer contains a parameter group with duplicate parameters; in future, this will cause an error; see github.com/pytorch/pytorch/issues/40967 for more information
  return disable_fn(*args, **kwargs)
FeatureBOLoop done  |  best=3.745  top50=0  top10%=0
  visible_0p7_3p0/dkl_frozen/seed18 → in-window found=93
FeatureBOLoop: 766 materials × 32 descriptors  |  direction=max
Init: 10 random labels  |  best (max) = 6.553
/home/roy/software/anaconda3/lib/python3.13/site-packages/torch/_compile.py:32: UserWarning: optimizer contains a parameter group with duplicate parameters; in future, this will cause an error; see github.com/pytorch/pytorch/issues/40967 for more information
  return disable_fn(*args, **kwargs)
FeatureBOLoop done  |  best=6.553  top50=0  top10%=1
  visible_0p7_3p0/dkl_frozen/seed19 → in-window found=84
FeatureBOLoop: 766 materials × 32 descriptors  |  direction=max
Init: 10 random labels  |  best (max) = 3.731
/home/roy/software/anaconda3/lib/python3.13/site-packages/torch/_compile.py:32: UserWarning: optimizer contains a parameter group with duplicate parameters; in future, this will cause an error; see github.com/pytorch/pytorch/issues/40967 for more information
  return disable_fn(*args, **kwargs)
FeatureBOLoop done  |  best=3.856  top50=0  top10%=0
  visible_0p7_3p0/dkl_frozen/seed20 → in-window found=93
FeatureBOLoop: 766 materials × 32 descriptors  |  direction=max
Init: 10 random labels  |  best (max) = 5.324
/home/roy/software/anaconda3/lib/python3.13/site-packages/torch/_compile.py:32: UserWarning: optimizer contains a parameter group with duplicate parameters; in future, this will cause an error; see github.com/pytorch/pytorch/issues/40967 for more information
  return disable_fn(*args, **kwargs)
FeatureBOLoop done  |  best=5.324  top50=0  top10%=0
  visible_0p7_3p0/dkl_frozen/seed21 → in-window found=89
FeatureBOLoop: 766 materials × 32 descriptors  |  direction=max
Init: 10 random labels  |  best (max) = 5.515
/home/roy/software/anaconda3/lib/python3.13/site-packages/torch/_compile.py:32: UserWarning: optimizer contains a parameter group with duplicate parameters; in future, this will cause an error; see github.com/pytorch/pytorch/issues/40967 for more information
  return disable_fn(*args, **kwargs)
FeatureBOLoop done  |  best=5.515  top50=0  top10%=0
  visible_0p7_3p0/dkl_frozen/seed22 → in-window found=93
FeatureBOLoop: 766 materials × 32 descriptors  |  direction=max
Init: 10 random labels  |  best (max) = 4.523
/home/roy/software/anaconda3/lib/python3.13/site-packages/torch/_compile.py:32: UserWarning: optimizer contains a parameter group with duplicate parameters; in future, this will cause an error; see github.com/pytorch/pytorch/issues/40967 for more information
  return disable_fn(*args, **kwargs)
FeatureBOLoop done  |  best=4.523  top50=0  top10%=0
  visible_0p7_3p0/dkl_frozen/seed23 → in-window found=93
FeatureBOLoop: 766 materials × 32 descriptors  |  direction=max
Init: 10 random labels  |  best (max) = 5.363
/home/roy/software/anaconda3/lib/python3.13/site-packages/torch/_compile.py:32: UserWarning: optimizer contains a parameter group with duplicate parameters; in future, this will cause an error; see github.com/pytorch/pytorch/issues/40967 for more information
  return disable_fn(*args, **kwargs)
FeatureBOLoop done  |  best=5.363  top50=0  top10%=0
  visible_0p7_3p0/dkl_frozen/seed24 → in-window found=95
FeatureBOLoop: 766 materials × 32 descriptors  |  direction=max
Init: 10 random labels  |  best (max) = 3.985
/home/roy/software/anaconda3/lib/python3.13/site-packages/torch/_compile.py:32: UserWarning: optimizer contains a parameter group with duplicate parameters; in future, this will cause an error; see github.com/pytorch/pytorch/issues/40967 for more information
  return disable_fn(*args, **kwargs)
FeatureBOLoop done  |  best=4.122  top50=0  top10%=0
  visible_0p7_3p0/dkl_frozen/seed25 → in-window found=91
FeatureBOLoop: 766 materials × 32 descriptors  |  direction=max
Init: 10 random labels  |  best (max) = 4.453
/home/roy/software/anaconda3/lib/python3.13/site-packages/torch/_compile.py:32: UserWarning: optimizer contains a parameter group with duplicate parameters; in future, this will cause an error; see github.com/pytorch/pytorch/issues/40967 for more information
  return disable_fn(*args, **kwargs)
FeatureBOLoop done  |  best=4.453  top50=0  top10%=0
  visible_0p7_3p0/dkl_frozen/seed26 → in-window found=93
FeatureBOLoop: 766 materials × 32 descriptors  |  direction=max
Init: 10 random labels  |  best (max) = 5.770
/home/roy/software/anaconda3/lib/python3.13/site-packages/torch/_compile.py:32: UserWarning: optimizer contains a parameter group with duplicate parameters; in future, this will cause an error; see github.com/pytorch/pytorch/issues/40967 for more information
  return disable_fn(*args, **kwargs)
FeatureBOLoop done  |  best=5.770  top50=0  top10%=1
  visible_0p7_3p0/dkl_frozen/seed27 → in-window found=94
FeatureBOLoop: 766 materials × 32 descriptors  |  direction=max
Init: 10 random labels  |  best (max) = 4.344
/home/roy/software/anaconda3/lib/python3.13/site-packages/torch/_compile.py:32: UserWarning: optimizer contains a parameter group with duplicate parameters; in future, this will cause an error; see github.com/pytorch/pytorch/issues/40967 for more information
  return disable_fn(*args, **kwargs)
FeatureBOLoop done  |  best=4.888  top50=0  top10%=0
  visible_0p7_3p0/dkl_frozen/seed28 → in-window found=89
FeatureBOLoop: 766 materials × 32 descriptors  |  direction=max
Init: 10 random labels  |  best (max) = 6.385
/home/roy/software/anaconda3/lib/python3.13/site-packages/torch/_compile.py:32: UserWarning: optimizer contains a parameter group with duplicate parameters; in future, this will cause an error; see github.com/pytorch/pytorch/issues/40967 for more information
  return disable_fn(*args, **kwargs)
FeatureBOLoop done  |  best=6.385  top50=0  top10%=0
  visible_0p7_3p0/dkl_frozen/seed29 → in-window found=87
BOLoop: 766 materials  |  direction=max  |  top-50 internal threshold=5.35  top-10% internal threshold=4.94
Init: 10 random labels  |  best (max) = 5.635
Cycle   1: full DKL retrain  (10 labelled)
GP warmup: 20 epochs on initial embeddings
/home/roy/software/anaconda3/lib/python3.13/site-packages/torch/_compile.py:32: UserWarning: optimizer contains a parameter group with duplicate parameters; in future, this will cause an error; see github.com/pytorch/pytorch/issues/40967 for more information
  return disable_fn(*args, **kwargs)
Joint DKL training: 50 epochs
  Epoch 20/50  loss=1.8718
  Epoch 40/50  loss=1.7531
DKL training done in 0.6s
  → 2IRhSe-1  gap=1.725 eV  best=5.635 eV  top50=0  top10%=0
Cycle   2: GP refit  (11 labelled)
  → 1IRhSe-1  gap=1.425 eV  best=5.635 eV  top50=0  top10%=0
Cycle   3: GP refit  (12 labelled)
  → 2ClIrS-2  gap=2.204 eV  best=5.635 eV  top50=0  top10%=0
Cycle   4: GP refit  (13 labelled)
  → 1ClIrS-1  gap=2.505 eV  best=5.635 eV  top50=0  top10%=0
Cycle   5: GP refit  (14 labelled)
  → 2RuSe2-1  gap=1.595 eV  best=5.635 eV  top50=0  top10%=0
Cycle   6: full DKL retrain  (15 labelled)
GP warmup: 20 epochs on initial embeddings
Joint DKL training: 50 epochs
  Epoch 20/50  loss=0.5451
  Epoch 40/50  loss=0.4073
DKL training done in 0.3s
  → 1AgScP2S6-1  gap=3.453 eV  best=5.635 eV  top50=0  top10%=0
Cycle   7: GP refit  (16 labelled)
  → 1AgCrP2Te6-1  gap=1.137 eV  best=5.635 eV  top50=0  top10%=0
Cycle   8: GP refit  (17 labelled)
  → 1BiFS-1  gap=2.255 eV  best=5.635 eV  top50=0  top10%=0
Cycle   9: GP refit  (18 labelled)
  → 1ScS2-2  gap=1.890 eV  best=5.635 eV  top50=0  top10%=0
Cycle  10: GP refit  (19 labelled)
  → 2IrS-3  gap=0.713 eV  best=5.635 eV  top50=0  top10%=0
Cycle  11: full DKL retrain  (20 labelled)
GP warmup: 20 epochs on initial embeddings
Joint DKL training: 50 epochs
  Epoch 20/50  loss=0.8318
  Epoch 40/50  loss=0.5722
DKL training done in 0.3s
  → 1CrHS2-1  gap=2.800 eV  best=5.635 eV  top50=0  top10%=0
Cycle  12: GP refit  (21 labelled)
  → 1ClCrTe-1  gap=1.108 eV  best=5.635 eV  top50=0  top10%=0
Cycle  13: GP refit  (22 labelled)
  → 2CrWSe4-1  gap=1.203 eV  best=5.635 eV  top50=0  top10%=0
Cycle  14: GP refit  (23 labelled)
  → 1MoOSe-1  gap=1.512 eV  best=5.635 eV  top50=0  top10%=0
Cycle  15: GP refit  (24 labelled)
  → 1PtSnS4-1  gap=2.122 eV  best=5.635 eV  top50=0  top10%=0
Cycle  16: full DKL retrain  (25 labelled)
GP warmup: 20 epochs on initial embeddings
Joint DKL training: 50 epochs
  Epoch 20/50  loss=0.4556
  Epoch 40/50  loss=0.2447
DKL training done in 0.3s
  → 1STeIn2-1  gap=1.141 eV  best=5.635 eV  top50=0  top10%=0
Cycle  17: GP refit  (26 labelled)
  → 1AlGaSe2-1  gap=2.765 eV  best=5.635 eV  top50=0  top10%=0
Cycle  18: GP refit  (27 labelled)
  → 1OBi2S2-1  gap=1.179 eV  best=5.635 eV  top50=0  top10%=0
Cycle  19: GP refit  (28 labelled)
  → 1STa3I7-1  gap=1.295 eV  best=5.635 eV  top50=0  top10%=0
Cycle  20: GP refit  (29 labelled)
  → 2AuS-1  gap=2.010 eV  best=5.635 eV  top50=0  top10%=0
Cycle  21: full DKL retrain  (30 labelled)
GP warmup: 20 epochs on initial embeddings
Joint DKL training: 50 epochs
  Epoch 20/50  loss=0.0837
  Epoch 40/50  loss=-0.0852
DKL training done in 0.3s
  → 1AgAlP2Te6-1  gap=1.065 eV  best=5.635 eV  top50=0  top10%=0
Cycle  22: GP refit  (31 labelled)
  → 1Br2Se2Pb3-1  gap=1.452 eV  best=5.635 eV  top50=0  top10%=0
Cycle  23: GP refit  (32 labelled)
  → 2NbOI2-1  gap=1.845 eV  best=5.635 eV  top50=0  top10%=0
Cycle  24: GP refit  (33 labelled)
  → 1BrITl2-1  gap=2.587 eV  best=5.635 eV  top50=0  top10%=0
Cycle  25: GP refit  (34 labelled)
  → 1OVI2-1  gap=1.849 eV  best=5.635 eV  top50=0  top10%=0
Cycle  26: full DKL retrain  (35 labelled)
GP warmup: 20 epochs on initial embeddings
Joint DKL training: 50 epochs
  Epoch 20/50  loss=-0.1224
  Epoch 40/50  loss=-0.3235
DKL training done in 0.3s
  → 1NiSSeZr-1  gap=1.881 eV  best=5.635 eV  top50=0  top10%=0
Cycle  27: GP refit  (36 labelled)
  → 1BrCuGeTe-1  gap=1.540 eV  best=5.635 eV  top50=0  top10%=0
Cycle  28: GP refit  (37 labelled)
  → 1SnBr2S2-1  gap=1.490 eV  best=5.635 eV  top50=0  top10%=0
Cycle  29: GP refit  (38 labelled)
  → 1YI2-1  gap=0.544 eV  best=5.635 eV  top50=0  top10%=0
Cycle  30: GP refit  (39 labelled)
  → 1BrSbSe-1  gap=1.649 eV  best=5.635 eV  top50=0  top10%=0
Cycle  31: full DKL retrain  (40 labelled)
GP warmup: 20 epochs on initial embeddings
Joint DKL training: 50 epochs
  Epoch 20/50  loss=-0.0332
  Epoch 40/50  loss=-0.1802
DKL training done in 0.3s
  → 1OVBr2-1  gap=3.019 eV  best=5.635 eV  top50=0  top10%=0
Cycle  32: GP refit  (41 labelled)
  → 1OZrBr2-1  gap=2.245 eV  best=5.635 eV  top50=0  top10%=0
Cycle  33: GP refit  (42 labelled)
  → 4OBi2S2-1  gap=2.212 eV  best=5.635 eV  top50=0  top10%=0
Cycle  34: GP refit  (43 labelled)
  → 1CaBr2-2  gap=5.515 eV  best=5.635 eV  top50=1  top10%=1
Cycle  35: GP refit  (44 labelled)
  → 2BrMnSbS2-2  gap=1.201 eV  best=5.635 eV  top50=1  top10%=1
Cycle  36: full DKL retrain  (45 labelled)
GP warmup: 20 epochs on initial embeddings
Joint DKL training: 50 epochs
  Epoch 20/50  loss=0.1999
  Epoch 40/50  loss=0.0193
DKL training done in 0.3s
  → 1AgCrP2Se6-1  gap=1.789 eV  best=5.635 eV  top50=1  top10%=1
Cycle  37: GP refit  (46 labelled)
  → 1AgCrP2S6-1  gap=2.012 eV  best=5.635 eV  top50=1  top10%=1
Cycle  38: GP refit  (47 labelled)
  → 2AgCrP2S6-1  gap=2.715 eV  best=5.635 eV  top50=1  top10%=1
Cycle  39: GP refit  (48 labelled)
  → 1N2O2Y3-1  gap=1.648 eV  best=5.635 eV  top50=1  top10%=1
Cycle  40: GP refit  (49 labelled)
  → 1GaInS2-1  gap=2.570 eV  best=5.635 eV  top50=1  top10%=1
Cycle  41: full DKL retrain  (50 labelled)
GP warmup: 20 epochs on initial embeddings
Joint DKL training: 50 epochs
  Epoch 20/50  loss=-0.0271
  Epoch 40/50  loss=-0.3214
DKL training done in 0.3s
  → 1AgInP2Se6-1  gap=1.707 eV  best=5.635 eV  top50=1  top10%=1
Cycle  42: GP refit  (51 labelled)
  → 1AgCrAs2Se6-1  gap=1.270 eV  best=5.635 eV  top50=1  top10%=1
Cycle  43: GP refit  (52 labelled)
  → 4OBi2Se2-1  gap=1.736 eV  best=5.635 eV  top50=1  top10%=1
Cycle  44: GP refit  (53 labelled)
  → 2FeS2-1  gap=1.331 eV  best=5.635 eV  top50=1  top10%=1
Cycle  45: GP refit  (54 labelled)
  → 1ZnBr2-3  gap=3.449 eV  best=5.635 eV  top50=1  top10%=1
Cycle  46: full DKL retrain  (55 labelled)
GP warmup: 20 epochs on initial embeddings
Joint DKL training: 50 epochs
  Epoch 20/50  loss=0.0278
  Epoch 40/50  loss=-0.2088
DKL training done in 0.3s
  → 1AgAlAs2Se6-1  gap=1.577 eV  best=5.635 eV  top50=1  top10%=1
Cycle  47: GP refit  (56 labelled)
  → 1CoLiAs2Se6-1  gap=1.175 eV  best=5.635 eV  top50=1  top10%=1
Cycle  48: GP refit  (57 labelled)
  → 1C2O2Zr3-1  gap=0.961 eV  best=5.635 eV  top50=1  top10%=1
Cycle  49: GP refit  (58 labelled)
  → 1BiFSe-1  gap=1.981 eV  best=5.635 eV  top50=1  top10%=1
Cycle  50: GP refit  (59 labelled)
  → 1BrISCd2-1  gap=1.715 eV  best=5.635 eV  top50=1  top10%=1
Cycle  51: full DKL retrain  (60 labelled)
GP warmup: 20 epochs on initial embeddings
Joint DKL training: 50 epochs
  Epoch 20/50  loss=-0.2517
  Epoch 40/50  loss=-0.4006
DKL training done in 0.3s
  → 1CoLiP2Se6-1  gap=2.004 eV  best=5.635 eV  top50=1  top10%=1
Cycle  52: GP refit  (61 labelled)
  → 1AgTlP2Se6-1  gap=0.901 eV  best=5.635 eV  top50=1  top10%=1
Cycle  53: GP refit  (62 labelled)
  → 1PdZnP2Se6-1  gap=0.796 eV  best=5.635 eV  top50=1  top10%=1
Cycle  54: GP refit  (63 labelled)
  → 1PbS2-1  gap=2.299 eV  best=5.635 eV  top50=1  top10%=1
Cycle  55: GP refit  (64 labelled)
  → 1OSn-1  gap=2.218 eV  best=5.635 eV  top50=1  top10%=1
Cycle  56: full DKL retrain  (65 labelled)
GP warmup: 20 epochs on initial embeddings
Joint DKL training: 50 epochs
  Epoch 20/50  loss=0.0868
  Epoch 40/50  loss=-0.0539
DKL training done in 0.3s
  → 1AgGaP2Se6-1  gap=1.694 eV  best=5.635 eV  top50=1  top10%=1
Cycle  57: GP refit  (66 labelled)
  → 1AgScP2Se6-1  gap=2.775 eV  best=5.635 eV  top50=1  top10%=1
Cycle  58: GP refit  (67 labelled)
  → 2FIrS-2  gap=2.104 eV  best=5.635 eV  top50=1  top10%=1
Cycle  59: GP refit  (68 labelled)
  → 1NiPdS4-1  gap=1.153 eV  best=5.635 eV  top50=1  top10%=1
Cycle  60: GP refit  (69 labelled)
  → 2RhTaS4-1  gap=1.231 eV  best=5.635 eV  top50=1  top10%=1
Cycle  61: full DKL retrain  (70 labelled)
GP warmup: 20 epochs on initial embeddings
Joint DKL training: 50 epochs
  Epoch 20/50  loss=0.1068
  Epoch 40/50  loss=-0.0343
DKL training done in 0.3s
  → 1C2O2Hf3-1  gap=0.917 eV  best=5.635 eV  top50=1  top10%=1
Cycle  62: GP refit  (71 labelled)
  → 1AlISe-1  gap=2.186 eV  best=5.635 eV  top50=1  top10%=1
Cycle  63: GP refit  (72 labelled)
  → 4PPdS-1  gap=2.090 eV  best=5.635 eV  top50=1  top10%=1
Cycle  64: GP refit  (73 labelled)
  → 1STa3Br7-1  gap=1.510 eV  best=5.635 eV  top50=1  top10%=1
Cycle  65: GP refit  (74 labelled)
  → 1AsISe-1  gap=1.685 eV  best=5.635 eV  top50=1  top10%=1
Cycle  66: full DKL retrain  (75 labelled)
GP warmup: 20 epochs on initial embeddings
Joint DKL training: 50 epochs
  Epoch 20/50  loss=-0.1673
  Epoch 40/50  loss=-0.3610
DKL training done in 0.3s
  → 1AgAlP2Se6-1  gap=2.339 eV  best=5.635 eV  top50=1  top10%=1
Cycle  67: GP refit  (76 labelled)
  → 1AgInP2S6-1  gap=2.365 eV  best=5.635 eV  top50=1  top10%=1
Cycle  68: GP refit  (77 labelled)
  → 1N2O2Hf3-1  gap=0.508 eV  best=5.635 eV  top50=1  top10%=1
Cycle  69: GP refit  (78 labelled)
  → 1CSiF2-1  gap=3.306 eV  best=5.635 eV  top50=1  top10%=1
Cycle  70: GP refit  (79 labelled)
  → 1TiBr2-1  gap=1.166 eV  best=5.635 eV  top50=1  top10%=1
Cycle  71: full DKL retrain  (80 labelled)
GP warmup: 20 epochs on initial embeddings
Joint DKL training: 50 epochs
  Epoch 20/50  loss=-0.1331
  Epoch 40/50  loss=-0.3331
DKL training done in 0.3s
  → 1GaInTe2-1  gap=1.532 eV  best=5.635 eV  top50=1  top10%=1
Cycle  72: GP refit  (81 labelled)
  → 4OSb2Se2-1  gap=2.083 eV  best=5.635 eV  top50=1  top10%=1
Cycle  73: GP refit  (82 labelled)
  → 1ZrO2-3  gap=3.561 eV  best=5.635 eV  top50=1  top10%=1
Cycle  74: GP refit  (83 labelled)
  → 2MoWS4-1  gap=2.062 eV  best=5.635 eV  top50=1  top10%=1
Cycle  75: GP refit  (84 labelled)
  → 2PdTeO3-2  gap=2.509 eV  best=5.635 eV  top50=1  top10%=1
Cycle  76: full DKL retrain  (85 labelled)
GP warmup: 20 epochs on initial embeddings
Joint DKL training: 50 epochs
  Epoch 20/50  loss=-0.3811
  Epoch 40/50  loss=-0.5663
DKL training done in 0.3s
  → 1AgGaP2S6-1  gap=2.285 eV  best=5.635 eV  top50=1  top10%=1
Cycle  77: GP refit  (86 labelled)
  → 1CoNaP2Se6-1  gap=1.717 eV  best=5.635 eV  top50=1  top10%=1
Cycle  78: GP refit  (87 labelled)
  → 1CoNaAs2Se6-1  gap=1.295 eV  best=5.635 eV  top50=1  top10%=1
Cycle  79: GP refit  (88 labelled)
  → 1WTe2-1  gap=1.141 eV  best=5.635 eV  top50=1  top10%=1
Cycle  80: GP refit  (89 labelled)
  → 1PbI2-2  gap=2.404 eV  best=5.635 eV  top50=1  top10%=1
Cycle  81: full DKL retrain  (90 labelled)
GP warmup: 20 epochs on initial embeddings
Joint DKL training: 50 epochs
  Epoch 20/50  loss=-0.5749
  Epoch 40/50  loss=-0.7857
DKL training done in 0.3s
  → 1CoNaP2S6-1  gap=1.851 eV  best=5.635 eV  top50=1  top10%=1
Cycle  82: GP refit  (91 labelled)
  → 1N2O2Zr3-1  gap=0.616 eV  best=5.635 eV  top50=1  top10%=1
Cycle  83: GP refit  (92 labelled)
  → 4NaSbS2-2  gap=2.102 eV  best=5.635 eV  top50=1  top10%=1
Cycle  84: GP refit  (93 labelled)
  → 1MgI2-3  gap=3.448 eV  best=5.635 eV  top50=1  top10%=1
Cycle  85: GP refit  (94 labelled)
  → 1HfCl2-1  gap=1.471 eV  best=5.635 eV  top50=1  top10%=1
Cycle  86: full DKL retrain  (95 labelled)
GP warmup: 20 epochs on initial embeddings
Joint DKL training: 50 epochs
  Epoch 20/50  loss=-0.4706
  Epoch 40/50  loss=-0.6321
DKL training done in 0.3s
  → 2CoHS2-1  gap=1.204 eV  best=5.635 eV  top50=1  top10%=1
Cycle  87: GP refit  (96 labelled)
  → 1PbSe2-1  gap=1.847 eV  best=5.635 eV  top50=1  top10%=1
Cycle  88: GP refit  (97 labelled)
  → 1YBr2-1  gap=0.901 eV  best=5.635 eV  top50=1  top10%=1
Cycle  89: GP refit  (98 labelled)
  → 1HfO2-3  gap=3.726 eV  best=5.635 eV  top50=1  top10%=1
Cycle  90: GP refit  (99 labelled)
  → 4PPdSe-1  gap=1.963 eV  best=5.635 eV  top50=1  top10%=1
Cycle  91: full DKL retrain  (100 labelled)
GP warmup: 20 epochs on initial embeddings
Joint DKL training: 50 epochs
  Epoch 20/50  loss=-0.2857
  Epoch 40/50  loss=-0.4678
DKL training done in 0.3s
  → 1ScSe2-2  gap=1.490 eV  best=5.635 eV  top50=1  top10%=1
Cycle  92: GP refit  (101 labelled)
  → 1ZrCl2-1  gap=1.500 eV  best=5.635 eV  top50=1  top10%=1
Cycle  93: GP refit  (102 labelled)
  → 2ZrCl2-1  gap=1.161 eV  best=5.635 eV  top50=1  top10%=1
Cycle  94: GP refit  (103 labelled)
  → 1WSe2-1  gap=1.730 eV  best=5.635 eV  top50=1  top10%=1
Cycle  95: GP refit  (104 labelled)
  → 2CrWS4-1  gap=1.442 eV  best=5.635 eV  top50=1  top10%=1
Cycle  96: full DKL retrain  (105 labelled)
GP warmup: 20 epochs on initial embeddings
Joint DKL training: 50 epochs
  Epoch 20/50  loss=-0.4951
  Epoch 40/50  loss=-0.6573
DKL training done in 0.3s
  → 2WSe2-1  gap=0.118 eV  best=5.635 eV  top50=1  top10%=1
Cycle  97: GP refit  (106 labelled)
  → 1ZnI2-3  gap=1.644 eV  best=5.635 eV  top50=1  top10%=1
Cycle  98: GP refit  (107 labelled)
  → 2PtTeS3-1  gap=1.731 eV  best=5.635 eV  top50=1  top10%=1
Cycle  99: GP refit  (108 labelled)
  → 1BrClTi-1  gap=1.297 eV  best=5.635 eV  top50=1  top10%=1
Cycle 100: GP refit  (109 labelled)
  → 1ClIV-1  gap=3.537 eV  best=5.635 eV  top50=1  top10%=1
  visible_0p7_3p0/dkl_finetune/seed0 → in-window found=87
BOLoop: 766 materials  |  direction=max  |  top-50 internal threshold=5.35  top-10% internal threshold=4.94
Init: 10 random labels  |  best (max) = 3.745
Cycle   1: full DKL retrain  (10 labelled)
GP warmup: 20 epochs on initial embeddings
/home/roy/software/anaconda3/lib/python3.13/site-packages/torch/_compile.py:32: UserWarning: optimizer contains a parameter group with duplicate parameters; in future, this will cause an error; see github.com/pytorch/pytorch/issues/40967 for more information
  return disable_fn(*args, **kwargs)
Joint DKL training: 50 epochs
  Epoch 20/50  loss=1.2665
  Epoch 40/50  loss=1.1360
DKL training done in 0.3s
  → 4AsNiS-1  gap=1.507 eV  best=3.745 eV  top50=0  top10%=0
Cycle   2: GP refit  (11 labelled)
  → 1AsITe-2  gap=0.872 eV  best=3.745 eV  top50=0  top10%=0
Cycle   3: GP refit  (12 labelled)
  → 1BiFS-1  gap=2.255 eV  best=3.745 eV  top50=0  top10%=0
Cycle   4: GP refit  (13 labelled)
  → 1SeNb3Br7-1  gap=1.477 eV  best=3.745 eV  top50=0  top10%=0
Cycle   5: GP refit  (14 labelled)
  → 1SNb3Br7-1  gap=1.525 eV  best=3.745 eV  top50=0  top10%=0
Cycle   6: full DKL retrain  (15 labelled)
GP warmup: 20 epochs on initial embeddings
Joint DKL training: 50 epochs
  Epoch 20/50  loss=0.5124
  Epoch 40/50  loss=0.4004
DKL training done in 0.3s
  → 1AgScP2S6-1  gap=3.453 eV  best=3.745 eV  top50=0  top10%=0
Cycle   7: GP refit  (16 labelled)
  → 1CoLiP2S6-1  gap=2.395 eV  best=3.745 eV  top50=0  top10%=0
Cycle   8: GP refit  (17 labelled)
  → 1AgAlP2S6-1  gap=3.132 eV  best=3.745 eV  top50=0  top10%=0
Cycle   9: GP refit  (18 labelled)
  → 1AgCrP2S6-1  gap=2.012 eV  best=3.745 eV  top50=0  top10%=0
Cycle  10: GP refit  (19 labelled)
  → 2AgCrP2S6-1  gap=2.715 eV  best=3.745 eV  top50=0  top10%=0
Cycle  11: full DKL retrain  (20 labelled)
GP warmup: 20 epochs on initial embeddings
Joint DKL training: 50 epochs
  Epoch 20/50  loss=0.8519
  Epoch 40/50  loss=0.2047
DKL training done in 0.3s
  → 1CoLiP2Se6-1  gap=2.004 eV  best=3.745 eV  top50=0  top10%=0
Cycle  12: GP refit  (21 labelled)
  → 2NbOI2-1  gap=1.845 eV  best=3.745 eV  top50=0  top10%=0
Cycle  13: GP refit  (22 labelled)
  → 1AgAlAs2Se6-1  gap=1.577 eV  best=3.745 eV  top50=0  top10%=0
Cycle  14: GP refit  (23 labelled)
  → 1NiSSeZr-1  gap=1.881 eV  best=3.745 eV  top50=0  top10%=0
Cycle  15: GP refit  (24 labelled)
  → 1GaInTe2-1  gap=1.532 eV  best=3.745 eV  top50=0  top10%=0
Cycle  16: full DKL retrain  (25 labelled)
GP warmup: 20 epochs on initial embeddings
Joint DKL training: 50 epochs
  Epoch 20/50  loss=-0.0198
  Epoch 40/50  loss=-0.1540
DKL training done in 0.3s
  → 1AgCrP2Se6-1  gap=1.789 eV  best=3.745 eV  top50=0  top10%=0
Cycle  17: GP refit  (26 labelled)
  → 1PdZnP2Se6-1  gap=0.796 eV  best=3.745 eV  top50=0  top10%=0
Cycle  18: GP refit  (27 labelled)
  → 1AgGaP2Se6-1  gap=1.694 eV  best=3.745 eV  top50=0  top10%=0
Cycle  19: GP refit  (28 labelled)
  → 2BrFSr-1  gap=6.270 eV  best=6.270 eV  top50=1  top10%=1
Cycle  20: GP refit  (29 labelled)
  → 1SeTa3I7-1  gap=1.256 eV  best=6.270 eV  top50=1  top10%=1
Cycle  21: full DKL retrain  (30 labelled)
GP warmup: 20 epochs on initial embeddings
Joint DKL training: 50 epochs
  Epoch 20/50  loss=0.5833
  Epoch 40/50  loss=0.3919
DKL training done in 0.3s
  → 1AgTlP2Se6-1  gap=0.901 eV  best=6.270 eV  top50=1  top10%=1
Cycle  22: GP refit  (31 labelled)
  → 1HfSSe-1  gap=1.512 eV  best=6.270 eV  top50=1  top10%=1
Cycle  23: GP refit  (32 labelled)
  → 2BrMnSbS2-2  gap=1.201 eV  best=6.270 eV  top50=1  top10%=1
Cycle  24: GP refit  (33 labelled)
  → 1MoCu2S4-1  gap=2.617 eV  best=6.270 eV  top50=1  top10%=1
Cycle  25: GP refit  (34 labelled)
  → 1BiBrSe-1  gap=1.363 eV  best=6.270 eV  top50=1  top10%=1
Cycle  26: full DKL retrain  (35 labelled)
GP warmup: 20 epochs on initial embeddings
Joint DKL training: 50 epochs
  Epoch 20/50  loss=0.4734
  Epoch 40/50  loss=0.2445
DKL training done in 0.3s
  → 1AgInP2Se6-1  gap=1.707 eV  best=6.270 eV  top50=1  top10%=1
Cycle  27: GP refit  (36 labelled)
  → 1CoNaP2Se6-1  gap=1.717 eV  best=6.270 eV  top50=1  top10%=1
Cycle  28: GP refit  (37 labelled)
  → 1OVBr2-1  gap=3.019 eV  best=6.270 eV  top50=1  top10%=1
Cycle  29: GP refit  (38 labelled)
  → 2CuSe-4  gap=1.116 eV  best=6.270 eV  top50=1  top10%=1
Cycle  30: GP refit  (39 labelled)
  → 1MoAu2S4-1  gap=1.621 eV  best=6.270 eV  top50=1  top10%=1
Cycle  31: full DKL retrain  (40 labelled)
GP warmup: 20 epochs on initial embeddings
Joint DKL training: 50 epochs
  Epoch 20/50  loss=0.1733
  Epoch 40/50  loss=-0.0284
DKL training done in 0.3s
  → 1AgCrP2Te6-1  gap=1.137 eV  best=6.270 eV  top50=1  top10%=1
Cycle  32: GP refit  (41 labelled)
  → 1AgAlP2Te6-1  gap=1.065 eV  best=6.270 eV  top50=1  top10%=1
Cycle  33: GP refit  (42 labelled)
  → 1STeIn2-1  gap=1.141 eV  best=6.270 eV  top50=1  top10%=1
Cycle  34: GP refit  (43 labelled)
  → 2ZrI2-1  gap=0.889 eV  best=6.270 eV  top50=1  top10%=1
Cycle  35: GP refit  (44 labelled)
  → 1ZrI2-1  gap=1.038 eV  best=6.270 eV  top50=1  top10%=1
Cycle  36: full DKL retrain  (45 labelled)
GP warmup: 20 epochs on initial embeddings
Joint DKL training: 50 epochs
  Epoch 20/50  loss=0.0020
  Epoch 40/50  loss=-0.1257
DKL training done in 0.3s
  → 1AgInP2S6-1  gap=2.365 eV  best=6.270 eV  top50=1  top10%=1
Cycle  37: GP refit  (46 labelled)
  → 1CoNaP2S6-1  gap=1.851 eV  best=6.270 eV  top50=1  top10%=1
Cycle  38: GP refit  (47 labelled)
  → 1C2O2Zr3-1  gap=0.961 eV  best=6.270 eV  top50=1  top10%=1
Cycle  39: GP refit  (48 labelled)
  → 1OVI2-1  gap=1.849 eV  best=6.270 eV  top50=1  top10%=1
Cycle  40: GP refit  (49 labelled)
  → 2BrIrS-2  gap=2.065 eV  best=6.270 eV  top50=1  top10%=1
Cycle  41: full DKL retrain  (50 labelled)
GP warmup: 20 epochs on initial embeddings
Joint DKL training: 50 epochs
  Epoch 20/50  loss=-0.1373
  Epoch 40/50  loss=-0.2913
DKL training done in 0.3s
  → 1N2O2Zr3-1  gap=0.616 eV  best=6.270 eV  top50=1  top10%=1
Cycle  42: GP refit  (51 labelled)
  → 3RuSCl2-1  gap=1.131 eV  best=6.270 eV  top50=1  top10%=1
Cycle  43: GP refit  (52 labelled)
  → 2AgIBr2-1  gap=2.063 eV  best=6.270 eV  top50=1  top10%=1
Cycle  44: GP refit  (53 labelled)
  → 1ClITi-1  gap=1.187 eV  best=6.270 eV  top50=1  top10%=1
Cycle  45: GP refit  (54 labelled)
  → 1BrCoTe-1  gap=1.810 eV  best=6.270 eV  top50=1  top10%=1
Cycle  46: full DKL retrain  (55 labelled)
GP warmup: 20 epochs on initial embeddings
Joint DKL training: 50 epochs
  Epoch 20/50  loss=-0.2061
  Epoch 40/50  loss=-0.3364
DKL training done in 0.3s
  → 1C2O2Hf3-1  gap=0.917 eV  best=6.270 eV  top50=1  top10%=1
Cycle  47: GP refit  (56 labelled)
  → 1N2O2Y3-1  gap=1.648 eV  best=6.270 eV  top50=1  top10%=1
Cycle  48: GP refit  (57 labelled)
  → 1Br2Se2Pb3-1  gap=1.452 eV  best=6.270 eV  top50=1  top10%=1
Cycle  49: GP refit  (58 labelled)
  → 2NbOCl2-1  gap=1.951 eV  best=6.270 eV  top50=1  top10%=1
Cycle  50: GP refit  (59 labelled)
  → 4LiSbS2-1  gap=2.746 eV  best=6.270 eV  top50=1  top10%=1
Cycle  51: full DKL retrain  (60 labelled)
GP warmup: 20 epochs on initial embeddings
Joint DKL training: 50 epochs
  Epoch 20/50  loss=-0.0727
  Epoch 40/50  loss=-0.3191
DKL training done in 0.3s
  → 4AsLiS2-2  gap=1.883 eV  best=6.270 eV  top50=1  top10%=1
Cycle  52: GP refit  (61 labelled)
  → 1OVCl2-1  gap=3.144 eV  best=6.270 eV  top50=1  top10%=1
Cycle  53: GP refit  (62 labelled)
  → 1YI2-1  gap=0.544 eV  best=6.270 eV  top50=1  top10%=1
Cycle  54: GP refit  (63 labelled)
  → 1BrClZr-1  gap=1.397 eV  best=6.270 eV  top50=1  top10%=1
Cycle  55: GP refit  (64 labelled)
  → 2AgAuCl4-1  gap=2.332 eV  best=6.270 eV  top50=1  top10%=1
Cycle  56: full DKL retrain  (65 labelled)
GP warmup: 20 epochs on initial embeddings
Joint DKL training: 50 epochs
  Epoch 20/50  loss=-0.0394
  Epoch 40/50  loss=-0.1671
DKL training done in 0.3s
  → 1CoLiAs2Se6-1  gap=1.175 eV  best=6.270 eV  top50=1  top10%=1
Cycle  57: GP refit  (66 labelled)
  → 2CoHS2-1  gap=1.204 eV  best=6.270 eV  top50=1  top10%=1
Cycle  58: GP refit  (67 labelled)
  → 4NaSbS2-2  gap=2.102 eV  best=6.270 eV  top50=1  top10%=1
Cycle  59: GP refit  (68 labelled)
  → 4AsLiO2-1  gap=5.351 eV  best=6.270 eV  top50=2  top10%=2
Cycle  60: GP refit  (69 labelled)
  → 1CdI2-3  gap=2.295 eV  best=6.270 eV  top50=2  top10%=2
Cycle  61: full DKL retrain  (70 labelled)
GP warmup: 20 epochs on initial embeddings
Joint DKL training: 50 epochs
  Epoch 20/50  loss=0.3035
  Epoch 40/50  loss=0.0681
DKL training done in 0.3s
  → 1BaI2-2  gap=4.274 eV  best=6.270 eV  top50=2  top10%=2
Cycle  62: GP refit  (71 labelled)
  → 1AsBrS-2  gap=2.077 eV  best=6.270 eV  top50=2  top10%=2
Cycle  63: GP refit  (72 labelled)
  → 1ONb3Br7-1  gap=1.441 eV  best=6.270 eV  top50=2  top10%=2
Cycle  64: GP refit  (73 labelled)
  → 2BrIrSe-2  gap=2.067 eV  best=6.270 eV  top50=2  top10%=2
Cycle  65: GP refit  (74 labelled)
  → 2P2Se3-2  gap=2.700 eV  best=6.270 eV  top50=2  top10%=2
Cycle  66: full DKL retrain  (75 labelled)
GP warmup: 20 epochs on initial embeddings
Joint DKL training: 50 epochs
  Epoch 20/50  loss=0.1740
  Epoch 40/50  loss=0.0697
DKL training done in 0.3s
  → 1CrHS2-1  gap=2.800 eV  best=6.270 eV  top50=2  top10%=2
Cycle  67: GP refit  (76 labelled)
  → 1WAg2S4-1  gap=2.482 eV  best=6.270 eV  top50=2  top10%=2
Cycle  68: GP refit  (77 labelled)
  → 1BrClHf-1  gap=1.361 eV  best=6.270 eV  top50=2  top10%=2
Cycle  69: GP refit  (78 labelled)
  → 1AsBrSe-1  gap=1.839 eV  best=6.270 eV  top50=2  top10%=2
Cycle  70: GP refit  (79 labelled)
  → 2ClCu-4  gap=3.657 eV  best=6.270 eV  top50=2  top10%=2
Cycle  71: full DKL retrain  (80 labelled)
GP warmup: 20 epochs on initial embeddings
Joint DKL training: 50 epochs
  Epoch 20/50  loss=0.2425
  Epoch 40/50  loss=0.0981
DKL training done in 0.3s
  → 2ZrBr2-1  gap=1.140 eV  best=6.270 eV  top50=2  top10%=2
Cycle  72: GP refit  (81 labelled)
  → 2FRhTe-1  gap=2.115 eV  best=6.270 eV  top50=2  top10%=2
Cycle  73: GP refit  (82 labelled)
  → 1ISbSe-1  gap=1.529 eV  best=6.270 eV  top50=2  top10%=2
Cycle  74: GP refit  (83 labelled)
  → 2As2S3-4  gap=3.247 eV  best=6.270 eV  top50=2  top10%=2
Cycle  75: GP refit  (84 labelled)
  → 1HfPdCl6-1  gap=2.459 eV  best=6.270 eV  top50=2  top10%=2
Cycle  76: full DKL retrain  (85 labelled)
GP warmup: 20 epochs on initial embeddings
Joint DKL training: 50 epochs
  Epoch 20/50  loss=0.1908
  Epoch 40/50  loss=0.0817
DKL training done in 0.3s
  → 1YCl2-1  gap=0.999 eV  best=6.270 eV  top50=2  top10%=2
Cycle  77: GP refit  (86 labelled)
  → 2HInTeS4-1  gap=2.900 eV  best=6.270 eV  top50=2  top10%=2
Cycle  78: GP refit  (87 labelled)
  → 1YBr2-1  gap=0.901 eV  best=6.270 eV  top50=2  top10%=2
Cycle  79: GP refit  (88 labelled)
  → 1AsIS-1  gap=1.950 eV  best=6.270 eV  top50=2  top10%=2
Cycle  80: GP refit  (89 labelled)
  → 2ClIrSe-2  gap=2.235 eV  best=6.270 eV  top50=2  top10%=2
Cycle  81: full DKL retrain  (90 labelled)
GP warmup: 20 epochs on initial embeddings
Joint DKL training: 50 epochs
  Epoch 20/50  loss=0.1726
  Epoch 40/50  loss=0.0827
DKL training done in 0.3s
  → 2InS2-3  gap=1.242 eV  best=6.270 eV  top50=2  top10%=2
Cycle  82: GP refit  (91 labelled)
  → 1AsClS-2  gap=2.443 eV  best=6.270 eV  top50=2  top10%=2
Cycle  83: GP refit  (92 labelled)
  → 1ClSbTe-2  gap=1.891 eV  best=6.270 eV  top50=2  top10%=2
Cycle  84: GP refit  (93 labelled)
  → 2IIrS-2  gap=1.749 eV  best=6.270 eV  top50=2  top10%=2
Cycle  85: GP refit  (94 labelled)
  → 1AgMoBr4-1  gap=2.166 eV  best=6.270 eV  top50=2  top10%=2
Cycle  86: full DKL retrain  (95 labelled)
GP warmup: 20 epochs on initial embeddings
Joint DKL training: 50 epochs
  Epoch 20/50  loss=0.0732
  Epoch 40/50  loss=0.0010
DKL training done in 0.3s
  → 1AgAlP2Se6-1  gap=2.339 eV  best=6.270 eV  top50=2  top10%=2
Cycle  87: GP refit  (96 labelled)
  → 2TiCl2-1  gap=0.997 eV  best=6.270 eV  top50=2  top10%=2
Cycle  88: GP refit  (97 labelled)
  → 1BrSbSe-2  gap=2.037 eV  best=6.270 eV  top50=2  top10%=2
Cycle  89: GP refit  (98 labelled)
  → 2IRhS-2  gap=1.665 eV  best=6.270 eV  top50=2  top10%=2
Cycle  90: GP refit  (99 labelled)
  → 1AsClTe-2  gap=1.824 eV  best=6.270 eV  top50=2  top10%=2
Cycle  91: full DKL retrain  (100 labelled)
GP warmup: 20 epochs on initial embeddings
Joint DKL training: 50 epochs
  Epoch 20/50  loss=-0.0432
  Epoch 40/50  loss=-0.2200
DKL training done in 0.3s
  → 1CoNaAs2Se6-1  gap=1.295 eV  best=6.270 eV  top50=2  top10%=2
Cycle  92: GP refit  (101 labelled)
  → 2INbO2-1  gap=2.295 eV  best=6.270 eV  top50=2  top10%=2
Cycle  93: GP refit  (102 labelled)
  → 1BrCuGeTe-1  gap=1.540 eV  best=6.270 eV  top50=2  top10%=2
Cycle  94: GP refit  (103 labelled)
  → 1SI2Pb2-1  gap=1.567 eV  best=6.270 eV  top50=2  top10%=2
Cycle  95: GP refit  (104 labelled)
  → 1OBi2S2-1  gap=1.179 eV  best=6.270 eV  top50=2  top10%=2
Cycle  96: full DKL retrain  (105 labelled)
GP warmup: 20 epochs on initial embeddings
Joint DKL training: 50 epochs
  Epoch 20/50  loss=-0.1348
  Epoch 40/50  loss=-0.3103
DKL training done in 0.3s
  → 1MgI2-3  gap=3.448 eV  best=6.270 eV  top50=2  top10%=2
Cycle  97: GP refit  (106 labelled)
  → 1CrS2-1  gap=1.351 eV  best=6.270 eV  top50=2  top10%=2
Cycle  98: GP refit  (107 labelled)
  → 1BiFTe-1  gap=1.179 eV  best=6.270 eV  top50=2  top10%=2
Cycle  99: GP refit  (108 labelled)
  → 1ClSbTe-1  gap=1.866 eV  best=6.270 eV  top50=2  top10%=2
Cycle 100: GP refit  (109 labelled)
  → 2ClRhSe-1  gap=2.271 eV  best=6.270 eV  top50=2  top10%=2
  visible_0p7_3p0/dkl_finetune/seed1 → in-window found=88
BOLoop: 766 materials  |  direction=max  |  top-50 internal threshold=5.35  top-10% internal threshold=4.94
Init: 10 random labels  |  best (max) = 4.709
Cycle   1: full DKL retrain  (10 labelled)
GP warmup: 20 epochs on initial embeddings
/home/roy/software/anaconda3/lib/python3.13/site-packages/torch/_compile.py:32: UserWarning: optimizer contains a parameter group with duplicate parameters; in future, this will cause an error; see github.com/pytorch/pytorch/issues/40967 for more information
  return disable_fn(*args, **kwargs)
Joint DKL training: 50 epochs
  Epoch 20/50  loss=1.6225
  Epoch 40/50  loss=1.4998
DKL training done in 0.3s
  → 2ZrBr2-1  gap=1.140 eV  best=4.709 eV  top50=0  top10%=0
Cycle   2: GP refit  (11 labelled)
  → 1ZrBr2-1  gap=1.276 eV  best=4.709 eV  top50=0  top10%=0
Cycle   3: GP refit  (12 labelled)
  → 1HfPdI6-1  gap=1.368 eV  best=4.709 eV  top50=0  top10%=0
Cycle   4: GP refit  (13 labelled)
  → 1FeZrI6-1  gap=2.598 eV  best=4.709 eV  top50=0  top10%=0
Cycle   5: GP refit  (14 labelled)
  → 1HfMnI6-1  gap=2.788 eV  best=4.709 eV  top50=0  top10%=0
Cycle   6: full DKL retrain  (15 labelled)
GP warmup: 20 epochs on initial embeddings
Joint DKL training: 50 epochs
  Epoch 20/50  loss=1.0053
  Epoch 40/50  loss=0.8476
DKL training done in 0.3s
  → 1NiSSeZr-1  gap=1.881 eV  best=4.709 eV  top50=0  top10%=0
Cycle   7: GP refit  (16 labelled)
  → 1SI2Pb2-1  gap=1.567 eV  best=4.709 eV  top50=0  top10%=0
Cycle   8: GP refit  (17 labelled)
  → 1ZrCl2-1  gap=1.500 eV  best=4.709 eV  top50=0  top10%=0
Cycle   9: GP refit  (18 labelled)
  → 1C2O2Zr3-1  gap=0.961 eV  best=4.709 eV  top50=0  top10%=0
Cycle  10: GP refit  (19 labelled)
  → 1HfCl2-1  gap=1.471 eV  best=4.709 eV  top50=0  top10%=0
Cycle  11: full DKL retrain  (20 labelled)
GP warmup: 20 epochs on initial embeddings
Joint DKL training: 50 epochs
  Epoch 20/50  loss=-0.0332
  Epoch 40/50  loss=-0.5847
DKL training done in 0.3s
  → 1AgCrP2Se6-1  gap=1.789 eV  best=4.709 eV  top50=0  top10%=0
Cycle  12: GP refit  (21 labelled)
  → 1AgCrP2Te6-1  gap=1.137 eV  best=4.709 eV  top50=0  top10%=0
Cycle  13: GP refit  (22 labelled)
  → 1AgAlP2Se6-1  gap=2.339 eV  best=4.709 eV  top50=0  top10%=0
Cycle  14: GP refit  (23 labelled)
  → 1CoLiP2Se6-1  gap=2.004 eV  best=4.709 eV  top50=0  top10%=0
Cycle  15: GP refit  (24 labelled)
  → 1AgInP2Se6-1  gap=1.707 eV  best=4.709 eV  top50=0  top10%=0
Cycle  16: full DKL retrain  (25 labelled)
GP warmup: 20 epochs on initial embeddings
Joint DKL training: 50 epochs
  Epoch 20/50  loss=-0.3607
  Epoch 40/50  loss=-0.6735
DKL training done in 0.3s
  → 1AgAlAs2Se6-1  gap=1.577 eV  best=4.709 eV  top50=0  top10%=0
Cycle  17: GP refit  (26 labelled)
  → 1AgTlP2Se6-1  gap=0.901 eV  best=4.709 eV  top50=0  top10%=0
Cycle  18: GP refit  (27 labelled)
  → 1PdZnP2Se6-1  gap=0.796 eV  best=4.709 eV  top50=0  top10%=0
Cycle  19: GP refit  (28 labelled)
  → 1CoNaP2Se6-1  gap=1.717 eV  best=4.709 eV  top50=0  top10%=0
Cycle  20: GP refit  (29 labelled)
  → 1CoLiAs2Se6-1  gap=1.175 eV  best=4.709 eV  top50=0  top10%=0
Cycle  21: full DKL retrain  (30 labelled)
GP warmup: 20 epochs on initial embeddings
Joint DKL training: 50 epochs
  Epoch 20/50  loss=-0.2185
  Epoch 40/50  loss=-0.8254
DKL training done in 0.3s
  → 1AgCrAs2Se6-1  gap=1.270 eV  best=4.709 eV  top50=0  top10%=0
Cycle  22: GP refit  (31 labelled)
  → 1CoNaAs2Se6-1  gap=1.295 eV  best=4.709 eV  top50=0  top10%=0
Cycle  23: GP refit  (32 labelled)
  → 1AgGaP2Se6-1  gap=1.694 eV  best=4.709 eV  top50=0  top10%=0
Cycle  24: GP refit  (33 labelled)
  → 1AgScP2Se6-1  gap=2.775 eV  best=4.709 eV  top50=0  top10%=0
Cycle  25: GP refit  (34 labelled)
  → 1AgAlP2Te6-1  gap=1.065 eV  best=4.709 eV  top50=0  top10%=0
Cycle  26: full DKL retrain  (35 labelled)
GP warmup: 20 epochs on initial embeddings
Joint DKL training: 50 epochs
  Epoch 20/50  loss=0.4565
  Epoch 40/50  loss=-0.5687
DKL training done in 0.3s
  → 1N2O2Hf3-1  gap=0.508 eV  best=4.709 eV  top50=0  top10%=0
Cycle  27: GP refit  (36 labelled)
  → 1GaInS2-1  gap=2.570 eV  best=4.709 eV  top50=0  top10%=0
Cycle  28: GP refit  (37 labelled)
  → 3RuSCl2-1  gap=1.131 eV  best=4.709 eV  top50=0  top10%=0
Cycle  29: GP refit  (38 labelled)
  → 1OBi2S2-1  gap=1.179 eV  best=4.709 eV  top50=0  top10%=0
Cycle  30: GP refit  (39 labelled)
  → 4OBi2S2-1  gap=2.212 eV  best=4.709 eV  top50=0  top10%=0
Cycle  31: full DKL retrain  (40 labelled)
GP warmup: 20 epochs on initial embeddings
Joint DKL training: 50 epochs
  Epoch 20/50  loss=-0.1511
  Epoch 40/50  loss=-0.3447
DKL training done in 0.3s
  → 2AgCrP2S6-1  gap=2.715 eV  best=4.709 eV  top50=0  top10%=0
Cycle  32: GP refit  (41 labelled)
  → 1Br2Se2Pb3-1  gap=1.452 eV  best=4.709 eV  top50=0  top10%=0
Cycle  33: GP refit  (42 labelled)
  → 4AsLiS2-2  gap=1.883 eV  best=4.709 eV  top50=0  top10%=0
Cycle  34: GP refit  (43 labelled)
  → 4NaSbS2-2  gap=2.102 eV  best=4.709 eV  top50=0  top10%=0
Cycle  35: GP refit  (44 labelled)
  → 1STeIn2-1  gap=1.141 eV  best=4.709 eV  top50=0  top10%=0
Cycle  36: full DKL retrain  (45 labelled)
GP warmup: 20 epochs on initial embeddings
Joint DKL training: 50 epochs
  Epoch 20/50  loss=-0.3619
  Epoch 40/50  loss=-0.6327
DKL training done in 0.3s
  → 1N2O2Y3-1  gap=1.648 eV  best=4.709 eV  top50=0  top10%=0
Cycle  37: GP refit  (46 labelled)
  → 2AgIBr2-1  gap=2.063 eV  best=4.709 eV  top50=0  top10%=0
Cycle  38: GP refit  (47 labelled)
  → 4BiLiO2-1  gap=3.784 eV  best=4.709 eV  top50=0  top10%=0
Cycle  39: GP refit  (48 labelled)
  → 1AuClCuI-1  gap=3.695 eV  best=4.709 eV  top50=0  top10%=0
Cycle  40: GP refit  (49 labelled)
  → 4OBi2Se2-1  gap=1.736 eV  best=4.709 eV  top50=0  top10%=0
Cycle  41: full DKL retrain  (50 labelled)
GP warmup: 20 epochs on initial embeddings
Joint DKL training: 50 epochs
  Epoch 20/50  loss=-0.0495
  Epoch 40/50  loss=-0.4641
DKL training done in 0.3s
  → 1AgInP2S6-1  gap=2.365 eV  best=4.709 eV  top50=0  top10%=0
Cycle  42: GP refit  (51 labelled)
  → 1BrCuGeTe-1  gap=1.540 eV  best=4.709 eV  top50=0  top10%=0
Cycle  43: GP refit  (52 labelled)
  → 1SnBr2S2-1  gap=1.490 eV  best=4.709 eV  top50=0  top10%=0
Cycle  44: GP refit  (53 labelled)
  → 1PbI2-2  gap=2.404 eV  best=4.709 eV  top50=0  top10%=0
Cycle  45: GP refit  (54 labelled)
  → 2ZrCl2-1  gap=1.161 eV  best=4.709 eV  top50=0  top10%=0
Cycle  46: full DKL retrain  (55 labelled)
GP warmup: 20 epochs on initial embeddings
Joint DKL training: 50 epochs
  Epoch 20/50  loss=-0.3079
  Epoch 40/50  loss=-0.4852
DKL training done in 0.3s
  → 1AgGaP2S6-1  gap=2.285 eV  best=4.709 eV  top50=0  top10%=0
Cycle  47: GP refit  (56 labelled)
  → 2CoHS2-1  gap=1.204 eV  best=4.709 eV  top50=0  top10%=0
Cycle  48: GP refit  (57 labelled)
  → 2TiCl2-1  gap=0.997 eV  best=4.709 eV  top50=0  top10%=0
Cycle  49: GP refit  (58 labelled)
  → 4AgF2-2  gap=1.637 eV  best=4.709 eV  top50=0  top10%=0
Cycle  50: GP refit  (59 labelled)
  → 1TiBr2-1  gap=1.166 eV  best=4.709 eV  top50=0  top10%=0
Cycle  51: full DKL retrain  (60 labelled)
GP warmup: 20 epochs on initial embeddings
Joint DKL training: 50 epochs
  Epoch 20/50  loss=-0.3689
  Epoch 40/50  loss=-0.5283
DKL training done in 0.3s
  → 1CoLiP2S6-1  gap=2.395 eV  best=4.709 eV  top50=0  top10%=0
Cycle  52: GP refit  (61 labelled)
  → 1AgCrP2S6-1  gap=2.012 eV  best=4.709 eV  top50=0  top10%=0
Cycle  53: GP refit  (62 labelled)
  → 1CoNaP2S6-1  gap=1.851 eV  best=4.709 eV  top50=0  top10%=0
Cycle  54: GP refit  (63 labelled)
  → 1CSiH2-1  gap=4.871 eV  best=4.871 eV  top50=0  top10%=0
Cycle  55: GP refit  (64 labelled)
  → 2ZrI2-1  gap=0.889 eV  best=4.871 eV  top50=0  top10%=0
Cycle  56: full DKL retrain  (65 labelled)
GP warmup: 20 epochs on initial embeddings
Joint DKL training: 50 epochs
  Epoch 20/50  loss=-0.1196
  Epoch 40/50  loss=-0.3557
DKL training done in 0.3s
  → 1C2O2Hf3-1  gap=0.917 eV  best=4.871 eV  top50=0  top10%=0
Cycle  57: GP refit  (66 labelled)
  → 1PbSe2-1  gap=1.847 eV  best=4.871 eV  top50=0  top10%=0
Cycle  58: GP refit  (67 labelled)
  → 1PbS2-1  gap=2.299 eV  best=4.871 eV  top50=0  top10%=0
Cycle  59: GP refit  (68 labelled)
  → 1SnBr2-2  gap=3.220 eV  best=4.871 eV  top50=0  top10%=0
Cycle  60: GP refit  (69 labelled)
  → 2InS2-3  gap=1.242 eV  best=4.871 eV  top50=0  top10%=0
Cycle  61: full DKL retrain  (70 labelled)
GP warmup: 20 epochs on initial embeddings
Joint DKL training: 50 epochs
  Epoch 20/50  loss=-0.1745
  Epoch 40/50  loss=-0.3813
DKL training done in 0.3s
  → 1GaInTe2-1  gap=1.532 eV  best=4.871 eV  top50=0  top10%=0
Cycle  62: GP refit  (71 labelled)
  → 2NbOI2-1  gap=1.845 eV  best=4.871 eV  top50=0  top10%=0
Cycle  63: GP refit  (72 labelled)
  → 1OVI2-1  gap=1.849 eV  best=4.871 eV  top50=0  top10%=0
Cycle  64: GP refit  (73 labelled)
  → 1CrSe2-1  gap=1.128 eV  best=4.871 eV  top50=0  top10%=0
Cycle  65: GP refit  (74 labelled)
  → 2FeSe2-1  gap=1.053 eV  best=4.871 eV  top50=0  top10%=0
Cycle  66: full DKL retrain  (75 labelled)
GP warmup: 20 epochs on initial embeddings
Joint DKL training: 50 epochs
  Epoch 20/50  loss=-0.5496
  Epoch 40/50  loss=-0.7035
DKL training done in 0.3s
  → 1OVBr2-1  gap=3.019 eV  best=4.871 eV  top50=0  top10%=0
Cycle  67: GP refit  (76 labelled)
  → 2FeS2-1  gap=1.331 eV  best=4.871 eV  top50=0  top10%=0
Cycle  68: GP refit  (77 labelled)
  → 1CrS2-1  gap=1.351 eV  best=4.871 eV  top50=0  top10%=0
Cycle  69: GP refit  (78 labelled)
  → 1AgMoBr4-1  gap=2.166 eV  best=4.871 eV  top50=0  top10%=0
Cycle  70: GP refit  (79 labelled)
  → 2AgAuCl4-1  gap=2.332 eV  best=4.871 eV  top50=0  top10%=0
Cycle  71: full DKL retrain  (80 labelled)
GP warmup: 20 epochs on initial embeddings
Joint DKL training: 50 epochs
  Epoch 20/50  loss=-0.4444
  Epoch 40/50  loss=-0.6220
DKL training done in 0.3s
  → 1SnI2-2  gap=2.504 eV  best=4.871 eV  top50=0  top10%=0
Cycle  72: GP refit  (81 labelled)
  → 1RuCl2-3  gap=0.908 eV  best=4.871 eV  top50=0  top10%=0
Cycle  73: GP refit  (82 labelled)
  → 1HfBr2-1  gap=1.226 eV  best=4.871 eV  top50=0  top10%=0
Cycle  74: GP refit  (83 labelled)
  → 1HgI2-4  gap=1.370 eV  best=4.871 eV  top50=0  top10%=0
Cycle  75: GP refit  (84 labelled)
  → 2HfBr2-1  gap=1.334 eV  best=4.871 eV  top50=0  top10%=0
Cycle  76: full DKL retrain  (85 labelled)
GP warmup: 20 epochs on initial embeddings
Joint DKL training: 50 epochs
  Epoch 20/50  loss=-0.6554
  Epoch 40/50  loss=-0.8160
DKL training done in 0.3s
  → 4AsNaO2-1  gap=5.635 eV  best=5.635 eV  top50=1  top10%=1
Cycle  77: GP refit  (86 labelled)
  → 1HgBr2-4  gap=2.459 eV  best=5.635 eV  top50=1  top10%=1
Cycle  78: GP refit  (87 labelled)
  → 1HgCl2-3  gap=3.201 eV  best=5.635 eV  top50=1  top10%=1
Cycle  79: GP refit  (88 labelled)
  → 2PdSeO3-1  gap=2.663 eV  best=5.635 eV  top50=1  top10%=1
Cycle  80: GP refit  (89 labelled)
  → 2GaTe-1  gap=1.862 eV  best=5.635 eV  top50=1  top10%=1
Cycle  81: full DKL retrain  (90 labelled)
GP warmup: 20 epochs on initial embeddings
Joint DKL training: 50 epochs
  Epoch 20/50  loss=-0.1315
  Epoch 40/50  loss=-0.2893
DKL training done in 0.4s
  → 2MoS2-1  gap=0.069 eV  best=5.635 eV  top50=1  top10%=1
Cycle  82: GP refit  (91 labelled)
  → 2RuO2-1  gap=0.693 eV  best=5.635 eV  top50=1  top10%=1
Cycle  83: GP refit  (92 labelled)
  → 1ISbTe-2  gap=1.442 eV  best=5.635 eV  top50=1  top10%=1
Cycle  84: GP refit  (93 labelled)
  → 1BrISCd2-1  gap=1.715 eV  best=5.635 eV  top50=1  top10%=1
Cycle  85: GP refit  (94 labelled)
  → 1AsISe-2  gap=1.052 eV  best=5.635 eV  top50=1  top10%=1
Cycle  86: full DKL retrain  (95 labelled)
GP warmup: 20 epochs on initial embeddings
Joint DKL training: 50 epochs
  Epoch 20/50  loss=-0.1512
  Epoch 40/50  loss=-0.3305
DKL training done in 0.3s
  → 1MgI2-3  gap=3.448 eV  best=5.635 eV  top50=1  top10%=1
Cycle  87: GP refit  (96 labelled)
  → 1TiCl2-1  gap=1.395 eV  best=5.635 eV  top50=1  top10%=1
Cycle  88: GP refit  (97 labelled)
  → 1AsClS-2  gap=2.443 eV  best=5.635 eV  top50=1  top10%=1
Cycle  89: GP refit  (98 labelled)
  → 1BiClS-2  gap=2.271 eV  best=5.635 eV  top50=1  top10%=1
Cycle  90: GP refit  (99 labelled)
  → 2HNaTe-1  gap=3.492 eV  best=5.635 eV  top50=1  top10%=1
Cycle  91: full DKL retrain  (100 labelled)
GP warmup: 20 epochs on initial embeddings
Joint DKL training: 50 epochs
  Epoch 20/50  loss=-0.2345
  Epoch 40/50  loss=-0.3789
DKL training done in 0.3s
  → 1WO2-1  gap=2.097 eV  best=5.635 eV  top50=1  top10%=1
Cycle  92: GP refit  (101 labelled)
  → 1CdI2-3  gap=2.295 eV  best=5.635 eV  top50=1  top10%=1
Cycle  93: GP refit  (102 labelled)
  → 2MoWO4-1  gap=1.840 eV  best=5.635 eV  top50=1  top10%=1
Cycle  94: GP refit  (103 labelled)
  → 2AsTlO3-1  gap=4.438 eV  best=5.635 eV  top50=1  top10%=1
Cycle  95: GP refit  (104 labelled)
  → 1BiClS-1  gap=1.745 eV  best=5.635 eV  top50=1  top10%=1
Cycle  96: full DKL retrain  (105 labelled)
GP warmup: 20 epochs on initial embeddings
Joint DKL training: 50 epochs
  Epoch 20/50  loss=-0.1768
  Epoch 40/50  loss=-0.3816
DKL training done in 0.4s
  → 4AuI2-1  gap=0.880 eV  best=5.635 eV  top50=1  top10%=1
Cycle  97: GP refit  (106 labelled)
  → 1BiClSe-2  gap=1.992 eV  best=5.635 eV  top50=1  top10%=1
Cycle  98: GP refit  (107 labelled)
  → 1ISbTe-1  gap=1.322 eV  best=5.635 eV  top50=1  top10%=1
Cycle  99: GP refit  (108 labelled)
  → 1AsClSe-2  gap=2.371 eV  best=5.635 eV  top50=1  top10%=1
Cycle 100: GP refit  (109 labelled)
  → 1BiFS-1  gap=2.255 eV  best=5.635 eV  top50=1  top10%=1
  visible_0p7_3p0/dkl_finetune/seed2 → in-window found=87
BOLoop: 766 materials  |  direction=max  |  top-50 internal threshold=5.35  top-10% internal threshold=4.94
Init: 10 random labels  |  best (max) = 4.523
Cycle   1: full DKL retrain  (10 labelled)
GP warmup: 20 epochs on initial embeddings
/home/roy/software/anaconda3/lib/python3.13/site-packages/torch/_compile.py:32: UserWarning: optimizer contains a parameter group with duplicate parameters; in future, this will cause an error; see github.com/pytorch/pytorch/issues/40967 for more information
  return disable_fn(*args, **kwargs)
Joint DKL training: 50 epochs
  Epoch 20/50  loss=1.6494
  Epoch 40/50  loss=1.5088
DKL training done in 0.3s
  → 1BrSSb-2  gap=2.028 eV  best=4.523 eV  top50=0  top10%=0
Cycle   2: GP refit  (11 labelled)
  → 1SnBr2S2-1  gap=1.490 eV  best=4.523 eV  top50=0  top10%=0
Cycle   3: GP refit  (12 labelled)
  → 1HfBr2-1  gap=1.226 eV  best=4.523 eV  top50=0  top10%=0
Cycle   4: GP refit  (13 labelled)
  → 1ClSbSe-2  gap=2.290 eV  best=4.523 eV  top50=0  top10%=0
Cycle   5: GP refit  (14 labelled)
  → 1ClITi-1  gap=1.187 eV  best=4.523 eV  top50=0  top10%=0
Cycle   6: full DKL retrain  (15 labelled)
GP warmup: 20 epochs on initial embeddings
Joint DKL training: 50 epochs
  Epoch 20/50  loss=0.5268
  Epoch 40/50  loss=0.4385
DKL training done in 0.3s
  → 1AgCrP2Te6-1  gap=1.137 eV  best=4.523 eV  top50=0  top10%=0
Cycle   7: GP refit  (16 labelled)
  → 1AgAlP2Te6-1  gap=1.065 eV  best=4.523 eV  top50=0  top10%=0
Cycle   8: GP refit  (17 labelled)
  → 1N2O2Y3-1  gap=1.648 eV  best=4.523 eV  top50=0  top10%=0
Cycle   9: GP refit  (18 labelled)
  → 4LiSbS2-1  gap=2.746 eV  best=4.523 eV  top50=0  top10%=0
Cycle  10: GP refit  (19 labelled)
  → 2ClRhTe-1  gap=2.113 eV  best=4.523 eV  top50=0  top10%=0
Cycle  11: full DKL retrain  (20 labelled)
GP warmup: 20 epochs on initial embeddings
Joint DKL training: 50 epochs
  Epoch 20/50  loss=-0.0125
  Epoch 40/50  loss=-0.2063
DKL training done in 0.3s
  → 1AgScP2S6-1  gap=3.453 eV  best=4.523 eV  top50=0  top10%=0
Cycle  12: GP refit  (21 labelled)
  → 1CoLiP2S6-1  gap=2.395 eV  best=4.523 eV  top50=0  top10%=0
Cycle  13: GP refit  (22 labelled)
  → 1AgAlP2S6-1  gap=3.132 eV  best=4.523 eV  top50=0  top10%=0
Cycle  14: GP refit  (23 labelled)
  → 1AgCrP2S6-1  gap=2.012 eV  best=4.523 eV  top50=0  top10%=0
Cycle  15: GP refit  (24 labelled)
  → 2AgCrP2S6-1  gap=2.715 eV  best=4.523 eV  top50=0  top10%=0
Cycle  16: full DKL retrain  (25 labelled)
GP warmup: 20 epochs on initial embeddings
Joint DKL training: 50 epochs
  Epoch 20/50  loss=1.1009
  Epoch 40/50  loss=0.1687
DKL training done in 0.3s
  → 1OVBr2-1  gap=3.019 eV  best=4.523 eV  top50=0  top10%=0
Cycle  17: GP refit  (26 labelled)
  → 1HfSSe-1  gap=1.512 eV  best=4.523 eV  top50=0  top10%=0
Cycle  18: GP refit  (27 labelled)
  → 1BrISCd2-1  gap=1.715 eV  best=4.523 eV  top50=0  top10%=0
Cycle  19: GP refit  (28 labelled)
  → 1MgBr2-3  gap=4.662 eV  best=4.662 eV  top50=0  top10%=0
Cycle  20: GP refit  (29 labelled)
  → 1IO2V2Br3-1  gap=1.857 eV  best=4.662 eV  top50=0  top10%=0
Cycle  21: full DKL retrain  (30 labelled)
GP warmup: 20 epochs on initial embeddings
Joint DKL training: 50 epochs
  Epoch 20/50  loss=0.6817
  Epoch 40/50  loss=0.5437
DKL training done in 0.3s
  → 2MoS2-1  gap=0.069 eV  best=4.662 eV  top50=0  top10%=0
Cycle  22: GP refit  (31 labelled)
  → 4TaS3-1  gap=0.823 eV  best=4.662 eV  top50=0  top10%=0
Cycle  23: GP refit  (32 labelled)
  → 4NbS3-2  gap=1.030 eV  best=4.662 eV  top50=0  top10%=0
Cycle  24: GP refit  (33 labelled)
  → 1CSiF2-1  gap=3.306 eV  best=4.662 eV  top50=0  top10%=0
Cycle  25: GP refit  (34 labelled)
  → 1SeBi2S2-1  gap=0.923 eV  best=4.662 eV  top50=0  top10%=0
Cycle  26: full DKL retrain  (35 labelled)
GP warmup: 20 epochs on initial embeddings
Joint DKL training: 50 epochs
  Epoch 20/50  loss=0.6261
  Epoch 40/50  loss=0.5066
DKL training done in 0.3s
  → 1CrHS2-1  gap=2.800 eV  best=4.662 eV  top50=0  top10%=0
Cycle  27: GP refit  (36 labelled)
  → 1BiFSe-1  gap=1.981 eV  best=4.662 eV  top50=0  top10%=0
Cycle  28: GP refit  (37 labelled)
  → 1BiFS-1  gap=2.255 eV  best=4.662 eV  top50=0  top10%=0
Cycle  29: GP refit  (38 labelled)
  → 1BrSbSe-2  gap=2.037 eV  best=4.662 eV  top50=0  top10%=0
Cycle  30: GP refit  (39 labelled)
  → 1AgCrAs2Se6-1  gap=1.270 eV  best=4.662 eV  top50=0  top10%=0
Cycle  31: full DKL retrain  (40 labelled)
GP warmup: 20 epochs on initial embeddings
Joint DKL training: 50 epochs
  Epoch 20/50  loss=0.1163
  Epoch 40/50  loss=0.0032
DKL training done in 0.3s
  → 1AgCrP2Se6-1  gap=1.789 eV  best=4.662 eV  top50=0  top10%=0
Cycle  32: GP refit  (41 labelled)
  → 1CoLiP2Se6-1  gap=2.004 eV  best=4.662 eV  top50=0  top10%=0
Cycle  33: GP refit  (42 labelled)
  → 1AgAlAs2Se6-1  gap=1.577 eV  best=4.662 eV  top50=0  top10%=0
Cycle  34: GP refit  (43 labelled)
  → 1AgTlP2Se6-1  gap=0.901 eV  best=4.662 eV  top50=0  top10%=0
Cycle  35: GP refit  (44 labelled)
  → 1AgGaP2S6-1  gap=2.285 eV  best=4.662 eV  top50=0  top10%=0
Cycle  36: full DKL retrain  (45 labelled)
GP warmup: 20 epochs on initial embeddings
Joint DKL training: 50 epochs
  Epoch 20/50  loss=0.1100
  Epoch 40/50  loss=0.0165
DKL training done in 0.3s
  → 1AgInP2Se6-1  gap=1.707 eV  best=4.662 eV  top50=0  top10%=0
Cycle  37: GP refit  (46 labelled)
  → 1CoNaP2Se6-1  gap=1.717 eV  best=4.662 eV  top50=0  top10%=0
Cycle  38: GP refit  (47 labelled)
  → 4AsLiS2-2  gap=1.883 eV  best=4.662 eV  top50=0  top10%=0
Cycle  39: GP refit  (48 labelled)
  → 1GaInS2-1  gap=2.570 eV  best=4.662 eV  top50=0  top10%=0
Cycle  40: GP refit  (49 labelled)
  → 4OBi2Se2-1  gap=1.736 eV  best=4.662 eV  top50=0  top10%=0
Cycle  41: full DKL retrain  (50 labelled)
GP warmup: 20 epochs on initial embeddings
Joint DKL training: 50 epochs
  Epoch 20/50  loss=-0.0808
  Epoch 40/50  loss=-0.1834
DKL training done in 0.3s
  → 1AgAlP2Se6-1  gap=2.339 eV  best=4.662 eV  top50=0  top10%=0
Cycle  42: GP refit  (51 labelled)
  → 1PdZnP2Se6-1  gap=0.796 eV  best=4.662 eV  top50=0  top10%=0
Cycle  43: GP refit  (52 labelled)
  → 1SSeTi-2  gap=1.342 eV  best=4.662 eV  top50=0  top10%=0
Cycle  44: GP refit  (53 labelled)
  → 1BrSbSe-1  gap=1.649 eV  best=4.662 eV  top50=0  top10%=0
Cycle  45: GP refit  (54 labelled)
  → 4AsPtS-1  gap=2.061 eV  best=4.662 eV  top50=0  top10%=0
Cycle  46: full DKL retrain  (55 labelled)
GP warmup: 20 epochs on initial embeddings
Joint DKL training: 50 epochs
  Epoch 20/50  loss=-0.0675
  Epoch 40/50  loss=-0.2258
DKL training done in 0.3s
  → 1N2O2Hf3-1  gap=0.508 eV  best=4.662 eV  top50=0  top10%=0
Cycle  47: GP refit  (56 labelled)
  → 2FeS2-1  gap=1.331 eV  best=4.662 eV  top50=0  top10%=0
Cycle  48: GP refit  (57 labelled)
  → 1SnO2-3  gap=1.956 eV  best=4.662 eV  top50=0  top10%=0
Cycle  49: GP refit  (58 labelled)
  → 1BiBrS-1  gap=1.600 eV  best=4.662 eV  top50=0  top10%=0
Cycle  50: GP refit  (59 labelled)
  → 1BiBrS-2  gap=1.980 eV  best=4.662 eV  top50=0  top10%=0
Cycle  51: full DKL retrain  (60 labelled)
GP warmup: 20 epochs on initial embeddings
Joint DKL training: 50 epochs
  Epoch 20/50  loss=-0.1846
  Epoch 40/50  loss=-0.3180
DKL training done in 0.3s
  → 1C2O2Hf3-1  gap=0.917 eV  best=4.662 eV  top50=0  top10%=0
Cycle  52: GP refit  (61 labelled)
  → 2CoHS2-1  gap=1.204 eV  best=4.662 eV  top50=0  top10%=0
Cycle  53: GP refit  (62 labelled)
  → 4OBi2S2-1  gap=2.212 eV  best=4.662 eV  top50=0  top10%=0
Cycle  54: GP refit  (63 labelled)
  → 4OSb2Se2-1  gap=2.083 eV  best=4.662 eV  top50=0  top10%=0
Cycle  55: GP refit  (64 labelled)
  → 1HfS2-2  gap=2.038 eV  best=4.662 eV  top50=0  top10%=0
Cycle  56: full DKL retrain  (65 labelled)
GP warmup: 20 epochs on initial embeddings
Joint DKL training: 50 epochs
  Epoch 20/50  loss=-0.3058
  Epoch 40/50  loss=-0.4214
DKL training done in 0.4s
  → 1CoNaP2S6-1  gap=1.851 eV  best=4.662 eV  top50=0  top10%=0
Cycle  57: GP refit  (66 labelled)
  → 4NaSbS2-2  gap=2.102 eV  best=4.662 eV  top50=0  top10%=0
Cycle  58: GP refit  (67 labelled)
  → 2INbO2-1  gap=2.295 eV  best=4.662 eV  top50=0  top10%=0
Cycle  59: GP refit  (68 labelled)
  → 1ZrTe2-2  gap=0.836 eV  best=4.662 eV  top50=0  top10%=0
Cycle  60: GP refit  (69 labelled)
  → 2CaFI-1  gap=5.209 eV  best=5.209 eV  top50=0  top10%=1
Cycle  61: full DKL retrain  (70 labelled)
GP warmup: 20 epochs on initial embeddings
Joint DKL training: 50 epochs
  Epoch 20/50  loss=0.1165
  Epoch 40/50  loss=-0.1038
DKL training done in 0.3s
  → 1N2O2Zr3-1  gap=0.616 eV  best=5.209 eV  top50=0  top10%=1
Cycle  62: GP refit  (71 labelled)
  → 1STeIn2-1  gap=1.141 eV  best=5.209 eV  top50=0  top10%=1
Cycle  63: GP refit  (72 labelled)
  → 1SI2Pb2-1  gap=1.567 eV  best=5.209 eV  top50=0  top10%=1
Cycle  64: GP refit  (73 labelled)
  → 1SnBr2-2  gap=3.220 eV  best=5.209 eV  top50=0  top10%=1
Cycle  65: GP refit  (74 labelled)
  → 1BrSSb-1  gap=1.838 eV  best=5.209 eV  top50=0  top10%=1
Cycle  66: full DKL retrain  (75 labelled)
GP warmup: 20 epochs on initial embeddings
Joint DKL training: 50 epochs
  Epoch 20/50  loss=0.0328
  Epoch 40/50  loss=-0.0937
DKL training done in 0.3s
  → 2ClMoO2-1  gap=1.762 eV  best=5.209 eV  top50=0  top10%=1
Cycle  67: GP refit  (76 labelled)
  → 4BiLiO2-1  gap=3.784 eV  best=5.209 eV  top50=0  top10%=1
Cycle  68: GP refit  (77 labelled)
  → 1BiClS-1  gap=1.745 eV  best=5.209 eV  top50=0  top10%=1
Cycle  69: GP refit  (78 labelled)
  → 2GaS-1  gap=3.197 eV  best=5.209 eV  top50=0  top10%=1
Cycle  70: GP refit  (79 labelled)
  → 2IRhS-2  gap=1.665 eV  best=5.209 eV  top50=0  top10%=1
Cycle  71: full DKL retrain  (80 labelled)
GP warmup: 20 epochs on initial embeddings
Joint DKL training: 50 epochs
  Epoch 20/50  loss=0.1386
  Epoch 40/50  loss=-0.0146
DKL training done in 0.3s
  → 1AgInP2S6-1  gap=2.365 eV  best=5.209 eV  top50=0  top10%=1
Cycle  72: GP refit  (81 labelled)
  → 1AgGaP2Se6-1  gap=1.694 eV  best=5.209 eV  top50=0  top10%=1
Cycle  73: GP refit  (82 labelled)
  → 4NaSbO2-1  gap=4.747 eV  best=5.209 eV  top50=0  top10%=1
Cycle  74: GP refit  (83 labelled)
  → 2InS2-3  gap=1.242 eV  best=5.209 eV  top50=0  top10%=1
Cycle  75: GP refit  (84 labelled)
  → 1SeTa3Cl7-1  gap=1.582 eV  best=5.209 eV  top50=0  top10%=1
Cycle  76: full DKL retrain  (85 labelled)
GP warmup: 20 epochs on initial embeddings
Joint DKL training: 50 epochs
  Epoch 20/50  loss=0.1218
  Epoch 40/50  loss=-0.0707
DKL training done in 0.3s
  → 1PbI2-2  gap=2.404 eV  best=5.209 eV  top50=0  top10%=1
Cycle  77: GP refit  (86 labelled)
  → 2OsO2-1  gap=1.005 eV  best=5.209 eV  top50=0  top10%=1
Cycle  78: GP refit  (87 labelled)
  → 1YI2-1  gap=0.544 eV  best=5.209 eV  top50=0  top10%=1
Cycle  79: GP refit  (88 labelled)
  → 2InS-1  gap=2.431 eV  best=5.209 eV  top50=0  top10%=1
Cycle  80: GP refit  (89 labelled)
  → 2ClMnSbS2-2  gap=1.242 eV  best=5.209 eV  top50=0  top10%=1
Cycle  81: full DKL retrain  (90 labelled)
GP warmup: 20 epochs on initial embeddings
Joint DKL training: 50 epochs
  Epoch 20/50  loss=0.0088
  Epoch 40/50  loss=-0.1613
DKL training done in 0.3s
  → 1CSiH2-1  gap=4.871 eV  best=5.209 eV  top50=0  top10%=1
Cycle  82: GP refit  (91 labelled)
  → 1TiBr2-1  gap=1.166 eV  best=5.209 eV  top50=0  top10%=1
Cycle  83: GP refit  (92 labelled)
  → 2CoAs2I2O3-1  gap=3.183 eV  best=5.209 eV  top50=0  top10%=1
Cycle  84: GP refit  (93 labelled)
  → 1BrClHf-1  gap=1.361 eV  best=5.209 eV  top50=0  top10%=1
Cycle  85: GP refit  (94 labelled)
  → 1InMnBr2Se2-1  gap=0.790 eV  best=5.209 eV  top50=0  top10%=1
Cycle  86: full DKL retrain  (95 labelled)
GP warmup: 20 epochs on initial embeddings
Joint DKL training: 50 epochs
  Epoch 20/50  loss=0.2916
  Epoch 40/50  loss=0.1099
DKL training done in 0.4s
  → 2TiCl2-1  gap=0.997 eV  best=5.209 eV  top50=0  top10%=1
Cycle  87: GP refit  (96 labelled)
  → 1HfCl2-1  gap=1.471 eV  best=5.209 eV  top50=0  top10%=1
Cycle  88: GP refit  (97 labelled)
  → 1ZrBr2-1  gap=1.276 eV  best=5.209 eV  top50=0  top10%=1
Cycle  89: GP refit  (98 labelled)
  → 1ZrS2-2  gap=2.023 eV  best=5.209 eV  top50=0  top10%=1
Cycle  90: GP refit  (99 labelled)
  → 1SnS2-3  gap=1.455 eV  best=5.209 eV  top50=0  top10%=1
Cycle  91: full DKL retrain  (100 labelled)
GP warmup: 20 epochs on initial embeddings
Joint DKL training: 50 epochs
  Epoch 20/50  loss=-0.1893
  Epoch 40/50  loss=-0.3680
DKL training done in 0.3s
  → 1OZrBr2-1  gap=2.245 eV  best=5.209 eV  top50=0  top10%=1
Cycle  92: GP refit  (101 labelled)
  → 1GaInTe2-1  gap=1.532 eV  best=5.209 eV  top50=0  top10%=1
Cycle  93: GP refit  (102 labelled)
  → 1BrITl2-1  gap=2.587 eV  best=5.209 eV  top50=0  top10%=1
Cycle  94: GP refit  (103 labelled)
  → 1ZrCl2-1  gap=1.500 eV  best=5.209 eV  top50=0  top10%=1
Cycle  95: GP refit  (104 labelled)
  → 2ZrCl2-1  gap=1.161 eV  best=5.209 eV  top50=0  top10%=1
Cycle  96: full DKL retrain  (105 labelled)
GP warmup: 20 epochs on initial embeddings
Joint DKL training: 50 epochs
  Epoch 20/50  loss=-0.3264
  Epoch 40/50  loss=-0.4957
DKL training done in 0.4s
  → 1CoLiAs2Se6-1  gap=1.175 eV  best=5.209 eV  top50=0  top10%=1
Cycle  97: GP refit  (106 labelled)
  → 1OBi2S2-1  gap=1.179 eV  best=5.209 eV  top50=0  top10%=1
Cycle  98: GP refit  (107 labelled)
  → 1CdBr2-3  gap=3.373 eV  best=5.209 eV  top50=0  top10%=1
Cycle  99: GP refit  (108 labelled)
  → 1PbO2-3  gap=0.935 eV  best=5.209 eV  top50=0  top10%=1
Cycle 100: GP refit  (109 labelled)
  → 1TiS2-2  gap=2.015 eV  best=5.209 eV  top50=0  top10%=1
  visible_0p7_3p0/dkl_finetune/seed3 → in-window found=83
BOLoop: 766 materials  |  direction=max  |  top-50 internal threshold=5.35  top-10% internal threshold=4.94
Init: 10 random labels  |  best (max) = 3.271
Cycle   1: full DKL retrain  (10 labelled)
GP warmup: 20 epochs on initial embeddings
/home/roy/software/anaconda3/lib/python3.13/site-packages/torch/_compile.py:32: UserWarning: optimizer contains a parameter group with duplicate parameters; in future, this will cause an error; see github.com/pytorch/pytorch/issues/40967 for more information
  return disable_fn(*args, **kwargs)
Joint DKL training: 50 epochs
  Epoch 20/50  loss=1.1761
  Epoch 40/50  loss=1.0872
DKL training done in 0.3s
  → 2RhSe-3  gap=0.337 eV  best=3.271 eV  top50=0  top10%=0
Cycle   2: GP refit  (11 labelled)
  → 1TeTa3F7-1  gap=1.702 eV  best=3.271 eV  top50=0  top10%=0
Cycle   3: GP refit  (12 labelled)
  → 1STa3F7-1  gap=1.799 eV  best=3.271 eV  top50=0  top10%=0
Cycle   4: GP refit  (13 labelled)
  → 1ONb3Br7-1  gap=1.441 eV  best=3.271 eV  top50=0  top10%=0
Cycle   5: GP refit  (14 labelled)
  → 1TeNb3Br7-1  gap=1.436 eV  best=3.271 eV  top50=0  top10%=0
Cycle   6: full DKL retrain  (15 labelled)
GP warmup: 20 epochs on initial embeddings
Joint DKL training: 50 epochs
  Epoch 20/50  loss=0.5283
  Epoch 40/50  loss=0.2483
DKL training done in 0.3s
  → 1AuInF4-1  gap=2.106 eV  best=3.271 eV  top50=0  top10%=0
Cycle   7: GP refit  (16 labelled)
  → 4AuF2-1  gap=1.286 eV  best=3.271 eV  top50=0  top10%=0
Cycle   8: GP refit  (17 labelled)
  → 2BrRhTe-1  gap=1.965 eV  best=3.271 eV  top50=0  top10%=0
Cycle   9: GP refit  (18 labelled)
  → 2FIrS-2  gap=2.104 eV  best=3.271 eV  top50=0  top10%=0
Cycle  10: GP refit  (19 labelled)
  → 2BrIrTe-2  gap=1.869 eV  best=3.271 eV  top50=0  top10%=0
Cycle  11: full DKL retrain  (20 labelled)
GP warmup: 20 epochs on initial embeddings
Joint DKL training: 50 epochs
  Epoch 20/50  loss=-0.0851
  Epoch 40/50  loss=-0.2770
DKL training done in 0.3s
  → 1AgInP2Se6-1  gap=1.707 eV  best=3.271 eV  top50=0  top10%=0
Cycle  12: GP refit  (21 labelled)
  → 1AgAlAs2Se6-1  gap=1.577 eV  best=3.271 eV  top50=0  top10%=0
Cycle  13: GP refit  (22 labelled)
  → 1AgTlP2Se6-1  gap=0.901 eV  best=3.271 eV  top50=0  top10%=0
Cycle  14: GP refit  (23 labelled)
  → 1N2O2Hf3-1  gap=0.508 eV  best=3.271 eV  top50=0  top10%=0
Cycle  15: GP refit  (24 labelled)
  → 1N2O2Y3-1  gap=1.648 eV  best=3.271 eV  top50=0  top10%=0
Cycle  16: full DKL retrain  (25 labelled)
GP warmup: 20 epochs on initial embeddings
Joint DKL training: 50 epochs
  Epoch 20/50  loss=-0.1288
  Epoch 40/50  loss=-0.2992
DKL training done in 0.3s
  → 1AgAlP2Se6-1  gap=2.339 eV  best=3.271 eV  top50=0  top10%=0
Cycle  17: GP refit  (26 labelled)
  → 1CoLiAs2Se6-1  gap=1.175 eV  best=3.271 eV  top50=0  top10%=0
Cycle  18: GP refit  (27 labelled)
  → 1CoNaAs2Se6-1  gap=1.295 eV  best=3.271 eV  top50=0  top10%=0
Cycle  19: GP refit  (28 labelled)
  → 2ClMoO2-1  gap=1.762 eV  best=3.271 eV  top50=0  top10%=0
Cycle  20: GP refit  (29 labelled)
  → 2IIrS-2  gap=1.749 eV  best=3.271 eV  top50=0  top10%=0
Cycle  21: full DKL retrain  (30 labelled)
GP warmup: 20 epochs on initial embeddings
Joint DKL training: 50 epochs
  Epoch 20/50  loss=0.1178
  Epoch 40/50  loss=-0.0412
DKL training done in 0.3s
  → 1BiHTe2O6-1  gap=4.226 eV  best=4.226 eV  top50=0  top10%=0
Cycle  22: GP refit  (31 labelled)
  → 1AgGaP2Se6-1  gap=1.694 eV  best=4.226 eV  top50=0  top10%=0
Cycle  23: GP refit  (32 labelled)
  → 2CaFI-1  gap=5.209 eV  best=5.209 eV  top50=0  top10%=1
Cycle  24: GP refit  (33 labelled)
  → 2CoI2Sb2O3-1  gap=3.324 eV  best=5.209 eV  top50=0  top10%=1
Cycle  25: GP refit  (34 labelled)
  → 2IrNbTe4-1  gap=0.033 eV  best=5.209 eV  top50=0  top10%=1
Cycle  26: full DKL retrain  (35 labelled)
GP warmup: 20 epochs on initial embeddings
Joint DKL training: 50 epochs
  Epoch 20/50  loss=0.7713
  Epoch 40/50  loss=0.5063
DKL training done in 0.3s
  → 1CoLiP2Se6-1  gap=2.004 eV  best=5.209 eV  top50=0  top10%=1
Cycle  27: GP refit  (36 labelled)
  → 1CoNaP2Se6-1  gap=1.717 eV  best=5.209 eV  top50=0  top10%=1
Cycle  28: GP refit  (37 labelled)
  → 1CSiH2-1  gap=4.871 eV  best=5.209 eV  top50=0  top10%=1
Cycle  29: GP refit  (38 labelled)
  → 2IRhS-2  gap=1.665 eV  best=5.209 eV  top50=0  top10%=1
Cycle  30: GP refit  (39 labelled)
  → 2ZrBr2-1  gap=1.140 eV  best=5.209 eV  top50=0  top10%=1
Cycle  31: full DKL retrain  (40 labelled)
GP warmup: 20 epochs on initial embeddings
Joint DKL training: 50 epochs
  Epoch 20/50  loss=0.3712
  Epoch 40/50  loss=0.1742
DKL training done in 0.3s
  → 1AgCrP2Se6-1  gap=1.789 eV  best=5.209 eV  top50=0  top10%=1
Cycle  32: GP refit  (41 labelled)
  → 1PdZnP2Se6-1  gap=0.796 eV  best=5.209 eV  top50=0  top10%=1
Cycle  33: GP refit  (42 labelled)
  → 1CSiF2-1  gap=3.306 eV  best=5.209 eV  top50=0  top10%=1
Cycle  34: GP refit  (43 labelled)
  → 2RuS2-1  gap=1.583 eV  best=5.209 eV  top50=0  top10%=1
Cycle  35: GP refit  (44 labelled)
  → 1ZnI2-3  gap=1.644 eV  best=5.209 eV  top50=0  top10%=1
Cycle  36: full DKL retrain  (45 labelled)
GP warmup: 20 epochs on initial embeddings
Joint DKL training: 50 epochs
  Epoch 20/50  loss=0.1654
  Epoch 40/50  loss=-0.0123
DKL training done in 0.3s
  → 1AgScP2Se6-1  gap=2.775 eV  best=5.209 eV  top50=0  top10%=1
Cycle  37: GP refit  (46 labelled)
  → 4AsNaO2-1  gap=5.635 eV  best=5.635 eV  top50=1  top10%=2
Cycle  38: GP refit  (47 labelled)
  → 1ZrO2-3  gap=3.561 eV  best=5.635 eV  top50=1  top10%=2
Cycle  39: GP refit  (48 labelled)
  → 1Nb3Cl8-1  gap=0.912 eV  best=5.635 eV  top50=1  top10%=2
Cycle  40: GP refit  (49 labelled)
  → 1FeZrI6-1  gap=2.598 eV  best=5.635 eV  top50=1  top10%=2
Cycle  41: full DKL retrain  (50 labelled)
GP warmup: 20 epochs on initial embeddings
Joint DKL training: 50 epochs
  Epoch 20/50  loss=0.4798
  Epoch 40/50  loss=0.2504
DKL training done in 0.3s
  → 1STeIn2-1  gap=1.141 eV  best=5.635 eV  top50=1  top10%=2
Cycle  42: GP refit  (51 labelled)
  → 2NbOCl2-1  gap=1.951 eV  best=5.635 eV  top50=1  top10%=2
Cycle  43: GP refit  (52 labelled)
  → 1ScSe2-2  gap=1.490 eV  best=5.635 eV  top50=1  top10%=2
Cycle  44: GP refit  (53 labelled)
  → 1YCl2-1  gap=0.999 eV  best=5.635 eV  top50=1  top10%=2
Cycle  45: GP refit  (54 labelled)
  → 1RuCl2-3  gap=0.908 eV  best=5.635 eV  top50=1  top10%=2
Cycle  46: full DKL retrain  (55 labelled)
GP warmup: 20 epochs on initial embeddings
Joint DKL training: 50 epochs
  Epoch 20/50  loss=0.0317
  Epoch 40/50  loss=-0.0589
DKL training done in 0.3s
  → 3RuSCl2-1  gap=1.131 eV  best=5.635 eV  top50=1  top10%=2
Cycle  47: GP refit  (56 labelled)
  → 1AuClCuI-1  gap=3.695 eV  best=5.635 eV  top50=1  top10%=2
Cycle  48: GP refit  (57 labelled)
  → 1YBr2-1  gap=0.901 eV  best=5.635 eV  top50=1  top10%=2
Cycle  49: GP refit  (58 labelled)
  → 1Ta3Br8-1  gap=0.821 eV  best=5.635 eV  top50=1  top10%=2
Cycle  50: GP refit  (59 labelled)
  → 1AsBrSe-1  gap=1.839 eV  best=5.635 eV  top50=1  top10%=2
Cycle  51: full DKL retrain  (60 labelled)
GP warmup: 20 epochs on initial embeddings
Joint DKL training: 50 epochs
  Epoch 20/50  loss=0.2263
  Epoch 40/50  loss=0.0793
DKL training done in 0.3s
  → 1N2O2Zr3-1  gap=0.616 eV  best=5.635 eV  top50=1  top10%=2
Cycle  52: GP refit  (61 labelled)
  → 2ClYO2-1  gap=1.184 eV  best=5.635 eV  top50=1  top10%=2
Cycle  53: GP refit  (62 labelled)
  → 2ClIrS-2  gap=2.204 eV  best=5.635 eV  top50=1  top10%=2
Cycle  54: GP refit  (63 labelled)
  → 2BrIrS-2  gap=2.065 eV  best=5.635 eV  top50=1  top10%=2
Cycle  55: GP refit  (64 labelled)
  → 1FeHfI6-1  gap=2.795 eV  best=5.635 eV  top50=1  top10%=2
Cycle  56: full DKL retrain  (65 labelled)
GP warmup: 20 epochs on initial embeddings
Joint DKL training: 50 epochs
  Epoch 20/50  loss=0.1689
  Epoch 40/50  loss=0.0024
DKL training done in 0.3s
  → 1OZrBr2-1  gap=2.245 eV  best=5.635 eV  top50=1  top10%=2
Cycle  57: GP refit  (66 labelled)
  → 1SnBr2S2-1  gap=1.490 eV  best=5.635 eV  top50=1  top10%=2
Cycle  58: GP refit  (67 labelled)
  → 1PbI2-2  gap=2.404 eV  best=5.635 eV  top50=1  top10%=2
Cycle  59: GP refit  (68 labelled)
  → 1ZnBr2-3  gap=3.449 eV  best=5.635 eV  top50=1  top10%=2
Cycle  60: GP refit  (69 labelled)
  → 1AsClSe-1  gap=2.060 eV  best=5.635 eV  top50=1  top10%=2
Cycle  61: full DKL retrain  (70 labelled)
GP warmup: 20 epochs on initial embeddings
Joint DKL training: 50 epochs
  Epoch 20/50  loss=0.1005
  Epoch 40/50  loss=-0.0676
DKL training done in 0.3s
  → 1Cl2Ge2O3-1  gap=4.462 eV  best=5.635 eV  top50=1  top10%=2
Cycle  62: GP refit  (71 labelled)
  → 1OSW-1  gap=2.257 eV  best=5.635 eV  top50=1  top10%=2
Cycle  63: GP refit  (72 labelled)
  → 1CrISe-1  gap=1.596 eV  best=5.635 eV  top50=1  top10%=2
Cycle  64: GP refit  (73 labelled)
  → 1AsBrS-2  gap=2.077 eV  best=5.635 eV  top50=1  top10%=2
Cycle  65: GP refit  (74 labelled)
  → 1CoITe-1  gap=0.971 eV  best=5.635 eV  top50=1  top10%=2
Cycle  66: full DKL retrain  (75 labelled)
GP warmup: 20 epochs on initial embeddings
Joint DKL training: 50 epochs
  Epoch 20/50  loss=0.2340
  Epoch 40/50  loss=0.0688
DKL training done in 0.3s
  → 1SI2Pb2-1  gap=1.567 eV  best=5.635 eV  top50=1  top10%=2
Cycle  67: GP refit  (76 labelled)
  → 4OSb2Se2-1  gap=2.083 eV  best=5.635 eV  top50=1  top10%=2
Cycle  68: GP refit  (77 labelled)
  → 1SnCl2-2  gap=3.537 eV  best=5.635 eV  top50=1  top10%=2
Cycle  69: GP refit  (78 labelled)
  → 1AsClS-2  gap=2.443 eV  best=5.635 eV  top50=1  top10%=2
Cycle  70: GP refit  (79 labelled)
  → 1ClSbTe-2  gap=1.891 eV  best=5.635 eV  top50=1  top10%=2
Cycle  71: full DKL retrain  (80 labelled)
GP warmup: 20 epochs on initial embeddings
Joint DKL training: 50 epochs
  Epoch 20/50  loss=0.0684
  Epoch 40/50  loss=-0.1115
DKL training done in 0.3s
  → 2INbO2-1  gap=2.295 eV  best=5.635 eV  top50=1  top10%=2
Cycle  72: GP refit  (81 labelled)
  → 1GaInTe2-1  gap=1.532 eV  best=5.635 eV  top50=1  top10%=2
Cycle  73: GP refit  (82 labelled)
  → 2FeSe2-1  gap=1.053 eV  best=5.635 eV  top50=1  top10%=2
Cycle  74: GP refit  (83 labelled)
  → 4AuI2-1  gap=0.880 eV  best=5.635 eV  top50=1  top10%=2
Cycle  75: GP refit  (84 labelled)
  → 1NiPdS4-1  gap=1.153 eV  best=5.635 eV  top50=1  top10%=2
Cycle  76: full DKL retrain  (85 labelled)
GP warmup: 20 epochs on initial embeddings
Joint DKL training: 50 epochs
  Epoch 20/50  loss=-0.0810
  Epoch 40/50  loss=-0.2602
DKL training done in 0.3s
  → 1PbSe2-1  gap=1.847 eV  best=5.635 eV  top50=1  top10%=2
Cycle  77: GP refit  (86 labelled)
  → 2InS2-3  gap=1.242 eV  best=5.635 eV  top50=1  top10%=2
Cycle  78: GP refit  (87 labelled)
  → 2CrWS4-1  gap=1.442 eV  best=5.635 eV  top50=1  top10%=2
Cycle  79: GP refit  (88 labelled)
  → 1PtSnS4-1  gap=2.122 eV  best=5.635 eV  top50=1  top10%=2
Cycle  80: GP refit  (89 labelled)
  → 2NiTeS3-1  gap=1.567 eV  best=5.635 eV  top50=1  top10%=2
Cycle  81: full DKL retrain  (90 labelled)
GP warmup: 20 epochs on initial embeddings
Joint DKL training: 50 epochs
  Epoch 20/50  loss=-0.3119
  Epoch 40/50  loss=-0.4266
DKL training done in 0.3s
  → 1Br2Se2Pb3-1  gap=1.452 eV  best=5.635 eV  top50=1  top10%=2
Cycle  82: GP refit  (91 labelled)
  → 1VTe2-1  gap=0.854 eV  best=5.635 eV  top50=1  top10%=2
Cycle  83: GP refit  (92 labelled)
  → 2FeTe2-1  gap=0.581 eV  best=5.635 eV  top50=1  top10%=2
Cycle  84: GP refit  (93 labelled)
  → 1ClIrS-1  gap=2.505 eV  best=5.635 eV  top50=1  top10%=2
Cycle  85: GP refit  (94 labelled)
  → 1ISbSe-1  gap=1.529 eV  best=5.635 eV  top50=1  top10%=2
Cycle  86: full DKL retrain  (95 labelled)
GP warmup: 20 epochs on initial embeddings
Joint DKL training: 50 epochs
  Epoch 20/50  loss=-0.0107
  Epoch 40/50  loss=-0.1715
DKL training done in 0.3s
  → 1MgI2-3  gap=3.448 eV  best=5.635 eV  top50=1  top10%=2
Cycle  87: GP refit  (96 labelled)
  → 1ISbTe-1  gap=1.322 eV  best=5.635 eV  top50=1  top10%=2
Cycle  88: GP refit  (97 labelled)
  → 1BrSbSe-1  gap=1.649 eV  best=5.635 eV  top50=1  top10%=2
Cycle  89: GP refit  (98 labelled)
  → 1ISSb-2  gap=1.455 eV  best=5.635 eV  top50=1  top10%=2
Cycle  90: GP refit  (99 labelled)
  → 1ISSb-1  gap=1.782 eV  best=5.635 eV  top50=1  top10%=2
Cycle  91: full DKL retrain  (100 labelled)
GP warmup: 20 epochs on initial embeddings
Joint DKL training: 50 epochs
  Epoch 20/50  loss=-0.2898
  Epoch 40/50  loss=-0.4581
DKL training done in 0.3s
  → 1AgCrP2Te6-1  gap=1.137 eV  best=5.635 eV  top50=1  top10%=2
Cycle  92: GP refit  (101 labelled)
  → 1CoNaP2S6-1  gap=1.851 eV  best=5.635 eV  top50=1  top10%=2
Cycle  93: GP refit  (102 labelled)
  → 4NaSbS2-2  gap=2.102 eV  best=5.635 eV  top50=1  top10%=2
Cycle  94: GP refit  (103 labelled)
  → 1HfCl2-1  gap=1.471 eV  best=5.635 eV  top50=1  top10%=2
Cycle  95: GP refit  (104 labelled)
  → 1SnI2-2  gap=2.504 eV  best=5.635 eV  top50=1  top10%=2
Cycle  96: full DKL retrain  (105 labelled)
GP warmup: 20 epochs on initial embeddings
Joint DKL training: 50 epochs
  Epoch 20/50  loss=-0.5951
  Epoch 40/50  loss=-0.7459
DKL training done in 0.3s
  → 2CoHS2-1  gap=1.204 eV  best=5.635 eV  top50=1  top10%=2
Cycle  97: GP refit  (106 labelled)
  → 1HfBr2-1  gap=1.226 eV  best=5.635 eV  top50=1  top10%=2
Cycle  98: GP refit  (107 labelled)
  → 1FeI2-3  gap=0.020 eV  best=5.635 eV  top50=1  top10%=2
Cycle  99: GP refit  (108 labelled)
  → 1TiF2-1  gap=2.096 eV  best=5.635 eV  top50=1  top10%=2
Cycle 100: GP refit  (109 labelled)
  → 1AgMoBr4-1  gap=2.166 eV  best=5.635 eV  top50=1  top10%=2
  visible_0p7_3p0/dkl_finetune/seed4 → in-window found=82
BOLoop: 766 materials  |  direction=max  |  top-50 internal threshold=5.35  top-10% internal threshold=4.94
Init: 10 random labels  |  best (max) = 3.781
Cycle   1: full DKL retrain  (10 labelled)
GP warmup: 20 epochs on initial embeddings
/home/roy/software/anaconda3/lib/python3.13/site-packages/torch/_compile.py:32: UserWarning: optimizer contains a parameter group with duplicate parameters; in future, this will cause an error; see github.com/pytorch/pytorch/issues/40967 for more information
  return disable_fn(*args, **kwargs)
Joint DKL training: 50 epochs
  Epoch 20/50  loss=1.3462
  Epoch 40/50  loss=1.2389
DKL training done in 0.3s
  → 1BiFTe-1  gap=1.179 eV  best=3.781 eV  top50=0  top10%=0
Cycle   2: GP refit  (11 labelled)
  → 2BrIrS-2  gap=2.065 eV  best=3.781 eV  top50=0  top10%=0
Cycle   3: GP refit  (12 labelled)
  → 1STeW-1  gap=1.681 eV  best=3.781 eV  top50=0  top10%=0
Cycle   4: GP refit  (13 labelled)
  → 1SeTeW-1  gap=1.493 eV  best=3.781 eV  top50=0  top10%=0
Cycle   5: GP refit  (14 labelled)
  → 2BrIrSe-2  gap=2.067 eV  best=3.781 eV  top50=0  top10%=0
Cycle   6: full DKL retrain  (15 labelled)
GP warmup: 20 epochs on initial embeddings
Joint DKL training: 50 epochs
  Epoch 20/50  loss=0.3730
  Epoch 40/50  loss=0.1237
DKL training done in 0.3s
  → 1CoLiP2S6-1  gap=2.395 eV  best=3.781 eV  top50=0  top10%=0
Cycle   7: GP refit  (16 labelled)
  → 1CoLiP2Se6-1  gap=2.004 eV  best=3.781 eV  top50=0  top10%=0
Cycle   8: GP refit  (17 labelled)
  → 1CoNaP2Se6-1  gap=1.717 eV  best=3.781 eV  top50=0  top10%=0
Cycle   9: GP refit  (18 labelled)
  → 1CoLiAs2Se6-1  gap=1.175 eV  best=3.781 eV  top50=0  top10%=0
Cycle  10: GP refit  (19 labelled)
  → 1CoNaP2S6-1  gap=1.851 eV  best=3.781 eV  top50=0  top10%=0
Cycle  11: full DKL retrain  (20 labelled)
GP warmup: 20 epochs on initial embeddings
Joint DKL training: 50 epochs
  Epoch 20/50  loss=0.2693
  Epoch 40/50  loss=-0.0308
DKL training done in 0.3s
  → 1AgScP2S6-1  gap=3.453 eV  best=3.781 eV  top50=0  top10%=0
Cycle  12: GP refit  (21 labelled)
  → 1AgAlP2S6-1  gap=3.132 eV  best=3.781 eV  top50=0  top10%=0
Cycle  13: GP refit  (22 labelled)
  → 4AsLiS2-2  gap=1.883 eV  best=3.781 eV  top50=0  top10%=0
Cycle  14: GP refit  (23 labelled)
  → 2SNi2Se3-1  gap=0.440 eV  best=3.781 eV  top50=0  top10%=0
Cycle  15: GP refit  (24 labelled)
  → 1AsClSe-1  gap=2.060 eV  best=3.781 eV  top50=0  top10%=0
Cycle  16: full DKL retrain  (25 labelled)
GP warmup: 20 epochs on initial embeddings
Joint DKL training: 50 epochs
  Epoch 20/50  loss=0.4112
  Epoch 40/50  loss=0.2070
DKL training done in 0.3s
  → 1AgCrP2Se6-1  gap=1.789 eV  best=3.781 eV  top50=0  top10%=0
Cycle  17: GP refit  (26 labelled)
  → 1AgAlAs2Se6-1  gap=1.577 eV  best=3.781 eV  top50=0  top10%=0
Cycle  18: GP refit  (27 labelled)
  → 1AgTlP2Se6-1  gap=0.901 eV  best=3.781 eV  top50=0  top10%=0
Cycle  19: GP refit  (28 labelled)
  → 1AgInP2Se6-1  gap=1.707 eV  best=3.781 eV  top50=0  top10%=0
Cycle  20: GP refit  (29 labelled)
  → 1GaInS2-1  gap=2.570 eV  best=3.781 eV  top50=0  top10%=0
Cycle  21: full DKL retrain  (30 labelled)
GP warmup: 20 epochs on initial embeddings
Joint DKL training: 50 epochs
  Epoch 20/50  loss=0.3192
  Epoch 40/50  loss=0.0148
DKL training done in 0.3s
  → 1PdZnP2Se6-1  gap=0.796 eV  best=3.781 eV  top50=0  top10%=0
Cycle  22: GP refit  (31 labelled)
  → 1AgGaP2Se6-1  gap=1.694 eV  best=3.781 eV  top50=0  top10%=0
Cycle  23: GP refit  (32 labelled)
  → 1BiClS-2  gap=2.271 eV  best=3.781 eV  top50=0  top10%=0
Cycle  24: GP refit  (33 labelled)
  → 1BiBrSe-2  gap=1.742 eV  best=3.781 eV  top50=0  top10%=0
Cycle  25: GP refit  (34 labelled)
  → 1PbCl2-2  gap=3.856 eV  best=3.856 eV  top50=0  top10%=0
Cycle  26: full DKL retrain  (35 labelled)
GP warmup: 20 epochs on initial embeddings
Joint DKL training: 50 epochs
  Epoch 20/50  loss=0.0047
  Epoch 40/50  loss=-0.1615
DKL training done in 0.3s
  → 1AgCrP2S6-1  gap=2.012 eV  best=3.856 eV  top50=0  top10%=0
Cycle  27: GP refit  (36 labelled)
  → 2AgCrP2S6-1  gap=2.715 eV  best=3.856 eV  top50=0  top10%=0
Cycle  28: GP refit  (37 labelled)
  → 1AgGaP2S6-1  gap=2.285 eV  best=3.856 eV  top50=0  top10%=0
Cycle  29: GP refit  (38 labelled)
  → 1N2O2Hf3-1  gap=0.508 eV  best=3.856 eV  top50=0  top10%=0
Cycle  30: GP refit  (39 labelled)
  → 1N2O2Zr3-1  gap=0.616 eV  best=3.856 eV  top50=0  top10%=0
Cycle  31: full DKL retrain  (40 labelled)
GP warmup: 20 epochs on initial embeddings
Joint DKL training: 50 epochs
  Epoch 20/50  loss=0.0079
  Epoch 40/50  loss=-0.3368
DKL training done in 0.3s
  → 1Br2Se2Pb3-1  gap=1.452 eV  best=3.856 eV  top50=0  top10%=0
Cycle  32: GP refit  (41 labelled)
  → 2CoHS2-1  gap=1.204 eV  best=3.856 eV  top50=0  top10%=0
Cycle  33: GP refit  (42 labelled)
  → 1OVI2-1  gap=1.849 eV  best=3.856 eV  top50=0  top10%=0
Cycle  34: GP refit  (43 labelled)
  → 2BrMnSbS2-2  gap=1.201 eV  best=3.856 eV  top50=0  top10%=0
Cycle  35: GP refit  (44 labelled)
  → 4OBi2S2-1  gap=2.212 eV  best=3.856 eV  top50=0  top10%=0
Cycle  36: full DKL retrain  (45 labelled)
GP warmup: 20 epochs on initial embeddings
Joint DKL training: 50 epochs
  Epoch 20/50  loss=-0.2301
  Epoch 40/50  loss=-0.3459
DKL training done in 0.3s
  → 1AgInP2S6-1  gap=2.365 eV  best=3.856 eV  top50=0  top10%=0
Cycle  37: GP refit  (46 labelled)
  → 1CSiF2-1  gap=3.306 eV  best=3.856 eV  top50=0  top10%=0
Cycle  38: GP refit  (47 labelled)
  → 1CrHS2-1  gap=2.800 eV  best=3.856 eV  top50=0  top10%=0
Cycle  39: GP refit  (48 labelled)
  → 4NaSbS2-2  gap=2.102 eV  best=3.856 eV  top50=0  top10%=0
Cycle  40: GP refit  (49 labelled)
  → 4OSb2Se2-1  gap=2.083 eV  best=3.856 eV  top50=0  top10%=0
Cycle  41: full DKL retrain  (50 labelled)
GP warmup: 20 epochs on initial embeddings
Joint DKL training: 50 epochs
  Epoch 20/50  loss=-0.2393
  Epoch 40/50  loss=-0.3783
DKL training done in 0.3s
  → 1C2O2Hf3-1  gap=0.917 eV  best=3.856 eV  top50=0  top10%=0
Cycle  42: GP refit  (51 labelled)
  → 1C2O2Zr3-1  gap=0.961 eV  best=3.856 eV  top50=0  top10%=0
Cycle  43: GP refit  (52 labelled)
  → 1OVF2-1  gap=3.311 eV  best=3.856 eV  top50=0  top10%=0
Cycle  44: GP refit  (53 labelled)
  → 2InS2-3  gap=1.242 eV  best=3.856 eV  top50=0  top10%=0
Cycle  45: GP refit  (54 labelled)
  → 2ClIrSe-2  gap=2.235 eV  best=3.856 eV  top50=0  top10%=0
Cycle  46: full DKL retrain  (55 labelled)
GP warmup: 20 epochs on initial embeddings
Joint DKL training: 50 epochs
  Epoch 20/50  loss=-0.1549
  Epoch 40/50  loss=-0.2589
DKL training done in 0.3s
  → 1CSiH2-1  gap=4.871 eV  best=4.871 eV  top50=0  top10%=0
Cycle  47: GP refit  (56 labelled)
  → 4OBi2Se2-1  gap=1.736 eV  best=4.871 eV  top50=0  top10%=0
Cycle  48: GP refit  (57 labelled)
  → 1CrSe2-1  gap=1.128 eV  best=4.871 eV  top50=0  top10%=0
Cycle  49: GP refit  (58 labelled)
  → 2CrWSe4-1  gap=1.203 eV  best=4.871 eV  top50=0  top10%=0
Cycle  50: GP refit  (59 labelled)
  → 1AsBrS-2  gap=2.077 eV  best=4.871 eV  top50=0  top10%=0
Cycle  51: full DKL retrain  (60 labelled)
GP warmup: 20 epochs on initial embeddings
Joint DKL training: 50 epochs
  Epoch 20/50  loss=0.1967
  Epoch 40/50  loss=0.1088
DKL training done in 0.3s
  → 1CdHIS-1  gap=2.851 eV  best=4.871 eV  top50=0  top10%=0
Cycle  52: GP refit  (61 labelled)
  → 2WSe2-1  gap=0.118 eV  best=4.871 eV  top50=0  top10%=0
Cycle  53: GP refit  (62 labelled)
  → 2P2S3-3  gap=3.478 eV  best=4.871 eV  top50=0  top10%=0
Cycle  54: GP refit  (63 labelled)
  → 1BrCoSe-1  gap=2.153 eV  best=4.871 eV  top50=0  top10%=0
Cycle  55: GP refit  (64 labelled)
  → 2KNRuSF5-1  gap=2.625 eV  best=4.871 eV  top50=0  top10%=0
Cycle  56: full DKL retrain  (65 labelled)
GP warmup: 20 epochs on initial embeddings
Joint DKL training: 50 epochs
  Epoch 20/50  loss=0.2647
  Epoch 40/50  loss=0.1505
DKL training done in 0.4s
  → 2AgIBr2-1  gap=2.063 eV  best=4.871 eV  top50=0  top10%=0
Cycle  57: GP refit  (66 labelled)
  → 1WS2-1  gap=2.055 eV  best=4.871 eV  top50=0  top10%=0
Cycle  58: GP refit  (67 labelled)
  → 1TiF2-1  gap=2.096 eV  best=4.871 eV  top50=0  top10%=0
Cycle  59: GP refit  (68 labelled)
  → 1BiClSe-2  gap=1.992 eV  best=4.871 eV  top50=0  top10%=0
Cycle  60: GP refit  (69 labelled)
  → 2ClRhTe-1  gap=2.113 eV  best=4.871 eV  top50=0  top10%=0
Cycle  61: full DKL retrain  (70 labelled)
GP warmup: 20 epochs on initial embeddings
Joint DKL training: 50 epochs
  Epoch 20/50  loss=-0.0693
  Epoch 40/50  loss=-0.1783
DKL training done in 0.3s
  → 1AgAlP2Te6-1  gap=1.065 eV  best=4.871 eV  top50=0  top10%=0
Cycle  62: GP refit  (71 labelled)
  → 1CrS2-1  gap=1.351 eV  best=4.871 eV  top50=0  top10%=0
Cycle  63: GP refit  (72 labelled)
  → 2CrWS4-1  gap=1.442 eV  best=4.871 eV  top50=0  top10%=0
Cycle  64: GP refit  (73 labelled)
  → 1BrCoTe-1  gap=1.810 eV  best=4.871 eV  top50=0  top10%=0
Cycle  65: GP refit  (74 labelled)
  → 1OSTi-1  gap=1.777 eV  best=4.871 eV  top50=0  top10%=0
Cycle  66: full DKL retrain  (75 labelled)
GP warmup: 20 epochs on initial embeddings
Joint DKL training: 50 epochs
  Epoch 20/50  loss=-0.2055
  Epoch 40/50  loss=-0.4016
DKL training done in 0.3s
  → 1AgAlP2Se6-1  gap=2.339 eV  best=4.871 eV  top50=0  top10%=0
Cycle  67: GP refit  (76 labelled)
  → 4NaSbO2-1  gap=4.747 eV  best=4.871 eV  top50=0  top10%=0
Cycle  68: GP refit  (77 labelled)
  → 4AsNaO2-1  gap=5.635 eV  best=5.635 eV  top50=1  top10%=1
Cycle  69: GP refit  (78 labelled)
  → 1ZrO2-3  gap=3.561 eV  best=5.635 eV  top50=1  top10%=1
Cycle  70: GP refit  (79 labelled)
  → 1BiClTe-2  gap=1.151 eV  best=5.635 eV  top50=1  top10%=1
Cycle  71: full DKL retrain  (80 labelled)
GP warmup: 20 epochs on initial embeddings
Joint DKL training: 50 epochs
  Epoch 20/50  loss=0.1285
  Epoch 40/50  loss=0.0139
DKL training done in 0.4s
  → 2PdSO3-1  gap=2.851 eV  best=5.635 eV  top50=1  top10%=1
Cycle  72: GP refit  (81 labelled)
  → 1ClIV-1  gap=3.537 eV  best=5.635 eV  top50=1  top10%=1
Cycle  73: GP refit  (82 labelled)
  → 2ClIrTe-2  gap=2.050 eV  best=5.635 eV  top50=1  top10%=1
Cycle  74: GP refit  (83 labelled)
  → 1MoOS-1  gap=1.831 eV  best=5.635 eV  top50=1  top10%=1
Cycle  75: GP refit  (84 labelled)
  → 1BiClTe-1  gap=1.198 eV  best=5.635 eV  top50=1  top10%=1
Cycle  76: full DKL retrain  (85 labelled)
GP warmup: 20 epochs on initial embeddings
Joint DKL training: 50 epochs
  Epoch 20/50  loss=0.0009
  Epoch 40/50  loss=-0.2089
DKL training done in 0.4s
  → 3RuSCl2-1  gap=1.131 eV  best=5.635 eV  top50=1  top10%=1
Cycle  77: GP refit  (86 labelled)
  → 4LiSbS2-1  gap=2.746 eV  best=5.635 eV  top50=1  top10%=1
Cycle  78: GP refit  (87 labelled)
  → 2NbOI2-1  gap=1.845 eV  best=5.635 eV  top50=1  top10%=1
Cycle  79: GP refit  (88 labelled)
  → 1WSe2-1  gap=1.730 eV  best=5.635 eV  top50=1  top10%=1
Cycle  80: GP refit  (89 labelled)
  → 1SnS2-3  gap=1.455 eV  best=5.635 eV  top50=1  top10%=1
Cycle  81: full DKL retrain  (90 labelled)
GP warmup: 20 epochs on initial embeddings
Joint DKL training: 50 epochs
  Epoch 20/50  loss=-0.3842
  Epoch 40/50  loss=-0.5598
DKL training done in 0.4s
  → 1OBi2S2-1  gap=1.179 eV  best=5.635 eV  top50=1  top10%=1
Cycle  82: GP refit  (91 labelled)
  → 2MoWS4-1  gap=2.062 eV  best=5.635 eV  top50=1  top10%=1
Cycle  83: GP refit  (92 labelled)
  → 2PdSeO3-1  gap=2.663 eV  best=5.635 eV  top50=1  top10%=1
Cycle  84: GP refit  (93 labelled)
  → 2AsTlO3-1  gap=4.438 eV  best=5.635 eV  top50=1  top10%=1
Cycle  85: GP refit  (94 labelled)
  → 2BrRhTe-1  gap=1.965 eV  best=5.635 eV  top50=1  top10%=1
Cycle  86: full DKL retrain  (95 labelled)
GP warmup: 20 epochs on initial embeddings
Joint DKL training: 50 epochs
  Epoch 20/50  loss=-0.0331
  Epoch 40/50  loss=-0.1911
DKL training done in 0.3s
  → 2PdTeO3-2  gap=2.509 eV  best=5.635 eV  top50=1  top10%=1
Cycle  87: GP refit  (96 labelled)
  → 1AsClS-2  gap=2.443 eV  best=5.635 eV  top50=1  top10%=1
Cycle  88: GP refit  (97 labelled)
  → 1AsClSe-2  gap=2.371 eV  best=5.635 eV  top50=1  top10%=1
Cycle  89: GP refit  (98 labelled)
  → 1BiFS-1  gap=2.255 eV  best=5.635 eV  top50=1  top10%=1
Cycle  90: GP refit  (99 labelled)
  → 1ClSbTe-1  gap=1.866 eV  best=5.635 eV  top50=1  top10%=1
Cycle  91: full DKL retrain  (100 labelled)
GP warmup: 20 epochs on initial embeddings
Joint DKL training: 50 epochs
  Epoch 20/50  loss=-0.2992
  Epoch 40/50  loss=-0.4130
DKL training done in 0.3s
  → 2RuO2-1  gap=0.693 eV  best=5.635 eV  top50=1  top10%=1
Cycle  92: GP refit  (101 labelled)
  → 1ClIrS-1  gap=2.505 eV  best=5.635 eV  top50=1  top10%=1
Cycle  93: GP refit  (102 labelled)
  → 1OTeW-1  gap=1.209 eV  best=5.635 eV  top50=1  top10%=1
Cycle  94: GP refit  (103 labelled)
  → 1CdGaInS4-1  gap=1.340 eV  best=5.635 eV  top50=1  top10%=1
Cycle  95: GP refit  (104 labelled)
  → 1MoW3S8-1  gap=2.064 eV  best=5.635 eV  top50=1  top10%=1
Cycle  96: full DKL retrain  (105 labelled)
GP warmup: 20 epochs on initial embeddings
Joint DKL training: 50 epochs
  Epoch 20/50  loss=-0.2463
  Epoch 40/50  loss=-0.3759
DKL training done in 0.3s
  → 1HfS2-2  gap=2.038 eV  best=5.635 eV  top50=1  top10%=1
Cycle  97: GP refit  (106 labelled)
  → 1MoS2-1  gap=2.087 eV  best=5.635 eV  top50=1  top10%=1
Cycle  98: GP refit  (107 labelled)
  → 1ZrSe2-2  gap=1.684 eV  best=5.635 eV  top50=1  top10%=1
Cycle  99: GP refit  (108 labelled)
  → 1ZrS2-2  gap=2.023 eV  best=5.635 eV  top50=1  top10%=1
Cycle 100: GP refit  (109 labelled)
  → 2MoWSe4-1  gap=1.749 eV  best=5.635 eV  top50=1  top10%=1
  visible_0p7_3p0/dkl_finetune/seed5 → in-window found=83
BOLoop: 766 materials  |  direction=max  |  top-50 internal threshold=5.35  top-10% internal threshold=4.94
Init: 10 random labels  |  best (max) = 5.612
Cycle   1: full DKL retrain  (10 labelled)
GP warmup: 20 epochs on initial embeddings
/home/roy/software/anaconda3/lib/python3.13/site-packages/torch/_compile.py:32: UserWarning: optimizer contains a parameter group with duplicate parameters; in future, this will cause an error; see github.com/pytorch/pytorch/issues/40967 for more information
  return disable_fn(*args, **kwargs)
Joint DKL training: 50 epochs
  Epoch 20/50  loss=1.8524
  Epoch 40/50  loss=1.7430
DKL training done in 0.3s
  → 1CrW3Te8-1  gap=0.937 eV  best=5.612 eV  top50=0  top10%=0
Cycle   2: GP refit  (11 labelled)
  → 1SeTeW-1  gap=1.493 eV  best=5.612 eV  top50=0  top10%=0
Cycle   3: GP refit  (12 labelled)
  → 1WSe2-1  gap=1.730 eV  best=5.612 eV  top50=0  top10%=0
Cycle   4: GP refit  (13 labelled)
  → 1MoW3Se8-1  gap=1.749 eV  best=5.612 eV  top50=0  top10%=0
Cycle   5: GP refit  (14 labelled)
  → 2MoWSe4-1  gap=1.749 eV  best=5.612 eV  top50=0  top10%=0
Cycle   6: full DKL retrain  (15 labelled)
GP warmup: 20 epochs on initial embeddings
Joint DKL training: 50 epochs
  Epoch 20/50  loss=0.1014
  Epoch 40/50  loss=-0.0259
DKL training done in 0.3s
  → 1AgCrP2Se6-1  gap=1.789 eV  best=5.612 eV  top50=0  top10%=0
Cycle   7: GP refit  (16 labelled)
  → 1AgAlP2Se6-1  gap=2.339 eV  best=5.612 eV  top50=0  top10%=0
Cycle   8: GP refit  (17 labelled)
  → 1AgInP2Se6-1  gap=1.707 eV  best=5.612 eV  top50=0  top10%=0
Cycle   9: GP refit  (18 labelled)
  → 1AgAlAs2Se6-1  gap=1.577 eV  best=5.612 eV  top50=0  top10%=0
Cycle  10: GP refit  (19 labelled)
  → 1AgTlP2Se6-1  gap=0.901 eV  best=5.612 eV  top50=0  top10%=0
Cycle  11: full DKL retrain  (20 labelled)
GP warmup: 20 epochs on initial embeddings
Joint DKL training: 50 epochs
  Epoch 20/50  loss=0.4788
  Epoch 40/50  loss=-0.4496
DKL training done in 0.3s
  → 1PdZnP2Se6-1  gap=0.796 eV  best=5.612 eV  top50=0  top10%=0
Cycle  12: GP refit  (21 labelled)
  → 1CoNaP2Se6-1  gap=1.717 eV  best=5.612 eV  top50=0  top10%=0
Cycle  13: GP refit  (22 labelled)
  → 1CoLiAs2Se6-1  gap=1.175 eV  best=5.612 eV  top50=0  top10%=0
Cycle  14: GP refit  (23 labelled)
  → 1CoNaAs2Se6-1  gap=1.295 eV  best=5.612 eV  top50=0  top10%=0
Cycle  15: GP refit  (24 labelled)
  → 1AgGaP2Se6-1  gap=1.694 eV  best=5.612 eV  top50=0  top10%=0
Cycle  16: full DKL retrain  (25 labelled)
GP warmup: 20 epochs on initial embeddings
Joint DKL training: 50 epochs
  Epoch 20/50  loss=-0.0873
  Epoch 40/50  loss=-0.6623
DKL training done in 0.4s
  → 1CoLiP2Se6-1  gap=2.004 eV  best=5.612 eV  top50=0  top10%=0
Cycle  17: GP refit  (26 labelled)
  → 1AgCrAs2Se6-1  gap=1.270 eV  best=5.612 eV  top50=0  top10%=0
Cycle  18: GP refit  (27 labelled)
  → 1AgScP2Se6-1  gap=2.775 eV  best=5.612 eV  top50=0  top10%=0
Cycle  19: GP refit  (28 labelled)
  → 1AgAlP2Te6-1  gap=1.065 eV  best=5.612 eV  top50=0  top10%=0
Cycle  20: GP refit  (29 labelled)
  → 3RuSCl2-1  gap=1.131 eV  best=5.612 eV  top50=0  top10%=0
Cycle  21: full DKL retrain  (30 labelled)
GP warmup: 20 epochs on initial embeddings
Joint DKL training: 50 epochs
  Epoch 20/50  loss=0.4501
  Epoch 40/50  loss=0.0405
DKL training done in 0.4s
  → 4NaSbS2-2  gap=2.102 eV  best=5.612 eV  top50=0  top10%=0
Cycle  22: GP refit  (31 labelled)
  → 4LiSbS2-1  gap=2.746 eV  best=5.612 eV  top50=0  top10%=0
Cycle  23: GP refit  (32 labelled)
  → 4OBi2S2-1  gap=2.212 eV  best=5.612 eV  top50=0  top10%=0
Cycle  24: GP refit  (33 labelled)
  → 2InS2-3  gap=1.242 eV  best=5.612 eV  top50=0  top10%=0
Cycle  25: GP refit  (34 labelled)
  → 1STa3Br7-1  gap=1.510 eV  best=5.612 eV  top50=0  top10%=0
Cycle  26: full DKL retrain  (35 labelled)
GP warmup: 20 epochs on initial embeddings
Joint DKL training: 50 epochs
  Epoch 20/50  loss=-0.0128
  Epoch 40/50  loss=-0.1616
DKL training done in 0.3s
  → 1AgInP2S6-1  gap=2.365 eV  best=5.612 eV  top50=0  top10%=0
Cycle  27: GP refit  (36 labelled)
  → 1AgGaP2S6-1  gap=2.285 eV  best=5.612 eV  top50=0  top10%=0
Cycle  28: GP refit  (37 labelled)
  → 1CoNaP2S6-1  gap=1.851 eV  best=5.612 eV  top50=0  top10%=0
Cycle  29: GP refit  (38 labelled)
  → 1AlGaSe2-1  gap=2.765 eV  best=5.612 eV  top50=0  top10%=0
Cycle  30: GP refit  (39 labelled)
  → 1NiSSeZr-1  gap=1.881 eV  best=5.612 eV  top50=0  top10%=0
Cycle  31: full DKL retrain  (40 labelled)
GP warmup: 20 epochs on initial embeddings
Joint DKL training: 50 epochs
  Epoch 20/50  loss=-0.2032
  Epoch 40/50  loss=-0.3636
DKL training done in 0.3s
  → 1AgCrP2S6-1  gap=2.012 eV  best=5.612 eV  top50=0  top10%=0
Cycle  32: GP refit  (41 labelled)
  → 2AgCrP2S6-1  gap=2.715 eV  best=5.612 eV  top50=0  top10%=0
Cycle  33: GP refit  (42 labelled)
  → 1GaInS2-1  gap=2.570 eV  best=5.612 eV  top50=0  top10%=0
Cycle  34: GP refit  (43 labelled)
  → 4OBi2Se2-1  gap=1.736 eV  best=5.612 eV  top50=0  top10%=0
Cycle  35: GP refit  (44 labelled)
  → 1TiS2-2  gap=2.015 eV  best=5.612 eV  top50=0  top10%=0
Cycle  36: full DKL retrain  (45 labelled)
GP warmup: 20 epochs on initial embeddings
Joint DKL training: 50 epochs
  Epoch 20/50  loss=-0.0593
  Epoch 40/50  loss=-0.2002
DKL training done in 0.3s
  → 1AuClCuI-1  gap=3.695 eV  best=5.612 eV  top50=0  top10%=0
Cycle  37: GP refit  (46 labelled)
  → 1MoSe2-1  gap=1.804 eV  best=5.612 eV  top50=0  top10%=0
Cycle  38: GP refit  (47 labelled)
  → 2MoSe2-1  gap=0.108 eV  best=5.612 eV  top50=0  top10%=0
Cycle  39: GP refit  (48 labelled)
  → 1TeTa3Cl7-1  gap=1.510 eV  best=5.612 eV  top50=0  top10%=0
Cycle  40: GP refit  (49 labelled)
  → 2WSe2-1  gap=0.118 eV  best=5.612 eV  top50=0  top10%=0
Cycle  41: full DKL retrain  (50 labelled)
GP warmup: 20 epochs on initial embeddings
Joint DKL training: 50 epochs
  Epoch 20/50  loss=0.4832
  Epoch 40/50  loss=0.3584
DKL training done in 0.3s
  → 1ZrSe2-2  gap=1.684 eV  best=5.612 eV  top50=0  top10%=0
Cycle  42: GP refit  (51 labelled)
  → 2CrWS4-1  gap=1.442 eV  best=5.612 eV  top50=0  top10%=0
Cycle  43: GP refit  (52 labelled)
  → 1SSeTi-2  gap=1.342 eV  best=5.612 eV  top50=0  top10%=0
Cycle  44: GP refit  (53 labelled)
  → 1BrSeY-1  gap=4.122 eV  best=5.612 eV  top50=0  top10%=0
Cycle  45: GP refit  (54 labelled)
  → 1ClSSb-2  gap=2.321 eV  best=5.612 eV  top50=0  top10%=0
Cycle  46: full DKL retrain  (55 labelled)
GP warmup: 20 epochs on initial embeddings
Joint DKL training: 50 epochs
  Epoch 20/50  loss=0.4168
  Epoch 40/50  loss=0.0833
DKL training done in 0.3s
  → 1CoLiP2S6-1  gap=2.395 eV  best=5.612 eV  top50=0  top10%=0
Cycle  47: GP refit  (56 labelled)
  → 2CoHS2-1  gap=1.204 eV  best=5.612 eV  top50=0  top10%=0
Cycle  48: GP refit  (57 labelled)
  → 1STeIn2-1  gap=1.141 eV  best=5.612 eV  top50=0  top10%=0
Cycle  49: GP refit  (58 labelled)
  → 1ZnBr2-3  gap=3.449 eV  best=5.612 eV  top50=0  top10%=0
Cycle  50: GP refit  (59 labelled)
  → 2BrRhS-2  gap=2.135 eV  best=5.612 eV  top50=0  top10%=0
Cycle  51: full DKL retrain  (60 labelled)
GP warmup: 20 epochs on initial embeddings
Joint DKL training: 50 epochs
  Epoch 20/50  loss=0.0269
  Epoch 40/50  loss=-0.1788
DKL training done in 0.3s
  → 1SI2Pb2-1  gap=1.567 eV  best=5.612 eV  top50=0  top10%=0
Cycle  52: GP refit  (61 labelled)
  → 1OBi2S2-1  gap=1.179 eV  best=5.612 eV  top50=0  top10%=0
Cycle  53: GP refit  (62 labelled)
  → 4OSb2Se2-1  gap=2.083 eV  best=5.612 eV  top50=0  top10%=0
Cycle  54: GP refit  (63 labelled)
  → 1HfCl2-1  gap=1.471 eV  best=5.612 eV  top50=0  top10%=0
Cycle  55: GP refit  (64 labelled)
  → 1PbCl2-2  gap=3.856 eV  best=5.612 eV  top50=0  top10%=0
Cycle  56: full DKL retrain  (65 labelled)
GP warmup: 20 epochs on initial embeddings
Joint DKL training: 50 epochs
  Epoch 20/50  loss=-0.1035
  Epoch 40/50  loss=-0.2893
DKL training done in 0.3s
  → 1GaInTe2-1  gap=1.532 eV  best=5.612 eV  top50=0  top10%=0
Cycle  57: GP refit  (66 labelled)
  → 1BrITl2-1  gap=2.587 eV  best=5.612 eV  top50=0  top10%=0
Cycle  58: GP refit  (67 labelled)
  → 1ZrTe2-2  gap=0.836 eV  best=5.612 eV  top50=0  top10%=0
Cycle  59: GP refit  (68 labelled)
  → 1HfBr2-1  gap=1.226 eV  best=5.612 eV  top50=0  top10%=0
Cycle  60: GP refit  (69 labelled)
  → 1BiFS-1  gap=2.255 eV  best=5.612 eV  top50=0  top10%=0
Cycle  61: full DKL retrain  (70 labelled)
GP warmup: 20 epochs on initial embeddings
Joint DKL training: 50 epochs
  Epoch 20/50  loss=-0.2862
  Epoch 40/50  loss=-0.4675
DKL training done in 0.3s
  → 4AsLiS2-2  gap=1.883 eV  best=5.612 eV  top50=0  top10%=0
Cycle  62: GP refit  (71 labelled)
  → 1PbO2-3  gap=0.935 eV  best=5.612 eV  top50=0  top10%=0
Cycle  63: GP refit  (72 labelled)
  → 1HSbSe2O6-1  gap=4.431 eV  best=5.612 eV  top50=0  top10%=0
Cycle  64: GP refit  (73 labelled)
  → 2HfBr2-1  gap=1.334 eV  best=5.612 eV  top50=0  top10%=0
Cycle  65: GP refit  (74 labelled)
  → 2BrIrSe-2  gap=2.067 eV  best=5.612 eV  top50=0  top10%=0
Cycle  66: full DKL retrain  (75 labelled)
GP warmup: 20 epochs on initial embeddings
Joint DKL training: 50 epochs
  Epoch 20/50  loss=0.0669
  Epoch 40/50  loss=-0.1701
DKL training done in 0.3s
  → 1C2O2Hf3-1  gap=0.917 eV  best=5.612 eV  top50=0  top10%=0
Cycle  67: GP refit  (76 labelled)
  → 1HgBr2-4  gap=2.459 eV  best=5.612 eV  top50=0  top10%=0
Cycle  68: GP refit  (77 labelled)
  → 1AuInF4-1  gap=2.106 eV  best=5.612 eV  top50=0  top10%=0
Cycle  69: GP refit  (78 labelled)
  → 1AsBrSe-1  gap=1.839 eV  best=5.612 eV  top50=0  top10%=0
Cycle  70: GP refit  (79 labelled)
  → 1SSeZr-2  gap=1.777 eV  best=5.612 eV  top50=0  top10%=0
Cycle  71: full DKL retrain  (80 labelled)
GP warmup: 20 epochs on initial embeddings
Joint DKL training: 50 epochs
  Epoch 20/50  loss=-0.2688
  Epoch 40/50  loss=-0.4648
DKL training done in 0.3s
  → 1N2O2Hf3-1  gap=0.508 eV  best=5.612 eV  top50=0  top10%=0
Cycle  72: GP refit  (81 labelled)
  → 1C2O2Zr3-1  gap=0.961 eV  best=5.612 eV  top50=0  top10%=0
Cycle  73: GP refit  (82 labelled)
  → 1SnO2-3  gap=1.956 eV  best=5.612 eV  top50=0  top10%=0
Cycle  74: GP refit  (83 labelled)
  → 1C2F2S2Zr3-1  gap=0.025 eV  best=5.612 eV  top50=0  top10%=0
Cycle  75: GP refit  (84 labelled)
  → 1ClSbTe-1  gap=1.866 eV  best=5.612 eV  top50=0  top10%=0
Cycle  76: full DKL retrain  (85 labelled)
GP warmup: 20 epochs on initial embeddings
Joint DKL training: 50 epochs
  Epoch 20/50  loss=-0.1077
  Epoch 40/50  loss=-0.3182
DKL training done in 0.3s
  → 4LiSbO2-1  gap=4.432 eV  best=5.612 eV  top50=0  top10%=0
Cycle  77: GP refit  (86 labelled)
  → 1PbS2-1  gap=2.299 eV  best=5.612 eV  top50=0  top10%=0
Cycle  78: GP refit  (87 labelled)
  → 1FeBr2-3  gap=0.145 eV  best=5.612 eV  top50=0  top10%=0
Cycle  79: GP refit  (88 labelled)
  → 1TiF2-1  gap=2.096 eV  best=5.612 eV  top50=0  top10%=0
Cycle  80: GP refit  (89 labelled)
  → 1BiFSe-1  gap=1.981 eV  best=5.612 eV  top50=0  top10%=0
Cycle  81: full DKL retrain  (90 labelled)
GP warmup: 20 epochs on initial embeddings
Joint DKL training: 50 epochs
  Epoch 20/50  loss=-0.1070
  Epoch 40/50  loss=-0.2635
DKL training done in 0.3s
  → 4LiPS2-1  gap=2.290 eV  best=5.612 eV  top50=0  top10%=0
Cycle  82: GP refit  (91 labelled)
  → 1HfS2-2  gap=2.038 eV  best=5.612 eV  top50=0  top10%=0
Cycle  83: GP refit  (92 labelled)
  → 2ZrBr2-1  gap=1.140 eV  best=5.612 eV  top50=0  top10%=0
Cycle  84: GP refit  (93 labelled)
  → 1TiBr2-1  gap=1.166 eV  best=5.612 eV  top50=0  top10%=0
Cycle  85: GP refit  (94 labelled)
  → 1SnS2-3  gap=1.455 eV  best=5.612 eV  top50=0  top10%=0
Cycle  86: full DKL retrain  (95 labelled)
GP warmup: 20 epochs on initial embeddings
Joint DKL training: 50 epochs
  Epoch 20/50  loss=-0.4221
  Epoch 40/50  loss=-0.5964
DKL training done in 0.4s
  → 1SnBr2S2-1  gap=1.490 eV  best=5.612 eV  top50=0  top10%=0
Cycle  87: GP refit  (96 labelled)
  → 2TiCl2-1  gap=0.997 eV  best=5.612 eV  top50=0  top10%=0
Cycle  88: GP refit  (97 labelled)
  → 1TiCl2-1  gap=1.395 eV  best=5.612 eV  top50=0  top10%=0
Cycle  89: GP refit  (98 labelled)
  → 2NiTeS3-1  gap=1.567 eV  best=5.612 eV  top50=0  top10%=0
Cycle  90: GP refit  (99 labelled)
  → 1BiClSe-2  gap=1.992 eV  best=5.612 eV  top50=0  top10%=0
Cycle  91: full DKL retrain  (100 labelled)
GP warmup: 20 epochs on initial embeddings
Joint DKL training: 50 epochs
  Epoch 20/50  loss=-0.2767
  Epoch 40/50  loss=-0.4570
DKL training done in 0.3s
  → 1SnBr2-2  gap=3.220 eV  best=5.612 eV  top50=0  top10%=0
Cycle  92: GP refit  (101 labelled)
  → 2ZrCl2-1  gap=1.161 eV  best=5.612 eV  top50=0  top10%=0
Cycle  93: GP refit  (102 labelled)
  → 1HfO2-3  gap=3.726 eV  best=5.612 eV  top50=0  top10%=0
Cycle  94: GP refit  (103 labelled)
  → 1AsClSe-1  gap=2.060 eV  best=5.612 eV  top50=0  top10%=0
Cycle  95: GP refit  (104 labelled)
  → 1AlCdInS4-1  gap=1.877 eV  best=5.612 eV  top50=0  top10%=0
Cycle  96: full DKL retrain  (105 labelled)
GP warmup: 20 epochs on initial embeddings
Joint DKL training: 50 epochs
  Epoch 20/50  loss=-0.2196
  Epoch 40/50  loss=-0.4256
DKL training done in 0.3s
  → 1ZrCl2-1  gap=1.500 eV  best=5.612 eV  top50=0  top10%=0
Cycle  97: GP refit  (106 labelled)
  → 1ZrBr2-1  gap=1.276 eV  best=5.612 eV  top50=0  top10%=0
Cycle  98: GP refit  (107 labelled)
  → 2TiBr2-1  gap=0.817 eV  best=5.612 eV  top50=0  top10%=0
Cycle  99: GP refit  (108 labelled)
  → 1ZrS2-2  gap=2.023 eV  best=5.612 eV  top50=0  top10%=0
Cycle 100: GP refit  (109 labelled)
  → 2PdSeO3-1  gap=2.663 eV  best=5.612 eV  top50=0  top10%=0
  visible_0p7_3p0/dkl_finetune/seed6 → in-window found=87
BOLoop: 766 materials  |  direction=max  |  top-50 internal threshold=5.35  top-10% internal threshold=4.94
Init: 10 random labels  |  best (max) = 5.363
Cycle   1: full DKL retrain  (10 labelled)
GP warmup: 20 epochs on initial embeddings
/home/roy/software/anaconda3/lib/python3.13/site-packages/torch/_compile.py:32: UserWarning: optimizer contains a parameter group with duplicate parameters; in future, this will cause an error; see github.com/pytorch/pytorch/issues/40967 for more information
  return disable_fn(*args, **kwargs)
Joint DKL training: 50 epochs
  Epoch 20/50  loss=1.7602
  Epoch 40/50  loss=1.6790
DKL training done in 0.3s
  → 1OBi2S2-1  gap=1.179 eV  best=5.363 eV  top50=0  top10%=0
Cycle   2: GP refit  (11 labelled)
  → 2ClRhS-1  gap=2.270 eV  best=5.363 eV  top50=0  top10%=0
Cycle   3: GP refit  (12 labelled)
  → 4OSb2Se2-1  gap=2.083 eV  best=5.363 eV  top50=0  top10%=0
Cycle   4: GP refit  (13 labelled)
  → 1AgAlP2Se6-1  gap=2.339 eV  best=5.363 eV  top50=0  top10%=0
Cycle   5: GP refit  (14 labelled)
  → 1AgGaP2Se6-1  gap=1.694 eV  best=5.363 eV  top50=0  top10%=0
Cycle   6: full DKL retrain  (15 labelled)
GP warmup: 20 epochs on initial embeddings
Joint DKL training: 50 epochs
  Epoch 20/50  loss=0.6764
  Epoch 40/50  loss=0.5180
DKL training done in 0.3s
  → 1AgCrP2Se6-1  gap=1.789 eV  best=5.363 eV  top50=0  top10%=0
Cycle   7: GP refit  (16 labelled)
  → 1CoLiP2Se6-1  gap=2.004 eV  best=5.363 eV  top50=0  top10%=0
Cycle   8: GP refit  (17 labelled)
  → 1AgInP2Se6-1  gap=1.707 eV  best=5.363 eV  top50=0  top10%=0
Cycle   9: GP refit  (18 labelled)
  → 1AgAlAs2Se6-1  gap=1.577 eV  best=5.363 eV  top50=0  top10%=0
Cycle  10: GP refit  (19 labelled)
  → 1AgTlP2Se6-1  gap=0.901 eV  best=5.363 eV  top50=0  top10%=0
Cycle  11: full DKL retrain  (20 labelled)
GP warmup: 20 epochs on initial embeddings
Joint DKL training: 50 epochs
  Epoch 20/50  loss=1.7544
  Epoch 40/50  loss=0.0923
DKL training done in 0.3s
  → 1PdZnP2Se6-1  gap=0.796 eV  best=5.363 eV  top50=0  top10%=0
Cycle  12: GP refit  (21 labelled)
  → 1CoNaP2Se6-1  gap=1.717 eV  best=5.363 eV  top50=0  top10%=0
Cycle  13: GP refit  (22 labelled)
  → 1AgScP2Se6-1  gap=2.775 eV  best=5.363 eV  top50=0  top10%=0
Cycle  14: GP refit  (23 labelled)
  → 2BrIrS-2  gap=2.065 eV  best=5.363 eV  top50=0  top10%=0
Cycle  15: GP refit  (24 labelled)
  → 1CrISe-1  gap=1.596 eV  best=5.363 eV  top50=0  top10%=0
Cycle  16: full DKL retrain  (25 labelled)
GP warmup: 20 epochs on initial embeddings
Joint DKL training: 50 epochs
  Epoch 20/50  loss=0.6059
  Epoch 40/50  loss=0.2225
DKL training done in 0.3s
  → 1Br2Se2Pb3-1  gap=1.452 eV  best=5.363 eV  top50=0  top10%=0
Cycle  17: GP refit  (26 labelled)
  → 3RuSCl2-1  gap=1.131 eV  best=5.363 eV  top50=0  top10%=0
Cycle  18: GP refit  (27 labelled)
  → 1HfS2-2  gap=2.038 eV  best=5.363 eV  top50=0  top10%=0
Cycle  19: GP refit  (28 labelled)
  → 2IrTaS4-1  gap=1.331 eV  best=5.363 eV  top50=0  top10%=0
Cycle  20: GP refit  (29 labelled)
  → 2RhTaS4-1  gap=1.231 eV  best=5.363 eV  top50=0  top10%=0
Cycle  21: full DKL retrain  (30 labelled)
GP warmup: 20 epochs on initial embeddings
Joint DKL training: 50 epochs
  Epoch 20/50  loss=0.1770
  Epoch 40/50  loss=-0.1067
DKL training done in 0.3s
  → 1CoLiAs2Se6-1  gap=1.175 eV  best=5.363 eV  top50=0  top10%=0
Cycle  22: GP refit  (31 labelled)
  → 1CoNaAs2Se6-1  gap=1.295 eV  best=5.363 eV  top50=0  top10%=0
Cycle  23: GP refit  (32 labelled)
  → 1AgCrAs2Se6-1  gap=1.270 eV  best=5.363 eV  top50=0  top10%=0
Cycle  24: GP refit  (33 labelled)
  → 1OVBr2-1  gap=3.019 eV  best=5.363 eV  top50=0  top10%=0
Cycle  25: GP refit  (34 labelled)
  → 1GaInS2-1  gap=2.570 eV  best=5.363 eV  top50=0  top10%=0
Cycle  26: full DKL retrain  (35 labelled)
GP warmup: 20 epochs on initial embeddings
Joint DKL training: 50 epochs
  Epoch 20/50  loss=-0.7069
  Epoch 40/50  loss=-0.9283
DKL training done in 0.3s
  → 4NaSbS2-2  gap=2.102 eV  best=5.363 eV  top50=0  top10%=0
Cycle  27: GP refit  (36 labelled)
  → 1STeIn2-1  gap=1.141 eV  best=5.363 eV  top50=0  top10%=0
Cycle  28: GP refit  (37 labelled)
  → 1AgCrP2Te6-1  gap=1.137 eV  best=5.363 eV  top50=0  top10%=0
Cycle  29: GP refit  (38 labelled)
  → 1GaInTe2-1  gap=1.532 eV  best=5.363 eV  top50=0  top10%=0
Cycle  30: GP refit  (39 labelled)
  → 2NbOI2-1  gap=1.845 eV  best=5.363 eV  top50=0  top10%=0
Cycle  31: full DKL retrain  (40 labelled)
GP warmup: 20 epochs on initial embeddings
Joint DKL training: 50 epochs
  Epoch 20/50  loss=-0.4084
  Epoch 40/50  loss=-0.5624
DKL training done in 0.3s
  → 1AgAlP2Te6-1  gap=1.065 eV  best=5.363 eV  top50=0  top10%=0
Cycle  32: GP refit  (41 labelled)
  → 2NbOCl2-1  gap=1.951 eV  best=5.363 eV  top50=0  top10%=0
Cycle  33: GP refit  (42 labelled)
  → 1SI2Pb2-1  gap=1.567 eV  best=5.363 eV  top50=0  top10%=0
Cycle  34: GP refit  (43 labelled)
  → 1ZrCl2-1  gap=1.500 eV  best=5.363 eV  top50=0  top10%=0
Cycle  35: GP refit  (44 labelled)
  → 1HfCl2-1  gap=1.471 eV  best=5.363 eV  top50=0  top10%=0
Cycle  36: full DKL retrain  (45 labelled)
GP warmup: 20 epochs on initial embeddings
Joint DKL training: 50 epochs
  Epoch 20/50  loss=-0.3195
  Epoch 40/50  loss=-0.4533
DKL training done in 0.3s
  → 4AsLiS2-2  gap=1.883 eV  best=5.363 eV  top50=0  top10%=0
Cycle  37: GP refit  (46 labelled)
  → 1SnBr2S2-1  gap=1.490 eV  best=5.363 eV  top50=0  top10%=0
Cycle  38: GP refit  (47 labelled)
  → 4OBi2Se2-1  gap=1.736 eV  best=5.363 eV  top50=0  top10%=0
Cycle  39: GP refit  (48 labelled)
  → 2TiCl2-1  gap=0.997 eV  best=5.363 eV  top50=0  top10%=0
Cycle  40: GP refit  (49 labelled)
  → 1PbSe2-1  gap=1.847 eV  best=5.363 eV  top50=0  top10%=0
Cycle  41: full DKL retrain  (50 labelled)
GP warmup: 20 epochs on initial embeddings
Joint DKL training: 50 epochs
  Epoch 20/50  loss=-0.4463
  Epoch 40/50  loss=-0.6128
DKL training done in 0.3s
  → 1C2O2Hf3-1  gap=0.917 eV  best=5.363 eV  top50=0  top10%=0
Cycle  42: GP refit  (51 labelled)
  → 1N2O2Hf3-1  gap=0.508 eV  best=5.363 eV  top50=0  top10%=0
Cycle  43: GP refit  (52 labelled)
  → 1N2O2Zr3-1  gap=0.616 eV  best=5.363 eV  top50=0  top10%=0
Cycle  44: GP refit  (53 labelled)
  → 1N2O2Y3-1  gap=1.648 eV  best=5.363 eV  top50=0  top10%=0
Cycle  45: GP refit  (54 labelled)
  → 2InS2-3  gap=1.242 eV  best=5.363 eV  top50=0  top10%=0
Cycle  46: full DKL retrain  (55 labelled)
GP warmup: 20 epochs on initial embeddings
Joint DKL training: 50 epochs
  Epoch 20/50  loss=-0.0663
  Epoch 40/50  loss=-0.2662
DKL training done in 0.3s
  → 1CrHS2-1  gap=2.800 eV  best=5.363 eV  top50=0  top10%=0
Cycle  47: GP refit  (56 labelled)
  → 1OZrBr2-1  gap=2.245 eV  best=5.363 eV  top50=0  top10%=0
Cycle  48: GP refit  (57 labelled)
  → 1NiSSeZr-1  gap=1.881 eV  best=5.363 eV  top50=0  top10%=0
Cycle  49: GP refit  (58 labelled)
  → 2OsO2-1  gap=1.005 eV  best=5.363 eV  top50=0  top10%=0
Cycle  50: GP refit  (59 labelled)
  → 1CdBr2-3  gap=3.373 eV  best=5.363 eV  top50=0  top10%=0
Cycle  51: full DKL retrain  (60 labelled)
GP warmup: 20 epochs on initial embeddings
Joint DKL training: 50 epochs
  Epoch 20/50  loss=-0.1427
  Epoch 40/50  loss=-0.4827
DKL training done in 0.3s
  → 1CSiH2-1  gap=4.871 eV  best=5.363 eV  top50=0  top10%=0
Cycle  52: GP refit  (61 labelled)
  → 1CSiF2-1  gap=3.306 eV  best=5.363 eV  top50=0  top10%=0
Cycle  53: GP refit  (62 labelled)
  → 2FeS2-1  gap=1.331 eV  best=5.363 eV  top50=0  top10%=0
Cycle  54: GP refit  (63 labelled)
  → 1HgBr2-4  gap=2.459 eV  best=5.363 eV  top50=0  top10%=0
Cycle  55: GP refit  (64 labelled)
  → 2NiTeS3-1  gap=1.567 eV  best=5.363 eV  top50=0  top10%=0
Cycle  56: full DKL retrain  (65 labelled)
GP warmup: 20 epochs on initial embeddings
Joint DKL training: 50 epochs
  Epoch 20/50  loss=-0.1526
  Epoch 40/50  loss=-0.2920
DKL training done in 0.3s
  → 1C2O2Zr3-1  gap=0.961 eV  best=5.363 eV  top50=0  top10%=0
Cycle  57: GP refit  (66 labelled)
  → 1SeBi2S2-1  gap=0.923 eV  best=5.363 eV  top50=0  top10%=0
Cycle  58: GP refit  (67 labelled)
  → 2ZrI2-1  gap=0.889 eV  best=5.363 eV  top50=0  top10%=0
Cycle  59: GP refit  (68 labelled)
  → 1MgBr2-3  gap=4.662 eV  best=5.363 eV  top50=0  top10%=0
Cycle  60: GP refit  (69 labelled)
  → 1SnI2-2  gap=2.504 eV  best=5.363 eV  top50=0  top10%=0
Cycle  61: full DKL retrain  (70 labelled)
GP warmup: 20 epochs on initial embeddings
Joint DKL training: 50 epochs
  Epoch 20/50  loss=-0.0160
  Epoch 40/50  loss=-0.3574
DKL training done in 0.3s
  → 2INbO2-1  gap=2.295 eV  best=5.363 eV  top50=0  top10%=0
Cycle  62: GP refit  (71 labelled)
  → 1OVI2-1  gap=1.849 eV  best=5.363 eV  top50=0  top10%=0
Cycle  63: GP refit  (72 labelled)
  → 1SnBr2-2  gap=3.220 eV  best=5.363 eV  top50=0  top10%=0
Cycle  64: GP refit  (73 labelled)
  → 1FeCl2-3  gap=0.071 eV  best=5.363 eV  top50=0  top10%=0
Cycle  65: GP refit  (74 labelled)
  → 1BrIV-1  gap=3.500 eV  best=5.363 eV  top50=0  top10%=0
Cycle  66: full DKL retrain  (75 labelled)
GP warmup: 20 epochs on initial embeddings
Joint DKL training: 50 epochs
  Epoch 20/50  loss=0.1634
  Epoch 40/50  loss=-0.0107
DKL training done in 0.3s
  → 1BiHTe2O6-1  gap=4.226 eV  best=5.363 eV  top50=0  top10%=0
Cycle  67: GP refit  (76 labelled)
  → 1ZrS2-2  gap=2.023 eV  best=5.363 eV  top50=0  top10%=0
Cycle  68: GP refit  (77 labelled)
  → 1BiClS-2  gap=2.271 eV  best=5.363 eV  top50=0  top10%=0
Cycle  69: GP refit  (78 labelled)
  → 2OPb-1  gap=3.463 eV  best=5.363 eV  top50=0  top10%=0
Cycle  70: GP refit  (79 labelled)
  → 1BrSbSe-1  gap=1.649 eV  best=5.363 eV  top50=0  top10%=0
Cycle  71: full DKL retrain  (80 labelled)
GP warmup: 20 epochs on initial embeddings
Joint DKL training: 50 epochs
  Epoch 20/50  loss=0.1098
  Epoch 40/50  loss=-0.0804
DKL training done in 0.3s
  → 1OVCl2-1  gap=3.144 eV  best=5.363 eV  top50=0  top10%=0
Cycle  72: GP refit  (81 labelled)
  → 1BrCuGeTe-1  gap=1.540 eV  best=5.363 eV  top50=0  top10%=0
Cycle  73: GP refit  (82 labelled)
  → 2ZrBr2-1  gap=1.140 eV  best=5.363 eV  top50=0  top10%=0
Cycle  74: GP refit  (83 labelled)
  → 1WS2-1  gap=2.055 eV  best=5.363 eV  top50=0  top10%=0
Cycle  75: GP refit  (84 labelled)
  → 1TiS2-2  gap=2.015 eV  best=5.363 eV  top50=0  top10%=0
Cycle  76: full DKL retrain  (85 labelled)
GP warmup: 20 epochs on initial embeddings
Joint DKL training: 50 epochs
  Epoch 20/50  loss=-0.3240
  Epoch 40/50  loss=-0.4834
DKL training done in 0.3s
  → 1HgCl2-3  gap=3.201 eV  best=5.363 eV  top50=0  top10%=0
Cycle  77: GP refit  (86 labelled)
  → 1TiBr2-1  gap=1.166 eV  best=5.363 eV  top50=0  top10%=0
Cycle  78: GP refit  (87 labelled)
  → 1ZrBr2-1  gap=1.276 eV  best=5.363 eV  top50=0  top10%=0
Cycle  79: GP refit  (88 labelled)
  → 1BrClHf-1  gap=1.361 eV  best=5.363 eV  top50=0  top10%=0
Cycle  80: GP refit  (89 labelled)
  → 2FRhSe-1  gap=2.223 eV  best=5.363 eV  top50=0  top10%=0
Cycle  81: full DKL retrain  (90 labelled)
GP warmup: 20 epochs on initial embeddings
Joint DKL training: 50 epochs
  Epoch 20/50  loss=-0.2732
  Epoch 40/50  loss=-0.4252
DKL training done in 0.4s
  → 2ZrCl2-1  gap=1.161 eV  best=5.363 eV  top50=0  top10%=0
Cycle  82: GP refit  (91 labelled)
  → 1PbO2-3  gap=0.935 eV  best=5.363 eV  top50=0  top10%=0
Cycle  83: GP refit  (92 labelled)
  → 1TiCl2-1  gap=1.395 eV  best=5.363 eV  top50=0  top10%=0
Cycle  84: GP refit  (93 labelled)
  → 1SnS2-3  gap=1.455 eV  best=5.363 eV  top50=0  top10%=0
Cycle  85: GP refit  (94 labelled)
  → 2IrNbS4-1  gap=1.253 eV  best=5.363 eV  top50=0  top10%=0
Cycle  86: full DKL retrain  (95 labelled)
GP warmup: 20 epochs on initial embeddings
Joint DKL training: 50 epochs
  Epoch 20/50  loss=-0.4501
  Epoch 40/50  loss=-0.6346
DKL training done in 0.3s
  → 1AgGaP2S6-1  gap=2.285 eV  best=5.363 eV  top50=0  top10%=0
Cycle  87: GP refit  (96 labelled)
  → 1PbI2-2  gap=2.404 eV  best=5.363 eV  top50=0  top10%=0
Cycle  88: GP refit  (97 labelled)
  → 1PbBr2-2  gap=3.248 eV  best=5.363 eV  top50=0  top10%=0
Cycle  89: GP refit  (98 labelled)
  → 1VSe2-1  gap=0.977 eV  best=5.363 eV  top50=0  top10%=0
Cycle  90: GP refit  (99 labelled)
  → 1NiPdS4-1  gap=1.153 eV  best=5.363 eV  top50=0  top10%=0
Cycle  91: full DKL retrain  (100 labelled)
GP warmup: 20 epochs on initial embeddings
Joint DKL training: 50 epochs
  Epoch 20/50  loss=-0.4086
  Epoch 40/50  loss=-0.6437
DKL training done in 0.4s
  → 2AgCrP2S6-1  gap=2.715 eV  best=5.363 eV  top50=0  top10%=0
Cycle  92: GP refit  (101 labelled)
  → 1AgInP2S6-1  gap=2.365 eV  best=5.363 eV  top50=0  top10%=0
Cycle  93: GP refit  (102 labelled)
  → 1CoNaP2S6-1  gap=1.851 eV  best=5.363 eV  top50=0  top10%=0
Cycle  94: GP refit  (103 labelled)
  → 1HgI2-4  gap=1.370 eV  best=5.363 eV  top50=0  top10%=0
Cycle  95: GP refit  (104 labelled)
  → 1TiF2-1  gap=2.096 eV  best=5.363 eV  top50=0  top10%=0
Cycle  96: full DKL retrain  (105 labelled)
GP warmup: 20 epochs on initial embeddings
Joint DKL training: 50 epochs
  Epoch 20/50  loss=-0.4077
  Epoch 40/50  loss=-0.6203
DKL training done in 0.4s
  → 1AgCrP2S6-1  gap=2.012 eV  best=5.363 eV  top50=0  top10%=0
Cycle  97: GP refit  (106 labelled)
  → 4AsNaO2-1  gap=5.635 eV  best=5.635 eV  top50=1  top10%=1
Cycle  98: GP refit  (107 labelled)
  → 2CrWS4-1  gap=1.442 eV  best=5.635 eV  top50=1  top10%=1
Cycle  99: GP refit  (108 labelled)
  → 1PtSnS4-1  gap=2.122 eV  best=5.635 eV  top50=1  top10%=1
Cycle 100: GP refit  (109 labelled)
  → 1BrSbSe-2  gap=2.037 eV  best=5.635 eV  top50=1  top10%=1
  visible_0p7_3p0/dkl_finetune/seed7 → in-window found=84
BOLoop: 766 materials  |  direction=max  |  top-50 internal threshold=5.35  top-10% internal threshold=4.94
Init: 10 random labels  |  best (max) = 5.386
Cycle   1: full DKL retrain  (10 labelled)
GP warmup: 20 epochs on initial embeddings
/home/roy/software/anaconda3/lib/python3.13/site-packages/torch/_compile.py:32: UserWarning: optimizer contains a parameter group with duplicate parameters; in future, this will cause an error; see github.com/pytorch/pytorch/issues/40967 for more information
  return disable_fn(*args, **kwargs)
Joint DKL training: 50 epochs
  Epoch 20/50  loss=1.7745
  Epoch 40/50  loss=1.6726
DKL training done in 0.3s
  → 1ClSbSe-1  gap=1.804 eV  best=5.386 eV  top50=0  top10%=0
Cycle   2: GP refit  (11 labelled)
  → 1BiBrS-1  gap=1.600 eV  best=5.386 eV  top50=0  top10%=0
Cycle   3: GP refit  (12 labelled)
  → 4OSb2Se2-1  gap=2.083 eV  best=5.386 eV  top50=0  top10%=0
Cycle   4: GP refit  (13 labelled)
  → 1AgScP2S6-1  gap=3.453 eV  best=5.386 eV  top50=0  top10%=0
Cycle   5: GP refit  (14 labelled)
  → 1AgInP2S6-1  gap=2.365 eV  best=5.386 eV  top50=0  top10%=0
Cycle   6: full DKL retrain  (15 labelled)
GP warmup: 20 epochs on initial embeddings
Joint DKL training: 50 epochs
  Epoch 20/50  loss=0.6789
  Epoch 40/50  loss=0.4513
DKL training done in 0.3s
  → 1AgCrP2Se6-1  gap=1.789 eV  best=5.386 eV  top50=0  top10%=0
Cycle   7: GP refit  (16 labelled)
  → 1AgAlP2Se6-1  gap=2.339 eV  best=5.386 eV  top50=0  top10%=0
Cycle   8: GP refit  (17 labelled)
  → 1AgInP2Se6-1  gap=1.707 eV  best=5.386 eV  top50=0  top10%=0
Cycle   9: GP refit  (18 labelled)
  → 1AgAlAs2Se6-1  gap=1.577 eV  best=5.386 eV  top50=0  top10%=0
Cycle  10: GP refit  (19 labelled)
  → 1AgTlP2Se6-1  gap=0.901 eV  best=5.386 eV  top50=0  top10%=0
Cycle  11: full DKL retrain  (20 labelled)
GP warmup: 20 epochs on initial embeddings
Joint DKL training: 50 epochs
  Epoch 20/50  loss=0.7980
  Epoch 40/50  loss=0.0746
DKL training done in 0.3s
  → 1AgGaP2Se6-1  gap=1.694 eV  best=5.386 eV  top50=0  top10%=0
Cycle  12: GP refit  (21 labelled)
  → 1GaInS2-1  gap=2.570 eV  best=5.386 eV  top50=0  top10%=0
Cycle  13: GP refit  (22 labelled)
  → 1TiSe2-2  gap=1.460 eV  best=5.386 eV  top50=0  top10%=0
Cycle  14: GP refit  (23 labelled)
  → 1BrTeTi-1  gap=0.763 eV  best=5.386 eV  top50=0  top10%=0
Cycle  15: GP refit  (24 labelled)
  → 2InS2-3  gap=1.242 eV  best=5.386 eV  top50=0  top10%=0
Cycle  16: full DKL retrain  (25 labelled)
GP warmup: 20 epochs on initial embeddings
Joint DKL training: 50 epochs
  Epoch 20/50  loss=0.5498
  Epoch 40/50  loss=0.3000
DKL training done in 0.3s
  → 1CoLiP2Se6-1  gap=2.004 eV  best=5.386 eV  top50=0  top10%=0
Cycle  17: GP refit  (26 labelled)
  → 1BiHTe2O6-1  gap=4.226 eV  best=5.386 eV  top50=0  top10%=0
Cycle  18: GP refit  (27 labelled)
  → 2IRhS-2  gap=1.665 eV  best=5.386 eV  top50=0  top10%=0
Cycle  19: GP refit  (28 labelled)
  → 1MoOS-1  gap=1.831 eV  best=5.386 eV  top50=0  top10%=0
Cycle  20: GP refit  (29 labelled)
  → 1BiFS-1  gap=2.255 eV  best=5.386 eV  top50=0  top10%=0
Cycle  21: full DKL retrain  (30 labelled)
GP warmup: 20 epochs on initial embeddings
Joint DKL training: 50 epochs
  Epoch 20/50  loss=0.4106
  Epoch 40/50  loss=0.2406
DKL training done in 0.3s
  → 1PdZnP2Se6-1  gap=0.796 eV  best=5.386 eV  top50=0  top10%=0
Cycle  22: GP refit  (31 labelled)
  → 1CoNaP2Se6-1  gap=1.717 eV  best=5.386 eV  top50=0  top10%=0
Cycle  23: GP refit  (32 labelled)
  → 1NiSSeZr-1  gap=1.881 eV  best=5.386 eV  top50=0  top10%=0
Cycle  24: GP refit  (33 labelled)
  → 1ClITi-1  gap=1.187 eV  best=5.386 eV  top50=0  top10%=0
Cycle  25: GP refit  (34 labelled)
  → 1NiPd3Se8-1  gap=0.702 eV  best=5.386 eV  top50=0  top10%=0
Cycle  26: full DKL retrain  (35 labelled)
GP warmup: 20 epochs on initial embeddings
Joint DKL training: 50 epochs
  Epoch 20/50  loss=0.3644
  Epoch 40/50  loss=0.1771
DKL training done in 0.3s
  → 1TiBr2-1  gap=1.166 eV  best=5.386 eV  top50=0  top10%=0
Cycle  27: GP refit  (36 labelled)
  → 4PPdSe-1  gap=1.963 eV  best=5.386 eV  top50=0  top10%=0
Cycle  28: GP refit  (37 labelled)
  → 2FRhTe-1  gap=2.115 eV  best=5.386 eV  top50=0  top10%=0
Cycle  29: GP refit  (38 labelled)
  → 1SeTa3Cl7-1  gap=1.582 eV  best=5.386 eV  top50=0  top10%=0
Cycle  30: GP refit  (39 labelled)
  → 1ISSb-2  gap=1.455 eV  best=5.386 eV  top50=0  top10%=0
Cycle  31: full DKL retrain  (40 labelled)
GP warmup: 20 epochs on initial embeddings
Joint DKL training: 50 epochs
  Epoch 20/50  loss=0.0337
  Epoch 40/50  loss=-0.1049
DKL training done in 0.3s
  → 1CoLiAs2Se6-1  gap=1.175 eV  best=5.386 eV  top50=0  top10%=0
Cycle  32: GP refit  (41 labelled)
  → 1AgAlP2Te6-1  gap=1.065 eV  best=5.386 eV  top50=0  top10%=0
Cycle  33: GP refit  (42 labelled)
  → 4NaSbS2-2  gap=2.102 eV  best=5.386 eV  top50=0  top10%=0
Cycle  34: GP refit  (43 labelled)
  → 1OZrBr2-1  gap=2.245 eV  best=5.386 eV  top50=0  top10%=0
Cycle  35: GP refit  (44 labelled)
  → 1OVI2-1  gap=1.849 eV  best=5.386 eV  top50=0  top10%=0
Cycle  36: full DKL retrain  (45 labelled)
GP warmup: 20 epochs on initial embeddings
Joint DKL training: 50 epochs
  Epoch 20/50  loss=-0.1563
  Epoch 40/50  loss=-0.2582
DKL training done in 0.3s
  → 4AsLiS2-2  gap=1.883 eV  best=5.386 eV  top50=0  top10%=0
Cycle  37: GP refit  (46 labelled)
  → 1GaInTe2-1  gap=1.532 eV  best=5.386 eV  top50=0  top10%=0
Cycle  38: GP refit  (47 labelled)
  → 1SI2Pb2-1  gap=1.567 eV  best=5.386 eV  top50=0  top10%=0
Cycle  39: GP refit  (48 labelled)
  → 4OBi2S2-1  gap=2.212 eV  best=5.386 eV  top50=0  top10%=0
Cycle  40: GP refit  (49 labelled)
  → 4OBi2Se2-1  gap=1.736 eV  best=5.386 eV  top50=0  top10%=0
Cycle  41: full DKL retrain  (50 labelled)
GP warmup: 20 epochs on initial embeddings
Joint DKL training: 50 epochs
  Epoch 20/50  loss=-0.4083
  Epoch 40/50  loss=-0.6297
DKL training done in 0.3s
  → 1AgCrP2S6-1  gap=2.012 eV  best=5.386 eV  top50=0  top10%=0
Cycle  42: GP refit  (51 labelled)
  → 1AgGaP2S6-1  gap=2.285 eV  best=5.386 eV  top50=0  top10%=0
Cycle  43: GP refit  (52 labelled)
  → 1CoNaP2S6-1  gap=1.851 eV  best=5.386 eV  top50=0  top10%=0
Cycle  44: GP refit  (53 labelled)
  → 1STeIn2-1  gap=1.141 eV  best=5.386 eV  top50=0  top10%=0
Cycle  45: GP refit  (54 labelled)
  → 1MgI2-3  gap=3.448 eV  best=5.386 eV  top50=0  top10%=0
Cycle  46: full DKL retrain  (55 labelled)
GP warmup: 20 epochs on initial embeddings
Joint DKL training: 50 epochs
  Epoch 20/50  loss=-0.3178
  Epoch 40/50  loss=-0.5137
DKL training done in 0.3s
  → 1CoLiP2S6-1  gap=2.395 eV  best=5.386 eV  top50=0  top10%=0
Cycle  47: GP refit  (56 labelled)
  → 2AgCrP2S6-1  gap=2.715 eV  best=5.386 eV  top50=0  top10%=0
Cycle  48: GP refit  (57 labelled)
  → 1CoNaAs2Se6-1  gap=1.295 eV  best=5.386 eV  top50=0  top10%=0
Cycle  49: GP refit  (58 labelled)
  → 1OVBr2-1  gap=3.019 eV  best=5.386 eV  top50=0  top10%=0
Cycle  50: GP refit  (59 labelled)
  → 1OBi2S2-1  gap=1.179 eV  best=5.386 eV  top50=0  top10%=0
Cycle  51: full DKL retrain  (60 labelled)
GP warmup: 20 epochs on initial embeddings
Joint DKL training: 50 epochs
  Epoch 20/50  loss=-0.5496
  Epoch 40/50  loss=-0.7462
DKL training done in 0.3s
  → 1AgScP2Se6-1  gap=2.775 eV  best=5.386 eV  top50=0  top10%=0
Cycle  52: GP refit  (61 labelled)
  → 4NaSbO2-1  gap=4.747 eV  best=5.386 eV  top50=0  top10%=0
Cycle  53: GP refit  (62 labelled)
  → 4AsNaO2-1  gap=5.635 eV  best=5.635 eV  top50=1  top10%=1
Cycle  54: GP refit  (63 labelled)
  → 3RuSCl2-1  gap=1.131 eV  best=5.635 eV  top50=1  top10%=1
Cycle  55: GP refit  (64 labelled)
  → 1CdBr2-3  gap=3.373 eV  best=5.635 eV  top50=1  top10%=1
Cycle  56: full DKL retrain  (65 labelled)
GP warmup: 20 epochs on initial embeddings
Joint DKL training: 50 epochs
  Epoch 20/50  loss=-0.0436
  Epoch 40/50  loss=-0.4185
DKL training done in 0.3s
  → 1SnBr2S2-1  gap=1.490 eV  best=5.635 eV  top50=1  top10%=1
Cycle  57: GP refit  (66 labelled)
  → 2FeS2-1  gap=1.331 eV  best=5.635 eV  top50=1  top10%=1
Cycle  58: GP refit  (67 labelled)
  → 1HfCl2-1  gap=1.471 eV  best=5.635 eV  top50=1  top10%=1
Cycle  59: GP refit  (68 labelled)
  → 1FeBr2-3  gap=0.145 eV  best=5.635 eV  top50=1  top10%=1
Cycle  60: GP refit  (69 labelled)
  → 1FeCl2-3  gap=0.071 eV  best=5.635 eV  top50=1  top10%=1
Cycle  61: full DKL retrain  (70 labelled)
GP warmup: 20 epochs on initial embeddings
Joint DKL training: 50 epochs
  Epoch 20/50  loss=-0.3520
  Epoch 40/50  loss=-0.5149
DKL training done in 0.3s
  → 1AgCrAs2Se6-1  gap=1.270 eV  best=5.635 eV  top50=1  top10%=1
Cycle  62: GP refit  (71 labelled)
  → 1SeBi2S2-1  gap=0.923 eV  best=5.635 eV  top50=1  top10%=1
Cycle  63: GP refit  (72 labelled)
  → 2RuS2-1  gap=1.583 eV  best=5.635 eV  top50=1  top10%=1
Cycle  64: GP refit  (73 labelled)
  → 1MoSe2-1  gap=1.804 eV  best=5.635 eV  top50=1  top10%=1
Cycle  65: GP refit  (74 labelled)
  → 1WTe2-1  gap=1.141 eV  best=5.635 eV  top50=1  top10%=1
Cycle  66: full DKL retrain  (75 labelled)
GP warmup: 20 epochs on initial embeddings
Joint DKL training: 50 epochs
  Epoch 20/50  loss=-0.3655
  Epoch 40/50  loss=-0.9173
DKL training done in 0.3s
  → 2CoHS2-1  gap=1.204 eV  best=5.635 eV  top50=1  top10%=1
Cycle  67: GP refit  (76 labelled)
  → 2WSe2-1  gap=0.118 eV  best=5.635 eV  top50=1  top10%=1
Cycle  68: GP refit  (77 labelled)
  → 1YCl2-1  gap=0.999 eV  best=5.635 eV  top50=1  top10%=1
Cycle  69: GP refit  (78 labelled)
  → 1ZnBr2-3  gap=3.449 eV  best=5.635 eV  top50=1  top10%=1
Cycle  70: GP refit  (79 labelled)
  → 1YI2-1  gap=0.544 eV  best=5.635 eV  top50=1  top10%=1
Cycle  71: full DKL retrain  (80 labelled)
GP warmup: 20 epochs on initial embeddings
Joint DKL training: 50 epochs
  Epoch 20/50  loss=-0.4326
  Epoch 40/50  loss=-0.6227
DKL training done in 0.3s
  → 1PbI2-2  gap=2.404 eV  best=5.635 eV  top50=1  top10%=1
Cycle  72: GP refit  (81 labelled)
  → 1HgBr2-4  gap=2.459 eV  best=5.635 eV  top50=1  top10%=1
Cycle  73: GP refit  (82 labelled)
  → 1HfS2-2  gap=2.038 eV  best=5.635 eV  top50=1  top10%=1
Cycle  74: GP refit  (83 labelled)
  → 2ZrCl2-1  gap=1.161 eV  best=5.635 eV  top50=1  top10%=1
Cycle  75: GP refit  (84 labelled)
  → 2ZrBr2-1  gap=1.140 eV  best=5.635 eV  top50=1  top10%=1
Cycle  76: full DKL retrain  (85 labelled)
GP warmup: 20 epochs on initial embeddings
Joint DKL training: 50 epochs
  Epoch 20/50  loss=-0.7290
  Epoch 40/50  loss=-0.9152
DKL training done in 0.3s
  → 2NbOI2-1  gap=1.845 eV  best=5.635 eV  top50=1  top10%=1
Cycle  77: GP refit  (86 labelled)
  → 1BrITl2-1  gap=2.587 eV  best=5.635 eV  top50=1  top10%=1
Cycle  78: GP refit  (87 labelled)
  → 1HfTe2-2  gap=0.665 eV  best=5.635 eV  top50=1  top10%=1
Cycle  79: GP refit  (88 labelled)
  → 1HgCl2-3  gap=3.201 eV  best=5.635 eV  top50=1  top10%=1
Cycle  80: GP refit  (89 labelled)
  → 1MoS2-1  gap=2.087 eV  best=5.635 eV  top50=1  top10%=1
Cycle  81: full DKL retrain  (90 labelled)
GP warmup: 20 epochs on initial embeddings
Joint DKL training: 50 epochs
  Epoch 20/50  loss=-0.5269
  Epoch 40/50  loss=-0.7655
DKL training done in 0.3s
  → 1Br2Se2Pb3-1  gap=1.452 eV  best=5.635 eV  top50=1  top10%=1
Cycle  82: GP refit  (91 labelled)
  → 1WS2-1  gap=2.055 eV  best=5.635 eV  top50=1  top10%=1
Cycle  83: GP refit  (92 labelled)
  → 1SnI2-2  gap=2.504 eV  best=5.635 eV  top50=1  top10%=1
Cycle  84: GP refit  (93 labelled)
  → 1PdSe2-2  gap=0.266 eV  best=5.635 eV  top50=1  top10%=1
Cycle  85: GP refit  (94 labelled)
  → 1TiS2-2  gap=2.015 eV  best=5.635 eV  top50=1  top10%=1
Cycle  86: full DKL retrain  (95 labelled)
GP warmup: 20 epochs on initial embeddings
Joint DKL training: 50 epochs
  Epoch 20/50  loss=-0.4496
  Epoch 40/50  loss=-0.6367
DKL training done in 0.3s
  → 2MoS2-1  gap=0.069 eV  best=5.635 eV  top50=1  top10%=1
Cycle  87: GP refit  (96 labelled)
  → 1TiCl2-1  gap=1.395 eV  best=5.635 eV  top50=1  top10%=1
Cycle  88: GP refit  (97 labelled)
  → 1GeBr2-2  gap=3.333 eV  best=5.635 eV  top50=1  top10%=1
Cycle  89: GP refit  (98 labelled)
  → 1MoTe2-1  gap=1.370 eV  best=5.635 eV  top50=1  top10%=1
Cycle  90: GP refit  (99 labelled)
  → 2TiBr2-1  gap=0.817 eV  best=5.635 eV  top50=1  top10%=1
Cycle  91: full DKL retrain  (100 labelled)
GP warmup: 20 epochs on initial embeddings
Joint DKL training: 50 epochs
  Epoch 20/50  loss=-0.3048
  Epoch 40/50  loss=-0.5419
DKL training done in 0.3s
  → 1N2O2Y3-1  gap=1.648 eV  best=5.635 eV  top50=1  top10%=1
Cycle  92: GP refit  (101 labelled)
  → 1C2O2Zr3-1  gap=0.961 eV  best=5.635 eV  top50=1  top10%=1
Cycle  93: GP refit  (102 labelled)
  → 2TiCl2-1  gap=0.997 eV  best=5.635 eV  top50=1  top10%=1
Cycle  94: GP refit  (103 labelled)
  → 1CaI2-2  gap=4.063 eV  best=5.635 eV  top50=1  top10%=1
Cycle  95: GP refit  (104 labelled)
  → 1HgI2-4  gap=1.370 eV  best=5.635 eV  top50=1  top10%=1
Cycle  96: full DKL retrain  (105 labelled)
GP warmup: 20 epochs on initial embeddings
Joint DKL training: 50 epochs
  Epoch 20/50  loss=-0.2181
  Epoch 40/50  loss=-0.6167
DKL training done in 0.3s
  → 1N2O2Zr3-1  gap=0.616 eV  best=5.635 eV  top50=1  top10%=1
Cycle  97: GP refit  (106 labelled)
  → 1C2O2Hf3-1  gap=0.917 eV  best=5.635 eV  top50=1  top10%=1
Cycle  98: GP refit  (107 labelled)
  → 1CSiH2-1  gap=4.871 eV  best=5.635 eV  top50=1  top10%=1
Cycle  99: GP refit  (108 labelled)
  → 2TlCl2-1  gap=2.820 eV  best=5.635 eV  top50=1  top10%=1
Cycle 100: GP refit  (109 labelled)
  → 1WSe2-1  gap=1.730 eV  best=5.635 eV  top50=1  top10%=1
  visible_0p7_3p0/dkl_finetune/seed8 → in-window found=80
BOLoop: 766 materials  |  direction=max  |  top-50 internal threshold=5.35  top-10% internal threshold=4.94
Init: 10 random labels  |  best (max) = 2.795
Cycle   1: full DKL retrain  (10 labelled)
GP warmup: 20 epochs on initial embeddings
/home/roy/software/anaconda3/lib/python3.13/site-packages/torch/_compile.py:32: UserWarning: optimizer contains a parameter group with duplicate parameters; in future, this will cause an error; see github.com/pytorch/pytorch/issues/40967 for more information
  return disable_fn(*args, **kwargs)
Joint DKL training: 50 epochs
  Epoch 20/50  loss=1.0782
  Epoch 40/50  loss=0.9903
DKL training done in 0.3s
  → 1AgAlP2S6-1  gap=3.132 eV  best=3.132 eV  top50=0  top10%=0
Cycle   2: GP refit  (11 labelled)
  → 2BrNbO2-1  gap=3.469 eV  best=3.469 eV  top50=0  top10%=0
Cycle   3: GP refit  (12 labelled)
  → 1ClSbSe-1  gap=1.804 eV  best=3.469 eV  top50=0  top10%=0
Cycle   4: GP refit  (13 labelled)
  → 1AuInCl2S2-1  gap=2.584 eV  best=3.469 eV  top50=0  top10%=0
Cycle   5: GP refit  (14 labelled)
  → 1BiClS-1  gap=1.745 eV  best=3.469 eV  top50=0  top10%=0
Cycle   6: full DKL retrain  (15 labelled)
GP warmup: 20 epochs on initial embeddings
Joint DKL training: 50 epochs
  Epoch 20/50  loss=0.8567
  Epoch 40/50  loss=0.6672
DKL training done in 0.3s
  → 1BrSeY-1  gap=4.122 eV  best=4.122 eV  top50=0  top10%=0
Cycle   7: GP refit  (16 labelled)
  → 1ClSbTe-2  gap=1.891 eV  best=4.122 eV  top50=0  top10%=0
Cycle   8: GP refit  (17 labelled)
  → 1BiBrS-2  gap=1.980 eV  best=4.122 eV  top50=0  top10%=0
Cycle   9: GP refit  (18 labelled)
  → 1AgScP2Se6-1  gap=2.775 eV  best=4.122 eV  top50=0  top10%=0
Cycle  10: GP refit  (19 labelled)
  → 2BrRhTe-1  gap=1.965 eV  best=4.122 eV  top50=0  top10%=0
Cycle  11: full DKL retrain  (20 labelled)
GP warmup: 20 epochs on initial embeddings
Joint DKL training: 50 epochs
  Epoch 20/50  loss=0.7107
  Epoch 40/50  loss=0.5812
DKL training done in 0.3s
  → 1AgCrP2Se6-1  gap=1.789 eV  best=4.122 eV  top50=0  top10%=0
Cycle  12: GP refit  (21 labelled)
  → 2AgCrP2S6-1  gap=2.715 eV  best=4.122 eV  top50=0  top10%=0
Cycle  13: GP refit  (22 labelled)
  → 1AgAlAs2Se6-1  gap=1.577 eV  best=4.122 eV  top50=0  top10%=0
Cycle  14: GP refit  (23 labelled)
  → 1BiHTe2O6-1  gap=4.226 eV  best=4.226 eV  top50=0  top10%=0
Cycle  15: GP refit  (24 labelled)
  → 1AlISe-1  gap=2.186 eV  best=4.226 eV  top50=0  top10%=0
Cycle  16: full DKL retrain  (25 labelled)
GP warmup: 20 epochs on initial embeddings
Joint DKL training: 50 epochs
  Epoch 20/50  loss=0.3916
  Epoch 40/50  loss=-0.0382
DKL training done in 0.3s
  → 1AgCrP2Te6-1  gap=1.137 eV  best=4.226 eV  top50=0  top10%=0
Cycle  17: GP refit  (26 labelled)
  → 1PdZnP2Se6-1  gap=0.796 eV  best=4.226 eV  top50=0  top10%=0
Cycle  18: GP refit  (27 labelled)
  → 1AgAlP2Te6-1  gap=1.065 eV  best=4.226 eV  top50=0  top10%=0
Cycle  19: GP refit  (28 labelled)
  → 2IRhS-2  gap=1.665 eV  best=4.226 eV  top50=0  top10%=0
Cycle  20: GP refit  (29 labelled)
  → 1BiFS-1  gap=2.255 eV  best=4.226 eV  top50=0  top10%=0
Cycle  21: full DKL retrain  (30 labelled)
GP warmup: 20 epochs on initial embeddings
Joint DKL training: 50 epochs
  Epoch 20/50  loss=0.3108
  Epoch 40/50  loss=0.0715
DKL training done in 0.3s
  → 1AgAlP2Se6-1  gap=2.339 eV  best=4.226 eV  top50=0  top10%=0
Cycle  22: GP refit  (31 labelled)
  → 1CoLiP2Se6-1  gap=2.004 eV  best=4.226 eV  top50=0  top10%=0
Cycle  23: GP refit  (32 labelled)
  → 1AgTlP2Se6-1  gap=0.901 eV  best=4.226 eV  top50=0  top10%=0
Cycle  24: GP refit  (33 labelled)
  → 1CoNaP2Se6-1  gap=1.717 eV  best=4.226 eV  top50=0  top10%=0
Cycle  25: GP refit  (34 labelled)
  → 1BiClS-2  gap=2.271 eV  best=4.226 eV  top50=0  top10%=0
Cycle  26: full DKL retrain  (35 labelled)
GP warmup: 20 epochs on initial embeddings
Joint DKL training: 50 epochs
  Epoch 20/50  loss=0.3407
  Epoch 40/50  loss=0.0709
DKL training done in 0.3s
  → 1CoLiAs2Se6-1  gap=1.175 eV  best=4.226 eV  top50=0  top10%=0
Cycle  27: GP refit  (36 labelled)
  → 4NaSbS2-2  gap=2.102 eV  best=4.226 eV  top50=0  top10%=0
Cycle  28: GP refit  (37 labelled)
  → 2WSe2-1  gap=0.118 eV  best=4.226 eV  top50=0  top10%=0
Cycle  29: GP refit  (38 labelled)
  → 2FRhS-1  gap=2.175 eV  best=4.226 eV  top50=0  top10%=0
Cycle  30: GP refit  (39 labelled)
  → 2ClRhSe-1  gap=2.271 eV  best=4.226 eV  top50=0  top10%=0
Cycle  31: full DKL retrain  (40 labelled)
GP warmup: 20 epochs on initial embeddings
Joint DKL training: 50 epochs
  Epoch 20/50  loss=0.2971
  Epoch 40/50  loss=0.0978
DKL training done in 0.3s
  → 1N2O2Hf3-1  gap=0.508 eV  best=4.226 eV  top50=0  top10%=0
Cycle  32: GP refit  (41 labelled)
  → 1TiS2-2  gap=2.015 eV  best=4.226 eV  top50=0  top10%=0
Cycle  33: GP refit  (42 labelled)
  → 1BiFSe-1  gap=1.981 eV  best=4.226 eV  top50=0  top10%=0
Cycle  34: GP refit  (43 labelled)
  → 2CaBi2O4-1  gap=3.923 eV  best=4.226 eV  top50=0  top10%=0
Cycle  35: GP refit  (44 labelled)
  → 2ClIrTe-2  gap=2.050 eV  best=4.226 eV  top50=0  top10%=0
Cycle  36: full DKL retrain  (45 labelled)
GP warmup: 20 epochs on initial embeddings
Joint DKL training: 50 epochs
  Epoch 20/50  loss=0.1641
  Epoch 40/50  loss=0.0175
DKL training done in 0.3s
  → 1CoLiP2S6-1  gap=2.395 eV  best=4.226 eV  top50=0  top10%=0
Cycle  37: GP refit  (46 labelled)
  → 1CoNaP2S6-1  gap=1.851 eV  best=4.226 eV  top50=0  top10%=0
Cycle  38: GP refit  (47 labelled)
  → 1C2O2Zr3-1  gap=0.961 eV  best=4.226 eV  top50=0  top10%=0
Cycle  39: GP refit  (48 labelled)
  → 1ScSe2-2  gap=1.490 eV  best=4.226 eV  top50=0  top10%=0
Cycle  40: GP refit  (49 labelled)
  → 1TiSe2-2  gap=1.460 eV  best=4.226 eV  top50=0  top10%=0
Cycle  41: full DKL retrain  (50 labelled)
GP warmup: 20 epochs on initial embeddings
Joint DKL training: 50 epochs
  Epoch 20/50  loss=-0.0275
  Epoch 40/50  loss=-0.3086
DKL training done in 0.3s
  → 1Br2Se2Pb3-1  gap=1.452 eV  best=4.226 eV  top50=0  top10%=0
Cycle  42: GP refit  (51 labelled)
  → 1GaInS2-1  gap=2.570 eV  best=4.226 eV  top50=0  top10%=0
Cycle  43: GP refit  (52 labelled)
  → 1OBi2S2-1  gap=1.179 eV  best=4.226 eV  top50=0  top10%=0
Cycle  44: GP refit  (53 labelled)
  → 1PbI2-2  gap=2.404 eV  best=4.226 eV  top50=0  top10%=0
Cycle  45: GP refit  (54 labelled)
  → 2IIrSe-2  gap=1.857 eV  best=4.226 eV  top50=0  top10%=0
Cycle  46: full DKL retrain  (55 labelled)
GP warmup: 20 epochs on initial embeddings
Joint DKL training: 50 epochs
  Epoch 20/50  loss=-0.1711
  Epoch 40/50  loss=-0.3365
DKL training done in 0.3s
  → 1N2O2Y3-1  gap=1.648 eV  best=4.226 eV  top50=0  top10%=0
Cycle  47: GP refit  (56 labelled)
  → 1CrHS2-1  gap=2.800 eV  best=4.226 eV  top50=0  top10%=0
Cycle  48: GP refit  (57 labelled)
  → 1STeIn2-1  gap=1.141 eV  best=4.226 eV  top50=0  top10%=0
Cycle  49: GP refit  (58 labelled)
  → 1ZnBr2-3  gap=3.449 eV  best=4.226 eV  top50=0  top10%=0
Cycle  50: GP refit  (59 labelled)
  → 1BrSbSe-1  gap=1.649 eV  best=4.226 eV  top50=0  top10%=0
Cycle  51: full DKL retrain  (60 labelled)
GP warmup: 20 epochs on initial embeddings
Joint DKL training: 50 epochs
  Epoch 20/50  loss=0.0121
  Epoch 40/50  loss=-0.2222
DKL training done in 0.3s
  → 1AlGaSe2-1  gap=2.765 eV  best=4.226 eV  top50=0  top10%=0
Cycle  52: GP refit  (61 labelled)
  → 1GaInTe2-1  gap=1.532 eV  best=4.226 eV  top50=0  top10%=0
Cycle  53: GP refit  (62 labelled)
  → 1HfS2-2  gap=2.038 eV  best=4.226 eV  top50=0  top10%=0
Cycle  54: GP refit  (63 labelled)
  → 1GeO2-3  gap=2.945 eV  best=4.226 eV  top50=0  top10%=0
Cycle  55: GP refit  (64 labelled)
  → 1IRhSe-1  gap=1.425 eV  best=4.226 eV  top50=0  top10%=0
Cycle  56: full DKL retrain  (65 labelled)
GP warmup: 20 epochs on initial embeddings
Joint DKL training: 50 epochs
  Epoch 20/50  loss=-0.0546
  Epoch 40/50  loss=-0.2524
DKL training done in 0.3s
  → 1BrCuGeTe-1  gap=1.540 eV  best=4.226 eV  top50=0  top10%=0
Cycle  57: GP refit  (66 labelled)
  → 2RuO2-1  gap=0.693 eV  best=4.226 eV  top50=0  top10%=0
Cycle  58: GP refit  (67 labelled)
  → 2TiO2-1  gap=5.342 eV  best=5.342 eV  top50=0  top10%=1
Cycle  59: GP refit  (68 labelled)
  → 2KNO3-1  gap=5.261 eV  best=5.342 eV  top50=0  top10%=2
Cycle  60: GP refit  (69 labelled)
  → 1BiBrS-1  gap=1.600 eV  best=5.342 eV  top50=0  top10%=2
Cycle  61: full DKL retrain  (70 labelled)
GP warmup: 20 epochs on initial embeddings
Joint DKL training: 50 epochs
  Epoch 20/50  loss=0.2980
  Epoch 40/50  loss=0.0514
DKL training done in 0.3s
  → 1AuClCuI-1  gap=3.695 eV  best=5.342 eV  top50=0  top10%=2
Cycle  62: GP refit  (71 labelled)
  → 4TiSe2-1  gap=0.036 eV  best=5.342 eV  top50=0  top10%=2
Cycle  63: GP refit  (72 labelled)
  → 4AsPtS-1  gap=2.061 eV  best=5.342 eV  top50=0  top10%=2
Cycle  64: GP refit  (73 labelled)
  → 4SSn-1  gap=2.426 eV  best=5.342 eV  top50=0  top10%=2
Cycle  65: GP refit  (74 labelled)
  → 2BrIrTe-2  gap=1.869 eV  best=5.342 eV  top50=0  top10%=2
Cycle  66: full DKL retrain  (75 labelled)
GP warmup: 20 epochs on initial embeddings
Joint DKL training: 50 epochs
  Epoch 20/50  loss=0.3966
  Epoch 40/50  loss=0.2099
DKL training done in 0.3s
  → 1FeI2-3  gap=0.020 eV  best=5.342 eV  top50=0  top10%=2
Cycle  67: GP refit  (76 labelled)
  → 1MoCu2S4-1  gap=2.617 eV  best=5.342 eV  top50=0  top10%=2
Cycle  68: GP refit  (77 labelled)
  → 2ClRhTe-1  gap=2.113 eV  best=5.342 eV  top50=0  top10%=2
Cycle  69: GP refit  (78 labelled)
  → 1OScHf3N3Br4-1  gap=4.148 eV  best=5.342 eV  top50=0  top10%=2
Cycle  70: GP refit  (79 labelled)
  → 1SnS2-3  gap=1.455 eV  best=5.342 eV  top50=0  top10%=2
Cycle  71: full DKL retrain  (80 labelled)
GP warmup: 20 epochs on initial embeddings
Joint DKL training: 50 epochs
  Epoch 20/50  loss=0.3187
  Epoch 40/50  loss=0.1564
DKL training done in 0.3s
  → 1FeBr2-3  gap=0.145 eV  best=5.342 eV  top50=0  top10%=2
Cycle  72: GP refit  (81 labelled)
  → 2BiO-1  gap=1.042 eV  best=5.342 eV  top50=0  top10%=2
Cycle  73: GP refit  (82 labelled)
  → 1AsClTe-2  gap=1.824 eV  best=5.342 eV  top50=0  top10%=2
Cycle  74: GP refit  (83 labelled)
  → 1PtSSe-1  gap=2.017 eV  best=5.342 eV  top50=0  top10%=2
Cycle  75: GP refit  (84 labelled)
  → 2ScTe-4  gap=0.718 eV  best=5.342 eV  top50=0  top10%=2
Cycle  76: full DKL retrain  (85 labelled)
GP warmup: 20 epochs on initial embeddings
Joint DKL training: 50 epochs
  Epoch 20/50  loss=0.1412
  Epoch 40/50  loss=0.0332
DKL training done in 0.3s
  → 1PbO2-3  gap=0.935 eV  best=5.342 eV  top50=0  top10%=2
Cycle  77: GP refit  (86 labelled)
  → 1BiClSe-2  gap=1.992 eV  best=5.342 eV  top50=0  top10%=2
Cycle  78: GP refit  (87 labelled)
  → 1BiIS-2  gap=1.178 eV  best=5.342 eV  top50=0  top10%=2
Cycle  79: GP refit  (88 labelled)
  → 1WCu2S4-1  gap=2.994 eV  best=5.342 eV  top50=0  top10%=2
Cycle  80: GP refit  (89 labelled)
  → 1AsIS-2  gap=0.810 eV  best=5.342 eV  top50=0  top10%=2
Cycle  81: full DKL retrain  (90 labelled)
GP warmup: 20 epochs on initial embeddings
Joint DKL training: 50 epochs
  Epoch 20/50  loss=0.0527
  Epoch 40/50  loss=-0.0972
DKL training done in 0.3s
  → 1C2O2Hf3-1  gap=0.917 eV  best=5.342 eV  top50=0  top10%=2
Cycle  82: GP refit  (91 labelled)
  → 1SI2Pb2-1  gap=1.567 eV  best=5.342 eV  top50=0  top10%=2
Cycle  83: GP refit  (92 labelled)
  → 1PtSnS4-1  gap=2.122 eV  best=5.342 eV  top50=0  top10%=2
Cycle  84: GP refit  (93 labelled)
  → 1AsClS-2  gap=2.443 eV  best=5.342 eV  top50=0  top10%=2
Cycle  85: GP refit  (94 labelled)
  → 1ISbTe-2  gap=1.442 eV  best=5.342 eV  top50=0  top10%=2
Cycle  86: full DKL retrain  (95 labelled)
GP warmup: 20 epochs on initial embeddings
Joint DKL training: 50 epochs
  Epoch 20/50  loss=-0.2039
  Epoch 40/50  loss=-0.3077
DKL training done in 0.4s
  → 1NiSSeZr-1  gap=1.881 eV  best=5.342 eV  top50=0  top10%=2
Cycle  87: GP refit  (96 labelled)
  → 1PbS2-1  gap=2.299 eV  best=5.342 eV  top50=0  top10%=2
Cycle  88: GP refit  (97 labelled)
  → 1CrO2-2  gap=1.144 eV  best=5.342 eV  top50=0  top10%=2
Cycle  89: GP refit  (98 labelled)
  → 2PdTeO3-2  gap=2.509 eV  best=5.342 eV  top50=0  top10%=2
Cycle  90: GP refit  (99 labelled)
  → 4NiPSe-1  gap=2.021 eV  best=5.342 eV  top50=0  top10%=2
Cycle  91: full DKL retrain  (100 labelled)
GP warmup: 20 epochs on initial embeddings
Joint DKL training: 50 epochs
  Epoch 20/50  loss=-0.2919
  Epoch 40/50  loss=-0.4360
DKL training done in 0.3s
  → 1AgInP2Se6-1  gap=1.707 eV  best=5.342 eV  top50=0  top10%=2
Cycle  92: GP refit  (101 labelled)
  → 2CoHS2-1  gap=1.204 eV  best=5.342 eV  top50=0  top10%=2
Cycle  93: GP refit  (102 labelled)
  → 1ZnI2-3  gap=1.644 eV  best=5.342 eV  top50=0  top10%=2
Cycle  94: GP refit  (103 labelled)
  → 1ZrS2-2  gap=2.023 eV  best=5.342 eV  top50=0  top10%=2
Cycle  95: GP refit  (104 labelled)
  → 1WO2-1  gap=2.097 eV  best=5.342 eV  top50=0  top10%=2
Cycle  96: full DKL retrain  (105 labelled)
GP warmup: 20 epochs on initial embeddings
Joint DKL training: 50 epochs
  Epoch 20/50  loss=-0.4572
  Epoch 40/50  loss=-0.6134
DKL training done in 0.4s
  → 2InS2-3  gap=1.242 eV  best=5.342 eV  top50=0  top10%=2
Cycle  97: GP refit  (106 labelled)
  → 2TlCl2-1  gap=2.820 eV  best=5.342 eV  top50=0  top10%=2
Cycle  98: GP refit  (107 labelled)
  → 1TiI2-2  gap=0.828 eV  best=5.342 eV  top50=0  top10%=2
Cycle  99: GP refit  (108 labelled)
  → 2InPS3-1  gap=1.395 eV  best=5.342 eV  top50=0  top10%=2
Cycle 100: GP refit  (109 labelled)
  → 1BrSbSe-2  gap=2.037 eV  best=5.342 eV  top50=0  top10%=2
  visible_0p7_3p0/dkl_finetune/seed9 → in-window found=84
BOLoop: 766 materials  |  direction=max  |  top-50 internal threshold=5.35  top-10% internal threshold=4.94
Init: 10 random labels  |  best (max) = 5.105
Cycle   1: full DKL retrain  (10 labelled)
GP warmup: 20 epochs on initial embeddings
/home/roy/software/anaconda3/lib/python3.13/site-packages/torch/_compile.py:32: UserWarning: optimizer contains a parameter group with duplicate parameters; in future, this will cause an error; see github.com/pytorch/pytorch/issues/40967 for more information
  return disable_fn(*args, **kwargs)
Joint DKL training: 50 epochs
  Epoch 20/50  loss=1.8441
  Epoch 40/50  loss=1.7040
DKL training done in 0.3s
  → 1CoLiP2Se6-1  gap=2.004 eV  best=5.105 eV  top50=0  top10%=0
Cycle   2: GP refit  (11 labelled)
  → 1BrCoTe-1  gap=1.810 eV  best=5.105 eV  top50=0  top10%=0
Cycle   3: GP refit  (12 labelled)
  → 1CoLiAs2Se6-1  gap=1.175 eV  best=5.105 eV  top50=0  top10%=0
Cycle   4: GP refit  (13 labelled)
  → 2BrIrSe-2  gap=2.067 eV  best=5.105 eV  top50=0  top10%=0
Cycle   5: GP refit  (14 labelled)
  → 1CoNaAs2Se6-1  gap=1.295 eV  best=5.105 eV  top50=0  top10%=0
Cycle   6: full DKL retrain  (15 labelled)
GP warmup: 20 epochs on initial embeddings
Joint DKL training: 50 epochs
  Epoch 20/50  loss=0.6263
  Epoch 40/50  loss=0.4117
DKL training done in 0.3s
  → 1AgScP2S6-1  gap=3.453 eV  best=5.105 eV  top50=0  top10%=0
Cycle   7: GP refit  (16 labelled)
  → 1AgCrP2Se6-1  gap=1.789 eV  best=5.105 eV  top50=0  top10%=0
Cycle   8: GP refit  (17 labelled)
  → 1AgAlP2Se6-1  gap=2.339 eV  best=5.105 eV  top50=0  top10%=0
Cycle   9: GP refit  (18 labelled)
  → 1PdZnP2Se6-1  gap=0.796 eV  best=5.105 eV  top50=0  top10%=0
Cycle  10: GP refit  (19 labelled)
  → 1MoSTe-1  gap=1.585 eV  best=5.105 eV  top50=0  top10%=0
Cycle  11: full DKL retrain  (20 labelled)
GP warmup: 20 epochs on initial embeddings
Joint DKL training: 50 epochs
  Epoch 20/50  loss=0.4474
  Epoch 40/50  loss=0.3114
DKL training done in 0.3s
  → 1AgAlAs2Se6-1  gap=1.577 eV  best=5.105 eV  top50=0  top10%=0
Cycle  12: GP refit  (21 labelled)
  → 1AgGaP2Se6-1  gap=1.694 eV  best=5.105 eV  top50=0  top10%=0
Cycle  13: GP refit  (22 labelled)
  → 1AgScP2Se6-1  gap=2.775 eV  best=5.105 eV  top50=0  top10%=0
Cycle  14: GP refit  (23 labelled)
  → 4NaSbS2-2  gap=2.102 eV  best=5.105 eV  top50=0  top10%=0
Cycle  15: GP refit  (24 labelled)
  → 1CdClHS-1  gap=3.853 eV  best=5.105 eV  top50=0  top10%=0
Cycle  16: full DKL retrain  (25 labelled)
GP warmup: 20 epochs on initial embeddings
Joint DKL training: 50 epochs
  Epoch 20/50  loss=0.2260
  Epoch 40/50  loss=-0.1288
DKL training done in 0.3s
  → 1AgCrP2Te6-1  gap=1.137 eV  best=5.105 eV  top50=0  top10%=0
Cycle  17: GP refit  (26 labelled)
  → 1AgTlP2Se6-1  gap=0.901 eV  best=5.105 eV  top50=0  top10%=0
Cycle  18: GP refit  (27 labelled)
  → 1AgInP2S6-1  gap=2.365 eV  best=5.105 eV  top50=0  top10%=0
Cycle  19: GP refit  (28 labelled)
  → 1AgAlP2Te6-1  gap=1.065 eV  best=5.105 eV  top50=0  top10%=0
Cycle  20: GP refit  (29 labelled)
  → 1Br2Se2Pb3-1  gap=1.452 eV  best=5.105 eV  top50=0  top10%=0
Cycle  21: full DKL retrain  (30 labelled)
GP warmup: 20 epochs on initial embeddings
Joint DKL training: 50 epochs
  Epoch 20/50  loss=-0.0393
  Epoch 40/50  loss=-0.2979
DKL training done in 0.3s
  → 1AgCrAs2Se6-1  gap=1.270 eV  best=5.105 eV  top50=0  top10%=0
Cycle  22: GP refit  (31 labelled)
  → 1AlGaSe2-1  gap=2.765 eV  best=5.105 eV  top50=0  top10%=0
Cycle  23: GP refit  (32 labelled)
  → 2NbOI2-1  gap=1.845 eV  best=5.105 eV  top50=0  top10%=0
Cycle  24: GP refit  (33 labelled)
  → 1OVI2-1  gap=1.849 eV  best=5.105 eV  top50=0  top10%=0
Cycle  25: GP refit  (34 labelled)
  → 1BrCuGeTe-1  gap=1.540 eV  best=5.105 eV  top50=0  top10%=0
Cycle  26: full DKL retrain  (35 labelled)
GP warmup: 20 epochs on initial embeddings
Joint DKL training: 50 epochs
  Epoch 20/50  loss=-0.2862
  Epoch 40/50  loss=-0.4682
DKL training done in 0.3s
  → 1GaInS2-1  gap=2.570 eV  best=5.105 eV  top50=0  top10%=0
Cycle  27: GP refit  (36 labelled)
  → 1AuClCuI-1  gap=3.695 eV  best=5.105 eV  top50=0  top10%=0
Cycle  28: GP refit  (37 labelled)
  → 1OBi2S2-1  gap=1.179 eV  best=5.105 eV  top50=0  top10%=0
Cycle  29: GP refit  (38 labelled)
  → 1SnBr2S2-1  gap=1.490 eV  best=5.105 eV  top50=0  top10%=0
Cycle  30: GP refit  (39 labelled)
  → 1PbSe2-1  gap=1.847 eV  best=5.105 eV  top50=0  top10%=0
Cycle  31: full DKL retrain  (40 labelled)
GP warmup: 20 epochs on initial embeddings
Joint DKL training: 50 epochs
  Epoch 20/50  loss=-0.0874
  Epoch 40/50  loss=-0.3058
DKL training done in 0.3s
  → 4AsLiS2-2  gap=1.883 eV  best=5.105 eV  top50=0  top10%=0
Cycle  32: GP refit  (41 labelled)
  → 1GaInTe2-1  gap=1.532 eV  best=5.105 eV  top50=0  top10%=0
Cycle  33: GP refit  (42 labelled)
  → 1SI2Pb2-1  gap=1.567 eV  best=5.105 eV  top50=0  top10%=0
Cycle  34: GP refit  (43 labelled)
  → 4OBi2S2-1  gap=2.212 eV  best=5.105 eV  top50=0  top10%=0
Cycle  35: GP refit  (44 labelled)
  → 1PbI2-2  gap=2.404 eV  best=5.105 eV  top50=0  top10%=0
Cycle  36: full DKL retrain  (45 labelled)
GP warmup: 20 epochs on initial embeddings
Joint DKL training: 50 epochs
  Epoch 20/50  loss=-0.3216
  Epoch 40/50  loss=-0.6257
DKL training done in 0.3s
  → 4OBi2Se2-1  gap=1.736 eV  best=5.105 eV  top50=0  top10%=0
Cycle  37: GP refit  (46 labelled)
  → 1MoSe2-1  gap=1.804 eV  best=5.105 eV  top50=0  top10%=0
Cycle  38: GP refit  (47 labelled)
  → 1ZrCl2-1  gap=1.500 eV  best=5.105 eV  top50=0  top10%=0
Cycle  39: GP refit  (48 labelled)
  → 1MgI2-3  gap=3.448 eV  best=5.105 eV  top50=0  top10%=0
Cycle  40: GP refit  (49 labelled)
  → 1HfCl2-1  gap=1.471 eV  best=5.105 eV  top50=0  top10%=0
Cycle  41: full DKL retrain  (50 labelled)
GP warmup: 20 epochs on initial embeddings
Joint DKL training: 50 epochs
  Epoch 20/50  loss=-0.4638
  Epoch 40/50  loss=-0.5894
DKL training done in 0.3s
  → 1AgInP2Se6-1  gap=1.707 eV  best=5.105 eV  top50=0  top10%=0
Cycle  42: GP refit  (51 labelled)
  → 2NbOCl2-1  gap=1.951 eV  best=5.105 eV  top50=0  top10%=0
Cycle  43: GP refit  (52 labelled)
  → 1YCl2-1  gap=0.999 eV  best=5.105 eV  top50=0  top10%=0
Cycle  44: GP refit  (53 labelled)
  → 1CaCl2-2  gap=6.384 eV  best=6.384 eV  top50=1  top10%=1
Cycle  45: GP refit  (54 labelled)
  → 1PtSnS4-1  gap=2.122 eV  best=6.384 eV  top50=1  top10%=1
Cycle  46: full DKL retrain  (55 labelled)
GP warmup: 20 epochs on initial embeddings
Joint DKL training: 50 epochs
  Epoch 20/50  loss=0.2324
  Epoch 40/50  loss=-0.1478
DKL training done in 0.3s
  → 1N2O2Y3-1  gap=1.648 eV  best=6.384 eV  top50=1  top10%=1
Cycle  47: GP refit  (56 labelled)
  → 2RuS2-1  gap=1.583 eV  best=6.384 eV  top50=1  top10%=1
Cycle  48: GP refit  (57 labelled)
  → 1YI2-1  gap=0.544 eV  best=6.384 eV  top50=1  top10%=1
Cycle  49: GP refit  (58 labelled)
  → 1YBr2-1  gap=0.901 eV  best=6.384 eV  top50=1  top10%=1
Cycle  50: GP refit  (59 labelled)
  → 2ClIrSe-2  gap=2.235 eV  best=6.384 eV  top50=1  top10%=1
Cycle  51: full DKL retrain  (60 labelled)
GP warmup: 20 epochs on initial embeddings
Joint DKL training: 50 epochs
  Epoch 20/50  loss=0.0155
  Epoch 40/50  loss=-0.1247
DKL training done in 0.3s
  → 3RuSCl2-1  gap=1.131 eV  best=6.384 eV  top50=1  top10%=1
Cycle  52: GP refit  (61 labelled)
  → 1HgBr2-4  gap=2.459 eV  best=6.384 eV  top50=1  top10%=1
Cycle  53: GP refit  (62 labelled)
  → 2ZrBr2-1  gap=1.140 eV  best=6.384 eV  top50=1  top10%=1
Cycle  54: GP refit  (63 labelled)
  → 1FeI2-3  gap=0.020 eV  best=6.384 eV  top50=1  top10%=1
Cycle  55: GP refit  (64 labelled)
  → 4PPdS-1  gap=2.090 eV  best=6.384 eV  top50=1  top10%=1
Cycle  56: full DKL retrain  (65 labelled)
GP warmup: 20 epochs on initial embeddings
Joint DKL training: 50 epochs
  Epoch 20/50  loss=0.0267
  Epoch 40/50  loss=-0.1403
DKL training done in 0.3s
  → 1OZrBr2-1  gap=2.245 eV  best=6.384 eV  top50=1  top10%=1
Cycle  57: GP refit  (66 labelled)
  → 1STeIn2-1  gap=1.141 eV  best=6.384 eV  top50=1  top10%=1
Cycle  58: GP refit  (67 labelled)
  → 1NiSSeZr-1  gap=1.881 eV  best=6.384 eV  top50=1  top10%=1
Cycle  59: GP refit  (68 labelled)
  → 1HfS2-2  gap=2.038 eV  best=6.384 eV  top50=1  top10%=1
Cycle  60: GP refit  (69 labelled)
  → 1HgCl2-3  gap=3.201 eV  best=6.384 eV  top50=1  top10%=1
Cycle  61: full DKL retrain  (70 labelled)
GP warmup: 20 epochs on initial embeddings
Joint DKL training: 50 epochs
  Epoch 20/50  loss=-0.4535
  Epoch 40/50  loss=-0.6401
DKL training done in 0.3s
  → 1OVBr2-1  gap=3.019 eV  best=6.384 eV  top50=1  top10%=1
Cycle  62: GP refit  (71 labelled)
  → 4LiPS2-1  gap=2.290 eV  best=6.384 eV  top50=1  top10%=1
Cycle  63: GP refit  (72 labelled)
  → 2FeS2-1  gap=1.331 eV  best=6.384 eV  top50=1  top10%=1
Cycle  64: GP refit  (73 labelled)
  → 1TiCl2-1  gap=1.395 eV  best=6.384 eV  top50=1  top10%=1
Cycle  65: GP refit  (74 labelled)
  → 1PbCl2-2  gap=3.856 eV  best=6.384 eV  top50=1  top10%=1
Cycle  66: full DKL retrain  (75 labelled)
GP warmup: 20 epochs on initial embeddings
Joint DKL training: 50 epochs
  Epoch 20/50  loss=-0.1105
  Epoch 40/50  loss=-0.2632
DKL training done in 0.3s
  → 2TiCl2-1  gap=0.997 eV  best=6.384 eV  top50=1  top10%=1
Cycle  67: GP refit  (76 labelled)
  → 2ZrCl2-1  gap=1.161 eV  best=6.384 eV  top50=1  top10%=1
Cycle  68: GP refit  (77 labelled)
  → 2MoSe2-1  gap=0.108 eV  best=6.384 eV  top50=1  top10%=1
Cycle  69: GP refit  (78 labelled)
  → 1HgI2-4  gap=1.370 eV  best=6.384 eV  top50=1  top10%=1
Cycle  70: GP refit  (79 labelled)
  → 1ISbTe-1  gap=1.322 eV  best=6.384 eV  top50=1  top10%=1
Cycle  71: full DKL retrain  (80 labelled)
GP warmup: 20 epochs on initial embeddings
Joint DKL training: 50 epochs
  Epoch 20/50  loss=0.0794
  Epoch 40/50  loss=0.0144
DKL training done in 0.4s
  → 1ZrS2-2  gap=2.023 eV  best=6.384 eV  top50=1  top10%=1
Cycle  72: GP refit  (81 labelled)
  → 2CrWSe4-1  gap=1.203 eV  best=6.384 eV  top50=1  top10%=1
Cycle  73: GP refit  (82 labelled)
  → 1ClSbTe-1  gap=1.866 eV  best=6.384 eV  top50=1  top10%=1
Cycle  74: GP refit  (83 labelled)
  → 2IrSe-3  gap=0.822 eV  best=6.384 eV  top50=1  top10%=1
Cycle  75: GP refit  (84 labelled)
  → 1HfPdCl6-1  gap=2.459 eV  best=6.384 eV  top50=1  top10%=1
Cycle  76: full DKL retrain  (85 labelled)
GP warmup: 20 epochs on initial embeddings
Joint DKL training: 50 epochs
  Epoch 20/50  loss=0.0720
  Epoch 40/50  loss=-0.0084
DKL training done in 0.4s
  → 2MoS2-1  gap=0.069 eV  best=6.384 eV  top50=1  top10%=1
Cycle  77: GP refit  (86 labelled)
  → 1PtSeTe-1  gap=1.092 eV  best=6.384 eV  top50=1  top10%=1
Cycle  78: GP refit  (87 labelled)
  → 1AsBrS-2  gap=2.077 eV  best=6.384 eV  top50=1  top10%=1
Cycle  79: GP refit  (88 labelled)
  → 2HISr-1  gap=4.888 eV  best=6.384 eV  top50=1  top10%=1
Cycle  80: GP refit  (89 labelled)
  → 4AsPdS-1  gap=1.501 eV  best=6.384 eV  top50=1  top10%=1
Cycle  81: full DKL retrain  (90 labelled)
GP warmup: 20 epochs on initial embeddings
Joint DKL training: 50 epochs
  Epoch 20/50  loss=0.2625
  Epoch 40/50  loss=0.1167
DKL training done in 0.4s
  → 1N2O2Zr3-1  gap=0.616 eV  best=6.384 eV  top50=1  top10%=1
Cycle  82: GP refit  (91 labelled)
  → 1TiS2-2  gap=2.015 eV  best=6.384 eV  top50=1  top10%=1
Cycle  83: GP refit  (92 labelled)
  → 1AsClSe-2  gap=2.371 eV  best=6.384 eV  top50=1  top10%=1
Cycle  84: GP refit  (93 labelled)
  → 1GeMnCl6-1  gap=2.129 eV  best=6.384 eV  top50=1  top10%=1
Cycle  85: GP refit  (94 labelled)
  → 1BrSeY-1  gap=4.122 eV  best=6.384 eV  top50=1  top10%=1
Cycle  86: full DKL retrain  (95 labelled)
GP warmup: 20 epochs on initial embeddings
Joint DKL training: 50 epochs
  Epoch 20/50  loss=0.2088
  Epoch 40/50  loss=0.0146
DKL training done in 0.3s
  → 2INbO2-1  gap=2.295 eV  best=6.384 eV  top50=1  top10%=1
Cycle  87: GP refit  (96 labelled)
  → 2HfBr2-1  gap=1.334 eV  best=6.384 eV  top50=1  top10%=1
Cycle  88: GP refit  (97 labelled)
  → 2HNaTe-1  gap=3.492 eV  best=6.384 eV  top50=1  top10%=1
Cycle  89: GP refit  (98 labelled)
  → 1PtSSe-1  gap=2.017 eV  best=6.384 eV  top50=1  top10%=1
Cycle  90: GP refit  (99 labelled)
  → 1MoW3S8-1  gap=2.064 eV  best=6.384 eV  top50=1  top10%=1
Cycle  91: full DKL retrain  (100 labelled)
GP warmup: 20 epochs on initial embeddings
Joint DKL training: 50 epochs
  Epoch 20/50  loss=0.0724
  Epoch 40/50  loss=-0.0854
DKL training done in 0.3s
  → 4AgF2-2  gap=1.637 eV  best=6.384 eV  top50=1  top10%=1
Cycle  92: GP refit  (101 labelled)
  → 1CrSe2-1  gap=1.128 eV  best=6.384 eV  top50=1  top10%=1
Cycle  93: GP refit  (102 labelled)
  → 4AgCl2-1  gap=0.971 eV  best=6.384 eV  top50=1  top10%=1
Cycle  94: GP refit  (103 labelled)
  → 2CrWS4-1  gap=1.442 eV  best=6.384 eV  top50=1  top10%=1
Cycle  95: GP refit  (104 labelled)
  → 1MoSSe-1  gap=1.949 eV  best=6.384 eV  top50=1  top10%=1
Cycle  96: full DKL retrain  (105 labelled)
GP warmup: 20 epochs on initial embeddings
Joint DKL training: 50 epochs
  Epoch 20/50  loss=-0.0810
  Epoch 40/50  loss=-0.2151
DKL training done in 0.3s
  → 1BaI2-2  gap=4.274 eV  best=6.384 eV  top50=1  top10%=1
Cycle  97: GP refit  (106 labelled)
  → 1ZrSe2-2  gap=1.684 eV  best=6.384 eV  top50=1  top10%=1
Cycle  98: GP refit  (107 labelled)
  → 2IRhSe-1  gap=1.725 eV  best=6.384 eV  top50=1  top10%=1
Cycle  99: GP refit  (108 labelled)
  → 1BrCoSe-1  gap=2.153 eV  best=6.384 eV  top50=1  top10%=1
Cycle 100: GP refit  (109 labelled)
  → 1BiClS-2  gap=2.271 eV  best=6.384 eV  top50=1  top10%=1
  visible_0p7_3p0/dkl_finetune/seed10 → in-window found=83
BOLoop: 766 materials  |  direction=max  |  top-50 internal threshold=5.35  top-10% internal threshold=4.94
Init: 10 random labels  |  best (max) = 3.513
Cycle   1: full DKL retrain  (10 labelled)
GP warmup: 20 epochs on initial embeddings
/home/roy/software/anaconda3/lib/python3.13/site-packages/torch/_compile.py:32: UserWarning: optimizer contains a parameter group with duplicate parameters; in future, this will cause an error; see github.com/pytorch/pytorch/issues/40967 for more information
  return disable_fn(*args, **kwargs)
Joint DKL training: 50 epochs
  Epoch 20/50  loss=1.4414
  Epoch 40/50  loss=1.3061
DKL training done in 0.3s
  → 4AuF2-1  gap=1.286 eV  best=3.513 eV  top50=0  top10%=0
Cycle   2: GP refit  (11 labelled)
  → 1CoLiP2S6-1  gap=2.395 eV  best=3.513 eV  top50=0  top10%=0
Cycle   3: GP refit  (12 labelled)
  → 1CoNaP2S6-1  gap=1.851 eV  best=3.513 eV  top50=0  top10%=0
Cycle   4: GP refit  (13 labelled)
  → 1BrHfI-1  gap=1.157 eV  best=3.513 eV  top50=0  top10%=0
Cycle   5: GP refit  (14 labelled)
  → 1BrIZr-1  gap=1.174 eV  best=3.513 eV  top50=0  top10%=0
Cycle   6: full DKL retrain  (15 labelled)
GP warmup: 20 epochs on initial embeddings
Joint DKL training: 50 epochs
  Epoch 20/50  loss=0.5812
  Epoch 40/50  loss=0.4772
DKL training done in 0.3s
  → 1AgScP2S6-1  gap=3.453 eV  best=3.513 eV  top50=0  top10%=0
Cycle   7: GP refit  (16 labelled)
  → 1AgCrP2S6-1  gap=2.012 eV  best=3.513 eV  top50=0  top10%=0
Cycle   8: GP refit  (17 labelled)
  → 2AgCrP2S6-1  gap=2.715 eV  best=3.513 eV  top50=0  top10%=0
Cycle   9: GP refit  (18 labelled)
  → 1TiBr2-1  gap=1.166 eV  best=3.513 eV  top50=0  top10%=0
Cycle  10: GP refit  (19 labelled)
  → 1PtSeMn2S5-1  gap=1.467 eV  best=3.513 eV  top50=0  top10%=0
Cycle  11: full DKL retrain  (20 labelled)
GP warmup: 20 epochs on initial embeddings
Joint DKL training: 50 epochs
  Epoch 20/50  loss=0.6611
  Epoch 40/50  loss=0.1525
DKL training done in 0.3s
  → 2CoHS2-1  gap=1.204 eV  best=3.513 eV  top50=0  top10%=0
Cycle  12: GP refit  (21 labelled)
  → 1MoCu2S4-1  gap=2.617 eV  best=3.513 eV  top50=0  top10%=0
Cycle  13: GP refit  (22 labelled)
  → 4NiPS-1  gap=2.172 eV  best=3.513 eV  top50=0  top10%=0
Cycle  14: GP refit  (23 labelled)
  → 4PPtS-1  gap=2.654 eV  best=3.513 eV  top50=0  top10%=0
Cycle  15: GP refit  (24 labelled)
  → 4AsNiS-1  gap=1.507 eV  best=3.513 eV  top50=0  top10%=0
Cycle  16: full DKL retrain  (25 labelled)
GP warmup: 20 epochs on initial embeddings
Joint DKL training: 50 epochs
  Epoch 20/50  loss=0.3836
  Epoch 40/50  loss=0.1991
DKL training done in 0.3s
  → 1AgCrP2Se6-1  gap=1.789 eV  best=3.513 eV  top50=0  top10%=0
Cycle  17: GP refit  (26 labelled)
  → 1AgCrP2Te6-1  gap=1.137 eV  best=3.513 eV  top50=0  top10%=0
Cycle  18: GP refit  (27 labelled)
  → 1CoLiP2Se6-1  gap=2.004 eV  best=3.513 eV  top50=0  top10%=0
Cycle  19: GP refit  (28 labelled)
  → 1AgAlAs2Se6-1  gap=1.577 eV  best=3.513 eV  top50=0  top10%=0
Cycle  20: GP refit  (29 labelled)
  → 1AgTlP2Se6-1  gap=0.901 eV  best=3.513 eV  top50=0  top10%=0
Cycle  21: full DKL retrain  (30 labelled)
GP warmup: 20 epochs on initial embeddings
Joint DKL training: 50 epochs
  Epoch 20/50  loss=0.2414
  Epoch 40/50  loss=0.0564
DKL training done in 0.3s
  → 1AgAlP2Se6-1  gap=2.339 eV  best=3.513 eV  top50=0  top10%=0
Cycle  22: GP refit  (31 labelled)
  → 1AgInP2Se6-1  gap=1.707 eV  best=3.513 eV  top50=0  top10%=0
Cycle  23: GP refit  (32 labelled)
  → 1PdZnP2Se6-1  gap=0.796 eV  best=3.513 eV  top50=0  top10%=0
Cycle  24: GP refit  (33 labelled)
  → 1HfSTe-2  gap=0.481 eV  best=3.513 eV  top50=0  top10%=0
Cycle  25: GP refit  (34 labelled)
  → 2NiTeS3-1  gap=1.567 eV  best=3.513 eV  top50=0  top10%=0
Cycle  26: full DKL retrain  (35 labelled)
GP warmup: 20 epochs on initial embeddings
Joint DKL training: 50 epochs
  Epoch 20/50  loss=0.3107
  Epoch 40/50  loss=0.1273
DKL training done in 0.3s
  → 1AgGaP2Se6-1  gap=1.694 eV  best=3.513 eV  top50=0  top10%=0
Cycle  27: GP refit  (36 labelled)
  → 1HSbSe2O6-1  gap=4.431 eV  best=4.431 eV  top50=0  top10%=0
Cycle  28: GP refit  (37 labelled)
  → 1AgAlP2Te6-1  gap=1.065 eV  best=4.431 eV  top50=0  top10%=0
Cycle  29: GP refit  (38 labelled)
  → 4TaS3-1  gap=0.823 eV  best=4.431 eV  top50=0  top10%=0
Cycle  30: GP refit  (39 labelled)
  → 1WAg2S4-1  gap=2.482 eV  best=4.431 eV  top50=0  top10%=0
Cycle  31: full DKL retrain  (40 labelled)
GP warmup: 20 epochs on initial embeddings
Joint DKL training: 50 epochs
  Epoch 20/50  loss=0.3546
  Epoch 40/50  loss=0.1568
DKL training done in 0.3s
  → 1AgGaP2S6-1  gap=2.285 eV  best=4.431 eV  top50=0  top10%=0
Cycle  32: GP refit  (41 labelled)
  → 1CoLiAs2Se6-1  gap=1.175 eV  best=4.431 eV  top50=0  top10%=0
Cycle  33: GP refit  (42 labelled)
  → 1CSiH2-1  gap=4.871 eV  best=4.871 eV  top50=0  top10%=0
Cycle  34: GP refit  (43 labelled)
  → 1OBi2S2-1  gap=1.179 eV  best=4.871 eV  top50=0  top10%=0
Cycle  35: GP refit  (44 labelled)
  → 1AsClS-2  gap=2.443 eV  best=4.871 eV  top50=0  top10%=0
Cycle  36: full DKL retrain  (45 labelled)
GP warmup: 20 epochs on initial embeddings
Joint DKL training: 50 epochs
  Epoch 20/50  loss=-0.0135
  Epoch 40/50  loss=-0.1563
DKL training done in 0.3s
  → 1CoNaP2Se6-1  gap=1.717 eV  best=4.871 eV  top50=0  top10%=0
Cycle  37: GP refit  (46 labelled)
  → 1AgInP2S6-1  gap=2.365 eV  best=4.871 eV  top50=0  top10%=0
Cycle  38: GP refit  (47 labelled)
  → 2ClScBr2-1  gap=4.935 eV  best=4.935 eV  top50=0  top10%=0
Cycle  39: GP refit  (48 labelled)
  → 1BrCuGeTe-1  gap=1.540 eV  best=4.935 eV  top50=0  top10%=0
Cycle  40: GP refit  (49 labelled)
  → 2ClRhTe-1  gap=2.113 eV  best=4.935 eV  top50=0  top10%=0
Cycle  41: full DKL retrain  (50 labelled)
GP warmup: 20 epochs on initial embeddings
Joint DKL training: 50 epochs
  Epoch 20/50  loss=0.0194
  Epoch 40/50  loss=-0.1212
DKL training done in 0.3s
  → 1N2O2Hf3-1  gap=0.508 eV  best=4.935 eV  top50=0  top10%=0
Cycle  42: GP refit  (51 labelled)
  → 1N2O2Zr3-1  gap=0.616 eV  best=4.935 eV  top50=0  top10%=0
Cycle  43: GP refit  (52 labelled)
  → 1SnBr2S2-1  gap=1.490 eV  best=4.935 eV  top50=0  top10%=0
Cycle  44: GP refit  (53 labelled)
  → 1IIrTe-1  gap=1.821 eV  best=4.935 eV  top50=0  top10%=0
Cycle  45: GP refit  (54 labelled)
  → 1ClO2V2Br3-1  gap=1.976 eV  best=4.935 eV  top50=0  top10%=0
Cycle  46: full DKL retrain  (55 labelled)
GP warmup: 20 epochs on initial embeddings
Joint DKL training: 50 epochs
  Epoch 20/50  loss=0.0398
  Epoch 40/50  loss=-0.0905
DKL training done in 0.3s
  → 1C2O2Hf3-1  gap=0.917 eV  best=4.935 eV  top50=0  top10%=0
Cycle  47: GP refit  (56 labelled)
  → 1N2O2Y3-1  gap=1.648 eV  best=4.935 eV  top50=0  top10%=0
Cycle  48: GP refit  (57 labelled)
  → 1C2O2Zr3-1  gap=0.961 eV  best=4.935 eV  top50=0  top10%=0
Cycle  49: GP refit  (58 labelled)
  → 1CrHS2-1  gap=2.800 eV  best=4.935 eV  top50=0  top10%=0
Cycle  50: GP refit  (59 labelled)
  → 1ClCrTe-1  gap=1.108 eV  best=4.935 eV  top50=0  top10%=0
Cycle  51: full DKL retrain  (60 labelled)
GP warmup: 20 epochs on initial embeddings
Joint DKL training: 50 epochs
  Epoch 20/50  loss=-0.0235
  Epoch 40/50  loss=-0.1729
DKL training done in 0.3s
  → 1OVBr2-1  gap=3.019 eV  best=4.935 eV  top50=0  top10%=0
Cycle  52: GP refit  (61 labelled)
  → 2CoFO2-1  gap=2.473 eV  best=4.935 eV  top50=0  top10%=0
Cycle  53: GP refit  (62 labelled)
  → 2OsS2-1  gap=1.387 eV  best=4.935 eV  top50=0  top10%=0
Cycle  54: GP refit  (63 labelled)
  → 1STeTi-2  gap=0.531 eV  best=4.935 eV  top50=0  top10%=0
Cycle  55: GP refit  (64 labelled)
  → 1OTa3Cl7-1  gap=1.569 eV  best=4.935 eV  top50=0  top10%=0
Cycle  56: full DKL retrain  (65 labelled)
GP warmup: 20 epochs on initial embeddings
Joint DKL training: 50 epochs
  Epoch 20/50  loss=0.1451
  Epoch 40/50  loss=0.0425
DKL training done in 0.3s
  → 1AlGaSe2-1  gap=2.765 eV  best=4.935 eV  top50=0  top10%=0
Cycle  57: GP refit  (66 labelled)
  → 1PtSSe-1  gap=2.017 eV  best=4.935 eV  top50=0  top10%=0
Cycle  58: GP refit  (67 labelled)
  → 2ClIrSe-2  gap=2.235 eV  best=4.935 eV  top50=0  top10%=0
Cycle  59: GP refit  (68 labelled)
  → 2CoAs2Br2O3-1  gap=3.781 eV  best=4.935 eV  top50=0  top10%=0
Cycle  60: GP refit  (69 labelled)
  → 2AgS-1  gap=1.557 eV  best=4.935 eV  top50=0  top10%=0
Cycle  61: full DKL retrain  (70 labelled)
GP warmup: 20 epochs on initial embeddings
Joint DKL training: 50 epochs
  Epoch 20/50  loss=0.2099
  Epoch 40/50  loss=0.0350
DKL training done in 0.3s
  → 4NaSbS2-2  gap=2.102 eV  best=4.935 eV  top50=0  top10%=0
Cycle  62: GP refit  (71 labelled)
  → 1OVF2-1  gap=3.311 eV  best=4.935 eV  top50=0  top10%=0
Cycle  63: GP refit  (72 labelled)
  → 1HfNiF6-1  gap=6.181 eV  best=6.181 eV  top50=1  top10%=1
Cycle  64: GP refit  (73 labelled)
  → 1RuCl2-3  gap=0.908 eV  best=6.181 eV  top50=1  top10%=1
Cycle  65: GP refit  (74 labelled)
  → 1TiI2-2  gap=0.828 eV  best=6.181 eV  top50=1  top10%=1
Cycle  66: full DKL retrain  (75 labelled)
GP warmup: 20 epochs on initial embeddings
Joint DKL training: 50 epochs
  Epoch 20/50  loss=0.6588
  Epoch 40/50  loss=0.4484
DKL training done in 0.3s
  → 1BrClI2O2V2-1  gap=2.590 eV  best=6.181 eV  top50=1  top10%=1
Cycle  67: GP refit  (76 labelled)
  → 1SeNb3Cl7-1  gap=1.601 eV  best=6.181 eV  top50=1  top10%=1
Cycle  68: GP refit  (77 labelled)
  → 1AsClSe-2  gap=2.371 eV  best=6.181 eV  top50=1  top10%=1
Cycle  69: GP refit  (78 labelled)
  → 1AsBrTe-1  gap=1.839 eV  best=6.181 eV  top50=1  top10%=1
Cycle  70: GP refit  (79 labelled)
  → 1CrMo3Te8-1  gap=1.105 eV  best=6.181 eV  top50=1  top10%=1
Cycle  71: full DKL retrain  (80 labelled)
GP warmup: 20 epochs on initial embeddings
Joint DKL training: 50 epochs
  Epoch 20/50  loss=0.1849
  Epoch 40/50  loss=0.0176
DKL training done in 0.4s
  → 1CaBr2-2  gap=5.515 eV  best=6.181 eV  top50=2  top10%=2
Cycle  72: GP refit  (81 labelled)
  → 2ClIrTe-2  gap=2.050 eV  best=6.181 eV  top50=2  top10%=2
Cycle  73: GP refit  (82 labelled)
  → 1HfNiCl6-1  gap=4.523 eV  best=6.181 eV  top50=2  top10%=2
Cycle  74: GP refit  (83 labelled)
  → 2BrIrTe-2  gap=1.869 eV  best=6.181 eV  top50=2  top10%=2
Cycle  75: GP refit  (84 labelled)
  → 1SnS2-3  gap=1.455 eV  best=6.181 eV  top50=2  top10%=2
Cycle  76: full DKL retrain  (85 labelled)
GP warmup: 20 epochs on initial embeddings
Joint DKL training: 50 epochs
  Epoch 20/50  loss=0.5606
  Epoch 40/50  loss=0.4155
DKL training done in 0.4s
  → 2NbOI2-1  gap=1.845 eV  best=6.181 eV  top50=2  top10%=2
Cycle  77: GP refit  (86 labelled)
  → 1MoSe2-1  gap=1.804 eV  best=6.181 eV  top50=2  top10%=2
Cycle  78: GP refit  (87 labelled)
  → 2MoWS4-1  gap=2.062 eV  best=6.181 eV  top50=2  top10%=2
Cycle  79: GP refit  (88 labelled)
  → 4AsPtS-1  gap=2.061 eV  best=6.181 eV  top50=2  top10%=2
Cycle  80: GP refit  (89 labelled)
  → 1SI2Pb2-1  gap=1.567 eV  best=6.181 eV  top50=2  top10%=2
Cycle  81: full DKL retrain  (90 labelled)
GP warmup: 20 epochs on initial embeddings
Joint DKL training: 50 epochs
  Epoch 20/50  loss=0.2221
  Epoch 40/50  loss=-0.0068
DKL training done in 0.3s
  → 1Br2Se2Pb3-1  gap=1.452 eV  best=6.181 eV  top50=2  top10%=2
Cycle  82: GP refit  (91 labelled)
  → 4LiSbS2-1  gap=2.746 eV  best=6.181 eV  top50=2  top10%=2
Cycle  83: GP refit  (92 labelled)
  → 2BrRhTe-1  gap=1.965 eV  best=6.181 eV  top50=2  top10%=2
Cycle  84: GP refit  (93 labelled)
  → 1HfPdCl6-1  gap=2.459 eV  best=6.181 eV  top50=2  top10%=2
Cycle  85: GP refit  (94 labelled)
  → 4OSb2Se2-1  gap=2.083 eV  best=6.181 eV  top50=2  top10%=2
Cycle  86: full DKL retrain  (95 labelled)
GP warmup: 20 epochs on initial embeddings
Joint DKL training: 50 epochs
  Epoch 20/50  loss=-0.0733
  Epoch 40/50  loss=-0.2021
DKL training done in 0.3s
  → 3RuSCl2-1  gap=1.131 eV  best=6.181 eV  top50=2  top10%=2
Cycle  87: GP refit  (96 labelled)
  → 2NbOCl2-1  gap=1.951 eV  best=6.181 eV  top50=2  top10%=2
Cycle  88: GP refit  (97 labelled)
  → 2CoHO2-1  gap=2.596 eV  best=6.181 eV  top50=2  top10%=2
Cycle  89: GP refit  (98 labelled)
  → 1ZrCl2-1  gap=1.500 eV  best=6.181 eV  top50=2  top10%=2
Cycle  90: GP refit  (99 labelled)
  → 2WSe2-1  gap=0.118 eV  best=6.181 eV  top50=2  top10%=2
Cycle  91: full DKL retrain  (100 labelled)
GP warmup: 20 epochs on initial embeddings
Joint DKL training: 50 epochs
  Epoch 20/50  loss=0.1550
  Epoch 40/50  loss=-0.1061
DKL training done in 0.3s
  → 1HfCl2-1  gap=1.471 eV  best=6.181 eV  top50=2  top10%=2
Cycle  92: GP refit  (101 labelled)
  → 1TiO2-3  gap=3.447 eV  best=6.181 eV  top50=2  top10%=2
Cycle  93: GP refit  (102 labelled)
  → 2IIrTe-2  gap=1.671 eV  best=6.181 eV  top50=2  top10%=2
Cycle  94: GP refit  (103 labelled)
  → 2RhSe-3  gap=0.337 eV  best=6.181 eV  top50=2  top10%=2
Cycle  95: GP refit  (104 labelled)
  → 1MoSTe-1  gap=1.585 eV  best=6.181 eV  top50=2  top10%=2
Cycle  96: full DKL retrain  (105 labelled)
GP warmup: 20 epochs on initial embeddings
Joint DKL training: 50 epochs
  Epoch 20/50  loss=-0.0121
  Epoch 40/50  loss=-0.1486
DKL training done in 0.3s
  → 4OBi2S2-1  gap=2.212 eV  best=6.181 eV  top50=2  top10%=2
Cycle  97: GP refit  (106 labelled)
  → 2TiCl2-1  gap=0.997 eV  best=6.181 eV  top50=2  top10%=2
Cycle  98: GP refit  (107 labelled)
  → 1YI2-1  gap=0.544 eV  best=6.181 eV  top50=2  top10%=2
Cycle  99: GP refit  (108 labelled)
  → 1Se3Ni4S5-1  gap=0.610 eV  best=6.181 eV  top50=2  top10%=2
Cycle 100: GP refit  (109 labelled)
  → 1BP-1  gap=1.362 eV  best=6.181 eV  top50=2  top10%=2
  visible_0p7_3p0/dkl_finetune/seed11 → in-window found=81
BOLoop: 766 materials  |  direction=max  |  top-50 internal threshold=5.35  top-10% internal threshold=4.94
Init: 10 random labels  |  best (max) = 7.351
Cycle   1: full DKL retrain  (10 labelled)
GP warmup: 20 epochs on initial embeddings
/home/roy/software/anaconda3/lib/python3.13/site-packages/torch/_compile.py:32: UserWarning: optimizer contains a parameter group with duplicate parameters; in future, this will cause an error; see github.com/pytorch/pytorch/issues/40967 for more information
  return disable_fn(*args, **kwargs)
Joint DKL training: 50 epochs
  Epoch 20/50  loss=2.7682
  Epoch 40/50  loss=2.4980
DKL training done in 0.3s
  → 1MoSTe-1  gap=1.585 eV  best=7.351 eV  top50=0  top10%=0
Cycle   2: GP refit  (11 labelled)
  → 1SSeW-1  gap=1.911 eV  best=7.351 eV  top50=0  top10%=0
Cycle   3: GP refit  (12 labelled)
  → 1STeW-1  gap=1.681 eV  best=7.351 eV  top50=0  top10%=0
Cycle   4: GP refit  (13 labelled)
  → 1SSeTi-2  gap=1.342 eV  best=7.351 eV  top50=0  top10%=0
Cycle   5: GP refit  (14 labelled)
  → 1STeTi-2  gap=0.531 eV  best=7.351 eV  top50=0  top10%=0
Cycle   6: full DKL retrain  (15 labelled)
GP warmup: 20 epochs on initial embeddings
Joint DKL training: 50 epochs
  Epoch 20/50  loss=1.1420
  Epoch 40/50  loss=1.0191
DKL training done in 0.3s
  → 2IrNbS4-1  gap=1.253 eV  best=7.351 eV  top50=0  top10%=0
Cycle   7: GP refit  (16 labelled)
  → 2NiTeS3-1  gap=1.567 eV  best=7.351 eV  top50=0  top10%=0
Cycle   8: GP refit  (17 labelled)
  → 2RhTaS4-1  gap=1.231 eV  best=7.351 eV  top50=0  top10%=0
Cycle   9: GP refit  (18 labelled)
  → 1AgInP2S6-1  gap=2.365 eV  best=7.351 eV  top50=0  top10%=0
Cycle  10: GP refit  (19 labelled)
  → 2PtTeS3-1  gap=1.731 eV  best=7.351 eV  top50=0  top10%=0
Cycle  11: full DKL retrain  (20 labelled)
GP warmup: 20 epochs on initial embeddings
Joint DKL training: 50 epochs
  Epoch 20/50  loss=0.6048
  Epoch 40/50  loss=0.3205
DKL training done in 0.3s
  → 1AgCrP2Se6-1  gap=1.789 eV  best=7.351 eV  top50=0  top10%=0
Cycle  12: GP refit  (21 labelled)
  → 1CoLiP2S6-1  gap=2.395 eV  best=7.351 eV  top50=0  top10%=0
Cycle  13: GP refit  (22 labelled)
  → 1AgAlP2Se6-1  gap=2.339 eV  best=7.351 eV  top50=0  top10%=0
Cycle  14: GP refit  (23 labelled)
  → 1CoLiP2Se6-1  gap=2.004 eV  best=7.351 eV  top50=0  top10%=0
Cycle  15: GP refit  (24 labelled)
  → 1AgAlAs2Se6-1  gap=1.577 eV  best=7.351 eV  top50=0  top10%=0
Cycle  16: full DKL retrain  (25 labelled)
GP warmup: 20 epochs on initial embeddings
Joint DKL training: 50 epochs
  Epoch 20/50  loss=-0.0713
  Epoch 40/50  loss=-0.2295
DKL training done in 0.3s
  → 1AgScP2S6-1  gap=3.453 eV  best=7.351 eV  top50=0  top10%=0
Cycle  17: GP refit  (26 labelled)
  → 1AgCrP2Te6-1  gap=1.137 eV  best=7.351 eV  top50=0  top10%=0
Cycle  18: GP refit  (27 labelled)
  → 1AgCrP2S6-1  gap=2.012 eV  best=7.351 eV  top50=0  top10%=0
Cycle  19: GP refit  (28 labelled)
  → 4LiSbS2-1  gap=2.746 eV  best=7.351 eV  top50=0  top10%=0
Cycle  20: GP refit  (29 labelled)
  → 4NbS3-2  gap=1.030 eV  best=7.351 eV  top50=0  top10%=0
Cycle  21: full DKL retrain  (30 labelled)
GP warmup: 20 epochs on initial embeddings
Joint DKL training: 50 epochs
  Epoch 20/50  loss=0.2494
  Epoch 40/50  loss=0.0370
DKL training done in 0.3s
  → 2AgCrP2S6-1  gap=2.715 eV  best=7.351 eV  top50=0  top10%=0
Cycle  22: GP refit  (31 labelled)
  → 1AgInP2Se6-1  gap=1.707 eV  best=7.351 eV  top50=0  top10%=0
Cycle  23: GP refit  (32 labelled)
  → 1CoNaP2Se6-1  gap=1.717 eV  best=7.351 eV  top50=0  top10%=0
Cycle  24: GP refit  (33 labelled)
  → 1N2O2Hf3-1  gap=0.508 eV  best=7.351 eV  top50=0  top10%=0
Cycle  25: GP refit  (34 labelled)
  → 2WSe2-1  gap=0.118 eV  best=7.351 eV  top50=0  top10%=0
Cycle  26: full DKL retrain  (35 labelled)
GP warmup: 20 epochs on initial embeddings
Joint DKL training: 50 epochs
  Epoch 20/50  loss=0.5355
  Epoch 40/50  loss=0.4283
DKL training done in 0.3s
  → 1PdZnP2Se6-1  gap=0.796 eV  best=7.351 eV  top50=0  top10%=0
Cycle  27: GP refit  (36 labelled)
  → 1SeNb3Br7-1  gap=1.477 eV  best=7.351 eV  top50=0  top10%=0
Cycle  28: GP refit  (37 labelled)
  → 2IIrS-2  gap=1.749 eV  best=7.351 eV  top50=0  top10%=0
Cycle  29: GP refit  (38 labelled)
  → 1AgTlP2Se6-1  gap=0.901 eV  best=7.351 eV  top50=0  top10%=0
Cycle  30: GP refit  (39 labelled)
  → 1N2O2Y3-1  gap=1.648 eV  best=7.351 eV  top50=0  top10%=0
Cycle  31: full DKL retrain  (40 labelled)
GP warmup: 20 epochs on initial embeddings
Joint DKL training: 50 epochs
  Epoch 20/50  loss=0.4441
  Epoch 40/50  loss=0.2851
DKL training done in 0.3s
  → 1C2O2Hf3-1  gap=0.917 eV  best=7.351 eV  top50=0  top10%=0
Cycle  32: GP refit  (41 labelled)
  → 2CrWS4-1  gap=1.442 eV  best=7.351 eV  top50=0  top10%=0
Cycle  33: GP refit  (42 labelled)
  → 1SeNi2S3-1  gap=1.350 eV  best=7.351 eV  top50=0  top10%=0
Cycle  34: GP refit  (43 labelled)
  → 2HfBr2-1  gap=1.334 eV  best=7.351 eV  top50=0  top10%=0
Cycle  35: GP refit  (44 labelled)
  → 1BrCoSe-1  gap=2.153 eV  best=7.351 eV  top50=0  top10%=0
Cycle  36: full DKL retrain  (45 labelled)
GP warmup: 20 epochs on initial embeddings
Joint DKL training: 50 epochs
  Epoch 20/50  loss=0.0831
  Epoch 40/50  loss=-0.1368
DKL training done in 0.3s
  → 1AgGaP2Se6-1  gap=1.694 eV  best=7.351 eV  top50=0  top10%=0
Cycle  37: GP refit  (46 labelled)
  → 1AgAlP2Te6-1  gap=1.065 eV  best=7.351 eV  top50=0  top10%=0
Cycle  38: GP refit  (47 labelled)
  → 4AsLiS2-2  gap=1.883 eV  best=7.351 eV  top50=0  top10%=0
Cycle  39: GP refit  (48 labelled)
  → 2BrNbO2-1  gap=3.469 eV  best=7.351 eV  top50=0  top10%=0
Cycle  40: GP refit  (49 labelled)
  → 1OSTi-1  gap=1.777 eV  best=7.351 eV  top50=0  top10%=0
Cycle  41: full DKL retrain  (50 labelled)
GP warmup: 20 epochs on initial embeddings
Joint DKL training: 50 epochs
  Epoch 20/50  loss=0.1633
  Epoch 40/50  loss=-0.0295
DKL training done in 0.3s
  → 1AgGaP2S6-1  gap=2.285 eV  best=7.351 eV  top50=0  top10%=0
Cycle  42: GP refit  (51 labelled)
  → 1CoLiAs2Se6-1  gap=1.175 eV  best=7.351 eV  top50=0  top10%=0
Cycle  43: GP refit  (52 labelled)
  → 1CoNaAs2Se6-1  gap=1.295 eV  best=7.351 eV  top50=0  top10%=0
Cycle  44: GP refit  (53 labelled)
  → 2NbOI2-1  gap=1.845 eV  best=7.351 eV  top50=0  top10%=0
Cycle  45: GP refit  (54 labelled)
  → 1OVI2-1  gap=1.849 eV  best=7.351 eV  top50=0  top10%=0
Cycle  46: full DKL retrain  (55 labelled)
GP warmup: 20 epochs on initial embeddings
Joint DKL training: 50 epochs
  Epoch 20/50  loss=-0.2731
  Epoch 40/50  loss=-0.5367
DKL training done in 0.3s
  → 1CoNaP2S6-1  gap=1.851 eV  best=7.351 eV  top50=0  top10%=0
Cycle  47: GP refit  (56 labelled)
  → 1NiSSeZr-1  gap=1.881 eV  best=7.351 eV  top50=0  top10%=0
Cycle  48: GP refit  (57 labelled)
  → 1MoSe2-1  gap=1.804 eV  best=7.351 eV  top50=0  top10%=0
Cycle  49: GP refit  (58 labelled)
  → 1YI2-1  gap=0.544 eV  best=7.351 eV  top50=0  top10%=0
Cycle  50: GP refit  (59 labelled)
  → 1HgBr2-4  gap=2.459 eV  best=7.351 eV  top50=0  top10%=0
Cycle  51: full DKL retrain  (60 labelled)
GP warmup: 20 epochs on initial embeddings
Joint DKL training: 50 epochs
  Epoch 20/50  loss=-0.4206
  Epoch 40/50  loss=-0.5519
DKL training done in 0.3s
  → 4NaSbS2-2  gap=2.102 eV  best=7.351 eV  top50=0  top10%=0
Cycle  52: GP refit  (61 labelled)
  → 1SnBr2S2-1  gap=1.490 eV  best=7.351 eV  top50=0  top10%=0
Cycle  53: GP refit  (62 labelled)
  → 2OsO2-1  gap=1.005 eV  best=7.351 eV  top50=0  top10%=0
Cycle  54: GP refit  (63 labelled)
  → 1BaI2-2  gap=4.274 eV  best=7.351 eV  top50=0  top10%=0
Cycle  55: GP refit  (64 labelled)
  → 1MoS2-1  gap=2.087 eV  best=7.351 eV  top50=0  top10%=0
Cycle  56: full DKL retrain  (65 labelled)
GP warmup: 20 epochs on initial embeddings
Joint DKL training: 50 epochs
  Epoch 20/50  loss=-0.1622
  Epoch 40/50  loss=-0.3127
DKL training done in 0.3s
  → 1SnO2-3  gap=1.956 eV  best=7.351 eV  top50=0  top10%=0
Cycle  57: GP refit  (66 labelled)
  → 1YBr2-1  gap=0.901 eV  best=7.351 eV  top50=0  top10%=0
Cycle  58: GP refit  (67 labelled)
  → 2RuO2-1  gap=0.693 eV  best=7.351 eV  top50=0  top10%=0
Cycle  59: GP refit  (68 labelled)
  → 1WS2-1  gap=2.055 eV  best=7.351 eV  top50=0  top10%=0
Cycle  60: GP refit  (69 labelled)
  → 2InPS3-1  gap=1.395 eV  best=7.351 eV  top50=0  top10%=0
Cycle  61: full DKL retrain  (70 labelled)
GP warmup: 20 epochs on initial embeddings
Joint DKL training: 50 epochs
  Epoch 20/50  loss=-0.0886
  Epoch 40/50  loss=-0.2651
DKL training done in 0.3s
  → 1CdBr2-3  gap=3.373 eV  best=7.351 eV  top50=0  top10%=0
Cycle  62: GP refit  (71 labelled)
  → 1TiBr2-1  gap=1.166 eV  best=7.351 eV  top50=0  top10%=0
Cycle  63: GP refit  (72 labelled)
  → 1GeO2-3  gap=2.945 eV  best=7.351 eV  top50=0  top10%=0
Cycle  64: GP refit  (73 labelled)
  → 1AlCdInS4-1  gap=1.877 eV  best=7.351 eV  top50=0  top10%=0
Cycle  65: GP refit  (74 labelled)
  → 1ONb3Br7-1  gap=1.441 eV  best=7.351 eV  top50=0  top10%=0
Cycle  66: full DKL retrain  (75 labelled)
GP warmup: 20 epochs on initial embeddings
Joint DKL training: 50 epochs
  Epoch 20/50  loss=-0.2075
  Epoch 40/50  loss=-0.3527
DKL training done in 0.3s
  → 1GeBr2-2  gap=3.333 eV  best=7.351 eV  top50=0  top10%=0
Cycle  67: GP refit  (76 labelled)
  → 1HfBr2-1  gap=1.226 eV  best=7.351 eV  top50=0  top10%=0
Cycle  68: GP refit  (77 labelled)
  → 1CaI2-2  gap=4.063 eV  best=7.351 eV  top50=0  top10%=0
Cycle  69: GP refit  (78 labelled)
  → 1BrCdI-1  gap=3.053 eV  best=7.351 eV  top50=0  top10%=0
Cycle  70: GP refit  (79 labelled)
  → 2InO-2  gap=0.920 eV  best=7.351 eV  top50=0  top10%=0
Cycle  71: full DKL retrain  (80 labelled)
GP warmup: 20 epochs on initial embeddings
Joint DKL training: 50 epochs
  Epoch 20/50  loss=0.0580
  Epoch 40/50  loss=-0.0941
DKL training done in 0.3s
  → 4AsNaO2-1  gap=5.635 eV  best=7.351 eV  top50=1  top10%=1
Cycle  72: GP refit  (81 labelled)
  → 1TiO2-3  gap=3.447 eV  best=7.351 eV  top50=1  top10%=1
Cycle  73: GP refit  (82 labelled)
  → 2TiBr2-1  gap=0.817 eV  best=7.351 eV  top50=1  top10%=1
Cycle  74: GP refit  (83 labelled)
  → 4TaS3-1  gap=0.823 eV  best=7.351 eV  top50=1  top10%=1
Cycle  75: GP refit  (84 labelled)
  → 1CoITe-1  gap=0.971 eV  best=7.351 eV  top50=1  top10%=1
Cycle  76: full DKL retrain  (85 labelled)
GP warmup: 20 epochs on initial embeddings
Joint DKL training: 50 epochs
  Epoch 20/50  loss=0.2870
  Epoch 40/50  loss=0.1244
DKL training done in 0.3s
  → 1AgCrAs2Se6-1  gap=1.270 eV  best=7.351 eV  top50=1  top10%=1
Cycle  77: GP refit  (86 labelled)
  → 1CrHS2-1  gap=2.800 eV  best=7.351 eV  top50=1  top10%=1
Cycle  78: GP refit  (87 labelled)
  → 1FeHfBr6-1  gap=3.395 eV  best=7.351 eV  top50=1  top10%=1
Cycle  79: GP refit  (88 labelled)
  → 1Ta3Br8-1  gap=0.821 eV  best=7.351 eV  top50=1  top10%=1
Cycle  80: GP refit  (89 labelled)
  → 2IRhSe-1  gap=1.725 eV  best=7.351 eV  top50=1  top10%=1
Cycle  81: full DKL retrain  (90 labelled)
GP warmup: 20 epochs on initial embeddings
Joint DKL training: 50 epochs
  Epoch 20/50  loss=0.1533
  Epoch 40/50  loss=-0.0359
DKL training done in 0.3s
  → 1PbS2-1  gap=2.299 eV  best=7.351 eV  top50=1  top10%=1
Cycle  82: GP refit  (91 labelled)
  → 1CdI2-3  gap=2.295 eV  best=7.351 eV  top50=1  top10%=1
Cycle  83: GP refit  (92 labelled)
  → 1MnNbSe4-1  gap=0.598 eV  best=7.351 eV  top50=1  top10%=1
Cycle  84: GP refit  (93 labelled)
  → 1BiIS-2  gap=1.178 eV  best=7.351 eV  top50=1  top10%=1
Cycle  85: GP refit  (94 labelled)
  → 2IRhS-2  gap=1.665 eV  best=7.351 eV  top50=1  top10%=1
Cycle  86: full DKL retrain  (95 labelled)
GP warmup: 20 epochs on initial embeddings
Joint DKL training: 50 epochs
  Epoch 20/50  loss=-0.1499
  Epoch 40/50  loss=-0.3051
DKL training done in 0.3s
  → 1CSiH2-1  gap=4.871 eV  best=7.351 eV  top50=1  top10%=1
Cycle  87: GP refit  (96 labelled)
  → 1OBi2S2-1  gap=1.179 eV  best=7.351 eV  top50=1  top10%=1
Cycle  88: GP refit  (97 labelled)
  → 1BiIS-1  gap=1.474 eV  best=7.351 eV  top50=1  top10%=1
Cycle  89: GP refit  (98 labelled)
  → 1GeBi2Se2I4-1  gap=1.419 eV  best=7.351 eV  top50=1  top10%=1
Cycle  90: GP refit  (99 labelled)
  → 2AuS-1  gap=2.010 eV  best=7.351 eV  top50=1  top10%=1
Cycle  91: full DKL retrain  (100 labelled)
GP warmup: 20 epochs on initial embeddings
Joint DKL training: 50 epochs
  Epoch 20/50  loss=-0.0592
  Epoch 40/50  loss=-0.1967
DKL training done in 0.3s
  → 4OBi2S2-1  gap=2.212 eV  best=7.351 eV  top50=1  top10%=1
Cycle  92: GP refit  (101 labelled)
  → 4OBi2Se2-1  gap=1.736 eV  best=7.351 eV  top50=1  top10%=1
Cycle  93: GP refit  (102 labelled)
  → 1ZrTe2-2  gap=0.836 eV  best=7.351 eV  top50=1  top10%=1
Cycle  94: GP refit  (103 labelled)
  → 1MgI2-3  gap=3.448 eV  best=7.351 eV  top50=1  top10%=1
Cycle  95: GP refit  (104 labelled)
  → 2FeS2-1  gap=1.331 eV  best=7.351 eV  top50=1  top10%=1
Cycle  96: full DKL retrain  (105 labelled)
GP warmup: 20 epochs on initial embeddings
Joint DKL training: 50 epochs
  Epoch 20/50  loss=-0.2442
  Epoch 40/50  loss=-0.4186
DKL training done in 0.3s
  → 1SeBi2S2-1  gap=0.923 eV  best=7.351 eV  top50=1  top10%=1
Cycle  97: GP refit  (106 labelled)
  → 1HfS2-2  gap=2.038 eV  best=7.351 eV  top50=1  top10%=1
Cycle  98: GP refit  (107 labelled)
  → 1ZrI2-1  gap=1.038 eV  best=7.351 eV  top50=1  top10%=1
Cycle  99: GP refit  (108 labelled)
  → 1ZrSe2-2  gap=1.684 eV  best=7.351 eV  top50=1  top10%=1
Cycle 100: GP refit  (109 labelled)
  → 1FeI2-3  gap=0.020 eV  best=7.351 eV  top50=1  top10%=1
  visible_0p7_3p0/dkl_finetune/seed12 → in-window found=81
BOLoop: 766 materials  |  direction=max  |  top-50 internal threshold=5.35  top-10% internal threshold=4.94
Init: 10 random labels  |  best (max) = 4.438
Cycle   1: full DKL retrain  (10 labelled)
GP warmup: 20 epochs on initial embeddings
/home/roy/software/anaconda3/lib/python3.13/site-packages/torch/_compile.py:32: UserWarning: optimizer contains a parameter group with duplicate parameters; in future, this will cause an error; see github.com/pytorch/pytorch/issues/40967 for more information
  return disable_fn(*args, **kwargs)
Joint DKL training: 50 epochs
  Epoch 20/50  loss=1.5165
  Epoch 40/50  loss=1.3914
DKL training done in 0.3s
  → 2NRbRuSCl5-1  gap=1.324 eV  best=4.438 eV  top50=0  top10%=0
Cycle   2: GP refit  (11 labelled)
  → 1AuInCl2S2-1  gap=2.584 eV  best=4.438 eV  top50=0  top10%=0
Cycle   3: GP refit  (12 labelled)
  → 2CsNOsSCl5-1  gap=1.544 eV  best=4.438 eV  top50=0  top10%=0
Cycle   4: GP refit  (13 labelled)
  → 2ClRhS-1  gap=2.270 eV  best=4.438 eV  top50=0  top10%=0
Cycle   5: GP refit  (14 labelled)
  → 1ClSSb-2  gap=2.321 eV  best=4.438 eV  top50=0  top10%=0
Cycle   6: full DKL retrain  (15 labelled)
GP warmup: 20 epochs on initial embeddings
Joint DKL training: 50 epochs
  Epoch 20/50  loss=0.7607
  Epoch 40/50  loss=0.5638
DKL training done in 0.3s
  → 1PdZnP2Se6-1  gap=0.796 eV  best=4.438 eV  top50=0  top10%=0
Cycle   7: GP refit  (16 labelled)
  → 1AgCrP2Se6-1  gap=1.789 eV  best=4.438 eV  top50=0  top10%=0
Cycle   8: GP refit  (17 labelled)
  → 1AgGaP2Se6-1  gap=1.694 eV  best=4.438 eV  top50=0  top10%=0
Cycle   9: GP refit  (18 labelled)
  → 1AgScP2Se6-1  gap=2.775 eV  best=4.438 eV  top50=0  top10%=0
Cycle  10: GP refit  (19 labelled)
  → 2IrS-3  gap=0.713 eV  best=4.438 eV  top50=0  top10%=0
Cycle  11: full DKL retrain  (20 labelled)
GP warmup: 20 epochs on initial embeddings
Joint DKL training: 50 epochs
  Epoch 20/50  loss=0.5788
  Epoch 40/50  loss=0.3401
DKL training done in 0.3s
  → 1AgAlP2Se6-1  gap=2.339 eV  best=4.438 eV  top50=0  top10%=0
Cycle  12: GP refit  (21 labelled)
  → 1CoLiP2Se6-1  gap=2.004 eV  best=4.438 eV  top50=0  top10%=0
Cycle  13: GP refit  (22 labelled)
  → 1AgCrP2Te6-1  gap=1.137 eV  best=4.438 eV  top50=0  top10%=0
Cycle  14: GP refit  (23 labelled)
  → 1AgInP2Se6-1  gap=1.707 eV  best=4.438 eV  top50=0  top10%=0
Cycle  15: GP refit  (24 labelled)
  → 1AgTlP2Se6-1  gap=0.901 eV  best=4.438 eV  top50=0  top10%=0
Cycle  16: full DKL retrain  (25 labelled)
GP warmup: 20 epochs on initial embeddings
Joint DKL training: 50 epochs
  Epoch 20/50  loss=4.7974
  Epoch 40/50  loss=-0.2057
DKL training done in 0.3s
  → 1AgScP2S6-1  gap=3.453 eV  best=4.438 eV  top50=0  top10%=0
Cycle  17: GP refit  (26 labelled)
  → 1CoLiP2S6-1  gap=2.395 eV  best=4.438 eV  top50=0  top10%=0
Cycle  18: GP refit  (27 labelled)
  → 1AgCrP2S6-1  gap=2.012 eV  best=4.438 eV  top50=0  top10%=0
Cycle  19: GP refit  (28 labelled)
  → 2AgCrP2S6-1  gap=2.715 eV  best=4.438 eV  top50=0  top10%=0
Cycle  20: GP refit  (29 labelled)
  → 1AgGaP2S6-1  gap=2.285 eV  best=4.438 eV  top50=0  top10%=0
Cycle  21: full DKL retrain  (30 labelled)
GP warmup: 20 epochs on initial embeddings
Joint DKL training: 50 epochs
  Epoch 20/50  loss=1.7565
  Epoch 40/50  loss=0.4726
DKL training done in 0.3s
  → 1CoNaP2Se6-1  gap=1.717 eV  best=4.438 eV  top50=0  top10%=0
Cycle  22: GP refit  (31 labelled)
  → 1AgInP2S6-1  gap=2.365 eV  best=4.438 eV  top50=0  top10%=0
Cycle  23: GP refit  (32 labelled)
  → 1AgAlP2Te6-1  gap=1.065 eV  best=4.438 eV  top50=0  top10%=0
Cycle  24: GP refit  (33 labelled)
  → 1GaInS2-1  gap=2.570 eV  best=4.438 eV  top50=0  top10%=0
Cycle  25: GP refit  (34 labelled)
  → 2WSe2-1  gap=0.118 eV  best=4.438 eV  top50=0  top10%=0
Cycle  26: full DKL retrain  (35 labelled)
GP warmup: 20 epochs on initial embeddings
Joint DKL training: 50 epochs
  Epoch 20/50  loss=0.3184
  Epoch 40/50  loss=-0.0149
DKL training done in 0.3s
  → 1N2O2Hf3-1  gap=0.508 eV  best=4.438 eV  top50=0  top10%=0
Cycle  27: GP refit  (36 labelled)
  → 1N2O2Zr3-1  gap=0.616 eV  best=4.438 eV  top50=0  top10%=0
Cycle  28: GP refit  (37 labelled)
  → 1CoITe-1  gap=0.971 eV  best=4.438 eV  top50=0  top10%=0
Cycle  29: GP refit  (38 labelled)
  → 2PtSeO3-1  gap=2.732 eV  best=4.438 eV  top50=0  top10%=0
Cycle  30: GP refit  (39 labelled)
  → 2BrIrSe-2  gap=2.067 eV  best=4.438 eV  top50=0  top10%=0
Cycle  31: full DKL retrain  (40 labelled)
GP warmup: 20 epochs on initial embeddings
Joint DKL training: 50 epochs
  Epoch 20/50  loss=0.4125
  Epoch 40/50  loss=0.2324
DKL training done in 0.3s
  → 1CoNaP2S6-1  gap=1.851 eV  best=4.438 eV  top50=0  top10%=0
Cycle  32: GP refit  (41 labelled)
  → 2CoHS2-1  gap=1.204 eV  best=4.438 eV  top50=0  top10%=0
Cycle  33: GP refit  (42 labelled)
  → 3RuSCl2-1  gap=1.131 eV  best=4.438 eV  top50=0  top10%=0
Cycle  34: GP refit  (43 labelled)
  → 2PdSO3-1  gap=2.851 eV  best=4.438 eV  top50=0  top10%=0
Cycle  35: GP refit  (44 labelled)
  → 2ClMnSbS2-2  gap=1.242 eV  best=4.438 eV  top50=0  top10%=0
Cycle  36: full DKL retrain  (45 labelled)
GP warmup: 20 epochs on initial embeddings
Joint DKL training: 50 epochs
  Epoch 20/50  loss=0.1030
  Epoch 40/50  loss=-0.1396
DKL training done in 0.3s
  → 1C2O2Hf3-1  gap=0.917 eV  best=4.438 eV  top50=0  top10%=0
Cycle  37: GP refit  (46 labelled)
  → 1C2O2Zr3-1  gap=0.961 eV  best=4.438 eV  top50=0  top10%=0
Cycle  38: GP refit  (47 labelled)
  → 1OBi2S2-1  gap=1.179 eV  best=4.438 eV  top50=0  top10%=0
Cycle  39: GP refit  (48 labelled)
  → 4OBi2S2-1  gap=2.212 eV  best=4.438 eV  top50=0  top10%=0
Cycle  40: GP refit  (49 labelled)
  → 1TiI2-2  gap=0.828 eV  best=4.438 eV  top50=0  top10%=0
Cycle  41: full DKL retrain  (50 labelled)
GP warmup: 20 epochs on initial embeddings
Joint DKL training: 50 epochs
  Epoch 20/50  loss=-0.0804
  Epoch 40/50  loss=-0.2354
DKL training done in 0.3s
  → 1Br2Se2Pb3-1  gap=1.452 eV  best=4.438 eV  top50=0  top10%=0
Cycle  42: GP refit  (51 labelled)
  → 1STeIn2-1  gap=1.141 eV  best=4.438 eV  top50=0  top10%=0
Cycle  43: GP refit  (52 labelled)
  → 2AgIBr2-1  gap=2.063 eV  best=4.438 eV  top50=0  top10%=0
Cycle  44: GP refit  (53 labelled)
  → 2NbOI2-1  gap=1.845 eV  best=4.438 eV  top50=0  top10%=0
Cycle  45: GP refit  (54 labelled)
  → 1OVI2-1  gap=1.849 eV  best=4.438 eV  top50=0  top10%=0
Cycle  46: full DKL retrain  (55 labelled)
GP warmup: 20 epochs on initial embeddings
Joint DKL training: 50 epochs
  Epoch 20/50  loss=-0.1806
  Epoch 40/50  loss=-0.4010
DKL training done in 0.3s
  → 1CrHS2-1  gap=2.800 eV  best=4.438 eV  top50=0  top10%=0
Cycle  47: GP refit  (56 labelled)
  → 1CdHIS-1  gap=2.851 eV  best=4.438 eV  top50=0  top10%=0
Cycle  48: GP refit  (57 labelled)
  → 1AuClCuI-1  gap=3.695 eV  best=4.438 eV  top50=0  top10%=0
Cycle  49: GP refit  (58 labelled)
  → 2CsNO3-1  gap=5.324 eV  best=5.324 eV  top50=0  top10%=1
Cycle  50: GP refit  (59 labelled)
  → 2ClIrTe-2  gap=2.050 eV  best=5.324 eV  top50=0  top10%=1
Cycle  51: full DKL retrain  (60 labelled)
GP warmup: 20 epochs on initial embeddings
Joint DKL training: 50 epochs
  Epoch 20/50  loss=0.4132
  Epoch 40/50  loss=0.2380
DKL training done in 0.3s
  → 1N2O2Y3-1  gap=1.648 eV  best=5.324 eV  top50=0  top10%=1
Cycle  52: GP refit  (61 labelled)
  → 1CSiF2-1  gap=3.306 eV  best=5.324 eV  top50=0  top10%=1
Cycle  53: GP refit  (62 labelled)
  → 1HfCl2-1  gap=1.471 eV  best=5.324 eV  top50=0  top10%=1
Cycle  54: GP refit  (63 labelled)
  → 2PdTeO3-2  gap=2.509 eV  best=5.324 eV  top50=0  top10%=1
Cycle  55: GP refit  (64 labelled)
  → 2ClRhTe-1  gap=2.113 eV  best=5.324 eV  top50=0  top10%=1
Cycle  56: full DKL retrain  (65 labelled)
GP warmup: 20 epochs on initial embeddings
Joint DKL training: 50 epochs
  Epoch 20/50  loss=0.1846
  Epoch 40/50  loss=-0.0632
DKL training done in 0.3s
  → 1GaInTe2-1  gap=1.532 eV  best=5.324 eV  top50=0  top10%=1
Cycle  57: GP refit  (66 labelled)
  → 1OZrBr2-1  gap=2.245 eV  best=5.324 eV  top50=0  top10%=1
Cycle  58: GP refit  (67 labelled)
  → 1BrCuGeTe-1  gap=1.540 eV  best=5.324 eV  top50=0  top10%=1
Cycle  59: GP refit  (68 labelled)
  → 1SI2Pb2-1  gap=1.567 eV  best=5.324 eV  top50=0  top10%=1
Cycle  60: GP refit  (69 labelled)
  → 1SnBr2S2-1  gap=1.490 eV  best=5.324 eV  top50=0  top10%=1
Cycle  61: full DKL retrain  (70 labelled)
GP warmup: 20 epochs on initial embeddings
Joint DKL training: 50 epochs
  Epoch 20/50  loss=-0.3831
  Epoch 40/50  loss=-0.5956
DKL training done in 0.3s
  → 1OVBr2-1  gap=3.019 eV  best=5.324 eV  top50=0  top10%=1
Cycle  62: GP refit  (71 labelled)
  → 4NaSbS2-2  gap=2.102 eV  best=5.324 eV  top50=0  top10%=1
Cycle  63: GP refit  (72 labelled)
  → 4OBi2Se2-1  gap=1.736 eV  best=5.324 eV  top50=0  top10%=1
Cycle  64: GP refit  (73 labelled)
  → 4OSb2Se2-1  gap=2.083 eV  best=5.324 eV  top50=0  top10%=1
Cycle  65: GP refit  (74 labelled)
  → 1PbI2-2  gap=2.404 eV  best=5.324 eV  top50=0  top10%=1
Cycle  66: full DKL retrain  (75 labelled)
GP warmup: 20 epochs on initial embeddings
Joint DKL training: 50 epochs
  Epoch 20/50  loss=-0.7929
  Epoch 40/50  loss=-0.9810
DKL training done in 0.3s
  → 1CSiH2-1  gap=4.871 eV  best=5.324 eV  top50=0  top10%=1
Cycle  67: GP refit  (76 labelled)
  → 2NbOCl2-1  gap=1.951 eV  best=5.324 eV  top50=0  top10%=1
Cycle  68: GP refit  (77 labelled)
  → 2OsO2-1  gap=1.005 eV  best=5.324 eV  top50=0  top10%=1
Cycle  69: GP refit  (78 labelled)
  → 1ZrO2-3  gap=3.561 eV  best=5.324 eV  top50=0  top10%=1
Cycle  70: GP refit  (79 labelled)
  → 1ZrCl2-1  gap=1.500 eV  best=5.324 eV  top50=0  top10%=1
Cycle  71: full DKL retrain  (80 labelled)
GP warmup: 20 epochs on initial embeddings
Joint DKL training: 50 epochs
  Epoch 20/50  loss=1.2233
  Epoch 40/50  loss=-0.3433
DKL training done in 0.3s
  → 2TiCl2-1  gap=0.997 eV  best=5.324 eV  top50=0  top10%=1
Cycle  72: GP refit  (81 labelled)
  → 1YCl2-1  gap=0.999 eV  best=5.324 eV  top50=0  top10%=1
Cycle  73: GP refit  (82 labelled)
  → 1YI2-1  gap=0.544 eV  best=5.324 eV  top50=0  top10%=1
Cycle  74: GP refit  (83 labelled)
  → 1HgCl2-3  gap=3.201 eV  best=5.324 eV  top50=0  top10%=1
Cycle  75: GP refit  (84 labelled)
  → 1IRhSe-1  gap=1.425 eV  best=5.324 eV  top50=0  top10%=1
Cycle  76: full DKL retrain  (85 labelled)
GP warmup: 20 epochs on initial embeddings
Joint DKL training: 50 epochs
  Epoch 20/50  loss=0.1831
  Epoch 40/50  loss=-0.0941
DKL training done in 0.3s
  → 1ZnBr2-3  gap=3.449 eV  best=5.324 eV  top50=0  top10%=1
Cycle  77: GP refit  (86 labelled)
  → 1TiO2-3  gap=3.447 eV  best=5.324 eV  top50=0  top10%=1
Cycle  78: GP refit  (87 labelled)
  → 1SnI2-2  gap=2.504 eV  best=5.324 eV  top50=0  top10%=1
Cycle  79: GP refit  (88 labelled)
  → 1BiClS-2  gap=2.271 eV  best=5.324 eV  top50=0  top10%=1
Cycle  80: GP refit  (89 labelled)
  → 2BrIrTe-2  gap=1.869 eV  best=5.324 eV  top50=0  top10%=1
Cycle  81: full DKL retrain  (90 labelled)
GP warmup: 20 epochs on initial embeddings
Joint DKL training: 50 epochs
  Epoch 20/50  loss=-0.1022
  Epoch 40/50  loss=-0.2758
DKL training done in 0.3s
  → 1OVCl2-1  gap=3.144 eV  best=5.324 eV  top50=0  top10%=1
Cycle  82: GP refit  (91 labelled)
  → 1CdClHS-1  gap=3.853 eV  best=5.324 eV  top50=0  top10%=1
Cycle  83: GP refit  (92 labelled)
  → 2FeS2-1  gap=1.331 eV  best=5.324 eV  top50=0  top10%=1
Cycle  84: GP refit  (93 labelled)
  → 1BaI2-2  gap=4.274 eV  best=5.324 eV  top50=0  top10%=1
Cycle  85: GP refit  (94 labelled)
  → 1TiBr2-1  gap=1.166 eV  best=5.324 eV  top50=0  top10%=1
Cycle  86: full DKL retrain  (95 labelled)
GP warmup: 20 epochs on initial embeddings
Joint DKL training: 50 epochs
  Epoch 20/50  loss=-0.2780
  Epoch 40/50  loss=-0.4936
DKL training done in 0.3s
  → 1PbS2-1  gap=2.299 eV  best=5.324 eV  top50=0  top10%=1
Cycle  87: GP refit  (96 labelled)
  → 1FeBr2-3  gap=0.145 eV  best=5.324 eV  top50=0  top10%=1
Cycle  88: GP refit  (97 labelled)
  → 1RuCl2-3  gap=0.908 eV  best=5.324 eV  top50=0  top10%=1
Cycle  89: GP refit  (98 labelled)
  → 4AgCl2-1  gap=0.971 eV  best=5.324 eV  top50=0  top10%=1
Cycle  90: GP refit  (99 labelled)
  → 1WAu2Se4-1  gap=1.415 eV  best=5.324 eV  top50=0  top10%=1
Cycle  91: full DKL retrain  (100 labelled)
GP warmup: 20 epochs on initial embeddings
Joint DKL training: 50 epochs
  Epoch 20/50  loss=-0.0113
  Epoch 40/50  loss=-0.2066
DKL training done in 0.3s
  → 1MgI2-3  gap=3.448 eV  best=5.324 eV  top50=0  top10%=1
Cycle  92: GP refit  (101 labelled)
  → 1PbSe2-1  gap=1.847 eV  best=5.324 eV  top50=0  top10%=1
Cycle  93: GP refit  (102 labelled)
  → 4AgF2-2  gap=1.637 eV  best=5.324 eV  top50=0  top10%=1
Cycle  94: GP refit  (103 labelled)
  → 1AgMoBr4-1  gap=2.166 eV  best=5.324 eV  top50=0  top10%=1
Cycle  95: GP refit  (104 labelled)
  → 2AgAuCl4-1  gap=2.332 eV  best=5.324 eV  top50=0  top10%=1
Cycle  96: full DKL retrain  (105 labelled)
GP warmup: 20 epochs on initial embeddings
Joint DKL training: 50 epochs
  Epoch 20/50  loss=-0.4231
  Epoch 40/50  loss=-0.6287
DKL training done in 0.3s
  → 4LiSbS2-1  gap=2.746 eV  best=5.324 eV  top50=0  top10%=1
Cycle  97: GP refit  (106 labelled)
  → 2MoS2-1  gap=0.069 eV  best=5.324 eV  top50=0  top10%=1
Cycle  98: GP refit  (107 labelled)
  → 2ZrCl2-1  gap=1.161 eV  best=5.324 eV  top50=0  top10%=1
Cycle  99: GP refit  (108 labelled)
  → 1TiCl2-1  gap=1.395 eV  best=5.324 eV  top50=0  top10%=1
Cycle 100: GP refit  (109 labelled)
  → 1TiF2-1  gap=2.096 eV  best=5.324 eV  top50=0  top10%=1
  visible_0p7_3p0/dkl_finetune/seed13 → in-window found=80
BOLoop: 766 materials  |  direction=max  |  top-50 internal threshold=5.35  top-10% internal threshold=4.94
Init: 10 random labels  |  best (max) = 5.379
Cycle   1: full DKL retrain  (10 labelled)
GP warmup: 20 epochs on initial embeddings
/home/roy/software/anaconda3/lib/python3.13/site-packages/torch/_compile.py:32: UserWarning: optimizer contains a parameter group with duplicate parameters; in future, this will cause an error; see github.com/pytorch/pytorch/issues/40967 for more information
  return disable_fn(*args, **kwargs)
Joint DKL training: 50 epochs
  Epoch 20/50  loss=1.9828
  Epoch 40/50  loss=1.8487
DKL training done in 0.3s
  → 1SNb3Br7-1  gap=1.525 eV  best=5.379 eV  top50=0  top10%=0
Cycle   2: GP refit  (11 labelled)
  → 1TeTa3Br7-1  gap=1.397 eV  best=5.379 eV  top50=0  top10%=0
Cycle   3: GP refit  (12 labelled)
  → 1TeNb3Cl7-1  gap=1.542 eV  best=5.379 eV  top50=0  top10%=0
Cycle   4: GP refit  (13 labelled)
  → 1SeNb3Cl7-1  gap=1.601 eV  best=5.379 eV  top50=0  top10%=0
Cycle   5: GP refit  (14 labelled)
  → 1Nb3Br8-1  gap=0.985 eV  best=5.379 eV  top50=0  top10%=0
Cycle   6: full DKL retrain  (15 labelled)
GP warmup: 20 epochs on initial embeddings
Joint DKL training: 50 epochs
  Epoch 20/50  loss=0.7640
  Epoch 40/50  loss=0.4366
DKL training done in 0.3s
  → 1AgAlP2Se6-1  gap=2.339 eV  best=5.379 eV  top50=0  top10%=0
Cycle   7: GP refit  (16 labelled)
  → 1ClScTe-1  gap=1.807 eV  best=5.379 eV  top50=0  top10%=0
Cycle   8: GP refit  (17 labelled)
  → 1AgInP2Se6-1  gap=1.707 eV  best=5.379 eV  top50=0  top10%=0
Cycle   9: GP refit  (18 labelled)
  → 1AgAlAs2Se6-1  gap=1.577 eV  best=5.379 eV  top50=0  top10%=0
Cycle  10: GP refit  (19 labelled)
  → 1CoLiAs2Se6-1  gap=1.175 eV  best=5.379 eV  top50=0  top10%=0
Cycle  11: full DKL retrain  (20 labelled)
GP warmup: 20 epochs on initial embeddings
Joint DKL training: 50 epochs
  Epoch 20/50  loss=0.8730
  Epoch 40/50  loss=0.3351
DKL training done in 0.3s
  → 1AgCrP2Se6-1  gap=1.789 eV  best=5.379 eV  top50=0  top10%=0
Cycle  12: GP refit  (21 labelled)
  → 1AgCrP2Te6-1  gap=1.137 eV  best=5.379 eV  top50=0  top10%=0
Cycle  13: GP refit  (22 labelled)
  → 1CoLiP2Se6-1  gap=2.004 eV  best=5.379 eV  top50=0  top10%=0
Cycle  14: GP refit  (23 labelled)
  → 1AgScP2Se6-1  gap=2.775 eV  best=5.379 eV  top50=0  top10%=0
Cycle  15: GP refit  (24 labelled)
  → 2ClRhTe-1  gap=2.113 eV  best=5.379 eV  top50=0  top10%=0
Cycle  16: full DKL retrain  (25 labelled)
GP warmup: 20 epochs on initial embeddings
Joint DKL training: 50 epochs
  Epoch 20/50  loss=0.4706
  Epoch 40/50  loss=0.2944
DKL training done in 0.3s
  → 1PdZnP2Se6-1  gap=0.796 eV  best=5.379 eV  top50=0  top10%=0
Cycle  17: GP refit  (26 labelled)
  → 1ZnI2-3  gap=1.644 eV  best=5.379 eV  top50=0  top10%=0
Cycle  18: GP refit  (27 labelled)
  → 1AlISe-1  gap=2.186 eV  best=5.379 eV  top50=0  top10%=0
Cycle  19: GP refit  (28 labelled)
  → 1STa3Br7-1  gap=1.510 eV  best=5.379 eV  top50=0  top10%=0
Cycle  20: GP refit  (29 labelled)
  → 1FeZrBr6-1  gap=3.164 eV  best=5.379 eV  top50=0  top10%=0
Cycle  21: full DKL retrain  (30 labelled)
GP warmup: 20 epochs on initial embeddings
Joint DKL training: 50 epochs
  Epoch 20/50  loss=0.4284
  Epoch 40/50  loss=0.2021
DKL training done in 0.3s
  → 1CoNaAs2Se6-1  gap=1.295 eV  best=5.379 eV  top50=0  top10%=0
Cycle  22: GP refit  (31 labelled)
  → 1OZrBr2-1  gap=2.245 eV  best=5.379 eV  top50=0  top10%=0
Cycle  23: GP refit  (32 labelled)
  → 2NbOI2-1  gap=1.845 eV  best=5.379 eV  top50=0  top10%=0
Cycle  24: GP refit  (33 labelled)
  → 1RuCl2-3  gap=0.908 eV  best=5.379 eV  top50=0  top10%=0
Cycle  25: GP refit  (34 labelled)
  → 2GaTe-1  gap=1.862 eV  best=5.379 eV  top50=0  top10%=0
Cycle  26: full DKL retrain  (35 labelled)
GP warmup: 20 epochs on initial embeddings
Joint DKL training: 50 epochs
  Epoch 20/50  loss=0.2615
  Epoch 40/50  loss=0.0173
DKL training done in 0.3s
  → 1AgGaP2Se6-1  gap=1.694 eV  best=5.379 eV  top50=0  top10%=0
Cycle  27: GP refit  (36 labelled)
  → 3RuSCl2-1  gap=1.131 eV  best=5.379 eV  top50=0  top10%=0
Cycle  28: GP refit  (37 labelled)
  → 1BrCuGeTe-1  gap=1.540 eV  best=5.379 eV  top50=0  top10%=0
Cycle  29: GP refit  (38 labelled)
  → 2IrNbS4-1  gap=1.253 eV  best=5.379 eV  top50=0  top10%=0
Cycle  30: GP refit  (39 labelled)
  → 2BrClCr-1  gap=2.869 eV  best=5.379 eV  top50=0  top10%=0
Cycle  31: full DKL retrain  (40 labelled)
GP warmup: 20 epochs on initial embeddings
Joint DKL training: 50 epochs
  Epoch 20/50  loss=0.0677
  Epoch 40/50  loss=-0.0995
DKL training done in 0.3s
  → 1CoNaP2Se6-1  gap=1.717 eV  best=5.379 eV  top50=0  top10%=0
Cycle  32: GP refit  (41 labelled)
  → 1GaInS2-1  gap=2.570 eV  best=5.379 eV  top50=0  top10%=0
Cycle  33: GP refit  (42 labelled)
  → 2TiCl2-1  gap=0.997 eV  best=5.379 eV  top50=0  top10%=0
Cycle  34: GP refit  (43 labelled)
  → 2BrRhTe-1  gap=1.965 eV  best=5.379 eV  top50=0  top10%=0
Cycle  35: GP refit  (44 labelled)
  → 1ZnBr2-3  gap=3.449 eV  best=5.379 eV  top50=0  top10%=0
Cycle  36: full DKL retrain  (45 labelled)
GP warmup: 20 epochs on initial embeddings
Joint DKL training: 50 epochs
  Epoch 20/50  loss=0.0029
  Epoch 40/50  loss=-0.1422
DKL training done in 0.3s
  → 1AgAlP2Te6-1  gap=1.065 eV  best=5.379 eV  top50=0  top10%=0
Cycle  37: GP refit  (46 labelled)
  → 1HfS2-2  gap=2.038 eV  best=5.379 eV  top50=0  top10%=0
Cycle  38: GP refit  (47 labelled)
  → 2InS2-3  gap=1.242 eV  best=5.379 eV  top50=0  top10%=0
Cycle  39: GP refit  (48 labelled)
  → 2RhTaS4-1  gap=1.231 eV  best=5.379 eV  top50=0  top10%=0
Cycle  40: GP refit  (49 labelled)
  → 2BrIrS-2  gap=2.065 eV  best=5.379 eV  top50=0  top10%=0
Cycle  41: full DKL retrain  (50 labelled)
GP warmup: 20 epochs on initial embeddings
Joint DKL training: 50 epochs
  Epoch 20/50  loss=-0.0315
  Epoch 40/50  loss=-0.1313
DKL training done in 0.3s
  → 2FeS2-1  gap=1.331 eV  best=5.379 eV  top50=0  top10%=0
Cycle  42: GP refit  (51 labelled)
  → 1HfCl2-1  gap=1.471 eV  best=5.379 eV  top50=0  top10%=0
Cycle  43: GP refit  (52 labelled)
  → 2HfBr2-1  gap=1.334 eV  best=5.379 eV  top50=0  top10%=0
Cycle  44: GP refit  (53 labelled)
  → 2IRhSe-1  gap=1.725 eV  best=5.379 eV  top50=0  top10%=0
Cycle  45: GP refit  (54 labelled)
  → 1ClIrS-1  gap=2.505 eV  best=5.379 eV  top50=0  top10%=0
Cycle  46: full DKL retrain  (55 labelled)
GP warmup: 20 epochs on initial embeddings
Joint DKL training: 50 epochs
  Epoch 20/50  loss=-0.1619
  Epoch 40/50  loss=-0.2794
DKL training done in 0.3s
  → 1PtSnS4-1  gap=2.122 eV  best=5.379 eV  top50=0  top10%=0
Cycle  47: GP refit  (56 labelled)
  → 2CaHI-1  gap=4.709 eV  best=5.379 eV  top50=0  top10%=0
Cycle  48: GP refit  (57 labelled)
  → 2BrIrSe-2  gap=2.067 eV  best=5.379 eV  top50=0  top10%=0
Cycle  49: GP refit  (58 labelled)
  → 2BaFI-1  gap=4.907 eV  best=5.379 eV  top50=0  top10%=0
Cycle  50: GP refit  (59 labelled)
  → 2CsNOsSF5-1  gap=2.525 eV  best=5.379 eV  top50=0  top10%=0
Cycle  51: full DKL retrain  (60 labelled)
GP warmup: 20 epochs on initial embeddings
Joint DKL training: 50 epochs
  Epoch 20/50  loss=0.3093
  Epoch 40/50  loss=0.1599
DKL training done in 0.3s
  → 2OsO2-1  gap=1.005 eV  best=5.379 eV  top50=0  top10%=0
Cycle  52: GP refit  (61 labelled)
  → 1ScI2-2  gap=0.573 eV  best=5.379 eV  top50=0  top10%=0
Cycle  53: GP refit  (62 labelled)
  → 1WCu2Se4-1  gap=2.444 eV  best=5.379 eV  top50=0  top10%=0
Cycle  54: GP refit  (63 labelled)
  → 1ONb3Cl7-1  gap=1.594 eV  best=5.379 eV  top50=0  top10%=0
Cycle  55: GP refit  (64 labelled)
  → 2KNORuF5-1  gap=3.089 eV  best=5.379 eV  top50=0  top10%=0
Cycle  56: full DKL retrain  (65 labelled)
GP warmup: 20 epochs on initial embeddings
Joint DKL training: 50 epochs
  Epoch 20/50  loss=0.0520
  Epoch 40/50  loss=-0.0897
DKL training done in 0.3s
  → 2PtTeS3-1  gap=1.731 eV  best=5.379 eV  top50=0  top10%=0
Cycle  57: GP refit  (66 labelled)
  → 2IRhS-2  gap=1.665 eV  best=5.379 eV  top50=0  top10%=0
Cycle  58: GP refit  (67 labelled)
  → 1OSeW-1  gap=2.004 eV  best=5.379 eV  top50=0  top10%=0
Cycle  59: GP refit  (68 labelled)
  → 2FIrS-2  gap=2.104 eV  best=5.379 eV  top50=0  top10%=0
Cycle  60: GP refit  (69 labelled)
  → 2FIrSe-1  gap=2.172 eV  best=5.379 eV  top50=0  top10%=0
Cycle  61: full DKL retrain  (70 labelled)
GP warmup: 20 epochs on initial embeddings
Joint DKL training: 50 epochs
  Epoch 20/50  loss=-0.2871
  Epoch 40/50  loss=-0.4273
DKL training done in 0.3s
  → 1CoLiP2S6-1  gap=2.395 eV  best=5.379 eV  top50=0  top10%=0
Cycle  62: GP refit  (71 labelled)
  → 1AgCrP2S6-1  gap=2.012 eV  best=5.379 eV  top50=0  top10%=0
Cycle  63: GP refit  (72 labelled)
  → 2AgCrP2S6-1  gap=2.715 eV  best=5.379 eV  top50=0  top10%=0
Cycle  64: GP refit  (73 labelled)
  → 1CoNaP2S6-1  gap=1.851 eV  best=5.379 eV  top50=0  top10%=0
Cycle  65: GP refit  (74 labelled)
  → 1AgInP2S6-1  gap=2.365 eV  best=5.379 eV  top50=0  top10%=0
Cycle  66: full DKL retrain  (75 labelled)
GP warmup: 20 epochs on initial embeddings
Joint DKL training: 50 epochs
  Epoch 20/50  loss=-0.1571
  Epoch 40/50  loss=-0.2802
DKL training done in 0.3s
  → 1OBi2S2-1  gap=1.179 eV  best=5.379 eV  top50=0  top10%=0
Cycle  67: GP refit  (76 labelled)
  → 1MgI2-3  gap=3.448 eV  best=5.379 eV  top50=0  top10%=0
Cycle  68: GP refit  (77 labelled)
  → 1SeTa3Cl7-1  gap=1.582 eV  best=5.379 eV  top50=0  top10%=0
Cycle  69: GP refit  (78 labelled)
  → 1BrClNi-1  gap=3.508 eV  best=5.379 eV  top50=0  top10%=0
Cycle  70: GP refit  (79 labelled)
  → 1SNb3Cl7-1  gap=1.654 eV  best=5.379 eV  top50=0  top10%=0
Cycle  71: full DKL retrain  (80 labelled)
GP warmup: 20 epochs on initial embeddings
Joint DKL training: 50 epochs
  Epoch 20/50  loss=0.0402
  Epoch 40/50  loss=-0.1045
DKL training done in 0.3s
  → 1CSiF2-1  gap=3.306 eV  best=5.379 eV  top50=0  top10%=0
Cycle  72: GP refit  (81 labelled)
  → 2NiTeS3-1  gap=1.567 eV  best=5.379 eV  top50=0  top10%=0
Cycle  73: GP refit  (82 labelled)
  → 1STa3Cl7-1  gap=1.643 eV  best=5.379 eV  top50=0  top10%=0
Cycle  74: GP refit  (83 labelled)
  → 1FeHfI6-1  gap=2.795 eV  best=5.379 eV  top50=0  top10%=0
Cycle  75: GP refit  (84 labelled)
  → 1OTa3Cl7-1  gap=1.569 eV  best=5.379 eV  top50=0  top10%=0
Cycle  76: full DKL retrain  (85 labelled)
GP warmup: 20 epochs on initial embeddings
Joint DKL training: 50 epochs
  Epoch 20/50  loss=-0.1874
  Epoch 40/50  loss=-0.3517
DKL training done in 0.4s
  → 1AgGaP2S6-1  gap=2.285 eV  best=5.379 eV  top50=0  top10%=0
Cycle  77: GP refit  (86 labelled)
  → 2INbO2-1  gap=2.295 eV  best=5.379 eV  top50=0  top10%=0
Cycle  78: GP refit  (87 labelled)
  → 1GaInTe2-1  gap=1.532 eV  best=5.379 eV  top50=0  top10%=0
Cycle  79: GP refit  (88 labelled)
  → 4OBi2S2-1  gap=2.212 eV  best=5.379 eV  top50=0  top10%=0
Cycle  80: GP refit  (89 labelled)
  → 4OBi2Se2-1  gap=1.736 eV  best=5.379 eV  top50=0  top10%=0
Cycle  81: full DKL retrain  (90 labelled)
GP warmup: 20 epochs on initial embeddings
Joint DKL training: 50 epochs
  Epoch 20/50  loss=0.2355
  Epoch 40/50  loss=-0.3736
DKL training done in 0.4s
  → 4BiLiO2-1  gap=3.784 eV  best=5.379 eV  top50=0  top10%=0
Cycle  82: GP refit  (91 labelled)
  → 2InPS3-1  gap=1.395 eV  best=5.379 eV  top50=0  top10%=0
Cycle  83: GP refit  (92 labelled)
  → 2PdTeO3-2  gap=2.509 eV  best=5.379 eV  top50=0  top10%=0
Cycle  84: GP refit  (93 labelled)
  → 1HfSSe-1  gap=1.512 eV  best=5.379 eV  top50=0  top10%=0
Cycle  85: GP refit  (94 labelled)
  → 1HfSSe-2  gap=1.645 eV  best=5.379 eV  top50=0  top10%=0
Cycle  86: full DKL retrain  (95 labelled)
GP warmup: 20 epochs on initial embeddings
Joint DKL training: 50 epochs
  Epoch 20/50  loss=-0.1749
  Epoch 40/50  loss=-0.3594
DKL training done in 0.4s
  → 1SeBi2S2-1  gap=0.923 eV  best=5.379 eV  top50=0  top10%=0
Cycle  87: GP refit  (96 labelled)
  → 1ScBr2-1  gap=0.757 eV  best=5.379 eV  top50=0  top10%=0
Cycle  88: GP refit  (97 labelled)
  → 1OSW-1  gap=2.257 eV  best=5.379 eV  top50=0  top10%=0
Cycle  89: GP refit  (98 labelled)
  → 1BiBrTe-2  gap=1.162 eV  best=5.379 eV  top50=0  top10%=0
Cycle  90: GP refit  (99 labelled)
  → 1MoAu2Te4-1  gap=0.677 eV  best=5.379 eV  top50=0  top10%=0
Cycle  91: full DKL retrain  (100 labelled)
GP warmup: 20 epochs on initial embeddings
Joint DKL training: 50 epochs
  Epoch 20/50  loss=0.0582
  Epoch 40/50  loss=-0.1112
DKL training done in 0.3s
  → 1NiSSeZr-1  gap=1.881 eV  best=5.379 eV  top50=0  top10%=0
Cycle  92: GP refit  (101 labelled)
  → 1ScSe2-2  gap=1.490 eV  best=5.379 eV  top50=0  top10%=0
Cycle  93: GP refit  (102 labelled)
  → 1ScCl2-1  gap=0.736 eV  best=5.379 eV  top50=0  top10%=0
Cycle  94: GP refit  (103 labelled)
  → 1AuInF4-1  gap=2.106 eV  best=5.379 eV  top50=0  top10%=0
Cycle  95: GP refit  (104 labelled)
  → 1BiIS-2  gap=1.178 eV  best=5.379 eV  top50=0  top10%=0
Cycle  96: full DKL retrain  (105 labelled)
GP warmup: 20 epochs on initial embeddings
Joint DKL training: 50 epochs
  Epoch 20/50  loss=-0.2672
  Epoch 40/50  loss=-0.4535
DKL training done in 0.4s
  → 1YI2-1  gap=0.544 eV  best=5.379 eV  top50=0  top10%=0
Cycle  97: GP refit  (106 labelled)
  → 1FeBr2-3  gap=0.145 eV  best=5.379 eV  top50=0  top10%=0
Cycle  98: GP refit  (107 labelled)
  → 2RuO2-1  gap=0.693 eV  best=5.379 eV  top50=0  top10%=0
Cycle  99: GP refit  (108 labelled)
  → 1BiClSe-1  gap=1.509 eV  best=5.379 eV  top50=0  top10%=0
Cycle 100: GP refit  (109 labelled)
  → 2SNi2Se3-1  gap=0.440 eV  best=5.379 eV  top50=0  top10%=0
  visible_0p7_3p0/dkl_finetune/seed14 → in-window found=85
BOLoop: 766 materials  |  direction=max  |  top-50 internal threshold=5.35  top-10% internal threshold=4.94
Init: 10 random labels  |  best (max) = 4.226
Cycle   1: full DKL retrain  (10 labelled)
GP warmup: 20 epochs on initial embeddings
/home/roy/software/anaconda3/lib/python3.13/site-packages/torch/_compile.py:32: UserWarning: optimizer contains a parameter group with duplicate parameters; in future, this will cause an error; see github.com/pytorch/pytorch/issues/40967 for more information
  return disable_fn(*args, **kwargs)
Joint DKL training: 50 epochs
  Epoch 20/50  loss=1.5554
  Epoch 40/50  loss=1.4543
DKL training done in 0.3s
  → 1CdInTlS4-1  gap=1.127 eV  best=4.226 eV  top50=0  top10%=0
Cycle   2: GP refit  (11 labelled)
  → 1CdGaInS4-1  gap=1.340 eV  best=4.226 eV  top50=0  top10%=0
Cycle   3: GP refit  (12 labelled)
  → 1AlCdInS4-1  gap=1.877 eV  best=4.226 eV  top50=0  top10%=0
Cycle   4: GP refit  (13 labelled)
  → 1AgGaP2S6-1  gap=2.285 eV  best=4.226 eV  top50=0  top10%=0
Cycle   5: GP refit  (14 labelled)
  → 2BrFSr-1  gap=6.270 eV  best=6.270 eV  top50=1  top10%=1
Cycle   6: full DKL retrain  (15 labelled)
GP warmup: 20 epochs on initial embeddings
Joint DKL training: 50 epochs
  Epoch 20/50  loss=1.4738
  Epoch 40/50  loss=1.1359
DKL training done in 0.3s
  → 1AgScP2S6-1  gap=3.453 eV  best=6.270 eV  top50=1  top10%=1
Cycle   7: GP refit  (16 labelled)
  → 3RuSCl2-1  gap=1.131 eV  best=6.270 eV  top50=1  top10%=1
Cycle   8: GP refit  (17 labelled)
  → 1MgCl2-3  gap=6.063 eV  best=6.270 eV  top50=2  top10%=2
Cycle   9: GP refit  (18 labelled)
  → 1AuInCl2S2-1  gap=2.584 eV  best=6.270 eV  top50=2  top10%=2
Cycle  10: GP refit  (19 labelled)
  → 2NOOsRbCl5-1  gap=1.751 eV  best=6.270 eV  top50=2  top10%=2
Cycle  11: full DKL retrain  (20 labelled)
GP warmup: 20 epochs on initial embeddings
Joint DKL training: 50 epochs
  Epoch 20/50  loss=0.8668
  Epoch 40/50  loss=0.5224
DKL training done in 0.3s
  → 1OVCl2-1  gap=3.144 eV  best=6.270 eV  top50=2  top10%=2
Cycle  12: GP refit  (21 labelled)
  → 4LiSbS2-1  gap=2.746 eV  best=6.270 eV  top50=2  top10%=2
Cycle  13: GP refit  (22 labelled)
  → 2InS2-3  gap=1.242 eV  best=6.270 eV  top50=2  top10%=2
Cycle  14: GP refit  (23 labelled)
  → 2CsNOsSCl5-1  gap=1.544 eV  best=6.270 eV  top50=2  top10%=2
Cycle  15: GP refit  (24 labelled)
  → 1AsIS-1  gap=1.950 eV  best=6.270 eV  top50=2  top10%=2
Cycle  16: full DKL retrain  (25 labelled)
GP warmup: 20 epochs on initial embeddings
Joint DKL training: 50 epochs
  Epoch 20/50  loss=0.4513
  Epoch 40/50  loss=0.0448
DKL training done in 0.3s
  → 1AgCrP2S6-1  gap=2.012 eV  best=6.270 eV  top50=2  top10%=2
Cycle  17: GP refit  (26 labelled)
  → 1AgAlP2S6-1  gap=3.132 eV  best=6.270 eV  top50=2  top10%=2
Cycle  18: GP refit  (27 labelled)
  → 2AgCrP2S6-1  gap=2.715 eV  best=6.270 eV  top50=2  top10%=2
Cycle  19: GP refit  (28 labelled)
  → 2NbOI2-1  gap=1.845 eV  best=6.270 eV  top50=2  top10%=2
Cycle  20: GP refit  (29 labelled)
  → 1MgI2-3  gap=3.448 eV  best=6.270 eV  top50=2  top10%=2
Cycle  21: full DKL retrain  (30 labelled)
GP warmup: 20 epochs on initial embeddings
Joint DKL training: 50 epochs
  Epoch 20/50  loss=0.1530
  Epoch 40/50  loss=-0.1615
DKL training done in 0.3s
  → 1AlGaSe2-1  gap=2.765 eV  best=6.270 eV  top50=2  top10%=2
Cycle  22: GP refit  (31 labelled)
  → 1TiI2-2  gap=0.828 eV  best=6.270 eV  top50=2  top10%=2
Cycle  23: GP refit  (32 labelled)
  → 2InPS3-1  gap=1.395 eV  best=6.270 eV  top50=2  top10%=2
Cycle  24: GP refit  (33 labelled)
  → 2IRhS-2  gap=1.665 eV  best=6.270 eV  top50=2  top10%=2
Cycle  25: GP refit  (34 labelled)
  → 4AsPtS-1  gap=2.061 eV  best=6.270 eV  top50=2  top10%=2
Cycle  26: full DKL retrain  (35 labelled)
GP warmup: 20 epochs on initial embeddings
Joint DKL training: 50 epochs
  Epoch 20/50  loss=0.0705
  Epoch 40/50  loss=-0.0518
DKL training done in 0.3s
  → 1AgInP2Se6-1  gap=1.707 eV  best=6.270 eV  top50=2  top10%=2
Cycle  27: GP refit  (36 labelled)
  → 1AgCrP2Se6-1  gap=1.789 eV  best=6.270 eV  top50=2  top10%=2
Cycle  28: GP refit  (37 labelled)
  → 1AgCrP2Te6-1  gap=1.137 eV  best=6.270 eV  top50=2  top10%=2
Cycle  29: GP refit  (38 labelled)
  → 1AgTlP2Se6-1  gap=0.901 eV  best=6.270 eV  top50=2  top10%=2
Cycle  30: GP refit  (39 labelled)
  → 2ClMnSbS2-2  gap=1.242 eV  best=6.270 eV  top50=2  top10%=2
Cycle  31: full DKL retrain  (40 labelled)
GP warmup: 20 epochs on initial embeddings
Joint DKL training: 50 epochs
  Epoch 20/50  loss=-0.0084
  Epoch 40/50  loss=-0.1400
DKL training done in 0.3s
  → 1PdZnP2Se6-1  gap=0.796 eV  best=6.270 eV  top50=2  top10%=2
Cycle  32: GP refit  (41 labelled)
  → 1CoNaP2Se6-1  gap=1.717 eV  best=6.270 eV  top50=2  top10%=2
Cycle  33: GP refit  (42 labelled)
  → 1CoNaAs2Se6-1  gap=1.295 eV  best=6.270 eV  top50=2  top10%=2
Cycle  34: GP refit  (43 labelled)
  → 2NiTeS3-1  gap=1.567 eV  best=6.270 eV  top50=2  top10%=2
Cycle  35: GP refit  (44 labelled)
  → 2NRbRuSF5-1  gap=2.622 eV  best=6.270 eV  top50=2  top10%=2
Cycle  36: full DKL retrain  (45 labelled)
GP warmup: 20 epochs on initial embeddings
Joint DKL training: 50 epochs
  Epoch 20/50  loss=0.0410
  Epoch 40/50  loss=-0.1622
DKL training done in 0.3s
  → 1CoLiP2Se6-1  gap=2.004 eV  best=6.270 eV  top50=2  top10%=2
Cycle  37: GP refit  (46 labelled)
  → 1AgAlAs2Se6-1  gap=1.577 eV  best=6.270 eV  top50=2  top10%=2
Cycle  38: GP refit  (47 labelled)
  → 1CoLiAs2Se6-1  gap=1.175 eV  best=6.270 eV  top50=2  top10%=2
Cycle  39: GP refit  (48 labelled)
  → 1AgGaP2Se6-1  gap=1.694 eV  best=6.270 eV  top50=2  top10%=2
Cycle  40: GP refit  (49 labelled)
  → 1AgAlP2Te6-1  gap=1.065 eV  best=6.270 eV  top50=2  top10%=2
Cycle  41: full DKL retrain  (50 labelled)
GP warmup: 20 epochs on initial embeddings
Joint DKL training: 50 epochs
  Epoch 20/50  loss=-0.1370
  Epoch 40/50  loss=-0.3531
DKL training done in 0.3s
  → 1AgAlP2Se6-1  gap=2.339 eV  best=6.270 eV  top50=2  top10%=2
Cycle  42: GP refit  (51 labelled)
  → 1CoNaP2S6-1  gap=1.851 eV  best=6.270 eV  top50=2  top10%=2
Cycle  43: GP refit  (52 labelled)
  → 1Br2Se2Pb3-1  gap=1.452 eV  best=6.270 eV  top50=2  top10%=2
Cycle  44: GP refit  (53 labelled)
  → 1GaInS2-1  gap=2.570 eV  best=6.270 eV  top50=2  top10%=2
Cycle  45: GP refit  (54 labelled)
  → 1OVI2-1  gap=1.849 eV  best=6.270 eV  top50=2  top10%=2
Cycle  46: full DKL retrain  (55 labelled)
GP warmup: 20 epochs on initial embeddings
Joint DKL training: 50 epochs
  Epoch 20/50  loss=-0.2047
  Epoch 40/50  loss=-0.4004
DKL training done in 0.3s
  → 1CoLiP2S6-1  gap=2.395 eV  best=6.270 eV  top50=2  top10%=2
Cycle  47: GP refit  (56 labelled)
  → 4NaSbS2-2  gap=2.102 eV  best=6.270 eV  top50=2  top10%=2
Cycle  48: GP refit  (57 labelled)
  → 1NiSSeZr-1  gap=1.881 eV  best=6.270 eV  top50=2  top10%=2
Cycle  49: GP refit  (58 labelled)
  → 1AuClCuI-1  gap=3.695 eV  best=6.270 eV  top50=2  top10%=2
Cycle  50: GP refit  (59 labelled)
  → 1SeBi2S2-1  gap=0.923 eV  best=6.270 eV  top50=2  top10%=2
Cycle  51: full DKL retrain  (60 labelled)
GP warmup: 20 epochs on initial embeddings
Joint DKL training: 50 epochs
  Epoch 20/50  loss=-0.2442
  Epoch 40/50  loss=-0.4841
DKL training done in 0.3s
  → 4AsLiS2-2  gap=1.883 eV  best=6.270 eV  top50=2  top10%=2
Cycle  52: GP refit  (61 labelled)
  → 1OBi2S2-1  gap=1.179 eV  best=6.270 eV  top50=2  top10%=2
Cycle  53: GP refit  (62 labelled)
  → 1SnBr2S2-1  gap=1.490 eV  best=6.270 eV  top50=2  top10%=2
Cycle  54: GP refit  (63 labelled)
  → 1HfS2-2  gap=2.038 eV  best=6.270 eV  top50=2  top10%=2
Cycle  55: GP refit  (64 labelled)
  → 2MoS2-1  gap=0.069 eV  best=6.270 eV  top50=2  top10%=2
Cycle  56: full DKL retrain  (65 labelled)
GP warmup: 20 epochs on initial embeddings
Joint DKL training: 50 epochs
  Epoch 20/50  loss=-0.1099
  Epoch 40/50  loss=-0.3200
DKL training done in 0.3s
  → 1C2O2Zr3-1  gap=0.961 eV  best=6.270 eV  top50=2  top10%=2
Cycle  57: GP refit  (66 labelled)
  → 1N2O2Zr3-1  gap=0.616 eV  best=6.270 eV  top50=2  top10%=2
Cycle  58: GP refit  (67 labelled)
  → 1STeIn2-1  gap=1.141 eV  best=6.270 eV  top50=2  top10%=2
Cycle  59: GP refit  (68 labelled)
  → 4OBi2S2-1  gap=2.212 eV  best=6.270 eV  top50=2  top10%=2
Cycle  60: GP refit  (69 labelled)
  → 2ZrI2-1  gap=0.889 eV  best=6.270 eV  top50=2  top10%=2
Cycle  61: full DKL retrain  (70 labelled)
GP warmup: 20 epochs on initial embeddings
Joint DKL training: 50 epochs
  Epoch 20/50  loss=-0.0606
  Epoch 40/50  loss=-0.2076
DKL training done in 0.3s
  → 1N2O2Hf3-1  gap=0.508 eV  best=6.270 eV  top50=2  top10%=2
Cycle  62: GP refit  (71 labelled)
  → 2ClMoO2-1  gap=1.762 eV  best=6.270 eV  top50=2  top10%=2
Cycle  63: GP refit  (72 labelled)
  → 1SnO2-3  gap=1.956 eV  best=6.270 eV  top50=2  top10%=2
Cycle  64: GP refit  (73 labelled)
  → 1BiBrSe-2  gap=1.742 eV  best=6.270 eV  top50=2  top10%=2
Cycle  65: GP refit  (74 labelled)
  → 2CuS-2  gap=1.311 eV  best=6.270 eV  top50=2  top10%=2
Cycle  66: full DKL retrain  (75 labelled)
GP warmup: 20 epochs on initial embeddings
Joint DKL training: 50 epochs
  Epoch 20/50  loss=-0.2911
  Epoch 40/50  loss=-0.4375
DKL training done in 0.3s
  → 1C2O2Hf3-1  gap=0.917 eV  best=6.270 eV  top50=2  top10%=2
Cycle  67: GP refit  (76 labelled)
  → 2INbO2-1  gap=2.295 eV  best=6.270 eV  top50=2  top10%=2
Cycle  68: GP refit  (77 labelled)
  → 2AgIBr2-1  gap=2.063 eV  best=6.270 eV  top50=2  top10%=2
Cycle  69: GP refit  (78 labelled)
  → 4OBi2Se2-1  gap=1.736 eV  best=6.270 eV  top50=2  top10%=2
Cycle  70: GP refit  (79 labelled)
  → 1ZrO2-3  gap=3.561 eV  best=6.270 eV  top50=2  top10%=2
Cycle  71: full DKL retrain  (80 labelled)
GP warmup: 20 epochs on initial embeddings
Joint DKL training: 50 epochs
  Epoch 20/50  loss=-0.6582
  Epoch 40/50  loss=-0.8548
DKL training done in 0.3s
  → 1AgCrAs2Se6-1  gap=1.270 eV  best=6.270 eV  top50=2  top10%=2
Cycle  72: GP refit  (81 labelled)
  → 4LiPS2-1  gap=2.290 eV  best=6.270 eV  top50=2  top10%=2
Cycle  73: GP refit  (82 labelled)
  → 1CdBr2-3  gap=3.373 eV  best=6.270 eV  top50=2  top10%=2
Cycle  74: GP refit  (83 labelled)
  → 1PbS2-1  gap=2.299 eV  best=6.270 eV  top50=2  top10%=2
Cycle  75: GP refit  (84 labelled)
  → 1SnBr2-2  gap=3.220 eV  best=6.270 eV  top50=2  top10%=2
Cycle  76: full DKL retrain  (85 labelled)
GP warmup: 20 epochs on initial embeddings
Joint DKL training: 50 epochs
  Epoch 20/50  loss=-0.7484
  Epoch 40/50  loss=-0.9362
DKL training done in 0.3s
  → 1AgScP2Se6-1  gap=2.775 eV  best=6.270 eV  top50=2  top10%=2
Cycle  77: GP refit  (86 labelled)
  → 4BiLiO2-1  gap=3.784 eV  best=6.270 eV  top50=2  top10%=2
Cycle  78: GP refit  (87 labelled)
  → 1PbSe2-1  gap=1.847 eV  best=6.270 eV  top50=2  top10%=2
Cycle  79: GP refit  (88 labelled)
  → 1BaI2-2  gap=4.274 eV  best=6.270 eV  top50=2  top10%=2
Cycle  80: GP refit  (89 labelled)
  → 1BrITl2-1  gap=2.587 eV  best=6.270 eV  top50=2  top10%=2
Cycle  81: full DKL retrain  (90 labelled)
GP warmup: 20 epochs on initial embeddings
Joint DKL training: 50 epochs
  Epoch 20/50  loss=-0.5564
  Epoch 40/50  loss=-0.7390
DKL training done in 0.3s
  → 4OSb2Se2-1  gap=2.083 eV  best=6.270 eV  top50=2  top10%=2
Cycle  82: GP refit  (91 labelled)
  → 1PbI2-2  gap=2.404 eV  best=6.270 eV  top50=2  top10%=2
Cycle  83: GP refit  (92 labelled)
  → 1SnI2-2  gap=2.504 eV  best=6.270 eV  top50=2  top10%=2
Cycle  84: GP refit  (93 labelled)
  → 1ZrI2-1  gap=1.038 eV  best=6.270 eV  top50=2  top10%=2
Cycle  85: GP refit  (94 labelled)
  → 1PbO2-3  gap=0.935 eV  best=6.270 eV  top50=2  top10%=2
Cycle  86: full DKL retrain  (95 labelled)
GP warmup: 20 epochs on initial embeddings
Joint DKL training: 50 epochs
  Epoch 20/50  loss=-0.4872
  Epoch 40/50  loss=-0.6743
DKL training done in 0.3s
  → 4NaSbO2-1  gap=4.747 eV  best=6.270 eV  top50=2  top10%=2
Cycle  87: GP refit  (96 labelled)
  → 1GaInTe2-1  gap=1.532 eV  best=6.270 eV  top50=2  top10%=2
Cycle  88: GP refit  (97 labelled)
  → 1SI2Pb2-1  gap=1.567 eV  best=6.270 eV  top50=2  top10%=2
Cycle  89: GP refit  (98 labelled)
  → 2TlCl2-1  gap=2.820 eV  best=6.270 eV  top50=2  top10%=2
Cycle  90: GP refit  (99 labelled)
  → 1HgI2-4  gap=1.370 eV  best=6.270 eV  top50=2  top10%=2
Cycle  91: full DKL retrain  (100 labelled)
GP warmup: 20 epochs on initial embeddings
Joint DKL training: 50 epochs
  Epoch 20/50  loss=-0.3725
  Epoch 40/50  loss=-0.6322
DKL training done in 0.3s
  → 1OVBr2-1  gap=3.019 eV  best=6.270 eV  top50=2  top10%=2
Cycle  92: GP refit  (101 labelled)
  → 1HgBr2-4  gap=2.459 eV  best=6.270 eV  top50=2  top10%=2
Cycle  93: GP refit  (102 labelled)
  → 1HgCl2-3  gap=3.201 eV  best=6.270 eV  top50=2  top10%=2
Cycle  94: GP refit  (103 labelled)
  → 1HfI2-1  gap=1.022 eV  best=6.270 eV  top50=2  top10%=2
Cycle  95: GP refit  (104 labelled)
  → 1CdI2-3  gap=2.295 eV  best=6.270 eV  top50=2  top10%=2
Cycle  96: full DKL retrain  (105 labelled)
GP warmup: 20 epochs on initial embeddings
Joint DKL training: 50 epochs
  Epoch 20/50  loss=-0.4238
  Epoch 40/50  loss=-0.6088
DKL training done in 0.3s
  → 1CrS2-1  gap=1.351 eV  best=6.270 eV  top50=2  top10%=2
Cycle  97: GP refit  (106 labelled)
  → 2IrTaS4-1  gap=1.331 eV  best=6.270 eV  top50=2  top10%=2
Cycle  98: GP refit  (107 labelled)
  → 2RhTaS4-1  gap=1.231 eV  best=6.270 eV  top50=2  top10%=2
Cycle  99: GP refit  (108 labelled)
  → 1PtSnS4-1  gap=2.122 eV  best=6.270 eV  top50=2  top10%=2
Cycle 100: GP refit  (109 labelled)
  → 2PdSeO3-1  gap=2.663 eV  best=6.270 eV  top50=2  top10%=2
  visible_0p7_3p0/dkl_finetune/seed15 → in-window found=82
BOLoop: 766 materials  |  direction=max  |  top-50 internal threshold=5.35  top-10% internal threshold=4.94
Init: 10 random labels  |  best (max) = 4.219
Cycle   1: full DKL retrain  (10 labelled)
GP warmup: 20 epochs on initial embeddings
/home/roy/software/anaconda3/lib/python3.13/site-packages/torch/_compile.py:32: UserWarning: optimizer contains a parameter group with duplicate parameters; in future, this will cause an error; see github.com/pytorch/pytorch/issues/40967 for more information
  return disable_fn(*args, **kwargs)
Joint DKL training: 50 epochs
  Epoch 20/50  loss=1.5216
  Epoch 40/50  loss=1.3896
DKL training done in 0.3s
  → 1OBi2S2-1  gap=1.179 eV  best=4.219 eV  top50=0  top10%=0
Cycle   2: GP refit  (11 labelled)
  → 2FRhSe-1  gap=2.223 eV  best=4.219 eV  top50=0  top10%=0
Cycle   3: GP refit  (12 labelled)
  → 2IRhS-2  gap=1.665 eV  best=4.219 eV  top50=0  top10%=0
Cycle   4: GP refit  (13 labelled)
  → 2FRhTe-1  gap=2.115 eV  best=4.219 eV  top50=0  top10%=0
Cycle   5: GP refit  (14 labelled)
  → 2BrRhSe-1  gap=2.140 eV  best=4.219 eV  top50=0  top10%=0
Cycle   6: full DKL retrain  (15 labelled)
GP warmup: 20 epochs on initial embeddings
Joint DKL training: 50 epochs
  Epoch 20/50  loss=0.2555
  Epoch 40/50  loss=0.1363
DKL training done in 0.3s
  → 1AgScP2S6-1  gap=3.453 eV  best=4.219 eV  top50=0  top10%=0
Cycle   7: GP refit  (16 labelled)
  → 1AgCrP2Se6-1  gap=1.789 eV  best=4.219 eV  top50=0  top10%=0
Cycle   8: GP refit  (17 labelled)
  → 1AgCrP2Te6-1  gap=1.137 eV  best=4.219 eV  top50=0  top10%=0
Cycle   9: GP refit  (18 labelled)
  → 1AgCrP2S6-1  gap=2.012 eV  best=4.219 eV  top50=0  top10%=0
Cycle  10: GP refit  (19 labelled)
  → 2AgCrP2S6-1  gap=2.715 eV  best=4.219 eV  top50=0  top10%=0
Cycle  11: full DKL retrain  (20 labelled)
GP warmup: 20 epochs on initial embeddings
Joint DKL training: 50 epochs
  Epoch 20/50  loss=0.9858
  Epoch 40/50  loss=0.1882
DKL training done in 0.3s
  → 1CoLiP2Se6-1  gap=2.004 eV  best=4.219 eV  top50=0  top10%=0
Cycle  12: GP refit  (21 labelled)
  → 1AgAlAs2Se6-1  gap=1.577 eV  best=4.219 eV  top50=0  top10%=0
Cycle  13: GP refit  (22 labelled)
  → 1PdZnP2Se6-1  gap=0.796 eV  best=4.219 eV  top50=0  top10%=0
Cycle  14: GP refit  (23 labelled)
  → 2BrRhTe-1  gap=1.965 eV  best=4.219 eV  top50=0  top10%=0
Cycle  15: GP refit  (24 labelled)
  → 1AsISe-1  gap=1.685 eV  best=4.219 eV  top50=0  top10%=0
Cycle  16: full DKL retrain  (25 labelled)
GP warmup: 20 epochs on initial embeddings
Joint DKL training: 50 epochs
  Epoch 20/50  loss=0.3508
  Epoch 40/50  loss=0.1220
DKL training done in 0.3s
  → 1CoNaP2Se6-1  gap=1.717 eV  best=4.219 eV  top50=0  top10%=0
Cycle  17: GP refit  (26 labelled)
  → 1AgTlP2Se6-1  gap=0.901 eV  best=4.219 eV  top50=0  top10%=0
Cycle  18: GP refit  (27 labelled)
  → 1C2F2S2Zr3-1  gap=0.025 eV  best=4.219 eV  top50=0  top10%=0
Cycle  19: GP refit  (28 labelled)
  → 1C2O2Zr3-1  gap=0.961 eV  best=4.219 eV  top50=0  top10%=0
Cycle  20: GP refit  (29 labelled)
  → 1AgInP2S6-1  gap=2.365 eV  best=4.219 eV  top50=0  top10%=0
Cycle  21: full DKL retrain  (30 labelled)
GP warmup: 20 epochs on initial embeddings
Joint DKL training: 50 epochs
  Epoch 20/50  loss=0.4379
  Epoch 40/50  loss=0.2837
DKL training done in 0.3s
  → 1BiFS-1  gap=2.255 eV  best=4.219 eV  top50=0  top10%=0
Cycle  22: GP refit  (31 labelled)
  → 2GaS-1  gap=3.197 eV  best=4.219 eV  top50=0  top10%=0
Cycle  23: GP refit  (32 labelled)
  → 1AsBrTe-2  gap=1.662 eV  best=4.219 eV  top50=0  top10%=0
Cycle  24: GP refit  (33 labelled)
  → 1BiBrS-1  gap=1.600 eV  best=4.219 eV  top50=0  top10%=0
Cycle  25: GP refit  (34 labelled)
  → 2FeS2-1  gap=1.331 eV  best=4.219 eV  top50=0  top10%=0
Cycle  26: full DKL retrain  (35 labelled)
GP warmup: 20 epochs on initial embeddings
Joint DKL training: 50 epochs
  Epoch 20/50  loss=0.2209
  Epoch 40/50  loss=0.1159
DKL training done in 0.3s
  → 1CoLiAs2Se6-1  gap=1.175 eV  best=4.219 eV  top50=0  top10%=0
Cycle  27: GP refit  (36 labelled)
  → 1AgGaP2Se6-1  gap=1.694 eV  best=4.219 eV  top50=0  top10%=0
Cycle  28: GP refit  (37 labelled)
  → 1AgAlP2Te6-1  gap=1.065 eV  best=4.219 eV  top50=0  top10%=0
Cycle  29: GP refit  (38 labelled)
  → 4AsNiS-1  gap=1.507 eV  best=4.219 eV  top50=0  top10%=0
Cycle  30: GP refit  (39 labelled)
  → 2FIrSe-1  gap=2.172 eV  best=4.219 eV  top50=0  top10%=0
Cycle  31: full DKL retrain  (40 labelled)
GP warmup: 20 epochs on initial embeddings
Joint DKL training: 50 epochs
  Epoch 20/50  loss=0.2061
  Epoch 40/50  loss=0.0061
DKL training done in 0.3s
  → 1CSiF2-1  gap=3.306 eV  best=4.219 eV  top50=0  top10%=0
Cycle  32: GP refit  (41 labelled)
  → 1CrISe-1  gap=1.596 eV  best=4.219 eV  top50=0  top10%=0
Cycle  33: GP refit  (42 labelled)
  → 1PtSSe-1  gap=2.017 eV  best=4.219 eV  top50=0  top10%=0
Cycle  34: GP refit  (43 labelled)
  → 1SNb3I7-1  gap=1.235 eV  best=4.219 eV  top50=0  top10%=0
Cycle  35: GP refit  (44 labelled)
  → 1GaInS2-1  gap=2.570 eV  best=4.219 eV  top50=0  top10%=0
Cycle  36: full DKL retrain  (45 labelled)
GP warmup: 20 epochs on initial embeddings
Joint DKL training: 50 epochs
  Epoch 20/50  loss=0.1202
  Epoch 40/50  loss=-0.0031
DKL training done in 0.3s
  → 1AgInP2Se6-1  gap=1.707 eV  best=4.219 eV  top50=0  top10%=0
Cycle  37: GP refit  (46 labelled)
  → 1C2O2Hf3-1  gap=0.917 eV  best=4.219 eV  top50=0  top10%=0
Cycle  38: GP refit  (47 labelled)
  → 1OZrBr2-1  gap=2.245 eV  best=4.219 eV  top50=0  top10%=0
Cycle  39: GP refit  (48 labelled)
  → 2P2S3-3  gap=3.478 eV  best=4.219 eV  top50=0  top10%=0
Cycle  40: GP refit  (49 labelled)
  → 1AsClTe-2  gap=1.824 eV  best=4.219 eV  top50=0  top10%=0
Cycle  41: full DKL retrain  (50 labelled)
GP warmup: 20 epochs on initial embeddings
Joint DKL training: 50 epochs
  Epoch 20/50  loss=0.0246
  Epoch 40/50  loss=-0.1309
DKL training done in 0.3s
  → 1BiHTe2O6-1  gap=4.226 eV  best=4.226 eV  top50=0  top10%=0
Cycle  42: GP refit  (51 labelled)
  → 1N2O2Hf3-1  gap=0.508 eV  best=4.226 eV  top50=0  top10%=0
Cycle  43: GP refit  (52 labelled)
  → 4AsNaO2-1  gap=5.635 eV  best=5.635 eV  top50=1  top10%=1
Cycle  44: GP refit  (53 labelled)
  → 1BrTeTi-1  gap=0.763 eV  best=5.635 eV  top50=1  top10%=1
Cycle  45: GP refit  (54 labelled)
  → 1SeTa3I7-1  gap=1.256 eV  best=5.635 eV  top50=1  top10%=1
Cycle  46: full DKL retrain  (55 labelled)
GP warmup: 20 epochs on initial embeddings
Joint DKL training: 50 epochs
  Epoch 20/50  loss=0.3942
  Epoch 40/50  loss=0.1370
DKL training done in 0.3s
  → 1AgGaP2S6-1  gap=2.285 eV  best=5.635 eV  top50=1  top10%=1
Cycle  47: GP refit  (56 labelled)
  → 1Br2Se2Pb3-1  gap=1.452 eV  best=5.635 eV  top50=1  top10%=1
Cycle  48: GP refit  (57 labelled)
  → 2NbOI2-1  gap=1.845 eV  best=5.635 eV  top50=1  top10%=1
Cycle  49: GP refit  (58 labelled)
  → 1OVI2-1  gap=1.849 eV  best=5.635 eV  top50=1  top10%=1
Cycle  50: GP refit  (59 labelled)
  → 1SI2Pb2-1  gap=1.567 eV  best=5.635 eV  top50=1  top10%=1
Cycle  51: full DKL retrain  (60 labelled)
GP warmup: 20 epochs on initial embeddings
Joint DKL training: 50 epochs
  Epoch 20/50  loss=-0.2567
  Epoch 40/50  loss=-0.5038
DKL training done in 0.3s
  → 1CoNaP2S6-1  gap=1.851 eV  best=5.635 eV  top50=1  top10%=1
Cycle  52: GP refit  (61 labelled)
  → 1GaInTe2-1  gap=1.532 eV  best=5.635 eV  top50=1  top10%=1
Cycle  53: GP refit  (62 labelled)
  → 1SnBr2S2-1  gap=1.490 eV  best=5.635 eV  top50=1  top10%=1
Cycle  54: GP refit  (63 labelled)
  → 1ZrO2-3  gap=3.561 eV  best=5.635 eV  top50=1  top10%=1
Cycle  55: GP refit  (64 labelled)
  → 1ZrCl2-1  gap=1.500 eV  best=5.635 eV  top50=1  top10%=1
Cycle  56: full DKL retrain  (65 labelled)
GP warmup: 20 epochs on initial embeddings
Joint DKL training: 50 epochs
  Epoch 20/50  loss=-0.1692
  Epoch 40/50  loss=-0.3617
DKL training done in 0.3s
  → 1AgCrAs2Se6-1  gap=1.270 eV  best=5.635 eV  top50=1  top10%=1
Cycle  57: GP refit  (66 labelled)
  → 1N2O2Y3-1  gap=1.648 eV  best=5.635 eV  top50=1  top10%=1
Cycle  58: GP refit  (67 labelled)
  → 4OBi2S2-1  gap=2.212 eV  best=5.635 eV  top50=1  top10%=1
Cycle  59: GP refit  (68 labelled)
  → 1MgI2-3  gap=3.448 eV  best=5.635 eV  top50=1  top10%=1
Cycle  60: GP refit  (69 labelled)
  → 1AsClTe-1  gap=2.147 eV  best=5.635 eV  top50=1  top10%=1
Cycle  61: full DKL retrain  (70 labelled)
GP warmup: 20 epochs on initial embeddings
Joint DKL training: 50 epochs
  Epoch 20/50  loss=-0.1746
  Epoch 40/50  loss=-0.3495
DKL training done in 0.3s
  → 1CoLiP2S6-1  gap=2.395 eV  best=5.635 eV  top50=1  top10%=1
Cycle  62: GP refit  (71 labelled)
  → 2CoHS2-1  gap=1.204 eV  best=5.635 eV  top50=1  top10%=1
Cycle  63: GP refit  (72 labelled)
  → 3RuSCl2-1  gap=1.131 eV  best=5.635 eV  top50=1  top10%=1
Cycle  64: GP refit  (73 labelled)
  → 4OBi2Se2-1  gap=1.736 eV  best=5.635 eV  top50=1  top10%=1
Cycle  65: GP refit  (74 labelled)
  → 1PbI2-2  gap=2.404 eV  best=5.635 eV  top50=1  top10%=1
Cycle  66: full DKL retrain  (75 labelled)
GP warmup: 20 epochs on initial embeddings
Joint DKL training: 50 epochs
  Epoch 20/50  loss=-0.2031
  Epoch 40/50  loss=-0.4592
DKL training done in 0.3s
  → 1OVBr2-1  gap=3.019 eV  best=5.635 eV  top50=1  top10%=1
Cycle  67: GP refit  (76 labelled)
  → 2TiCl2-1  gap=0.997 eV  best=5.635 eV  top50=1  top10%=1
Cycle  68: GP refit  (77 labelled)
  → 1YI2-1  gap=0.544 eV  best=5.635 eV  top50=1  top10%=1
Cycle  69: GP refit  (78 labelled)
  → 1FeBr2-3  gap=0.145 eV  best=5.635 eV  top50=1  top10%=1
Cycle  70: GP refit  (79 labelled)
  → 1ISY-1  gap=3.985 eV  best=5.635 eV  top50=1  top10%=1
Cycle  71: full DKL retrain  (80 labelled)
GP warmup: 20 epochs on initial embeddings
Joint DKL training: 50 epochs
  Epoch 20/50  loss=0.2371
  Epoch 40/50  loss=-0.1067
DKL training done in 0.3s
  → 1AgScP2Se6-1  gap=2.775 eV  best=5.635 eV  top50=1  top10%=1
Cycle  72: GP refit  (81 labelled)
  → 1STeIn2-1  gap=1.141 eV  best=5.635 eV  top50=1  top10%=1
Cycle  73: GP refit  (82 labelled)
  → 1AlGaSe2-1  gap=2.765 eV  best=5.635 eV  top50=1  top10%=1
Cycle  74: GP refit  (83 labelled)
  → 1PbSe2-1  gap=1.847 eV  best=5.635 eV  top50=1  top10%=1
Cycle  75: GP refit  (84 labelled)
  → 1HgI2-4  gap=1.370 eV  best=5.635 eV  top50=1  top10%=1
Cycle  76: full DKL retrain  (85 labelled)
GP warmup: 20 epochs on initial embeddings
Joint DKL training: 50 epochs
  Epoch 20/50  loss=-0.1168
  Epoch 40/50  loss=-0.4022
DKL training done in 0.3s
  → 1CoNaAs2Se6-1  gap=1.295 eV  best=5.635 eV  top50=1  top10%=1
Cycle  77: GP refit  (86 labelled)
  → 1AuClCuI-1  gap=3.695 eV  best=5.635 eV  top50=1  top10%=1
Cycle  78: GP refit  (87 labelled)
  → 1HfCl2-1  gap=1.471 eV  best=5.635 eV  top50=1  top10%=1
Cycle  79: GP refit  (88 labelled)
  → 1HgBr2-4  gap=2.459 eV  best=5.635 eV  top50=1  top10%=1
Cycle  80: GP refit  (89 labelled)
  → 1AgMoBr4-1  gap=2.166 eV  best=5.635 eV  top50=1  top10%=1
Cycle  81: full DKL retrain  (90 labelled)
GP warmup: 20 epochs on initial embeddings
Joint DKL training: 50 epochs
  Epoch 20/50  loss=-0.3318
  Epoch 40/50  loss=-0.5212
DKL training done in 0.3s
  → 1NiSSeZr-1  gap=1.881 eV  best=5.635 eV  top50=1  top10%=1
Cycle  82: GP refit  (91 labelled)
  → 2WSe2-1  gap=0.118 eV  best=5.635 eV  top50=1  top10%=1
Cycle  83: GP refit  (92 labelled)
  → 2ZrCl2-1  gap=1.161 eV  best=5.635 eV  top50=1  top10%=1
Cycle  84: GP refit  (93 labelled)
  → 1SnI2-2  gap=2.504 eV  best=5.635 eV  top50=1  top10%=1
Cycle  85: GP refit  (94 labelled)
  → 1PtSnS4-1  gap=2.122 eV  best=5.635 eV  top50=1  top10%=1
Cycle  86: full DKL retrain  (95 labelled)
GP warmup: 20 epochs on initial embeddings
Joint DKL training: 50 epochs
  Epoch 20/50  loss=-0.3782
  Epoch 40/50  loss=-0.5736
DKL training done in 0.3s
  → 1YCl2-1  gap=0.999 eV  best=5.635 eV  top50=1  top10%=1
Cycle  87: GP refit  (96 labelled)
  → 1HgCl2-3  gap=3.201 eV  best=5.635 eV  top50=1  top10%=1
Cycle  88: GP refit  (97 labelled)
  → 1TiCl2-1  gap=1.395 eV  best=5.635 eV  top50=1  top10%=1
Cycle  89: GP refit  (98 labelled)
  → 1RuCl2-3  gap=0.908 eV  best=5.635 eV  top50=1  top10%=1
Cycle  90: GP refit  (99 labelled)
  → 1CaI2-2  gap=4.063 eV  best=5.635 eV  top50=1  top10%=1
Cycle  91: full DKL retrain  (100 labelled)
GP warmup: 20 epochs on initial embeddings
Joint DKL training: 50 epochs
  Epoch 20/50  loss=-0.3095
  Epoch 40/50  loss=-0.5203
DKL training done in 0.3s
  → 1OVCl2-1  gap=3.144 eV  best=5.635 eV  top50=1  top10%=1
Cycle  92: GP refit  (101 labelled)
  → 2IrTaS4-1  gap=1.331 eV  best=5.635 eV  top50=1  top10%=1
Cycle  93: GP refit  (102 labelled)
  → 2RhTaS4-1  gap=1.231 eV  best=5.635 eV  top50=1  top10%=1
Cycle  94: GP refit  (103 labelled)
  → 2IrNbS4-1  gap=1.253 eV  best=5.635 eV  top50=1  top10%=1
Cycle  95: GP refit  (104 labelled)
  → 2AsTlO3-1  gap=4.438 eV  best=5.635 eV  top50=1  top10%=1
Cycle  96: full DKL retrain  (105 labelled)
GP warmup: 20 epochs on initial embeddings
Joint DKL training: 50 epochs
  Epoch 20/50  loss=-0.5616
  Epoch 40/50  loss=-0.8142
DKL training done in 0.3s
  → 1CrHS2-1  gap=2.800 eV  best=5.635 eV  top50=1  top10%=1
Cycle  97: GP refit  (106 labelled)
  → 1GeBr2-2  gap=3.333 eV  best=5.635 eV  top50=1  top10%=1
Cycle  98: GP refit  (107 labelled)
  → 2PtTeS3-1  gap=1.731 eV  best=5.635 eV  top50=1  top10%=1
Cycle  99: GP refit  (108 labelled)
  → 2PdTeO3-2  gap=2.509 eV  best=5.635 eV  top50=1  top10%=1
Cycle 100: GP refit  (109 labelled)
  → 2IIrS-2  gap=1.749 eV  best=5.635 eV  top50=1  top10%=1
  visible_0p7_3p0/dkl_finetune/seed16 → in-window found=79
BOLoop: 766 materials  |  direction=max  |  top-50 internal threshold=5.35  top-10% internal threshold=4.94
Init: 10 random labels  |  best (max) = 6.099
Cycle   1: full DKL retrain  (10 labelled)
GP warmup: 20 epochs on initial embeddings
/home/roy/software/anaconda3/lib/python3.13/site-packages/torch/_compile.py:32: UserWarning: optimizer contains a parameter group with duplicate parameters; in future, this will cause an error; see github.com/pytorch/pytorch/issues/40967 for more information
  return disable_fn(*args, **kwargs)
Joint DKL training: 50 epochs
  Epoch 20/50  loss=2.3182
  Epoch 40/50  loss=2.1244
DKL training done in 0.3s
  → 2MoWSe4-1  gap=1.749 eV  best=6.099 eV  top50=0  top10%=0
Cycle   2: GP refit  (11 labelled)
  → 1WMo3Se8-1  gap=1.785 eV  best=6.099 eV  top50=0  top10%=0
Cycle   3: GP refit  (12 labelled)
  → 1MoSe2-1  gap=1.804 eV  best=6.099 eV  top50=0  top10%=0
Cycle   4: GP refit  (13 labelled)
  → 1WSe2-1  gap=1.730 eV  best=6.099 eV  top50=0  top10%=0
Cycle   5: GP refit  (14 labelled)
  → 1TiSe2-2  gap=1.460 eV  best=6.099 eV  top50=0  top10%=0
Cycle   6: full DKL retrain  (15 labelled)
GP warmup: 20 epochs on initial embeddings
Joint DKL training: 50 epochs
  Epoch 20/50  loss=-0.4057
  Epoch 40/50  loss=-0.5331
DKL training done in 0.3s
  → 1AgScP2S6-1  gap=3.453 eV  best=6.099 eV  top50=0  top10%=0
Cycle   7: GP refit  (16 labelled)
  → 1AgAlP2Se6-1  gap=2.339 eV  best=6.099 eV  top50=0  top10%=0
Cycle   8: GP refit  (17 labelled)
  → 1AgCrP2Se6-1  gap=1.789 eV  best=6.099 eV  top50=0  top10%=0
Cycle   9: GP refit  (18 labelled)
  → 1CoLiP2Se6-1  gap=2.004 eV  best=6.099 eV  top50=0  top10%=0
Cycle  10: GP refit  (19 labelled)
  → 1AgInP2Se6-1  gap=1.707 eV  best=6.099 eV  top50=0  top10%=0
Cycle  11: full DKL retrain  (20 labelled)
GP warmup: 20 epochs on initial embeddings
Joint DKL training: 50 epochs
  Epoch 20/50  loss=0.9697
  Epoch 40/50  loss=-0.2898
DKL training done in 0.3s
  → 1AgAlAs2Se6-1  gap=1.577 eV  best=6.099 eV  top50=0  top10%=0
Cycle  12: GP refit  (21 labelled)
  → 1AgTlP2Se6-1  gap=0.901 eV  best=6.099 eV  top50=0  top10%=0
Cycle  13: GP refit  (22 labelled)
  → 1PdZnP2Se6-1  gap=0.796 eV  best=6.099 eV  top50=0  top10%=0
Cycle  14: GP refit  (23 labelled)
  → 1CoNaP2Se6-1  gap=1.717 eV  best=6.099 eV  top50=0  top10%=0
Cycle  15: GP refit  (24 labelled)
  → 1CoLiAs2Se6-1  gap=1.175 eV  best=6.099 eV  top50=0  top10%=0
Cycle  16: full DKL retrain  (25 labelled)
GP warmup: 20 epochs on initial embeddings
Joint DKL training: 50 epochs
  Epoch 20/50  loss=-0.3359
  Epoch 40/50  loss=-0.7797
DKL training done in 0.3s
  → 1CoNaAs2Se6-1  gap=1.295 eV  best=6.099 eV  top50=0  top10%=0
Cycle  17: GP refit  (26 labelled)
  → 1AgCrAs2Se6-1  gap=1.270 eV  best=6.099 eV  top50=0  top10%=0
Cycle  18: GP refit  (27 labelled)
  → 1AgGaP2Se6-1  gap=1.694 eV  best=6.099 eV  top50=0  top10%=0
Cycle  19: GP refit  (28 labelled)
  → 1AgScP2Se6-1  gap=2.775 eV  best=6.099 eV  top50=0  top10%=0
Cycle  20: GP refit  (29 labelled)
  → 1OVI2-1  gap=1.849 eV  best=6.099 eV  top50=0  top10%=0
Cycle  21: full DKL retrain  (30 labelled)
GP warmup: 20 epochs on initial embeddings
Joint DKL training: 50 epochs
  Epoch 20/50  loss=2.5641
  Epoch 40/50  loss=-0.8610
DKL training done in 0.3s
  → 1GaInS2-1  gap=2.570 eV  best=6.099 eV  top50=0  top10%=0
Cycle  22: GP refit  (31 labelled)
  → 1STeIn2-1  gap=1.141 eV  best=6.099 eV  top50=0  top10%=0
Cycle  23: GP refit  (32 labelled)
  → 1AlGaSe2-1  gap=2.765 eV  best=6.099 eV  top50=0  top10%=0
Cycle  24: GP refit  (33 labelled)
  → 2NbOI2-1  gap=1.845 eV  best=6.099 eV  top50=0  top10%=0
Cycle  25: GP refit  (34 labelled)
  → 1OBi2S2-1  gap=1.179 eV  best=6.099 eV  top50=0  top10%=0
Cycle  26: full DKL retrain  (35 labelled)
GP warmup: 20 epochs on initial embeddings
Joint DKL training: 50 epochs
  Epoch 20/50  loss=-0.5701
  Epoch 40/50  loss=-0.7045
DKL training done in 0.3s
  → 1BrCuGeTe-1  gap=1.540 eV  best=6.099 eV  top50=0  top10%=0
Cycle  27: GP refit  (36 labelled)
  → 1SI2Pb2-1  gap=1.567 eV  best=6.099 eV  top50=0  top10%=0
Cycle  28: GP refit  (37 labelled)
  → 4OBi2S2-1  gap=2.212 eV  best=6.099 eV  top50=0  top10%=0
Cycle  29: GP refit  (38 labelled)
  → 1SnBr2S2-1  gap=1.490 eV  best=6.099 eV  top50=0  top10%=0
Cycle  30: GP refit  (39 labelled)
  → 4OBi2Se2-1  gap=1.736 eV  best=6.099 eV  top50=0  top10%=0
Cycle  31: full DKL retrain  (40 labelled)
GP warmup: 20 epochs on initial embeddings
Joint DKL training: 50 epochs
  Epoch 20/50  loss=-0.6388
  Epoch 40/50  loss=-0.8005
DKL training done in 0.3s
  → 1AgInP2S6-1  gap=2.365 eV  best=6.099 eV  top50=0  top10%=0
Cycle  32: GP refit  (41 labelled)
  → 4AsLiS2-2  gap=1.883 eV  best=6.099 eV  top50=0  top10%=0
Cycle  33: GP refit  (42 labelled)
  → 2AgCrP2S6-1  gap=2.715 eV  best=6.099 eV  top50=0  top10%=0
Cycle  34: GP refit  (43 labelled)
  → 4NaSbS2-2  gap=2.102 eV  best=6.099 eV  top50=0  top10%=0
Cycle  35: GP refit  (44 labelled)
  → 1CdBr2-3  gap=3.373 eV  best=6.099 eV  top50=0  top10%=0
Cycle  36: full DKL retrain  (45 labelled)
GP warmup: 20 epochs on initial embeddings
Joint DKL training: 50 epochs
  Epoch 20/50  loss=-0.6935
  Epoch 40/50  loss=-0.8478
DKL training done in 0.3s
  → 2RuS2-1  gap=1.583 eV  best=6.099 eV  top50=0  top10%=0
Cycle  37: GP refit  (46 labelled)
  → 1AgGaP2S6-1  gap=2.285 eV  best=6.099 eV  top50=0  top10%=0
Cycle  38: GP refit  (47 labelled)
  → 2WSe2-1  gap=0.118 eV  best=6.099 eV  top50=0  top10%=0
Cycle  39: GP refit  (48 labelled)
  → 2ZrI2-1  gap=0.889 eV  best=6.099 eV  top50=0  top10%=0
Cycle  40: GP refit  (49 labelled)
  → 1HfS2-2  gap=2.038 eV  best=6.099 eV  top50=0  top10%=0
Cycle  41: full DKL retrain  (50 labelled)
GP warmup: 20 epochs on initial embeddings
Joint DKL training: 50 epochs
  Epoch 20/50  loss=0.0616
  Epoch 40/50  loss=-0.1181
DKL training done in 0.3s
  → 1Br2Se2Pb3-1  gap=1.452 eV  best=6.099 eV  top50=0  top10%=0
Cycle  42: GP refit  (51 labelled)
  → 1OZrBr2-1  gap=2.245 eV  best=6.099 eV  top50=0  top10%=0
Cycle  43: GP refit  (52 labelled)
  → 1SeBi2S2-1  gap=0.923 eV  best=6.099 eV  top50=0  top10%=0
Cycle  44: GP refit  (53 labelled)
  → 1ZnBr2-3  gap=3.449 eV  best=6.099 eV  top50=0  top10%=0
Cycle  45: GP refit  (54 labelled)
  → 1SnBr2-2  gap=3.220 eV  best=6.099 eV  top50=0  top10%=0
Cycle  46: full DKL retrain  (55 labelled)
GP warmup: 20 epochs on initial embeddings
Joint DKL training: 50 epochs
  Epoch 20/50  loss=-0.1727
  Epoch 40/50  loss=-0.3893
DKL training done in 0.3s
  → 1GaInTe2-1  gap=1.532 eV  best=6.099 eV  top50=0  top10%=0
Cycle  47: GP refit  (56 labelled)
  → 1BrITl2-1  gap=2.587 eV  best=6.099 eV  top50=0  top10%=0
Cycle  48: GP refit  (57 labelled)
  → 1NiSSeZr-1  gap=1.881 eV  best=6.099 eV  top50=0  top10%=0
Cycle  49: GP refit  (58 labelled)
  → 4OSb2Se2-1  gap=2.083 eV  best=6.099 eV  top50=0  top10%=0
Cycle  50: GP refit  (59 labelled)
  → 2MoS2-1  gap=0.069 eV  best=6.099 eV  top50=0  top10%=0
Cycle  51: full DKL retrain  (60 labelled)
GP warmup: 20 epochs on initial embeddings
Joint DKL training: 50 epochs
  Epoch 20/50  loss=0.1259
  Epoch 40/50  loss=-0.3540
DKL training done in 0.3s
  → 1PdSe2-2  gap=0.266 eV  best=6.099 eV  top50=0  top10%=0
Cycle  52: GP refit  (61 labelled)
  → 1ZrBr2-1  gap=1.276 eV  best=6.099 eV  top50=0  top10%=0
Cycle  53: GP refit  (62 labelled)
  → 2TiBr2-1  gap=0.817 eV  best=6.099 eV  top50=0  top10%=0
Cycle  54: GP refit  (63 labelled)
  → 1BrCoSe-1  gap=2.153 eV  best=6.099 eV  top50=0  top10%=0
Cycle  55: GP refit  (64 labelled)
  → 1AlISe-1  gap=2.186 eV  best=6.099 eV  top50=0  top10%=0
Cycle  56: full DKL retrain  (65 labelled)
GP warmup: 20 epochs on initial embeddings
Joint DKL training: 50 epochs
  Epoch 20/50  loss=0.1278
  Epoch 40/50  loss=-0.0833
DKL training done in 0.3s
  → 1TiBr2-1  gap=1.166 eV  best=6.099 eV  top50=0  top10%=0
Cycle  57: GP refit  (66 labelled)
  → 2InS2-3  gap=1.242 eV  best=6.099 eV  top50=0  top10%=0
Cycle  58: GP refit  (67 labelled)
  → 1HfBr2-1  gap=1.226 eV  best=6.099 eV  top50=0  top10%=0
Cycle  59: GP refit  (68 labelled)
  → 2IRhS-2  gap=1.665 eV  best=6.099 eV  top50=0  top10%=0
Cycle  60: GP refit  (69 labelled)
  → 1STa3Br7-1  gap=1.510 eV  best=6.099 eV  top50=0  top10%=0
Cycle  61: full DKL retrain  (70 labelled)
GP warmup: 20 epochs on initial embeddings
Joint DKL training: 50 epochs
  Epoch 20/50  loss=-0.0927
  Epoch 40/50  loss=-0.2917
DKL training done in 0.3s
  → 1CrHS2-1  gap=2.800 eV  best=6.099 eV  top50=0  top10%=0
Cycle  62: GP refit  (71 labelled)
  → 1ZrS2-2  gap=2.023 eV  best=6.099 eV  top50=0  top10%=0
Cycle  63: GP refit  (72 labelled)
  → 1VSe2-1  gap=0.977 eV  best=6.099 eV  top50=0  top10%=0
Cycle  64: GP refit  (73 labelled)
  → 2FeSe2-1  gap=1.053 eV  best=6.099 eV  top50=0  top10%=0
Cycle  65: GP refit  (74 labelled)
  → 2RhTaS4-1  gap=1.231 eV  best=6.099 eV  top50=0  top10%=0
Cycle  66: full DKL retrain  (75 labelled)
GP warmup: 20 epochs on initial embeddings
Joint DKL training: 50 epochs
  Epoch 20/50  loss=-0.2463
  Epoch 40/50  loss=-0.4057
DKL training done in 0.4s
  → 1CoNaP2S6-1  gap=1.851 eV  best=6.099 eV  top50=0  top10%=0
Cycle  67: GP refit  (76 labelled)
  → 1OVBr2-1  gap=3.019 eV  best=6.099 eV  top50=0  top10%=0
Cycle  68: GP refit  (77 labelled)
  → 1FeBr2-3  gap=0.145 eV  best=6.099 eV  top50=0  top10%=0
Cycle  69: GP refit  (78 labelled)
  → 1SnS2-3  gap=1.455 eV  best=6.099 eV  top50=0  top10%=0
Cycle  70: GP refit  (79 labelled)
  → 1ClSbTe-1  gap=1.866 eV  best=6.099 eV  top50=0  top10%=0
Cycle  71: full DKL retrain  (80 labelled)
GP warmup: 20 epochs on initial embeddings
Joint DKL training: 50 epochs
  Epoch 20/50  loss=-0.0544
  Epoch 40/50  loss=-0.2346
DKL training done in 0.4s
  → 2FeS2-1  gap=1.331 eV  best=6.099 eV  top50=0  top10%=0
Cycle  72: GP refit  (81 labelled)
  → 4AuF2-1  gap=1.286 eV  best=6.099 eV  top50=0  top10%=0
Cycle  73: GP refit  (82 labelled)
  → 2PdSeO3-1  gap=2.663 eV  best=6.099 eV  top50=0  top10%=0
Cycle  74: GP refit  (83 labelled)
  → 4AsPtS-1  gap=2.061 eV  best=6.099 eV  top50=0  top10%=0
Cycle  75: GP refit  (84 labelled)
  → 1BiIS-2  gap=1.178 eV  best=6.099 eV  top50=0  top10%=0
Cycle  76: full DKL retrain  (85 labelled)
GP warmup: 20 epochs on initial embeddings
Joint DKL training: 50 epochs
  Epoch 20/50  loss=-0.1753
  Epoch 40/50  loss=-0.3516
DKL training done in 0.3s
  → 1AgCrP2S6-1  gap=2.012 eV  best=6.099 eV  top50=0  top10%=0
Cycle  77: GP refit  (86 labelled)
  → 1HgBr2-4  gap=2.459 eV  best=6.099 eV  top50=0  top10%=0
Cycle  78: GP refit  (87 labelled)
  → 1YBr2-1  gap=0.901 eV  best=6.099 eV  top50=0  top10%=0
Cycle  79: GP refit  (88 labelled)
  → 1TiS2-2  gap=2.015 eV  best=6.099 eV  top50=0  top10%=0
Cycle  80: GP refit  (89 labelled)
  → 2BrRhSe-1  gap=2.140 eV  best=6.099 eV  top50=0  top10%=0
Cycle  81: full DKL retrain  (90 labelled)
GP warmup: 20 epochs on initial embeddings
Joint DKL training: 50 epochs
  Epoch 20/50  loss=-0.3359
  Epoch 40/50  loss=-0.4856
DKL training done in 0.3s
  → 1CoLiP2S6-1  gap=2.395 eV  best=6.099 eV  top50=0  top10%=0
Cycle  82: GP refit  (91 labelled)
  → 1BiHTe2O6-1  gap=4.226 eV  best=6.099 eV  top50=0  top10%=0
Cycle  83: GP refit  (92 labelled)
  → 1YI2-1  gap=0.544 eV  best=6.099 eV  top50=0  top10%=0
Cycle  84: GP refit  (93 labelled)
  → 1CrSe2-1  gap=1.128 eV  best=6.099 eV  top50=0  top10%=0
Cycle  85: GP refit  (94 labelled)
  → 1MoAu2Se4-1  gap=1.247 eV  best=6.099 eV  top50=0  top10%=0
Cycle  86: full DKL retrain  (95 labelled)
GP warmup: 20 epochs on initial embeddings
Joint DKL training: 50 epochs
  Epoch 20/50  loss=-0.2178
  Epoch 40/50  loss=-0.3667
DKL training done in 0.3s
  → 1N2O2Y3-1  gap=1.648 eV  best=6.099 eV  top50=0  top10%=0
Cycle  87: GP refit  (96 labelled)
  → 1MgI2-3  gap=3.448 eV  best=6.099 eV  top50=0  top10%=0
Cycle  88: GP refit  (97 labelled)
  → 4AuI2-1  gap=0.880 eV  best=6.099 eV  top50=0  top10%=0
Cycle  89: GP refit  (98 labelled)
  → 2FISr-1  gap=5.171 eV  best=6.099 eV  top50=0  top10%=1
Cycle  90: GP refit  (99 labelled)
  → 1ISSb-2  gap=1.455 eV  best=6.099 eV  top50=0  top10%=1
Cycle  91: full DKL retrain  (100 labelled)
GP warmup: 20 epochs on initial embeddings
Joint DKL training: 50 epochs
  Epoch 20/50  loss=0.0154
  Epoch 40/50  loss=-0.1715
DKL training done in 0.4s
  → 1C2O2Zr3-1  gap=0.961 eV  best=6.099 eV  top50=0  top10%=1
Cycle  92: GP refit  (101 labelled)
  → 1ZrSe2-2  gap=1.684 eV  best=6.099 eV  top50=0  top10%=1
Cycle  93: GP refit  (102 labelled)
  → 1HgI2-4  gap=1.370 eV  best=6.099 eV  top50=0  top10%=1
Cycle  94: GP refit  (103 labelled)
  → 1AuInF4-1  gap=2.106 eV  best=6.099 eV  top50=0  top10%=1
Cycle  95: GP refit  (104 labelled)
  → 2CrWS4-1  gap=1.442 eV  best=6.099 eV  top50=0  top10%=1
Cycle  96: full DKL retrain  (105 labelled)
GP warmup: 20 epochs on initial embeddings
Joint DKL training: 50 epochs
  Epoch 20/50  loss=-0.1393
  Epoch 40/50  loss=-0.4162
DKL training done in 0.4s
  → 1N2O2Zr3-1  gap=0.616 eV  best=6.099 eV  top50=0  top10%=1
Cycle  97: GP refit  (106 labelled)
  → 1CSiF2-1  gap=3.306 eV  best=6.099 eV  top50=0  top10%=1
Cycle  98: GP refit  (107 labelled)
  → 1HfSe2-2  gap=1.626 eV  best=6.099 eV  top50=0  top10%=1
Cycle  99: GP refit  (108 labelled)
  → 1HfSSe-2  gap=1.645 eV  best=6.099 eV  top50=0  top10%=1
Cycle 100: GP refit  (109 labelled)
  → 1PdZrI6-1  gap=1.341 eV  best=6.099 eV  top50=0  top10%=1
  visible_0p7_3p0/dkl_finetune/seed17 → in-window found=85
BOLoop: 766 materials  |  direction=max  |  top-50 internal threshold=5.35  top-10% internal threshold=4.94
Init: 10 random labels  |  best (max) = 1.877
Cycle   1: full DKL retrain  (10 labelled)
GP warmup: 20 epochs on initial embeddings
/home/roy/software/anaconda3/lib/python3.13/site-packages/torch/_compile.py:32: UserWarning: optimizer contains a parameter group with duplicate parameters; in future, this will cause an error; see github.com/pytorch/pytorch/issues/40967 for more information
  return disable_fn(*args, **kwargs)
Joint DKL training: 50 epochs
  Epoch 20/50  loss=0.9247
  Epoch 40/50  loss=0.8291
DKL training done in 0.3s
  → 1CoLiP2S6-1  gap=2.395 eV  best=2.395 eV  top50=0  top10%=0
Cycle   2: GP refit  (11 labelled)
  → 1AgAlP2S6-1  gap=3.132 eV  best=3.132 eV  top50=0  top10%=0
Cycle   3: GP refit  (12 labelled)
  → 1WSe2-1  gap=1.730 eV  best=3.132 eV  top50=0  top10%=0
Cycle   4: GP refit  (13 labelled)
  → 1CrW3Se8-1  gap=1.333 eV  best=3.132 eV  top50=0  top10%=0
Cycle   5: GP refit  (14 labelled)
  → 1OSeW-1  gap=2.004 eV  best=3.132 eV  top50=0  top10%=0
Cycle   6: full DKL retrain  (15 labelled)
GP warmup: 20 epochs on initial embeddings
Joint DKL training: 50 epochs
  Epoch 20/50  loss=0.4220
  Epoch 40/50  loss=0.2441
DKL training done in 0.3s
  → 1N2O2Y3-1  gap=1.648 eV  best=3.132 eV  top50=0  top10%=0
Cycle   7: GP refit  (16 labelled)
  → 1AgAlP2Se6-1  gap=2.339 eV  best=3.132 eV  top50=0  top10%=0
Cycle   8: GP refit  (17 labelled)
  → 1AgInP2Se6-1  gap=1.707 eV  best=3.132 eV  top50=0  top10%=0
Cycle   9: GP refit  (18 labelled)
  → 1AgAlAs2Se6-1  gap=1.577 eV  best=3.132 eV  top50=0  top10%=0
Cycle  10: GP refit  (19 labelled)
  → 1PdZnP2Se6-1  gap=0.796 eV  best=3.132 eV  top50=0  top10%=0
Cycle  11: full DKL retrain  (20 labelled)
GP warmup: 20 epochs on initial embeddings
Joint DKL training: 50 epochs
  Epoch 20/50  loss=-0.0273
  Epoch 40/50  loss=-0.3136
DKL training done in 0.3s
  → 1AgCrP2Se6-1  gap=1.789 eV  best=3.132 eV  top50=0  top10%=0
Cycle  12: GP refit  (21 labelled)
  → 1AgCrP2Te6-1  gap=1.137 eV  best=3.132 eV  top50=0  top10%=0
Cycle  13: GP refit  (22 labelled)
  → 1BiHTe2O6-1  gap=4.226 eV  best=4.226 eV  top50=0  top10%=0
Cycle  14: GP refit  (23 labelled)
  → 1AgTlP2Se6-1  gap=0.901 eV  best=4.226 eV  top50=0  top10%=0
Cycle  15: GP refit  (24 labelled)
  → 1CoNaP2Se6-1  gap=1.717 eV  best=4.226 eV  top50=0  top10%=0
Cycle  16: full DKL retrain  (25 labelled)
GP warmup: 20 epochs on initial embeddings
Joint DKL training: 50 epochs
  Epoch 20/50  loss=2.8268
  Epoch 40/50  loss=0.4697
DKL training done in 0.3s
  → 4AsLiS2-2  gap=1.883 eV  best=4.226 eV  top50=0  top10%=0
Cycle  17: GP refit  (26 labelled)
  → 2INbO2-1  gap=2.295 eV  best=4.226 eV  top50=0  top10%=0
Cycle  18: GP refit  (27 labelled)
  → 2BrRhS-2  gap=2.135 eV  best=4.226 eV  top50=0  top10%=0
Cycle  19: GP refit  (28 labelled)
  → 1PtSSe-1  gap=2.017 eV  best=4.226 eV  top50=0  top10%=0
Cycle  20: GP refit  (29 labelled)
  → 4LiSbS2-1  gap=2.746 eV  best=4.226 eV  top50=0  top10%=0
Cycle  21: full DKL retrain  (30 labelled)
GP warmup: 20 epochs on initial embeddings
Joint DKL training: 50 epochs
  Epoch 20/50  loss=0.3714
  Epoch 40/50  loss=0.0322
DKL training done in 0.3s
  → 1AgScP2S6-1  gap=3.453 eV  best=4.226 eV  top50=0  top10%=0
Cycle  22: GP refit  (31 labelled)
  → 2BrRhSe-1  gap=2.140 eV  best=4.226 eV  top50=0  top10%=0
Cycle  23: GP refit  (32 labelled)
  → 1IrRuS2Br4-1  gap=0.554 eV  best=4.226 eV  top50=0  top10%=0
Cycle  24: GP refit  (33 labelled)
  → 1SeTa3Br7-1  gap=1.452 eV  best=4.226 eV  top50=0  top10%=0
Cycle  25: GP refit  (34 labelled)
  → 1SeNb3Br7-1  gap=1.477 eV  best=4.226 eV  top50=0  top10%=0
Cycle  26: full DKL retrain  (35 labelled)
GP warmup: 20 epochs on initial embeddings
Joint DKL training: 50 epochs
  Epoch 20/50  loss=0.4226
  Epoch 40/50  loss=0.2679
DKL training done in 0.3s
  → 1AgGaP2Se6-1  gap=1.694 eV  best=4.226 eV  top50=0  top10%=0
Cycle  27: GP refit  (36 labelled)
  → 1AgScP2Se6-1  gap=2.775 eV  best=4.226 eV  top50=0  top10%=0
Cycle  28: GP refit  (37 labelled)
  → 2IRhS-2  gap=1.665 eV  best=4.226 eV  top50=0  top10%=0
Cycle  29: GP refit  (38 labelled)
  → 2FRhSe-1  gap=2.223 eV  best=4.226 eV  top50=0  top10%=0
Cycle  30: GP refit  (39 labelled)
  → 1Br2Se2Pb3-1  gap=1.452 eV  best=4.226 eV  top50=0  top10%=0
Cycle  31: full DKL retrain  (40 labelled)
GP warmup: 20 epochs on initial embeddings
Joint DKL training: 50 epochs
  Epoch 20/50  loss=0.1943
  Epoch 40/50  loss=0.0295
DKL training done in 0.3s
  → 1CoLiP2Se6-1  gap=2.004 eV  best=4.226 eV  top50=0  top10%=0
Cycle  32: GP refit  (41 labelled)
  → 1AgAlP2Te6-1  gap=1.065 eV  best=4.226 eV  top50=0  top10%=0
Cycle  33: GP refit  (42 labelled)
  → 1N2O2Hf3-1  gap=0.508 eV  best=4.226 eV  top50=0  top10%=0
Cycle  34: GP refit  (43 labelled)
  → 1TeTa3F7-1  gap=1.702 eV  best=4.226 eV  top50=0  top10%=0
Cycle  35: GP refit  (44 labelled)
  → 1TeNb3F7-1  gap=1.719 eV  best=4.226 eV  top50=0  top10%=0
Cycle  36: full DKL retrain  (45 labelled)
GP warmup: 20 epochs on initial embeddings
Joint DKL training: 50 epochs
  Epoch 20/50  loss=0.1028
  Epoch 40/50  loss=-0.1024
DKL training done in 0.3s
  → 1AgCrP2S6-1  gap=2.012 eV  best=4.226 eV  top50=0  top10%=0
Cycle  37: GP refit  (46 labelled)
  → 2AgCrP2S6-1  gap=2.715 eV  best=4.226 eV  top50=0  top10%=0
Cycle  38: GP refit  (47 labelled)
  → 1Cl2Ge2O3-1  gap=4.462 eV  best=4.462 eV  top50=0  top10%=0
Cycle  39: GP refit  (48 labelled)
  → 4AsNaO2-1  gap=5.635 eV  best=5.635 eV  top50=1  top10%=1
Cycle  40: GP refit  (49 labelled)
  → 4TiSe2-1  gap=0.036 eV  best=5.635 eV  top50=1  top10%=1
Cycle  41: full DKL retrain  (50 labelled)
GP warmup: 20 epochs on initial embeddings
Joint DKL training: 50 epochs
  Epoch 20/50  loss=0.5696
  Epoch 40/50  loss=0.2540
DKL training done in 0.3s
  → 2KNOOsF5-1  gap=2.833 eV  best=5.635 eV  top50=1  top10%=1
Cycle  42: GP refit  (51 labelled)
  → 1NiSSeZr-1  gap=1.881 eV  best=5.635 eV  top50=1  top10%=1
Cycle  43: GP refit  (52 labelled)
  → 2CuS-2  gap=1.311 eV  best=5.635 eV  top50=1  top10%=1
Cycle  44: GP refit  (53 labelled)
  → 4PPtS-1  gap=2.654 eV  best=5.635 eV  top50=1  top10%=1
Cycle  45: GP refit  (54 labelled)
  → 2CsNOsSF5-1  gap=2.525 eV  best=5.635 eV  top50=1  top10%=1
Cycle  46: full DKL retrain  (55 labelled)
GP warmup: 20 epochs on initial embeddings
Joint DKL training: 50 epochs
  Epoch 20/50  loss=0.2208
  Epoch 40/50  loss=0.1136
DKL training done in 0.3s
  → 1C2O2Zr3-1  gap=0.961 eV  best=5.635 eV  top50=1  top10%=1
Cycle  47: GP refit  (56 labelled)
  → 2PbS-1  gap=1.806 eV  best=5.635 eV  top50=1  top10%=1
Cycle  48: GP refit  (57 labelled)
  → 2AgS-1  gap=1.557 eV  best=5.635 eV  top50=1  top10%=1
Cycle  49: GP refit  (58 labelled)
  → 1SeNb3F7-1  gap=1.807 eV  best=5.635 eV  top50=1  top10%=1
Cycle  50: GP refit  (59 labelled)
  → 1PbSe2-1  gap=1.847 eV  best=5.635 eV  top50=1  top10%=1
Cycle  51: full DKL retrain  (60 labelled)
GP warmup: 20 epochs on initial embeddings
Joint DKL training: 50 epochs
  Epoch 20/50  loss=-0.0184
  Epoch 40/50  loss=-0.1457
DKL training done in 0.3s
  → 1OVBr2-1  gap=3.019 eV  best=5.635 eV  top50=1  top10%=1
Cycle  52: GP refit  (61 labelled)
  → 2CoFO2-1  gap=2.473 eV  best=5.635 eV  top50=1  top10%=1
Cycle  53: GP refit  (62 labelled)
  → 1AuInF4-1  gap=2.106 eV  best=5.635 eV  top50=1  top10%=1
Cycle  54: GP refit  (63 labelled)
  → 2OPb-1  gap=3.463 eV  best=5.635 eV  top50=1  top10%=1
Cycle  55: GP refit  (64 labelled)
  → 2InS-1  gap=2.431 eV  best=5.635 eV  top50=1  top10%=1
Cycle  56: full DKL retrain  (65 labelled)
GP warmup: 20 epochs on initial embeddings
Joint DKL training: 50 epochs
  Epoch 20/50  loss=0.0438
  Epoch 40/50  loss=-0.1142
DKL training done in 0.3s
  → 1AgGaP2S6-1  gap=2.285 eV  best=5.635 eV  top50=1  top10%=1
Cycle  57: GP refit  (66 labelled)
  → 1CoNaP2S6-1  gap=1.851 eV  best=5.635 eV  top50=1  top10%=1
Cycle  58: GP refit  (67 labelled)
  → 1N2O2Zr3-1  gap=0.616 eV  best=5.635 eV  top50=1  top10%=1
Cycle  59: GP refit  (68 labelled)
  → 1GaInS2-1  gap=2.570 eV  best=5.635 eV  top50=1  top10%=1
Cycle  60: GP refit  (69 labelled)
  → 1TiO2-3  gap=3.447 eV  best=5.635 eV  top50=1  top10%=1
Cycle  61: full DKL retrain  (70 labelled)
GP warmup: 20 epochs on initial embeddings
Joint DKL training: 50 epochs
  Epoch 20/50  loss=0.0859
  Epoch 40/50  loss=-0.1648
DKL training done in 0.3s
  → 2ClMoO2-1  gap=1.762 eV  best=5.635 eV  top50=1  top10%=1
Cycle  62: GP refit  (71 labelled)
  → 1CSiF2-1  gap=3.306 eV  best=5.635 eV  top50=1  top10%=1
Cycle  63: GP refit  (72 labelled)
  → 1AlGaSe2-1  gap=2.765 eV  best=5.635 eV  top50=1  top10%=1
Cycle  64: GP refit  (73 labelled)
  → 2SeV-4  gap=0.788 eV  best=5.635 eV  top50=1  top10%=1
Cycle  65: GP refit  (74 labelled)
  → 1PtSeMn2S5-1  gap=1.467 eV  best=5.635 eV  top50=1  top10%=1
Cycle  66: full DKL retrain  (75 labelled)
GP warmup: 20 epochs on initial embeddings
Joint DKL training: 50 epochs
  Epoch 20/50  loss=0.0706
  Epoch 40/50  loss=-0.0869
DKL training done in 0.4s
  → 1AgInP2S6-1  gap=2.365 eV  best=5.635 eV  top50=1  top10%=1
Cycle  67: GP refit  (76 labelled)
  → 2ClScBr2-1  gap=4.935 eV  best=5.635 eV  top50=1  top10%=1
Cycle  68: GP refit  (77 labelled)
  → 2AgIBr2-1  gap=2.063 eV  best=5.635 eV  top50=1  top10%=1
Cycle  69: GP refit  (78 labelled)
  → 1STa3F7-1  gap=1.799 eV  best=5.635 eV  top50=1  top10%=1
Cycle  70: GP refit  (79 labelled)
  → 1NiPdS4-1  gap=1.153 eV  best=5.635 eV  top50=1  top10%=1
Cycle  71: full DKL retrain  (80 labelled)
GP warmup: 20 epochs on initial embeddings
Joint DKL training: 50 epochs
  Epoch 20/50  loss=0.2136
  Epoch 40/50  loss=-0.0028
DKL training done in 0.3s
  → 4NaSbS2-2  gap=2.102 eV  best=5.635 eV  top50=1  top10%=1
Cycle  72: GP refit  (81 labelled)
  → 2NbOCl2-1  gap=1.951 eV  best=5.635 eV  top50=1  top10%=1
Cycle  73: GP refit  (82 labelled)
  → 1CdClHS-1  gap=3.853 eV  best=5.635 eV  top50=1  top10%=1
Cycle  74: GP refit  (83 labelled)
  → 1SnBr2S2-1  gap=1.490 eV  best=5.635 eV  top50=1  top10%=1
Cycle  75: GP refit  (84 labelled)
  → 1BrSbSe-1  gap=1.649 eV  best=5.635 eV  top50=1  top10%=1
Cycle  76: full DKL retrain  (85 labelled)
GP warmup: 20 epochs on initial embeddings
Joint DKL training: 50 epochs
  Epoch 20/50  loss=0.0054
  Epoch 40/50  loss=-0.2412
DKL training done in 0.3s
  → 1OVCl2-1  gap=3.144 eV  best=5.635 eV  top50=1  top10%=1
Cycle  77: GP refit  (86 labelled)
  → 1SeBi2S2-1  gap=0.923 eV  best=5.635 eV  top50=1  top10%=1
Cycle  78: GP refit  (87 labelled)
  → 2FeS2-1  gap=1.331 eV  best=5.635 eV  top50=1  top10%=1
Cycle  79: GP refit  (88 labelled)
  → 2WSe2-1  gap=0.118 eV  best=5.635 eV  top50=1  top10%=1
Cycle  80: GP refit  (89 labelled)
  → 2ClFSr-1  gap=7.351 eV  best=7.351 eV  top50=2  top10%=2
Cycle  81: full DKL retrain  (90 labelled)
GP warmup: 20 epochs on initial embeddings
Joint DKL training: 50 epochs
  Epoch 20/50  loss=0.2787
  Epoch 40/50  loss=0.1930
DKL training done in 0.4s
  → 1BaI2-2  gap=4.274 eV  best=7.351 eV  top50=2  top10%=2
Cycle  82: GP refit  (91 labelled)
  → 1BiBrSe-1  gap=1.363 eV  best=7.351 eV  top50=2  top10%=2
Cycle  83: GP refit  (92 labelled)
  → 2AuSe-1  gap=1.561 eV  best=7.351 eV  top50=2  top10%=2
Cycle  84: GP refit  (93 labelled)
  → 2KNRuSF5-1  gap=2.625 eV  best=7.351 eV  top50=2  top10%=2
Cycle  85: GP refit  (94 labelled)
  → 1GeS-1  gap=3.231 eV  best=7.351 eV  top50=2  top10%=2
Cycle  86: full DKL retrain  (95 labelled)
GP warmup: 20 epochs on initial embeddings
Joint DKL training: 50 epochs
  Epoch 20/50  loss=0.3113
  Epoch 40/50  loss=0.1447
DKL training done in 0.4s
  → 1ZnBr2-3  gap=3.449 eV  best=7.351 eV  top50=2  top10%=2
Cycle  87: GP refit  (96 labelled)
  → 2FRhTe-1  gap=2.115 eV  best=7.351 eV  top50=2  top10%=2
Cycle  88: GP refit  (97 labelled)
  → 2PtTeS3-1  gap=1.731 eV  best=7.351 eV  top50=2  top10%=2
Cycle  89: GP refit  (98 labelled)
  → 1AsBrS-2  gap=2.077 eV  best=7.351 eV  top50=2  top10%=2
Cycle  90: GP refit  (99 labelled)
  → 1AsClS-2  gap=2.443 eV  best=7.351 eV  top50=2  top10%=2
Cycle  91: full DKL retrain  (100 labelled)
GP warmup: 20 epochs on initial embeddings
Joint DKL training: 50 epochs
  Epoch 20/50  loss=0.1258
  Epoch 40/50  loss=-0.0682
DKL training done in 0.4s
  → 1OZrBr2-1  gap=2.245 eV  best=7.351 eV  top50=2  top10%=2
Cycle  92: GP refit  (101 labelled)
  → 1OBi2S2-1  gap=1.179 eV  best=7.351 eV  top50=2  top10%=2
Cycle  93: GP refit  (102 labelled)
  → 1WS2-1  gap=2.055 eV  best=7.351 eV  top50=2  top10%=2
Cycle  94: GP refit  (103 labelled)
  → 2InS2-3  gap=1.242 eV  best=7.351 eV  top50=2  top10%=2
Cycle  95: GP refit  (104 labelled)
  → 1HfO2-3  gap=3.726 eV  best=7.351 eV  top50=2  top10%=2
Cycle  96: full DKL retrain  (105 labelled)
GP warmup: 20 epochs on initial embeddings
Joint DKL training: 50 epochs
  Epoch 20/50  loss=0.0397
  Epoch 40/50  loss=-0.1412
DKL training done in 0.3s
  → 1STeIn2-1  gap=1.141 eV  best=7.351 eV  top50=2  top10%=2
Cycle  97: GP refit  (106 labelled)
  → 1GaInTe2-1  gap=1.532 eV  best=7.351 eV  top50=2  top10%=2
Cycle  98: GP refit  (107 labelled)
  → 1HfS2-2  gap=2.038 eV  best=7.351 eV  top50=2  top10%=2
Cycle  99: GP refit  (108 labelled)
  → 2MoS2-1  gap=0.069 eV  best=7.351 eV  top50=2  top10%=2
Cycle 100: GP refit  (109 labelled)
  → 2AgAuCl4-1  gap=2.332 eV  best=7.351 eV  top50=2  top10%=2
  visible_0p7_3p0/dkl_finetune/seed18 → in-window found=77
BOLoop: 766 materials  |  direction=max  |  top-50 internal threshold=5.35  top-10% internal threshold=4.94
Init: 10 random labels  |  best (max) = 6.553
Cycle   1: full DKL retrain  (10 labelled)
GP warmup: 20 epochs on initial embeddings
/home/roy/software/anaconda3/lib/python3.13/site-packages/torch/_compile.py:32: UserWarning: optimizer contains a parameter group with duplicate parameters; in future, this will cause an error; see github.com/pytorch/pytorch/issues/40967 for more information
  return disable_fn(*args, **kwargs)
Joint DKL training: 50 epochs
  Epoch 20/50  loss=2.3528
  Epoch 40/50  loss=2.1679
DKL training done in 0.3s
  → 1ClSSb-2  gap=2.321 eV  best=6.553 eV  top50=0  top10%=0
Cycle   2: GP refit  (11 labelled)
  → 1ISSb-2  gap=1.455 eV  best=6.553 eV  top50=0  top10%=0
Cycle   3: GP refit  (12 labelled)
  → 1AsBrS-2  gap=2.077 eV  best=6.553 eV  top50=0  top10%=0
Cycle   4: GP refit  (13 labelled)
  → 1AsClS-2  gap=2.443 eV  best=6.553 eV  top50=0  top10%=0
Cycle   5: GP refit  (14 labelled)
  → 1BrSbTe-2  gap=1.819 eV  best=6.553 eV  top50=0  top10%=0
Cycle   6: full DKL retrain  (15 labelled)
GP warmup: 20 epochs on initial embeddings
Joint DKL training: 50 epochs
  Epoch 20/50  loss=0.7319
  Epoch 40/50  loss=0.5785
DKL training done in 0.3s
  → 1AgScP2S6-1  gap=3.453 eV  best=6.553 eV  top50=0  top10%=0
Cycle   7: GP refit  (16 labelled)
  → 2CoHS2-1  gap=1.204 eV  best=6.553 eV  top50=0  top10%=0
Cycle   8: GP refit  (17 labelled)
  → 1ScSe2-2  gap=1.490 eV  best=6.553 eV  top50=0  top10%=0
Cycle   9: GP refit  (18 labelled)
  → 4OBi2Se2-1  gap=1.736 eV  best=6.553 eV  top50=0  top10%=0
Cycle  10: GP refit  (19 labelled)
  → 1BiClS-2  gap=2.271 eV  best=6.553 eV  top50=0  top10%=0
Cycle  11: full DKL retrain  (20 labelled)
GP warmup: 20 epochs on initial embeddings
Joint DKL training: 50 epochs
  Epoch 20/50  loss=0.0914
  Epoch 40/50  loss=-0.0203
DKL training done in 0.3s
  → 1AgCrP2Se6-1  gap=1.789 eV  best=6.553 eV  top50=0  top10%=0
Cycle  12: GP refit  (21 labelled)
  → 1AgCrP2Te6-1  gap=1.137 eV  best=6.553 eV  top50=0  top10%=0
Cycle  13: GP refit  (22 labelled)
  → 1AgAlP2Se6-1  gap=2.339 eV  best=6.553 eV  top50=0  top10%=0
Cycle  14: GP refit  (23 labelled)
  → 1AgAlAs2Se6-1  gap=1.577 eV  best=6.553 eV  top50=0  top10%=0
Cycle  15: GP refit  (24 labelled)
  → 1AgAlP2Te6-1  gap=1.065 eV  best=6.553 eV  top50=0  top10%=0
Cycle  16: full DKL retrain  (25 labelled)
GP warmup: 20 epochs on initial embeddings
Joint DKL training: 50 epochs
  Epoch 20/50  loss=0.1029
  Epoch 40/50  loss=-0.0146
DKL training done in 0.3s
  → 1CoLiP2Se6-1  gap=2.004 eV  best=6.553 eV  top50=0  top10%=0
Cycle  17: GP refit  (26 labelled)
  → 1PdZnP2Se6-1  gap=0.796 eV  best=6.553 eV  top50=0  top10%=0
Cycle  18: GP refit  (27 labelled)
  → 1CoNaP2Se6-1  gap=1.717 eV  best=6.553 eV  top50=0  top10%=0
Cycle  19: GP refit  (28 labelled)
  → 1PdSe2-2  gap=0.266 eV  best=6.553 eV  top50=0  top10%=0
Cycle  20: GP refit  (29 labelled)
  → 1BiFSe-1  gap=1.981 eV  best=6.553 eV  top50=0  top10%=0
Cycle  21: full DKL retrain  (30 labelled)
GP warmup: 20 epochs on initial embeddings
Joint DKL training: 50 epochs
  Epoch 20/50  loss=0.6661
  Epoch 40/50  loss=0.3539
DKL training done in 0.3s
  → 1AgInP2Se6-1  gap=1.707 eV  best=6.553 eV  top50=0  top10%=0
Cycle  22: GP refit  (31 labelled)
  → 1AgTlP2Se6-1  gap=0.901 eV  best=6.553 eV  top50=0  top10%=0
Cycle  23: GP refit  (32 labelled)
  → 1AgGaP2Se6-1  gap=1.694 eV  best=6.553 eV  top50=0  top10%=0
Cycle  24: GP refit  (33 labelled)
  → 1AsClTe-1  gap=2.147 eV  best=6.553 eV  top50=0  top10%=0
Cycle  25: GP refit  (34 labelled)
  → 1ONb3I7-1  gap=0.952 eV  best=6.553 eV  top50=0  top10%=0
Cycle  26: full DKL retrain  (35 labelled)
GP warmup: 20 epochs on initial embeddings
Joint DKL training: 50 epochs
  Epoch 20/50  loss=0.3120
  Epoch 40/50  loss=0.0905
DKL training done in 0.3s
  → 1AgScP2Se6-1  gap=2.775 eV  best=6.553 eV  top50=0  top10%=0
Cycle  27: GP refit  (36 labelled)
  → 1CSiH2-1  gap=4.871 eV  best=6.553 eV  top50=0  top10%=0
Cycle  28: GP refit  (37 labelled)
  → 2ClRhSe-1  gap=2.271 eV  best=6.553 eV  top50=0  top10%=0
Cycle  29: GP refit  (38 labelled)
  → 1BiClSe-2  gap=1.992 eV  best=6.553 eV  top50=0  top10%=0
Cycle  30: GP refit  (39 labelled)
  → 2NbOI2-1  gap=1.845 eV  best=6.553 eV  top50=0  top10%=0
Cycle  31: full DKL retrain  (40 labelled)
GP warmup: 20 epochs on initial embeddings
Joint DKL training: 50 epochs
  Epoch 20/50  loss=0.4185
  Epoch 40/50  loss=0.2661
DKL training done in 0.3s
  → 1GaInS2-1  gap=2.570 eV  best=6.553 eV  top50=0  top10%=0
Cycle  32: GP refit  (41 labelled)
  → 1OBi2S2-1  gap=1.179 eV  best=6.553 eV  top50=0  top10%=0
Cycle  33: GP refit  (42 labelled)
  → 1AsBrTe-1  gap=1.839 eV  best=6.553 eV  top50=0  top10%=0
Cycle  34: GP refit  (43 labelled)
  → 1AsIS-1  gap=1.950 eV  best=6.553 eV  top50=0  top10%=0
Cycle  35: GP refit  (44 labelled)
  → 2AuS-1  gap=2.010 eV  best=6.553 eV  top50=0  top10%=0
Cycle  36: full DKL retrain  (45 labelled)
GP warmup: 20 epochs on initial embeddings
Joint DKL training: 50 epochs
  Epoch 20/50  loss=0.1072
  Epoch 40/50  loss=-0.1304
DKL training done in 0.3s
  → 4NaSbS2-2  gap=2.102 eV  best=6.553 eV  top50=0  top10%=0
Cycle  37: GP refit  (46 labelled)
  → 1STeIn2-1  gap=1.141 eV  best=6.553 eV  top50=0  top10%=0
Cycle  38: GP refit  (47 labelled)
  → 1NiSSeZr-1  gap=1.881 eV  best=6.553 eV  top50=0  top10%=0
Cycle  39: GP refit  (48 labelled)
  → 2FeS2-1  gap=1.331 eV  best=6.553 eV  top50=0  top10%=0
Cycle  40: GP refit  (49 labelled)
  → 1YI2-1  gap=0.544 eV  best=6.553 eV  top50=0  top10%=0
Cycle  41: full DKL retrain  (50 labelled)
GP warmup: 20 epochs on initial embeddings
Joint DKL training: 50 epochs
  Epoch 20/50  loss=-0.1456
  Epoch 40/50  loss=-0.2947
DKL training done in 0.3s
  → 1N2O2Y3-1  gap=1.648 eV  best=6.553 eV  top50=0  top10%=0
Cycle  42: GP refit  (51 labelled)
  → 3RuSCl2-1  gap=1.131 eV  best=6.553 eV  top50=0  top10%=0
Cycle  43: GP refit  (52 labelled)
  → 1OVI2-1  gap=1.849 eV  best=6.553 eV  top50=0  top10%=0
Cycle  44: GP refit  (53 labelled)
  → 1MgI2-3  gap=3.448 eV  best=6.553 eV  top50=0  top10%=0
Cycle  45: GP refit  (54 labelled)
  → 2InS2-3  gap=1.242 eV  best=6.553 eV  top50=0  top10%=0
Cycle  46: full DKL retrain  (55 labelled)
GP warmup: 20 epochs on initial embeddings
Joint DKL training: 50 epochs
  Epoch 20/50  loss=-0.1763
  Epoch 40/50  loss=-0.3204
DKL training done in 0.3s
  → 4OBi2S2-1  gap=2.212 eV  best=6.553 eV  top50=0  top10%=0
Cycle  47: GP refit  (56 labelled)
  → 4OSb2Se2-1  gap=2.083 eV  best=6.553 eV  top50=0  top10%=0
Cycle  48: GP refit  (57 labelled)
  → 1PbI2-2  gap=2.404 eV  best=6.553 eV  top50=0  top10%=0
Cycle  49: GP refit  (58 labelled)
  → 2OsO2-1  gap=1.005 eV  best=6.553 eV  top50=0  top10%=0
Cycle  50: GP refit  (59 labelled)
  → 2ZrI2-1  gap=0.889 eV  best=6.553 eV  top50=0  top10%=0
Cycle  51: full DKL retrain  (60 labelled)
GP warmup: 20 epochs on initial embeddings
Joint DKL training: 50 epochs
  Epoch 20/50  loss=-0.3429
  Epoch 40/50  loss=-0.5378
DKL training done in 0.3s
  → 1N2O2Hf3-1  gap=0.508 eV  best=6.553 eV  top50=0  top10%=0
Cycle  52: GP refit  (61 labelled)
  → 1N2O2Zr3-1  gap=0.616 eV  best=6.553 eV  top50=0  top10%=0
Cycle  53: GP refit  (62 labelled)
  → 1SI2Pb2-1  gap=1.567 eV  best=6.553 eV  top50=0  top10%=0
Cycle  54: GP refit  (63 labelled)
  → 1BrIV-1  gap=3.500 eV  best=6.553 eV  top50=0  top10%=0
Cycle  55: GP refit  (64 labelled)
  → 2ClMnSbS2-2  gap=1.242 eV  best=6.553 eV  top50=0  top10%=0
Cycle  56: full DKL retrain  (65 labelled)
GP warmup: 20 epochs on initial embeddings
Joint DKL training: 50 epochs
  Epoch 20/50  loss=0.1019
  Epoch 40/50  loss=-0.0591
DKL training done in 0.3s
  → 1C2O2Hf3-1  gap=0.917 eV  best=6.553 eV  top50=0  top10%=0
Cycle  57: GP refit  (66 labelled)
  → 1C2O2Zr3-1  gap=0.961 eV  best=6.553 eV  top50=0  top10%=0
Cycle  58: GP refit  (67 labelled)
  → 1ZrO2-3  gap=3.561 eV  best=6.553 eV  top50=0  top10%=0
Cycle  59: GP refit  (68 labelled)
  → 2CoBi2I2O3-1  gap=2.811 eV  best=6.553 eV  top50=0  top10%=0
Cycle  60: GP refit  (69 labelled)
  → 2SNi2Se3-1  gap=0.440 eV  best=6.553 eV  top50=0  top10%=0
Cycle  61: full DKL retrain  (70 labelled)
GP warmup: 20 epochs on initial embeddings
Joint DKL training: 50 epochs
  Epoch 20/50  loss=0.1481
  Epoch 40/50  loss=-0.0105
DKL training done in 0.3s
  → 1ZrCl2-1  gap=1.500 eV  best=6.553 eV  top50=0  top10%=0
Cycle  62: GP refit  (71 labelled)
  → 2RuO2-1  gap=0.693 eV  best=6.553 eV  top50=0  top10%=0
Cycle  63: GP refit  (72 labelled)
  → 1BiIS-1  gap=1.474 eV  best=6.553 eV  top50=0  top10%=0
Cycle  64: GP refit  (73 labelled)
  → 1ClCrTe-1  gap=1.108 eV  best=6.553 eV  top50=0  top10%=0
Cycle  65: GP refit  (74 labelled)
  → 2BrCu-3  gap=3.475 eV  best=6.553 eV  top50=0  top10%=0
Cycle  66: full DKL retrain  (75 labelled)
GP warmup: 20 epochs on initial embeddings
Joint DKL training: 50 epochs
  Epoch 20/50  loss=0.1651
  Epoch 40/50  loss=-0.0323
DKL training done in 0.3s
  → 1ZrBr2-1  gap=1.276 eV  best=6.553 eV  top50=0  top10%=0
Cycle  67: GP refit  (76 labelled)
  → 1HgI2-4  gap=1.370 eV  best=6.553 eV  top50=0  top10%=0
Cycle  68: GP refit  (77 labelled)
  → 2PdTeO3-2  gap=2.509 eV  best=6.553 eV  top50=0  top10%=0
Cycle  69: GP refit  (78 labelled)
  → 1ClSbTe-1  gap=1.866 eV  best=6.553 eV  top50=0  top10%=0
Cycle  70: GP refit  (79 labelled)
  → 4AsPtS-1  gap=2.061 eV  best=6.553 eV  top50=0  top10%=0
Cycle  71: full DKL retrain  (80 labelled)
GP warmup: 20 epochs on initial embeddings
Joint DKL training: 50 epochs
  Epoch 20/50  loss=-0.3407
  Epoch 40/50  loss=-0.5342
DKL training done in 0.3s
  → 1AgCrP2S6-1  gap=2.012 eV  best=6.553 eV  top50=0  top10%=0
Cycle  72: GP refit  (81 labelled)
  → 2AgCrP2S6-1  gap=2.715 eV  best=6.553 eV  top50=0  top10%=0
Cycle  73: GP refit  (82 labelled)
  → 1AgGaP2S6-1  gap=2.285 eV  best=6.553 eV  top50=0  top10%=0
Cycle  74: GP refit  (83 labelled)
  → 1CoLiAs2Se6-1  gap=1.175 eV  best=6.553 eV  top50=0  top10%=0
Cycle  75: GP refit  (84 labelled)
  → 1CoNaP2S6-1  gap=1.851 eV  best=6.553 eV  top50=0  top10%=0
Cycle  76: full DKL retrain  (85 labelled)
GP warmup: 20 epochs on initial embeddings
Joint DKL training: 50 epochs
  Epoch 20/50  loss=-0.4818
  Epoch 40/50  loss=-0.7085
DKL training done in 0.3s
  → 1CoLiP2S6-1  gap=2.395 eV  best=6.553 eV  top50=0  top10%=0
Cycle  77: GP refit  (86 labelled)
  → 1AgInP2S6-1  gap=2.365 eV  best=6.553 eV  top50=0  top10%=0
Cycle  78: GP refit  (87 labelled)
  → 1AgCrAs2Se6-1  gap=1.270 eV  best=6.553 eV  top50=0  top10%=0
Cycle  79: GP refit  (88 labelled)
  → 1HfCl2-1  gap=1.471 eV  best=6.553 eV  top50=0  top10%=0
Cycle  80: GP refit  (89 labelled)
  → 1PbSe2-1  gap=1.847 eV  best=6.553 eV  top50=0  top10%=0
Cycle  81: full DKL retrain  (90 labelled)
GP warmup: 20 epochs on initial embeddings
Joint DKL training: 50 epochs
  Epoch 20/50  loss=-0.7815
  Epoch 40/50  loss=-0.9065
DKL training done in 0.3s
  → 1CoNaAs2Se6-1  gap=1.295 eV  best=6.553 eV  top50=0  top10%=0
Cycle  82: GP refit  (91 labelled)
  → 4NaSbO2-1  gap=4.747 eV  best=6.553 eV  top50=0  top10%=0
Cycle  83: GP refit  (92 labelled)
  → 1HfBr2-1  gap=1.226 eV  best=6.553 eV  top50=0  top10%=0
Cycle  84: GP refit  (93 labelled)
  → 1FeI2-3  gap=0.020 eV  best=6.553 eV  top50=0  top10%=0
Cycle  85: GP refit  (94 labelled)
  → 2HfBr2-1  gap=1.334 eV  best=6.553 eV  top50=0  top10%=0
Cycle  86: full DKL retrain  (95 labelled)
GP warmup: 20 epochs on initial embeddings
Joint DKL training: 50 epochs
  Epoch 20/50  loss=-0.1346
  Epoch 40/50  loss=-0.3410
DKL training done in 0.3s
  → 1ScI2-2  gap=0.573 eV  best=6.553 eV  top50=0  top10%=0
Cycle  87: GP refit  (96 labelled)
  → 2AsTlO3-1  gap=4.438 eV  best=6.553 eV  top50=0  top10%=0
Cycle  88: GP refit  (97 labelled)
  → 1C2F2S2Zr3-1  gap=0.025 eV  best=6.553 eV  top50=0  top10%=0
Cycle  89: GP refit  (98 labelled)
  → 4SSn-1  gap=2.426 eV  best=6.553 eV  top50=0  top10%=0
Cycle  90: GP refit  (99 labelled)
  → 1InMnBr2Se2-1  gap=0.790 eV  best=6.553 eV  top50=0  top10%=0
Cycle  91: full DKL retrain  (100 labelled)
GP warmup: 20 epochs on initial embeddings
Joint DKL training: 50 epochs
  Epoch 20/50  loss=0.1570
  Epoch 40/50  loss=-0.0005
DKL training done in 0.3s
  → 2ZrBr2-1  gap=1.140 eV  best=6.553 eV  top50=0  top10%=0
Cycle  92: GP refit  (101 labelled)
  → 1BiClSe-1  gap=1.509 eV  best=6.553 eV  top50=0  top10%=0
Cycle  93: GP refit  (102 labelled)
  → 1BrITi-1  gap=1.037 eV  best=6.553 eV  top50=0  top10%=0
Cycle  94: GP refit  (103 labelled)
  → 1AlISe-1  gap=2.186 eV  best=6.553 eV  top50=0  top10%=0
Cycle  95: GP refit  (104 labelled)
  → 1BiClTe-2  gap=1.151 eV  best=6.553 eV  top50=0  top10%=0
Cycle  96: full DKL retrain  (105 labelled)
GP warmup: 20 epochs on initial embeddings
Joint DKL training: 50 epochs
  Epoch 20/50  loss=-0.2554
  Epoch 40/50  loss=-0.4289
DKL training done in 0.4s
  → 1Br2Se2Pb3-1  gap=1.452 eV  best=6.553 eV  top50=0  top10%=0
Cycle  97: GP refit  (106 labelled)
  → 2ZrCl2-1  gap=1.161 eV  best=6.553 eV  top50=0  top10%=0
Cycle  98: GP refit  (107 labelled)
  → 1BiClS-1  gap=1.745 eV  best=6.553 eV  top50=0  top10%=0
Cycle  99: GP refit  (108 labelled)
  → 1ClSbSe-1  gap=1.804 eV  best=6.553 eV  top50=0  top10%=0
Cycle 100: GP refit  (109 labelled)
  → 1ClSbTe-2  gap=1.891 eV  best=6.553 eV  top50=0  top10%=0
  visible_0p7_3p0/dkl_finetune/seed19 → in-window found=83
BOLoop: 766 materials  |  direction=max  |  top-50 internal threshold=5.35  top-10% internal threshold=4.94
Init: 10 random labels  |  best (max) = 3.731
Cycle   1: full DKL retrain  (10 labelled)
GP warmup: 20 epochs on initial embeddings
/home/roy/software/anaconda3/lib/python3.13/site-packages/torch/_compile.py:32: UserWarning: optimizer contains a parameter group with duplicate parameters; in future, this will cause an error; see github.com/pytorch/pytorch/issues/40967 for more information
  return disable_fn(*args, **kwargs)
Joint DKL training: 50 epochs
  Epoch 20/50  loss=1.2640
  Epoch 40/50  loss=1.1576
DKL training done in 0.4s
  → 1AlGaSe2-1  gap=2.765 eV  best=3.731 eV  top50=0  top10%=0
Cycle   2: GP refit  (11 labelled)
  → 1CdGeSSeBr2-1  gap=1.544 eV  best=3.731 eV  top50=0  top10%=0
Cycle   3: GP refit  (12 labelled)
  → 1AsITe-2  gap=0.872 eV  best=3.731 eV  top50=0  top10%=0
Cycle   4: GP refit  (13 labelled)
  → 2BrIrTe-2  gap=1.869 eV  best=3.731 eV  top50=0  top10%=0
Cycle   5: GP refit  (14 labelled)
  → 1AsITe-1  gap=1.502 eV  best=3.731 eV  top50=0  top10%=0
Cycle   6: full DKL retrain  (15 labelled)
GP warmup: 20 epochs on initial embeddings
Joint DKL training: 50 epochs
  Epoch 20/50  loss=0.2669
  Epoch 40/50  loss=0.1538
DKL training done in 0.3s
  → 1AgInP2S6-1  gap=2.365 eV  best=3.731 eV  top50=0  top10%=0
Cycle   7: GP refit  (16 labelled)
  → 2ClScBr2-1  gap=4.935 eV  best=4.935 eV  top50=0  top10%=0
Cycle   8: GP refit  (17 labelled)
  → 1GaInS2-1  gap=2.570 eV  best=4.935 eV  top50=0  top10%=0
Cycle   9: GP refit  (18 labelled)
  → 1BrCuGeTe-1  gap=1.540 eV  best=4.935 eV  top50=0  top10%=0
Cycle  10: GP refit  (19 labelled)
  → 1GeBr2-2  gap=3.333 eV  best=4.935 eV  top50=0  top10%=0
Cycle  11: full DKL retrain  (20 labelled)
GP warmup: 20 epochs on initial embeddings
Joint DKL training: 50 epochs
  Epoch 20/50  loss=0.7732
  Epoch 40/50  loss=0.0956
DKL training done in 0.3s
  → 3RuSCl2-1  gap=1.131 eV  best=4.935 eV  top50=0  top10%=0
Cycle  12: GP refit  (21 labelled)
  → 2InS2-3  gap=1.242 eV  best=4.935 eV  top50=0  top10%=0
Cycle  13: GP refit  (22 labelled)
  → 2InPS3-1  gap=1.395 eV  best=4.935 eV  top50=0  top10%=0
Cycle  14: GP refit  (23 labelled)
  → 1BiClS-1  gap=1.745 eV  best=4.935 eV  top50=0  top10%=0
Cycle  15: GP refit  (24 labelled)
  → 1AsIS-1  gap=1.950 eV  best=4.935 eV  top50=0  top10%=0
Cycle  16: full DKL retrain  (25 labelled)
GP warmup: 20 epochs on initial embeddings
Joint DKL training: 50 epochs
  Epoch 20/50  loss=0.5275
  Epoch 40/50  loss=0.2110
DKL training done in 0.3s
  → 2TiCl2-1  gap=0.997 eV  best=4.935 eV  top50=0  top10%=0
Cycle  17: GP refit  (26 labelled)
  → 4PPdS-1  gap=2.090 eV  best=4.935 eV  top50=0  top10%=0
Cycle  18: GP refit  (27 labelled)
  → 2CuI-2  gap=3.552 eV  best=4.935 eV  top50=0  top10%=0
Cycle  19: GP refit  (28 labelled)
  → 2CuS-2  gap=1.311 eV  best=4.935 eV  top50=0  top10%=0
Cycle  20: GP refit  (29 labelled)
  → 2KNORuCl5-1  gap=1.558 eV  best=4.935 eV  top50=0  top10%=0
Cycle  21: full DKL retrain  (30 labelled)
GP warmup: 20 epochs on initial embeddings
Joint DKL training: 50 epochs
  Epoch 20/50  loss=0.5907
  Epoch 40/50  loss=0.4505
DKL training done in 0.3s
  → 2IRhTe-2  gap=1.432 eV  best=4.935 eV  top50=0  top10%=0
Cycle  22: GP refit  (31 labelled)
  → 1BiFS-1  gap=2.255 eV  best=4.935 eV  top50=0  top10%=0
Cycle  23: GP refit  (32 labelled)
  → 1MoCu2S4-1  gap=2.617 eV  best=4.935 eV  top50=0  top10%=0
Cycle  24: GP refit  (33 labelled)
  → 2AgF-3  gap=2.475 eV  best=4.935 eV  top50=0  top10%=0
Cycle  25: GP refit  (34 labelled)
  → 1BiBrS-2  gap=1.980 eV  best=4.935 eV  top50=0  top10%=0
Cycle  26: full DKL retrain  (35 labelled)
GP warmup: 20 epochs on initial embeddings
Joint DKL training: 50 epochs
  Epoch 20/50  loss=0.1877
  Epoch 40/50  loss=0.1003
DKL training done in 0.3s
  → 1AgCrP2Se6-1  gap=1.789 eV  best=4.935 eV  top50=0  top10%=0
Cycle  27: GP refit  (36 labelled)
  → 1AgAlP2Se6-1  gap=2.339 eV  best=4.935 eV  top50=0  top10%=0
Cycle  28: GP refit  (37 labelled)
  → 1AgInP2Se6-1  gap=1.707 eV  best=4.935 eV  top50=0  top10%=0
Cycle  29: GP refit  (38 labelled)
  → 1AgTlP2Se6-1  gap=0.901 eV  best=4.935 eV  top50=0  top10%=0
Cycle  30: GP refit  (39 labelled)
  → 1PbCl2-2  gap=3.856 eV  best=4.935 eV  top50=0  top10%=0
Cycle  31: full DKL retrain  (40 labelled)
GP warmup: 20 epochs on initial embeddings
Joint DKL training: 50 epochs
  Epoch 20/50  loss=0.2728
  Epoch 40/50  loss=0.1711
DKL training done in 0.3s
  → 1NiSSeZr-1  gap=1.881 eV  best=4.935 eV  top50=0  top10%=0
Cycle  32: GP refit  (41 labelled)
  → 2FeS2-1  gap=1.331 eV  best=4.935 eV  top50=0  top10%=0
Cycle  33: GP refit  (42 labelled)
  → 1ISSb-2  gap=1.455 eV  best=4.935 eV  top50=0  top10%=0
Cycle  34: GP refit  (43 labelled)
  → 1ISbSe-1  gap=1.529 eV  best=4.935 eV  top50=0  top10%=0
Cycle  35: GP refit  (44 labelled)
  → 1BrClTi-1  gap=1.297 eV  best=4.935 eV  top50=0  top10%=0
Cycle  36: full DKL retrain  (45 labelled)
GP warmup: 20 epochs on initial embeddings
Joint DKL training: 50 epochs
  Epoch 20/50  loss=0.1454
  Epoch 40/50  loss=0.0401
DKL training done in 0.3s
  → 1PdZnP2Se6-1  gap=0.796 eV  best=4.935 eV  top50=0  top10%=0
Cycle  37: GP refit  (46 labelled)
  → 2IIrSe-2  gap=1.857 eV  best=4.935 eV  top50=0  top10%=0
Cycle  38: GP refit  (47 labelled)
  → 1ZnCl2-3  gap=4.718 eV  best=4.935 eV  top50=0  top10%=0
Cycle  39: GP refit  (48 labelled)
  → 4PPdSe-1  gap=1.963 eV  best=4.935 eV  top50=0  top10%=0
Cycle  40: GP refit  (49 labelled)
  → 1AsISe-1  gap=1.685 eV  best=4.935 eV  top50=0  top10%=0
Cycle  41: full DKL retrain  (50 labelled)
GP warmup: 20 epochs on initial embeddings
Joint DKL training: 50 epochs
  Epoch 20/50  loss=0.4282
  Epoch 40/50  loss=0.2459
DKL training done in 0.3s
  → 1CoNaP2Se6-1  gap=1.717 eV  best=4.935 eV  top50=0  top10%=0
Cycle  42: GP refit  (51 labelled)
  → 2CoHS2-1  gap=1.204 eV  best=4.935 eV  top50=0  top10%=0
Cycle  43: GP refit  (52 labelled)
  → 1BrSbSe-2  gap=2.037 eV  best=4.935 eV  top50=0  top10%=0
Cycle  44: GP refit  (53 labelled)
  → 1SnBr2S2-1  gap=1.490 eV  best=4.935 eV  top50=0  top10%=0
Cycle  45: GP refit  (54 labelled)
  → 1BiBrSe-1  gap=1.363 eV  best=4.935 eV  top50=0  top10%=0
Cycle  46: full DKL retrain  (55 labelled)
GP warmup: 20 epochs on initial embeddings
Joint DKL training: 50 epochs
  Epoch 20/50  loss=0.1806
  Epoch 40/50  loss=0.0033
DKL training done in 0.3s
  → 1CoLiP2Se6-1  gap=2.004 eV  best=4.935 eV  top50=0  top10%=0
Cycle  47: GP refit  (56 labelled)
  → 1AgGaP2Se6-1  gap=1.694 eV  best=4.935 eV  top50=0  top10%=0
Cycle  48: GP refit  (57 labelled)
  → 1AgScP2Se6-1  gap=2.775 eV  best=4.935 eV  top50=0  top10%=0
Cycle  49: GP refit  (58 labelled)
  → 4LiSbS2-1  gap=2.746 eV  best=4.935 eV  top50=0  top10%=0
Cycle  50: GP refit  (59 labelled)
  → 1Se3Ni4S5-1  gap=0.610 eV  best=4.935 eV  top50=0  top10%=0
Cycle  51: full DKL retrain  (60 labelled)
GP warmup: 20 epochs on initial embeddings
Joint DKL training: 50 epochs
  Epoch 20/50  loss=0.2548
  Epoch 40/50  loss=0.0544
DKL training done in 0.3s
  → 1GaInTe2-1  gap=1.532 eV  best=4.935 eV  top50=0  top10%=0
Cycle  52: GP refit  (61 labelled)
  → 1CdClHS-1  gap=3.853 eV  best=4.935 eV  top50=0  top10%=0
Cycle  53: GP refit  (62 labelled)
  → 1CaI2-2  gap=4.063 eV  best=4.935 eV  top50=0  top10%=0
Cycle  54: GP refit  (63 labelled)
  → 2IRhSe-1  gap=1.725 eV  best=4.935 eV  top50=0  top10%=0
Cycle  55: GP refit  (64 labelled)
  → 1BrCoTe-1  gap=1.810 eV  best=4.935 eV  top50=0  top10%=0
Cycle  56: full DKL retrain  (65 labelled)
GP warmup: 20 epochs on initial embeddings
Joint DKL training: 50 epochs
  Epoch 20/50  loss=0.4112
  Epoch 40/50  loss=0.2402
DKL training done in 0.3s
  → 1AgAlP2Te6-1  gap=1.065 eV  best=4.935 eV  top50=0  top10%=0
Cycle  57: GP refit  (66 labelled)
  → 4OBi2Se2-1  gap=1.736 eV  best=4.935 eV  top50=0  top10%=0
Cycle  58: GP refit  (67 labelled)
  → 1MoSe2-1  gap=1.804 eV  best=4.935 eV  top50=0  top10%=0
Cycle  59: GP refit  (68 labelled)
  → 1PbS2-1  gap=2.299 eV  best=4.935 eV  top50=0  top10%=0
Cycle  60: GP refit  (69 labelled)
  → 1SrCl2-2  gap=6.202 eV  best=6.202 eV  top50=1  top10%=1
Cycle  61: full DKL retrain  (70 labelled)
GP warmup: 20 epochs on initial embeddings
Joint DKL training: 50 epochs
  Epoch 20/50  loss=0.7501
  Epoch 40/50  loss=0.1051
DKL training done in 0.3s
  → 4NaSbS2-2  gap=2.102 eV  best=6.202 eV  top50=1  top10%=1
Cycle  62: GP refit  (71 labelled)
  → 2AgIBr2-1  gap=2.063 eV  best=6.202 eV  top50=1  top10%=1
Cycle  63: GP refit  (72 labelled)
  → 1OBi2S2-1  gap=1.179 eV  best=6.202 eV  top50=1  top10%=1
Cycle  64: GP refit  (73 labelled)
  → 1TiBr2-1  gap=1.166 eV  best=6.202 eV  top50=1  top10%=1
Cycle  65: GP refit  (74 labelled)
  → 1BiFSe-1  gap=1.981 eV  best=6.202 eV  top50=1  top10%=1
Cycle  66: full DKL retrain  (75 labelled)
GP warmup: 20 epochs on initial embeddings
Joint DKL training: 50 epochs
  Epoch 20/50  loss=0.0626
  Epoch 40/50  loss=-0.0606
DKL training done in 0.3s
  → 4OBi2S2-1  gap=2.212 eV  best=6.202 eV  top50=1  top10%=1
Cycle  67: GP refit  (76 labelled)
  → 4OSb2Se2-1  gap=2.083 eV  best=6.202 eV  top50=1  top10%=1
Cycle  68: GP refit  (77 labelled)
  → 1PbSe2-1  gap=1.847 eV  best=6.202 eV  top50=1  top10%=1
Cycle  69: GP refit  (78 labelled)
  → 1TiO2-3  gap=3.447 eV  best=6.202 eV  top50=1  top10%=1
Cycle  70: GP refit  (79 labelled)
  → 1SnCl2-2  gap=3.537 eV  best=6.202 eV  top50=1  top10%=1
Cycle  71: full DKL retrain  (80 labelled)
GP warmup: 20 epochs on initial embeddings
Joint DKL training: 50 epochs
  Epoch 20/50  loss=0.1565
  Epoch 40/50  loss=-0.0476
DKL training done in 0.3s
  → 1CrSe2-1  gap=1.128 eV  best=6.202 eV  top50=1  top10%=1
Cycle  72: GP refit  (81 labelled)
  → 2MoWS4-1  gap=2.062 eV  best=6.202 eV  top50=1  top10%=1
Cycle  73: GP refit  (82 labelled)
  → 2CrWS4-1  gap=1.442 eV  best=6.202 eV  top50=1  top10%=1
Cycle  74: GP refit  (83 labelled)
  → 1AsClS-2  gap=2.443 eV  best=6.202 eV  top50=1  top10%=1
Cycle  75: GP refit  (84 labelled)
  → 1IRhSe-1  gap=1.425 eV  best=6.202 eV  top50=1  top10%=1
Cycle  76: full DKL retrain  (85 labelled)
GP warmup: 20 epochs on initial embeddings
Joint DKL training: 50 epochs
  Epoch 20/50  loss=-0.1457
  Epoch 40/50  loss=-0.3031
DKL training done in 0.3s
  → 1HfS2-2  gap=2.038 eV  best=6.202 eV  top50=1  top10%=1
Cycle  77: GP refit  (86 labelled)
  → 1SnI2-2  gap=2.504 eV  best=6.202 eV  top50=1  top10%=1
Cycle  78: GP refit  (87 labelled)
  → 2MoSe2-1  gap=0.108 eV  best=6.202 eV  top50=1  top10%=1
Cycle  79: GP refit  (88 labelled)
  → 2TlCl2-1  gap=2.820 eV  best=6.202 eV  top50=1  top10%=1
Cycle  80: GP refit  (89 labelled)
  → 2ClIrTe-2  gap=2.050 eV  best=6.202 eV  top50=1  top10%=1
Cycle  81: full DKL retrain  (90 labelled)
GP warmup: 20 epochs on initial embeddings
Joint DKL training: 50 epochs
  Epoch 20/50  loss=0.1088
  Epoch 40/50  loss=0.0203
DKL training done in 0.3s
  → 1ZrS2-2  gap=2.023 eV  best=6.202 eV  top50=1  top10%=1
Cycle  82: GP refit  (91 labelled)
  → 4AuI2-1  gap=0.880 eV  best=6.202 eV  top50=1  top10%=1
Cycle  83: GP refit  (92 labelled)
  → 2TeZr-4  gap=0.652 eV  best=6.202 eV  top50=1  top10%=1
Cycle  84: GP refit  (93 labelled)
  → 1AsClSe-2  gap=2.371 eV  best=6.202 eV  top50=1  top10%=1
Cycle  85: GP refit  (94 labelled)
  → 2HTeNa3S4-1  gap=3.502 eV  best=6.202 eV  top50=1  top10%=1
Cycle  86: full DKL retrain  (95 labelled)
GP warmup: 20 epochs on initial embeddings
Joint DKL training: 50 epochs
  Epoch 20/50  loss=0.1425
  Epoch 40/50  loss=0.0017
DKL training done in 0.4s
  → 1RuCl2-3  gap=0.908 eV  best=6.202 eV  top50=1  top10%=1
Cycle  87: GP refit  (96 labelled)
  → 1BiClS-2  gap=2.271 eV  best=6.202 eV  top50=1  top10%=1
Cycle  88: GP refit  (97 labelled)
  → 1ClSbSe-1  gap=1.804 eV  best=6.202 eV  top50=1  top10%=1
Cycle  89: GP refit  (98 labelled)
  → 1ClSbSe-2  gap=2.290 eV  best=6.202 eV  top50=1  top10%=1
Cycle  90: GP refit  (99 labelled)
  → 1OSTi-1  gap=1.777 eV  best=6.202 eV  top50=1  top10%=1
Cycle  91: full DKL retrain  (100 labelled)
GP warmup: 20 epochs on initial embeddings
Joint DKL training: 50 epochs
  Epoch 20/50  loss=-0.1378
  Epoch 40/50  loss=-0.2483
DKL training done in 0.4s
  → 2AgCrP2S6-1  gap=2.715 eV  best=6.202 eV  top50=1  top10%=1
Cycle  92: GP refit  (101 labelled)
  → 1AgAlAs2Se6-1  gap=1.577 eV  best=6.202 eV  top50=1  top10%=1
Cycle  93: GP refit  (102 labelled)
  → 1AgGaP2S6-1  gap=2.285 eV  best=6.202 eV  top50=1  top10%=1
Cycle  94: GP refit  (103 labelled)
  → 1AgCrAs2Se6-1  gap=1.270 eV  best=6.202 eV  top50=1  top10%=1
Cycle  95: GP refit  (104 labelled)
  → 1AuClCuI-1  gap=3.695 eV  best=6.202 eV  top50=1  top10%=1
Cycle  96: full DKL retrain  (105 labelled)
GP warmup: 20 epochs on initial embeddings
Joint DKL training: 50 epochs
  Epoch 20/50  loss=-0.0985
  Epoch 40/50  loss=-0.2277
DKL training done in 0.3s
  → 1ScSe2-2  gap=1.490 eV  best=6.202 eV  top50=1  top10%=1
Cycle  97: GP refit  (106 labelled)
  → 1CrS2-1  gap=1.351 eV  best=6.202 eV  top50=1  top10%=1
Cycle  98: GP refit  (107 labelled)
  → 1BiClSe-2  gap=1.992 eV  best=6.202 eV  top50=1  top10%=1
Cycle  99: GP refit  (108 labelled)
  → 2IRhS-2  gap=1.665 eV  best=6.202 eV  top50=1  top10%=1
Cycle 100: GP refit  (109 labelled)
  → 1BrSeY-1  gap=4.122 eV  best=6.202 eV  top50=1  top10%=1
  visible_0p7_3p0/dkl_finetune/seed20 → in-window found=84
BOLoop: 766 materials  |  direction=max  |  top-50 internal threshold=5.35  top-10% internal threshold=4.94
Init: 10 random labels  |  best (max) = 5.324
Cycle   1: full DKL retrain  (10 labelled)
GP warmup: 20 epochs on initial embeddings
/home/roy/software/anaconda3/lib/python3.13/site-packages/torch/_compile.py:32: UserWarning: optimizer contains a parameter group with duplicate parameters; in future, this will cause an error; see github.com/pytorch/pytorch/issues/40967 for more information
  return disable_fn(*args, **kwargs)
Joint DKL training: 50 epochs
  Epoch 20/50  loss=1.7341
  Epoch 40/50  loss=1.6199
DKL training done in 0.3s
  → 1OBi2S2-1  gap=1.179 eV  best=5.324 eV  top50=0  top10%=0
Cycle   2: GP refit  (11 labelled)
  → 2ClIrS-2  gap=2.204 eV  best=5.324 eV  top50=0  top10%=0
Cycle   3: GP refit  (12 labelled)
  → 2ClRhS-1  gap=2.270 eV  best=5.324 eV  top50=0  top10%=0
Cycle   4: GP refit  (13 labelled)
  → 1ClIrS-1  gap=2.505 eV  best=5.324 eV  top50=0  top10%=0
Cycle   5: GP refit  (14 labelled)
  → 2BrIrS-2  gap=2.065 eV  best=5.324 eV  top50=0  top10%=0
Cycle   6: full DKL retrain  (15 labelled)
GP warmup: 20 epochs on initial embeddings
Joint DKL training: 50 epochs
  Epoch 20/50  loss=0.8357
  Epoch 40/50  loss=0.6410
DKL training done in 0.3s
  → 1AgCrP2Te6-1  gap=1.137 eV  best=5.324 eV  top50=0  top10%=0
Cycle   7: GP refit  (16 labelled)
  → 4NaSbS2-2  gap=2.102 eV  best=5.324 eV  top50=0  top10%=0
Cycle   8: GP refit  (17 labelled)
  → 2IRhS-2  gap=1.665 eV  best=5.324 eV  top50=0  top10%=0
Cycle   9: GP refit  (18 labelled)
  → 2ClRhSe-1  gap=2.271 eV  best=5.324 eV  top50=0  top10%=0
Cycle  10: GP refit  (19 labelled)
  → 1AsBrSe-1  gap=1.839 eV  best=5.324 eV  top50=0  top10%=0
Cycle  11: full DKL retrain  (20 labelled)
GP warmup: 20 epochs on initial embeddings
Joint DKL training: 50 epochs
  Epoch 20/50  loss=0.3624
  Epoch 40/50  loss=0.1371
DKL training done in 0.3s
  → 1AgAlAs2Se6-1  gap=1.577 eV  best=5.324 eV  top50=0  top10%=0
Cycle  12: GP refit  (21 labelled)
  → 1CoNaAs2Se6-1  gap=1.295 eV  best=5.324 eV  top50=0  top10%=0
Cycle  13: GP refit  (22 labelled)
  → 1AgAlP2Te6-1  gap=1.065 eV  best=5.324 eV  top50=0  top10%=0
Cycle  14: GP refit  (23 labelled)
  → 1C2O2Zr3-1  gap=0.961 eV  best=5.324 eV  top50=0  top10%=0
Cycle  15: GP refit  (24 labelled)
  → 1N2O2Hf3-1  gap=0.508 eV  best=5.324 eV  top50=0  top10%=0
Cycle  16: full DKL retrain  (25 labelled)
GP warmup: 20 epochs on initial embeddings
Joint DKL training: 50 epochs
  Epoch 20/50  loss=0.1468
  Epoch 40/50  loss=-0.0404
DKL training done in 0.3s
  → 1OVBr2-1  gap=3.019 eV  best=5.324 eV  top50=0  top10%=0
Cycle  17: GP refit  (26 labelled)
  → 1HSbSe2O6-1  gap=4.431 eV  best=5.324 eV  top50=0  top10%=0
Cycle  18: GP refit  (27 labelled)
  → 2GaSe-1  gap=2.506 eV  best=5.324 eV  top50=0  top10%=0
Cycle  19: GP refit  (28 labelled)
  → 4OBi2S2-1  gap=2.212 eV  best=5.324 eV  top50=0  top10%=0
Cycle  20: GP refit  (29 labelled)
  → 4OBi2Se2-1  gap=1.736 eV  best=5.324 eV  top50=0  top10%=0
Cycle  21: full DKL retrain  (30 labelled)
GP warmup: 20 epochs on initial embeddings
Joint DKL training: 50 epochs
  Epoch 20/50  loss=0.5355
  Epoch 40/50  loss=0.3392
DKL training done in 0.3s
  → 1N2O2Y3-1  gap=1.648 eV  best=5.324 eV  top50=0  top10%=0
Cycle  22: GP refit  (31 labelled)
  → 1GaInS2-1  gap=2.570 eV  best=5.324 eV  top50=0  top10%=0
Cycle  23: GP refit  (32 labelled)
  → 1BrCuGeTe-1  gap=1.540 eV  best=5.324 eV  top50=0  top10%=0
Cycle  24: GP refit  (33 labelled)
  → 1BiIS-2  gap=1.178 eV  best=5.324 eV  top50=0  top10%=0
Cycle  25: GP refit  (34 labelled)
  → 1SSeSn-1  gap=1.476 eV  best=5.324 eV  top50=0  top10%=0
Cycle  26: full DKL retrain  (35 labelled)
GP warmup: 20 epochs on initial embeddings
Joint DKL training: 50 epochs
  Epoch 20/50  loss=0.1183
  Epoch 40/50  loss=-0.0499
DKL training done in 0.3s
  → 1CrHS2-1  gap=2.800 eV  best=5.324 eV  top50=0  top10%=0
Cycle  27: GP refit  (36 labelled)
  → 2NbOI2-1  gap=1.845 eV  best=5.324 eV  top50=0  top10%=0
Cycle  28: GP refit  (37 labelled)
  → 2IrS-3  gap=0.713 eV  best=5.324 eV  top50=0  top10%=0
Cycle  29: GP refit  (38 labelled)
  → 2BrRhTe-1  gap=1.965 eV  best=5.324 eV  top50=0  top10%=0
Cycle  30: GP refit  (39 labelled)
  → 1ZnBr2-3  gap=3.449 eV  best=5.324 eV  top50=0  top10%=0
Cycle  31: full DKL retrain  (40 labelled)
GP warmup: 20 epochs on initial embeddings
Joint DKL training: 50 epochs
  Epoch 20/50  loss=0.3439
  Epoch 40/50  loss=0.2048
DKL training done in 0.4s
  → 1GaInTe2-1  gap=1.532 eV  best=5.324 eV  top50=0  top10%=0
Cycle  32: GP refit  (41 labelled)
  → 1ScSe2-2  gap=1.490 eV  best=5.324 eV  top50=0  top10%=0
Cycle  33: GP refit  (42 labelled)
  → 1CdBr2-3  gap=3.373 eV  best=5.324 eV  top50=0  top10%=0
Cycle  34: GP refit  (43 labelled)
  → 1WAg2S4-1  gap=2.482 eV  best=5.324 eV  top50=0  top10%=0
Cycle  35: GP refit  (44 labelled)
  → 1GeS-1  gap=3.231 eV  best=5.324 eV  top50=0  top10%=0
Cycle  36: full DKL retrain  (45 labelled)
GP warmup: 20 epochs on initial embeddings
Joint DKL training: 50 epochs
  Epoch 20/50  loss=0.3009
  Epoch 40/50  loss=0.0978
DKL training done in 0.4s
  → 1AgScP2S6-1  gap=3.453 eV  best=5.324 eV  top50=0  top10%=0
Cycle  37: GP refit  (46 labelled)
  → 1AgAlP2S6-1  gap=3.132 eV  best=5.324 eV  top50=0  top10%=0
Cycle  38: GP refit  (47 labelled)
  → 1BrIZr-1  gap=1.174 eV  best=5.324 eV  top50=0  top10%=0
Cycle  39: GP refit  (48 labelled)
  → 2ScTe-4  gap=0.718 eV  best=5.324 eV  top50=0  top10%=0
Cycle  40: GP refit  (49 labelled)
  → 1ScS2-2  gap=1.890 eV  best=5.324 eV  top50=0  top10%=0
Cycle  41: full DKL retrain  (50 labelled)
GP warmup: 20 epochs on initial embeddings
Joint DKL training: 50 epochs
  Epoch 20/50  loss=0.4052
  Epoch 40/50  loss=0.2186
DKL training done in 0.3s
  → 1CoNaP2Se6-1  gap=1.717 eV  best=5.324 eV  top50=0  top10%=0
Cycle  42: GP refit  (51 labelled)
  → 4LiPS2-1  gap=2.290 eV  best=5.324 eV  top50=0  top10%=0
Cycle  43: GP refit  (52 labelled)
  → 1NiSSeZr-1  gap=1.881 eV  best=5.324 eV  top50=0  top10%=0
Cycle  44: GP refit  (53 labelled)
  → 1HfCl2-1  gap=1.471 eV  best=5.324 eV  top50=0  top10%=0
Cycle  45: GP refit  (54 labelled)
  → 1PbSe2-1  gap=1.847 eV  best=5.324 eV  top50=0  top10%=0
Cycle  46: full DKL retrain  (55 labelled)
GP warmup: 20 epochs on initial embeddings
Joint DKL training: 50 epochs
  Epoch 20/50  loss=0.1768
  Epoch 40/50  loss=-0.1382
DKL training done in 0.3s
  → 1AgCrP2Se6-1  gap=1.789 eV  best=5.324 eV  top50=0  top10%=0
Cycle  47: GP refit  (56 labelled)
  → 1CoLiP2Se6-1  gap=2.004 eV  best=5.324 eV  top50=0  top10%=0
Cycle  48: GP refit  (57 labelled)
  → 4NaSbO2-1  gap=4.747 eV  best=5.324 eV  top50=0  top10%=0
Cycle  49: GP refit  (58 labelled)
  → 2HfBr2-1  gap=1.334 eV  best=5.324 eV  top50=0  top10%=0
Cycle  50: GP refit  (59 labelled)
  → 1ONb3I7-1  gap=0.952 eV  best=5.324 eV  top50=0  top10%=0
Cycle  51: full DKL retrain  (60 labelled)
GP warmup: 20 epochs on initial embeddings
Joint DKL training: 50 epochs
  Epoch 20/50  loss=0.1765
  Epoch 40/50  loss=0.0058
DKL training done in 0.3s
  → 1AgCrP2S6-1  gap=2.012 eV  best=5.324 eV  top50=0  top10%=0
Cycle  52: GP refit  (61 labelled)
  → 2AgCrP2S6-1  gap=2.715 eV  best=5.324 eV  top50=0  top10%=0
Cycle  53: GP refit  (62 labelled)
  → 1AuClCuI-1  gap=3.695 eV  best=5.324 eV  top50=0  top10%=0
Cycle  54: GP refit  (63 labelled)
  → 2CaHI-1  gap=4.709 eV  best=5.324 eV  top50=0  top10%=0
Cycle  55: GP refit  (64 labelled)
  → 1ISbTe-1  gap=1.322 eV  best=5.324 eV  top50=0  top10%=0
Cycle  56: full DKL retrain  (65 labelled)
GP warmup: 20 epochs on initial embeddings
Joint DKL training: 50 epochs
  Epoch 20/50  loss=0.3783
  Epoch 40/50  loss=0.1893
DKL training done in 0.3s
  → 1SnI2-2  gap=2.504 eV  best=5.324 eV  top50=0  top10%=0
Cycle  57: GP refit  (66 labelled)
  → 1HgI2-4  gap=1.370 eV  best=5.324 eV  top50=0  top10%=0
Cycle  58: GP refit  (67 labelled)
  → 1NiPdS4-1  gap=1.153 eV  best=5.324 eV  top50=0  top10%=0
Cycle  59: GP refit  (68 labelled)
  → 2BrIrSe-2  gap=2.067 eV  best=5.324 eV  top50=0  top10%=0
Cycle  60: GP refit  (69 labelled)
  → 1AsBrS-2  gap=2.077 eV  best=5.324 eV  top50=0  top10%=0
Cycle  61: full DKL retrain  (70 labelled)
GP warmup: 20 epochs on initial embeddings
Joint DKL training: 50 epochs
  Epoch 20/50  loss=0.0778
  Epoch 40/50  loss=-0.0910
DKL training done in 0.3s
  → 1STeIn2-1  gap=1.141 eV  best=5.324 eV  top50=0  top10%=0
Cycle  62: GP refit  (71 labelled)
  → 1YI2-1  gap=0.544 eV  best=5.324 eV  top50=0  top10%=0
Cycle  63: GP refit  (72 labelled)
  → 1HgSe-1  gap=0.423 eV  best=5.324 eV  top50=0  top10%=0
Cycle  64: GP refit  (73 labelled)
  → 4PPdS-1  gap=2.090 eV  best=5.324 eV  top50=0  top10%=0
Cycle  65: GP refit  (74 labelled)
  → 1BrSbTe-2  gap=1.819 eV  best=5.324 eV  top50=0  top10%=0
Cycle  66: full DKL retrain  (75 labelled)
GP warmup: 20 epochs on initial embeddings
Joint DKL training: 50 epochs
  Epoch 20/50  loss=-0.0069
  Epoch 40/50  loss=-0.1208
DKL training done in 0.3s
  → 1PdZnP2Se6-1  gap=0.796 eV  best=5.324 eV  top50=0  top10%=0
Cycle  67: GP refit  (76 labelled)
  → 1N2O2Zr3-1  gap=0.616 eV  best=5.324 eV  top50=0  top10%=0
Cycle  68: GP refit  (77 labelled)
  → 1BiBrSe-1  gap=1.363 eV  best=5.324 eV  top50=0  top10%=0
Cycle  69: GP refit  (78 labelled)
  → 2AgTe-3  gap=0.756 eV  best=5.324 eV  top50=0  top10%=0
Cycle  70: GP refit  (79 labelled)
  → 1BiClTe-1  gap=1.198 eV  best=5.324 eV  top50=0  top10%=0
Cycle  71: full DKL retrain  (80 labelled)
GP warmup: 20 epochs on initial embeddings
Joint DKL training: 50 epochs
  Epoch 20/50  loss=0.2779
  Epoch 40/50  loss=0.1380
DKL training done in 0.3s
  → 2ClRb-2  gap=5.891 eV  best=5.891 eV  top50=1  top10%=1
Cycle  72: GP refit  (81 labelled)
  → 2As2S3-4  gap=3.247 eV  best=5.891 eV  top50=1  top10%=1
Cycle  73: GP refit  (82 labelled)
  → 2AgI-2  gap=2.922 eV  best=5.891 eV  top50=1  top10%=1
Cycle  74: GP refit  (83 labelled)
  → 1AsClTe-1  gap=2.147 eV  best=5.891 eV  top50=1  top10%=1
Cycle  75: GP refit  (84 labelled)
  → 2InS2-3  gap=1.242 eV  best=5.891 eV  top50=1  top10%=1
Cycle  76: full DKL retrain  (85 labelled)
GP warmup: 20 epochs on initial embeddings
Joint DKL training: 50 epochs
  Epoch 20/50  loss=0.4921
  Epoch 40/50  loss=0.3594
DKL training done in 0.3s
  → 2ZrBr2-1  gap=1.140 eV  best=5.891 eV  top50=1  top10%=1
Cycle  77: GP refit  (86 labelled)
  → 1BrSeY-1  gap=4.122 eV  best=5.891 eV  top50=1  top10%=1
Cycle  78: GP refit  (87 labelled)
  → 1BiBrSe-2  gap=1.742 eV  best=5.891 eV  top50=1  top10%=1
Cycle  79: GP refit  (88 labelled)
  → 1ClHfI-1  gap=1.295 eV  best=5.891 eV  top50=1  top10%=1
Cycle  80: GP refit  (89 labelled)
  → 1GeTe-1  gap=1.994 eV  best=5.891 eV  top50=1  top10%=1
Cycle  81: full DKL retrain  (90 labelled)
GP warmup: 20 epochs on initial embeddings
Joint DKL training: 50 epochs
  Epoch 20/50  loss=0.2225
  Epoch 40/50  loss=0.0046
DKL training done in 0.3s
  → 1CoLiAs2Se6-1  gap=1.175 eV  best=5.891 eV  top50=1  top10%=1
Cycle  82: GP refit  (91 labelled)
  → 1CoNaP2S6-1  gap=1.851 eV  best=5.891 eV  top50=1  top10%=1
Cycle  83: GP refit  (92 labelled)
  → 4AsLiS2-2  gap=1.883 eV  best=5.891 eV  top50=1  top10%=1
Cycle  84: GP refit  (93 labelled)
  → 1BrITl2-1  gap=2.587 eV  best=5.891 eV  top50=1  top10%=1
Cycle  85: GP refit  (94 labelled)
  → 1ZrBr2-1  gap=1.276 eV  best=5.891 eV  top50=1  top10%=1
Cycle  86: full DKL retrain  (95 labelled)
GP warmup: 20 epochs on initial embeddings
Joint DKL training: 50 epochs
  Epoch 20/50  loss=0.1331
  Epoch 40/50  loss=-0.1668
DKL training done in 0.3s
  → 1MgI2-3  gap=3.448 eV  best=5.891 eV  top50=1  top10%=1
Cycle  87: GP refit  (96 labelled)
  → 1HfO2-3  gap=3.726 eV  best=5.891 eV  top50=1  top10%=1
Cycle  88: GP refit  (97 labelled)
  → 1ClScTe-1  gap=1.807 eV  best=5.891 eV  top50=1  top10%=1
Cycle  89: GP refit  (98 labelled)
  → 2BrCu-3  gap=3.475 eV  best=5.891 eV  top50=1  top10%=1
Cycle  90: GP refit  (99 labelled)
  → 1BrCoSe-1  gap=2.153 eV  best=5.891 eV  top50=1  top10%=1
Cycle  91: full DKL retrain  (100 labelled)
GP warmup: 20 epochs on initial embeddings
Joint DKL training: 50 epochs
  Epoch 20/50  loss=0.1097
  Epoch 40/50  loss=-0.0874
DKL training done in 0.3s
  → 1CoLiP2S6-1  gap=2.395 eV  best=5.891 eV  top50=1  top10%=1
Cycle  92: GP refit  (101 labelled)
  → 1OVI2-1  gap=1.849 eV  best=5.891 eV  top50=1  top10%=1
Cycle  93: GP refit  (102 labelled)
  → 1ZrCl2-1  gap=1.500 eV  best=5.891 eV  top50=1  top10%=1
Cycle  94: GP refit  (103 labelled)
  → 1HgBr2-4  gap=2.459 eV  best=5.891 eV  top50=1  top10%=1
Cycle  95: GP refit  (104 labelled)
  → 1HfBr2-1  gap=1.226 eV  best=5.891 eV  top50=1  top10%=1
Cycle  96: full DKL retrain  (105 labelled)
GP warmup: 20 epochs on initial embeddings
Joint DKL training: 50 epochs
  Epoch 20/50  loss=-0.3723
  Epoch 40/50  loss=-0.5272
DKL training done in 0.3s
  → 2ZrCl2-1  gap=1.161 eV  best=5.891 eV  top50=1  top10%=1
Cycle  97: GP refit  (106 labelled)
  → 1ZnI2-3  gap=1.644 eV  best=5.891 eV  top50=1  top10%=1
Cycle  98: GP refit  (107 labelled)
  → 4AuI2-1  gap=0.880 eV  best=5.891 eV  top50=1  top10%=1
Cycle  99: GP refit  (108 labelled)
  → 1BiClS-1  gap=1.745 eV  best=5.891 eV  top50=1  top10%=1
Cycle 100: GP refit  (109 labelled)
  → 2ClRhTe-1  gap=2.113 eV  best=5.891 eV  top50=1  top10%=1
  visible_0p7_3p0/dkl_finetune/seed21 → in-window found=80
BOLoop: 766 materials  |  direction=max  |  top-50 internal threshold=5.35  top-10% internal threshold=4.94
Init: 10 random labels  |  best (max) = 5.515
Cycle   1: full DKL retrain  (10 labelled)
GP warmup: 20 epochs on initial embeddings
/home/roy/software/anaconda3/lib/python3.13/site-packages/torch/_compile.py:32: UserWarning: optimizer contains a parameter group with duplicate parameters; in future, this will cause an error; see github.com/pytorch/pytorch/issues/40967 for more information
  return disable_fn(*args, **kwargs)
Joint DKL training: 50 epochs
  Epoch 20/50  loss=2.0564
  Epoch 40/50  loss=1.9159
DKL training done in 0.3s
  → 1AgInP2Se6-1  gap=1.707 eV  best=5.515 eV  top50=0  top10%=0
Cycle   2: GP refit  (11 labelled)
  → 1AgScP2Se6-1  gap=2.775 eV  best=5.515 eV  top50=0  top10%=0
Cycle   3: GP refit  (12 labelled)
  → 1AgTlP2Se6-1  gap=0.901 eV  best=5.515 eV  top50=0  top10%=0
Cycle   4: GP refit  (13 labelled)
  → 2IRhSe-1  gap=1.725 eV  best=5.515 eV  top50=0  top10%=0
Cycle   5: GP refit  (14 labelled)
  → 2IRhTe-2  gap=1.432 eV  best=5.515 eV  top50=0  top10%=0
Cycle   6: full DKL retrain  (15 labelled)
GP warmup: 20 epochs on initial embeddings
Joint DKL training: 50 epochs
  Epoch 20/50  loss=1.0421
  Epoch 40/50  loss=0.8743
DKL training done in 0.3s
  → 1AgCrP2Se6-1  gap=1.789 eV  best=5.515 eV  top50=0  top10%=0
Cycle   7: GP refit  (16 labelled)
  → 1AgAlP2Se6-1  gap=2.339 eV  best=5.515 eV  top50=0  top10%=0
Cycle   8: GP refit  (17 labelled)
  → 1PdZnP2Se6-1  gap=0.796 eV  best=5.515 eV  top50=0  top10%=0
Cycle   9: GP refit  (18 labelled)
  → 1AgGaP2Se6-1  gap=1.694 eV  best=5.515 eV  top50=0  top10%=0
Cycle  10: GP refit  (19 labelled)
  → 1AlISe-1  gap=2.186 eV  best=5.515 eV  top50=0  top10%=0
Cycle  11: full DKL retrain  (20 labelled)
GP warmup: 20 epochs on initial embeddings
Joint DKL training: 50 epochs
  Epoch 20/50  loss=1.1827
  Epoch 40/50  loss=0.4559
DKL training done in 0.3s
  → 1CoLiP2Se6-1  gap=2.004 eV  best=5.515 eV  top50=0  top10%=0
Cycle  12: GP refit  (21 labelled)
  → 1OVI2-1  gap=1.849 eV  best=5.515 eV  top50=0  top10%=0
Cycle  13: GP refit  (22 labelled)
  → 1HfTe2-2  gap=0.665 eV  best=5.515 eV  top50=0  top10%=0
Cycle  14: GP refit  (23 labelled)
  → 2ClIrSe-2  gap=2.235 eV  best=5.515 eV  top50=0  top10%=0
Cycle  15: GP refit  (24 labelled)
  → 1AsISe-2  gap=1.052 eV  best=5.515 eV  top50=0  top10%=0
Cycle  16: full DKL retrain  (25 labelled)
GP warmup: 20 epochs on initial embeddings
Joint DKL training: 50 epochs
  Epoch 20/50  loss=0.2736
  Epoch 40/50  loss=0.1525
DKL training done in 0.3s
  → 1AgAlAs2Se6-1  gap=1.577 eV  best=5.515 eV  top50=0  top10%=0
Cycle  17: GP refit  (26 labelled)
  → 1CoLiAs2Se6-1  gap=1.175 eV  best=5.515 eV  top50=0  top10%=0
Cycle  18: GP refit  (27 labelled)
  → 1CoNaAs2Se6-1  gap=1.295 eV  best=5.515 eV  top50=0  top10%=0
Cycle  19: GP refit  (28 labelled)
  → 1GaInS2-1  gap=2.570 eV  best=5.515 eV  top50=0  top10%=0
Cycle  20: GP refit  (29 labelled)
  → 1ONb3I7-1  gap=0.952 eV  best=5.515 eV  top50=0  top10%=0
Cycle  21: full DKL retrain  (30 labelled)
GP warmup: 20 epochs on initial embeddings
Joint DKL training: 50 epochs
  Epoch 20/50  loss=0.1495
  Epoch 40/50  loss=-0.0231
DKL training done in 0.3s
  → 1CoNaP2Se6-1  gap=1.717 eV  best=5.515 eV  top50=0  top10%=0
Cycle  22: GP refit  (31 labelled)
  → 1AlGaSe2-1  gap=2.765 eV  best=5.515 eV  top50=0  top10%=0
Cycle  23: GP refit  (32 labelled)
  → 2INbO2-1  gap=2.295 eV  best=5.515 eV  top50=0  top10%=0
Cycle  24: GP refit  (33 labelled)
  → 1BrCuGeTe-1  gap=1.540 eV  best=5.515 eV  top50=0  top10%=0
Cycle  25: GP refit  (34 labelled)
  → 1SeBi2S2-1  gap=0.923 eV  best=5.515 eV  top50=0  top10%=0
Cycle  26: full DKL retrain  (35 labelled)
GP warmup: 20 epochs on initial embeddings
Joint DKL training: 50 epochs
  Epoch 20/50  loss=-0.1863
  Epoch 40/50  loss=-0.3177
DKL training done in 0.3s
  → 1AgCrAs2Se6-1  gap=1.270 eV  best=5.515 eV  top50=0  top10%=0
Cycle  27: GP refit  (36 labelled)
  → 1Br2Se2Pb3-1  gap=1.452 eV  best=5.515 eV  top50=0  top10%=0
Cycle  28: GP refit  (37 labelled)
  → 1NiSSeZr-1  gap=1.881 eV  best=5.515 eV  top50=0  top10%=0
Cycle  29: GP refit  (38 labelled)
  → 1AuClCuI-1  gap=3.695 eV  best=5.515 eV  top50=0  top10%=0
Cycle  30: GP refit  (39 labelled)
  → 4OBi2S2-1  gap=2.212 eV  best=5.515 eV  top50=0  top10%=0
Cycle  31: full DKL retrain  (40 labelled)
GP warmup: 20 epochs on initial embeddings
Joint DKL training: 50 epochs
  Epoch 20/50  loss=-0.2657
  Epoch 40/50  loss=-0.4225
DKL training done in 0.3s
  → 2CoHS2-1  gap=1.204 eV  best=5.515 eV  top50=0  top10%=0
Cycle  32: GP refit  (41 labelled)
  → 1SI2Pb2-1  gap=1.567 eV  best=5.515 eV  top50=0  top10%=0
Cycle  33: GP refit  (42 labelled)
  → 1OBi2S2-1  gap=1.179 eV  best=5.515 eV  top50=0  top10%=0
Cycle  34: GP refit  (43 labelled)
  → 4OSb2Se2-1  gap=2.083 eV  best=5.515 eV  top50=0  top10%=0
Cycle  35: GP refit  (44 labelled)
  → 1HfI2-1  gap=1.022 eV  best=5.515 eV  top50=0  top10%=0
Cycle  36: full DKL retrain  (45 labelled)
GP warmup: 20 epochs on initial embeddings
Joint DKL training: 50 epochs
  Epoch 20/50  loss=-0.2374
  Epoch 40/50  loss=-0.3965
DKL training done in 0.3s
  → 1AgGaP2S6-1  gap=2.285 eV  best=5.515 eV  top50=0  top10%=0
Cycle  37: GP refit  (46 labelled)
  → 1AgInP2S6-1  gap=2.365 eV  best=5.515 eV  top50=0  top10%=0
Cycle  38: GP refit  (47 labelled)
  → 1N2O2Zr3-1  gap=0.616 eV  best=5.515 eV  top50=0  top10%=0
Cycle  39: GP refit  (48 labelled)
  → 1C2O2Zr3-1  gap=0.961 eV  best=5.515 eV  top50=0  top10%=0
Cycle  40: GP refit  (49 labelled)
  → 1STeIn2-1  gap=1.141 eV  best=5.515 eV  top50=0  top10%=0
Cycle  41: full DKL retrain  (50 labelled)
GP warmup: 20 epochs on initial embeddings
Joint DKL training: 50 epochs
  Epoch 20/50  loss=-0.4642
  Epoch 40/50  loss=-0.6020
DKL training done in 0.3s
  → 1CoLiP2S6-1  gap=2.395 eV  best=5.515 eV  top50=0  top10%=0
Cycle  42: GP refit  (51 labelled)
  → 1AgCrP2S6-1  gap=2.012 eV  best=5.515 eV  top50=0  top10%=0
Cycle  43: GP refit  (52 labelled)
  → 2AgCrP2S6-1  gap=2.715 eV  best=5.515 eV  top50=0  top10%=0
Cycle  44: GP refit  (53 labelled)
  → 1CoNaP2S6-1  gap=1.851 eV  best=5.515 eV  top50=0  top10%=0
Cycle  45: GP refit  (54 labelled)
  → 1N2O2Hf3-1  gap=0.508 eV  best=5.515 eV  top50=0  top10%=0
Cycle  46: full DKL retrain  (55 labelled)
GP warmup: 20 epochs on initial embeddings
Joint DKL training: 50 epochs
  Epoch 20/50  loss=-0.2324
  Epoch 40/50  loss=-0.4109
DKL training done in 0.3s
  → 1C2O2Hf3-1  gap=0.917 eV  best=5.515 eV  top50=0  top10%=0
Cycle  47: GP refit  (56 labelled)
  → 3RuSCl2-1  gap=1.131 eV  best=5.515 eV  top50=0  top10%=0
Cycle  48: GP refit  (57 labelled)
  → 4NaSbS2-2  gap=2.102 eV  best=5.515 eV  top50=0  top10%=0
Cycle  49: GP refit  (58 labelled)
  → 2InS2-3  gap=1.242 eV  best=5.515 eV  top50=0  top10%=0
Cycle  50: GP refit  (59 labelled)
  → 1BiClTe-1  gap=1.198 eV  best=5.515 eV  top50=0  top10%=0
Cycle  51: full DKL retrain  (60 labelled)
GP warmup: 20 epochs on initial embeddings
Joint DKL training: 50 epochs
  Epoch 20/50  loss=-0.2514
  Epoch 40/50  loss=-0.4076
DKL training done in 0.3s
  → 2ClMoO2-1  gap=1.762 eV  best=5.515 eV  top50=0  top10%=0
Cycle  52: GP refit  (61 labelled)
  → 1CSiH2-1  gap=4.871 eV  best=5.515 eV  top50=0  top10%=0
Cycle  53: GP refit  (62 labelled)
  → 2NbOI2-1  gap=1.845 eV  best=5.515 eV  top50=0  top10%=0
Cycle  54: GP refit  (63 labelled)
  → 4OBi2Se2-1  gap=1.736 eV  best=5.515 eV  top50=0  top10%=0
Cycle  55: GP refit  (64 labelled)
  → 1SeHf2I5-1  gap=0.972 eV  best=5.515 eV  top50=0  top10%=0
Cycle  56: full DKL retrain  (65 labelled)
GP warmup: 20 epochs on initial embeddings
Joint DKL training: 50 epochs
  Epoch 20/50  loss=-0.0935
  Epoch 40/50  loss=-0.2296
DKL training done in 0.3s
  → 1AgCrP2Te6-1  gap=1.137 eV  best=5.515 eV  top50=0  top10%=0
Cycle  57: GP refit  (66 labelled)
  → 1BiHTe2O6-1  gap=4.226 eV  best=5.515 eV  top50=0  top10%=0
Cycle  58: GP refit  (67 labelled)
  → 2OsO2-1  gap=1.005 eV  best=5.515 eV  top50=0  top10%=0
Cycle  59: GP refit  (68 labelled)
  → 1ZrCl2-1  gap=1.500 eV  best=5.515 eV  top50=0  top10%=0
Cycle  60: GP refit  (69 labelled)
  → 1YI2-1  gap=0.544 eV  best=5.515 eV  top50=0  top10%=0
Cycle  61: full DKL retrain  (70 labelled)
GP warmup: 20 epochs on initial embeddings
Joint DKL training: 50 epochs
  Epoch 20/50  loss=-0.1870
  Epoch 40/50  loss=-0.4275
DKL training done in 0.3s
  → 2NbOCl2-1  gap=1.951 eV  best=5.515 eV  top50=0  top10%=0
Cycle  62: GP refit  (71 labelled)
  → 1MgI2-3  gap=3.448 eV  best=5.515 eV  top50=0  top10%=0
Cycle  63: GP refit  (72 labelled)
  → 1HfCl2-1  gap=1.471 eV  best=5.515 eV  top50=0  top10%=0
Cycle  64: GP refit  (73 labelled)
  → 1YCl2-1  gap=0.999 eV  best=5.515 eV  top50=0  top10%=0
Cycle  65: GP refit  (74 labelled)
  → 4AsPtS-1  gap=2.061 eV  best=5.515 eV  top50=0  top10%=0
Cycle  66: full DKL retrain  (75 labelled)
GP warmup: 20 epochs on initial embeddings
Joint DKL training: 50 epochs
  Epoch 20/50  loss=-0.3628
  Epoch 40/50  loss=-0.4920
DKL training done in 0.3s
  → 1OVCl2-1  gap=3.144 eV  best=5.515 eV  top50=0  top10%=0
Cycle  67: GP refit  (76 labelled)
  → 1GaInTe2-1  gap=1.532 eV  best=5.515 eV  top50=0  top10%=0
Cycle  68: GP refit  (77 labelled)
  → 2ClYO2-1  gap=1.184 eV  best=5.515 eV  top50=0  top10%=0
Cycle  69: GP refit  (78 labelled)
  → 1PbS2-1  gap=2.299 eV  best=5.515 eV  top50=0  top10%=0
Cycle  70: GP refit  (79 labelled)
  → 2RuO2-1  gap=0.693 eV  best=5.515 eV  top50=0  top10%=0
Cycle  71: full DKL retrain  (80 labelled)
GP warmup: 20 epochs on initial embeddings
Joint DKL training: 50 epochs
  Epoch 20/50  loss=-0.4746
  Epoch 40/50  loss=-0.5994
DKL training done in 0.4s
  → 2AgIBr2-1  gap=2.063 eV  best=5.515 eV  top50=0  top10%=0
Cycle  72: GP refit  (81 labelled)
  → 2ClNbO2-1  gap=4.453 eV  best=5.515 eV  top50=0  top10%=0
Cycle  73: GP refit  (82 labelled)
  → 1PbSe2-1  gap=1.847 eV  best=5.515 eV  top50=0  top10%=0
Cycle  74: GP refit  (83 labelled)
  → 1YBr2-1  gap=0.901 eV  best=5.515 eV  top50=0  top10%=0
Cycle  75: GP refit  (84 labelled)
  → 2FeTe2-1  gap=0.581 eV  best=5.515 eV  top50=0  top10%=0
Cycle  76: full DKL retrain  (85 labelled)
GP warmup: 20 epochs on initial embeddings
Joint DKL training: 50 epochs
  Epoch 20/50  loss=-0.2059
  Epoch 40/50  loss=-0.3846
DKL training done in 0.3s
  → 4AsLiS2-2  gap=1.883 eV  best=5.515 eV  top50=0  top10%=0
Cycle  77: GP refit  (86 labelled)
  → 1CdClHS-1  gap=3.853 eV  best=5.515 eV  top50=0  top10%=0
Cycle  78: GP refit  (87 labelled)
  → 1HfS2-2  gap=2.038 eV  best=5.515 eV  top50=0  top10%=0
Cycle  79: GP refit  (88 labelled)
  → 1ZrBr2-1  gap=1.276 eV  best=5.515 eV  top50=0  top10%=0
Cycle  80: GP refit  (89 labelled)
  → 1HfBr2-1  gap=1.226 eV  best=5.515 eV  top50=0  top10%=0
Cycle  81: full DKL retrain  (90 labelled)
GP warmup: 20 epochs on initial embeddings
Joint DKL training: 50 epochs
  Epoch 20/50  loss=-0.1671
  Epoch 40/50  loss=-0.3607
DKL training done in 0.3s
  → 1OZrBr2-1  gap=2.245 eV  best=5.515 eV  top50=0  top10%=0
Cycle  82: GP refit  (91 labelled)
  → 1HgBr2-4  gap=2.459 eV  best=5.515 eV  top50=0  top10%=0
Cycle  83: GP refit  (92 labelled)
  → 1SnBr2-2  gap=3.220 eV  best=5.515 eV  top50=0  top10%=0
Cycle  84: GP refit  (93 labelled)
  → 1PbBr2-2  gap=3.248 eV  best=5.515 eV  top50=0  top10%=0
Cycle  85: GP refit  (94 labelled)
  → 1HgI2-4  gap=1.370 eV  best=5.515 eV  top50=0  top10%=0
Cycle  86: full DKL retrain  (95 labelled)
GP warmup: 20 epochs on initial embeddings
Joint DKL training: 50 epochs
  Epoch 20/50  loss=-0.4321
  Epoch 40/50  loss=-0.6411
DKL training done in 0.3s
  → 1PbI2-2  gap=2.404 eV  best=5.515 eV  top50=0  top10%=0
Cycle  87: GP refit  (96 labelled)
  → 1BaI2-2  gap=4.274 eV  best=5.515 eV  top50=0  top10%=0
Cycle  88: GP refit  (97 labelled)
  → 1TiO2-3  gap=3.447 eV  best=5.515 eV  top50=0  top10%=0
Cycle  89: GP refit  (98 labelled)
  → 1SnI2-2  gap=2.504 eV  best=5.515 eV  top50=0  top10%=0
Cycle  90: GP refit  (99 labelled)
  → 4AuI2-1  gap=0.880 eV  best=5.515 eV  top50=0  top10%=0
Cycle  91: full DKL retrain  (100 labelled)
GP warmup: 20 epochs on initial embeddings
Joint DKL training: 50 epochs
  Epoch 20/50  loss=-0.1395
  Epoch 40/50  loss=-0.3348
DKL training done in 0.3s
  → 2ZrCl2-1  gap=1.161 eV  best=5.515 eV  top50=0  top10%=0
Cycle  92: GP refit  (101 labelled)
  → 1TiBr2-1  gap=1.166 eV  best=5.515 eV  top50=0  top10%=0
Cycle  93: GP refit  (102 labelled)
  → 1TiCl2-1  gap=1.395 eV  best=5.515 eV  top50=0  top10%=0
Cycle  94: GP refit  (103 labelled)
  → 1TiS2-2  gap=2.015 eV  best=5.515 eV  top50=0  top10%=0
Cycle  95: GP refit  (104 labelled)
  → 1CrSe2-1  gap=1.128 eV  best=5.515 eV  top50=0  top10%=0
Cycle  96: full DKL retrain  (105 labelled)
GP warmup: 20 epochs on initial embeddings
Joint DKL training: 50 epochs
  Epoch 20/50  loss=-0.4665
  Epoch 40/50  loss=-0.7944
DKL training done in 0.3s
  → 1GeBr2-2  gap=3.333 eV  best=5.515 eV  top50=0  top10%=0
Cycle  97: GP refit  (106 labelled)
  → 4AgCl2-1  gap=0.971 eV  best=5.515 eV  top50=0  top10%=0
Cycle  98: GP refit  (107 labelled)
  → 1ZrS2-2  gap=2.023 eV  best=5.515 eV  top50=0  top10%=0
Cycle  99: GP refit  (108 labelled)
  → 2IrTaS4-1  gap=1.331 eV  best=5.515 eV  top50=0  top10%=0
Cycle 100: GP refit  (109 labelled)
  → 2RhTaS4-1  gap=1.231 eV  best=5.515 eV  top50=0  top10%=0
  visible_0p7_3p0/dkl_finetune/seed22 → in-window found=82
BOLoop: 766 materials  |  direction=max  |  top-50 internal threshold=5.35  top-10% internal threshold=4.94
Init: 10 random labels  |  best (max) = 4.523
Cycle   1: full DKL retrain  (10 labelled)
GP warmup: 20 epochs on initial embeddings
/home/roy/software/anaconda3/lib/python3.13/site-packages/torch/_compile.py:32: UserWarning: optimizer contains a parameter group with duplicate parameters; in future, this will cause an error; see github.com/pytorch/pytorch/issues/40967 for more information
  return disable_fn(*args, **kwargs)
Joint DKL training: 50 epochs
  Epoch 20/50  loss=1.5868
  Epoch 40/50  loss=1.4691
DKL training done in 0.3s
  → 4NiPSe-1  gap=2.021 eV  best=4.523 eV  top50=0  top10%=0
Cycle   2: GP refit  (11 labelled)
  → 1SeBi2S2-1  gap=0.923 eV  best=4.523 eV  top50=0  top10%=0
Cycle   3: GP refit  (12 labelled)
  → 1ISbSe-2  gap=1.592 eV  best=4.523 eV  top50=0  top10%=0
Cycle   4: GP refit  (13 labelled)
  → 1WCu2Se4-1  gap=2.444 eV  best=4.523 eV  top50=0  top10%=0
Cycle   5: GP refit  (14 labelled)
  → 1MoAu2Se4-1  gap=1.247 eV  best=4.523 eV  top50=0  top10%=0
Cycle   6: full DKL retrain  (15 labelled)
GP warmup: 20 epochs on initial embeddings
Joint DKL training: 50 epochs
  Epoch 20/50  loss=0.6136
  Epoch 40/50  loss=0.4408
DKL training done in 0.3s
  → 1AgScP2S6-1  gap=3.453 eV  best=4.523 eV  top50=0  top10%=0
Cycle   7: GP refit  (16 labelled)
  → 1AgCrP2Te6-1  gap=1.137 eV  best=4.523 eV  top50=0  top10%=0
Cycle   8: GP refit  (17 labelled)
  → 1AgCrP2S6-1  gap=2.012 eV  best=4.523 eV  top50=0  top10%=0
Cycle   9: GP refit  (18 labelled)
  → 2AgCrP2S6-1  gap=2.715 eV  best=4.523 eV  top50=0  top10%=0
Cycle  10: GP refit  (19 labelled)
  → 2ClRhS-1  gap=2.270 eV  best=4.523 eV  top50=0  top10%=0
Cycle  11: full DKL retrain  (20 labelled)
GP warmup: 20 epochs on initial embeddings
Joint DKL training: 50 epochs
  Epoch 20/50  loss=0.3702
  Epoch 40/50  loss=0.1884
DKL training done in 0.3s
  → 1AgScP2Se6-1  gap=2.775 eV  best=4.523 eV  top50=0  top10%=0
Cycle  12: GP refit  (21 labelled)
  → 1AsBrS-2  gap=2.077 eV  best=4.523 eV  top50=0  top10%=0
Cycle  13: GP refit  (22 labelled)
  → 2IrTaS4-1  gap=1.331 eV  best=4.523 eV  top50=0  top10%=0
Cycle  14: GP refit  (23 labelled)
  → 1WMo3S8-1  gap=2.076 eV  best=4.523 eV  top50=0  top10%=0
Cycle  15: GP refit  (24 labelled)
  → 1BiClSe-2  gap=1.992 eV  best=4.523 eV  top50=0  top10%=0
Cycle  16: full DKL retrain  (25 labelled)
GP warmup: 20 epochs on initial embeddings
Joint DKL training: 50 epochs
  Epoch 20/50  loss=0.3331
  Epoch 40/50  loss=0.1636
DKL training done in 0.3s
  → 1AgCrP2Se6-1  gap=1.789 eV  best=4.523 eV  top50=0  top10%=0
Cycle  17: GP refit  (26 labelled)
  → 1AgAlP2Se6-1  gap=2.339 eV  best=4.523 eV  top50=0  top10%=0
Cycle  18: GP refit  (27 labelled)
  → 1CoLiP2Se6-1  gap=2.004 eV  best=4.523 eV  top50=0  top10%=0
Cycle  19: GP refit  (28 labelled)
  → 1AgInP2Se6-1  gap=1.707 eV  best=4.523 eV  top50=0  top10%=0
Cycle  20: GP refit  (29 labelled)
  → 1BiHTe2O6-1  gap=4.226 eV  best=4.523 eV  top50=0  top10%=0
Cycle  21: full DKL retrain  (30 labelled)
GP warmup: 20 epochs on initial embeddings
Joint DKL training: 50 epochs
  Epoch 20/50  loss=0.4461
  Epoch 40/50  loss=0.0116
DKL training done in 0.3s
  → 1PdZnP2Se6-1  gap=0.796 eV  best=4.523 eV  top50=0  top10%=0
Cycle  22: GP refit  (31 labelled)
  → 1AgCrAs2Se6-1  gap=1.270 eV  best=4.523 eV  top50=0  top10%=0
Cycle  23: GP refit  (32 labelled)
  → 1PtSSe-1  gap=2.017 eV  best=4.523 eV  top50=0  top10%=0
Cycle  24: GP refit  (33 labelled)
  → 2BrCaF-1  gap=6.385 eV  best=6.385 eV  top50=1  top10%=1
Cycle  25: GP refit  (34 labelled)
  → 2OsS2-1  gap=1.387 eV  best=6.385 eV  top50=1  top10%=1
Cycle  26: full DKL retrain  (35 labelled)
GP warmup: 20 epochs on initial embeddings
Joint DKL training: 50 epochs
  Epoch 20/50  loss=0.9319
  Epoch 40/50  loss=0.5420
DKL training done in 0.3s
  → 1AgTlP2Se6-1  gap=0.901 eV  best=6.385 eV  top50=1  top10%=1
Cycle  27: GP refit  (36 labelled)
  → 4TaS3-1  gap=0.823 eV  best=6.385 eV  top50=1  top10%=1
Cycle  28: GP refit  (37 labelled)
  → 1AgGaP2Se6-1  gap=1.694 eV  best=6.385 eV  top50=1  top10%=1
Cycle  29: GP refit  (38 labelled)
  → 1CoNaP2Se6-1  gap=1.717 eV  best=6.385 eV  top50=1  top10%=1
Cycle  30: GP refit  (39 labelled)
  → 1OScHf3N3Br4-1  gap=4.148 eV  best=6.385 eV  top50=1  top10%=1
Cycle  31: full DKL retrain  (40 labelled)
GP warmup: 20 epochs on initial embeddings
Joint DKL training: 50 epochs
  Epoch 20/50  loss=0.5082
  Epoch 40/50  loss=0.3200
DKL training done in 0.3s
  → 2NbOI2-1  gap=1.845 eV  best=6.385 eV  top50=1  top10%=1
Cycle  32: GP refit  (41 labelled)
  → 1HfCl2-1  gap=1.471 eV  best=6.385 eV  top50=1  top10%=1
Cycle  33: GP refit  (42 labelled)
  → 1HgI2-4  gap=1.370 eV  best=6.385 eV  top50=1  top10%=1
Cycle  34: GP refit  (43 labelled)
  → 1AsClSe-2  gap=2.371 eV  best=6.385 eV  top50=1  top10%=1
Cycle  35: GP refit  (44 labelled)
  → 2PtTeS3-1  gap=1.731 eV  best=6.385 eV  top50=1  top10%=1
Cycle  36: full DKL retrain  (45 labelled)
GP warmup: 20 epochs on initial embeddings
Joint DKL training: 50 epochs
  Epoch 20/50  loss=-0.0210
  Epoch 40/50  loss=-0.1932
DKL training done in 0.3s
  → 1AgAlAs2Se6-1  gap=1.577 eV  best=6.385 eV  top50=1  top10%=1
Cycle  37: GP refit  (46 labelled)
  → 1CoLiAs2Se6-1  gap=1.175 eV  best=6.385 eV  top50=1  top10%=1
Cycle  38: GP refit  (47 labelled)
  → 1AgAlP2Te6-1  gap=1.065 eV  best=6.385 eV  top50=1  top10%=1
Cycle  39: GP refit  (48 labelled)
  → 2ZrBr2-1  gap=1.140 eV  best=6.385 eV  top50=1  top10%=1
Cycle  40: GP refit  (49 labelled)
  → 1GeSe-1  gap=2.915 eV  best=6.385 eV  top50=1  top10%=1
Cycle  41: full DKL retrain  (50 labelled)
GP warmup: 20 epochs on initial embeddings
Joint DKL training: 50 epochs
  Epoch 20/50  loss=-0.0755
  Epoch 40/50  loss=-0.2288
DKL training done in 0.3s
  → 1AgGaP2S6-1  gap=2.285 eV  best=6.385 eV  top50=1  top10%=1
Cycle  42: GP refit  (51 labelled)
  → 1C2O2Zr3-1  gap=0.961 eV  best=6.385 eV  top50=1  top10%=1
Cycle  43: GP refit  (52 labelled)
  → 4NaSbS2-2  gap=2.102 eV  best=6.385 eV  top50=1  top10%=1
Cycle  44: GP refit  (53 labelled)
  → 1GaInTe2-1  gap=1.532 eV  best=6.385 eV  top50=1  top10%=1
Cycle  45: GP refit  (54 labelled)
  → 1OZrBr2-1  gap=2.245 eV  best=6.385 eV  top50=1  top10%=1
Cycle  46: full DKL retrain  (55 labelled)
GP warmup: 20 epochs on initial embeddings
Joint DKL training: 50 epochs
  Epoch 20/50  loss=-0.0905
  Epoch 40/50  loss=-0.2730
DKL training done in 0.3s
  → 1N2O2Hf3-1  gap=0.508 eV  best=6.385 eV  top50=1  top10%=1
Cycle  47: GP refit  (56 labelled)
  → 1STeIn2-1  gap=1.141 eV  best=6.385 eV  top50=1  top10%=1
Cycle  48: GP refit  (57 labelled)
  → 1AuClCuI-1  gap=3.695 eV  best=6.385 eV  top50=1  top10%=1
Cycle  49: GP refit  (58 labelled)
  → 2PbS-1  gap=1.806 eV  best=6.385 eV  top50=1  top10%=1
Cycle  50: GP refit  (59 labelled)
  → 2CoBi2I2O3-1  gap=2.811 eV  best=6.385 eV  top50=1  top10%=1
Cycle  51: full DKL retrain  (60 labelled)
GP warmup: 20 epochs on initial embeddings
Joint DKL training: 50 epochs
  Epoch 20/50  loss=0.1712
  Epoch 40/50  loss=0.0186
DKL training done in 0.3s
  → 1N2O2Zr3-1  gap=0.616 eV  best=6.385 eV  top50=1  top10%=1
Cycle  52: GP refit  (61 labelled)
  → 4AsLiS2-2  gap=1.883 eV  best=6.385 eV  top50=1  top10%=1
Cycle  53: GP refit  (62 labelled)
  → 1BrCuGeTe-1  gap=1.540 eV  best=6.385 eV  top50=1  top10%=1
Cycle  54: GP refit  (63 labelled)
  → 1ZnBr2-3  gap=3.449 eV  best=6.385 eV  top50=1  top10%=1
Cycle  55: GP refit  (64 labelled)
  → 1AsBrSe-1  gap=1.839 eV  best=6.385 eV  top50=1  top10%=1
Cycle  56: full DKL retrain  (65 labelled)
GP warmup: 20 epochs on initial embeddings
Joint DKL training: 50 epochs
  Epoch 20/50  loss=-0.0151
  Epoch 40/50  loss=-0.1551
DKL training done in 0.3s
  → 2INbO2-1  gap=2.295 eV  best=6.385 eV  top50=1  top10%=1
Cycle  57: GP refit  (66 labelled)
  → 4OSb2Se2-1  gap=2.083 eV  best=6.385 eV  top50=1  top10%=1
Cycle  58: GP refit  (67 labelled)
  → 1ZrCl2-1  gap=1.500 eV  best=6.385 eV  top50=1  top10%=1
Cycle  59: GP refit  (68 labelled)
  → 2FeS2-1  gap=1.331 eV  best=6.385 eV  top50=1  top10%=1
Cycle  60: GP refit  (69 labelled)
  → 2ZrCl2-1  gap=1.161 eV  best=6.385 eV  top50=1  top10%=1
Cycle  61: full DKL retrain  (70 labelled)
GP warmup: 20 epochs on initial embeddings
Joint DKL training: 50 epochs
  Epoch 20/50  loss=-0.2523
  Epoch 40/50  loss=-0.3856
DKL training done in 0.3s
  → 1OVF2-1  gap=3.311 eV  best=6.385 eV  top50=1  top10%=1
Cycle  62: GP refit  (71 labelled)
  → 1HgBr2-4  gap=2.459 eV  best=6.385 eV  top50=1  top10%=1
Cycle  63: GP refit  (72 labelled)
  → 1TiS2-2  gap=2.015 eV  best=6.385 eV  top50=1  top10%=1
Cycle  64: GP refit  (73 labelled)
  → 2InS2-3  gap=1.242 eV  best=6.385 eV  top50=1  top10%=1
Cycle  65: GP refit  (74 labelled)
  → 1SnS2-3  gap=1.455 eV  best=6.385 eV  top50=1  top10%=1
Cycle  66: full DKL retrain  (75 labelled)
GP warmup: 20 epochs on initial embeddings
Joint DKL training: 50 epochs
  Epoch 20/50  loss=-0.2482
  Epoch 40/50  loss=-0.3823
DKL training done in 0.3s
  → 1CoLiP2S6-1  gap=2.395 eV  best=6.385 eV  top50=1  top10%=1
Cycle  67: GP refit  (76 labelled)
  → 1CoNaP2S6-1  gap=1.851 eV  best=6.385 eV  top50=1  top10%=1
Cycle  68: GP refit  (77 labelled)
  → 1GaInS2-1  gap=2.570 eV  best=6.385 eV  top50=1  top10%=1
Cycle  69: GP refit  (78 labelled)
  → 4OBi2S2-1  gap=2.212 eV  best=6.385 eV  top50=1  top10%=1
Cycle  70: GP refit  (79 labelled)
  → 1PbSe2-1  gap=1.847 eV  best=6.385 eV  top50=1  top10%=1
Cycle  71: full DKL retrain  (80 labelled)
GP warmup: 20 epochs on initial embeddings
Joint DKL training: 50 epochs
  Epoch 20/50  loss=-0.2978
  Epoch 40/50  loss=-0.3987
DKL training done in 0.3s
  → 1OBi2S2-1  gap=1.179 eV  best=6.385 eV  top50=1  top10%=1
Cycle  72: GP refit  (81 labelled)
  → 4OBi2Se2-1  gap=1.736 eV  best=6.385 eV  top50=1  top10%=1
Cycle  73: GP refit  (82 labelled)
  → 1ZnI2-3  gap=1.644 eV  best=6.385 eV  top50=1  top10%=1
Cycle  74: GP refit  (83 labelled)
  → 1TiF2-1  gap=2.096 eV  best=6.385 eV  top50=1  top10%=1
Cycle  75: GP refit  (84 labelled)
  → 2CrWTe4-1  gap=0.876 eV  best=6.385 eV  top50=1  top10%=1
Cycle  76: full DKL retrain  (85 labelled)
GP warmup: 20 epochs on initial embeddings
Joint DKL training: 50 epochs
  Epoch 20/50  loss=-0.3441
  Epoch 40/50  loss=-0.4943
DKL training done in 0.3s
  → 1WTe2-1  gap=1.141 eV  best=6.385 eV  top50=1  top10%=1
Cycle  77: GP refit  (86 labelled)
  → 1ZrO2-3  gap=3.561 eV  best=6.385 eV  top50=1  top10%=1
Cycle  78: GP refit  (87 labelled)
  → 4AgF2-2  gap=1.637 eV  best=6.385 eV  top50=1  top10%=1
Cycle  79: GP refit  (88 labelled)
  → 1PtSnS4-1  gap=2.122 eV  best=6.385 eV  top50=1  top10%=1
Cycle  80: GP refit  (89 labelled)
  → 1BiIS-2  gap=1.178 eV  best=6.385 eV  top50=1  top10%=1
Cycle  81: full DKL retrain  (90 labelled)
GP warmup: 20 epochs on initial embeddings
Joint DKL training: 50 epochs
  Epoch 20/50  loss=0.1701
  Epoch 40/50  loss=-0.0107
DKL training done in 0.3s
  → 1FeI2-3  gap=0.020 eV  best=6.385 eV  top50=1  top10%=1
Cycle  82: GP refit  (91 labelled)
  → 2SV-4  gap=0.642 eV  best=6.385 eV  top50=1  top10%=1
Cycle  83: GP refit  (92 labelled)
  → 2InS-1  gap=2.431 eV  best=6.385 eV  top50=1  top10%=1
Cycle  84: GP refit  (93 labelled)
  → 2AuSe-1  gap=1.561 eV  best=6.385 eV  top50=1  top10%=1
Cycle  85: GP refit  (94 labelled)
  → 1PbSe-1  gap=2.199 eV  best=6.385 eV  top50=1  top10%=1
Cycle  86: full DKL retrain  (95 labelled)
GP warmup: 20 epochs on initial embeddings
Joint DKL training: 50 epochs
  Epoch 20/50  loss=0.2072
  Epoch 40/50  loss=0.0408
DKL training done in 0.3s
  → 1TiI2-2  gap=0.828 eV  best=6.385 eV  top50=1  top10%=1
Cycle  87: GP refit  (96 labelled)
  → 1BiClSe-1  gap=1.509 eV  best=6.385 eV  top50=1  top10%=1
Cycle  88: GP refit  (97 labelled)
  → 4SSn-1  gap=2.426 eV  best=6.385 eV  top50=1  top10%=1
Cycle  89: GP refit  (98 labelled)
  → 1GeBi2Se2I4-1  gap=1.419 eV  best=6.385 eV  top50=1  top10%=1
Cycle  90: GP refit  (99 labelled)
  → 1ClSbTe-1  gap=1.866 eV  best=6.385 eV  top50=1  top10%=1
Cycle  91: full DKL retrain  (100 labelled)
GP warmup: 20 epochs on initial embeddings
Joint DKL training: 50 epochs
  Epoch 20/50  loss=0.0585
  Epoch 40/50  loss=-0.0801
DKL training done in 0.3s
  → 1FeCl2-3  gap=0.071 eV  best=6.385 eV  top50=1  top10%=1
Cycle  92: GP refit  (101 labelled)
  → 1BrITi-1  gap=1.037 eV  best=6.385 eV  top50=1  top10%=1
Cycle  93: GP refit  (102 labelled)
  → 1IO2V2Br3-1  gap=1.857 eV  best=6.385 eV  top50=1  top10%=1
Cycle  94: GP refit  (103 labelled)
  → 1ISSb-2  gap=1.455 eV  best=6.385 eV  top50=1  top10%=1
Cycle  95: GP refit  (104 labelled)
  → 1SeNi2S3-1  gap=1.350 eV  best=6.385 eV  top50=1  top10%=1
Cycle  96: full DKL retrain  (105 labelled)
GP warmup: 20 epochs on initial embeddings
Joint DKL training: 50 epochs
  Epoch 20/50  loss=-0.1379
  Epoch 40/50  loss=-0.3201
DKL training done in 0.3s
  → 1Br2Se2Pb3-1  gap=1.452 eV  best=6.385 eV  top50=1  top10%=1
Cycle  97: GP refit  (106 labelled)
  → 1OVBr2-1  gap=3.019 eV  best=6.385 eV  top50=1  top10%=1
Cycle  98: GP refit  (107 labelled)
  → 1CSiF2-1  gap=3.306 eV  best=6.385 eV  top50=1  top10%=1
Cycle  99: GP refit  (108 labelled)
  → 1MgI2-3  gap=3.448 eV  best=6.385 eV  top50=1  top10%=1
Cycle 100: GP refit  (109 labelled)
  → 1BiBrSe-2  gap=1.742 eV  best=6.385 eV  top50=1  top10%=1
  visible_0p7_3p0/dkl_finetune/seed23 → in-window found=84
BOLoop: 766 materials  |  direction=max  |  top-50 internal threshold=5.35  top-10% internal threshold=4.94
Init: 10 random labels  |  best (max) = 5.363
Cycle   1: full DKL retrain  (10 labelled)
GP warmup: 20 epochs on initial embeddings
/home/roy/software/anaconda3/lib/python3.13/site-packages/torch/_compile.py:32: UserWarning: optimizer contains a parameter group with duplicate parameters; in future, this will cause an error; see github.com/pytorch/pytorch/issues/40967 for more information
  return disable_fn(*args, **kwargs)
Joint DKL training: 50 epochs
  Epoch 20/50  loss=1.8193
  Epoch 40/50  loss=1.6783
DKL training done in 0.3s
  → 1ONb3Cl7-1  gap=1.594 eV  best=5.363 eV  top50=0  top10%=0
Cycle   2: GP refit  (11 labelled)
  → 2CoAs2Cl2O3-1  gap=3.906 eV  best=5.363 eV  top50=0  top10%=0
Cycle   3: GP refit  (12 labelled)
  → 1SeNb3Cl7-1  gap=1.601 eV  best=5.363 eV  top50=0  top10%=0
Cycle   4: GP refit  (13 labelled)
  → 1SeTa3Br7-1  gap=1.452 eV  best=5.363 eV  top50=0  top10%=0
Cycle   5: GP refit  (14 labelled)
  → 1STa3Br7-1  gap=1.510 eV  best=5.363 eV  top50=0  top10%=0
Cycle   6: full DKL retrain  (15 labelled)
GP warmup: 20 epochs on initial embeddings
Joint DKL training: 50 epochs
  Epoch 20/50  loss=0.6732
  Epoch 40/50  loss=0.5536
DKL training done in 0.3s
  → 2TiCl2-1  gap=0.997 eV  best=5.363 eV  top50=0  top10%=0
Cycle   7: GP refit  (16 labelled)
  → 2AgAuCl4-1  gap=2.332 eV  best=5.363 eV  top50=0  top10%=0
Cycle   8: GP refit  (17 labelled)
  → 1IPd2Cl5-1  gap=1.393 eV  best=5.363 eV  top50=0  top10%=0
Cycle   9: GP refit  (18 labelled)
  → 1TeTa3Cl7-1  gap=1.510 eV  best=5.363 eV  top50=0  top10%=0
Cycle  10: GP refit  (19 labelled)
  → 1SeTa3Cl7-1  gap=1.582 eV  best=5.363 eV  top50=0  top10%=0
Cycle  11: full DKL retrain  (20 labelled)
GP warmup: 20 epochs on initial embeddings
Joint DKL training: 50 epochs
  Epoch 20/50  loss=0.1926
  Epoch 40/50  loss=-0.0289
DKL training done in 0.3s
  → 1AgScP2S6-1  gap=3.453 eV  best=5.363 eV  top50=0  top10%=0
Cycle  12: GP refit  (21 labelled)
  → 1AgCrAs2Se6-1  gap=1.270 eV  best=5.363 eV  top50=0  top10%=0
Cycle  13: GP refit  (22 labelled)
  → 4AsLiS2-2  gap=1.883 eV  best=5.363 eV  top50=0  top10%=0
Cycle  14: GP refit  (23 labelled)
  → 1CSiF2-1  gap=3.306 eV  best=5.363 eV  top50=0  top10%=0
Cycle  15: GP refit  (24 labelled)
  → 1PtSnS4-1  gap=2.122 eV  best=5.363 eV  top50=0  top10%=0
Cycle  16: full DKL retrain  (25 labelled)
GP warmup: 20 epochs on initial embeddings
Joint DKL training: 50 epochs
  Epoch 20/50  loss=-0.2308
  Epoch 40/50  loss=-0.3603
DKL training done in 0.3s
  → 1AgCrP2Te6-1  gap=1.137 eV  best=5.363 eV  top50=0  top10%=0
Cycle  17: GP refit  (26 labelled)
  → 1AgCrP2Se6-1  gap=1.789 eV  best=5.363 eV  top50=0  top10%=0
Cycle  18: GP refit  (27 labelled)
  → 1AgAlP2Se6-1  gap=2.339 eV  best=5.363 eV  top50=0  top10%=0
Cycle  19: GP refit  (28 labelled)
  → 1AgInP2Se6-1  gap=1.707 eV  best=5.363 eV  top50=0  top10%=0
Cycle  20: GP refit  (29 labelled)
  → 1AgTlP2Se6-1  gap=0.901 eV  best=5.363 eV  top50=0  top10%=0
Cycle  21: full DKL retrain  (30 labelled)
GP warmup: 20 epochs on initial embeddings
Joint DKL training: 50 epochs
  Epoch 20/50  loss=0.2480
  Epoch 40/50  loss=-0.1635
DKL training done in 0.4s
  → 1PdZnP2Se6-1  gap=0.796 eV  best=5.363 eV  top50=0  top10%=0
Cycle  22: GP refit  (31 labelled)
  → 1CoNaAs2Se6-1  gap=1.295 eV  best=5.363 eV  top50=0  top10%=0
Cycle  23: GP refit  (32 labelled)
  → 1ZnBr2-3  gap=3.449 eV  best=5.363 eV  top50=0  top10%=0
Cycle  24: GP refit  (33 labelled)
  → 1HgCl2-3  gap=3.201 eV  best=5.363 eV  top50=0  top10%=0
Cycle  25: GP refit  (34 labelled)
  → 1ClCrTe-1  gap=1.108 eV  best=5.363 eV  top50=0  top10%=0
Cycle  26: full DKL retrain  (35 labelled)
GP warmup: 20 epochs on initial embeddings
Joint DKL training: 50 epochs
  Epoch 20/50  loss=0.5394
  Epoch 40/50  loss=0.3062
DKL training done in 0.3s
  → 1AgScP2Se6-1  gap=2.775 eV  best=5.363 eV  top50=0  top10%=0
Cycle  27: GP refit  (36 labelled)
  → 1SnS2-3  gap=1.455 eV  best=5.363 eV  top50=0  top10%=0
Cycle  28: GP refit  (37 labelled)
  → 3RuSCl2-1  gap=1.131 eV  best=5.363 eV  top50=0  top10%=0
Cycle  29: GP refit  (38 labelled)
  → 1WMo3S8-1  gap=2.076 eV  best=5.363 eV  top50=0  top10%=0
Cycle  30: GP refit  (39 labelled)
  → 1BiBrSe-1  gap=1.363 eV  best=5.363 eV  top50=0  top10%=0
Cycle  31: full DKL retrain  (40 labelled)
GP warmup: 20 epochs on initial embeddings
Joint DKL training: 50 epochs
  Epoch 20/50  loss=0.3232
  Epoch 40/50  loss=0.1192
DKL training done in 0.3s
  → 1AgAlAs2Se6-1  gap=1.577 eV  best=5.363 eV  top50=0  top10%=0
Cycle  32: GP refit  (41 labelled)
  → 1CoLiAs2Se6-1  gap=1.175 eV  best=5.363 eV  top50=0  top10%=0
Cycle  33: GP refit  (42 labelled)
  → 1AgGaP2Se6-1  gap=1.694 eV  best=5.363 eV  top50=0  top10%=0
Cycle  34: GP refit  (43 labelled)
  → 1Br2Se2Pb3-1  gap=1.452 eV  best=5.363 eV  top50=0  top10%=0
Cycle  35: GP refit  (44 labelled)
  → 1STeIn2-1  gap=1.141 eV  best=5.363 eV  top50=0  top10%=0
Cycle  36: full DKL retrain  (45 labelled)
GP warmup: 20 epochs on initial embeddings
Joint DKL training: 50 epochs
  Epoch 20/50  loss=-0.2188
  Epoch 40/50  loss=-0.4435
DKL training done in 0.3s
  → 1CoLiP2Se6-1  gap=2.004 eV  best=5.363 eV  top50=0  top10%=0
Cycle  37: GP refit  (46 labelled)
  → 1CoNaP2Se6-1  gap=1.717 eV  best=5.363 eV  top50=0  top10%=0
Cycle  38: GP refit  (47 labelled)
  → 4NaSbO2-1  gap=4.747 eV  best=5.363 eV  top50=0  top10%=0
Cycle  39: GP refit  (48 labelled)
  → 4NaSbS2-2  gap=2.102 eV  best=5.363 eV  top50=0  top10%=0
Cycle  40: GP refit  (49 labelled)
  → 1OBi2S2-1  gap=1.179 eV  best=5.363 eV  top50=0  top10%=0
Cycle  41: full DKL retrain  (50 labelled)
GP warmup: 20 epochs on initial embeddings
Joint DKL training: 50 epochs
  Epoch 20/50  loss=-0.0121
  Epoch 40/50  loss=-0.1802
DKL training done in 0.3s
  → 2AgCrP2S6-1  gap=2.715 eV  best=5.363 eV  top50=0  top10%=0
Cycle  42: GP refit  (51 labelled)
  → 1AgInP2S6-1  gap=2.365 eV  best=5.363 eV  top50=0  top10%=0
Cycle  43: GP refit  (52 labelled)
  → 2NbOI2-1  gap=1.845 eV  best=5.363 eV  top50=0  top10%=0
Cycle  44: GP refit  (53 labelled)
  → 1OVI2-1  gap=1.849 eV  best=5.363 eV  top50=0  top10%=0
Cycle  45: GP refit  (54 labelled)
  → 1NiSSeZr-1  gap=1.881 eV  best=5.363 eV  top50=0  top10%=0
Cycle  46: full DKL retrain  (55 labelled)
GP warmup: 20 epochs on initial embeddings
Joint DKL training: 50 epochs
  Epoch 20/50  loss=-0.4604
  Epoch 40/50  loss=-0.6013
DKL training done in 0.3s
  → 1AgGaP2S6-1  gap=2.285 eV  best=5.363 eV  top50=0  top10%=0
Cycle  47: GP refit  (56 labelled)
  → 1OVBr2-1  gap=3.019 eV  best=5.363 eV  top50=0  top10%=0
Cycle  48: GP refit  (57 labelled)
  → 2CoHS2-1  gap=1.204 eV  best=5.363 eV  top50=0  top10%=0
Cycle  49: GP refit  (58 labelled)
  → 1CdHIS-1  gap=2.851 eV  best=5.363 eV  top50=0  top10%=0
Cycle  50: GP refit  (59 labelled)
  → 1SnBr2S2-1  gap=1.490 eV  best=5.363 eV  top50=0  top10%=0
Cycle  51: full DKL retrain  (60 labelled)
GP warmup: 20 epochs on initial embeddings
Joint DKL training: 50 epochs
  Epoch 20/50  loss=-0.2311
  Epoch 40/50  loss=-0.3988
DKL training done in 0.3s
  → 1C2O2Zr3-1  gap=0.961 eV  best=5.363 eV  top50=0  top10%=0
Cycle  52: GP refit  (61 labelled)
  → 1GaInS2-1  gap=2.570 eV  best=5.363 eV  top50=0  top10%=0
Cycle  53: GP refit  (62 labelled)
  → 1PbI2-2  gap=2.404 eV  best=5.363 eV  top50=0  top10%=0
Cycle  54: GP refit  (63 labelled)
  → 1MoSe2-1  gap=1.804 eV  best=5.363 eV  top50=0  top10%=0
Cycle  55: GP refit  (64 labelled)
  → 1MgI2-3  gap=3.448 eV  best=5.363 eV  top50=0  top10%=0
Cycle  56: full DKL retrain  (65 labelled)
GP warmup: 20 epochs on initial embeddings
Joint DKL training: 50 epochs
  Epoch 20/50  loss=-0.3415
  Epoch 40/50  loss=-0.5315
DKL training done in 0.3s
  → 1BiHTe2O6-1  gap=4.226 eV  best=5.363 eV  top50=0  top10%=0
Cycle  57: GP refit  (66 labelled)
  → 1C2O2Hf3-1  gap=0.917 eV  best=5.363 eV  top50=0  top10%=0
Cycle  58: GP refit  (67 labelled)
  → 1OZrBr2-1  gap=2.245 eV  best=5.363 eV  top50=0  top10%=0
Cycle  59: GP refit  (68 labelled)
  → 2FeS2-1  gap=1.331 eV  best=5.363 eV  top50=0  top10%=0
Cycle  60: GP refit  (69 labelled)
  → 1HfCl2-1  gap=1.471 eV  best=5.363 eV  top50=0  top10%=0
Cycle  61: full DKL retrain  (70 labelled)
GP warmup: 20 epochs on initial embeddings
Joint DKL training: 50 epochs
  Epoch 20/50  loss=-0.4190
  Epoch 40/50  loss=-0.5363
DKL training done in 0.3s
  → 1AgCrP2S6-1  gap=2.012 eV  best=5.363 eV  top50=0  top10%=0
Cycle  62: GP refit  (71 labelled)
  → 1CoNaP2S6-1  gap=1.851 eV  best=5.363 eV  top50=0  top10%=0
Cycle  63: GP refit  (72 labelled)
  → 1N2O2Zr3-1  gap=0.616 eV  best=5.363 eV  top50=0  top10%=0
Cycle  64: GP refit  (73 labelled)
  → 1YI2-1  gap=0.544 eV  best=5.363 eV  top50=0  top10%=0
Cycle  65: GP refit  (74 labelled)
  → 1FeCl2-3  gap=0.071 eV  best=5.363 eV  top50=0  top10%=0
Cycle  66: full DKL retrain  (75 labelled)
GP warmup: 20 epochs on initial embeddings
Joint DKL training: 50 epochs
  Epoch 20/50  loss=0.0326
  Epoch 40/50  loss=-0.2416
DKL training done in 0.3s
  → 1N2O2Hf3-1  gap=0.508 eV  best=5.363 eV  top50=0  top10%=0
Cycle  67: GP refit  (76 labelled)
  → 1AuClCuI-1  gap=3.695 eV  best=5.363 eV  top50=0  top10%=0
Cycle  68: GP refit  (77 labelled)
  → 1HfS2-2  gap=2.038 eV  best=5.363 eV  top50=0  top10%=0
Cycle  69: GP refit  (78 labelled)
  → 2KNOsSF5-1  gap=2.516 eV  best=5.363 eV  top50=0  top10%=0
Cycle  70: GP refit  (79 labelled)
  → 2MoSe2-1  gap=0.108 eV  best=5.363 eV  top50=0  top10%=0
Cycle  71: full DKL retrain  (80 labelled)
GP warmup: 20 epochs on initial embeddings
Joint DKL training: 50 epochs
  Epoch 20/50  loss=0.2283
  Epoch 40/50  loss=0.0856
DKL training done in 0.3s
  → 2MoS2-1  gap=0.069 eV  best=5.363 eV  top50=0  top10%=0
Cycle  72: GP refit  (81 labelled)
  → 1AsBrSe-1  gap=1.839 eV  best=5.363 eV  top50=0  top10%=0
Cycle  73: GP refit  (82 labelled)
  → 1SnI2-2  gap=2.504 eV  best=5.363 eV  top50=0  top10%=0
Cycle  74: GP refit  (83 labelled)
  → 1NiZrI6-1  gap=2.561 eV  best=5.363 eV  top50=0  top10%=0
Cycle  75: GP refit  (84 labelled)
  → 2HInTeS4-1  gap=2.900 eV  best=5.363 eV  top50=0  top10%=0
Cycle  76: full DKL retrain  (85 labelled)
GP warmup: 20 epochs on initial embeddings
Joint DKL training: 50 epochs
  Epoch 20/50  loss=0.1361
  Epoch 40/50  loss=-0.0633
DKL training done in 0.3s
  → 1ZrCl2-1  gap=1.500 eV  best=5.363 eV  top50=0  top10%=0
Cycle  77: GP refit  (86 labelled)
  → 1CdBr2-3  gap=3.373 eV  best=5.363 eV  top50=0  top10%=0
Cycle  78: GP refit  (87 labelled)
  → 1YCl2-1  gap=0.999 eV  best=5.363 eV  top50=0  top10%=0
Cycle  79: GP refit  (88 labelled)
  → 2ZrCl2-1  gap=1.161 eV  best=5.363 eV  top50=0  top10%=0
Cycle  80: GP refit  (89 labelled)
  → 1HfMnI6-1  gap=2.788 eV  best=5.363 eV  top50=0  top10%=0
Cycle  81: full DKL retrain  (90 labelled)
GP warmup: 20 epochs on initial embeddings
Joint DKL training: 50 epochs
  Epoch 20/50  loss=0.0179
  Epoch 40/50  loss=-0.1658
DKL training done in 0.3s
  → 1GaInTe2-1  gap=1.532 eV  best=5.363 eV  top50=0  top10%=0
Cycle  82: GP refit  (91 labelled)
  → 4AgF2-2  gap=1.637 eV  best=5.363 eV  top50=0  top10%=0
Cycle  83: GP refit  (92 labelled)
  → 1YBr2-1  gap=0.901 eV  best=5.363 eV  top50=0  top10%=0
Cycle  84: GP refit  (93 labelled)
  → 2ZrBr2-1  gap=1.140 eV  best=5.363 eV  top50=0  top10%=0
Cycle  85: GP refit  (94 labelled)
  → 1ZnI2-3  gap=1.644 eV  best=5.363 eV  top50=0  top10%=0
Cycle  86: full DKL retrain  (95 labelled)
GP warmup: 20 epochs on initial embeddings
Joint DKL training: 50 epochs
  Epoch 20/50  loss=-0.3425
  Epoch 40/50  loss=-0.5446
DKL training done in 0.3s
  → 1HfTe2-2  gap=0.665 eV  best=5.363 eV  top50=0  top10%=0
Cycle  87: GP refit  (96 labelled)
  → 1WS2-1  gap=2.055 eV  best=5.363 eV  top50=0  top10%=0
Cycle  88: GP refit  (97 labelled)
  → 1ZrBr2-1  gap=1.276 eV  best=5.363 eV  top50=0  top10%=0
Cycle  89: GP refit  (98 labelled)
  → 1RuCl2-3  gap=0.908 eV  best=5.363 eV  top50=0  top10%=0
Cycle  90: GP refit  (99 labelled)
  → 2InS2-3  gap=1.242 eV  best=5.363 eV  top50=0  top10%=0
Cycle  91: full DKL retrain  (100 labelled)
GP warmup: 20 epochs on initial embeddings
Joint DKL training: 50 epochs
  Epoch 20/50  loss=-0.3819
  Epoch 40/50  loss=-0.5713
DKL training done in 0.3s
  → 1CoLiP2S6-1  gap=2.395 eV  best=5.363 eV  top50=0  top10%=0
Cycle  92: GP refit  (101 labelled)
  → 2RuS2-1  gap=1.583 eV  best=5.363 eV  top50=0  top10%=0
Cycle  93: GP refit  (102 labelled)
  → 1WTe2-1  gap=1.141 eV  best=5.363 eV  top50=0  top10%=0
Cycle  94: GP refit  (103 labelled)
  → 2RuSe2-1  gap=1.595 eV  best=5.363 eV  top50=0  top10%=0
Cycle  95: GP refit  (104 labelled)
  → 1VTe2-1  gap=0.854 eV  best=5.363 eV  top50=0  top10%=0
Cycle  96: full DKL retrain  (105 labelled)
GP warmup: 20 epochs on initial embeddings
Joint DKL training: 50 epochs
  Epoch 20/50  loss=-0.8611
  Epoch 40/50  loss=-1.0373
DKL training done in 0.3s
  → 1AgAlP2Te6-1  gap=1.065 eV  best=5.363 eV  top50=0  top10%=0
Cycle  97: GP refit  (106 labelled)
  → 1SI2Pb2-1  gap=1.567 eV  best=5.363 eV  top50=0  top10%=0
Cycle  98: GP refit  (107 labelled)
  → 2WSe2-1  gap=0.118 eV  best=5.363 eV  top50=0  top10%=0
Cycle  99: GP refit  (108 labelled)
  → 1TiO2-3  gap=3.447 eV  best=5.363 eV  top50=0  top10%=0
Cycle 100: GP refit  (109 labelled)
  → 1MoS2-1  gap=2.087 eV  best=5.363 eV  top50=0  top10%=0
  visible_0p7_3p0/dkl_finetune/seed24 → in-window found=80
BOLoop: 766 materials  |  direction=max  |  top-50 internal threshold=5.35  top-10% internal threshold=4.94
Init: 10 random labels  |  best (max) = 3.985
Cycle   1: full DKL retrain  (10 labelled)
GP warmup: 20 epochs on initial embeddings
/home/roy/software/anaconda3/lib/python3.13/site-packages/torch/_compile.py:32: UserWarning: optimizer contains a parameter group with duplicate parameters; in future, this will cause an error; see github.com/pytorch/pytorch/issues/40967 for more information
  return disable_fn(*args, **kwargs)
Joint DKL training: 50 epochs
  Epoch 20/50  loss=1.2719
  Epoch 40/50  loss=1.1547
DKL training done in 0.3s
  → 1AgAlP2Se6-1  gap=2.339 eV  best=3.985 eV  top50=0  top10%=0
Cycle   2: GP refit  (11 labelled)
  → 1CoLiP2Se6-1  gap=2.004 eV  best=3.985 eV  top50=0  top10%=0
Cycle   3: GP refit  (12 labelled)
  → 1AgAlAs2Se6-1  gap=1.577 eV  best=3.985 eV  top50=0  top10%=0
Cycle   4: GP refit  (13 labelled)
  → 1PdZnP2Se6-1  gap=0.796 eV  best=3.985 eV  top50=0  top10%=0
Cycle   5: GP refit  (14 labelled)
  → 1AgScP2Se6-1  gap=2.775 eV  best=3.985 eV  top50=0  top10%=0
Cycle   6: full DKL retrain  (15 labelled)
GP warmup: 20 epochs on initial embeddings
Joint DKL training: 50 epochs
  Epoch 20/50  loss=0.6554
  Epoch 40/50  loss=0.3827
DKL training done in 0.3s
  → 1AgCrP2Se6-1  gap=1.789 eV  best=3.985 eV  top50=0  top10%=0
Cycle   7: GP refit  (16 labelled)
  → 1AgCrP2Te6-1  gap=1.137 eV  best=3.985 eV  top50=0  top10%=0
Cycle   8: GP refit  (17 labelled)
  → 1CoLiP2S6-1  gap=2.395 eV  best=3.985 eV  top50=0  top10%=0
Cycle   9: GP refit  (18 labelled)
  → 1WCu2Se4-1  gap=2.444 eV  best=3.985 eV  top50=0  top10%=0
Cycle  10: GP refit  (19 labelled)
  → 1MoCu2S4-1  gap=2.617 eV  best=3.985 eV  top50=0  top10%=0
Cycle  11: full DKL retrain  (20 labelled)
GP warmup: 20 epochs on initial embeddings
Joint DKL training: 50 epochs
  Epoch 20/50  loss=0.3099
  Epoch 40/50  loss=0.2210
DKL training done in 0.3s
  → 1AgCrP2S6-1  gap=2.012 eV  best=3.985 eV  top50=0  top10%=0
Cycle  12: GP refit  (21 labelled)
  → 2AgCrP2S6-1  gap=2.715 eV  best=3.985 eV  top50=0  top10%=0
Cycle  13: GP refit  (22 labelled)
  → 1AgInP2Se6-1  gap=1.707 eV  best=3.985 eV  top50=0  top10%=0
Cycle  14: GP refit  (23 labelled)
  → 1CoNaP2S6-1  gap=1.851 eV  best=3.985 eV  top50=0  top10%=0
Cycle  15: GP refit  (24 labelled)
  → 1AgGaP2Se6-1  gap=1.694 eV  best=3.985 eV  top50=0  top10%=0
Cycle  16: full DKL retrain  (25 labelled)
GP warmup: 20 epochs on initial embeddings
Joint DKL training: 50 epochs
  Epoch 20/50  loss=0.0858
  Epoch 40/50  loss=-0.0563
DKL training done in 0.3s
  → 1AgGaP2S6-1  gap=2.285 eV  best=3.985 eV  top50=0  top10%=0
Cycle  17: GP refit  (26 labelled)
  → 1AgInP2S6-1  gap=2.365 eV  best=3.985 eV  top50=0  top10%=0
Cycle  18: GP refit  (27 labelled)
  → 1N2O2Hf3-1  gap=0.508 eV  best=3.985 eV  top50=0  top10%=0
Cycle  19: GP refit  (28 labelled)
  → 1OVBr2-1  gap=3.019 eV  best=3.985 eV  top50=0  top10%=0
Cycle  20: GP refit  (29 labelled)
  → 1SNb3Br7-1  gap=1.525 eV  best=3.985 eV  top50=0  top10%=0
Cycle  21: full DKL retrain  (30 labelled)
GP warmup: 20 epochs on initial embeddings
Joint DKL training: 50 epochs
  Epoch 20/50  loss=0.2027
  Epoch 40/50  loss=0.0505
DKL training done in 0.4s
  → 1AgAlP2Te6-1  gap=1.065 eV  best=3.985 eV  top50=0  top10%=0
Cycle  22: GP refit  (31 labelled)
  → 4AsLiS2-2  gap=1.883 eV  best=3.985 eV  top50=0  top10%=0
Cycle  23: GP refit  (32 labelled)
  → 4AsNaO2-1  gap=5.635 eV  best=5.635 eV  top50=1  top10%=1
Cycle  24: GP refit  (33 labelled)
  → 1CrHS2-1  gap=2.800 eV  best=5.635 eV  top50=1  top10%=1
Cycle  25: GP refit  (34 labelled)
  → 1FeBr2-3  gap=0.145 eV  best=5.635 eV  top50=1  top10%=1
Cycle  26: full DKL retrain  (35 labelled)
GP warmup: 20 epochs on initial embeddings
Joint DKL training: 50 epochs
  Epoch 20/50  loss=0.8058
  Epoch 40/50  loss=0.3604
DKL training done in 0.3s
  → 1HgBr2-4  gap=2.459 eV  best=5.635 eV  top50=1  top10%=1
Cycle  27: GP refit  (36 labelled)
  → 1MgBr2-3  gap=4.662 eV  best=5.635 eV  top50=1  top10%=1
Cycle  28: GP refit  (37 labelled)
  → 2ClMnSbS2-2  gap=1.242 eV  best=5.635 eV  top50=1  top10%=1
Cycle  29: GP refit  (38 labelled)
  → 1WAu2Se4-1  gap=1.415 eV  best=5.635 eV  top50=1  top10%=1
Cycle  30: GP refit  (39 labelled)
  → 1GeSe-1  gap=2.915 eV  best=5.635 eV  top50=1  top10%=1
Cycle  31: full DKL retrain  (40 labelled)
GP warmup: 20 epochs on initial embeddings
Joint DKL training: 50 epochs
  Epoch 20/50  loss=0.4927
  Epoch 40/50  loss=0.3250
DKL training done in 0.4s
  → 1AgTlP2Se6-1  gap=0.901 eV  best=5.635 eV  top50=1  top10%=1
Cycle  32: GP refit  (41 labelled)
  → 1GaInS2-1  gap=2.570 eV  best=5.635 eV  top50=1  top10%=1
Cycle  33: GP refit  (42 labelled)
  → 2GaS-1  gap=3.197 eV  best=5.635 eV  top50=1  top10%=1
Cycle  34: GP refit  (43 labelled)
  → 1ZrSe2-2  gap=1.684 eV  best=5.635 eV  top50=1  top10%=1
Cycle  35: GP refit  (44 labelled)
  → 1ONb3Cl7-1  gap=1.594 eV  best=5.635 eV  top50=1  top10%=1
Cycle  36: full DKL retrain  (45 labelled)
GP warmup: 20 epochs on initial embeddings
Joint DKL training: 50 epochs
  Epoch 20/50  loss=0.4100
  Epoch 40/50  loss=0.2380
DKL training done in 0.3s
  → 1C2O2Zr3-1  gap=0.961 eV  best=5.635 eV  top50=1  top10%=1
Cycle  37: GP refit  (46 labelled)
  → 2WSe2-1  gap=0.118 eV  best=5.635 eV  top50=1  top10%=1
Cycle  38: GP refit  (47 labelled)
  → 1SSeZr-2  gap=1.777 eV  best=5.635 eV  top50=1  top10%=1
Cycle  39: GP refit  (48 labelled)
  → 2SeZr-4  gap=0.355 eV  best=5.635 eV  top50=1  top10%=1
Cycle  40: GP refit  (49 labelled)
  → 2CuSe-4  gap=1.116 eV  best=5.635 eV  top50=1  top10%=1
Cycle  41: full DKL retrain  (50 labelled)
GP warmup: 20 epochs on initial embeddings
Joint DKL training: 50 epochs
  Epoch 20/50  loss=0.4982
  Epoch 40/50  loss=0.4031
DKL training done in 0.3s
  → 1BrHf2S2Cl3-1  gap=3.424 eV  best=5.635 eV  top50=1  top10%=1
Cycle  42: GP refit  (51 labelled)
  → 1GeMnCl6-1  gap=2.129 eV  best=5.635 eV  top50=1  top10%=1
Cycle  43: GP refit  (52 labelled)
  → 2AuS-1  gap=2.010 eV  best=5.635 eV  top50=1  top10%=1
Cycle  44: GP refit  (53 labelled)
  → 1ZrS2-2  gap=2.023 eV  best=5.635 eV  top50=1  top10%=1
Cycle  45: GP refit  (54 labelled)
  → 1AuInCl2S2-1  gap=2.584 eV  best=5.635 eV  top50=1  top10%=1
Cycle  46: full DKL retrain  (55 labelled)
GP warmup: 20 epochs on initial embeddings
Joint DKL training: 50 epochs
  Epoch 20/50  loss=0.2705
  Epoch 40/50  loss=0.0878
DKL training done in 0.3s
  → 1STeIn2-1  gap=1.141 eV  best=5.635 eV  top50=1  top10%=1
Cycle  47: GP refit  (56 labelled)
  → 1GaInTe2-1  gap=1.532 eV  best=5.635 eV  top50=1  top10%=1
Cycle  48: GP refit  (57 labelled)
  → 1TiBr2-1  gap=1.166 eV  best=5.635 eV  top50=1  top10%=1
Cycle  49: GP refit  (58 labelled)
  → 2InS2-3  gap=1.242 eV  best=5.635 eV  top50=1  top10%=1
Cycle  50: GP refit  (59 labelled)
  → 4AgCl2-1  gap=0.971 eV  best=5.635 eV  top50=1  top10%=1
Cycle  51: full DKL retrain  (60 labelled)
GP warmup: 20 epochs on initial embeddings
Joint DKL training: 50 epochs
  Epoch 20/50  loss=-0.1185
  Epoch 40/50  loss=-0.2867
DKL training done in 0.3s
  → 1C2O2Hf3-1  gap=0.917 eV  best=5.635 eV  top50=1  top10%=1
Cycle  52: GP refit  (61 labelled)
  → 1CSiH2-1  gap=4.871 eV  best=5.635 eV  top50=1  top10%=1
Cycle  53: GP refit  (62 labelled)
  → 2OsO2-1  gap=1.005 eV  best=5.635 eV  top50=1  top10%=1
Cycle  54: GP refit  (63 labelled)
  → 2HfBr2-1  gap=1.334 eV  best=5.635 eV  top50=1  top10%=1
Cycle  55: GP refit  (64 labelled)
  → 1MnZrBr6-1  gap=3.584 eV  best=5.635 eV  top50=1  top10%=1
Cycle  56: full DKL retrain  (65 labelled)
GP warmup: 20 epochs on initial embeddings
Joint DKL training: 50 epochs
  Epoch 20/50  loss=0.2677
  Epoch 40/50  loss=0.0644
DKL training done in 0.3s
  → 4NaSbS2-2  gap=2.102 eV  best=5.635 eV  top50=1  top10%=1
Cycle  57: GP refit  (66 labelled)
  → 1CdClHS-1  gap=3.853 eV  best=5.635 eV  top50=1  top10%=1
Cycle  58: GP refit  (67 labelled)
  → 1HfS2-2  gap=2.038 eV  best=5.635 eV  top50=1  top10%=1
Cycle  59: GP refit  (68 labelled)
  → 2AgAuCl4-1  gap=2.332 eV  best=5.635 eV  top50=1  top10%=1
Cycle  60: GP refit  (69 labelled)
  → 1TeTa3Br7-1  gap=1.397 eV  best=5.635 eV  top50=1  top10%=1
Cycle  61: full DKL retrain  (70 labelled)
GP warmup: 20 epochs on initial embeddings
Joint DKL training: 50 epochs
  Epoch 20/50  loss=0.2275
  Epoch 40/50  loss=-0.0067
DKL training done in 0.3s
  → 1CSiF2-1  gap=3.306 eV  best=5.635 eV  top50=1  top10%=1
Cycle  62: GP refit  (71 labelled)
  → 1OZrBr2-1  gap=2.245 eV  best=5.635 eV  top50=1  top10%=1
Cycle  63: GP refit  (72 labelled)
  → 1RuCl2-3  gap=0.908 eV  best=5.635 eV  top50=1  top10%=1
Cycle  64: GP refit  (73 labelled)
  → 2CoAs2Br2O3-1  gap=3.781 eV  best=5.635 eV  top50=1  top10%=1
Cycle  65: GP refit  (74 labelled)
  → 2BaBrF-1  gap=6.128 eV  best=6.128 eV  top50=2  top10%=2
Cycle  66: full DKL retrain  (75 labelled)
GP warmup: 20 epochs on initial embeddings
Joint DKL training: 50 epochs
  Epoch 20/50  loss=0.3302
  Epoch 40/50  loss=0.1758
DKL training done in 0.3s
  → 2BrNbO2-1  gap=3.469 eV  best=6.128 eV  top50=2  top10%=2
Cycle  67: GP refit  (76 labelled)
  → 3RuSCl2-1  gap=1.131 eV  best=6.128 eV  top50=2  top10%=2
Cycle  68: GP refit  (77 labelled)
  → 2CoHO2-1  gap=2.596 eV  best=6.128 eV  top50=2  top10%=2
Cycle  69: GP refit  (78 labelled)
  → 2CsNOOsF5-1  gap=2.891 eV  best=6.128 eV  top50=2  top10%=2
Cycle  70: GP refit  (79 labelled)
  → 1Nb3Br8-1  gap=0.985 eV  best=6.128 eV  top50=2  top10%=2
Cycle  71: full DKL retrain  (80 labelled)
GP warmup: 20 epochs on initial embeddings
Joint DKL training: 50 epochs
  Epoch 20/50  loss=0.0330
  Epoch 40/50  loss=-0.1647
DKL training done in 0.3s
  → 1OVF2-1  gap=3.311 eV  best=6.128 eV  top50=2  top10%=2
Cycle  72: GP refit  (81 labelled)
  → 1PbSe2-1  gap=1.847 eV  best=6.128 eV  top50=2  top10%=2
Cycle  73: GP refit  (82 labelled)
  → 1TiS2-2  gap=2.015 eV  best=6.128 eV  top50=2  top10%=2
Cycle  74: GP refit  (83 labelled)
  → 1PdZrBr6-1  gap=1.974 eV  best=6.128 eV  top50=2  top10%=2
Cycle  75: GP refit  (84 labelled)
  → 2NORbRuF5-1  gap=3.120 eV  best=6.128 eV  top50=2  top10%=2
Cycle  76: full DKL retrain  (85 labelled)
GP warmup: 20 epochs on initial embeddings
Joint DKL training: 50 epochs
  Epoch 20/50  loss=-0.2295
  Epoch 40/50  loss=-0.3862
DKL training done in 0.3s
  → 1CoLiAs2Se6-1  gap=1.175 eV  best=6.128 eV  top50=2  top10%=2
Cycle  77: GP refit  (86 labelled)
  → 1CoNaAs2Se6-1  gap=1.295 eV  best=6.128 eV  top50=2  top10%=2
Cycle  78: GP refit  (87 labelled)
  → 1TiSe2-2  gap=1.460 eV  best=6.128 eV  top50=2  top10%=2
Cycle  79: GP refit  (88 labelled)
  → 1MoS2-1  gap=2.087 eV  best=6.128 eV  top50=2  top10%=2
Cycle  80: GP refit  (89 labelled)
  → 1TiCl2-1  gap=1.395 eV  best=6.128 eV  top50=2  top10%=2
Cycle  81: full DKL retrain  (90 labelled)
GP warmup: 20 epochs on initial embeddings
Joint DKL training: 50 epochs
  Epoch 20/50  loss=-0.6259
  Epoch 40/50  loss=-0.8080
DKL training done in 0.3s
  → 1AgCrAs2Se6-1  gap=1.270 eV  best=6.128 eV  top50=2  top10%=2
Cycle  82: GP refit  (91 labelled)
  → 1BrITl2-1  gap=2.587 eV  best=6.128 eV  top50=2  top10%=2
Cycle  83: GP refit  (92 labelled)
  → 1MoSe2-1  gap=1.804 eV  best=6.128 eV  top50=2  top10%=2
Cycle  84: GP refit  (93 labelled)
  → 1HfSe2-2  gap=1.626 eV  best=6.128 eV  top50=2  top10%=2
Cycle  85: GP refit  (94 labelled)
  → 1CrS2-1  gap=1.351 eV  best=6.128 eV  top50=2  top10%=2
Cycle  86: full DKL retrain  (95 labelled)
GP warmup: 20 epochs on initial embeddings
Joint DKL training: 50 epochs
  Epoch 20/50  loss=-0.7253
  Epoch 40/50  loss=-0.8484
DKL training done in 0.3s
  → 1ZrO2-3  gap=3.561 eV  best=6.128 eV  top50=2  top10%=2
Cycle  87: GP refit  (96 labelled)
  → 1ZrCl2-1  gap=1.500 eV  best=6.128 eV  top50=2  top10%=2
Cycle  88: GP refit  (97 labelled)
  → 2MoSe2-1  gap=0.108 eV  best=6.128 eV  top50=2  top10%=2
Cycle  89: GP refit  (98 labelled)
  → 2NiTeS3-1  gap=1.567 eV  best=6.128 eV  top50=2  top10%=2
Cycle  90: GP refit  (99 labelled)
  → 1ClSbSe-1  gap=1.804 eV  best=6.128 eV  top50=2  top10%=2
Cycle  91: full DKL retrain  (100 labelled)
GP warmup: 20 epochs on initial embeddings
Joint DKL training: 50 epochs
  Epoch 20/50  loss=-0.3054
  Epoch 40/50  loss=-0.4508
DKL training done in 0.3s
  → 1HfCl2-1  gap=1.471 eV  best=6.128 eV  top50=2  top10%=2
Cycle  92: GP refit  (101 labelled)
  → 1WO2-1  gap=2.097 eV  best=6.128 eV  top50=2  top10%=2
Cycle  93: GP refit  (102 labelled)
  → 1AgMoBr4-1  gap=2.166 eV  best=6.128 eV  top50=2  top10%=2
Cycle  94: GP refit  (103 labelled)
  → 2MoWS4-1  gap=2.062 eV  best=6.128 eV  top50=2  top10%=2
Cycle  95: GP refit  (104 labelled)
  → 2PtTeS3-1  gap=1.731 eV  best=6.128 eV  top50=2  top10%=2
Cycle  96: full DKL retrain  (105 labelled)
GP warmup: 20 epochs on initial embeddings
Joint DKL training: 50 epochs
  Epoch 20/50  loss=-0.3170
  Epoch 40/50  loss=-0.5392
DKL training done in 0.3s
  → 1WS2-1  gap=2.055 eV  best=6.128 eV  top50=2  top10%=2
Cycle  97: GP refit  (106 labelled)
  → 1AuInF4-1  gap=2.106 eV  best=6.128 eV  top50=2  top10%=2
Cycle  98: GP refit  (107 labelled)
  → 4AsPdTe-1  gap=0.967 eV  best=6.128 eV  top50=2  top10%=2
Cycle  99: GP refit  (108 labelled)
  → 1SSeTi-2  gap=1.342 eV  best=6.128 eV  top50=2  top10%=2
Cycle 100: GP refit  (109 labelled)
  → 1AsClSe-1  gap=2.060 eV  best=6.128 eV  top50=2  top10%=2
  visible_0p7_3p0/dkl_finetune/seed25 → in-window found=80
BOLoop: 766 materials  |  direction=max  |  top-50 internal threshold=5.35  top-10% internal threshold=4.94
Init: 10 random labels  |  best (max) = 4.453
Cycle   1: full DKL retrain  (10 labelled)
GP warmup: 20 epochs on initial embeddings
/home/roy/software/anaconda3/lib/python3.13/site-packages/torch/_compile.py:32: UserWarning: optimizer contains a parameter group with duplicate parameters; in future, this will cause an error; see github.com/pytorch/pytorch/issues/40967 for more information
  return disable_fn(*args, **kwargs)
Joint DKL training: 50 epochs
  Epoch 20/50  loss=1.5965
  Epoch 40/50  loss=1.4634
DKL training done in 0.3s
  → 1MoW3Se8-1  gap=1.749 eV  best=4.453 eV  top50=0  top10%=0
Cycle   2: GP refit  (11 labelled)
  → 1WSe2-1  gap=1.730 eV  best=4.453 eV  top50=0  top10%=0
Cycle   3: GP refit  (12 labelled)
  → 1MoSe2-1  gap=1.804 eV  best=4.453 eV  top50=0  top10%=0
Cycle   4: GP refit  (13 labelled)
  → 1SSeW-1  gap=1.911 eV  best=4.453 eV  top50=0  top10%=0
Cycle   5: GP refit  (14 labelled)
  → 1WTe2-1  gap=1.141 eV  best=4.453 eV  top50=0  top10%=0
Cycle   6: full DKL retrain  (15 labelled)
GP warmup: 20 epochs on initial embeddings
Joint DKL training: 50 epochs
  Epoch 20/50  loss=-0.3697
  Epoch 40/50  loss=-0.6581
DKL training done in 0.3s
  → 1AgScP2S6-1  gap=3.453 eV  best=4.453 eV  top50=0  top10%=0
Cycle   7: GP refit  (16 labelled)
  → 1AgCrP2Se6-1  gap=1.789 eV  best=4.453 eV  top50=0  top10%=0
Cycle   8: GP refit  (17 labelled)
  → 1CoLiP2S6-1  gap=2.395 eV  best=4.453 eV  top50=0  top10%=0
Cycle   9: GP refit  (18 labelled)
  → 1AgCrP2S6-1  gap=2.012 eV  best=4.453 eV  top50=0  top10%=0
Cycle  10: GP refit  (19 labelled)
  → 2AgCrP2S6-1  gap=2.715 eV  best=4.453 eV  top50=0  top10%=0
Cycle  11: full DKL retrain  (20 labelled)
GP warmup: 20 epochs on initial embeddings
Joint DKL training: 50 epochs
  Epoch 20/50  loss=2.0081
  Epoch 40/50  loss=0.4518
DKL training done in 0.3s
  → 1CoLiP2Se6-1  gap=2.004 eV  best=4.453 eV  top50=0  top10%=0
Cycle  12: GP refit  (21 labelled)
  → 1CoNaAs2Se6-1  gap=1.295 eV  best=4.453 eV  top50=0  top10%=0
Cycle  13: GP refit  (22 labelled)
  → 2MoSe2-1  gap=0.108 eV  best=4.453 eV  top50=0  top10%=0
Cycle  14: GP refit  (23 labelled)
  → 1MoSSe-1  gap=1.949 eV  best=4.453 eV  top50=0  top10%=0
Cycle  15: GP refit  (24 labelled)
  → 1PdZnP2Se6-1  gap=0.796 eV  best=4.453 eV  top50=0  top10%=0
Cycle  16: full DKL retrain  (25 labelled)
GP warmup: 20 epochs on initial embeddings
Joint DKL training: 50 epochs
  Epoch 20/50  loss=0.8388
  Epoch 40/50  loss=0.6999
DKL training done in 0.3s
  → 1MoCu2S4-1  gap=2.617 eV  best=4.453 eV  top50=0  top10%=0
Cycle  17: GP refit  (26 labelled)
  → 2WSe2-1  gap=0.118 eV  best=4.453 eV  top50=0  top10%=0
Cycle  18: GP refit  (27 labelled)
  → 1SSeTi-2  gap=1.342 eV  best=4.453 eV  top50=0  top10%=0
Cycle  19: GP refit  (28 labelled)
  → 1OVI2-1  gap=1.849 eV  best=4.453 eV  top50=0  top10%=0
Cycle  20: GP refit  (29 labelled)
  → 1HfS2-2  gap=2.038 eV  best=4.453 eV  top50=0  top10%=0
Cycle  21: full DKL retrain  (30 labelled)
GP warmup: 20 epochs on initial embeddings
Joint DKL training: 50 epochs
  Epoch 20/50  loss=0.8350
  Epoch 40/50  loss=0.7872
DKL training done in 0.3s
  → 2BrMnSbS2-2  gap=1.201 eV  best=4.453 eV  top50=0  top10%=0
Cycle  22: GP refit  (31 labelled)
  → 1IrRuS2Br4-1  gap=0.554 eV  best=4.453 eV  top50=0  top10%=0
Cycle  23: GP refit  (32 labelled)
  → 1AsBrS-2  gap=2.077 eV  best=4.453 eV  top50=0  top10%=0
Cycle  24: GP refit  (33 labelled)
  → 1ClCrTe-1  gap=1.108 eV  best=4.453 eV  top50=0  top10%=0
Cycle  25: GP refit  (34 labelled)
  → 1TiS2-2  gap=2.015 eV  best=4.453 eV  top50=0  top10%=0
Cycle  26: full DKL retrain  (35 labelled)
GP warmup: 20 epochs on initial embeddings
Joint DKL training: 50 epochs
  Epoch 20/50  loss=0.7188
  Epoch 40/50  loss=0.5747
DKL training done in 0.3s
  → 1HfI2-1  gap=1.022 eV  best=4.453 eV  top50=0  top10%=0
Cycle  27: GP refit  (36 labelled)
  → 1STeZr-2  gap=0.672 eV  best=4.453 eV  top50=0  top10%=0
Cycle  28: GP refit  (37 labelled)
  → 2PtTeS3-1  gap=1.731 eV  best=4.453 eV  top50=0  top10%=0
Cycle  29: GP refit  (38 labelled)
  → 2CuI-2  gap=3.552 eV  best=4.453 eV  top50=0  top10%=0
Cycle  30: GP refit  (39 labelled)
  → 2IrNbS4-1  gap=1.253 eV  best=4.453 eV  top50=0  top10%=0
Cycle  31: full DKL retrain  (40 labelled)
GP warmup: 20 epochs on initial embeddings
Joint DKL training: 50 epochs
  Epoch 20/50  loss=0.6695
  Epoch 40/50  loss=0.4593
DKL training done in 0.3s
  → 1BrCuGeTe-1  gap=1.540 eV  best=4.453 eV  top50=0  top10%=0
Cycle  32: GP refit  (41 labelled)
  → 1MoCu2Te4-1  gap=1.230 eV  best=4.453 eV  top50=0  top10%=0
Cycle  33: GP refit  (42 labelled)
  → 1WCu2Te4-1  gap=1.488 eV  best=4.453 eV  top50=0  top10%=0
Cycle  34: GP refit  (43 labelled)
  → 1AsITe-2  gap=0.872 eV  best=4.453 eV  top50=0  top10%=0
Cycle  35: GP refit  (44 labelled)
  → 1BiBrS-2  gap=1.980 eV  best=4.453 eV  top50=0  top10%=0
Cycle  36: full DKL retrain  (45 labelled)
GP warmup: 20 epochs on initial embeddings
Joint DKL training: 50 epochs
  Epoch 20/50  loss=0.4874
  Epoch 40/50  loss=0.2649
DKL training done in 0.3s
  → 1AgInP2Se6-1  gap=1.707 eV  best=4.453 eV  top50=0  top10%=0
Cycle  37: GP refit  (46 labelled)
  → 1AgTlP2Se6-1  gap=0.901 eV  best=4.453 eV  top50=0  top10%=0
Cycle  38: GP refit  (47 labelled)
  → 1AgGaP2Se6-1  gap=1.694 eV  best=4.453 eV  top50=0  top10%=0
Cycle  39: GP refit  (48 labelled)
  → 1BrClV-1  gap=3.751 eV  best=4.453 eV  top50=0  top10%=0
Cycle  40: GP refit  (49 labelled)
  → 1AsIS-2  gap=0.810 eV  best=4.453 eV  top50=0  top10%=0
Cycle  41: full DKL retrain  (50 labelled)
GP warmup: 20 epochs on initial embeddings
Joint DKL training: 50 epochs
  Epoch 20/50  loss=0.4951
  Epoch 40/50  loss=0.2258
DKL training done in 0.3s
  → 1AgAlP2Se6-1  gap=2.339 eV  best=4.453 eV  top50=0  top10%=0
Cycle  42: GP refit  (51 labelled)
  → 1CoNaP2Se6-1  gap=1.717 eV  best=4.453 eV  top50=0  top10%=0
Cycle  43: GP refit  (52 labelled)
  → 1GaInTe2-1  gap=1.532 eV  best=4.453 eV  top50=0  top10%=0
Cycle  44: GP refit  (53 labelled)
  → 4OBi2Se2-1  gap=1.736 eV  best=4.453 eV  top50=0  top10%=0
Cycle  45: GP refit  (54 labelled)
  → 1ZrBr2-1  gap=1.276 eV  best=4.453 eV  top50=0  top10%=0
Cycle  46: full DKL retrain  (55 labelled)
GP warmup: 20 epochs on initial embeddings
Joint DKL training: 50 epochs
  Epoch 20/50  loss=0.0066
  Epoch 40/50  loss=-0.1727
DKL training done in 0.3s
  → 1AgGaP2S6-1  gap=2.285 eV  best=4.453 eV  top50=0  top10%=0
Cycle  47: GP refit  (56 labelled)
  → 1AgInP2S6-1  gap=2.365 eV  best=4.453 eV  top50=0  top10%=0
Cycle  48: GP refit  (57 labelled)
  → 1AgAlP2Te6-1  gap=1.065 eV  best=4.453 eV  top50=0  top10%=0
Cycle  49: GP refit  (58 labelled)
  → 1Br2Se2Pb3-1  gap=1.452 eV  best=4.453 eV  top50=0  top10%=0
Cycle  50: GP refit  (59 labelled)
  → 1STeIn2-1  gap=1.141 eV  best=4.453 eV  top50=0  top10%=0
Cycle  51: full DKL retrain  (60 labelled)
GP warmup: 20 epochs on initial embeddings
Joint DKL training: 50 epochs
  Epoch 20/50  loss=-0.0818
  Epoch 40/50  loss=-0.2362
DKL training done in 0.3s
  → 4AsLiS2-2  gap=1.883 eV  best=4.453 eV  top50=0  top10%=0
Cycle  52: GP refit  (61 labelled)
  → 3RuSCl2-1  gap=1.131 eV  best=4.453 eV  top50=0  top10%=0
Cycle  53: GP refit  (62 labelled)
  → 2NbOI2-1  gap=1.845 eV  best=4.453 eV  top50=0  top10%=0
Cycle  54: GP refit  (63 labelled)
  → 1OBi2S2-1  gap=1.179 eV  best=4.453 eV  top50=0  top10%=0
Cycle  55: GP refit  (64 labelled)
  → 1BaI2-2  gap=4.274 eV  best=4.453 eV  top50=0  top10%=0
Cycle  56: full DKL retrain  (65 labelled)
GP warmup: 20 epochs on initial embeddings
Joint DKL training: 50 epochs
  Epoch 20/50  loss=-0.0935
  Epoch 40/50  loss=-0.1985
DKL training done in 0.3s
  → 1AgAlAs2Se6-1  gap=1.577 eV  best=4.453 eV  top50=0  top10%=0
Cycle  57: GP refit  (66 labelled)
  → 1CrHS2-1  gap=2.800 eV  best=4.453 eV  top50=0  top10%=0
Cycle  58: GP refit  (67 labelled)
  → 4OBi2S2-1  gap=2.212 eV  best=4.453 eV  top50=0  top10%=0
Cycle  59: GP refit  (68 labelled)
  → 1BrHfI-1  gap=1.157 eV  best=4.453 eV  top50=0  top10%=0
Cycle  60: GP refit  (69 labelled)
  → 1MnNbSe4-1  gap=0.598 eV  best=4.453 eV  top50=0  top10%=0
Cycle  61: full DKL retrain  (70 labelled)
GP warmup: 20 epochs on initial embeddings
Joint DKL training: 50 epochs
  Epoch 20/50  loss=0.0811
  Epoch 40/50  loss=-0.1153
DKL training done in 0.3s
  → 4NaSbS2-2  gap=2.102 eV  best=4.453 eV  top50=0  top10%=0
Cycle  62: GP refit  (71 labelled)
  → 1AlGaSe2-1  gap=2.765 eV  best=4.453 eV  top50=0  top10%=0
Cycle  63: GP refit  (72 labelled)
  → 4OSb2Se2-1  gap=2.083 eV  best=4.453 eV  top50=0  top10%=0
Cycle  64: GP refit  (73 labelled)
  → 1PbI2-2  gap=2.404 eV  best=4.453 eV  top50=0  top10%=0
Cycle  65: GP refit  (74 labelled)
  → 1VSe2-1  gap=0.977 eV  best=4.453 eV  top50=0  top10%=0
Cycle  66: full DKL retrain  (75 labelled)
GP warmup: 20 epochs on initial embeddings
Joint DKL training: 50 epochs
  Epoch 20/50  loss=-0.2619
  Epoch 40/50  loss=-0.4151
DKL training done in 0.3s
  → 1CoLiAs2Se6-1  gap=1.175 eV  best=4.453 eV  top50=0  top10%=0
Cycle  67: GP refit  (76 labelled)
  → 1CoNaP2S6-1  gap=1.851 eV  best=4.453 eV  top50=0  top10%=0
Cycle  68: GP refit  (77 labelled)
  → 1BrITl2-1  gap=2.587 eV  best=4.453 eV  top50=0  top10%=0
Cycle  69: GP refit  (78 labelled)
  → 1CdBr2-3  gap=3.373 eV  best=4.453 eV  top50=0  top10%=0
Cycle  70: GP refit  (79 labelled)
  → 2FeS2-1  gap=1.331 eV  best=4.453 eV  top50=0  top10%=0
Cycle  71: full DKL retrain  (80 labelled)
GP warmup: 20 epochs on initial embeddings
Joint DKL training: 50 epochs
  Epoch 20/50  loss=-0.1616
  Epoch 40/50  loss=-0.3504
DKL training done in 0.3s
  → 1SnBr2S2-1  gap=1.490 eV  best=4.453 eV  top50=0  top10%=0
Cycle  72: GP refit  (81 labelled)
  → 1YI2-1  gap=0.544 eV  best=4.453 eV  top50=0  top10%=0
Cycle  73: GP refit  (82 labelled)
  → 1FeBr2-3  gap=0.145 eV  best=4.453 eV  top50=0  top10%=0
Cycle  74: GP refit  (83 labelled)
  → 1CdGeSSeBr2-1  gap=1.544 eV  best=4.453 eV  top50=0  top10%=0
Cycle  75: GP refit  (84 labelled)
  → 1BrSSb-2  gap=2.028 eV  best=4.453 eV  top50=0  top10%=0
Cycle  76: full DKL retrain  (85 labelled)
GP warmup: 20 epochs on initial embeddings
Joint DKL training: 50 epochs
  Epoch 20/50  loss=-0.1966
  Epoch 40/50  loss=-0.3732
DKL training done in 0.3s
  → 1SI2Pb2-1  gap=1.567 eV  best=4.453 eV  top50=0  top10%=0
Cycle  77: GP refit  (86 labelled)
  → 1SeBi2S2-1  gap=0.923 eV  best=4.453 eV  top50=0  top10%=0
Cycle  78: GP refit  (87 labelled)
  → 1HfTe2-2  gap=0.665 eV  best=4.453 eV  top50=0  top10%=0
Cycle  79: GP refit  (88 labelled)
  → 1HgBr2-4  gap=2.459 eV  best=4.453 eV  top50=0  top10%=0
Cycle  80: GP refit  (89 labelled)
  → 1YBr2-1  gap=0.901 eV  best=4.453 eV  top50=0  top10%=0
Cycle  81: full DKL retrain  (90 labelled)
GP warmup: 20 epochs on initial embeddings
Joint DKL training: 50 epochs
  Epoch 20/50  loss=-0.4255
  Epoch 40/50  loss=-0.5881
DKL training done in 0.3s
  → 1N2O2Y3-1  gap=1.648 eV  best=4.453 eV  top50=0  top10%=0
Cycle  82: GP refit  (91 labelled)
  → 2ZrBr2-1  gap=1.140 eV  best=4.453 eV  top50=0  top10%=0
Cycle  83: GP refit  (92 labelled)
  → 1FeCl2-3  gap=0.071 eV  best=4.453 eV  top50=0  top10%=0
Cycle  84: GP refit  (93 labelled)
  → 1TiBr2-1  gap=1.166 eV  best=4.453 eV  top50=0  top10%=0
Cycle  85: GP refit  (94 labelled)
  → 2BrRhS-2  gap=2.135 eV  best=4.453 eV  top50=0  top10%=0
Cycle  86: full DKL retrain  (95 labelled)
GP warmup: 20 epochs on initial embeddings
Joint DKL training: 50 epochs
  Epoch 20/50  loss=-0.2392
  Epoch 40/50  loss=-0.3942
DKL training done in 0.3s
  → 1N2O2Zr3-1  gap=0.616 eV  best=4.453 eV  top50=0  top10%=0
Cycle  87: GP refit  (96 labelled)
  → 1C2O2Zr3-1  gap=0.961 eV  best=4.453 eV  top50=0  top10%=0
Cycle  88: GP refit  (97 labelled)
  → 2ClMoO2-1  gap=1.762 eV  best=4.453 eV  top50=0  top10%=0
Cycle  89: GP refit  (98 labelled)
  → 2HfBr2-1  gap=1.334 eV  best=4.453 eV  top50=0  top10%=0
Cycle  90: GP refit  (99 labelled)
  → 2BaBrF-1  gap=6.128 eV  best=6.128 eV  top50=1  top10%=1
Cycle  91: full DKL retrain  (100 labelled)
GP warmup: 20 epochs on initial embeddings
Joint DKL training: 50 epochs
  Epoch 20/50  loss=0.1928
  Epoch 40/50  loss=-0.1361
DKL training done in 0.3s
  → 1N2O2Hf3-1  gap=0.508 eV  best=6.128 eV  top50=1  top10%=1
Cycle  92: GP refit  (101 labelled)
  → 1YCl2-1  gap=0.999 eV  best=6.128 eV  top50=1  top10%=1
Cycle  93: GP refit  (102 labelled)
  → 1MgBr2-3  gap=4.662 eV  best=6.128 eV  top50=1  top10%=1
Cycle  94: GP refit  (103 labelled)
  → 2CrWS4-1  gap=1.442 eV  best=6.128 eV  top50=1  top10%=1
Cycle  95: GP refit  (104 labelled)
  → 1CdGaInS4-1  gap=1.340 eV  best=6.128 eV  top50=1  top10%=1
Cycle  96: full DKL retrain  (105 labelled)
GP warmup: 20 epochs on initial embeddings
Joint DKL training: 50 epochs
  Epoch 20/50  loss=-0.0112
  Epoch 40/50  loss=-0.2173
DKL training done in 0.3s
  → 1BiHTe2O6-1  gap=4.226 eV  best=6.128 eV  top50=1  top10%=1
Cycle  97: GP refit  (106 labelled)
  → 2CoHS2-1  gap=1.204 eV  best=6.128 eV  top50=1  top10%=1
Cycle  98: GP refit  (107 labelled)
  → 1CdHIS-1  gap=2.851 eV  best=6.128 eV  top50=1  top10%=1
Cycle  99: GP refit  (108 labelled)
  → 1SnI2-2  gap=2.504 eV  best=6.128 eV  top50=1  top10%=1
Cycle 100: GP refit  (109 labelled)
  → 2ClRhSe-1  gap=2.271 eV  best=6.128 eV  top50=1  top10%=1
  visible_0p7_3p0/dkl_finetune/seed26 → in-window found=81
BOLoop: 766 materials  |  direction=max  |  top-50 internal threshold=5.35  top-10% internal threshold=4.94
Init: 10 random labels  |  best (max) = 5.770
Cycle   1: full DKL retrain  (10 labelled)
GP warmup: 20 epochs on initial embeddings
/home/roy/software/anaconda3/lib/python3.13/site-packages/torch/_compile.py:32: UserWarning: optimizer contains a parameter group with duplicate parameters; in future, this will cause an error; see github.com/pytorch/pytorch/issues/40967 for more information
  return disable_fn(*args, **kwargs)
Joint DKL training: 50 epochs
  Epoch 20/50  loss=1.8365
  Epoch 40/50  loss=1.7439
DKL training done in 0.3s
  → 1CoLiAs2Se6-1  gap=1.175 eV  best=5.770 eV  top50=0  top10%=0
Cycle   2: GP refit  (11 labelled)
  → 1ClScTe-1  gap=1.807 eV  best=5.770 eV  top50=0  top10%=0
Cycle   3: GP refit  (12 labelled)
  → 1AlISe-1  gap=2.186 eV  best=5.770 eV  top50=0  top10%=0
Cycle   4: GP refit  (13 labelled)
  → 1AgInP2Se6-1  gap=1.707 eV  best=5.770 eV  top50=0  top10%=0
Cycle   5: GP refit  (14 labelled)
  → 1PdZnP2Se6-1  gap=0.796 eV  best=5.770 eV  top50=0  top10%=0
Cycle   6: full DKL retrain  (15 labelled)
GP warmup: 20 epochs on initial embeddings
Joint DKL training: 50 epochs
  Epoch 20/50  loss=0.7191
  Epoch 40/50  loss=0.4577
DKL training done in 0.3s
  → 1AgCrP2Te6-1  gap=1.137 eV  best=5.770 eV  top50=0  top10%=0
Cycle   7: GP refit  (16 labelled)
  → 1AgAlP2Te6-1  gap=1.065 eV  best=5.770 eV  top50=0  top10%=0
Cycle   8: GP refit  (17 labelled)
  → 1AlGaSe2-1  gap=2.765 eV  best=5.770 eV  top50=0  top10%=0
Cycle   9: GP refit  (18 labelled)
  → 2TeZr-4  gap=0.652 eV  best=5.770 eV  top50=0  top10%=0
Cycle  10: GP refit  (19 labelled)
  → 1ClIMg-1  gap=3.815 eV  best=5.770 eV  top50=0  top10%=0
Cycle  11: full DKL retrain  (20 labelled)
GP warmup: 20 epochs on initial embeddings
Joint DKL training: 50 epochs
  Epoch 20/50  loss=0.5512
  Epoch 40/50  loss=0.3903
DKL training done in 0.3s
  → 1AgScP2S6-1  gap=3.453 eV  best=5.770 eV  top50=0  top10%=0
Cycle  12: GP refit  (21 labelled)
  → 1AgCrP2Se6-1  gap=1.789 eV  best=5.770 eV  top50=0  top10%=0
Cycle  13: GP refit  (22 labelled)
  → 1CoLiP2S6-1  gap=2.395 eV  best=5.770 eV  top50=0  top10%=0
Cycle  14: GP refit  (23 labelled)
  → 1AgAlP2S6-1  gap=3.132 eV  best=5.770 eV  top50=0  top10%=0
Cycle  15: GP refit  (24 labelled)
  → 1AgTlP2Se6-1  gap=0.901 eV  best=5.770 eV  top50=0  top10%=0
Cycle  16: full DKL retrain  (25 labelled)
GP warmup: 20 epochs on initial embeddings
Joint DKL training: 50 epochs
  Epoch 20/50  loss=0.3890
  Epoch 40/50  loss=0.0833
DKL training done in 0.3s
  → 1AgAlP2Se6-1  gap=2.339 eV  best=5.770 eV  top50=0  top10%=0
Cycle  17: GP refit  (26 labelled)
  → 1AgAlAs2Se6-1  gap=1.577 eV  best=5.770 eV  top50=0  top10%=0
Cycle  18: GP refit  (27 labelled)
  → 1AgGaP2Se6-1  gap=1.694 eV  best=5.770 eV  top50=0  top10%=0
Cycle  19: GP refit  (28 labelled)
  → 1AgScP2Se6-1  gap=2.775 eV  best=5.770 eV  top50=0  top10%=0
Cycle  20: GP refit  (29 labelled)
  → 1ZrHf3Te8-1  gap=0.690 eV  best=5.770 eV  top50=0  top10%=0
Cycle  21: full DKL retrain  (30 labelled)
GP warmup: 20 epochs on initial embeddings
Joint DKL training: 50 epochs
  Epoch 20/50  loss=0.3160
  Epoch 40/50  loss=0.1930
DKL training done in 0.3s
  → 2ClScBr2-1  gap=4.935 eV  best=5.770 eV  top50=0  top10%=0
Cycle  22: GP refit  (31 labelled)
  → 1SnS2-3  gap=1.455 eV  best=5.770 eV  top50=0  top10%=0
Cycle  23: GP refit  (32 labelled)
  → 1PtSSe-1  gap=2.017 eV  best=5.770 eV  top50=0  top10%=0
Cycle  24: GP refit  (33 labelled)
  → 2CuS-2  gap=1.311 eV  best=5.770 eV  top50=0  top10%=0
Cycle  25: GP refit  (34 labelled)
  → 2NRbRuSCl5-1  gap=1.324 eV  best=5.770 eV  top50=0  top10%=0
Cycle  26: full DKL retrain  (35 labelled)
GP warmup: 20 epochs on initial embeddings
Joint DKL training: 50 epochs
  Epoch 20/50  loss=0.6849
  Epoch 40/50  loss=0.5006
DKL training done in 0.3s
  → 1CoLiP2Se6-1  gap=2.004 eV  best=5.770 eV  top50=0  top10%=0
Cycle  27: GP refit  (36 labelled)
  → 1CoNaP2Se6-1  gap=1.717 eV  best=5.770 eV  top50=0  top10%=0
Cycle  28: GP refit  (37 labelled)
  → 1Br2Se2Pb3-1  gap=1.452 eV  best=5.770 eV  top50=0  top10%=0
Cycle  29: GP refit  (38 labelled)
  → 1OVCl2-1  gap=3.144 eV  best=5.770 eV  top50=0  top10%=0
Cycle  30: GP refit  (39 labelled)
  → 2MoWS4-1  gap=2.062 eV  best=5.770 eV  top50=0  top10%=0
Cycle  31: full DKL retrain  (40 labelled)
GP warmup: 20 epochs on initial embeddings
Joint DKL training: 50 epochs
  Epoch 20/50  loss=-0.0072
  Epoch 40/50  loss=-0.1727
DKL training done in 0.3s
  → 1AgCrP2S6-1  gap=2.012 eV  best=5.770 eV  top50=0  top10%=0
Cycle  32: GP refit  (41 labelled)
  → 2AgCrP2S6-1  gap=2.715 eV  best=5.770 eV  top50=0  top10%=0
Cycle  33: GP refit  (42 labelled)
  → 1AgInP2S6-1  gap=2.365 eV  best=5.770 eV  top50=0  top10%=0
Cycle  34: GP refit  (43 labelled)
  → 4AsLiS2-2  gap=1.883 eV  best=5.770 eV  top50=0  top10%=0
Cycle  35: GP refit  (44 labelled)
  → 2CoHS2-1  gap=1.204 eV  best=5.770 eV  top50=0  top10%=0
Cycle  36: full DKL retrain  (45 labelled)
GP warmup: 20 epochs on initial embeddings
Joint DKL training: 50 epochs
  Epoch 20/50  loss=-0.2209
  Epoch 40/50  loss=-0.3280
DKL training done in 0.3s
  → 1CoNaP2S6-1  gap=1.851 eV  best=5.770 eV  top50=0  top10%=0
Cycle  37: GP refit  (46 labelled)
  → 1N2O2Zr3-1  gap=0.616 eV  best=5.770 eV  top50=0  top10%=0
Cycle  38: GP refit  (47 labelled)
  → 1GaInS2-1  gap=2.570 eV  best=5.770 eV  top50=0  top10%=0
Cycle  39: GP refit  (48 labelled)
  → 2ClIrSe-2  gap=2.235 eV  best=5.770 eV  top50=0  top10%=0
Cycle  40: GP refit  (49 labelled)
  → 2BrClCr-1  gap=2.869 eV  best=5.770 eV  top50=0  top10%=0
Cycle  41: full DKL retrain  (50 labelled)
GP warmup: 20 epochs on initial embeddings
Joint DKL training: 50 epochs
  Epoch 20/50  loss=-0.0172
  Epoch 40/50  loss=-0.1604
DKL training done in 0.3s
  → 1BiHTe2O6-1  gap=4.226 eV  best=5.770 eV  top50=0  top10%=0
Cycle  42: GP refit  (51 labelled)
  → 1N2O2Y3-1  gap=1.648 eV  best=5.770 eV  top50=0  top10%=0
Cycle  43: GP refit  (52 labelled)
  → 2NbOI2-1  gap=1.845 eV  best=5.770 eV  top50=0  top10%=0
Cycle  44: GP refit  (53 labelled)
  → 2IIrS-2  gap=1.749 eV  best=5.770 eV  top50=0  top10%=0
Cycle  45: GP refit  (54 labelled)
  → 4AgF2-2  gap=1.637 eV  best=5.770 eV  top50=0  top10%=0
Cycle  46: full DKL retrain  (55 labelled)
GP warmup: 20 epochs on initial embeddings
Joint DKL training: 50 epochs
  Epoch 20/50  loss=0.0642
  Epoch 40/50  loss=-0.0428
DKL training done in 0.3s
  → 1AgGaP2S6-1  gap=2.285 eV  best=5.770 eV  top50=0  top10%=0
Cycle  47: GP refit  (56 labelled)
  → 1OZrBr2-1  gap=2.245 eV  best=5.770 eV  top50=0  top10%=0
Cycle  48: GP refit  (57 labelled)
  → 1AuClCuI-1  gap=3.695 eV  best=5.770 eV  top50=0  top10%=0
Cycle  49: GP refit  (58 labelled)
  → 1SnBr2-2  gap=3.220 eV  best=5.770 eV  top50=0  top10%=0
Cycle  50: GP refit  (59 labelled)
  → 1FeZrBr6-1  gap=3.164 eV  best=5.770 eV  top50=0  top10%=0
Cycle  51: full DKL retrain  (60 labelled)
GP warmup: 20 epochs on initial embeddings
Joint DKL training: 50 epochs
  Epoch 20/50  loss=0.0051
  Epoch 40/50  loss=-0.1563
DKL training done in 0.3s
  → 1STeIn2-1  gap=1.141 eV  best=5.770 eV  top50=0  top10%=0
Cycle  52: GP refit  (61 labelled)
  → 1GaInTe2-1  gap=1.532 eV  best=5.770 eV  top50=0  top10%=0
Cycle  53: GP refit  (62 labelled)
  → 1NiSSeZr-1  gap=1.881 eV  best=5.770 eV  top50=0  top10%=0
Cycle  54: GP refit  (63 labelled)
  → 4OBi2S2-1  gap=2.212 eV  best=5.770 eV  top50=0  top10%=0
Cycle  55: GP refit  (64 labelled)
  → 2TiCl2-1  gap=0.997 eV  best=5.770 eV  top50=0  top10%=0
Cycle  56: full DKL retrain  (65 labelled)
GP warmup: 20 epochs on initial embeddings
Joint DKL training: 50 epochs
  Epoch 20/50  loss=-0.3456
  Epoch 40/50  loss=-0.4746
DKL training done in 0.3s
  → 1OBi2S2-1  gap=1.179 eV  best=5.770 eV  top50=0  top10%=0
Cycle  57: GP refit  (66 labelled)
  → 4OBi2Se2-1  gap=1.736 eV  best=5.770 eV  top50=0  top10%=0
Cycle  58: GP refit  (67 labelled)
  → 2MoS2-1  gap=0.069 eV  best=5.770 eV  top50=0  top10%=0
Cycle  59: GP refit  (68 labelled)
  → 2RuO2-1  gap=0.693 eV  best=5.770 eV  top50=0  top10%=0
Cycle  60: GP refit  (69 labelled)
  → 1WS2-1  gap=2.055 eV  best=5.770 eV  top50=0  top10%=0
Cycle  61: full DKL retrain  (70 labelled)
GP warmup: 20 epochs on initial embeddings
Joint DKL training: 50 epochs
  Epoch 20/50  loss=-0.0681
  Epoch 40/50  loss=-0.2446
DKL training done in 0.3s
  → 1TiCl2-1  gap=1.395 eV  best=5.770 eV  top50=0  top10%=0
Cycle  62: GP refit  (71 labelled)
  → 1TiS2-2  gap=2.015 eV  best=5.770 eV  top50=0  top10%=0
Cycle  63: GP refit  (72 labelled)
  → 2InS2-3  gap=1.242 eV  best=5.770 eV  top50=0  top10%=0
Cycle  64: GP refit  (73 labelled)
  → 1FeI2-3  gap=0.020 eV  best=5.770 eV  top50=0  top10%=0
Cycle  65: GP refit  (74 labelled)
  → 1SeSn-1  gap=2.788 eV  best=5.770 eV  top50=0  top10%=0
Cycle  66: full DKL retrain  (75 labelled)
GP warmup: 20 epochs on initial embeddings
Joint DKL training: 50 epochs
  Epoch 20/50  loss=0.0579
  Epoch 40/50  loss=-0.0786
DKL training done in 0.3s
  → 1CSiF2-1  gap=3.306 eV  best=5.770 eV  top50=0  top10%=0
Cycle  67: GP refit  (76 labelled)
  → 1PbI2-2  gap=2.404 eV  best=5.770 eV  top50=0  top10%=0
Cycle  68: GP refit  (77 labelled)
  → 2FRhS-1  gap=2.175 eV  best=5.770 eV  top50=0  top10%=0
Cycle  69: GP refit  (78 labelled)
  → 2NOsRbSF5-1  gap=2.520 eV  best=5.770 eV  top50=0  top10%=0
Cycle  70: GP refit  (79 labelled)
  → 1ONb3Cl7-1  gap=1.594 eV  best=5.770 eV  top50=0  top10%=0
Cycle  71: full DKL retrain  (80 labelled)
GP warmup: 20 epochs on initial embeddings
Joint DKL training: 50 epochs
  Epoch 20/50  loss=-0.1725
  Epoch 40/50  loss=-0.3374
DKL training done in 0.3s
  → 1BrCuGeTe-1  gap=1.540 eV  best=5.770 eV  top50=0  top10%=0
Cycle  72: GP refit  (81 labelled)
  → 1SnBr2S2-1  gap=1.490 eV  best=5.770 eV  top50=0  top10%=0
Cycle  73: GP refit  (82 labelled)
  → 1FeBr2-3  gap=0.145 eV  best=5.770 eV  top50=0  top10%=0
Cycle  74: GP refit  (83 labelled)
  → 1FeCl2-3  gap=0.071 eV  best=5.770 eV  top50=0  top10%=0
Cycle  75: GP refit  (84 labelled)
  → 4AsPtS-1  gap=2.061 eV  best=5.770 eV  top50=0  top10%=0
Cycle  76: full DKL retrain  (85 labelled)
GP warmup: 20 epochs on initial embeddings
Joint DKL training: 50 epochs
  Epoch 20/50  loss=-0.1796
  Epoch 40/50  loss=-0.3565
DKL training done in 0.3s
  → 4NaSbS2-2  gap=2.102 eV  best=5.770 eV  top50=0  top10%=0
Cycle  77: GP refit  (86 labelled)
  → 4BiLiO2-1  gap=3.784 eV  best=5.770 eV  top50=0  top10%=0
Cycle  78: GP refit  (87 labelled)
  → 2FeS2-1  gap=1.331 eV  best=5.770 eV  top50=0  top10%=0
Cycle  79: GP refit  (88 labelled)
  → 1ScI2-2  gap=0.573 eV  best=5.770 eV  top50=0  top10%=0
Cycle  80: GP refit  (89 labelled)
  → 2TiBr2-1  gap=0.817 eV  best=5.770 eV  top50=0  top10%=0
Cycle  81: full DKL retrain  (90 labelled)
GP warmup: 20 epochs on initial embeddings
Joint DKL training: 50 epochs
  Epoch 20/50  loss=-0.0775
  Epoch 40/50  loss=-0.2490
DKL training done in 0.3s
  → 1C2O2Zr3-1  gap=0.961 eV  best=5.770 eV  top50=0  top10%=0
Cycle  82: GP refit  (91 labelled)
  → 1YCl2-1  gap=0.999 eV  best=5.770 eV  top50=0  top10%=0
Cycle  83: GP refit  (92 labelled)
  → 1ScCl2-1  gap=0.736 eV  best=5.770 eV  top50=0  top10%=0
Cycle  84: GP refit  (93 labelled)
  → 1ZrS2-2  gap=2.023 eV  best=5.770 eV  top50=0  top10%=0
Cycle  85: GP refit  (94 labelled)
  → 1GeCl2-2  gap=3.875 eV  best=5.770 eV  top50=0  top10%=0
Cycle  86: full DKL retrain  (95 labelled)
GP warmup: 20 epochs on initial embeddings
Joint DKL training: 50 epochs
  Epoch 20/50  loss=0.0657
  Epoch 40/50  loss=-0.2364
DKL training done in 0.3s
  → 2ClMoO2-1  gap=1.762 eV  best=5.770 eV  top50=0  top10%=0
Cycle  87: GP refit  (96 labelled)
  → 2CoFO2-1  gap=2.473 eV  best=5.770 eV  top50=0  top10%=0
Cycle  88: GP refit  (97 labelled)
  → 2ClYO2-1  gap=1.184 eV  best=5.770 eV  top50=0  top10%=0
Cycle  89: GP refit  (98 labelled)
  → 1ScSe2-2  gap=1.490 eV  best=5.770 eV  top50=0  top10%=0
Cycle  90: GP refit  (99 labelled)
  → 1CdBr2-3  gap=3.373 eV  best=5.770 eV  top50=0  top10%=0
Cycle  91: full DKL retrain  (100 labelled)
GP warmup: 20 epochs on initial embeddings
Joint DKL training: 50 epochs
  Epoch 20/50  loss=-0.4707
  Epoch 40/50  loss=-0.6354
DKL training done in 0.3s
  → 1CrHS2-1  gap=2.800 eV  best=5.770 eV  top50=0  top10%=0
Cycle  92: GP refit  (101 labelled)
  → 1MgCl2-3  gap=6.063 eV  best=6.063 eV  top50=1  top10%=1
Cycle  93: GP refit  (102 labelled)
  → 1MgI2-3  gap=3.448 eV  best=6.063 eV  top50=1  top10%=1
Cycle  94: GP refit  (103 labelled)
  → 1CrSe2-1  gap=1.128 eV  best=6.063 eV  top50=1  top10%=1
Cycle  95: GP refit  (104 labelled)
  → 2BrRhS-2  gap=2.135 eV  best=6.063 eV  top50=1  top10%=1
Cycle  96: full DKL retrain  (105 labelled)
GP warmup: 20 epochs on initial embeddings
Joint DKL training: 50 epochs
  Epoch 20/50  loss=0.1118
  Epoch 40/50  loss=-0.1359
DKL training done in 0.3s
  → 2INbO2-1  gap=2.295 eV  best=6.063 eV  top50=1  top10%=1
Cycle  97: GP refit  (106 labelled)
  → 1ZrCl2-1  gap=1.500 eV  best=6.063 eV  top50=1  top10%=1
Cycle  98: GP refit  (107 labelled)
  → 2ZrCl2-1  gap=1.161 eV  best=6.063 eV  top50=1  top10%=1
Cycle  99: GP refit  (108 labelled)
  → 1MoS2-1  gap=2.087 eV  best=6.063 eV  top50=1  top10%=1
Cycle 100: GP refit  (109 labelled)
  → 1ZrBr2-1  gap=1.276 eV  best=6.063 eV  top50=1  top10%=1
  visible_0p7_3p0/dkl_finetune/seed27 → in-window found=76
BOLoop: 766 materials  |  direction=max  |  top-50 internal threshold=5.35  top-10% internal threshold=4.94
Init: 10 random labels  |  best (max) = 4.344
Cycle   1: full DKL retrain  (10 labelled)
GP warmup: 20 epochs on initial embeddings
/home/roy/software/anaconda3/lib/python3.13/site-packages/torch/_compile.py:32: UserWarning: optimizer contains a parameter group with duplicate parameters; in future, this will cause an error; see github.com/pytorch/pytorch/issues/40967 for more information
  return disable_fn(*args, **kwargs)
Joint DKL training: 50 epochs
  Epoch 20/50  loss=1.5882
  Epoch 40/50  loss=1.4527
DKL training done in 0.3s
  → 1Nb3Cl8-1  gap=0.912 eV  best=4.344 eV  top50=0  top10%=0
Cycle   2: GP refit  (11 labelled)
  → 2INbO2-1  gap=2.295 eV  best=4.344 eV  top50=0  top10%=0
Cycle   3: GP refit  (12 labelled)
  → 1ONb3Cl7-1  gap=1.594 eV  best=4.344 eV  top50=0  top10%=0
Cycle   4: GP refit  (13 labelled)
  → 2BrNbO2-1  gap=3.469 eV  best=4.344 eV  top50=0  top10%=0
Cycle   5: GP refit  (14 labelled)
  → 1ZnBr2-3  gap=3.449 eV  best=4.344 eV  top50=0  top10%=0
Cycle   6: full DKL retrain  (15 labelled)
GP warmup: 20 epochs on initial embeddings
Joint DKL training: 50 epochs
  Epoch 20/50  loss=0.9005
  Epoch 40/50  loss=0.8218
DKL training done in 0.3s
  → 2BrIrTe-2  gap=1.869 eV  best=4.344 eV  top50=0  top10%=0
Cycle   7: GP refit  (16 labelled)
  → 4AsPtS-1  gap=2.061 eV  best=4.344 eV  top50=0  top10%=0
Cycle   8: GP refit  (17 labelled)
  → 1ClSbTe-2  gap=1.891 eV  best=4.344 eV  top50=0  top10%=0
Cycle   9: GP refit  (18 labelled)
  → 1GaInTe2-1  gap=1.532 eV  best=4.344 eV  top50=0  top10%=0
Cycle  10: GP refit  (19 labelled)
  → 1HgBr2-4  gap=2.459 eV  best=4.344 eV  top50=0  top10%=0
Cycle  11: full DKL retrain  (20 labelled)
GP warmup: 20 epochs on initial embeddings
Joint DKL training: 50 epochs
  Epoch 20/50  loss=0.4043
  Epoch 40/50  loss=0.1153
DKL training done in 0.3s
  → 1AgCrP2Se6-1  gap=1.789 eV  best=4.344 eV  top50=0  top10%=0
Cycle  12: GP refit  (21 labelled)
  → 1AgCrP2Te6-1  gap=1.137 eV  best=4.344 eV  top50=0  top10%=0
Cycle  13: GP refit  (22 labelled)
  → 1AgAlP2Se6-1  gap=2.339 eV  best=4.344 eV  top50=0  top10%=0
Cycle  14: GP refit  (23 labelled)
  → 1SnBr2-2  gap=3.220 eV  best=4.344 eV  top50=0  top10%=0
Cycle  15: GP refit  (24 labelled)
  → 1BiBrTe-2  gap=1.162 eV  best=4.344 eV  top50=0  top10%=0
Cycle  16: full DKL retrain  (25 labelled)
GP warmup: 20 epochs on initial embeddings
Joint DKL training: 50 epochs
  Epoch 20/50  loss=0.3193
  Epoch 40/50  loss=0.1225
DKL training done in 0.3s
  → 1CoLiP2Se6-1  gap=2.004 eV  best=4.344 eV  top50=0  top10%=0
Cycle  17: GP refit  (26 labelled)
  → 1AgInP2Se6-1  gap=1.707 eV  best=4.344 eV  top50=0  top10%=0
Cycle  18: GP refit  (27 labelled)
  → 1AgAlAs2Se6-1  gap=1.577 eV  best=4.344 eV  top50=0  top10%=0
Cycle  19: GP refit  (28 labelled)
  → 1AgTlP2Se6-1  gap=0.901 eV  best=4.344 eV  top50=0  top10%=0
Cycle  20: GP refit  (29 labelled)
  → 1AlISe-1  gap=2.186 eV  best=4.344 eV  top50=0  top10%=0
Cycle  21: full DKL retrain  (30 labelled)
GP warmup: 20 epochs on initial embeddings
Joint DKL training: 50 epochs
  Epoch 20/50  loss=0.1981
  Epoch 40/50  loss=-0.0234
DKL training done in 0.3s
  → 1PdZnP2Se6-1  gap=0.796 eV  best=4.344 eV  top50=0  top10%=0
Cycle  22: GP refit  (31 labelled)
  → 1CoNaP2Se6-1  gap=1.717 eV  best=4.344 eV  top50=0  top10%=0
Cycle  23: GP refit  (32 labelled)
  → 1ScCl2-1  gap=0.736 eV  best=4.344 eV  top50=0  top10%=0
Cycle  24: GP refit  (33 labelled)
  → 1AsB-1  gap=1.188 eV  best=4.344 eV  top50=0  top10%=0
Cycle  25: GP refit  (34 labelled)
  → 2CsNOsSCl5-1  gap=1.544 eV  best=4.344 eV  top50=0  top10%=0
Cycle  26: full DKL retrain  (35 labelled)
GP warmup: 20 epochs on initial embeddings
Joint DKL training: 50 epochs
  Epoch 20/50  loss=0.3308
  Epoch 40/50  loss=0.1415
DKL training done in 0.3s
  → 1CoLiAs2Se6-1  gap=1.175 eV  best=4.344 eV  top50=0  top10%=0
Cycle  27: GP refit  (36 labelled)
  → 1AgGaP2Se6-1  gap=1.694 eV  best=4.344 eV  top50=0  top10%=0
Cycle  28: GP refit  (37 labelled)
  → 1C2O2Hf3-1  gap=0.917 eV  best=4.344 eV  top50=0  top10%=0
Cycle  29: GP refit  (38 labelled)
  → 3RuSCl2-1  gap=1.131 eV  best=4.344 eV  top50=0  top10%=0
Cycle  30: GP refit  (39 labelled)
  → 2FRhSe-1  gap=2.223 eV  best=4.344 eV  top50=0  top10%=0
Cycle  31: full DKL retrain  (40 labelled)
GP warmup: 20 epochs on initial embeddings
Joint DKL training: 50 epochs
  Epoch 20/50  loss=0.0258
  Epoch 40/50  loss=-0.1764
DKL training done in 0.3s
  → 1AgScP2Se6-1  gap=2.775 eV  best=4.344 eV  top50=0  top10%=0
Cycle  32: GP refit  (41 labelled)
  → 1AgAlP2Te6-1  gap=1.065 eV  best=4.344 eV  top50=0  top10%=0
Cycle  33: GP refit  (42 labelled)
  → 1YCl2-1  gap=0.999 eV  best=4.344 eV  top50=0  top10%=0
Cycle  34: GP refit  (43 labelled)
  → 1SSeW-1  gap=1.911 eV  best=4.344 eV  top50=0  top10%=0
Cycle  35: GP refit  (44 labelled)
  → 1HfSSe-1  gap=1.512 eV  best=4.344 eV  top50=0  top10%=0
Cycle  36: full DKL retrain  (45 labelled)
GP warmup: 20 epochs on initial embeddings
Joint DKL training: 50 epochs
  Epoch 20/50  loss=0.2289
  Epoch 40/50  loss=0.1198
DKL training done in 0.3s
  → 2RuS2-1  gap=1.583 eV  best=4.344 eV  top50=0  top10%=0
Cycle  37: GP refit  (46 labelled)
  → 1CaCl2-2  gap=6.384 eV  best=6.384 eV  top50=1  top10%=1
Cycle  38: GP refit  (47 labelled)
  → 2AuS-1  gap=2.010 eV  best=6.384 eV  top50=1  top10%=1
Cycle  39: GP refit  (48 labelled)
  → 1BiBrSe-2  gap=1.742 eV  best=6.384 eV  top50=1  top10%=1
Cycle  40: GP refit  (49 labelled)
  → 1BiBrSe-1  gap=1.363 eV  best=6.384 eV  top50=1  top10%=1
Cycle  41: full DKL retrain  (50 labelled)
GP warmup: 20 epochs on initial embeddings
Joint DKL training: 50 epochs
  Epoch 20/50  loss=0.8191
  Epoch 40/50  loss=0.6304
DKL training done in 0.3s
  → 2NORbRuF5-1  gap=3.120 eV  best=6.384 eV  top50=1  top10%=1
Cycle  42: GP refit  (51 labelled)
  → 1SSeSn-1  gap=1.476 eV  best=6.384 eV  top50=1  top10%=1
Cycle  43: GP refit  (52 labelled)
  → 1BrClI2O2V2-1  gap=2.590 eV  best=6.384 eV  top50=1  top10%=1
Cycle  44: GP refit  (53 labelled)
  → 1FeHfI6-1  gap=2.795 eV  best=6.384 eV  top50=1  top10%=1
Cycle  45: GP refit  (54 labelled)
  → 2SNi2Se3-1  gap=0.440 eV  best=6.384 eV  top50=1  top10%=1
Cycle  46: full DKL retrain  (55 labelled)
GP warmup: 20 epochs on initial embeddings
Joint DKL training: 50 epochs
  Epoch 20/50  loss=0.6039
  Epoch 40/50  loss=0.3837
DKL training done in 0.3s
  → 2CsNORuF5-1  gap=3.138 eV  best=6.384 eV  top50=1  top10%=1
Cycle  47: GP refit  (56 labelled)
  → 2CoAs2I2O3-1  gap=3.183 eV  best=6.384 eV  top50=1  top10%=1
Cycle  48: GP refit  (57 labelled)
  → 1N2O2Hf3-1  gap=0.508 eV  best=6.384 eV  top50=1  top10%=1
Cycle  49: GP refit  (58 labelled)
  → 2CsNRuSF5-1  gap=2.579 eV  best=6.384 eV  top50=1  top10%=1
Cycle  50: GP refit  (59 labelled)
  → 1BrIV-1  gap=3.500 eV  best=6.384 eV  top50=1  top10%=1
Cycle  51: full DKL retrain  (60 labelled)
GP warmup: 20 epochs on initial embeddings
Joint DKL training: 50 epochs
  Epoch 20/50  loss=0.6320
  Epoch 40/50  loss=0.4234
DKL training done in 0.3s
  → 2NOsRbSCl5-1  gap=1.486 eV  best=6.384 eV  top50=1  top10%=1
Cycle  52: GP refit  (61 labelled)
  → 2BiHgIO2-1  gap=2.659 eV  best=6.384 eV  top50=1  top10%=1
Cycle  53: GP refit  (62 labelled)
  → 1GeCl2-2  gap=3.875 eV  best=6.384 eV  top50=1  top10%=1
Cycle  54: GP refit  (63 labelled)
  → 4SSn-1  gap=2.426 eV  best=6.384 eV  top50=1  top10%=1
Cycle  55: GP refit  (64 labelled)
  → 1PtSeMn2S5-1  gap=1.467 eV  best=6.384 eV  top50=1  top10%=1
Cycle  56: full DKL retrain  (65 labelled)
GP warmup: 20 epochs on initial embeddings
Joint DKL training: 50 epochs
  Epoch 20/50  loss=0.5242
  Epoch 40/50  loss=0.3399
DKL training done in 0.3s
  → 4AsNaO2-1  gap=5.635 eV  best=6.384 eV  top50=2  top10%=2
Cycle  57: GP refit  (66 labelled)
  → 1YBr2-1  gap=0.901 eV  best=6.384 eV  top50=2  top10%=2
Cycle  58: GP refit  (67 labelled)
  → 1AuInCl2S2-1  gap=2.584 eV  best=6.384 eV  top50=2  top10%=2
Cycle  59: GP refit  (68 labelled)
  → 2CaHI-1  gap=4.709 eV  best=6.384 eV  top50=2  top10%=2
Cycle  60: GP refit  (69 labelled)
  → 4OSn-1  gap=3.719 eV  best=6.384 eV  top50=2  top10%=2
Cycle  61: full DKL retrain  (70 labelled)
GP warmup: 20 epochs on initial embeddings
Joint DKL training: 50 epochs
  Epoch 20/50  loss=0.7693
  Epoch 40/50  loss=0.6150
DKL training done in 0.3s
  → 1SnCl2-2  gap=3.537 eV  best=6.384 eV  top50=2  top10%=2
Cycle  62: GP refit  (71 labelled)
  → 2CsNOsSF5-1  gap=2.525 eV  best=6.384 eV  top50=2  top10%=2
Cycle  63: GP refit  (72 labelled)
  → 2IrTaS4-1  gap=1.331 eV  best=6.384 eV  top50=2  top10%=2
Cycle  64: GP refit  (73 labelled)
  → 2BrRhTe-1  gap=1.965 eV  best=6.384 eV  top50=2  top10%=2
Cycle  65: GP refit  (74 labelled)
  → 2NOOsRbF5-1  gap=2.864 eV  best=6.384 eV  top50=2  top10%=2
Cycle  66: full DKL retrain  (75 labelled)
GP warmup: 20 epochs on initial embeddings
Joint DKL training: 50 epochs
  Epoch 20/50  loss=0.3947
  Epoch 40/50  loss=0.2508
DKL training done in 0.3s
  → 1AsClSe-1  gap=2.060 eV  best=6.384 eV  top50=2  top10%=2
Cycle  67: GP refit  (76 labelled)
  → 1BrSbTe-2  gap=1.819 eV  best=6.384 eV  top50=2  top10%=2
Cycle  68: GP refit  (77 labelled)
  → 2IrSe-3  gap=0.822 eV  best=6.384 eV  top50=2  top10%=2
Cycle  69: GP refit  (78 labelled)
  → 2NRbRuSCl5-1  gap=1.324 eV  best=6.384 eV  top50=2  top10%=2
Cycle  70: GP refit  (79 labelled)
  → 2ClYO2-1  gap=1.184 eV  best=6.384 eV  top50=2  top10%=2
Cycle  71: full DKL retrain  (80 labelled)
GP warmup: 20 epochs on initial embeddings
Joint DKL training: 50 epochs
  Epoch 20/50  loss=0.4322
  Epoch 40/50  loss=0.2288
DKL training done in 0.3s
  → 2PtTeS3-1  gap=1.731 eV  best=6.384 eV  top50=2  top10%=2
Cycle  72: GP refit  (81 labelled)
  → 2SeZn-2  gap=3.054 eV  best=6.384 eV  top50=2  top10%=2
Cycle  73: GP refit  (82 labelled)
  → 1ClSbTe-1  gap=1.866 eV  best=6.384 eV  top50=2  top10%=2
Cycle  74: GP refit  (83 labelled)
  → 2FRhTe-1  gap=2.115 eV  best=6.384 eV  top50=2  top10%=2
Cycle  75: GP refit  (84 labelled)
  → 1SeNb3Br7-1  gap=1.477 eV  best=6.384 eV  top50=2  top10%=2
Cycle  76: full DKL retrain  (85 labelled)
GP warmup: 20 epochs on initial embeddings
Joint DKL training: 50 epochs
  Epoch 20/50  loss=0.0686
  Epoch 40/50  loss=-0.1331
DKL training done in 0.3s
  → 1AlGaSe2-1  gap=2.765 eV  best=6.384 eV  top50=2  top10%=2
Cycle  77: GP refit  (86 labelled)
  → 1OVI2-1  gap=1.849 eV  best=6.384 eV  top50=2  top10%=2
Cycle  78: GP refit  (87 labelled)
  → 1SeBi2S2-1  gap=0.923 eV  best=6.384 eV  top50=2  top10%=2
Cycle  79: GP refit  (88 labelled)
  → 1AsIS-2  gap=0.810 eV  best=6.384 eV  top50=2  top10%=2
Cycle  80: GP refit  (89 labelled)
  → 2PbSe-1  gap=1.312 eV  best=6.384 eV  top50=2  top10%=2
Cycle  81: full DKL retrain  (90 labelled)
GP warmup: 20 epochs on initial embeddings
Joint DKL training: 50 epochs
  Epoch 20/50  loss=0.0286
  Epoch 40/50  loss=-0.1200
DKL training done in 0.3s
  → 4OBi2Se2-1  gap=1.736 eV  best=6.384 eV  top50=2  top10%=2
Cycle  82: GP refit  (91 labelled)
  → 2OsO2-1  gap=1.005 eV  best=6.384 eV  top50=2  top10%=2
Cycle  83: GP refit  (92 labelled)
  → 1HfS2-2  gap=2.038 eV  best=6.384 eV  top50=2  top10%=2
Cycle  84: GP refit  (93 labelled)
  → 1TiS2-2  gap=2.015 eV  best=6.384 eV  top50=2  top10%=2
Cycle  85: GP refit  (94 labelled)
  → 2TiBr2-1  gap=0.817 eV  best=6.384 eV  top50=2  top10%=2
Cycle  86: full DKL retrain  (95 labelled)
GP warmup: 20 epochs on initial embeddings
Joint DKL training: 50 epochs
  Epoch 20/50  loss=-0.2076
  Epoch 40/50  loss=-0.3863
DKL training done in 0.3s
  → 1AgCrAs2Se6-1  gap=1.270 eV  best=6.384 eV  top50=2  top10%=2
Cycle  87: GP refit  (96 labelled)
  → 1PbSe2-1  gap=1.847 eV  best=6.384 eV  top50=2  top10%=2
Cycle  88: GP refit  (97 labelled)
  → 2MoS2-1  gap=0.069 eV  best=6.384 eV  top50=2  top10%=2
Cycle  89: GP refit  (98 labelled)
  → 1MoS2-1  gap=2.087 eV  best=6.384 eV  top50=2  top10%=2
Cycle  90: GP refit  (99 labelled)
  → 2InS2-3  gap=1.242 eV  best=6.384 eV  top50=2  top10%=2
Cycle  91: full DKL retrain  (100 labelled)
GP warmup: 20 epochs on initial embeddings
Joint DKL training: 50 epochs
  Epoch 20/50  loss=-0.0009
  Epoch 40/50  loss=-0.2201
DKL training done in 0.3s
  → 1OBi2S2-1  gap=1.179 eV  best=6.384 eV  top50=2  top10%=2
Cycle  92: GP refit  (101 labelled)
  → 1SrI2-2  gap=4.355 eV  best=6.384 eV  top50=2  top10%=2
Cycle  93: GP refit  (102 labelled)
  → 2AgTe-2  gap=0.242 eV  best=6.384 eV  top50=2  top10%=2
Cycle  94: GP refit  (103 labelled)
  → 1BSb-1  gap=0.551 eV  best=6.384 eV  top50=2  top10%=2
Cycle  95: GP refit  (104 labelled)
  → 1BP-1  gap=1.362 eV  best=6.384 eV  top50=2  top10%=2
Cycle  96: full DKL retrain  (105 labelled)
GP warmup: 20 epochs on initial embeddings
Joint DKL training: 50 epochs
  Epoch 20/50  loss=0.1360
  Epoch 40/50  loss=-0.0065
DKL training done in 0.3s
  → 2ClMoO2-1  gap=1.762 eV  best=6.384 eV  top50=2  top10%=2
Cycle  97: GP refit  (106 labelled)
  → 2NbOCl2-1  gap=1.951 eV  best=6.384 eV  top50=2  top10%=2
Cycle  98: GP refit  (107 labelled)
  → 4AgF2-2  gap=1.637 eV  best=6.384 eV  top50=2  top10%=2
Cycle  99: GP refit  (108 labelled)
  → 1AgMoBr4-1  gap=2.166 eV  best=6.384 eV  top50=2  top10%=2
Cycle 100: GP refit  (109 labelled)
  → 2RhTaS4-1  gap=1.231 eV  best=6.384 eV  top50=2  top10%=2
  visible_0p7_3p0/dkl_finetune/seed28 → in-window found=80
BOLoop: 766 materials  |  direction=max  |  top-50 internal threshold=5.35  top-10% internal threshold=4.94
Init: 10 random labels  |  best (max) = 6.385
Cycle   1: full DKL retrain  (10 labelled)
GP warmup: 20 epochs on initial embeddings
/home/roy/software/anaconda3/lib/python3.13/site-packages/torch/_compile.py:32: UserWarning: optimizer contains a parameter group with duplicate parameters; in future, this will cause an error; see github.com/pytorch/pytorch/issues/40967 for more information
  return disable_fn(*args, **kwargs)
Joint DKL training: 50 epochs
  Epoch 20/50  loss=2.3586
  Epoch 40/50  loss=2.1897
DKL training done in 0.3s
  → 1AsClSe-1  gap=2.060 eV  best=6.385 eV  top50=0  top10%=0
Cycle   2: GP refit  (11 labelled)
  → 1AgAlAs2Se6-1  gap=1.577 eV  best=6.385 eV  top50=0  top10%=0
Cycle   3: GP refit  (12 labelled)
  → 1AsBrTe-1  gap=1.839 eV  best=6.385 eV  top50=0  top10%=0
Cycle   4: GP refit  (13 labelled)
  → 4OSb2Se2-1  gap=2.083 eV  best=6.385 eV  top50=0  top10%=0
Cycle   5: GP refit  (14 labelled)
  → 4OBi2S2-1  gap=2.212 eV  best=6.385 eV  top50=0  top10%=0
Cycle   6: full DKL retrain  (15 labelled)
GP warmup: 20 epochs on initial embeddings
Joint DKL training: 50 epochs
  Epoch 20/50  loss=0.2810
  Epoch 40/50  loss=0.1216
DKL training done in 0.3s
  → 1AgScP2S6-1  gap=3.453 eV  best=6.385 eV  top50=0  top10%=0
Cycle   7: GP refit  (16 labelled)
  → 1AgCrP2Se6-1  gap=1.789 eV  best=6.385 eV  top50=0  top10%=0
Cycle   8: GP refit  (17 labelled)
  → 1AgAlP2Se6-1  gap=2.339 eV  best=6.385 eV  top50=0  top10%=0
Cycle   9: GP refit  (18 labelled)
  → 1PdZnP2Se6-1  gap=0.796 eV  best=6.385 eV  top50=0  top10%=0
Cycle  10: GP refit  (19 labelled)
  → 1CoNaP2Se6-1  gap=1.717 eV  best=6.385 eV  top50=0  top10%=0
Cycle  11: full DKL retrain  (20 labelled)
GP warmup: 20 epochs on initial embeddings
Joint DKL training: 50 epochs
  Epoch 20/50  loss=1.2197
  Epoch 40/50  loss=0.2557
DKL training done in 0.3s
  → 1CoLiP2Se6-1  gap=2.004 eV  best=6.385 eV  top50=0  top10%=0
Cycle  12: GP refit  (21 labelled)
  → 1AgInP2Se6-1  gap=1.707 eV  best=6.385 eV  top50=0  top10%=0
Cycle  13: GP refit  (22 labelled)
  → 1AgCrAs2Se6-1  gap=1.270 eV  best=6.385 eV  top50=0  top10%=0
Cycle  14: GP refit  (23 labelled)
  → 1AgGaP2Se6-1  gap=1.694 eV  best=6.385 eV  top50=0  top10%=0
Cycle  15: GP refit  (24 labelled)
  → 1AgScP2Se6-1  gap=2.775 eV  best=6.385 eV  top50=0  top10%=0
Cycle  16: full DKL retrain  (25 labelled)
GP warmup: 20 epochs on initial embeddings
Joint DKL training: 50 epochs
  Epoch 20/50  loss=1.1845
  Epoch 40/50  loss=0.0789
DKL training done in 0.3s
  → 1AgTlP2Se6-1  gap=0.901 eV  best=6.385 eV  top50=0  top10%=0
Cycle  17: GP refit  (26 labelled)
  → 1CoLiAs2Se6-1  gap=1.175 eV  best=6.385 eV  top50=0  top10%=0
Cycle  18: GP refit  (27 labelled)
  → 1CrHS2-1  gap=2.800 eV  best=6.385 eV  top50=0  top10%=0
Cycle  19: GP refit  (28 labelled)
  → 1AlGaSe2-1  gap=2.765 eV  best=6.385 eV  top50=0  top10%=0
Cycle  20: GP refit  (29 labelled)
  → 1AsClSe-2  gap=2.371 eV  best=6.385 eV  top50=0  top10%=0
Cycle  21: full DKL retrain  (30 labelled)
GP warmup: 20 epochs on initial embeddings
Joint DKL training: 50 epochs
  Epoch 20/50  loss=0.0285
  Epoch 40/50  loss=-0.1975
DKL training done in 0.3s
  → 1AgGaP2S6-1  gap=2.285 eV  best=6.385 eV  top50=0  top10%=0
Cycle  22: GP refit  (31 labelled)
  → 1AgInP2S6-1  gap=2.365 eV  best=6.385 eV  top50=0  top10%=0
Cycle  23: GP refit  (32 labelled)
  → 1CoNaAs2Se6-1  gap=1.295 eV  best=6.385 eV  top50=0  top10%=0
Cycle  24: GP refit  (33 labelled)
  → 1GaInS2-1  gap=2.570 eV  best=6.385 eV  top50=0  top10%=0
Cycle  25: GP refit  (34 labelled)
  → 1GaInTe2-1  gap=1.532 eV  best=6.385 eV  top50=0  top10%=0
Cycle  26: full DKL retrain  (35 labelled)
GP warmup: 20 epochs on initial embeddings
Joint DKL training: 50 epochs
  Epoch 20/50  loss=-0.5112
  Epoch 40/50  loss=-0.6593
DKL training done in 0.3s
  → 1AgCrP2S6-1  gap=2.012 eV  best=6.385 eV  top50=0  top10%=0
Cycle  27: GP refit  (36 labelled)
  → 2AgCrP2S6-1  gap=2.715 eV  best=6.385 eV  top50=0  top10%=0
Cycle  28: GP refit  (37 labelled)
  → 4AsLiS2-2  gap=1.883 eV  best=6.385 eV  top50=0  top10%=0
Cycle  29: GP refit  (38 labelled)
  → 4LiSbS2-1  gap=2.746 eV  best=6.385 eV  top50=0  top10%=0
Cycle  30: GP refit  (39 labelled)
  → 1MoS2-1  gap=2.087 eV  best=6.385 eV  top50=0  top10%=0
Cycle  31: full DKL retrain  (40 labelled)
GP warmup: 20 epochs on initial embeddings
Joint DKL training: 50 epochs
  Epoch 20/50  loss=0.0383
  Epoch 40/50  loss=-0.1090
DKL training done in 0.3s
  → 1N2O2Zr3-1  gap=0.616 eV  best=6.385 eV  top50=0  top10%=0
Cycle  32: GP refit  (41 labelled)
  → 1BrCuGeTe-1  gap=1.540 eV  best=6.385 eV  top50=0  top10%=0
Cycle  33: GP refit  (42 labelled)
  → 1BrSbSe-2  gap=2.037 eV  best=6.385 eV  top50=0  top10%=0
Cycle  34: GP refit  (43 labelled)
  → 1HfPdI6-1  gap=1.368 eV  best=6.385 eV  top50=0  top10%=0
Cycle  35: GP refit  (44 labelled)
  → 1AsBrSe-1  gap=1.839 eV  best=6.385 eV  top50=0  top10%=0
Cycle  36: full DKL retrain  (45 labelled)
GP warmup: 20 epochs on initial embeddings
Joint DKL training: 50 epochs
  Epoch 20/50  loss=-0.1346
  Epoch 40/50  loss=-0.2628
DKL training done in 0.3s
  → 1AgCrP2Te6-1  gap=1.137 eV  best=6.385 eV  top50=0  top10%=0
Cycle  37: GP refit  (46 labelled)
  → 1CoNaP2S6-1  gap=1.851 eV  best=6.385 eV  top50=0  top10%=0
Cycle  38: GP refit  (47 labelled)
  → 1AgAlP2Te6-1  gap=1.065 eV  best=6.385 eV  top50=0  top10%=0
Cycle  39: GP refit  (48 labelled)
  → 1OZrBr2-1  gap=2.245 eV  best=6.385 eV  top50=0  top10%=0
Cycle  40: GP refit  (49 labelled)
  → 2HfI2-1  gap=1.014 eV  best=6.385 eV  top50=0  top10%=0
Cycle  41: full DKL retrain  (50 labelled)
GP warmup: 20 epochs on initial embeddings
Joint DKL training: 50 epochs
  Epoch 20/50  loss=-0.1191
  Epoch 40/50  loss=-0.2407
DKL training done in 0.3s
  → 1C2O2Hf3-1  gap=0.917 eV  best=6.385 eV  top50=0  top10%=0
Cycle  42: GP refit  (51 labelled)
  → 1HfCl2-1  gap=1.471 eV  best=6.385 eV  top50=0  top10%=0
Cycle  43: GP refit  (52 labelled)
  → 1PbSe2-1  gap=1.847 eV  best=6.385 eV  top50=0  top10%=0
Cycle  44: GP refit  (53 labelled)
  → 2MoS2-1  gap=0.069 eV  best=6.385 eV  top50=0  top10%=0
Cycle  45: GP refit  (54 labelled)
  → 2BrRhS-2  gap=2.135 eV  best=6.385 eV  top50=0  top10%=0
Cycle  46: full DKL retrain  (55 labelled)
GP warmup: 20 epochs on initial embeddings
Joint DKL training: 50 epochs
  Epoch 20/50  loss=0.0521
  Epoch 40/50  loss=-0.1373
DKL training done in 0.3s
  → 2CoHS2-1  gap=1.204 eV  best=6.385 eV  top50=0  top10%=0
Cycle  47: GP refit  (56 labelled)
  → 3RuSCl2-1  gap=1.131 eV  best=6.385 eV  top50=0  top10%=0
Cycle  48: GP refit  (57 labelled)
  → 1BiClSe-1  gap=1.509 eV  best=6.385 eV  top50=0  top10%=0
Cycle  49: GP refit  (58 labelled)
  → 2BrRhSe-1  gap=2.140 eV  best=6.385 eV  top50=0  top10%=0
Cycle  50: GP refit  (59 labelled)
  → 1BiBrS-1  gap=1.600 eV  best=6.385 eV  top50=0  top10%=0
Cycle  51: full DKL retrain  (60 labelled)
GP warmup: 20 epochs on initial embeddings
Joint DKL training: 50 epochs
  Epoch 20/50  loss=-0.2055
  Epoch 40/50  loss=-0.3552
DKL training done in 0.3s
  → 1CoLiP2S6-1  gap=2.395 eV  best=6.385 eV  top50=0  top10%=0
Cycle  52: GP refit  (61 labelled)
  → 1MoSe2-1  gap=1.804 eV  best=6.385 eV  top50=0  top10%=0
Cycle  53: GP refit  (62 labelled)
  → 2TiCl2-1  gap=0.997 eV  best=6.385 eV  top50=0  top10%=0
Cycle  54: GP refit  (63 labelled)
  → 1TiS2-2  gap=2.015 eV  best=6.385 eV  top50=0  top10%=0
Cycle  55: GP refit  (64 labelled)
  → 2CrWS4-1  gap=1.442 eV  best=6.385 eV  top50=0  top10%=0
Cycle  56: full DKL retrain  (65 labelled)
GP warmup: 20 epochs on initial embeddings
Joint DKL training: 50 epochs
  Epoch 20/50  loss=-0.1938
  Epoch 40/50  loss=-0.3201
DKL training done in 0.3s
  → 1STeIn2-1  gap=1.141 eV  best=6.385 eV  top50=0  top10%=0
Cycle  57: GP refit  (66 labelled)
  → 1PbS2-1  gap=2.299 eV  best=6.385 eV  top50=0  top10%=0
Cycle  58: GP refit  (67 labelled)
  → 4AgCl2-1  gap=0.971 eV  best=6.385 eV  top50=0  top10%=0
Cycle  59: GP refit  (68 labelled)
  → 1SNb3Cl7-1  gap=1.654 eV  best=6.385 eV  top50=0  top10%=0
Cycle  60: GP refit  (69 labelled)
  → 1SeNb3Br7-1  gap=1.477 eV  best=6.385 eV  top50=0  top10%=0
Cycle  61: full DKL retrain  (70 labelled)
GP warmup: 20 epochs on initial embeddings
Joint DKL training: 50 epochs
  Epoch 20/50  loss=-0.2759
  Epoch 40/50  loss=-0.4158
DKL training done in 0.3s
  → 1OVBr2-1  gap=3.019 eV  best=6.385 eV  top50=0  top10%=0
Cycle  62: GP refit  (71 labelled)
  → 1OVCl2-1  gap=3.144 eV  best=6.385 eV  top50=0  top10%=0
Cycle  63: GP refit  (72 labelled)
  → 1AuClCuI-1  gap=3.695 eV  best=6.385 eV  top50=0  top10%=0
Cycle  64: GP refit  (73 labelled)
  → 1BiClSe-2  gap=1.992 eV  best=6.385 eV  top50=0  top10%=0
Cycle  65: GP refit  (74 labelled)
  → 1BrISCd2-1  gap=1.715 eV  best=6.385 eV  top50=0  top10%=0
Cycle  66: full DKL retrain  (75 labelled)
GP warmup: 20 epochs on initial embeddings
Joint DKL training: 50 epochs
  Epoch 20/50  loss=-0.0983
  Epoch 40/50  loss=-0.2599
DKL training done in 0.3s
  → 1SI2Pb2-1  gap=1.567 eV  best=6.385 eV  top50=0  top10%=0
Cycle  67: GP refit  (76 labelled)
  → 1FeBr2-3  gap=0.145 eV  best=6.385 eV  top50=0  top10%=0
Cycle  68: GP refit  (77 labelled)
  → 1ZrBr2-1  gap=1.276 eV  best=6.385 eV  top50=0  top10%=0
Cycle  69: GP refit  (78 labelled)
  → 1SnS2-3  gap=1.455 eV  best=6.385 eV  top50=0  top10%=0
Cycle  70: GP refit  (79 labelled)
  → 1ISbSe-1  gap=1.529 eV  best=6.385 eV  top50=0  top10%=0
Cycle  71: full DKL retrain  (80 labelled)
GP warmup: 20 epochs on initial embeddings
Joint DKL training: 50 epochs
  Epoch 20/50  loss=-0.0913
  Epoch 40/50  loss=-0.2768
DKL training done in 0.3s
  → 1N2O2Y3-1  gap=1.648 eV  best=6.385 eV  top50=0  top10%=0
Cycle  72: GP refit  (81 labelled)
  → 1Br2Se2Pb3-1  gap=1.452 eV  best=6.385 eV  top50=0  top10%=0
Cycle  73: GP refit  (82 labelled)
  → 1TiBr2-1  gap=1.166 eV  best=6.385 eV  top50=0  top10%=0
Cycle  74: GP refit  (83 labelled)
  → 1CrSe2-1  gap=1.128 eV  best=6.385 eV  top50=0  top10%=0
Cycle  75: GP refit  (84 labelled)
  → 4AsPtS-1  gap=2.061 eV  best=6.385 eV  top50=0  top10%=0
Cycle  76: full DKL retrain  (85 labelled)
GP warmup: 20 epochs on initial embeddings
Joint DKL training: 50 epochs
  Epoch 20/50  loss=-0.3638
  Epoch 40/50  loss=-0.5068
DKL training done in 0.3s
  → 1SnBr2S2-1  gap=1.490 eV  best=6.385 eV  top50=0  top10%=0
Cycle  77: GP refit  (86 labelled)
  → 2OsO2-1  gap=1.005 eV  best=6.385 eV  top50=0  top10%=0
Cycle  78: GP refit  (87 labelled)
  → 1CdBr2-3  gap=3.373 eV  best=6.385 eV  top50=0  top10%=0
Cycle  79: GP refit  (88 labelled)
  → 1HfS2-2  gap=2.038 eV  best=6.385 eV  top50=0  top10%=0
Cycle  80: GP refit  (89 labelled)
  → 1ONb3Br7-1  gap=1.441 eV  best=6.385 eV  top50=0  top10%=0
Cycle  81: full DKL retrain  (90 labelled)
GP warmup: 20 epochs on initial embeddings
Joint DKL training: 50 epochs
  Epoch 20/50  loss=-0.2685
  Epoch 40/50  loss=-0.4227
DKL training done in 0.3s
  → 1AgAlP2S6-1  gap=3.132 eV  best=6.385 eV  top50=0  top10%=0
Cycle  82: GP refit  (91 labelled)
  → 4NaSbO2-1  gap=4.747 eV  best=6.385 eV  top50=0  top10%=0
Cycle  83: GP refit  (92 labelled)
  → 1SnBr2-2  gap=3.220 eV  best=6.385 eV  top50=0  top10%=0
Cycle  84: GP refit  (93 labelled)
  → 2RuO2-1  gap=0.693 eV  best=6.385 eV  top50=0  top10%=0
Cycle  85: GP refit  (94 labelled)
  → 1Ta3I8-1  gap=0.694 eV  best=6.385 eV  top50=0  top10%=0
Cycle  86: full DKL retrain  (95 labelled)
GP warmup: 20 epochs on initial embeddings
Joint DKL training: 50 epochs
  Epoch 20/50  loss=-0.0390
  Epoch 40/50  loss=-0.2219
DKL training done in 0.3s
  → 1YBr2-1  gap=0.901 eV  best=6.385 eV  top50=0  top10%=0
Cycle  87: GP refit  (96 labelled)
  → 1ZrI2-1  gap=1.038 eV  best=6.385 eV  top50=0  top10%=0
Cycle  88: GP refit  (97 labelled)
  → 1ZrS2-2  gap=2.023 eV  best=6.385 eV  top50=0  top10%=0
Cycle  89: GP refit  (98 labelled)
  → 1HfI2-1  gap=1.022 eV  best=6.385 eV  top50=0  top10%=0
Cycle  90: GP refit  (99 labelled)
  → 1TiI2-2  gap=0.828 eV  best=6.385 eV  top50=0  top10%=0
Cycle  91: full DKL retrain  (100 labelled)
GP warmup: 20 epochs on initial embeddings
Joint DKL training: 50 epochs
  Epoch 20/50  loss=-0.1857
  Epoch 40/50  loss=-0.3512
DKL training done in 0.3s
  → 4NaSbS2-2  gap=2.102 eV  best=6.385 eV  top50=0  top10%=0
Cycle  92: GP refit  (101 labelled)
  → 1PbI2-2  gap=2.404 eV  best=6.385 eV  top50=0  top10%=0
Cycle  93: GP refit  (102 labelled)
  → 1YCl2-1  gap=0.999 eV  best=6.385 eV  top50=0  top10%=0
Cycle  94: GP refit  (103 labelled)
  → 1TiCl2-1  gap=1.395 eV  best=6.385 eV  top50=0  top10%=0
Cycle  95: GP refit  (104 labelled)
  → 1GeBr2-2  gap=3.333 eV  best=6.385 eV  top50=0  top10%=0
Cycle  96: full DKL retrain  (105 labelled)
GP warmup: 20 epochs on initial embeddings
Joint DKL training: 50 epochs
  Epoch 20/50  loss=-0.3529
  Epoch 40/50  loss=-0.4921
DKL training done in 0.3s
  → 1ZrSe2-2  gap=1.684 eV  best=6.385 eV  top50=0  top10%=0
Cycle  97: GP refit  (106 labelled)
  → 1HgI2-4  gap=1.370 eV  best=6.385 eV  top50=0  top10%=0
Cycle  98: GP refit  (107 labelled)
  → 1CrS2-1  gap=1.351 eV  best=6.385 eV  top50=0  top10%=0
Cycle  99: GP refit  (108 labelled)
  → 1AgMoBr4-1  gap=2.166 eV  best=6.385 eV  top50=0  top10%=0
Cycle 100: GP refit  (109 labelled)
  → 2MoWSe4-1  gap=1.749 eV  best=6.385 eV  top50=0  top10%=0
  visible_0p7_3p0/dkl_finetune/seed29 → in-window found=86
RandomBaseline: 10 init labels  |  best gap = 5.635 eV
RandomBaseline done  |  best=8.573 eV  top50=7  top10%=12
  visible_0p7_3p0/random/seed0 → in-window found=67
RandomBaseline: 10 init labels  |  best gap = 3.745 eV
RandomBaseline done  |  best=6.553 eV  top50=4  top10%=9
  visible_0p7_3p0/random/seed1 → in-window found=62
RandomBaseline: 10 init labels  |  best gap = 4.709 eV
RandomBaseline done  |  best=7.022 eV  top50=5  top10%=10
  visible_0p7_3p0/random/seed2 → in-window found=65
RandomBaseline: 10 init labels  |  best gap = 4.523 eV
RandomBaseline done  |  best=7.351 eV  top50=8  top10%=9
  visible_0p7_3p0/random/seed3 → in-window found=67
RandomBaseline: 10 init labels  |  best gap = 3.271 eV
RandomBaseline done  |  best=7.587 eV  top50=8  top10%=13
  visible_0p7_3p0/random/seed4 → in-window found=58
RandomBaseline: 10 init labels  |  best gap = 3.781 eV
RandomBaseline done  |  best=7.022 eV  top50=4  top10%=8
  visible_0p7_3p0/random/seed5 → in-window found=68
RandomBaseline: 10 init labels  |  best gap = 5.612 eV
RandomBaseline done  |  best=7.022 eV  top50=8  top10%=10
  visible_0p7_3p0/random/seed6 → in-window found=63
RandomBaseline: 10 init labels  |  best gap = 5.363 eV
RandomBaseline done  |  best=8.573 eV  top50=5  top10%=5
  visible_0p7_3p0/random/seed7 → in-window found=65
RandomBaseline: 10 init labels  |  best gap = 5.386 eV
RandomBaseline done  |  best=6.616 eV  top50=4  top10%=8
  visible_0p7_3p0/random/seed8 → in-window found=63
RandomBaseline: 10 init labels  |  best gap = 2.795 eV
RandomBaseline done  |  best=7.004 eV  top50=11  top10%=14
  visible_0p7_3p0/random/seed9 → in-window found=65
RandomBaseline: 10 init labels  |  best gap = 5.105 eV
RandomBaseline done  |  best=6.795 eV  top50=7  top10%=10
  visible_0p7_3p0/random/seed10 → in-window found=59
RandomBaseline: 10 init labels  |  best gap = 3.513 eV
RandomBaseline done  |  best=6.136 eV  top50=7  top10%=12
  visible_0p7_3p0/random/seed11 → in-window found=60
RandomBaseline: 10 init labels  |  best gap = 7.351 eV
RandomBaseline done  |  best=7.351 eV  top50=6  top10%=12
  visible_0p7_3p0/random/seed12 → in-window found=64
RandomBaseline: 10 init labels  |  best gap = 4.438 eV
RandomBaseline done  |  best=8.177 eV  top50=7  top10%=11
  visible_0p7_3p0/random/seed13 → in-window found=64
RandomBaseline: 10 init labels  |  best gap = 5.379 eV
RandomBaseline done  |  best=8.681 eV  top50=7  top10%=7
  visible_0p7_3p0/random/seed14 → in-window found=68
RandomBaseline: 10 init labels  |  best gap = 4.226 eV
RandomBaseline done  |  best=8.177 eV  top50=6  top10%=7
  visible_0p7_3p0/random/seed15 → in-window found=69
RandomBaseline: 10 init labels  |  best gap = 4.219 eV
RandomBaseline done  |  best=6.616 eV  top50=6  top10%=9
  visible_0p7_3p0/random/seed16 → in-window found=64
RandomBaseline: 10 init labels  |  best gap = 6.099 eV
RandomBaseline done  |  best=6.181 eV  top50=5  top10%=10
  visible_0p7_3p0/random/seed17 → in-window found=68
RandomBaseline: 10 init labels  |  best gap = 1.877 eV
RandomBaseline done  |  best=8.681 eV  top50=12  top10%=18
  visible_0p7_3p0/random/seed18 → in-window found=58
RandomBaseline: 10 init labels  |  best gap = 6.553 eV
RandomBaseline done  |  best=6.553 eV  top50=2  top10%=4
  visible_0p7_3p0/random/seed19 → in-window found=66
RandomBaseline: 10 init labels  |  best gap = 3.731 eV
RandomBaseline done  |  best=7.351 eV  top50=12  top10%=13
  visible_0p7_3p0/random/seed20 → in-window found=69
RandomBaseline: 10 init labels  |  best gap = 5.324 eV
RandomBaseline done  |  best=7.022 eV  top50=7  top10%=9
  visible_0p7_3p0/random/seed21 → in-window found=68
RandomBaseline: 10 init labels  |  best gap = 5.515 eV
RandomBaseline done  |  best=6.384 eV  top50=5  top10%=7
  visible_0p7_3p0/random/seed22 → in-window found=68
RandomBaseline: 10 init labels  |  best gap = 4.523 eV
RandomBaseline done  |  best=8.681 eV  top50=10  top10%=12
  visible_0p7_3p0/random/seed23 → in-window found=62
RandomBaseline: 10 init labels  |  best gap = 5.363 eV
RandomBaseline done  |  best=8.573 eV  top50=6  top10%=12
  visible_0p7_3p0/random/seed24 → in-window found=62
RandomBaseline: 10 init labels  |  best gap = 3.985 eV
RandomBaseline done  |  best=8.681 eV  top50=8  top10%=9
  visible_0p7_3p0/random/seed25 → in-window found=62
RandomBaseline: 10 init labels  |  best gap = 4.453 eV
RandomBaseline done  |  best=8.681 eV  top50=11  top10%=13
  visible_0p7_3p0/random/seed26 → in-window found=52
RandomBaseline: 10 init labels  |  best gap = 5.770 eV
RandomBaseline done  |  best=7.587 eV  top50=7  top10%=11
  visible_0p7_3p0/random/seed27 → in-window found=59
RandomBaseline: 10 init labels  |  best gap = 4.344 eV
RandomBaseline done  |  best=6.795 eV  top50=4  top10%=5
  visible_0p7_3p0/random/seed28 → in-window found=70
RandomBaseline: 10 init labels  |  best gap = 6.385 eV
RandomBaseline done  |  best=8.573 eV  top50=6  top10%=10
  visible_0p7_3p0/random/seed29 → in-window found=63
FeatureBOLoop: 766 materials × 43 descriptors  |  direction=max
Init: 10 random labels  |  best (max) = 5.635
/home/roy/software/anaconda3/lib/python3.13/site-packages/torch/_compile.py:32: UserWarning: optimizer contains a parameter group with duplicate parameters; in future, this will cause an error; see github.com/pytorch/pytorch/issues/40967 for more information
  return disable_fn(*args, **kwargs)
FeatureBOLoop done  |  best=6.800  top50=8  top10%=16
  wide_3p0_4p5/std_gp/seed0 → in-window found=44
FeatureBOLoop: 766 materials × 43 descriptors  |  direction=max
Init: 10 random labels  |  best (max) = 3.745
/home/roy/software/anaconda3/lib/python3.13/site-packages/torch/_compile.py:32: UserWarning: optimizer contains a parameter group with duplicate parameters; in future, this will cause an error; see github.com/pytorch/pytorch/issues/40967 for more information
  return disable_fn(*args, **kwargs)
FeatureBOLoop done  |  best=6.063  top50=6  top10%=6
  wide_3p0_4p5/std_gp/seed1 → in-window found=49
FeatureBOLoop: 766 materials × 43 descriptors  |  direction=max
Init: 10 random labels  |  best (max) = 4.709
/home/roy/software/anaconda3/lib/python3.13/site-packages/torch/_compile.py:32: UserWarning: optimizer contains a parameter group with duplicate parameters; in future, this will cause an error; see github.com/pytorch/pytorch/issues/40967 for more information
  return disable_fn(*args, **kwargs)
FeatureBOLoop done  |  best=8.681  top50=9  top10%=16
  wide_3p0_4p5/std_gp/seed2 → in-window found=39
FeatureBOLoop: 766 materials × 43 descriptors  |  direction=max
Init: 10 random labels  |  best (max) = 4.523
/home/roy/software/anaconda3/lib/python3.13/site-packages/torch/_compile.py:32: UserWarning: optimizer contains a parameter group with duplicate parameters; in future, this will cause an error; see github.com/pytorch/pytorch/issues/40967 for more information
  return disable_fn(*args, **kwargs)
FeatureBOLoop done  |  best=7.004  top50=5  top10%=7
  wide_3p0_4p5/std_gp/seed3 → in-window found=48
FeatureBOLoop: 766 materials × 43 descriptors  |  direction=max
Init: 10 random labels  |  best (max) = 3.271
/home/roy/software/anaconda3/lib/python3.13/site-packages/torch/_compile.py:32: UserWarning: optimizer contains a parameter group with duplicate parameters; in future, this will cause an error; see github.com/pytorch/pytorch/issues/40967 for more information
  return disable_fn(*args, **kwargs)
FeatureBOLoop done  |  best=8.681  top50=9  top10%=15
  wide_3p0_4p5/std_gp/seed4 → in-window found=44
FeatureBOLoop: 766 materials × 43 descriptors  |  direction=max
Init: 10 random labels  |  best (max) = 3.781
/home/roy/software/anaconda3/lib/python3.13/site-packages/torch/_compile.py:32: UserWarning: optimizer contains a parameter group with duplicate parameters; in future, this will cause an error; see github.com/pytorch/pytorch/issues/40967 for more information
  return disable_fn(*args, **kwargs)
FeatureBOLoop done  |  best=7.004  top50=8  top10%=11
  wide_3p0_4p5/std_gp/seed5 → in-window found=47
FeatureBOLoop: 766 materials × 43 descriptors  |  direction=max
Init: 10 random labels  |  best (max) = 5.612
/home/roy/software/anaconda3/lib/python3.13/site-packages/torch/_compile.py:32: UserWarning: optimizer contains a parameter group with duplicate parameters; in future, this will cause an error; see github.com/pytorch/pytorch/issues/40967 for more information
  return disable_fn(*args, **kwargs)
FeatureBOLoop done  |  best=8.681  top50=9  top10%=15
  wide_3p0_4p5/std_gp/seed6 → in-window found=46
FeatureBOLoop: 766 materials × 43 descriptors  |  direction=max
Init: 10 random labels  |  best (max) = 5.363
/home/roy/software/anaconda3/lib/python3.13/site-packages/torch/_compile.py:32: UserWarning: optimizer contains a parameter group with duplicate parameters; in future, this will cause an error; see github.com/pytorch/pytorch/issues/40967 for more information
  return disable_fn(*args, **kwargs)
FeatureBOLoop done  |  best=8.681  top50=9  top10%=13
  wide_3p0_4p5/std_gp/seed7 → in-window found=42
FeatureBOLoop: 766 materials × 43 descriptors  |  direction=max
Init: 10 random labels  |  best (max) = 5.386
/home/roy/software/anaconda3/lib/python3.13/site-packages/torch/_compile.py:32: UserWarning: optimizer contains a parameter group with duplicate parameters; in future, this will cause an error; see github.com/pytorch/pytorch/issues/40967 for more information
  return disable_fn(*args, **kwargs)
FeatureBOLoop done  |  best=8.681  top50=6  top10%=15
  wide_3p0_4p5/std_gp/seed8 → in-window found=48
FeatureBOLoop: 766 materials × 43 descriptors  |  direction=max
Init: 10 random labels  |  best (max) = 2.795
/home/roy/software/anaconda3/lib/python3.13/site-packages/torch/_compile.py:32: UserWarning: optimizer contains a parameter group with duplicate parameters; in future, this will cause an error; see github.com/pytorch/pytorch/issues/40967 for more information
  return disable_fn(*args, **kwargs)
FeatureBOLoop done  |  best=8.177  top50=9  top10%=14
  wide_3p0_4p5/std_gp/seed9 → in-window found=28
FeatureBOLoop: 766 materials × 43 descriptors  |  direction=max
Init: 10 random labels  |  best (max) = 5.105
/home/roy/software/anaconda3/lib/python3.13/site-packages/torch/_compile.py:32: UserWarning: optimizer contains a parameter group with duplicate parameters; in future, this will cause an error; see github.com/pytorch/pytorch/issues/40967 for more information
  return disable_fn(*args, **kwargs)
FeatureBOLoop done  |  best=8.177  top50=9  top10%=12
  wide_3p0_4p5/std_gp/seed10 → in-window found=35
FeatureBOLoop: 766 materials × 43 descriptors  |  direction=max
Init: 10 random labels  |  best (max) = 3.513
/home/roy/software/anaconda3/lib/python3.13/site-packages/torch/_compile.py:32: UserWarning: optimizer contains a parameter group with duplicate parameters; in future, this will cause an error; see github.com/pytorch/pytorch/issues/40967 for more information
  return disable_fn(*args, **kwargs)
FeatureBOLoop done  |  best=8.681  top50=7  top10%=10
  wide_3p0_4p5/std_gp/seed11 → in-window found=44
FeatureBOLoop: 766 materials × 43 descriptors  |  direction=max
Init: 10 random labels  |  best (max) = 7.351
/home/roy/software/anaconda3/lib/python3.13/site-packages/torch/_compile.py:32: UserWarning: optimizer contains a parameter group with duplicate parameters; in future, this will cause an error; see github.com/pytorch/pytorch/issues/40967 for more information
  return disable_fn(*args, **kwargs)
FeatureBOLoop done  |  best=8.573  top50=11  top10%=19
  wide_3p0_4p5/std_gp/seed12 → in-window found=39
FeatureBOLoop: 766 materials × 43 descriptors  |  direction=max
Init: 10 random labels  |  best (max) = 4.438
/home/roy/software/anaconda3/lib/python3.13/site-packages/torch/_compile.py:32: UserWarning: optimizer contains a parameter group with duplicate parameters; in future, this will cause an error; see github.com/pytorch/pytorch/issues/40967 for more information
  return disable_fn(*args, **kwargs)
FeatureBOLoop done  |  best=8.177  top50=8  top10%=9
  wide_3p0_4p5/std_gp/seed13 → in-window found=47
FeatureBOLoop: 766 materials × 43 descriptors  |  direction=max
Init: 10 random labels  |  best (max) = 5.379
/home/roy/software/anaconda3/lib/python3.13/site-packages/torch/_compile.py:32: UserWarning: optimizer contains a parameter group with duplicate parameters; in future, this will cause an error; see github.com/pytorch/pytorch/issues/40967 for more information
  return disable_fn(*args, **kwargs)
FeatureBOLoop done  |  best=8.573  top50=9  top10%=17
  wide_3p0_4p5/std_gp/seed14 → in-window found=35
FeatureBOLoop: 766 materials × 43 descriptors  |  direction=max
Init: 10 random labels  |  best (max) = 4.226
/home/roy/software/anaconda3/lib/python3.13/site-packages/torch/_compile.py:32: UserWarning: optimizer contains a parameter group with duplicate parameters; in future, this will cause an error; see github.com/pytorch/pytorch/issues/40967 for more information
  return disable_fn(*args, **kwargs)
FeatureBOLoop done  |  best=8.681  top50=9  top10%=15
  wide_3p0_4p5/std_gp/seed15 → in-window found=41
FeatureBOLoop: 766 materials × 43 descriptors  |  direction=max
Init: 10 random labels  |  best (max) = 4.219
/home/roy/software/anaconda3/lib/python3.13/site-packages/torch/_compile.py:32: UserWarning: optimizer contains a parameter group with duplicate parameters; in future, this will cause an error; see github.com/pytorch/pytorch/issues/40967 for more information
  return disable_fn(*args, **kwargs)
FeatureBOLoop done  |  best=8.681  top50=7  top10%=13
  wide_3p0_4p5/std_gp/seed16 → in-window found=40
FeatureBOLoop: 766 materials × 43 descriptors  |  direction=max
Init: 10 random labels  |  best (max) = 6.099
/home/roy/software/anaconda3/lib/python3.13/site-packages/torch/_compile.py:32: UserWarning: optimizer contains a parameter group with duplicate parameters; in future, this will cause an error; see github.com/pytorch/pytorch/issues/40967 for more information
  return disable_fn(*args, **kwargs)
FeatureBOLoop done  |  best=8.681  top50=9  top10%=19
  wide_3p0_4p5/std_gp/seed17 → in-window found=47
FeatureBOLoop: 766 materials × 43 descriptors  |  direction=max
Init: 10 random labels  |  best (max) = 1.877
/home/roy/software/anaconda3/lib/python3.13/site-packages/torch/_compile.py:32: UserWarning: optimizer contains a parameter group with duplicate parameters; in future, this will cause an error; see github.com/pytorch/pytorch/issues/40967 for more information
  return disable_fn(*args, **kwargs)
FeatureBOLoop done  |  best=5.770  top50=4  top10%=7
  wide_3p0_4p5/std_gp/seed18 → in-window found=46
FeatureBOLoop: 766 materials × 43 descriptors  |  direction=max
Init: 10 random labels  |  best (max) = 6.553
/home/roy/software/anaconda3/lib/python3.13/site-packages/torch/_compile.py:32: UserWarning: optimizer contains a parameter group with duplicate parameters; in future, this will cause an error; see github.com/pytorch/pytorch/issues/40967 for more information
  return disable_fn(*args, **kwargs)
FeatureBOLoop done  |  best=8.573  top50=10  top10%=15
  wide_3p0_4p5/std_gp/seed19 → in-window found=35
FeatureBOLoop: 766 materials × 43 descriptors  |  direction=max
Init: 10 random labels  |  best (max) = 3.731
/home/roy/software/anaconda3/lib/python3.13/site-packages/torch/_compile.py:32: UserWarning: optimizer contains a parameter group with duplicate parameters; in future, this will cause an error; see github.com/pytorch/pytorch/issues/40967 for more information
  return disable_fn(*args, **kwargs)
FeatureBOLoop done  |  best=8.573  top50=11  top10%=14
  wide_3p0_4p5/std_gp/seed20 → in-window found=41
FeatureBOLoop: 766 materials × 43 descriptors  |  direction=max
Init: 10 random labels  |  best (max) = 5.324
/home/roy/software/anaconda3/lib/python3.13/site-packages/torch/_compile.py:32: UserWarning: optimizer contains a parameter group with duplicate parameters; in future, this will cause an error; see github.com/pytorch/pytorch/issues/40967 for more information
  return disable_fn(*args, **kwargs)
FeatureBOLoop done  |  best=8.573  top50=5  top10%=9
  wide_3p0_4p5/std_gp/seed21 → in-window found=41
FeatureBOLoop: 766 materials × 43 descriptors  |  direction=max
Init: 10 random labels  |  best (max) = 5.515
/home/roy/software/anaconda3/lib/python3.13/site-packages/torch/_compile.py:32: UserWarning: optimizer contains a parameter group with duplicate parameters; in future, this will cause an error; see github.com/pytorch/pytorch/issues/40967 for more information
  return disable_fn(*args, **kwargs)
FeatureBOLoop done  |  best=7.587  top50=10  top10%=14
  wide_3p0_4p5/std_gp/seed22 → in-window found=50
FeatureBOLoop: 766 materials × 43 descriptors  |  direction=max
Init: 10 random labels  |  best (max) = 4.523
/home/roy/software/anaconda3/lib/python3.13/site-packages/torch/_compile.py:32: UserWarning: optimizer contains a parameter group with duplicate parameters; in future, this will cause an error; see github.com/pytorch/pytorch/issues/40967 for more information
  return disable_fn(*args, **kwargs)
FeatureBOLoop done  |  best=8.681  top50=13  top10%=18
  wide_3p0_4p5/std_gp/seed23 → in-window found=36
FeatureBOLoop: 766 materials × 43 descriptors  |  direction=max
Init: 10 random labels  |  best (max) = 5.363
/home/roy/software/anaconda3/lib/python3.13/site-packages/torch/_compile.py:32: UserWarning: optimizer contains a parameter group with duplicate parameters; in future, this will cause an error; see github.com/pytorch/pytorch/issues/40967 for more information
  return disable_fn(*args, **kwargs)
FeatureBOLoop done  |  best=8.177  top50=14  top10%=19
  wide_3p0_4p5/std_gp/seed24 → in-window found=32
FeatureBOLoop: 766 materials × 43 descriptors  |  direction=max
Init: 10 random labels  |  best (max) = 3.985
/home/roy/software/anaconda3/lib/python3.13/site-packages/torch/_compile.py:32: UserWarning: optimizer contains a parameter group with duplicate parameters; in future, this will cause an error; see github.com/pytorch/pytorch/issues/40967 for more information
  return disable_fn(*args, **kwargs)
