pool=766 in-window[0.7,3.0]=496 top10>=2.900 top50>=2.598 | methods=['std_gp', 'dkl_frozen', 'dkl_finetune', 'random'] seeds=30 cycles=100 device=cuda
FeatureBOLoop: 766 materials × 43 descriptors  |  direction=max
Init: 10 random labels  |  best (max) = 5.635
/home/roy/Desktop/DKL-BO/venv/lib/python3.13/site-packages/torch/_compile.py:54: UserWarning: optimizer contains a parameter group with duplicate parameters; in future, this will cause an error; see github.com/pytorch/pytorch/issues/40967 for more information
  return disable_fn(*args, **kwargs)
FeatureBOLoop done  |  best=5.635  top50=1  top10%=1
  std_gp/seed0 → best_inwin=2.994 top10=2 top50=5
FeatureBOLoop: 766 materials × 43 descriptors  |  direction=max
Init: 10 random labels  |  best (max) = 3.745
/home/roy/Desktop/DKL-BO/venv/lib/python3.13/site-packages/torch/_compile.py:54: UserWarning: optimizer contains a parameter group with duplicate parameters; in future, this will cause an error; see github.com/pytorch/pytorch/issues/40967 for more information
  return disable_fn(*args, **kwargs)
FeatureBOLoop done  |  best=3.745  top50=0  top10%=0
  std_gp/seed1 → best_inwin=2.978 top10=3 top50=11
FeatureBOLoop: 766 materials × 43 descriptors  |  direction=max
Init: 10 random labels  |  best (max) = 4.709
/home/roy/Desktop/DKL-BO/venv/lib/python3.13/site-packages/torch/_compile.py:54: UserWarning: optimizer contains a parameter group with duplicate parameters; in future, this will cause an error; see github.com/pytorch/pytorch/issues/40967 for more information
  return disable_fn(*args, **kwargs)
FeatureBOLoop done  |  best=5.342  top50=0  top10%=1
  std_gp/seed2 → best_inwin=2.976 top10=3 top50=12
FeatureBOLoop: 766 materials × 43 descriptors  |  direction=max
Init: 10 random labels  |  best (max) = 4.523
/home/roy/Desktop/DKL-BO/venv/lib/python3.13/site-packages/torch/_compile.py:54: UserWarning: optimizer contains a parameter group with duplicate parameters; in future, this will cause an error; see github.com/pytorch/pytorch/issues/40967 for more information
  return disable_fn(*args, **kwargs)
FeatureBOLoop done  |  best=5.342  top50=0  top10%=1
  std_gp/seed3 → best_inwin=2.697 top10=0 top50=1
FeatureBOLoop: 766 materials × 43 descriptors  |  direction=max
Init: 10 random labels  |  best (max) = 3.271
/home/roy/Desktop/DKL-BO/venv/lib/python3.13/site-packages/torch/_compile.py:54: UserWarning: optimizer contains a parameter group with duplicate parameters; in future, this will cause an error; see github.com/pytorch/pytorch/issues/40967 for more information
  return disable_fn(*args, **kwargs)
FeatureBOLoop done  |  best=4.431  top50=0  top10%=0
  std_gp/seed4 → best_inwin=2.997 top10=3 top50=10
FeatureBOLoop: 766 materials × 43 descriptors  |  direction=max
Init: 10 random labels  |  best (max) = 3.781
/home/roy/Desktop/DKL-BO/venv/lib/python3.13/site-packages/torch/_compile.py:54: UserWarning: optimizer contains a parameter group with duplicate parameters; in future, this will cause an error; see github.com/pytorch/pytorch/issues/40967 for more information
  return disable_fn(*args, **kwargs)
FeatureBOLoop done  |  best=7.004  top50=1  top10%=1
  std_gp/seed5 → best_inwin=2.976 top10=3 top50=9
FeatureBOLoop: 766 materials × 43 descriptors  |  direction=max
Init: 10 random labels  |  best (max) = 5.612
/home/roy/Desktop/DKL-BO/venv/lib/python3.13/site-packages/torch/_compile.py:54: UserWarning: optimizer contains a parameter group with duplicate parameters; in future, this will cause an error; see github.com/pytorch/pytorch/issues/40967 for more information
  return disable_fn(*args, **kwargs)
FeatureBOLoop done  |  best=5.612  top50=0  top10%=1
  std_gp/seed6 → best_inwin=2.922 top10=1 top50=3
FeatureBOLoop: 766 materials × 43 descriptors  |  direction=max
Init: 10 random labels  |  best (max) = 5.363
/home/roy/Desktop/DKL-BO/venv/lib/python3.13/site-packages/torch/_compile.py:54: UserWarning: optimizer contains a parameter group with duplicate parameters; in future, this will cause an error; see github.com/pytorch/pytorch/issues/40967 for more information
  return disable_fn(*args, **kwargs)
FeatureBOLoop done  |  best=5.363  top50=0  top10%=0
  std_gp/seed7 → best_inwin=2.997 top10=3 top50=8
FeatureBOLoop: 766 materials × 43 descriptors  |  direction=max
Init: 10 random labels  |  best (max) = 5.386
/home/roy/Desktop/DKL-BO/venv/lib/python3.13/site-packages/torch/_compile.py:54: UserWarning: optimizer contains a parameter group with duplicate parameters; in future, this will cause an error; see github.com/pytorch/pytorch/issues/40967 for more information
  return disable_fn(*args, **kwargs)
FeatureBOLoop done  |  best=5.386  top50=0  top10%=0
  std_gp/seed8 → best_inwin=2.976 top10=2 top50=11
FeatureBOLoop: 766 materials × 43 descriptors  |  direction=max
Init: 10 random labels  |  best (max) = 2.795
/home/roy/Desktop/DKL-BO/venv/lib/python3.13/site-packages/torch/_compile.py:54: UserWarning: optimizer contains a parameter group with duplicate parameters; in future, this will cause an error; see github.com/pytorch/pytorch/issues/40967 for more information
  return disable_fn(*args, **kwargs)
FeatureBOLoop done  |  best=4.579  top50=0  top10%=0
  std_gp/seed9 → best_inwin=2.997 top10=2 top50=9
FeatureBOLoop: 766 materials × 43 descriptors  |  direction=max
Init: 10 random labels  |  best (max) = 5.105
/home/roy/Desktop/DKL-BO/venv/lib/python3.13/site-packages/torch/_compile.py:54: UserWarning: optimizer contains a parameter group with duplicate parameters; in future, this will cause an error; see github.com/pytorch/pytorch/issues/40967 for more information
  return disable_fn(*args, **kwargs)
FeatureBOLoop done  |  best=5.105  top50=0  top10%=0
  std_gp/seed10 → best_inwin=2.994 top10=3 top50=13
FeatureBOLoop: 766 materials × 43 descriptors  |  direction=max
Init: 10 random labels  |  best (max) = 3.513
/home/roy/Desktop/DKL-BO/venv/lib/python3.13/site-packages/torch/_compile.py:54: UserWarning: optimizer contains a parameter group with duplicate parameters; in future, this will cause an error; see github.com/pytorch/pytorch/issues/40967 for more information
  return disable_fn(*args, **kwargs)
FeatureBOLoop done  |  best=4.600  top50=0  top10%=0
  std_gp/seed11 → best_inwin=2.976 top10=1 top50=10
FeatureBOLoop: 766 materials × 43 descriptors  |  direction=max
Init: 10 random labels  |  best (max) = 7.351
/home/roy/Desktop/DKL-BO/venv/lib/python3.13/site-packages/torch/_compile.py:54: UserWarning: optimizer contains a parameter group with duplicate parameters; in future, this will cause an error; see github.com/pytorch/pytorch/issues/40967 for more information
  return disable_fn(*args, **kwargs)
FeatureBOLoop done  |  best=7.351  top50=2  top10%=3
  std_gp/seed12 → best_inwin=2.994 top10=1 top50=7
FeatureBOLoop: 766 materials × 43 descriptors  |  direction=max
Init: 10 random labels  |  best (max) = 4.438
/home/roy/Desktop/DKL-BO/venv/lib/python3.13/site-packages/torch/_compile.py:54: UserWarning: optimizer contains a parameter group with duplicate parameters; in future, this will cause an error; see github.com/pytorch/pytorch/issues/40967 for more information
  return disable_fn(*args, **kwargs)
FeatureBOLoop done  |  best=6.795  top50=1  top10%=1
  std_gp/seed13 → best_inwin=2.976 top10=1 top50=13
FeatureBOLoop: 766 materials × 43 descriptors  |  direction=max
Init: 10 random labels  |  best (max) = 5.379
/home/roy/Desktop/DKL-BO/venv/lib/python3.13/site-packages/torch/_compile.py:54: UserWarning: optimizer contains a parameter group with duplicate parameters; in future, this will cause an error; see github.com/pytorch/pytorch/issues/40967 for more information
  return disable_fn(*args, **kwargs)
FeatureBOLoop done  |  best=5.379  top50=0  top10%=0
  std_gp/seed14 → best_inwin=2.976 top10=1 top50=11
FeatureBOLoop: 766 materials × 43 descriptors  |  direction=max
Init: 10 random labels  |  best (max) = 4.226
/home/roy/Desktop/DKL-BO/venv/lib/python3.13/site-packages/torch/_compile.py:54: UserWarning: optimizer contains a parameter group with duplicate parameters; in future, this will cause an error; see github.com/pytorch/pytorch/issues/40967 for more information
  return disable_fn(*args, **kwargs)
FeatureBOLoop done  |  best=4.226  top50=0  top10%=0
  std_gp/seed15 → best_inwin=2.994 top10=1 top50=5
FeatureBOLoop: 766 materials × 43 descriptors  |  direction=max
Init: 10 random labels  |  best (max) = 4.219
/home/roy/Desktop/DKL-BO/venv/lib/python3.13/site-packages/torch/_compile.py:54: UserWarning: optimizer contains a parameter group with duplicate parameters; in future, this will cause an error; see github.com/pytorch/pytorch/issues/40967 for more information
  return disable_fn(*args, **kwargs)
FeatureBOLoop done  |  best=4.600  top50=0  top10%=0
  std_gp/seed16 → best_inwin=2.994 top10=2 top50=8
FeatureBOLoop: 766 materials × 43 descriptors  |  direction=max
Init: 10 random labels  |  best (max) = 6.099
/home/roy/Desktop/DKL-BO/venv/lib/python3.13/site-packages/torch/_compile.py:54: UserWarning: optimizer contains a parameter group with duplicate parameters; in future, this will cause an error; see github.com/pytorch/pytorch/issues/40967 for more information
  return disable_fn(*args, **kwargs)
FeatureBOLoop done  |  best=6.257  top50=1  top10%=1
  std_gp/seed17 → best_inwin=2.994 top10=2 top50=14
FeatureBOLoop: 766 materials × 43 descriptors  |  direction=max
Init: 10 random labels  |  best (max) = 1.877
/home/roy/Desktop/DKL-BO/venv/lib/python3.13/site-packages/torch/_compile.py:54: UserWarning: optimizer contains a parameter group with duplicate parameters; in future, this will cause an error; see github.com/pytorch/pytorch/issues/40967 for more information
  return disable_fn(*args, **kwargs)
FeatureBOLoop done  |  best=4.436  top50=0  top10%=0
  std_gp/seed18 → best_inwin=2.978 top10=2 top50=10
FeatureBOLoop: 766 materials × 43 descriptors  |  direction=max
Init: 10 random labels  |  best (max) = 6.553
/home/roy/Desktop/DKL-BO/venv/lib/python3.13/site-packages/torch/_compile.py:54: UserWarning: optimizer contains a parameter group with duplicate parameters; in future, this will cause an error; see github.com/pytorch/pytorch/issues/40967 for more information
  return disable_fn(*args, **kwargs)
FeatureBOLoop done  |  best=6.553  top50=0  top10%=0
  std_gp/seed19 → best_inwin=2.922 top10=1 top50=6
FeatureBOLoop: 766 materials × 43 descriptors  |  direction=max
Init: 10 random labels  |  best (max) = 3.731
/home/roy/Desktop/DKL-BO/venv/lib/python3.13/site-packages/torch/_compile.py:54: UserWarning: optimizer contains a parameter group with duplicate parameters; in future, this will cause an error; see github.com/pytorch/pytorch/issues/40967 for more information
  return disable_fn(*args, **kwargs)
FeatureBOLoop done  |  best=3.875  top50=0  top10%=0
  std_gp/seed20 → best_inwin=2.978 top10=3 top50=9
FeatureBOLoop: 766 materials × 43 descriptors  |  direction=max
Init: 10 random labels  |  best (max) = 5.324
/home/roy/Desktop/DKL-BO/venv/lib/python3.13/site-packages/torch/_compile.py:54: UserWarning: optimizer contains a parameter group with duplicate parameters; in future, this will cause an error; see github.com/pytorch/pytorch/issues/40967 for more information
  return disable_fn(*args, **kwargs)
FeatureBOLoop done  |  best=6.616  top50=1  top10%=1
  std_gp/seed21 → best_inwin=2.638 top10=0 top50=1
FeatureBOLoop: 766 materials × 43 descriptors  |  direction=max
Init: 10 random labels  |  best (max) = 5.515
/home/roy/Desktop/DKL-BO/venv/lib/python3.13/site-packages/torch/_compile.py:54: UserWarning: optimizer contains a parameter group with duplicate parameters; in future, this will cause an error; see github.com/pytorch/pytorch/issues/40967 for more information
  return disable_fn(*args, **kwargs)
FeatureBOLoop done  |  best=5.515  top50=0  top10%=1
  std_gp/seed22 → best_inwin=2.997 top10=2 top50=9
FeatureBOLoop: 766 materials × 43 descriptors  |  direction=max
Init: 10 random labels  |  best (max) = 4.523
/home/roy/Desktop/DKL-BO/venv/lib/python3.13/site-packages/torch/_compile.py:54: UserWarning: optimizer contains a parameter group with duplicate parameters; in future, this will cause an error; see github.com/pytorch/pytorch/issues/40967 for more information
  return disable_fn(*args, **kwargs)
FeatureBOLoop done  |  best=4.523  top50=0  top10%=0
  std_gp/seed23 → best_inwin=2.978 top10=2 top50=8
FeatureBOLoop: 766 materials × 43 descriptors  |  direction=max
Init: 10 random labels  |  best (max) = 5.363
/home/roy/Desktop/DKL-BO/venv/lib/python3.13/site-packages/torch/_compile.py:54: UserWarning: optimizer contains a parameter group with duplicate parameters; in future, this will cause an error; see github.com/pytorch/pytorch/issues/40967 for more information
  return disable_fn(*args, **kwargs)
FeatureBOLoop done  |  best=8.681  top50=1  top10%=1
  std_gp/seed24 → best_inwin=2.891 top10=0 top50=11
FeatureBOLoop: 766 materials × 43 descriptors  |  direction=max
Init: 10 random labels  |  best (max) = 3.985
/home/roy/Desktop/DKL-BO/venv/lib/python3.13/site-packages/torch/_compile.py:54: UserWarning: optimizer contains a parameter group with duplicate parameters; in future, this will cause an error; see github.com/pytorch/pytorch/issues/40967 for more information
  return disable_fn(*args, **kwargs)
FeatureBOLoop done  |  best=6.164  top50=1  top10%=2
  std_gp/seed25 → best_inwin=2.976 top10=1 top50=9
FeatureBOLoop: 766 materials × 43 descriptors  |  direction=max
Init: 10 random labels  |  best (max) = 4.453
/home/roy/Desktop/DKL-BO/venv/lib/python3.13/site-packages/torch/_compile.py:54: UserWarning: optimizer contains a parameter group with duplicate parameters; in future, this will cause an error; see github.com/pytorch/pytorch/issues/40967 for more information
  return disable_fn(*args, **kwargs)
FeatureBOLoop done  |  best=4.935  top50=0  top10%=0
  std_gp/seed26 → best_inwin=2.994 top10=1 top50=5
FeatureBOLoop: 766 materials × 43 descriptors  |  direction=max
Init: 10 random labels  |  best (max) = 5.770
/home/roy/Desktop/DKL-BO/venv/lib/python3.13/site-packages/torch/_compile.py:54: UserWarning: optimizer contains a parameter group with duplicate parameters; in future, this will cause an error; see github.com/pytorch/pytorch/issues/40967 for more information
  return disable_fn(*args, **kwargs)
FeatureBOLoop done  |  best=7.004  top50=1  top10%=1
  std_gp/seed27 → best_inwin=2.976 top10=1 top50=11
FeatureBOLoop: 766 materials × 43 descriptors  |  direction=max
Init: 10 random labels  |  best (max) = 4.344
/home/roy/Desktop/DKL-BO/venv/lib/python3.13/site-packages/torch/_compile.py:54: UserWarning: optimizer contains a parameter group with duplicate parameters; in future, this will cause an error; see github.com/pytorch/pytorch/issues/40967 for more information
  return disable_fn(*args, **kwargs)
FeatureBOLoop done  |  best=4.453  top50=0  top10%=0
  std_gp/seed28 → best_inwin=2.978 top10=3 top50=8
FeatureBOLoop: 766 materials × 43 descriptors  |  direction=max
Init: 10 random labels  |  best (max) = 6.385
/home/roy/Desktop/DKL-BO/venv/lib/python3.13/site-packages/torch/_compile.py:54: UserWarning: optimizer contains a parameter group with duplicate parameters; in future, this will cause an error; see github.com/pytorch/pytorch/issues/40967 for more information
  return disable_fn(*args, **kwargs)
FeatureBOLoop done  |  best=6.385  top50=0  top10%=0
  std_gp/seed29 → best_inwin=2.997 top10=2 top50=3
FeatureBOLoop: 766 materials × 32 descriptors  |  direction=max
Init: 10 random labels  |  best (max) = 5.635
/home/roy/Desktop/DKL-BO/venv/lib/python3.13/site-packages/torch/_compile.py:54: UserWarning: optimizer contains a parameter group with duplicate parameters; in future, this will cause an error; see github.com/pytorch/pytorch/issues/40967 for more information
  return disable_fn(*args, **kwargs)
FeatureBOLoop done  |  best=5.635  top50=0  top10%=0
  dkl_frozen/seed0 → best_inwin=2.994 top10=2 top50=6
FeatureBOLoop: 766 materials × 32 descriptors  |  direction=max
Init: 10 random labels  |  best (max) = 3.745
/home/roy/Desktop/DKL-BO/venv/lib/python3.13/site-packages/torch/_compile.py:54: UserWarning: optimizer contains a parameter group with duplicate parameters; in future, this will cause an error; see github.com/pytorch/pytorch/issues/40967 for more information
  return disable_fn(*args, **kwargs)
FeatureBOLoop done  |  best=4.095  top50=0  top10%=0
  dkl_frozen/seed1 → best_inwin=2.900 top10=1 top50=7
FeatureBOLoop: 766 materials × 32 descriptors  |  direction=max
Init: 10 random labels  |  best (max) = 4.709
/home/roy/Desktop/DKL-BO/venv/lib/python3.13/site-packages/torch/_compile.py:54: UserWarning: optimizer contains a parameter group with duplicate parameters; in future, this will cause an error; see github.com/pytorch/pytorch/issues/40967 for more information
  return disable_fn(*args, **kwargs)
FeatureBOLoop done  |  best=4.709  top50=0  top10%=0
  dkl_frozen/seed2 → best_inwin=2.992 top10=1 top50=13
FeatureBOLoop: 766 materials × 32 descriptors  |  direction=max
Init: 10 random labels  |  best (max) = 4.523
/home/roy/Desktop/DKL-BO/venv/lib/python3.13/site-packages/torch/_compile.py:54: UserWarning: optimizer contains a parameter group with duplicate parameters; in future, this will cause an error; see github.com/pytorch/pytorch/issues/40967 for more information
  return disable_fn(*args, **kwargs)
FeatureBOLoop done  |  best=4.523  top50=0  top10%=0
  dkl_frozen/seed3 → best_inwin=2.869 top10=0 top50=6
FeatureBOLoop: 766 materials × 32 descriptors  |  direction=max
Init: 10 random labels  |  best (max) = 3.271
/home/roy/Desktop/DKL-BO/venv/lib/python3.13/site-packages/torch/_compile.py:54: UserWarning: optimizer contains a parameter group with duplicate parameters; in future, this will cause an error; see github.com/pytorch/pytorch/issues/40967 for more information
  return disable_fn(*args, **kwargs)
FeatureBOLoop done  |  best=3.856  top50=0  top10%=0
  dkl_frozen/seed4 → best_inwin=2.992 top10=1 top50=9
FeatureBOLoop: 766 materials × 32 descriptors  |  direction=max
Init: 10 random labels  |  best (max) = 3.781
/home/roy/Desktop/DKL-BO/venv/lib/python3.13/site-packages/torch/_compile.py:54: UserWarning: optimizer contains a parameter group with duplicate parameters; in future, this will cause an error; see github.com/pytorch/pytorch/issues/40967 for more information
  return disable_fn(*args, **kwargs)
FeatureBOLoop done  |  best=5.308  top50=0  top10%=2
  dkl_frozen/seed5 → best_inwin=2.976 top10=1 top50=11
FeatureBOLoop: 766 materials × 32 descriptors  |  direction=max
Init: 10 random labels  |  best (max) = 5.612
/home/roy/Desktop/DKL-BO/venv/lib/python3.13/site-packages/torch/_compile.py:54: UserWarning: optimizer contains a parameter group with duplicate parameters; in future, this will cause an error; see github.com/pytorch/pytorch/issues/40967 for more information
  return disable_fn(*args, **kwargs)
FeatureBOLoop done  |  best=5.612  top50=0  top10%=0
  dkl_frozen/seed6 → best_inwin=2.994 top10=2 top50=7
FeatureBOLoop: 766 materials × 32 descriptors  |  direction=max
Init: 10 random labels  |  best (max) = 5.363
/home/roy/Desktop/DKL-BO/venv/lib/python3.13/site-packages/torch/_compile.py:54: UserWarning: optimizer contains a parameter group with duplicate parameters; in future, this will cause an error; see github.com/pytorch/pytorch/issues/40967 for more information
  return disable_fn(*args, **kwargs)
FeatureBOLoop done  |  best=8.681  top50=1  top10%=1
  dkl_frozen/seed7 → best_inwin=2.869 top10=0 top50=10
FeatureBOLoop: 766 materials × 32 descriptors  |  direction=max
Init: 10 random labels  |  best (max) = 5.386
/home/roy/Desktop/DKL-BO/venv/lib/python3.13/site-packages/torch/_compile.py:54: UserWarning: optimizer contains a parameter group with duplicate parameters; in future, this will cause an error; see github.com/pytorch/pytorch/issues/40967 for more information
  return disable_fn(*args, **kwargs)
FeatureBOLoop done  |  best=6.202  top50=1  top10%=1
  dkl_frozen/seed8 → best_inwin=2.992 top10=1 top50=8
FeatureBOLoop: 766 materials × 32 descriptors  |  direction=max
Init: 10 random labels  |  best (max) = 2.795
/home/roy/Desktop/DKL-BO/venv/lib/python3.13/site-packages/torch/_compile.py:54: UserWarning: optimizer contains a parameter group with duplicate parameters; in future, this will cause an error; see github.com/pytorch/pytorch/issues/40967 for more information
  return disable_fn(*args, **kwargs)
FeatureBOLoop done  |  best=4.871  top50=0  top10%=0
  dkl_frozen/seed9 → best_inwin=2.994 top10=1 top50=10
FeatureBOLoop: 766 materials × 32 descriptors  |  direction=max
Init: 10 random labels  |  best (max) = 5.105
/home/roy/Desktop/DKL-BO/venv/lib/python3.13/site-packages/torch/_compile.py:54: UserWarning: optimizer contains a parameter group with duplicate parameters; in future, this will cause an error; see github.com/pytorch/pytorch/issues/40967 for more information
  return disable_fn(*args, **kwargs)
FeatureBOLoop done  |  best=5.450  top50=1  top10%=2
  dkl_frozen/seed10 → best_inwin=2.891 top10=0 top50=7
FeatureBOLoop: 766 materials × 32 descriptors  |  direction=max
Init: 10 random labels  |  best (max) = 3.513
/home/roy/Desktop/DKL-BO/venv/lib/python3.13/site-packages/torch/_compile.py:54: UserWarning: optimizer contains a parameter group with duplicate parameters; in future, this will cause an error; see github.com/pytorch/pytorch/issues/40967 for more information
  return disable_fn(*args, **kwargs)
FeatureBOLoop done  |  best=4.718  top50=0  top10%=0
  dkl_frozen/seed11 → best_inwin=2.976 top10=2 top50=9
FeatureBOLoop: 766 materials × 32 descriptors  |  direction=max
Init: 10 random labels  |  best (max) = 7.351
/home/roy/Desktop/DKL-BO/venv/lib/python3.13/site-packages/torch/_compile.py:54: UserWarning: optimizer contains a parameter group with duplicate parameters; in future, this will cause an error; see github.com/pytorch/pytorch/issues/40967 for more information
  return disable_fn(*args, **kwargs)
FeatureBOLoop done  |  best=7.351  top50=0  top10%=0
  dkl_frozen/seed12 → best_inwin=2.584 top10=0 top50=0
FeatureBOLoop: 766 materials × 32 descriptors  |  direction=max
Init: 10 random labels  |  best (max) = 4.438
/home/roy/Desktop/DKL-BO/venv/lib/python3.13/site-packages/torch/_compile.py:54: UserWarning: optimizer contains a parameter group with duplicate parameters; in future, this will cause an error; see github.com/pytorch/pytorch/issues/40967 for more information
  return disable_fn(*args, **kwargs)
FeatureBOLoop done  |  best=4.438  top50=0  top10%=0
  dkl_frozen/seed13 → best_inwin=2.891 top10=0 top50=7
FeatureBOLoop: 766 materials × 32 descriptors  |  direction=max
Init: 10 random labels  |  best (max) = 5.379
/home/roy/Desktop/DKL-BO/venv/lib/python3.13/site-packages/torch/_compile.py:54: UserWarning: optimizer contains a parameter group with duplicate parameters; in future, this will cause an error; see github.com/pytorch/pytorch/issues/40967 for more information
  return disable_fn(*args, **kwargs)
FeatureBOLoop done  |  best=5.379  top50=0  top10%=1
  dkl_frozen/seed14 → best_inwin=2.915 top10=1 top50=5
FeatureBOLoop: 766 materials × 32 descriptors  |  direction=max
Init: 10 random labels  |  best (max) = 4.226
/home/roy/Desktop/DKL-BO/venv/lib/python3.13/site-packages/torch/_compile.py:54: UserWarning: optimizer contains a parameter group with duplicate parameters; in future, this will cause an error; see github.com/pytorch/pytorch/issues/40967 for more information
  return disable_fn(*args, **kwargs)
FeatureBOLoop done  |  best=4.226  top50=0  top10%=0
  dkl_frozen/seed15 → best_inwin=2.994 top10=2 top50=9
FeatureBOLoop: 766 materials × 32 descriptors  |  direction=max
Init: 10 random labels  |  best (max) = 4.219
/home/roy/Desktop/DKL-BO/venv/lib/python3.13/site-packages/torch/_compile.py:54: UserWarning: optimizer contains a parameter group with duplicate parameters; in future, this will cause an error; see github.com/pytorch/pytorch/issues/40967 for more information
  return disable_fn(*args, **kwargs)
FeatureBOLoop done  |  best=4.662  top50=0  top10%=0
  dkl_frozen/seed16 → best_inwin=2.994 top10=2 top50=10
FeatureBOLoop: 766 materials × 32 descriptors  |  direction=max
Init: 10 random labels  |  best (max) = 6.099
/home/roy/Desktop/DKL-BO/venv/lib/python3.13/site-packages/torch/_compile.py:54: UserWarning: optimizer contains a parameter group with duplicate parameters; in future, this will cause an error; see github.com/pytorch/pytorch/issues/40967 for more information
  return disable_fn(*args, **kwargs)
FeatureBOLoop done  |  best=6.099  top50=0  top10%=1
  dkl_frozen/seed17 → best_inwin=2.891 top10=0 top50=5
FeatureBOLoop: 766 materials × 32 descriptors  |  direction=max
Init: 10 random labels  |  best (max) = 1.877
/home/roy/Desktop/DKL-BO/venv/lib/python3.13/site-packages/torch/_compile.py:54: UserWarning: optimizer contains a parameter group with duplicate parameters; in future, this will cause an error; see github.com/pytorch/pytorch/issues/40967 for more information
  return disable_fn(*args, **kwargs)
FeatureBOLoop done  |  best=5.796  top50=2  top10%=2
  dkl_frozen/seed18 → best_inwin=2.869 top10=0 top50=6
FeatureBOLoop: 766 materials × 32 descriptors  |  direction=max
Init: 10 random labels  |  best (max) = 6.553
/home/roy/Desktop/DKL-BO/venv/lib/python3.13/site-packages/torch/_compile.py:54: UserWarning: optimizer contains a parameter group with duplicate parameters; in future, this will cause an error; see github.com/pytorch/pytorch/issues/40967 for more information
  return disable_fn(*args, **kwargs)
FeatureBOLoop done  |  best=6.553  top50=1  top10%=1
  dkl_frozen/seed19 → best_inwin=2.811 top10=0 top50=7
FeatureBOLoop: 766 materials × 32 descriptors  |  direction=max
Init: 10 random labels  |  best (max) = 3.731
/home/roy/Desktop/DKL-BO/venv/lib/python3.13/site-packages/torch/_compile.py:54: UserWarning: optimizer contains a parameter group with duplicate parameters; in future, this will cause an error; see github.com/pytorch/pytorch/issues/40967 for more information
  return disable_fn(*args, **kwargs)
FeatureBOLoop done  |  best=4.344  top50=0  top10%=0
  dkl_frozen/seed20 → best_inwin=2.900 top10=1 top50=9
FeatureBOLoop: 766 materials × 32 descriptors  |  direction=max
Init: 10 random labels  |  best (max) = 5.324
/home/roy/Desktop/DKL-BO/venv/lib/python3.13/site-packages/torch/_compile.py:54: UserWarning: optimizer contains a parameter group with duplicate parameters; in future, this will cause an error; see github.com/pytorch/pytorch/issues/40967 for more information
  return disable_fn(*args, **kwargs)
FeatureBOLoop done  |  best=5.324  top50=0  top10%=0
  dkl_frozen/seed21 → best_inwin=2.915 top10=1 top50=4
FeatureBOLoop: 766 materials × 32 descriptors  |  direction=max
Init: 10 random labels  |  best (max) = 5.515
/home/roy/Desktop/DKL-BO/venv/lib/python3.13/site-packages/torch/_compile.py:54: UserWarning: optimizer contains a parameter group with duplicate parameters; in future, this will cause an error; see github.com/pytorch/pytorch/issues/40967 for more information
  return disable_fn(*args, **kwargs)
FeatureBOLoop done  |  best=5.515  top50=0  top10%=0
  dkl_frozen/seed22 → best_inwin=2.891 top10=0 top50=13
FeatureBOLoop: 766 materials × 32 descriptors  |  direction=max
Init: 10 random labels  |  best (max) = 4.523
/home/roy/Desktop/DKL-BO/venv/lib/python3.13/site-packages/torch/_compile.py:54: UserWarning: optimizer contains a parameter group with duplicate parameters; in future, this will cause an error; see github.com/pytorch/pytorch/issues/40967 for more information
  return disable_fn(*args, **kwargs)
FeatureBOLoop done  |  best=4.523  top50=0  top10%=0
  dkl_frozen/seed23 → best_inwin=2.994 top10=1 top50=5
FeatureBOLoop: 766 materials × 32 descriptors  |  direction=max
Init: 10 random labels  |  best (max) = 5.363
/home/roy/Desktop/DKL-BO/venv/lib/python3.13/site-packages/torch/_compile.py:54: UserWarning: optimizer contains a parameter group with duplicate parameters; in future, this will cause an error; see github.com/pytorch/pytorch/issues/40967 for more information
  return disable_fn(*args, **kwargs)
FeatureBOLoop done  |  best=5.363  top50=0  top10%=0
  dkl_frozen/seed24 → best_inwin=2.891 top10=0 top50=6
FeatureBOLoop: 766 materials × 32 descriptors  |  direction=max
Init: 10 random labels  |  best (max) = 3.985
/home/roy/Desktop/DKL-BO/venv/lib/python3.13/site-packages/torch/_compile.py:54: UserWarning: optimizer contains a parameter group with duplicate parameters; in future, this will cause an error; see github.com/pytorch/pytorch/issues/40967 for more information
  return disable_fn(*args, **kwargs)
FeatureBOLoop done  |  best=4.662  top50=0  top10%=0
  dkl_frozen/seed25 → best_inwin=2.851 top10=0 top50=7
FeatureBOLoop: 766 materials × 32 descriptors  |  direction=max
Init: 10 random labels  |  best (max) = 4.453
/home/roy/Desktop/DKL-BO/venv/lib/python3.13/site-packages/torch/_compile.py:54: UserWarning: optimizer contains a parameter group with duplicate parameters; in future, this will cause an error; see github.com/pytorch/pytorch/issues/40967 for more information
  return disable_fn(*args, **kwargs)
FeatureBOLoop done  |  best=4.453  top50=0  top10%=0
  dkl_frozen/seed26 → best_inwin=2.994 top10=1 top50=4
FeatureBOLoop: 766 materials × 32 descriptors  |  direction=max
Init: 10 random labels  |  best (max) = 5.770
/home/roy/Desktop/DKL-BO/venv/lib/python3.13/site-packages/torch/_compile.py:54: UserWarning: optimizer contains a parameter group with duplicate parameters; in future, this will cause an error; see github.com/pytorch/pytorch/issues/40967 for more information
  return disable_fn(*args, **kwargs)
FeatureBOLoop done  |  best=5.770  top50=0  top10%=1
  dkl_frozen/seed27 → best_inwin=2.978 top10=2 top50=7
FeatureBOLoop: 766 materials × 32 descriptors  |  direction=max
Init: 10 random labels  |  best (max) = 4.344
/home/roy/Desktop/DKL-BO/venv/lib/python3.13/site-packages/torch/_compile.py:54: UserWarning: optimizer contains a parameter group with duplicate parameters; in future, this will cause an error; see github.com/pytorch/pytorch/issues/40967 for more information
  return disable_fn(*args, **kwargs)
FeatureBOLoop done  |  best=4.709  top50=0  top10%=0
  dkl_frozen/seed28 → best_inwin=2.891 top10=0 top50=9
FeatureBOLoop: 766 materials × 32 descriptors  |  direction=max
Init: 10 random labels  |  best (max) = 6.385
/home/roy/Desktop/DKL-BO/venv/lib/python3.13/site-packages/torch/_compile.py:54: UserWarning: optimizer contains a parameter group with duplicate parameters; in future, this will cause an error; see github.com/pytorch/pytorch/issues/40967 for more information
  return disable_fn(*args, **kwargs)
FeatureBOLoop done  |  best=7.587  top50=1  top10%=1
  dkl_frozen/seed29 → best_inwin=2.811 top10=0 top50=7
BOLoop: 766 materials  |  direction=max  |  top-50 internal threshold=5.35  top-10% internal threshold=4.94
Init: 10 random labels  |  best (max) = 5.635
Cycle   1: full DKL retrain  (10 labelled)
GP warmup: 20 epochs on initial embeddings
/home/roy/Desktop/DKL-BO/venv/lib/python3.13/site-packages/torch/_compile.py:54: UserWarning: optimizer contains a parameter group with duplicate parameters; in future, this will cause an error; see github.com/pytorch/pytorch/issues/40967 for more information
  return disable_fn(*args, **kwargs)
Joint DKL training: 50 epochs
  Epoch 20/50  loss=1.8718
  Epoch 40/50  loss=1.7531
DKL training done in 0.6s
  → 2BrIrS-2  gap=2.065 eV  best=5.635 eV  top50=0  top10%=0
Cycle   2: GP refit  (11 labelled)
  → 2BrRhS-2  gap=2.135 eV  best=5.635 eV  top50=0  top10%=0
Cycle   3: GP refit  (12 labelled)
  → 2BrRhTe-1  gap=1.965 eV  best=5.635 eV  top50=0  top10%=0
Cycle   4: GP refit  (13 labelled)
  → 2BrIrSe-2  gap=2.067 eV  best=5.635 eV  top50=0  top10%=0
Cycle   5: GP refit  (14 labelled)
  → 4OPb-1  gap=3.731 eV  best=5.635 eV  top50=0  top10%=0
Cycle   6: full DKL retrain  (15 labelled)
GP warmup: 20 epochs on initial embeddings
Joint DKL training: 50 epochs
  Epoch 20/50  loss=0.5123
  Epoch 40/50  loss=0.1889
DKL training done in 0.3s
  → 2FRhS-1  gap=2.175 eV  best=5.635 eV  top50=0  top10%=0
Cycle   7: GP refit  (16 labelled)
  → 2BiBrCdO2-1  gap=3.667 eV  best=5.635 eV  top50=0  top10%=0
Cycle   8: GP refit  (17 labelled)
  → 2FRhSe-1  gap=2.223 eV  best=5.635 eV  top50=0  top10%=0
Cycle   9: GP refit  (18 labelled)
  → 1BrCoTe-1  gap=1.810 eV  best=5.635 eV  top50=0  top10%=0
Cycle  10: GP refit  (19 labelled)
  → 1MnZrBr6-1  gap=3.584 eV  best=5.635 eV  top50=0  top10%=0
Cycle  11: full DKL retrain  (20 labelled)
GP warmup: 20 epochs on initial embeddings
Joint DKL training: 50 epochs
  Epoch 20/50  loss=0.0539
  Epoch 40/50  loss=-0.0785
DKL training done in 0.3s
  → 2NRbRuSF5-1  gap=2.622 eV  best=5.635 eV  top50=0  top10%=0
Cycle  12: GP refit  (21 labelled)
  → 2KNOsSF5-1  gap=2.516 eV  best=5.635 eV  top50=0  top10%=0
Cycle  13: GP refit  (22 labelled)
  → 2BiCdIO2-1  gap=2.598 eV  best=5.635 eV  top50=0  top10%=0
Cycle  14: GP refit  (23 labelled)
  → 2NRbRuSCl5-1  gap=1.324 eV  best=5.635 eV  top50=0  top10%=0
Cycle  15: GP refit  (24 labelled)
  → 2BiBrHgO2-1  gap=3.519 eV  best=5.635 eV  top50=0  top10%=0
Cycle  16: full DKL retrain  (25 labelled)
GP warmup: 20 epochs on initial embeddings
Joint DKL training: 50 epochs
  Epoch 20/50  loss=-0.0664
  Epoch 40/50  loss=-0.2769
DKL training done in 0.3s
  → 2KNRuSF5-1  gap=2.625 eV  best=5.635 eV  top50=0  top10%=0
Cycle  17: GP refit  (26 labelled)
  → 2FISr-1  gap=5.171 eV  best=5.635 eV  top50=0  top10%=1
Cycle  18: GP refit  (27 labelled)
  → 1PdZrCl6-1  gap=2.434 eV  best=5.635 eV  top50=0  top10%=1
Cycle  19: GP refit  (28 labelled)
  → 1HgCl2-3  gap=3.201 eV  best=5.635 eV  top50=0  top10%=1
Cycle  20: GP refit  (29 labelled)
  → 4OSb2Se2-1  gap=2.083 eV  best=5.635 eV  top50=0  top10%=1
Cycle  21: full DKL retrain  (30 labelled)
GP warmup: 20 epochs on initial embeddings
Joint DKL training: 50 epochs
  Epoch 20/50  loss=0.1369
  Epoch 40/50  loss=-0.0211
DKL training done in 0.3s
  → 2HKO-1  gap=4.501 eV  best=5.635 eV  top50=0  top10%=1
Cycle  22: GP refit  (31 labelled)
  → 1AsBrTe-1  gap=1.839 eV  best=5.635 eV  top50=0  top10%=1
Cycle  23: GP refit  (32 labelled)
  → 2CsNRuSF5-1  gap=2.579 eV  best=5.635 eV  top50=0  top10%=1
Cycle  24: GP refit  (33 labelled)
  → 2CRbO3-1  gap=2.673 eV  best=5.635 eV  top50=0  top10%=1
Cycle  25: GP refit  (34 labelled)
  → 1BrCuGeTe-1  gap=1.540 eV  best=5.635 eV  top50=0  top10%=1
Cycle  26: full DKL retrain  (35 labelled)
GP warmup: 20 epochs on initial embeddings
Joint DKL training: 50 epochs
  Epoch 20/50  loss=0.1262
  Epoch 40/50  loss=0.0159
DKL training done in 0.3s
  → 2Bi2O3-2  gap=4.095 eV  best=5.635 eV  top50=0  top10%=1
Cycle  27: GP refit  (36 labelled)
  → 1GeBr2-2  gap=3.333 eV  best=5.635 eV  top50=0  top10%=1
Cycle  28: GP refit  (37 labelled)
  → 4BrCd-1  gap=1.771 eV  best=5.635 eV  top50=0  top10%=1
Cycle  29: GP refit  (38 labelled)
  → 1BrIV-1  gap=3.500 eV  best=5.635 eV  top50=0  top10%=1
Cycle  30: GP refit  (39 labelled)
  → 2RhBr3-2  gap=1.129 eV  best=5.635 eV  top50=0  top10%=1
Cycle  31: full DKL retrain  (40 labelled)
GP warmup: 20 epochs on initial embeddings
Joint DKL training: 50 epochs
  Epoch 20/50  loss=0.2000
  Epoch 40/50  loss=0.0088
DKL training done in 0.3s
  → 1ClCrTe-1  gap=1.108 eV  best=5.635 eV  top50=0  top10%=1
Cycle  32: GP refit  (41 labelled)
  → 1STa3I7-1  gap=1.295 eV  best=5.635 eV  top50=0  top10%=1
Cycle  33: GP refit  (42 labelled)
  → 1ScI2-2  gap=0.573 eV  best=5.635 eV  top50=0  top10%=1
Cycle  34: GP refit  (43 labelled)
  → 1MoW3Te8-1  gap=1.220 eV  best=5.635 eV  top50=0  top10%=1
Cycle  35: GP refit  (44 labelled)
  → 1WS2-1  gap=2.055 eV  best=5.635 eV  top50=0  top10%=1
Cycle  36: full DKL retrain  (45 labelled)
GP warmup: 20 epochs on initial embeddings
Joint DKL training: 50 epochs
  Epoch 20/50  loss=0.3128
  Epoch 40/50  loss=0.1571
DKL training done in 0.3s
  → 1BrSSb-1  gap=1.838 eV  best=5.635 eV  top50=0  top10%=1
Cycle  37: GP refit  (46 labelled)
  → 1NiCl2N2H4C6-1  gap=2.638 eV  best=5.635 eV  top50=0  top10%=1
Cycle  38: GP refit  (47 labelled)
  → 1GaN-1  gap=3.090 eV  best=5.635 eV  top50=0  top10%=1
Cycle  39: GP refit  (48 labelled)
  → 2CsNOsSF5-1  gap=2.525 eV  best=5.635 eV  top50=0  top10%=1
Cycle  40: GP refit  (49 labelled)
  → 2BrClCr-1  gap=2.869 eV  best=5.635 eV  top50=0  top10%=1
Cycle  41: full DKL retrain  (50 labelled)
GP warmup: 20 epochs on initial embeddings
Joint DKL training: 50 epochs
  Epoch 20/50  loss=0.0287
  Epoch 40/50  loss=-0.0615
DKL training done in 0.3s
  → 2WSe2-1  gap=0.118 eV  best=5.635 eV  top50=0  top10%=1
Cycle  42: GP refit  (51 labelled)
  → 2BaHI-1  gap=4.219 eV  best=5.635 eV  top50=0  top10%=1
Cycle  43: GP refit  (52 labelled)
  → 1AsClSe-1  gap=2.060 eV  best=5.635 eV  top50=0  top10%=1
Cycle  44: GP refit  (53 labelled)
  → 1AsBrSe-1  gap=1.839 eV  best=5.635 eV  top50=0  top10%=1
Cycle  45: GP refit  (54 labelled)
  → 1HfPdCl6-1  gap=2.459 eV  best=5.635 eV  top50=0  top10%=1
Cycle  46: full DKL retrain  (55 labelled)
GP warmup: 20 epochs on initial embeddings
Joint DKL training: 50 epochs
  Epoch 20/50  loss=0.4471
  Epoch 40/50  loss=0.3407
DKL training done in 0.3s
  → 2PdSO3-1  gap=2.851 eV  best=5.635 eV  top50=0  top10%=1
Cycle  47: GP refit  (56 labelled)
  → 1HgBr2-4  gap=2.459 eV  best=5.635 eV  top50=0  top10%=1
Cycle  48: GP refit  (57 labelled)
  → 2PdSeO3-1  gap=2.663 eV  best=5.635 eV  top50=0  top10%=1
Cycle  49: GP refit  (58 labelled)
  → 1ClIrS-1  gap=2.505 eV  best=5.635 eV  top50=0  top10%=1
Cycle  50: GP refit  (59 labelled)
  → 1LiNbBr6-1  gap=2.937 eV  best=5.635 eV  top50=0  top10%=1
Cycle  51: full DKL retrain  (60 labelled)
GP warmup: 20 epochs on initial embeddings
Joint DKL training: 50 epochs
  Epoch 20/50  loss=0.1951
  Epoch 40/50  loss=0.1459
DKL training done in 0.3s
  → 1ONb3I7-1  gap=0.952 eV  best=5.635 eV  top50=0  top10%=1
Cycle  52: GP refit  (61 labelled)
  → 1ClIY-1  gap=0.773 eV  best=5.635 eV  top50=0  top10%=1
Cycle  53: GP refit  (62 labelled)
  → 1ZrI2-1  gap=1.038 eV  best=5.635 eV  top50=0  top10%=1
Cycle  54: GP refit  (63 labelled)
  → 1HfI2-1  gap=1.022 eV  best=5.635 eV  top50=0  top10%=1
Cycle  55: GP refit  (64 labelled)
  → 2ClMnSbS2-2  gap=1.242 eV  best=5.635 eV  top50=0  top10%=1
Cycle  56: full DKL retrain  (65 labelled)
GP warmup: 20 epochs on initial embeddings
Joint DKL training: 50 epochs
  Epoch 20/50  loss=0.4539
  Epoch 40/50  loss=0.3241
DKL training done in 0.3s
  → 1OSTi-1  gap=1.777 eV  best=5.635 eV  top50=0  top10%=1
Cycle  57: GP refit  (66 labelled)
  → 1YBr2-1  gap=0.901 eV  best=5.635 eV  top50=0  top10%=1
Cycle  58: GP refit  (67 labelled)
  → 2FIrS-2  gap=2.104 eV  best=5.635 eV  top50=0  top10%=1
Cycle  59: GP refit  (68 labelled)
  → 2NOsRbSF5-1  gap=2.520 eV  best=5.635 eV  top50=0  top10%=1
Cycle  60: GP refit  (69 labelled)
  → 2FRhTe-1  gap=2.115 eV  best=5.635 eV  top50=0  top10%=1
Cycle  61: full DKL retrain  (70 labelled)
GP warmup: 20 epochs on initial embeddings
Joint DKL training: 50 epochs
  Epoch 20/50  loss=0.3287
  Epoch 40/50  loss=0.1083
DKL training done in 0.3s
  → 1CdBr2-3  gap=3.373 eV  best=5.635 eV  top50=0  top10%=1
Cycle  62: GP refit  (71 labelled)
  → 1AgMoBr4-1  gap=2.166 eV  best=5.635 eV  top50=0  top10%=1
Cycle  63: GP refit  (72 labelled)
  → 1TeNb3Br7-1  gap=1.436 eV  best=5.635 eV  top50=0  top10%=1
Cycle  64: GP refit  (73 labelled)
  → 2FIrSe-1  gap=2.172 eV  best=5.635 eV  top50=0  top10%=1
Cycle  65: GP refit  (74 labelled)
  → 1SrBr2-2  gap=5.386 eV  best=5.635 eV  top50=1  top10%=2
Cycle  66: full DKL retrain  (75 labelled)
GP warmup: 20 epochs on initial embeddings
Joint DKL training: 50 epochs
  Epoch 20/50  loss=0.0693
  Epoch 40/50  loss=-0.0999
DKL training done in 0.3s
  → 2KNORuCl5-1  gap=1.558 eV  best=5.635 eV  top50=1  top10%=2
Cycle  67: GP refit  (76 labelled)
  → 2CoBi2I2O3-1  gap=2.811 eV  best=5.635 eV  top50=1  top10%=2
Cycle  68: GP refit  (77 labelled)
  → 1STa3Cl7-1  gap=1.643 eV  best=5.635 eV  top50=1  top10%=2
Cycle  69: GP refit  (78 labelled)
  → 1CSiF2-1  gap=3.306 eV  best=5.635 eV  top50=1  top10%=2
Cycle  70: GP refit  (79 labelled)
  → 1TeTa3Cl7-1  gap=1.510 eV  best=5.635 eV  top50=1  top10%=2
Cycle  71: full DKL retrain  (80 labelled)
GP warmup: 20 epochs on initial embeddings
Joint DKL training: 50 epochs
  Epoch 20/50  loss=0.1293
  Epoch 40/50  loss=-0.0641
DKL training done in 0.3s
  → 1STa3F7-1  gap=1.799 eV  best=5.635 eV  top50=1  top10%=2
Cycle  72: GP refit  (81 labelled)
  → 1ClIZr-1  gap=1.317 eV  best=5.635 eV  top50=1  top10%=2
Cycle  73: GP refit  (82 labelled)
  → 1SeAu2O4-1  gap=1.925 eV  best=5.635 eV  top50=1  top10%=2
Cycle  74: GP refit  (83 labelled)
  → 1BrHfI-1  gap=1.157 eV  best=5.635 eV  top50=1  top10%=2
Cycle  75: GP refit  (84 labelled)
  → 2AuO-1  gap=0.865 eV  best=5.635 eV  top50=1  top10%=2
Cycle  76: full DKL retrain  (85 labelled)
GP warmup: 20 epochs on initial embeddings
Joint DKL training: 50 epochs
  Epoch 20/50  loss=0.0762
  Epoch 40/50  loss=-0.0846
DKL training done in 0.3s
  → 1Nb3Br8-1  gap=0.985 eV  best=5.635 eV  top50=1  top10%=2
Cycle  77: GP refit  (86 labelled)
  → 2Sb2O3-5  gap=4.624 eV  best=5.635 eV  top50=1  top10%=2
Cycle  78: GP refit  (87 labelled)
  → 1OScHf3N3Br4-1  gap=4.148 eV  best=5.635 eV  top50=1  top10%=2
Cycle  79: GP refit  (88 labelled)
  → 2INbO2-1  gap=2.295 eV  best=5.635 eV  top50=1  top10%=2
Cycle  80: GP refit  (89 labelled)
  → 1CdClHS-1  gap=3.853 eV  best=5.635 eV  top50=1  top10%=2
Cycle  81: full DKL retrain  (90 labelled)
GP warmup: 20 epochs on initial embeddings
Joint DKL training: 50 epochs
  Epoch 20/50  loss=0.2285
  Epoch 40/50  loss=0.0550
DKL training done in 0.3s
  → 2BaFI-1  gap=4.907 eV  best=5.635 eV  top50=1  top10%=2
Cycle  82: GP refit  (91 labelled)
  → 2CKOOsF5-1  gap=1.831 eV  best=5.635 eV  top50=1  top10%=2
Cycle  83: GP refit  (92 labelled)
  → 1C2O2Zr3-1  gap=0.961 eV  best=5.635 eV  top50=1  top10%=2
Cycle  84: GP refit  (93 labelled)
  → 1C2O2Hf3-1  gap=0.917 eV  best=5.635 eV  top50=1  top10%=2
Cycle  85: GP refit  (94 labelled)
  → 4AsLiS2-2  gap=1.883 eV  best=5.635 eV  top50=1  top10%=2
Cycle  86: full DKL retrain  (95 labelled)
GP warmup: 20 epochs on initial embeddings
Joint DKL training: 50 epochs
  Epoch 20/50  loss=0.1732
  Epoch 40/50  loss=0.0348
DKL training done in 0.3s
  → 2HTeLi3S4-1  gap=2.992 eV  best=5.635 eV  top50=1  top10%=2
Cycle  87: GP refit  (96 labelled)
  → 2SV-4  gap=0.642 eV  best=5.635 eV  top50=1  top10%=2
Cycle  88: GP refit  (97 labelled)
  → 1BaCl2-2  gap=6.099 eV  best=6.099 eV  top50=2  top10%=3
Cycle  89: GP refit  (98 labelled)
  → 2SeV-4  gap=0.788 eV  best=6.099 eV  top50=2  top10%=3
Cycle  90: GP refit  (99 labelled)
  → 1OTeW-1  gap=1.209 eV  best=6.099 eV  top50=2  top10%=3
Cycle  91: full DKL retrain  (100 labelled)
GP warmup: 20 epochs on initial embeddings
Joint DKL training: 50 epochs
  Epoch 20/50  loss=0.4834
  Epoch 40/50  loss=0.2653
DKL training done in 0.3s
  → 2OPb-1  gap=3.463 eV  best=6.099 eV  top50=2  top10%=3
Cycle  92: GP refit  (101 labelled)
  → 2HSeLi3S4-1  gap=3.065 eV  best=6.099 eV  top50=2  top10%=3
Cycle  93: GP refit  (102 labelled)
  → 1ZrBr2-1  gap=1.276 eV  best=6.099 eV  top50=2  top10%=3
Cycle  94: GP refit  (103 labelled)
  → 2HKO-2  gap=4.890 eV  best=6.099 eV  top50=2  top10%=3
Cycle  95: GP refit  (104 labelled)
  → 2OsO2-1  gap=1.005 eV  best=6.099 eV  top50=2  top10%=3
Cycle  96: full DKL retrain  (105 labelled)
GP warmup: 20 epochs on initial embeddings
Joint DKL training: 50 epochs
  Epoch 20/50  loss=0.2036
  Epoch 40/50  loss=0.0094
DKL training done in 0.3s
  → 2ClYO2-1  gap=1.184 eV  best=6.099 eV  top50=2  top10%=3
Cycle  97: GP refit  (106 labelled)
  → 2NbOCl2-1  gap=1.951 eV  best=6.099 eV  top50=2  top10%=3
Cycle  98: GP refit  (107 labelled)
  → 1BrClHf-1  gap=1.361 eV  best=6.099 eV  top50=2  top10%=3
Cycle  99: GP refit  (108 labelled)
  → 2HNaS-1  gap=4.588 eV  best=6.099 eV  top50=2  top10%=3
Cycle 100: GP refit  (109 labelled)
  → 1NiZrCl6-1  gap=4.484 eV  best=6.099 eV  top50=2  top10%=3
  dkl_finetune/seed0 → best_inwin=2.992 top10=2 top50=10
BOLoop: 766 materials  |  direction=max  |  top-50 internal threshold=5.35  top-10% internal threshold=4.94
Init: 10 random labels  |  best (max) = 3.745
Cycle   1: full DKL retrain  (10 labelled)
GP warmup: 20 epochs on initial embeddings
/home/roy/Desktop/DKL-BO/venv/lib/python3.13/site-packages/torch/_compile.py:54: UserWarning: optimizer contains a parameter group with duplicate parameters; in future, this will cause an error; see github.com/pytorch/pytorch/issues/40967 for more information
  return disable_fn(*args, **kwargs)
Joint DKL training: 50 epochs
  Epoch 20/50  loss=1.2665
  Epoch 40/50  loss=1.1360
DKL training done in 0.3s
  → 1BiIS-2  gap=1.178 eV  best=3.745 eV  top50=0  top10%=0
Cycle   2: GP refit  (11 labelled)
  → 2INbO2-1  gap=2.295 eV  best=3.745 eV  top50=0  top10%=0
Cycle   3: GP refit  (12 labelled)
  → 2CoAs2I2O3-1  gap=3.183 eV  best=3.745 eV  top50=0  top10%=0
Cycle   4: GP refit  (13 labelled)
  → 2CoI2Sb2O3-1  gap=3.324 eV  best=3.745 eV  top50=0  top10%=0
Cycle   5: GP refit  (14 labelled)
  → 1AgAlP2Te6-1  gap=1.065 eV  best=3.745 eV  top50=0  top10%=0
Cycle   6: full DKL retrain  (15 labelled)
GP warmup: 20 epochs on initial embeddings
Joint DKL training: 50 epochs
  Epoch 20/50  loss=0.5669
  Epoch 40/50  loss=0.4297
DKL training done in 0.3s
  → 1HgI2-4  gap=1.370 eV  best=3.745 eV  top50=0  top10%=0
Cycle   7: GP refit  (16 labelled)
  → 1PbI2-2  gap=2.404 eV  best=3.745 eV  top50=0  top10%=0
Cycle   8: GP refit  (17 labelled)
  → 1OSW-1  gap=2.257 eV  best=3.745 eV  top50=0  top10%=0
Cycle   9: GP refit  (18 labelled)
  → 1SeTa3F7-1  gap=1.735 eV  best=3.745 eV  top50=0  top10%=0
Cycle  10: GP refit  (19 labelled)
  → 1BiClSe-2  gap=1.992 eV  best=3.745 eV  top50=0  top10%=0
Cycle  11: full DKL retrain  (20 labelled)
GP warmup: 20 epochs on initial embeddings
Joint DKL training: 50 epochs
  Epoch 20/50  loss=-0.2984
  Epoch 40/50  loss=-0.4326
DKL training done in 0.4s
  → 1NiZrF6-1  gap=6.164 eV  best=6.164 eV  top50=1  top10%=1
Cycle  12: GP refit  (21 labelled)
  → 1OZrBr2-1  gap=2.245 eV  best=6.164 eV  top50=1  top10%=1
Cycle  13: GP refit  (22 labelled)
  → 1OScHf3N3Br4-1  gap=4.148 eV  best=6.164 eV  top50=1  top10%=1
Cycle  14: GP refit  (23 labelled)
  → 1BaBrI-1  gap=5.177 eV  best=6.164 eV  top50=1  top10%=2
Cycle  15: GP refit  (24 labelled)
  → 4OBi2S2-1  gap=2.212 eV  best=6.164 eV  top50=1  top10%=2
Cycle  16: full DKL retrain  (25 labelled)
GP warmup: 20 epochs on initial embeddings
Joint DKL training: 50 epochs
  Epoch 20/50  loss=0.9829
  Epoch 40/50  loss=0.1079
DKL training done in 0.4s
  → 2AuO-1  gap=0.865 eV  best=6.164 eV  top50=1  top10%=2
Cycle  17: GP refit  (26 labelled)
  → 2CoHS2-1  gap=1.204 eV  best=6.164 eV  top50=1  top10%=2
Cycle  18: GP refit  (27 labelled)
  → 1NiCl2N2H4C6-1  gap=2.638 eV  best=6.164 eV  top50=1  top10%=2
Cycle  19: GP refit  (28 labelled)
  → 1CdCl2N2C4H4-1  gap=3.619 eV  best=6.164 eV  top50=1  top10%=2
Cycle  20: GP refit  (29 labelled)
  → 1OSTi-1  gap=1.777 eV  best=6.164 eV  top50=1  top10%=2
Cycle  21: full DKL retrain  (30 labelled)
GP warmup: 20 epochs on initial embeddings
Joint DKL training: 50 epochs
  Epoch 20/50  loss=0.3963
  Epoch 40/50  loss=-0.1350
DKL training done in 0.3s
  → 4IOSc-1  gap=3.350 eV  best=6.164 eV  top50=1  top10%=2
Cycle  22: GP refit  (31 labelled)
  → 1AsClS-2  gap=2.443 eV  best=6.164 eV  top50=1  top10%=2
Cycle  23: GP refit  (32 labelled)
  → 1BrClHf-1  gap=1.361 eV  best=6.164 eV  top50=1  top10%=2
Cycle  24: GP refit  (33 labelled)
  → 2PtSeO3-1  gap=2.732 eV  best=6.164 eV  top50=1  top10%=2
Cycle  25: GP refit  (34 labelled)
  → 2GaO-1  gap=2.472 eV  best=6.164 eV  top50=1  top10%=2
Cycle  26: full DKL retrain  (35 labelled)
GP warmup: 20 epochs on initial embeddings
Joint DKL training: 50 epochs
  Epoch 20/50  loss=-0.1996
  Epoch 40/50  loss=-0.3840
DKL training done in 0.3s
  → 1ISbTe-2  gap=1.442 eV  best=6.164 eV  top50=1  top10%=2
Cycle  27: GP refit  (36 labelled)
  → 2AgO-1  gap=1.126 eV  best=6.164 eV  top50=1  top10%=2
Cycle  28: GP refit  (37 labelled)
  → 2InO-2  gap=0.920 eV  best=6.164 eV  top50=1  top10%=2
Cycle  29: GP refit  (38 labelled)
  → 1ClSbSe-2  gap=2.290 eV  best=6.164 eV  top50=1  top10%=2
Cycle  30: GP refit  (39 labelled)
  → 1FeZrCl6-1  gap=3.545 eV  best=6.164 eV  top50=1  top10%=2
Cycle  31: full DKL retrain  (40 labelled)
GP warmup: 20 epochs on initial embeddings
Joint DKL training: 50 epochs
  Epoch 20/50  loss=0.2993
  Epoch 40/50  loss=-0.0858
DKL training done in 0.3s
  → 2HInSeO4-1  gap=5.487 eV  best=6.164 eV  top50=2  top10%=3
Cycle  32: GP refit  (41 labelled)
  → 1BrGa2Cl5-1  gap=4.579 eV  best=6.164 eV  top50=2  top10%=3
Cycle  33: GP refit  (42 labelled)
  → 1GeCl2-2  gap=3.875 eV  best=6.164 eV  top50=2  top10%=3
Cycle  34: GP refit  (43 labelled)
  → 1BrSSb-2  gap=2.028 eV  best=6.164 eV  top50=2  top10%=3
Cycle  35: GP refit  (44 labelled)
  → 1Nb3Cl8-1  gap=0.912 eV  best=6.164 eV  top50=2  top10%=3
Cycle  36: full DKL retrain  (45 labelled)
GP warmup: 20 epochs on initial embeddings
Joint DKL training: 50 epochs
  Epoch 20/50  loss=0.3822
  Epoch 40/50  loss=0.0582
DKL training done in 0.3s
  → 2AlSe-1  gap=2.721 eV  best=6.164 eV  top50=2  top10%=3
Cycle  37: GP refit  (46 labelled)
  → 2TlCl2-1  gap=2.820 eV  best=6.164 eV  top50=2  top10%=3
Cycle  38: GP refit  (47 labelled)
  → 2SSc-4  gap=0.981 eV  best=6.164 eV  top50=2  top10%=3
Cycle  39: GP refit  (48 labelled)
  → 1HgCl2-3  gap=3.201 eV  best=6.164 eV  top50=2  top10%=3
Cycle  40: GP refit  (49 labelled)
  → 2OPt-3  gap=1.460 eV  best=6.164 eV  top50=2  top10%=3
Cycle  41: full DKL retrain  (50 labelled)
GP warmup: 20 epochs on initial embeddings
Joint DKL training: 50 epochs
  Epoch 20/50  loss=0.0323
  Epoch 40/50  loss=-0.5293
DKL training done in 0.3s
  → 2BrNbO2-1  gap=3.469 eV  best=6.164 eV  top50=2  top10%=3
Cycle  42: GP refit  (51 labelled)
  → 1CSiF2-1  gap=3.306 eV  best=6.164 eV  top50=2  top10%=3
Cycle  43: GP refit  (52 labelled)
  → 1SCu2O4-1  gap=3.842 eV  best=6.164 eV  top50=2  top10%=3
Cycle  44: GP refit  (53 labelled)
  → 1MoOS-1  gap=1.831 eV  best=6.164 eV  top50=2  top10%=3
Cycle  45: GP refit  (54 labelled)
  → 2PdSO3-1  gap=2.851 eV  best=6.164 eV  top50=2  top10%=3
Cycle  46: full DKL retrain  (55 labelled)
GP warmup: 20 epochs on initial embeddings
Joint DKL training: 50 epochs
  Epoch 20/50  loss=-0.3261
  Epoch 40/50  loss=-0.5446
DKL training done in 0.3s
  → 4OSb2Se2-1  gap=2.083 eV  best=6.164 eV  top50=2  top10%=3
Cycle  47: GP refit  (56 labelled)
  → 2OPb-1  gap=3.463 eV  best=6.164 eV  top50=2  top10%=3
Cycle  48: GP refit  (57 labelled)
  → 2HLiS-1  gap=5.028 eV  best=6.164 eV  top50=2  top10%=4
Cycle  49: GP refit  (58 labelled)
  → 1OSn-1  gap=2.218 eV  best=6.164 eV  top50=2  top10%=4
Cycle  50: GP refit  (59 labelled)
  → 4AsLiS2-2  gap=1.883 eV  best=6.164 eV  top50=2  top10%=4
Cycle  51: full DKL retrain  (60 labelled)
GP warmup: 20 epochs on initial embeddings
Joint DKL training: 50 epochs
  Epoch 20/50  loss=-0.0893
  Epoch 40/50  loss=-0.4880
DKL training done in 0.3s
  → 1BiFS-1  gap=2.255 eV  best=6.164 eV  top50=2  top10%=4
Cycle  52: GP refit  (61 labelled)
  → 2ClISr-1  gap=4.940 eV  best=6.164 eV  top50=2  top10%=5
Cycle  53: GP refit  (62 labelled)
  → 1BiClS-2  gap=2.271 eV  best=6.164 eV  top50=2  top10%=5
Cycle  54: GP refit  (63 labelled)
  → 1ClSbTe-1  gap=1.866 eV  best=6.164 eV  top50=2  top10%=5
Cycle  55: GP refit  (64 labelled)
  → 1BP-1  gap=1.362 eV  best=6.164 eV  top50=2  top10%=5
Cycle  56: full DKL retrain  (65 labelled)
GP warmup: 20 epochs on initial embeddings
Joint DKL training: 50 epochs
  Epoch 20/50  loss=-0.0281
  Epoch 40/50  loss=-0.2449
DKL training done in 0.3s
  → 2ClNbO2-1  gap=4.453 eV  best=6.164 eV  top50=2  top10%=5
Cycle  57: GP refit  (66 labelled)
  → 1ClSSb-2  gap=2.321 eV  best=6.164 eV  top50=2  top10%=5
Cycle  58: GP refit  (67 labelled)
  → 1ClIMg-1  gap=3.815 eV  best=6.164 eV  top50=2  top10%=5
Cycle  59: GP refit  (68 labelled)
  → 2CoBi2I2O3-1  gap=2.811 eV  best=6.164 eV  top50=2  top10%=5
Cycle  60: GP refit  (69 labelled)
  → 2HKO-1  gap=4.501 eV  best=6.164 eV  top50=2  top10%=5
Cycle  61: full DKL retrain  (70 labelled)
GP warmup: 20 epochs on initial embeddings
Joint DKL training: 50 epochs
  Epoch 20/50  loss=0.0999
  Epoch 40/50  loss=-0.0720
DKL training done in 0.3s
  → 4OSn-1  gap=3.719 eV  best=6.164 eV  top50=2  top10%=5
Cycle  62: GP refit  (71 labelled)
  → 1ZrCl2-1  gap=1.500 eV  best=6.164 eV  top50=2  top10%=5
Cycle  63: GP refit  (72 labelled)
  → 1CdCl2-3  gap=4.344 eV  best=6.164 eV  top50=2  top10%=5
Cycle  64: GP refit  (73 labelled)
  → 2BaBi2S4-1  gap=2.313 eV  best=6.164 eV  top50=2  top10%=5
Cycle  65: GP refit  (74 labelled)
  → 1HfPdCl6-1  gap=2.459 eV  best=6.164 eV  top50=2  top10%=5
Cycle  66: full DKL retrain  (75 labelled)
GP warmup: 20 epochs on initial embeddings
Joint DKL training: 50 epochs
  Epoch 20/50  loss=0.2343
  Epoch 40/50  loss=0.0823
DKL training done in 0.4s
  → 4LiSbS2-1  gap=2.746 eV  best=6.164 eV  top50=2  top10%=5
Cycle  67: GP refit  (76 labelled)
  → 1ClIY-1  gap=0.773 eV  best=6.164 eV  top50=2  top10%=5
Cycle  68: GP refit  (77 labelled)
  → 1GeBr2-2  gap=3.333 eV  best=6.164 eV  top50=2  top10%=5
Cycle  69: GP refit  (78 labelled)
  → 4BrCd-1  gap=1.771 eV  best=6.164 eV  top50=2  top10%=5
Cycle  70: GP refit  (79 labelled)
  → 1SeAu2O4-1  gap=1.925 eV  best=6.164 eV  top50=2  top10%=5
Cycle  71: full DKL retrain  (80 labelled)
GP warmup: 20 epochs on initial embeddings
Joint DKL training: 50 epochs
  Epoch 20/50  loss=0.1593
  Epoch 40/50  loss=-0.0515
DKL training done in 0.4s
  → 1AuInF4-1  gap=2.106 eV  best=6.164 eV  top50=2  top10%=5
Cycle  72: GP refit  (81 labelled)
  → 1InN-1  gap=1.565 eV  best=6.164 eV  top50=2  top10%=5
Cycle  73: GP refit  (82 labelled)
  → 2CuF-2  gap=0.477 eV  best=6.164 eV  top50=2  top10%=5
Cycle  74: GP refit  (83 labelled)
  → 1PbS2-1  gap=2.299 eV  best=6.164 eV  top50=2  top10%=5
Cycle  75: GP refit  (84 labelled)
  → 1MgI2-3  gap=3.448 eV  best=6.164 eV  top50=2  top10%=5
Cycle  76: full DKL retrain  (85 labelled)
GP warmup: 20 epochs on initial embeddings
Joint DKL training: 50 epochs
  Epoch 20/50  loss=0.1771
  Epoch 40/50  loss=-0.0012
DKL training done in 0.3s
  → 2BrClCr-1  gap=2.869 eV  best=6.164 eV  top50=2  top10%=5
Cycle  77: GP refit  (86 labelled)
  → 2CaHI-1  gap=4.709 eV  best=6.164 eV  top50=2  top10%=5
Cycle  78: GP refit  (87 labelled)
  → 4NiPS-1  gap=2.172 eV  best=6.164 eV  top50=2  top10%=5
Cycle  79: GP refit  (88 labelled)
  → 1MnZrBr6-1  gap=3.584 eV  best=6.164 eV  top50=2  top10%=5
Cycle  80: GP refit  (89 labelled)
  → 1CdClHS-1  gap=3.853 eV  best=6.164 eV  top50=2  top10%=5
Cycle  81: full DKL retrain  (90 labelled)
GP warmup: 20 epochs on initial embeddings
Joint DKL training: 50 epochs
  Epoch 20/50  loss=-0.0777
  Epoch 40/50  loss=-0.2383
DKL training done in 0.3s
  → 2FRhS-1  gap=2.175 eV  best=6.164 eV  top50=2  top10%=5
Cycle  82: GP refit  (91 labelled)
  → 1CdHIS-1  gap=2.851 eV  best=6.164 eV  top50=2  top10%=5
Cycle  83: GP refit  (92 labelled)
  → 3RuSCl2-1  gap=1.131 eV  best=6.164 eV  top50=2  top10%=5
Cycle  84: GP refit  (93 labelled)
  → 1HgBr2-4  gap=2.459 eV  best=6.164 eV  top50=2  top10%=5
Cycle  85: GP refit  (94 labelled)
  → 2CRbO3-1  gap=2.673 eV  best=6.164 eV  top50=2  top10%=5
Cycle  86: full DKL retrain  (95 labelled)
GP warmup: 20 epochs on initial embeddings
Joint DKL training: 50 epochs
  Epoch 20/50  loss=-0.4174
  Epoch 40/50  loss=-0.6245
DKL training done in 0.3s
  → 1CaI2-2  gap=4.063 eV  best=6.164 eV  top50=2  top10%=5
Cycle  87: GP refit  (96 labelled)
  → 1MoAu2O4-2  gap=4.110 eV  best=6.164 eV  top50=2  top10%=5
Cycle  88: GP refit  (97 labelled)
  → 1SeNi2S3-1  gap=1.350 eV  best=6.164 eV  top50=2  top10%=5
Cycle  89: GP refit  (98 labelled)
  → 1BrHf2S2Cl3-1  gap=3.424 eV  best=6.164 eV  top50=2  top10%=5
Cycle  90: GP refit  (99 labelled)
  → 1Se3Ni4S5-1  gap=0.610 eV  best=6.164 eV  top50=2  top10%=5
Cycle  91: full DKL retrain  (100 labelled)
GP warmup: 20 epochs on initial embeddings
Joint DKL training: 50 epochs
  Epoch 20/50  loss=-0.1541
  Epoch 40/50  loss=-0.3971
DKL training done in 0.3s
  → 1FeCl2-3  gap=0.071 eV  best=6.164 eV  top50=2  top10%=5
Cycle  92: GP refit  (101 labelled)
  → 1GeO-1  gap=2.811 eV  best=6.164 eV  top50=2  top10%=5
Cycle  93: GP refit  (102 labelled)
  → 1BrClI2O2V2-1  gap=2.590 eV  best=6.164 eV  top50=2  top10%=5
Cycle  94: GP refit  (103 labelled)
  → 2OW-1  gap=0.132 eV  best=6.164 eV  top50=2  top10%=5
Cycle  95: GP refit  (104 labelled)
  → 2P2S3-1  gap=3.272 eV  best=6.164 eV  top50=2  top10%=5
Cycle  96: full DKL retrain  (105 labelled)
GP warmup: 20 epochs on initial embeddings
Joint DKL training: 50 epochs
  Epoch 20/50  loss=0.1706
  Epoch 40/50  loss=0.0322
DKL training done in 0.3s
  → 1FeZrBr6-1  gap=3.164 eV  best=6.164 eV  top50=2  top10%=5
Cycle  97: GP refit  (106 labelled)
  → 1SnBr2S2-1  gap=1.490 eV  best=6.164 eV  top50=2  top10%=5
Cycle  98: GP refit  (107 labelled)
  → 1TiCl2-1  gap=1.395 eV  best=6.164 eV  top50=2  top10%=5
Cycle  99: GP refit  (108 labelled)
  → 4AgF2-2  gap=1.637 eV  best=6.164 eV  top50=2  top10%=5
Cycle 100: GP refit  (109 labelled)
  → 1CdGeSSeBr2-1  gap=1.544 eV  best=6.164 eV  top50=2  top10%=5
  dkl_finetune/seed1 → best_inwin=2.869 top10=0 top50=11
BOLoop: 766 materials  |  direction=max  |  top-50 internal threshold=5.35  top-10% internal threshold=4.94
Init: 10 random labels  |  best (max) = 4.709
Cycle   1: full DKL retrain  (10 labelled)
GP warmup: 20 epochs on initial embeddings
/home/roy/Desktop/DKL-BO/venv/lib/python3.13/site-packages/torch/_compile.py:54: UserWarning: optimizer contains a parameter group with duplicate parameters; in future, this will cause an error; see github.com/pytorch/pytorch/issues/40967 for more information
  return disable_fn(*args, **kwargs)
Joint DKL training: 50 epochs
  Epoch 20/50  loss=1.6225
  Epoch 40/50  loss=1.4998
DKL training done in 0.3s
  → 2ZrBr2-1  gap=1.140 eV  best=4.709 eV  top50=0  top10%=0
Cycle   2: GP refit  (11 labelled)
  → 1SNb3I7-1  gap=1.235 eV  best=4.709 eV  top50=0  top10%=0
Cycle   3: GP refit  (12 labelled)
  → 1FeHfI6-1  gap=2.795 eV  best=4.709 eV  top50=0  top10%=0
Cycle   4: GP refit  (13 labelled)
  → 1Ta3I8-1  gap=0.694 eV  best=4.709 eV  top50=0  top10%=0
Cycle   5: GP refit  (14 labelled)
  → 1BrSeY-1  gap=4.122 eV  best=4.709 eV  top50=0  top10%=0
Cycle   6: full DKL retrain  (15 labelled)
GP warmup: 20 epochs on initial embeddings
Joint DKL training: 50 epochs
  Epoch 20/50  loss=1.1783
  Epoch 40/50  loss=1.0577
DKL training done in 0.3s
  → 1GeBr2-2  gap=3.333 eV  best=4.709 eV  top50=0  top10%=0
Cycle   7: GP refit  (16 labelled)
  → 1BrHfI-1  gap=1.157 eV  best=4.709 eV  top50=0  top10%=0
Cycle   8: GP refit  (17 labelled)
  → 1ISbSe-1  gap=1.529 eV  best=4.709 eV  top50=0  top10%=0
Cycle   9: GP refit  (18 labelled)
  → 1AsBrSe-1  gap=1.839 eV  best=4.709 eV  top50=0  top10%=0
Cycle  10: GP refit  (19 labelled)
  → 1ClSbSe-1  gap=1.804 eV  best=4.709 eV  top50=0  top10%=0
Cycle  11: full DKL retrain  (20 labelled)
GP warmup: 20 epochs on initial embeddings
Joint DKL training: 50 epochs
  Epoch 20/50  loss=0.9669
  Epoch 40/50  loss=0.7525
DKL training done in 0.3s
  → 1ClIMg-1  gap=3.815 eV  best=4.709 eV  top50=0  top10%=0
Cycle  12: GP refit  (21 labelled)
  → 1ClScTe-1  gap=1.807 eV  best=4.709 eV  top50=0  top10%=0
Cycle  13: GP refit  (22 labelled)
  → 4AuI2-1  gap=0.880 eV  best=4.709 eV  top50=0  top10%=0
Cycle  14: GP refit  (23 labelled)
  → 1BrHf2S2Cl3-1  gap=3.424 eV  best=4.709 eV  top50=0  top10%=0
Cycle  15: GP refit  (24 labelled)
  → 1HgCl2-3  gap=3.201 eV  best=4.709 eV  top50=0  top10%=0
Cycle  16: full DKL retrain  (25 labelled)
GP warmup: 20 epochs on initial embeddings
Joint DKL training: 50 epochs
  Epoch 20/50  loss=0.6383
  Epoch 40/50  loss=0.4667
DKL training done in 0.3s
  → 2P2Se3-2  gap=2.700 eV  best=4.709 eV  top50=0  top10%=0
Cycle  17: GP refit  (26 labelled)
  → 1BSb-1  gap=0.551 eV  best=4.709 eV  top50=0  top10%=0
Cycle  18: GP refit  (27 labelled)
  → 2PdTeO3-2  gap=2.509 eV  best=4.709 eV  top50=0  top10%=0
Cycle  19: GP refit  (28 labelled)
  → 1CoNaP2S6-1  gap=1.851 eV  best=4.709 eV  top50=0  top10%=0
Cycle  20: GP refit  (29 labelled)
  → 1FeZrBr6-1  gap=3.164 eV  best=4.709 eV  top50=0  top10%=0
Cycle  21: full DKL retrain  (30 labelled)
GP warmup: 20 epochs on initial embeddings
Joint DKL training: 50 epochs
  Epoch 20/50  loss=-0.1790
  Epoch 40/50  loss=-0.3453
DKL training done in 0.3s
  → 2BrClCr-1  gap=2.869 eV  best=4.709 eV  top50=0  top10%=0
Cycle  22: GP refit  (31 labelled)
  → 4HgSe-1  gap=0.937 eV  best=4.709 eV  top50=0  top10%=0
Cycle  23: GP refit  (32 labelled)
  → 2CdFSbO2-1  gap=3.513 eV  best=4.709 eV  top50=0  top10%=0
Cycle  24: GP refit  (33 labelled)
  → 1BiClS-1  gap=1.745 eV  best=4.709 eV  top50=0  top10%=0
Cycle  25: GP refit  (34 labelled)
  → 1PbBr2-2  gap=3.248 eV  best=4.709 eV  top50=0  top10%=0
Cycle  26: full DKL retrain  (35 labelled)
GP warmup: 20 epochs on initial embeddings
Joint DKL training: 50 epochs
  Epoch 20/50  loss=-0.2208
  Epoch 40/50  loss=-0.5240
DKL training done in 0.3s
  → 2KNRuSF5-1  gap=2.625 eV  best=4.709 eV  top50=0  top10%=0
Cycle  27: GP refit  (36 labelled)
  → 1BrClI2O2V2-1  gap=2.590 eV  best=4.709 eV  top50=0  top10%=0
Cycle  28: GP refit  (37 labelled)
  → 1SeAu2O4-1  gap=1.925 eV  best=4.709 eV  top50=0  top10%=0
Cycle  29: GP refit  (38 labelled)
  → 1ClO2V2Br3-1  gap=1.976 eV  best=4.709 eV  top50=0  top10%=0
Cycle  30: GP refit  (39 labelled)
  → 2BiClHgO2-1  gap=3.745 eV  best=4.709 eV  top50=0  top10%=0
Cycle  31: full DKL retrain  (40 labelled)
GP warmup: 20 epochs on initial embeddings
Joint DKL training: 50 epochs
  Epoch 20/50  loss=-0.1008
  Epoch 40/50  loss=-0.3293
DKL training done in 0.3s
  → 1CdGeSSeBr2-1  gap=1.544 eV  best=4.709 eV  top50=0  top10%=0
Cycle  32: GP refit  (41 labelled)
  → 1LiNbBr6-1  gap=2.937 eV  best=4.709 eV  top50=0  top10%=0
Cycle  33: GP refit  (42 labelled)
  → 2INbO2-1  gap=2.295 eV  best=4.709 eV  top50=0  top10%=0
Cycle  34: GP refit  (43 labelled)
  → 2NRbRuSF5-1  gap=2.622 eV  best=4.709 eV  top50=0  top10%=0
Cycle  35: GP refit  (44 labelled)
  → 2SSc-4  gap=0.981 eV  best=4.709 eV  top50=0  top10%=0
Cycle  36: full DKL retrain  (45 labelled)
GP warmup: 20 epochs on initial embeddings
Joint DKL training: 50 epochs
  Epoch 20/50  loss=0.1312
  Epoch 40/50  loss=-0.0829
DKL training done in 0.3s
  → 1CdCl2-3  gap=4.344 eV  best=4.709 eV  top50=0  top10%=0
Cycle  37: GP refit  (46 labelled)
  → 4AsNiS-1  gap=1.507 eV  best=4.709 eV  top50=0  top10%=0
Cycle  38: GP refit  (47 labelled)
  → 1BrClS4I6In8-1  gap=1.965 eV  best=4.709 eV  top50=0  top10%=0
Cycle  39: GP refit  (48 labelled)
  → 1BrITl2-1  gap=2.587 eV  best=4.709 eV  top50=0  top10%=0
Cycle  40: GP refit  (49 labelled)
  → 2RhBr3-2  gap=1.129 eV  best=4.709 eV  top50=0  top10%=0
Cycle  41: full DKL retrain  (50 labelled)
GP warmup: 20 epochs on initial embeddings
Joint DKL training: 50 epochs
  Epoch 20/50  loss=0.2249
  Epoch 40/50  loss=0.0920
DKL training done in 0.3s
  → 1SnBr2-2  gap=3.220 eV  best=4.709 eV  top50=0  top10%=0
Cycle  42: GP refit  (51 labelled)
  → 1RuCl2-3  gap=0.908 eV  best=4.709 eV  top50=0  top10%=0
Cycle  43: GP refit  (52 labelled)
  → 1CrMo3O8-1  gap=1.351 eV  best=4.709 eV  top50=0  top10%=0
Cycle  44: GP refit  (53 labelled)
  → 2CsNRuSF5-1  gap=2.579 eV  best=4.709 eV  top50=0  top10%=0
Cycle  45: GP refit  (54 labelled)
  → 2PdSO3-1  gap=2.851 eV  best=4.709 eV  top50=0  top10%=0
Cycle  46: full DKL retrain  (55 labelled)
GP warmup: 20 epochs on initial embeddings
Joint DKL training: 50 epochs
  Epoch 20/50  loss=0.2517
  Epoch 40/50  loss=0.0571
DKL training done in 0.3s
  → 1SnO2-3  gap=1.956 eV  best=4.709 eV  top50=0  top10%=0
Cycle  47: GP refit  (56 labelled)
  → 2CsNOsSCl5-1  gap=1.544 eV  best=4.709 eV  top50=0  top10%=0
Cycle  48: GP refit  (57 labelled)
  → 1InNbBr6-1  gap=1.473 eV  best=4.709 eV  top50=0  top10%=0
Cycle  49: GP refit  (58 labelled)
  → 1ZnCl2-3  gap=4.718 eV  best=4.718 eV  top50=0  top10%=0
Cycle  50: GP refit  (59 labelled)
  → 4OPb-1  gap=3.731 eV  best=4.718 eV  top50=0  top10%=0
Cycle  51: full DKL retrain  (60 labelled)
GP warmup: 20 epochs on initial embeddings
Joint DKL training: 50 epochs
  Epoch 20/50  loss=0.3064
  Epoch 40/50  loss=0.1314
DKL training done in 0.3s
  → 1TeNb3F7-1  gap=1.719 eV  best=4.718 eV  top50=0  top10%=0
Cycle  52: GP refit  (61 labelled)
  → 2AlO-1  gap=1.849 eV  best=4.718 eV  top50=0  top10%=0
Cycle  53: GP refit  (62 labelled)
  → 1PbI2-2  gap=2.404 eV  best=4.718 eV  top50=0  top10%=0
Cycle  54: GP refit  (63 labelled)
  → 2BiFHgO2-1  gap=3.344 eV  best=4.718 eV  top50=0  top10%=0
Cycle  55: GP refit  (64 labelled)
  → 1MgI2-3  gap=3.448 eV  best=4.718 eV  top50=0  top10%=0
Cycle  56: full DKL retrain  (65 labelled)
GP warmup: 20 epochs on initial embeddings
Joint DKL training: 50 epochs
  Epoch 20/50  loss=-0.0901
  Epoch 40/50  loss=-0.2550
DKL training done in 0.3s
  → 2OPb-1  gap=3.463 eV  best=4.718 eV  top50=0  top10%=0
Cycle  57: GP refit  (66 labelled)
  → 2GaHSO4-1  gap=5.938 eV  best=5.938 eV  top50=1  top10%=1
Cycle  58: GP refit  (67 labelled)
  → 1ClSbTe-1  gap=1.866 eV  best=5.938 eV  top50=1  top10%=1
Cycle  59: GP refit  (68 labelled)
  → 2GaO-1  gap=2.472 eV  best=5.938 eV  top50=1  top10%=1
Cycle  60: GP refit  (69 labelled)
  → 2PdSeO3-1  gap=2.663 eV  best=5.938 eV  top50=1  top10%=1
Cycle  61: full DKL retrain  (70 labelled)
GP warmup: 20 epochs on initial embeddings
Joint DKL training: 50 epochs
  Epoch 20/50  loss=0.1881
  Epoch 40/50  loss=0.0130
DKL training done in 0.3s
  → 1OSn-1  gap=2.218 eV  best=5.938 eV  top50=1  top10%=1
Cycle  62: GP refit  (71 labelled)
  → 1FeZrI6-1  gap=2.598 eV  best=5.938 eV  top50=1  top10%=1
Cycle  63: GP refit  (72 labelled)
  → 4OSn-1  gap=3.719 eV  best=5.938 eV  top50=1  top10%=1
Cycle  64: GP refit  (73 labelled)
  → 1BrClCa2S2-1  gap=3.810 eV  best=5.938 eV  top50=1  top10%=1
Cycle  65: GP refit  (74 labelled)
  → 1OVCl2-1  gap=3.144 eV  best=5.938 eV  top50=1  top10%=1
Cycle  66: full DKL retrain  (75 labelled)
GP warmup: 20 epochs on initial embeddings
Joint DKL training: 50 epochs
  Epoch 20/50  loss=-0.0254
  Epoch 40/50  loss=-0.1997
DKL training done in 0.3s
  → 1GeMnCl6-1  gap=2.129 eV  best=5.938 eV  top50=1  top10%=1
Cycle  67: GP refit  (76 labelled)
  → 1OVF2-1  gap=3.311 eV  best=5.938 eV  top50=1  top10%=1
Cycle  68: GP refit  (77 labelled)
  → 1ScH2-1  gap=0.549 eV  best=5.938 eV  top50=1  top10%=1
Cycle  69: GP refit  (78 labelled)
  → 1WAu2O4-2  gap=4.436 eV  best=5.938 eV  top50=1  top10%=1
Cycle  70: GP refit  (79 labelled)
  → 1CdCl2N2C4H4-1  gap=3.619 eV  best=5.938 eV  top50=1  top10%=1
Cycle  71: full DKL retrain  (80 labelled)
GP warmup: 20 epochs on initial embeddings
Joint DKL training: 50 epochs
  Epoch 20/50  loss=0.1767
  Epoch 40/50  loss=-0.0408
DKL training done in 0.3s
  → 1AsClTe-1  gap=2.147 eV  best=5.938 eV  top50=1  top10%=1
Cycle  72: GP refit  (81 labelled)
  → 1CoITe-1  gap=0.971 eV  best=5.938 eV  top50=1  top10%=1
Cycle  73: GP refit  (82 labelled)
  → 1BrCoTe-1  gap=1.810 eV  best=5.938 eV  top50=1  top10%=1
Cycle  74: GP refit  (83 labelled)
  → 2ClNbO2-1  gap=4.453 eV  best=5.938 eV  top50=1  top10%=1
Cycle  75: GP refit  (84 labelled)
  → 2BrNbO2-1  gap=3.469 eV  best=5.938 eV  top50=1  top10%=1
Cycle  76: full DKL retrain  (85 labelled)
GP warmup: 20 epochs on initial embeddings
Joint DKL training: 50 epochs
  Epoch 20/50  loss=0.1964
  Epoch 40/50  loss=0.0364
DKL training done in 0.3s
  → 4BrCd-1  gap=1.771 eV  best=5.938 eV  top50=1  top10%=1
Cycle  77: GP refit  (86 labelled)
  → 2P2S3-3  gap=3.478 eV  best=5.938 eV  top50=1  top10%=1
Cycle  78: GP refit  (87 labelled)
  → 4NaSbS2-2  gap=2.102 eV  best=5.938 eV  top50=1  top10%=1
Cycle  79: GP refit  (88 labelled)
  → 1TeNb3Cl7-1  gap=1.542 eV  best=5.938 eV  top50=1  top10%=1
Cycle  80: GP refit  (89 labelled)
  → 2NbOI2-1  gap=1.845 eV  best=5.938 eV  top50=1  top10%=1
Cycle  81: full DKL retrain  (90 labelled)
GP warmup: 20 epochs on initial embeddings
Joint DKL training: 50 epochs
  Epoch 20/50  loss=-0.0555
  Epoch 40/50  loss=-0.2466
DKL training done in 0.3s
  → 2ClFSr-1  gap=7.351 eV  best=7.351 eV  top50=2  top10%=2
Cycle  82: GP refit  (91 labelled)
  → 2PtF3-1  gap=2.703 eV  best=7.351 eV  top50=2  top10%=2
Cycle  83: GP refit  (92 labelled)
  → 1HfPdF6-1  gap=3.959 eV  best=7.351 eV  top50=2  top10%=2
Cycle  84: GP refit  (93 labelled)
  → 2HKO-2  gap=4.890 eV  best=7.351 eV  top50=2  top10%=2
Cycle  85: GP refit  (94 labelled)
  → 1ZnI2-3  gap=1.644 eV  best=7.351 eV  top50=2  top10%=2
Cycle  86: full DKL retrain  (95 labelled)
GP warmup: 20 epochs on initial embeddings
Joint DKL training: 50 epochs
  Epoch 20/50  loss=0.4699
  Epoch 40/50  loss=0.2150
DKL training done in 0.3s
  → 2NORbRuCl5-1  gap=1.645 eV  best=7.351 eV  top50=2  top10%=2
Cycle  87: GP refit  (96 labelled)
  → 2BaBrH-1  gap=4.780 eV  best=7.351 eV  top50=2  top10%=2
Cycle  88: GP refit  (97 labelled)
  → 1IPd2Cl5-1  gap=1.393 eV  best=7.351 eV  top50=2  top10%=2
Cycle  89: GP refit  (98 labelled)
  → 1SnI2-2  gap=2.504 eV  best=7.351 eV  top50=2  top10%=2
Cycle  90: GP refit  (99 labelled)
  → 2TiO2-1  gap=5.342 eV  best=7.351 eV  top50=2  top10%=3
Cycle  91: full DKL retrain  (100 labelled)
GP warmup: 20 epochs on initial embeddings
Joint DKL training: 50 epochs
  Epoch 20/50  loss=0.2234
  Epoch 40/50  loss=0.0258
DKL training done in 0.3s
  → 1InSb-1  gap=0.945 eV  best=7.351 eV  top50=2  top10%=3
Cycle  92: GP refit  (101 labelled)
  → 1AsIn-1  gap=1.234 eV  best=7.351 eV  top50=2  top10%=3
Cycle  93: GP refit  (102 labelled)
  → 1IO2V2Br3-1  gap=1.857 eV  best=7.351 eV  top50=2  top10%=3
Cycle  94: GP refit  (103 labelled)
  → 1HfO2-3  gap=3.726 eV  best=7.351 eV  top50=2  top10%=3
Cycle  95: GP refit  (104 labelled)
  → 1AuInF4-1  gap=2.106 eV  best=7.351 eV  top50=2  top10%=3
Cycle  96: full DKL retrain  (105 labelled)
GP warmup: 20 epochs on initial embeddings
Joint DKL training: 50 epochs
  Epoch 20/50  loss=0.0720
  Epoch 40/50  loss=-0.0749
DKL training done in 0.3s
  → 1BrClTi-1  gap=1.297 eV  best=7.351 eV  top50=2  top10%=3
Cycle  97: GP refit  (106 labelled)
  → 2KNOsSF5-1  gap=2.516 eV  best=7.351 eV  top50=2  top10%=3
Cycle  98: GP refit  (107 labelled)
  → 1CSiF2-1  gap=3.306 eV  best=7.351 eV  top50=2  top10%=3
Cycle  99: GP refit  (108 labelled)
  → 2AgIBr2-1  gap=2.063 eV  best=7.351 eV  top50=2  top10%=3
Cycle 100: GP refit  (109 labelled)
  → 1InP-1  gap=1.774 eV  best=7.351 eV  top50=2  top10%=3
  dkl_finetune/seed2 → best_inwin=2.937 top10=1 top50=10
BOLoop: 766 materials  |  direction=max  |  top-50 internal threshold=5.35  top-10% internal threshold=4.94
Init: 10 random labels  |  best (max) = 4.523
Cycle   1: full DKL retrain  (10 labelled)
GP warmup: 20 epochs on initial embeddings
/home/roy/Desktop/DKL-BO/venv/lib/python3.13/site-packages/torch/_compile.py:54: UserWarning: optimizer contains a parameter group with duplicate parameters; in future, this will cause an error; see github.com/pytorch/pytorch/issues/40967 for more information
  return disable_fn(*args, **kwargs)
Joint DKL training: 50 epochs
  Epoch 20/50  loss=1.6494
  Epoch 40/50  loss=1.5088
DKL training done in 0.3s
  → 2AlSe-1  gap=2.721 eV  best=4.523 eV  top50=0  top10%=0
Cycle   2: GP refit  (11 labelled)
  → 2ScSe-3  gap=0.933 eV  best=4.523 eV  top50=0  top10%=0
Cycle   3: GP refit  (12 labelled)
  → 2TiCl2-1  gap=0.997 eV  best=4.523 eV  top50=0  top10%=0
Cycle   4: GP refit  (13 labelled)
  → 2CoBr2Sb2O3-1  gap=3.435 eV  best=4.523 eV  top50=0  top10%=0
Cycle   5: GP refit  (14 labelled)
  → 1SeNb3Cl7-1  gap=1.601 eV  best=4.523 eV  top50=0  top10%=0
Cycle   6: full DKL retrain  (15 labelled)
GP warmup: 20 epochs on initial embeddings
Joint DKL training: 50 epochs
  Epoch 20/50  loss=0.8045
  Epoch 40/50  loss=0.6848
DKL training done in 0.3s
  → 2PdSeO3-1  gap=2.663 eV  best=4.523 eV  top50=0  top10%=0
Cycle   7: GP refit  (16 labelled)
  → 2PdTeO3-2  gap=2.509 eV  best=4.523 eV  top50=0  top10%=0
Cycle   8: GP refit  (17 labelled)
  → 1ClSSb-2  gap=2.321 eV  best=4.523 eV  top50=0  top10%=0
Cycle   9: GP refit  (18 labelled)
  → 2RhBr3-2  gap=1.129 eV  best=4.523 eV  top50=0  top10%=0
Cycle  10: GP refit  (19 labelled)
  → 2AuO-1  gap=0.865 eV  best=4.523 eV  top50=0  top10%=0
Cycle  11: full DKL retrain  (20 labelled)
GP warmup: 20 epochs on initial embeddings
Joint DKL training: 50 epochs
  Epoch 20/50  loss=-0.2124
  Epoch 40/50  loss=-0.3728
DKL training done in 0.3s
  → 1GeMnCl6-1  gap=2.129 eV  best=4.523 eV  top50=0  top10%=0
Cycle  12: GP refit  (21 labelled)
  → 1AsBrSe-1  gap=1.839 eV  best=4.523 eV  top50=0  top10%=0
Cycle  13: GP refit  (22 labelled)
  → 2ZrBr2-1  gap=1.140 eV  best=4.523 eV  top50=0  top10%=0
Cycle  14: GP refit  (23 labelled)
  → 1BrClHf-1  gap=1.361 eV  best=4.523 eV  top50=0  top10%=0
Cycle  15: GP refit  (24 labelled)
  → 2CoI2Sb2O3-1  gap=3.324 eV  best=4.523 eV  top50=0  top10%=0
Cycle  16: full DKL retrain  (25 labelled)
GP warmup: 20 epochs on initial embeddings
Joint DKL training: 50 epochs
  Epoch 20/50  loss=1.7324
  Epoch 40/50  loss=-0.4622
DKL training done in 0.3s
  → 1HgCl2-3  gap=3.201 eV  best=4.523 eV  top50=0  top10%=0
Cycle  17: GP refit  (26 labelled)
  → 1YBr2-1  gap=0.901 eV  best=4.523 eV  top50=0  top10%=0
Cycle  18: GP refit  (27 labelled)
  → 1BrCoTe-1  gap=1.810 eV  best=4.523 eV  top50=0  top10%=0
Cycle  19: GP refit  (28 labelled)
  → 2KNORuCl5-1  gap=1.558 eV  best=4.523 eV  top50=0  top10%=0
Cycle  20: GP refit  (29 labelled)
  → 2BrClCr-1  gap=2.869 eV  best=4.523 eV  top50=0  top10%=0
Cycle  21: full DKL retrain  (30 labelled)
GP warmup: 20 epochs on initial embeddings
Joint DKL training: 50 epochs
  Epoch 20/50  loss=-0.0390
  Epoch 40/50  loss=-0.7668
DKL training done in 0.4s
  → 1BiFSe-1  gap=1.981 eV  best=4.523 eV  top50=0  top10%=0
Cycle  22: GP refit  (31 labelled)
  → 2FeTe2-1  gap=0.581 eV  best=4.523 eV  top50=0  top10%=0
Cycle  23: GP refit  (32 labelled)
  → 2HLiS-1  gap=5.028 eV  best=5.028 eV  top50=0  top10%=1
Cycle  24: GP refit  (33 labelled)
  → 1BiClS-2  gap=2.271 eV  best=5.028 eV  top50=0  top10%=1
Cycle  25: GP refit  (34 labelled)
  → 4BrCd-1  gap=1.771 eV  best=5.028 eV  top50=0  top10%=1
Cycle  26: full DKL retrain  (35 labelled)
GP warmup: 20 epochs on initial embeddings
Joint DKL training: 50 epochs
  Epoch 20/50  loss=1.1223
  Epoch 40/50  loss=-0.2474
DKL training done in 0.3s
  → 2BiCdFO2-1  gap=4.057 eV  best=5.028 eV  top50=0  top10%=1
Cycle  27: GP refit  (36 labelled)
  → 2OSc-1  gap=1.194 eV  best=5.028 eV  top50=0  top10%=1
Cycle  28: GP refit  (37 labelled)
  → 1ClIMg-1  gap=3.815 eV  best=5.028 eV  top50=0  top10%=1
Cycle  29: GP refit  (38 labelled)
  → 1AsIS-1  gap=1.950 eV  best=5.028 eV  top50=0  top10%=1
Cycle  30: GP refit  (39 labelled)
  → 1BP-1  gap=1.362 eV  best=5.028 eV  top50=0  top10%=1
Cycle  31: full DKL retrain  (40 labelled)
GP warmup: 20 epochs on initial embeddings
Joint DKL training: 50 epochs
  Epoch 20/50  loss=-0.0902
  Epoch 40/50  loss=-0.2413
DKL training done in 0.3s
  → 1AuInF4-1  gap=2.106 eV  best=5.028 eV  top50=0  top10%=1
Cycle  32: GP refit  (41 labelled)
  → 2HKO-1  gap=4.501 eV  best=5.028 eV  top50=0  top10%=1
Cycle  33: GP refit  (42 labelled)
  → 2NORbRuF5-1  gap=3.120 eV  best=5.028 eV  top50=0  top10%=1
Cycle  34: GP refit  (43 labelled)
  → 2KNOsSF5-1  gap=2.516 eV  best=5.028 eV  top50=0  top10%=1
Cycle  35: GP refit  (44 labelled)
  → 2CsNORuF5-1  gap=3.138 eV  best=5.028 eV  top50=0  top10%=1
Cycle  36: full DKL retrain  (45 labelled)
GP warmup: 20 epochs on initial embeddings
Joint DKL training: 50 epochs
  Epoch 20/50  loss=0.1380
  Epoch 40/50  loss=-0.0500
DKL training done in 0.3s
  → 2CsNOsSF5-1  gap=2.525 eV  best=5.028 eV  top50=0  top10%=1
Cycle  37: GP refit  (46 labelled)
  → 2KNORuF5-1  gap=3.089 eV  best=5.028 eV  top50=0  top10%=1
Cycle  38: GP refit  (47 labelled)
  → 2NOsRbSF5-1  gap=2.520 eV  best=5.028 eV  top50=0  top10%=1
Cycle  39: GP refit  (48 labelled)
  → 2CsNRuSF5-1  gap=2.579 eV  best=5.028 eV  top50=0  top10%=1
Cycle  40: GP refit  (49 labelled)
  → 1BiClS-1  gap=1.745 eV  best=5.028 eV  top50=0  top10%=1
Cycle  41: full DKL retrain  (50 labelled)
GP warmup: 20 epochs on initial embeddings
Joint DKL training: 50 epochs
  Epoch 20/50  loss=-0.3500
  Epoch 40/50  loss=-0.6284
DKL training done in 0.3s
  → 1SCu2O4-1  gap=3.842 eV  best=5.028 eV  top50=0  top10%=1
Cycle  42: GP refit  (51 labelled)
  → 2CuF-2  gap=0.477 eV  best=5.028 eV  top50=0  top10%=1
Cycle  43: GP refit  (52 labelled)
  → 1HfO2-3  gap=3.726 eV  best=5.028 eV  top50=0  top10%=1
Cycle  44: GP refit  (53 labelled)
  → 1HfPdCl6-1  gap=2.459 eV  best=5.028 eV  top50=0  top10%=1
Cycle  45: GP refit  (54 labelled)
  → 1ZnBr2-3  gap=3.449 eV  best=5.028 eV  top50=0  top10%=1
Cycle  46: full DKL retrain  (55 labelled)
GP warmup: 20 epochs on initial embeddings
Joint DKL training: 50 epochs
  Epoch 20/50  loss=0.0054
  Epoch 40/50  loss=-0.2864
DKL training done in 0.3s
  → 1BrClCa2S2-1  gap=3.810 eV  best=5.028 eV  top50=0  top10%=1
Cycle  47: GP refit  (56 labelled)
  → 2ClYO2-1  gap=1.184 eV  best=5.028 eV  top50=0  top10%=1
Cycle  48: GP refit  (57 labelled)
  → 2AlTe-1  gap=2.363 eV  best=5.028 eV  top50=0  top10%=1
Cycle  49: GP refit  (58 labelled)
  → 1BrGa2Cl5-1  gap=4.579 eV  best=5.028 eV  top50=0  top10%=1
Cycle  50: GP refit  (59 labelled)
  → 1CdBr2-3  gap=3.373 eV  best=5.028 eV  top50=0  top10%=1
Cycle  51: full DKL retrain  (60 labelled)
GP warmup: 20 epochs on initial embeddings
Joint DKL training: 50 epochs
  Epoch 20/50  loss=0.3407
  Epoch 40/50  loss=0.1099
DKL training done in 0.3s
  → 1AsB-1  gap=1.188 eV  best=5.028 eV  top50=0  top10%=1
Cycle  52: GP refit  (61 labelled)
  → 2ClScBr2-1  gap=4.935 eV  best=5.028 eV  top50=0  top10%=1
Cycle  53: GP refit  (62 labelled)
  → 4OSn-1  gap=3.719 eV  best=5.028 eV  top50=0  top10%=1
Cycle  54: GP refit  (63 labelled)
  → 1AsBrS-2  gap=2.077 eV  best=5.028 eV  top50=0  top10%=1
Cycle  55: GP refit  (64 labelled)
  → 1SeTa3Cl7-1  gap=1.582 eV  best=5.028 eV  top50=0  top10%=1
Cycle  56: full DKL retrain  (65 labelled)
GP warmup: 20 epochs on initial embeddings
Joint DKL training: 50 epochs
  Epoch 20/50  loss=0.4632
  Epoch 40/50  loss=0.2716
DKL training done in 0.3s
  → 4AgF2-2  gap=1.637 eV  best=5.028 eV  top50=0  top10%=1
Cycle  57: GP refit  (66 labelled)
  → 1CoLiP2S6-1  gap=2.395 eV  best=5.028 eV  top50=0  top10%=1
Cycle  58: GP refit  (67 labelled)
  → 1HfPdBr6-1  gap=2.003 eV  best=5.028 eV  top50=0  top10%=1
Cycle  59: GP refit  (68 labelled)
  → 1AlISe-1  gap=2.186 eV  best=5.028 eV  top50=0  top10%=1
Cycle  60: GP refit  (69 labelled)
  → 1OPb-1  gap=2.638 eV  best=5.028 eV  top50=0  top10%=1
Cycle  61: full DKL retrain  (70 labelled)
GP warmup: 20 epochs on initial embeddings
Joint DKL training: 50 epochs
  Epoch 20/50  loss=0.0485
  Epoch 40/50  loss=-0.1510
DKL training done in 0.3s
  → 1BrCdI-1  gap=3.053 eV  best=5.028 eV  top50=0  top10%=1
Cycle  62: GP refit  (71 labelled)
  → 1FeHfI6-1  gap=2.795 eV  best=5.028 eV  top50=0  top10%=1
Cycle  63: GP refit  (72 labelled)
  → 1AlAs-1  gap=2.028 eV  best=5.028 eV  top50=0  top10%=1
Cycle  64: GP refit  (73 labelled)
  → 1FeZrI6-1  gap=2.598 eV  best=5.028 eV  top50=0  top10%=1
Cycle  65: GP refit  (74 labelled)
  → 1MoOS-1  gap=1.831 eV  best=5.028 eV  top50=0  top10%=1
Cycle  66: full DKL retrain  (75 labelled)
GP warmup: 20 epochs on initial embeddings
Joint DKL training: 50 epochs
  Epoch 20/50  loss=-0.2481
  Epoch 40/50  loss=-0.4348
DKL training done in 0.3s
  → 1HgBr2-4  gap=2.459 eV  best=5.028 eV  top50=0  top10%=1
Cycle  67: GP refit  (76 labelled)
  → 1HgO-1  gap=0.025 eV  best=5.028 eV  top50=0  top10%=1
Cycle  68: GP refit  (77 labelled)
  → 2CoBi2I2O3-1  gap=2.811 eV  best=5.028 eV  top50=0  top10%=1
Cycle  69: GP refit  (78 labelled)
  → 2KNRuSF5-1  gap=2.625 eV  best=5.028 eV  top50=0  top10%=1
Cycle  70: GP refit  (79 labelled)
  → 1NiSSeZr-1  gap=1.881 eV  best=5.028 eV  top50=0  top10%=1
Cycle  71: full DKL retrain  (80 labelled)
GP warmup: 20 epochs on initial embeddings
Joint DKL training: 50 epochs
  Epoch 20/50  loss=0.3662
  Epoch 40/50  loss=0.0544
DKL training done in 0.3s
  → 2AlS-1  gap=2.881 eV  best=5.028 eV  top50=0  top10%=1
Cycle  72: GP refit  (81 labelled)
  → 1ZnI2-3  gap=1.644 eV  best=5.028 eV  top50=0  top10%=1
Cycle  73: GP refit  (82 labelled)
  → 1OSW-1  gap=2.257 eV  best=5.028 eV  top50=0  top10%=1
Cycle  74: GP refit  (83 labelled)
  → 1PdZrCl6-1  gap=2.434 eV  best=5.028 eV  top50=0  top10%=1
Cycle  75: GP refit  (84 labelled)
  → 1ScBr2-1  gap=0.757 eV  best=5.028 eV  top50=0  top10%=1
Cycle  76: full DKL retrain  (85 labelled)
GP warmup: 20 epochs on initial embeddings
Joint DKL training: 50 epochs
  Epoch 20/50  loss=0.0691
  Epoch 40/50  loss=-0.0594
DKL training done in 0.4s
  → 2KNOOsF5-1  gap=2.833 eV  best=5.028 eV  top50=0  top10%=1
Cycle  77: GP refit  (86 labelled)
  → 1SeAg2O4-1  gap=3.121 eV  best=5.028 eV  top50=0  top10%=1
Cycle  78: GP refit  (87 labelled)
  → 2P2Se3-2  gap=2.700 eV  best=5.028 eV  top50=0  top10%=1
Cycle  79: GP refit  (88 labelled)
  → 1ScO2-2  gap=3.769 eV  best=5.028 eV  top50=0  top10%=1
Cycle  80: GP refit  (89 labelled)
  → 1ClSbTe-2  gap=1.891 eV  best=5.028 eV  top50=0  top10%=1
Cycle  81: full DKL retrain  (90 labelled)
GP warmup: 20 epochs on initial embeddings
Joint DKL training: 50 epochs
  Epoch 20/50  loss=0.1763
  Epoch 40/50  loss=0.0324
DKL training done in 0.3s
  → 2NOOsRbF5-1  gap=2.864 eV  best=5.028 eV  top50=0  top10%=1
Cycle  82: GP refit  (91 labelled)
  → 2BaBi2S4-1  gap=2.313 eV  best=5.028 eV  top50=0  top10%=1
Cycle  83: GP refit  (92 labelled)
  → 1CdI2-3  gap=2.295 eV  best=5.028 eV  top50=0  top10%=1
Cycle  84: GP refit  (93 labelled)
  → 1SnTe-1  gap=2.089 eV  best=5.028 eV  top50=0  top10%=1
Cycle  85: GP refit  (94 labelled)
  → 1Cd2Mn3O8-1  gap=3.208 eV  best=5.028 eV  top50=0  top10%=1
Cycle  86: full DKL retrain  (95 labelled)
GP warmup: 20 epochs on initial embeddings
Joint DKL training: 50 epochs
  Epoch 20/50  loss=0.1265
  Epoch 40/50  loss=-0.0453
DKL training done in 0.3s
  → 1MoAu2O4-2  gap=4.110 eV  best=5.028 eV  top50=0  top10%=1
Cycle  87: GP refit  (96 labelled)
  → 1ScCl2-1  gap=0.736 eV  best=5.028 eV  top50=0  top10%=1
Cycle  88: GP refit  (97 labelled)
  → 1BrITl2-1  gap=2.587 eV  best=5.028 eV  top50=0  top10%=1
Cycle  89: GP refit  (98 labelled)
  → 1AsClSe-1  gap=2.060 eV  best=5.028 eV  top50=0  top10%=1
Cycle  90: GP refit  (99 labelled)
  → 1ONb3Cl7-1  gap=1.594 eV  best=5.028 eV  top50=0  top10%=1
Cycle  91: full DKL retrain  (100 labelled)
GP warmup: 20 epochs on initial embeddings
Joint DKL training: 50 epochs
  Epoch 20/50  loss=0.2156
  Epoch 40/50  loss=0.0531
DKL training done in 0.3s
  → 1FeCl2-3  gap=0.071 eV  best=5.028 eV  top50=0  top10%=1
Cycle  92: GP refit  (101 labelled)
  → 1OVI2-1  gap=1.849 eV  best=5.028 eV  top50=0  top10%=1
Cycle  93: GP refit  (102 labelled)
  → 1CdGeSSeBr2-1  gap=1.544 eV  best=5.028 eV  top50=0  top10%=1
Cycle  94: GP refit  (103 labelled)
  → 1TeNb3F7-1  gap=1.719 eV  best=5.028 eV  top50=0  top10%=1
Cycle  95: GP refit  (104 labelled)
  → 1SeAu2O4-1  gap=1.925 eV  best=5.028 eV  top50=0  top10%=1
Cycle  96: full DKL retrain  (105 labelled)
GP warmup: 20 epochs on initial embeddings
Joint DKL training: 50 epochs
  Epoch 20/50  loss=0.4512
  Epoch 40/50  loss=0.2295
DKL training done in 0.3s
  → 2OPb-1  gap=3.463 eV  best=5.028 eV  top50=0  top10%=1
Cycle  97: GP refit  (106 labelled)
  → 1NiCl2N2H4C6-1  gap=2.638 eV  best=5.028 eV  top50=0  top10%=1
Cycle  98: GP refit  (107 labelled)
  → 1SeNb3F7-1  gap=1.807 eV  best=5.028 eV  top50=0  top10%=1
Cycle  99: GP refit  (108 labelled)
  → 1Br2Se2Pb3-1  gap=1.452 eV  best=5.028 eV  top50=0  top10%=1
Cycle 100: GP refit  (109 labelled)
  → 2AsITe-1  gap=0.417 eV  best=5.028 eV  top50=0  top10%=1
  dkl_finetune/seed3 → best_inwin=2.881 top10=0 top50=13
BOLoop: 766 materials  |  direction=max  |  top-50 internal threshold=5.35  top-10% internal threshold=4.94
Init: 10 random labels  |  best (max) = 3.271
Cycle   1: full DKL retrain  (10 labelled)
GP warmup: 20 epochs on initial embeddings
/home/roy/Desktop/DKL-BO/venv/lib/python3.13/site-packages/torch/_compile.py:54: UserWarning: optimizer contains a parameter group with duplicate parameters; in future, this will cause an error; see github.com/pytorch/pytorch/issues/40967 for more information
  return disable_fn(*args, **kwargs)
Joint DKL training: 50 epochs
  Epoch 20/50  loss=1.1761
  Epoch 40/50  loss=1.0872
DKL training done in 0.3s
  → 1TeTa3Br7-1  gap=1.397 eV  best=3.271 eV  top50=0  top10%=0
Cycle   2: GP refit  (11 labelled)
  → 2FRhTe-1  gap=2.115 eV  best=3.271 eV  top50=0  top10%=0
Cycle   3: GP refit  (12 labelled)
  → 2InPS3-1  gap=1.395 eV  best=3.271 eV  top50=0  top10%=0
Cycle   4: GP refit  (13 labelled)
  → 2IrS-3  gap=0.713 eV  best=3.271 eV  top50=0  top10%=0
Cycle   5: GP refit  (14 labelled)
  → 2BrRhSe-1  gap=2.140 eV  best=3.271 eV  top50=0  top10%=0
Cycle   6: full DKL retrain  (15 labelled)
GP warmup: 20 epochs on initial embeddings
Joint DKL training: 50 epochs
  Epoch 20/50  loss=0.2443
  Epoch 40/50  loss=0.1386
DKL training done in 0.3s
  → 1SeNi2S3-1  gap=1.350 eV  best=3.271 eV  top50=0  top10%=0
Cycle   7: GP refit  (16 labelled)
  → 1BrClV-1  gap=3.751 eV  best=3.751 eV  top50=0  top10%=0
Cycle   8: GP refit  (17 labelled)
  → 2ClHSr-1  gap=5.259 eV  best=5.259 eV  top50=0  top10%=1
Cycle   9: GP refit  (18 labelled)
  → 1SNb3F7-1  gap=1.872 eV  best=5.259 eV  top50=0  top10%=1
Cycle  10: GP refit  (19 labelled)
  → 2BrCaH-1  gap=5.531 eV  best=5.531 eV  top50=1  top10%=2
Cycle  11: full DKL retrain  (20 labelled)
GP warmup: 20 epochs on initial embeddings
Joint DKL training: 50 epochs
  Epoch 20/50  loss=0.9579
  Epoch 40/50  loss=0.4032
DKL training done in 0.3s
  → 1N2O2Y3-1  gap=1.648 eV  best=5.531 eV  top50=1  top10%=2
Cycle  12: GP refit  (21 labelled)
  → 1BrCoSe-1  gap=2.153 eV  best=5.531 eV  top50=1  top10%=2
Cycle  13: GP refit  (22 labelled)
  → 1Se3Ni4S5-1  gap=0.610 eV  best=5.531 eV  top50=1  top10%=2
Cycle  14: GP refit  (23 labelled)
  → 2BrRhS-2  gap=2.135 eV  best=5.531 eV  top50=1  top10%=2
Cycle  15: GP refit  (24 labelled)
  → 1BrCoTe-1  gap=1.810 eV  best=5.531 eV  top50=1  top10%=2
Cycle  16: full DKL retrain  (25 labelled)
GP warmup: 20 epochs on initial embeddings
Joint DKL training: 50 epochs
  Epoch 20/50  loss=0.7796
  Epoch 40/50  loss=-0.2990
DKL training done in 0.3s
  → 1BrClI2O2V2-1  gap=2.590 eV  best=5.531 eV  top50=1  top10%=2
Cycle  17: GP refit  (26 labelled)
  → 1IO2V2Br3-1  gap=1.857 eV  best=5.531 eV  top50=1  top10%=2
Cycle  18: GP refit  (27 labelled)
  → 1IPd2Cl5-1  gap=1.393 eV  best=5.531 eV  top50=1  top10%=2
Cycle  19: GP refit  (28 labelled)
  → 1OVBr2-1  gap=3.019 eV  best=5.531 eV  top50=1  top10%=2
Cycle  20: GP refit  (29 labelled)
  → 2FRhSe-1  gap=2.223 eV  best=5.531 eV  top50=1  top10%=2
Cycle  21: full DKL retrain  (30 labelled)
GP warmup: 20 epochs on initial embeddings
Joint DKL training: 50 epochs
  Epoch 20/50  loss=0.1791
  Epoch 40/50  loss=-0.5325
DKL training done in 0.3s
  → 2ClNbO2-1  gap=4.453 eV  best=5.531 eV  top50=1  top10%=2
Cycle  22: GP refit  (31 labelled)
  → 2BaFI-1  gap=4.907 eV  best=5.531 eV  top50=1  top10%=2
Cycle  23: GP refit  (32 labelled)
  → 2BrClCr-1  gap=2.869 eV  best=5.531 eV  top50=1  top10%=2
Cycle  24: GP refit  (33 labelled)
  → 1GeS-1  gap=3.231 eV  best=5.531 eV  top50=1  top10%=2
Cycle  25: GP refit  (34 labelled)
  → 1BiFSe-1  gap=1.981 eV  best=5.531 eV  top50=1  top10%=2
Cycle  26: full DKL retrain  (35 labelled)
GP warmup: 20 epochs on initial embeddings
Joint DKL training: 50 epochs
  Epoch 20/50  loss=0.2857
  Epoch 40/50  loss=-0.2092
DKL training done in 0.3s
  → 1BrGa2Cl5-1  gap=4.579 eV  best=5.531 eV  top50=1  top10%=2
Cycle  27: GP refit  (36 labelled)
  → 2NbOCl2-1  gap=1.951 eV  best=5.531 eV  top50=1  top10%=2
Cycle  28: GP refit  (37 labelled)
  → 2BrCu-3  gap=3.475 eV  best=5.531 eV  top50=1  top10%=2
Cycle  29: GP refit  (38 labelled)
  → 2ClRhSe-1  gap=2.271 eV  best=5.531 eV  top50=1  top10%=2
Cycle  30: GP refit  (39 labelled)
  → 2FRhS-1  gap=2.175 eV  best=5.531 eV  top50=1  top10%=2
Cycle  31: full DKL retrain  (40 labelled)
GP warmup: 20 epochs on initial embeddings
Joint DKL training: 50 epochs
  Epoch 20/50  loss=0.1628
  Epoch 40/50  loss=-0.0602
DKL training done in 0.3s
  → 2CuI-2  gap=3.552 eV  best=5.531 eV  top50=1  top10%=2
Cycle  32: GP refit  (41 labelled)
  → 1BrSSb-1  gap=1.838 eV  best=5.531 eV  top50=1  top10%=2
Cycle  33: GP refit  (42 labelled)
  → 1AlISe-1  gap=2.186 eV  best=5.531 eV  top50=1  top10%=2
Cycle  34: GP refit  (43 labelled)
  → 1ClSbSe-1  gap=1.804 eV  best=5.531 eV  top50=1  top10%=2
Cycle  35: GP refit  (44 labelled)
  → 1ClScTe-1  gap=1.807 eV  best=5.531 eV  top50=1  top10%=2
Cycle  36: full DKL retrain  (45 labelled)
GP warmup: 20 epochs on initial embeddings
Joint DKL training: 50 epochs
  Epoch 20/50  loss=-0.0956
  Epoch 40/50  loss=-0.2225
DKL training done in 0.3s
  → 2AlSe-1  gap=2.721 eV  best=5.531 eV  top50=1  top10%=2
Cycle  37: GP refit  (46 labelled)
  → 1CdGeSSeBr2-1  gap=1.544 eV  best=5.531 eV  top50=1  top10%=2
Cycle  38: GP refit  (47 labelled)
  → 1SeHf2I5-1  gap=0.972 eV  best=5.531 eV  top50=1  top10%=2
Cycle  39: GP refit  (48 labelled)
  → 2AgAuCl4-1  gap=2.332 eV  best=5.531 eV  top50=1  top10%=2
Cycle  40: GP refit  (49 labelled)
  → 2BiFHgO2-1  gap=3.344 eV  best=5.531 eV  top50=1  top10%=2
Cycle  41: full DKL retrain  (50 labelled)
GP warmup: 20 epochs on initial embeddings
Joint DKL training: 50 epochs
  Epoch 20/50  loss=0.1169
  Epoch 40/50  loss=-0.1252
DKL training done in 0.3s
  → 2AlS-1  gap=2.881 eV  best=5.531 eV  top50=1  top10%=2
Cycle  42: GP refit  (51 labelled)
  → 2SeV-4  gap=0.788 eV  best=5.531 eV  top50=1  top10%=2
Cycle  43: GP refit  (52 labelled)
  → 1BrIV-1  gap=3.500 eV  best=5.531 eV  top50=1  top10%=2
Cycle  44: GP refit  (53 labelled)
  → 1AsClTe-1  gap=2.147 eV  best=5.531 eV  top50=1  top10%=2
Cycle  45: GP refit  (54 labelled)
  → 1CdClHS-1  gap=3.853 eV  best=5.531 eV  top50=1  top10%=2
Cycle  46: full DKL retrain  (55 labelled)
GP warmup: 20 epochs on initial embeddings
Joint DKL training: 50 epochs
  Epoch 20/50  loss=0.2151
  Epoch 40/50  loss=-0.0235
DKL training done in 0.3s
  → 2CdFSbO2-1  gap=3.513 eV  best=5.531 eV  top50=1  top10%=2
Cycle  47: GP refit  (56 labelled)
  → 1OTa3Cl7-1  gap=1.569 eV  best=5.531 eV  top50=1  top10%=2
Cycle  48: GP refit  (57 labelled)
  → 1BrCdI-1  gap=3.053 eV  best=5.531 eV  top50=1  top10%=2
Cycle  49: GP refit  (58 labelled)
  → 1BiClS-1  gap=1.745 eV  best=5.531 eV  top50=1  top10%=2
Cycle  50: GP refit  (59 labelled)
  → 1ONb3Cl7-1  gap=1.594 eV  best=5.531 eV  top50=1  top10%=2
Cycle  51: full DKL retrain  (60 labelled)
GP warmup: 20 epochs on initial embeddings
Joint DKL training: 50 epochs
  Epoch 20/50  loss=0.0405
  Epoch 40/50  loss=-0.1290
DKL training done in 0.3s
  → 1CaCl2-2  gap=6.384 eV  best=6.384 eV  top50=2  top10%=3
Cycle  52: GP refit  (61 labelled)
  → 1AsClSe-1  gap=2.060 eV  best=6.384 eV  top50=2  top10%=3
Cycle  53: GP refit  (62 labelled)
  → 1AsISe-1  gap=1.685 eV  best=6.384 eV  top50=2  top10%=3
Cycle  54: GP refit  (63 labelled)
  → 2AgCl-7  gap=3.462 eV  best=6.384 eV  top50=2  top10%=3
Cycle  55: GP refit  (64 labelled)
  → 1AsIS-1  gap=1.950 eV  best=6.384 eV  top50=2  top10%=3
Cycle  56: full DKL retrain  (65 labelled)
GP warmup: 20 epochs on initial embeddings
Joint DKL training: 50 epochs
  Epoch 20/50  loss=0.3358
  Epoch 40/50  loss=0.0904
DKL training done in 0.3s
  → 1MgBr2-3  gap=4.662 eV  best=6.384 eV  top50=2  top10%=3
Cycle  57: GP refit  (66 labelled)
  → 2TlCl2-1  gap=2.820 eV  best=6.384 eV  top50=2  top10%=3
Cycle  58: GP refit  (67 labelled)
  → 2NORbRuF5-1  gap=3.120 eV  best=6.384 eV  top50=2  top10%=3
Cycle  59: GP refit  (68 labelled)
  → 2NOOsRbCl5-1  gap=1.751 eV  best=6.384 eV  top50=2  top10%=3
Cycle  60: GP refit  (69 labelled)
  → 2NOOsRbF5-1  gap=2.864 eV  best=6.384 eV  top50=2  top10%=3
Cycle  61: full DKL retrain  (70 labelled)
GP warmup: 20 epochs on initial embeddings
Joint DKL training: 50 epochs
  Epoch 20/50  loss=0.2392
  Epoch 40/50  loss=0.0565
DKL training done in 0.4s
  → 2AlTe-1  gap=2.363 eV  best=6.384 eV  top50=2  top10%=3
Cycle  62: GP refit  (71 labelled)
  → 2PdSeO3-1  gap=2.663 eV  best=6.384 eV  top50=2  top10%=3
Cycle  63: GP refit  (72 labelled)
  → 1OSn-1  gap=2.218 eV  best=6.384 eV  top50=2  top10%=3
Cycle  64: GP refit  (73 labelled)
  → 4PPtS-1  gap=2.654 eV  best=6.384 eV  top50=2  top10%=3
Cycle  65: GP refit  (74 labelled)
  → 1ZrBr2-1  gap=1.276 eV  best=6.384 eV  top50=2  top10%=3
Cycle  66: full DKL retrain  (75 labelled)
GP warmup: 20 epochs on initial embeddings
Joint DKL training: 50 epochs
  Epoch 20/50  loss=-0.0338
  Epoch 40/50  loss=-0.3009
DKL training done in 0.4s
  → 4OSn-1  gap=3.719 eV  best=6.384 eV  top50=2  top10%=3
Cycle  67: GP refit  (76 labelled)
  → 2CKO3-1  gap=2.692 eV  best=6.384 eV  top50=2  top10%=3
Cycle  68: GP refit  (77 labelled)
  → 4BrCd-1  gap=1.771 eV  best=6.384 eV  top50=2  top10%=3
Cycle  69: GP refit  (78 labelled)
  → 2KNOsSF5-1  gap=2.516 eV  best=6.384 eV  top50=2  top10%=3
Cycle  70: GP refit  (79 labelled)
  → 1PbCl2-2  gap=3.856 eV  best=6.384 eV  top50=2  top10%=3
Cycle  71: full DKL retrain  (80 labelled)
GP warmup: 20 epochs on initial embeddings
Joint DKL training: 50 epochs
  Epoch 20/50  loss=-0.0712
  Epoch 40/50  loss=-0.2315
DKL training done in 0.4s
  → 2BiBrCdO2-1  gap=3.667 eV  best=6.384 eV  top50=2  top10%=3
Cycle  72: GP refit  (81 labelled)
  → 2KNORuCl5-1  gap=1.558 eV  best=6.384 eV  top50=2  top10%=3
Cycle  73: GP refit  (82 labelled)
  → 2BrCdSbO2-1  gap=3.518 eV  best=6.384 eV  top50=2  top10%=3
Cycle  74: GP refit  (83 labelled)
  → 1HfO2-3  gap=3.726 eV  best=6.384 eV  top50=2  top10%=3
Cycle  75: GP refit  (84 labelled)
  → 2CoAs2Br2O3-1  gap=3.781 eV  best=6.384 eV  top50=2  top10%=3
Cycle  76: full DKL retrain  (85 labelled)
GP warmup: 20 epochs on initial embeddings
Joint DKL training: 50 epochs
  Epoch 20/50  loss=-0.0459
  Epoch 40/50  loss=-0.2247
DKL training done in 0.4s
  → 1GeBi2Se2I4-1  gap=1.419 eV  best=6.384 eV  top50=2  top10%=3
Cycle  77: GP refit  (86 labelled)
  → 1CdCl2N2C4H4-1  gap=3.619 eV  best=6.384 eV  top50=2  top10%=3
Cycle  78: GP refit  (87 labelled)
  → 1GaN-1  gap=3.090 eV  best=6.384 eV  top50=2  top10%=3
Cycle  79: GP refit  (88 labelled)
  → 1SeAg2O4-1  gap=3.121 eV  best=6.384 eV  top50=2  top10%=3
Cycle  80: GP refit  (89 labelled)
  → 2PdTeO3-2  gap=2.509 eV  best=6.384 eV  top50=2  top10%=3
Cycle  81: full DKL retrain  (90 labelled)
GP warmup: 20 epochs on initial embeddings
Joint DKL training: 50 epochs
  Epoch 20/50  loss=-0.2202
  Epoch 40/50  loss=-0.4168
DKL training done in 0.3s
  → 1TiF2-1  gap=2.096 eV  best=6.384 eV  top50=2  top10%=3
Cycle  82: GP refit  (91 labelled)
  → 2AgI-2  gap=2.922 eV  best=6.384 eV  top50=2  top10%=3
Cycle  83: GP refit  (92 labelled)
  → 1FeHfI6-1  gap=2.795 eV  best=6.384 eV  top50=2  top10%=3
Cycle  84: GP refit  (93 labelled)
  → 1HfZnF6-1  gap=8.573 eV  best=8.573 eV  top50=3  top10%=4
Cycle  85: GP refit  (94 labelled)
  → 1CdCl2-3  gap=4.344 eV  best=8.573 eV  top50=3  top10%=4
Cycle  86: full DKL retrain  (95 labelled)
GP warmup: 20 epochs on initial embeddings
Joint DKL training: 50 epochs
  Epoch 20/50  loss=0.5588
  Epoch 40/50  loss=-0.0869
DKL training done in 0.4s
  → 2CsNRuSF5-1  gap=2.579 eV  best=8.573 eV  top50=3  top10%=4
Cycle  87: GP refit  (96 labelled)
  → 2PbS-1  gap=1.806 eV  best=8.573 eV  top50=3  top10%=4
Cycle  88: GP refit  (97 labelled)
  → 2BiO-1  gap=1.042 eV  best=8.573 eV  top50=3  top10%=4
Cycle  89: GP refit  (98 labelled)
  → 2BiBrHgO2-1  gap=3.519 eV  best=8.573 eV  top50=3  top10%=4
Cycle  90: GP refit  (99 labelled)
  → 1BiFS-1  gap=2.255 eV  best=8.573 eV  top50=3  top10%=4
Cycle  91: full DKL retrain  (100 labelled)
GP warmup: 20 epochs on initial embeddings
Joint DKL training: 50 epochs
  Epoch 20/50  loss=0.1981
  Epoch 40/50  loss=-0.0062
DKL training done in 0.4s
  → 2InO-2  gap=0.920 eV  best=8.573 eV  top50=3  top10%=4
Cycle  92: GP refit  (101 labelled)
  → 2NOsRbSF5-1  gap=2.520 eV  best=8.573 eV  top50=3  top10%=4
Cycle  93: GP refit  (102 labelled)
  → 2KNRuSF5-1  gap=2.625 eV  best=8.573 eV  top50=3  top10%=4
Cycle  94: GP refit  (103 labelled)
  → 2RuO2-1  gap=0.693 eV  best=8.573 eV  top50=3  top10%=4
Cycle  95: GP refit  (104 labelled)
  → 1SnCl2-2  gap=3.537 eV  best=8.573 eV  top50=3  top10%=4
Cycle  96: full DKL retrain  (105 labelled)
GP warmup: 20 epochs on initial embeddings
Joint DKL training: 50 epochs
  Epoch 20/50  loss=0.1437
  Epoch 40/50  loss=-0.0538
DKL training done in 0.3s
  → 1MoOSe-1  gap=1.512 eV  best=8.573 eV  top50=3  top10%=4
Cycle  97: GP refit  (106 labelled)
  → 2PdSO3-1  gap=2.851 eV  best=8.573 eV  top50=3  top10%=4
Cycle  98: GP refit  (107 labelled)
  → 1CrHS2-1  gap=2.800 eV  best=8.573 eV  top50=3  top10%=4
Cycle  99: GP refit  (108 labelled)
  → 2CoAs2I2O3-1  gap=3.183 eV  best=8.573 eV  top50=3  top10%=4
Cycle 100: GP refit  (109 labelled)
  → 2BiCdFO2-1  gap=4.057 eV  best=8.573 eV  top50=3  top10%=4
  dkl_finetune/seed4 → best_inwin=2.922 top10=1 top50=13
BOLoop: 766 materials  |  direction=max  |  top-50 internal threshold=5.35  top-10% internal threshold=4.94
Init: 10 random labels  |  best (max) = 3.781
Cycle   1: full DKL retrain  (10 labelled)
GP warmup: 20 epochs on initial embeddings
/home/roy/Desktop/DKL-BO/venv/lib/python3.13/site-packages/torch/_compile.py:54: UserWarning: optimizer contains a parameter group with duplicate parameters; in future, this will cause an error; see github.com/pytorch/pytorch/issues/40967 for more information
  return disable_fn(*args, **kwargs)
Joint DKL training: 50 epochs
  Epoch 20/50  loss=1.3462
  Epoch 40/50  loss=1.2389
DKL training done in 0.3s
  → 2ClNbO2-1  gap=4.453 eV  best=4.453 eV  top50=0  top10%=0
Cycle   2: GP refit  (11 labelled)
  → 2BiClHgO2-1  gap=3.745 eV  best=4.453 eV  top50=0  top10%=0
Cycle   3: GP refit  (12 labelled)
  → 1BiFS-1  gap=2.255 eV  best=4.453 eV  top50=0  top10%=0
Cycle   4: GP refit  (13 labelled)
  → 1BiBrS-2  gap=1.980 eV  best=4.453 eV  top50=0  top10%=0
Cycle   5: GP refit  (14 labelled)
  → 1BiBrSe-2  gap=1.742 eV  best=4.453 eV  top50=0  top10%=0
Cycle   6: full DKL retrain  (15 labelled)
GP warmup: 20 epochs on initial embeddings
Joint DKL training: 50 epochs
  Epoch 20/50  loss=0.4186
  Epoch 40/50  loss=0.2802
DKL training done in 0.3s
  → 2PdSeO3-1  gap=2.663 eV  best=4.453 eV  top50=0  top10%=0
Cycle   7: GP refit  (16 labelled)
  → 2PdSO3-1  gap=2.851 eV  best=4.453 eV  top50=0  top10%=0
Cycle   8: GP refit  (17 labelled)
  → 2PdTeO3-2  gap=2.509 eV  best=4.453 eV  top50=0  top10%=0
Cycle   9: GP refit  (18 labelled)
  → 2PtSO3-1  gap=2.976 eV  best=4.453 eV  top50=0  top10%=0
Cycle  10: GP refit  (19 labelled)
  → 2PtSeO3-1  gap=2.732 eV  best=4.453 eV  top50=0  top10%=0
Cycle  11: full DKL retrain  (20 labelled)
GP warmup: 20 epochs on initial embeddings
Joint DKL training: 50 epochs
  Epoch 20/50  loss=0.1737
  Epoch 40/50  loss=-0.9635
DKL training done in 0.3s
  → 1OVBr2-1  gap=3.019 eV  best=4.453 eV  top50=0  top10%=0
Cycle  12: GP refit  (21 labelled)
  → 2ORh-2  gap=0.062 eV  best=4.453 eV  top50=0  top10%=0
Cycle  13: GP refit  (22 labelled)
  → 2BrClCr-1  gap=2.869 eV  best=4.453 eV  top50=0  top10%=0
Cycle  14: GP refit  (23 labelled)
  → 2CaFI-1  gap=5.209 eV  best=5.209 eV  top50=0  top10%=1
Cycle  15: GP refit  (24 labelled)
  → 1AsClSe-1  gap=2.060 eV  best=5.209 eV  top50=0  top10%=1
Cycle  16: full DKL retrain  (25 labelled)
GP warmup: 20 epochs on initial embeddings
Joint DKL training: 50 epochs
  Epoch 20/50  loss=0.1294
  Epoch 40/50  loss=-0.4257
DKL training done in 0.3s
  → 4AgF2-2  gap=1.637 eV  best=5.209 eV  top50=0  top10%=1
Cycle  17: GP refit  (26 labelled)
  → 1ClO2V2Br3-1  gap=1.976 eV  best=5.209 eV  top50=0  top10%=1
Cycle  18: GP refit  (27 labelled)
  → 1AuInCl2S2-1  gap=2.584 eV  best=5.209 eV  top50=0  top10%=1
Cycle  19: GP refit  (28 labelled)
  → 1CdGeSSeBr2-1  gap=1.544 eV  best=5.209 eV  top50=0  top10%=1
Cycle  20: GP refit  (29 labelled)
  → 1BiClS-1  gap=1.745 eV  best=5.209 eV  top50=0  top10%=1
Cycle  21: full DKL retrain  (30 labelled)
GP warmup: 20 epochs on initial embeddings
Joint DKL training: 50 epochs
  Epoch 20/50  loss=2.0562
  Epoch 40/50  loss=0.3488
DKL training done in 0.3s
  → 2CsNOsSF5-1  gap=2.525 eV  best=5.209 eV  top50=0  top10%=1
Cycle  22: GP refit  (31 labelled)
  → 2NRbRuSF5-1  gap=2.622 eV  best=5.209 eV  top50=0  top10%=1
Cycle  23: GP refit  (32 labelled)
  → 1AgMoBr4-1  gap=2.166 eV  best=5.209 eV  top50=0  top10%=1
Cycle  24: GP refit  (33 labelled)
  → 1BrHf2S2Cl3-1  gap=3.424 eV  best=5.209 eV  top50=0  top10%=1
Cycle  25: GP refit  (34 labelled)
  → 2NOsRbSF5-1  gap=2.520 eV  best=5.209 eV  top50=0  top10%=1
Cycle  26: full DKL retrain  (35 labelled)
GP warmup: 20 epochs on initial embeddings
Joint DKL training: 50 epochs
  Epoch 20/50  loss=0.1265
  Epoch 40/50  loss=-0.0744
DKL training done in 0.3s
  → 2KNOsSF5-1  gap=2.516 eV  best=5.209 eV  top50=0  top10%=1
Cycle  27: GP refit  (36 labelled)
  → 1C2O2Zr3-1  gap=0.961 eV  best=5.209 eV  top50=0  top10%=1
Cycle  28: GP refit  (37 labelled)
  → 1AsBrS-2  gap=2.077 eV  best=5.209 eV  top50=0  top10%=1
Cycle  29: GP refit  (38 labelled)
  → 1OSn-1  gap=2.218 eV  best=5.209 eV  top50=0  top10%=1
Cycle  30: GP refit  (39 labelled)
  → 1AsBrSe-1  gap=1.839 eV  best=5.209 eV  top50=0  top10%=1
Cycle  31: full DKL retrain  (40 labelled)
GP warmup: 20 epochs on initial embeddings
Joint DKL training: 50 epochs
  Epoch 20/50  loss=0.2608
  Epoch 40/50  loss=0.0793
DKL training done in 0.3s
  → 1GeO-1  gap=2.811 eV  best=5.209 eV  top50=0  top10%=1
Cycle  32: GP refit  (41 labelled)
  → 2HKO-1  gap=4.501 eV  best=5.209 eV  top50=0  top10%=1
Cycle  33: GP refit  (42 labelled)
  → 2CoI2Sb2O3-1  gap=3.324 eV  best=5.209 eV  top50=0  top10%=1
Cycle  34: GP refit  (43 labelled)
  → 4IOSc-1  gap=3.350 eV  best=5.209 eV  top50=0  top10%=1
Cycle  35: GP refit  (44 labelled)
  → 2HKO-2  gap=4.890 eV  best=5.209 eV  top50=0  top10%=1
Cycle  36: full DKL retrain  (45 labelled)
GP warmup: 20 epochs on initial embeddings
Joint DKL training: 50 epochs
  Epoch 20/50  loss=0.1844
  Epoch 40/50  loss=0.0653
DKL training done in 0.3s
  → 1BrHfI-1  gap=1.157 eV  best=5.209 eV  top50=0  top10%=1
Cycle  37: GP refit  (46 labelled)
  → 2CsNRuSF5-1  gap=2.579 eV  best=5.209 eV  top50=0  top10%=1
Cycle  38: GP refit  (47 labelled)
  → 1TeTa3Cl7-1  gap=1.510 eV  best=5.209 eV  top50=0  top10%=1
Cycle  39: GP refit  (48 labelled)
  → 1ClScTe-1  gap=1.807 eV  best=5.209 eV  top50=0  top10%=1
Cycle  40: GP refit  (49 labelled)
  → 1BrSbSe-2  gap=2.037 eV  best=5.209 eV  top50=0  top10%=1
Cycle  41: full DKL retrain  (50 labelled)
GP warmup: 20 epochs on initial embeddings
Joint DKL training: 50 epochs
  Epoch 20/50  loss=0.2122
  Epoch 40/50  loss=0.0555
DKL training done in 0.3s
  → 2CoBi2I2O3-1  gap=2.811 eV  best=5.209 eV  top50=0  top10%=1
Cycle  42: GP refit  (51 labelled)
  → 1STa3F7-1  gap=1.799 eV  best=5.209 eV  top50=0  top10%=1
Cycle  43: GP refit  (52 labelled)
  → 2NOOsRbCl5-1  gap=1.751 eV  best=5.209 eV  top50=0  top10%=1
Cycle  44: GP refit  (53 labelled)
  → 1SeAg2O4-1  gap=3.121 eV  best=5.209 eV  top50=0  top10%=1
Cycle  45: GP refit  (54 labelled)
  → 2HTeNa3S4-1  gap=3.502 eV  best=5.209 eV  top50=0  top10%=1
Cycle  46: full DKL retrain  (55 labelled)
GP warmup: 20 epochs on initial embeddings
Joint DKL training: 50 epochs
  Epoch 20/50  loss=0.0694
  Epoch 40/50  loss=-0.0787
DKL training done in 0.3s
  → 2KNRuSF5-1  gap=2.625 eV  best=5.209 eV  top50=0  top10%=1
Cycle  47: GP refit  (56 labelled)
  → 2BiCdClO2-1  gap=4.073 eV  best=5.209 eV  top50=0  top10%=1
Cycle  48: GP refit  (57 labelled)
  → 2AuCl-4  gap=0.777 eV  best=5.209 eV  top50=0  top10%=1
Cycle  49: GP refit  (58 labelled)
  → 2HLi3S5-1  gap=3.300 eV  best=5.209 eV  top50=0  top10%=1
Cycle  50: GP refit  (59 labelled)
  → 1OVCl2-1  gap=3.144 eV  best=5.209 eV  top50=0  top10%=1
Cycle  51: full DKL retrain  (60 labelled)
GP warmup: 20 epochs on initial embeddings
Joint DKL training: 50 epochs
  Epoch 20/50  loss=0.0970
  Epoch 40/50  loss=-0.0306
DKL training done in 0.3s
  → 1NiZrCl6-1  gap=4.484 eV  best=5.209 eV  top50=0  top10%=1
Cycle  52: GP refit  (61 labelled)
  → 4OSb2Se2-1  gap=2.083 eV  best=5.209 eV  top50=0  top10%=1
Cycle  53: GP refit  (62 labelled)
  → 4NaSbS2-2  gap=2.102 eV  best=5.209 eV  top50=0  top10%=1
Cycle  54: GP refit  (63 labelled)
  → 1ZnBr2-3  gap=3.449 eV  best=5.209 eV  top50=0  top10%=1
Cycle  55: GP refit  (64 labelled)
  → 1ClSSb-2  gap=2.321 eV  best=5.209 eV  top50=0  top10%=1
Cycle  56: full DKL retrain  (65 labelled)
GP warmup: 20 epochs on initial embeddings
Joint DKL training: 50 epochs
  Epoch 20/50  loss=0.0125
  Epoch 40/50  loss=-0.1051
DKL training done in 0.3s
  → 2ScSe-3  gap=0.933 eV  best=5.209 eV  top50=0  top10%=1
Cycle  57: GP refit  (66 labelled)
  → 1FeCl2-3  gap=0.071 eV  best=5.209 eV  top50=0  top10%=1
Cycle  58: GP refit  (67 labelled)
  → 1SNb3Cl7-1  gap=1.654 eV  best=5.209 eV  top50=0  top10%=1
Cycle  59: GP refit  (68 labelled)
  → 2HfBr2-1  gap=1.334 eV  best=5.209 eV  top50=0  top10%=1
Cycle  60: GP refit  (69 labelled)
  → 1FeHfBr6-1  gap=3.395 eV  best=5.209 eV  top50=0  top10%=1
Cycle  61: full DKL retrain  (70 labelled)
GP warmup: 20 epochs on initial embeddings
Joint DKL training: 50 epochs
  Epoch 20/50  loss=0.4145
  Epoch 40/50  loss=0.2451
DKL training done in 0.4s
  → 1BrSSb-1  gap=1.838 eV  best=5.209 eV  top50=0  top10%=1
Cycle  62: GP refit  (71 labelled)
  → 1ClSbTe-1  gap=1.866 eV  best=5.209 eV  top50=0  top10%=1
Cycle  63: GP refit  (72 labelled)
  → 1ClIMg-1  gap=3.815 eV  best=5.209 eV  top50=0  top10%=1
Cycle  64: GP refit  (73 labelled)
  → 1Nb3Br8-1  gap=0.985 eV  best=5.209 eV  top50=0  top10%=1
Cycle  65: GP refit  (74 labelled)
  → 1AsBrTe-2  gap=1.662 eV  best=5.209 eV  top50=0  top10%=1
Cycle  66: full DKL retrain  (75 labelled)
GP warmup: 20 epochs on initial embeddings
Joint DKL training: 50 epochs
  Epoch 20/50  loss=0.3748
  Epoch 40/50  loss=0.2300
DKL training done in 0.4s
  → 4LiSbS2-1  gap=2.746 eV  best=5.209 eV  top50=0  top10%=1
Cycle  67: GP refit  (76 labelled)
  → 1ScCl2-1  gap=0.736 eV  best=5.209 eV  top50=0  top10%=1
Cycle  68: GP refit  (77 labelled)
  → 2InPS3-1  gap=1.395 eV  best=5.209 eV  top50=0  top10%=1
Cycle  69: GP refit  (78 labelled)
  → 1ISY-1  gap=3.985 eV  best=5.209 eV  top50=0  top10%=1
Cycle  70: GP refit  (79 labelled)
  → 1ZnI2-3  gap=1.644 eV  best=5.209 eV  top50=0  top10%=1
Cycle  71: full DKL retrain  (80 labelled)
GP warmup: 20 epochs on initial embeddings
Joint DKL training: 50 epochs
  Epoch 20/50  loss=0.5055
  Epoch 40/50  loss=0.3555
DKL training done in 0.4s
  → 2InS2-3  gap=1.242 eV  best=5.209 eV  top50=0  top10%=1
Cycle  72: GP refit  (81 labelled)
  → 2IrO-2  gap=0.230 eV  best=5.209 eV  top50=0  top10%=1
Cycle  73: GP refit  (82 labelled)
  → 4OSn-1  gap=3.719 eV  best=5.209 eV  top50=0  top10%=1
Cycle  74: GP refit  (83 labelled)
  → 1MoOSe-1  gap=1.512 eV  best=5.209 eV  top50=0  top10%=1
Cycle  75: GP refit  (84 labelled)
  → 2TiCl2-1  gap=0.997 eV  best=5.209 eV  top50=0  top10%=1
Cycle  76: full DKL retrain  (85 labelled)
GP warmup: 20 epochs on initial embeddings
Joint DKL training: 50 epochs
  Epoch 20/50  loss=0.4352
  Epoch 40/50  loss=0.2817
DKL training done in 0.3s
  → 2BaClH-1  gap=4.823 eV  best=5.209 eV  top50=0  top10%=1
Cycle  77: GP refit  (86 labelled)
  → 2NORbRuCl5-1  gap=1.645 eV  best=5.209 eV  top50=0  top10%=1
Cycle  78: GP refit  (87 labelled)
  → 2InSe-1  gap=2.055 eV  best=5.209 eV  top50=0  top10%=1
Cycle  79: GP refit  (88 labelled)
  → 1MnZrBr6-1  gap=3.584 eV  best=5.209 eV  top50=0  top10%=1
Cycle  80: GP refit  (89 labelled)
  → 1WAu2S4-1  gap=1.827 eV  best=5.209 eV  top50=0  top10%=1
Cycle  81: full DKL retrain  (90 labelled)
GP warmup: 20 epochs on initial embeddings
Joint DKL training: 50 epochs
  Epoch 20/50  loss=0.3485
  Epoch 40/50  loss=0.2189
DKL training done in 0.3s
  → 1PdZrBr6-1  gap=1.974 eV  best=5.209 eV  top50=0  top10%=1
Cycle  82: GP refit  (91 labelled)
  → 2ZrBr2-1  gap=1.140 eV  best=5.209 eV  top50=0  top10%=1
Cycle  83: GP refit  (92 labelled)
  → 2BrGa-1  gap=3.271 eV  best=5.209 eV  top50=0  top10%=1
Cycle  84: GP refit  (93 labelled)
  → 2InS-1  gap=2.431 eV  best=5.209 eV  top50=0  top10%=1
Cycle  85: GP refit  (94 labelled)
  → 1PdZrCl6-1  gap=2.434 eV  best=5.209 eV  top50=0  top10%=1
Cycle  86: full DKL retrain  (95 labelled)
GP warmup: 20 epochs on initial embeddings
Joint DKL training: 50 epochs
  Epoch 20/50  loss=0.2644
  Epoch 40/50  loss=0.0392
DKL training done in 0.3s
  → 1SeNb3F7-1  gap=1.807 eV  best=5.209 eV  top50=0  top10%=1
Cycle  87: GP refit  (96 labelled)
  → 4AsNiS-1  gap=1.507 eV  best=5.209 eV  top50=0  top10%=1
Cycle  88: GP refit  (97 labelled)
  → 1SeNi2S3-1  gap=1.350 eV  best=5.209 eV  top50=0  top10%=1
Cycle  89: GP refit  (98 labelled)
  → 2PbS-3  gap=0.673 eV  best=5.209 eV  top50=0  top10%=1
Cycle  90: GP refit  (99 labelled)
  → 1TeNb3F7-1  gap=1.719 eV  best=5.209 eV  top50=0  top10%=1
Cycle  91: full DKL retrain  (100 labelled)
GP warmup: 20 epochs on initial embeddings
Joint DKL training: 50 epochs
  Epoch 20/50  loss=0.5221
  Epoch 40/50  loss=0.1954
DKL training done in 0.5s
  → 2HISr-1  gap=4.888 eV  best=5.209 eV  top50=0  top10%=1
Cycle  92: GP refit  (101 labelled)
  → 1HfPdCl6-1  gap=2.459 eV  best=5.209 eV  top50=0  top10%=1
Cycle  93: GP refit  (102 labelled)
  → 1BrClI2O2V2-1  gap=2.590 eV  best=5.209 eV  top50=0  top10%=1
Cycle  94: GP refit  (103 labelled)
  → 1MoOS-1  gap=1.831 eV  best=5.209 eV  top50=0  top10%=1
Cycle  95: GP refit  (104 labelled)
  → 1FeZrBr6-1  gap=3.164 eV  best=5.209 eV  top50=0  top10%=1
Cycle  96: full DKL retrain  (105 labelled)
GP warmup: 20 epochs on initial embeddings
Joint DKL training: 50 epochs
  Epoch 20/50  loss=0.3569
  Epoch 40/50  loss=0.1048
DKL training done in 0.6s
  → 1CdClHS-1  gap=3.853 eV  best=5.209 eV  top50=0  top10%=1
Cycle  97: GP refit  (106 labelled)
  → 1OPb-1  gap=2.638 eV  best=5.209 eV  top50=0  top10%=1
Cycle  98: GP refit  (107 labelled)
  → 1CdCl2N2C4H4-1  gap=3.619 eV  best=5.209 eV  top50=0  top10%=1
Cycle  99: GP refit  (108 labelled)
  → 1OTa3Cl7-1  gap=1.569 eV  best=5.209 eV  top50=0  top10%=1
Cycle 100: GP refit  (109 labelled)
  → 2TlCl2-1  gap=2.820 eV  best=5.209 eV  top50=0  top10%=1
  dkl_finetune/seed5 → best_inwin=2.976 top10=1 top50=12
BOLoop: 766 materials  |  direction=max  |  top-50 internal threshold=5.35  top-10% internal threshold=4.94
Init: 10 random labels  |  best (max) = 5.612
Cycle   1: full DKL retrain  (10 labelled)
GP warmup: 20 epochs on initial embeddings
/home/roy/Desktop/DKL-BO/venv/lib/python3.13/site-packages/torch/_compile.py:54: UserWarning: optimizer contains a parameter group with duplicate parameters; in future, this will cause an error; see github.com/pytorch/pytorch/issues/40967 for more information
  return disable_fn(*args, **kwargs)
Joint DKL training: 50 epochs
  Epoch 20/50  loss=1.8524
  Epoch 40/50  loss=1.7430
DKL training done in 0.5s
  → 2BrCaH-1  gap=5.531 eV  best=5.612 eV  top50=1  top10%=1
Cycle   2: GP refit  (11 labelled)
  → 1CrW3Se8-1  gap=1.333 eV  best=5.612 eV  top50=1  top10%=1
Cycle   3: GP refit  (12 labelled)
  → 2CrWSe4-1  gap=1.203 eV  best=5.612 eV  top50=1  top10%=1
Cycle   4: GP refit  (13 labelled)
  → 1CrSe2-1  gap=1.128 eV  best=5.612 eV  top50=1  top10%=1
Cycle   5: GP refit  (14 labelled)
  → 2TiCl2-1  gap=0.997 eV  best=5.612 eV  top50=1  top10%=1
Cycle   6: full DKL retrain  (15 labelled)
GP warmup: 20 epochs on initial embeddings
Joint DKL training: 50 epochs
  Epoch 20/50  loss=1.2234
  Epoch 40/50  loss=1.1356
DKL training done in 0.6s
  → 2BrTl-3  gap=3.214 eV  best=5.612 eV  top50=1  top10%=1
Cycle   7: GP refit  (16 labelled)
  → 1SnS2-3  gap=1.455 eV  best=5.612 eV  top50=1  top10%=1
Cycle   8: GP refit  (17 labelled)
  → 2RhBr3-2  gap=1.129 eV  best=5.612 eV  top50=1  top10%=1
Cycle   9: GP refit  (18 labelled)
  → 2GaS-1  gap=3.197 eV  best=5.612 eV  top50=1  top10%=1
Cycle  10: GP refit  (19 labelled)
  → 1AgMoBr4-1  gap=2.166 eV  best=5.612 eV  top50=1  top10%=1
Cycle  11: full DKL retrain  (20 labelled)
GP warmup: 20 epochs on initial embeddings
Joint DKL training: 50 epochs
  Epoch 20/50  loss=0.5611
  Epoch 40/50  loss=0.3414
DKL training done in 0.6s
  → 2P2S3-1  gap=3.272 eV  best=5.612 eV  top50=1  top10%=1
Cycle  12: GP refit  (21 labelled)
  → 1FeHfBr6-1  gap=3.395 eV  best=5.612 eV  top50=1  top10%=1
Cycle  13: GP refit  (22 labelled)
  → 1TeTa3Br7-1  gap=1.397 eV  best=5.612 eV  top50=1  top10%=1
Cycle  14: GP refit  (23 labelled)
  → 1SeAu2O4-1  gap=1.925 eV  best=5.612 eV  top50=1  top10%=1
Cycle  15: GP refit  (24 labelled)
  → 2CoI2Sb2O3-1  gap=3.324 eV  best=5.612 eV  top50=1  top10%=1
Cycle  16: full DKL retrain  (25 labelled)
GP warmup: 20 epochs on initial embeddings
Joint DKL training: 50 epochs
  Epoch 20/50  loss=0.1101
  Epoch 40/50  loss=-0.1608
DKL training done in 0.6s
  → 1FeZrBr6-1  gap=3.164 eV  best=5.612 eV  top50=1  top10%=1
Cycle  17: GP refit  (26 labelled)
  → 2InPS3-1  gap=1.395 eV  best=5.612 eV  top50=1  top10%=1
Cycle  18: GP refit  (27 labelled)
  → 2CKOOsF5-1  gap=1.831 eV  best=5.612 eV  top50=1  top10%=1
Cycle  19: GP refit  (28 labelled)
  → 2CoCl2Sb2O3-1  gap=3.522 eV  best=5.612 eV  top50=1  top10%=1
Cycle  20: GP refit  (29 labelled)
  → 2BaBi2O4-1  gap=4.146 eV  best=5.612 eV  top50=1  top10%=1
Cycle  21: full DKL retrain  (30 labelled)
GP warmup: 20 epochs on initial embeddings
Joint DKL training: 50 epochs
  Epoch 20/50  loss=-0.1625
  Epoch 40/50  loss=-0.3845
DKL training done in 0.6s
  → 2BiCdIO2-1  gap=2.598 eV  best=5.612 eV  top50=1  top10%=1
Cycle  22: GP refit  (31 labelled)
  → 2BaBrF-1  gap=6.128 eV  best=6.128 eV  top50=2  top10%=2
Cycle  23: GP refit  (32 labelled)
  → 1YBr2-1  gap=0.901 eV  best=6.128 eV  top50=2  top10%=2
Cycle  24: GP refit  (33 labelled)
  → 1ONb3Br7-1  gap=1.441 eV  best=6.128 eV  top50=2  top10%=2
Cycle  25: GP refit  (34 labelled)
  → 1MgBr2-3  gap=4.662 eV  best=6.128 eV  top50=2  top10%=2
Cycle  26: full DKL retrain  (35 labelled)
GP warmup: 20 epochs on initial embeddings
Joint DKL training: 50 epochs
  Epoch 20/50  loss=0.5960
  Epoch 40/50  loss=-0.2516
DKL training done in 0.6s
  → 1IO2V2Br3-1  gap=1.857 eV  best=6.128 eV  top50=2  top10%=2
Cycle  27: GP refit  (36 labelled)
  → 2Sb2O3-5  gap=4.624 eV  best=6.128 eV  top50=2  top10%=2
Cycle  28: GP refit  (37 labelled)
  → 1HfS2-2  gap=2.038 eV  best=6.128 eV  top50=2  top10%=2
Cycle  29: GP refit  (38 labelled)
  → 1BrClNi-1  gap=3.508 eV  best=6.128 eV  top50=2  top10%=2
Cycle  30: GP refit  (39 labelled)
  → 2CsNRuSF5-1  gap=2.579 eV  best=6.128 eV  top50=2  top10%=2
Cycle  31: full DKL retrain  (40 labelled)
GP warmup: 20 epochs on initial embeddings
Joint DKL training: 50 epochs
  Epoch 20/50  loss=-0.1510
  Epoch 40/50  loss=-0.3459
DKL training done in 0.6s
  → 2NRbRuSF5-1  gap=2.622 eV  best=6.128 eV  top50=2  top10%=2
Cycle  32: GP refit  (41 labelled)
  → 2KNbF6-1  gap=8.177 eV  best=8.177 eV  top50=3  top10%=3
Cycle  33: GP refit  (42 labelled)
  → 1AuInF4-1  gap=2.106 eV  best=8.177 eV  top50=3  top10%=3
Cycle  34: GP refit  (43 labelled)
  → 1C2F2S2Zr3-1  gap=0.025 eV  best=8.177 eV  top50=3  top10%=3
Cycle  35: GP refit  (44 labelled)
  → 2AgBr-3  gap=3.092 eV  best=8.177 eV  top50=3  top10%=3
Cycle  36: full DKL retrain  (45 labelled)
GP warmup: 20 epochs on initial embeddings
Joint DKL training: 50 epochs
  Epoch 20/50  loss=0.8865
  Epoch 40/50  loss=-0.0087
DKL training done in 0.6s
  → 1AgTlP2Se6-1  gap=0.901 eV  best=8.177 eV  top50=3  top10%=3
Cycle  37: GP refit  (46 labelled)
  → 1BrClHf-1  gap=1.361 eV  best=8.177 eV  top50=3  top10%=3
Cycle  38: GP refit  (47 labelled)
  → 2BiBrCdO2-1  gap=3.667 eV  best=8.177 eV  top50=3  top10%=3
Cycle  39: GP refit  (48 labelled)
  → 1ScS2-2  gap=1.890 eV  best=8.177 eV  top50=3  top10%=3
Cycle  40: GP refit  (49 labelled)
  → 1AgScP2Se6-1  gap=2.775 eV  best=8.177 eV  top50=3  top10%=3
Cycle  41: full DKL retrain  (50 labelled)
GP warmup: 20 epochs on initial embeddings
Joint DKL training: 50 epochs
  Epoch 20/50  loss=0.7881
  Epoch 40/50  loss=0.2520
DKL training done in 0.4s
  → 2SrBi2O4-1  gap=4.038 eV  best=8.177 eV  top50=3  top10%=3
Cycle  42: GP refit  (51 labelled)
  → 4AuF2-1  gap=1.286 eV  best=8.177 eV  top50=3  top10%=3
Cycle  43: GP refit  (52 labelled)
  → 2P2Se3-2  gap=2.700 eV  best=8.177 eV  top50=3  top10%=3
Cycle  44: GP refit  (53 labelled)
  → 1CoNaP2S6-1  gap=1.851 eV  best=8.177 eV  top50=3  top10%=3
Cycle  45: GP refit  (54 labelled)
  → 2GaSe-1  gap=2.506 eV  best=8.177 eV  top50=3  top10%=3
Cycle  46: full DKL retrain  (55 labelled)
GP warmup: 20 epochs on initial embeddings
Joint DKL training: 50 epochs
  Epoch 20/50  loss=0.1896
  Epoch 40/50  loss=-0.0161
DKL training done in 0.4s
  → 1OZrBr2-1  gap=2.245 eV  best=8.177 eV  top50=3  top10%=3
Cycle  47: GP refit  (56 labelled)
  → 1CoLiP2Se6-1  gap=2.004 eV  best=8.177 eV  top50=3  top10%=3
Cycle  48: GP refit  (57 labelled)
  → 2KNOOsF5-1  gap=2.833 eV  best=8.177 eV  top50=3  top10%=3
Cycle  49: GP refit  (58 labelled)
  → 1AgAlP2S6-1  gap=3.132 eV  best=8.177 eV  top50=3  top10%=3
Cycle  50: GP refit  (59 labelled)
  → 4PPdSe-1  gap=1.963 eV  best=8.177 eV  top50=3  top10%=3
Cycle  51: full DKL retrain  (60 labelled)
GP warmup: 20 epochs on initial embeddings
Joint DKL training: 50 epochs
  Epoch 20/50  loss=-0.1632
  Epoch 40/50  loss=-0.3920
DKL training done in 0.4s
  → 1CdBr2-3  gap=3.373 eV  best=8.177 eV  top50=3  top10%=3
Cycle  52: GP refit  (61 labelled)
  → 2GaTe-1  gap=1.862 eV  best=8.177 eV  top50=3  top10%=3
Cycle  53: GP refit  (62 labelled)
  → 2OPb-1  gap=3.463 eV  best=8.177 eV  top50=3  top10%=3
Cycle  54: GP refit  (63 labelled)
  → 2CoAs2I2O3-1  gap=3.183 eV  best=8.177 eV  top50=3  top10%=3
Cycle  55: GP refit  (64 labelled)
  → 1ClIGe2O3-1  gap=1.946 eV  best=8.177 eV  top50=3  top10%=3
Cycle  56: full DKL retrain  (65 labelled)
GP warmup: 20 epochs on initial embeddings
Joint DKL training: 50 epochs
  Epoch 20/50  loss=-0.5926
  Epoch 40/50  loss=-0.7734
DKL training done in 0.4s
  → 1BaBr2-2  gap=5.328 eV  best=8.177 eV  top50=3  top10%=4
Cycle  57: GP refit  (66 labelled)
  → 4OPb-1  gap=3.731 eV  best=8.177 eV  top50=3  top10%=4
Cycle  58: GP refit  (67 labelled)
  → 4AsNiS-1  gap=1.507 eV  best=8.177 eV  top50=3  top10%=4
Cycle  59: GP refit  (68 labelled)
  → 1OSn-1  gap=2.218 eV  best=8.177 eV  top50=3  top10%=4
Cycle  60: GP refit  (69 labelled)
  → 1AgGaP2Se6-1  gap=1.694 eV  best=8.177 eV  top50=3  top10%=4
Cycle  61: full DKL retrain  (70 labelled)
GP warmup: 20 epochs on initial embeddings
Joint DKL training: 50 epochs
  Epoch 20/50  loss=-0.1154
  Epoch 40/50  loss=-0.4359
DKL training done in 0.5s
  → 1MgCl2-3  gap=6.063 eV  best=8.177 eV  top50=4  top10%=5
Cycle  62: GP refit  (71 labelled)
  → 1AlGaSe2-1  gap=2.765 eV  best=8.177 eV  top50=4  top10%=5
Cycle  63: GP refit  (72 labelled)
  → 1MoOTe-1  gap=0.867 eV  best=8.177 eV  top50=4  top10%=5
Cycle  64: GP refit  (73 labelled)
  → 2AlSe-1  gap=2.721 eV  best=8.177 eV  top50=4  top10%=5
Cycle  65: GP refit  (74 labelled)
  → 2Bi2O3-2  gap=4.095 eV  best=8.177 eV  top50=4  top10%=5
Cycle  66: full DKL retrain  (75 labelled)
GP warmup: 20 epochs on initial embeddings
Joint DKL training: 50 epochs
  Epoch 20/50  loss=0.0279
  Epoch 40/50  loss=-0.2170
DKL training done in 0.5s
  → 1ZnBr2-3  gap=3.449 eV  best=8.177 eV  top50=4  top10%=5
Cycle  67: GP refit  (76 labelled)
  → 2AgCl-7  gap=3.462 eV  best=8.177 eV  top50=4  top10%=5
Cycle  68: GP refit  (77 labelled)
  → 1HgBr2-4  gap=2.459 eV  best=8.177 eV  top50=4  top10%=5
Cycle  69: GP refit  (78 labelled)
  → 1MgI2-3  gap=3.448 eV  best=8.177 eV  top50=4  top10%=5
Cycle  70: GP refit  (79 labelled)
  → 2GaSe-7  gap=0.809 eV  best=8.177 eV  top50=4  top10%=5
Cycle  71: full DKL retrain  (80 labelled)
GP warmup: 20 epochs on initial embeddings
Joint DKL training: 50 epochs
  Epoch 20/50  loss=0.1592
  Epoch 40/50  loss=-0.0515
DKL training done in 0.6s
  → 1CoLiP2S6-1  gap=2.395 eV  best=8.177 eV  top50=4  top10%=5
Cycle  72: GP refit  (81 labelled)
  → 2PdSeO3-1  gap=2.663 eV  best=8.177 eV  top50=4  top10%=5
Cycle  73: GP refit  (82 labelled)
  → 2CoBi2I2O3-1  gap=2.811 eV  best=8.177 eV  top50=4  top10%=5
Cycle  74: GP refit  (83 labelled)
  → 2PdTeO3-2  gap=2.509 eV  best=8.177 eV  top50=4  top10%=5
Cycle  75: GP refit  (84 labelled)
  → 1OVCl2-1  gap=3.144 eV  best=8.177 eV  top50=4  top10%=5
Cycle  76: full DKL retrain  (85 labelled)
GP warmup: 20 epochs on initial embeddings
Joint DKL training: 50 epochs
  Epoch 20/50  loss=-0.1638
  Epoch 40/50  loss=-0.3692
DKL training done in 0.4s
  → 1AgGaP2S6-1  gap=2.285 eV  best=8.177 eV  top50=4  top10%=5
Cycle  77: GP refit  (86 labelled)
  → 1OVBr2-1  gap=3.019 eV  best=8.177 eV  top50=4  top10%=5
Cycle  78: GP refit  (87 labelled)
  → 1ClO2V2Br3-1  gap=1.976 eV  best=8.177 eV  top50=4  top10%=5
Cycle  79: GP refit  (88 labelled)
  → 2OPt-3  gap=1.460 eV  best=8.177 eV  top50=4  top10%=5
Cycle  80: GP refit  (89 labelled)
  → 1HfO2-3  gap=3.726 eV  best=8.177 eV  top50=4  top10%=5
Cycle  81: full DKL retrain  (90 labelled)
GP warmup: 20 epochs on initial embeddings
Joint DKL training: 50 epochs
  Epoch 20/50  loss=-0.0214
  Epoch 40/50  loss=-0.1620
DKL training done in 0.4s
  → 2PtSeO3-1  gap=2.732 eV  best=8.177 eV  top50=4  top10%=5
Cycle  82: GP refit  (91 labelled)
  → 2OPb-3  gap=1.090 eV  best=8.177 eV  top50=4  top10%=5
Cycle  83: GP refit  (92 labelled)
  → 1PdPt3O8-1  gap=2.448 eV  best=8.177 eV  top50=4  top10%=5
Cycle  84: GP refit  (93 labelled)
  → 4LiSbS2-1  gap=2.746 eV  best=8.177 eV  top50=4  top10%=5
Cycle  85: GP refit  (94 labelled)
  → 1FeI2-3  gap=0.020 eV  best=8.177 eV  top50=4  top10%=5
Cycle  86: full DKL retrain  (95 labelled)
GP warmup: 20 epochs on initial embeddings
Joint DKL training: 50 epochs
  Epoch 20/50  loss=0.1327
  Epoch 40/50  loss=-0.0120
DKL training done in 0.4s
  → 1SnO2-3  gap=1.956 eV  best=8.177 eV  top50=4  top10%=5
Cycle  87: GP refit  (96 labelled)
  → 4OSb2Se2-1  gap=2.083 eV  best=8.177 eV  top50=4  top10%=5
Cycle  88: GP refit  (97 labelled)
  → 2ClNbO2-1  gap=4.453 eV  best=8.177 eV  top50=4  top10%=5
Cycle  89: GP refit  (98 labelled)
  → 1BrSSb-1  gap=1.838 eV  best=8.177 eV  top50=4  top10%=5
Cycle  90: GP refit  (99 labelled)
  → 1BrCdI-1  gap=3.053 eV  best=8.177 eV  top50=4  top10%=5
Cycle  91: full DKL retrain  (100 labelled)
GP warmup: 20 epochs on initial embeddings
Joint DKL training: 50 epochs
  Epoch 20/50  loss=0.1706
  Epoch 40/50  loss=-0.0320
DKL training done in 0.4s
  → 1GeO2-3  gap=2.945 eV  best=8.177 eV  top50=4  top10%=5
Cycle  92: GP refit  (101 labelled)
  → 1HgCl2-3  gap=3.201 eV  best=8.177 eV  top50=4  top10%=5
Cycle  93: GP refit  (102 labelled)
  → 2NbOCl2-1  gap=1.951 eV  best=8.177 eV  top50=4  top10%=5
Cycle  94: GP refit  (103 labelled)
  → 1TiO2-3  gap=3.447 eV  best=8.177 eV  top50=4  top10%=5
Cycle  95: GP refit  (104 labelled)
  → 1PbO2-3  gap=0.935 eV  best=8.177 eV  top50=4  top10%=5
Cycle  96: full DKL retrain  (105 labelled)
GP warmup: 20 epochs on initial embeddings
Joint DKL training: 50 epochs
  Epoch 20/50  loss=-0.0429
  Epoch 40/50  loss=-0.2320
DKL training done in 0.4s
  → 1ZrO2-3  gap=3.561 eV  best=8.177 eV  top50=4  top10%=5
Cycle  97: GP refit  (106 labelled)
  → 2BiHgIO2-1  gap=2.659 eV  best=8.177 eV  top50=4  top10%=5
Cycle  98: GP refit  (107 labelled)
  → 2CRbO3-1  gap=2.673 eV  best=8.177 eV  top50=4  top10%=5
Cycle  99: GP refit  (108 labelled)
  → 1MoAu2O4-2  gap=4.110 eV  best=8.177 eV  top50=4  top10%=5
Cycle 100: GP refit  (109 labelled)
  → 1WAu2O4-2  gap=4.436 eV  best=8.177 eV  top50=4  top10%=5
  dkl_finetune/seed6 → best_inwin=2.945 top10=1 top50=13
BOLoop: 766 materials  |  direction=max  |  top-50 internal threshold=5.35  top-10% internal threshold=4.94
Init: 10 random labels  |  best (max) = 5.363
Cycle   1: full DKL retrain  (10 labelled)
GP warmup: 20 epochs on initial embeddings
/home/roy/Desktop/DKL-BO/venv/lib/python3.13/site-packages/torch/_compile.py:54: UserWarning: optimizer contains a parameter group with duplicate parameters; in future, this will cause an error; see github.com/pytorch/pytorch/issues/40967 for more information
  return disable_fn(*args, **kwargs)
Joint DKL training: 50 epochs
  Epoch 20/50  loss=1.7602
  Epoch 40/50  loss=1.6790
DKL training done in 0.4s
  → 2GaSe-1  gap=2.506 eV  best=5.363 eV  top50=0  top10%=0
Cycle   2: GP refit  (11 labelled)
  → 2InS-1  gap=2.431 eV  best=5.363 eV  top50=0  top10%=0
Cycle   3: GP refit  (12 labelled)
  → 1HfO2-3  gap=3.726 eV  best=5.363 eV  top50=0  top10%=0
Cycle   4: GP refit  (13 labelled)
  → 2CoI2Sb2O3-1  gap=3.324 eV  best=5.363 eV  top50=0  top10%=0
Cycle   5: GP refit  (14 labelled)
  → 4OSb2Se2-1  gap=2.083 eV  best=5.363 eV  top50=0  top10%=0
Cycle   6: full DKL retrain  (15 labelled)
GP warmup: 20 epochs on initial embeddings
Joint DKL training: 50 epochs
  Epoch 20/50  loss=0.1619
  Epoch 40/50  loss=0.0407
DKL training done in 0.6s
  → 4AsNiS-1  gap=1.507 eV  best=5.363 eV  top50=0  top10%=0
Cycle   7: GP refit  (16 labelled)
  → 2AgCrP2S6-1  gap=2.715 eV  best=5.363 eV  top50=0  top10%=0
Cycle   8: GP refit  (17 labelled)
  → 1AgCrP2S6-1  gap=2.012 eV  best=5.363 eV  top50=0  top10%=0
Cycle   9: GP refit  (18 labelled)
  → 2HTeNa3S4-1  gap=3.502 eV  best=5.363 eV  top50=0  top10%=0
Cycle  10: GP refit  (19 labelled)
  → 1BiClS-1  gap=1.745 eV  best=5.363 eV  top50=0  top10%=0
Cycle  11: full DKL retrain  (20 labelled)
GP warmup: 20 epochs on initial embeddings
Joint DKL training: 50 epochs
  Epoch 20/50  loss=0.2533
  Epoch 40/50  loss=-0.0215
DKL training done in 0.4s
  → 4AsPtS-1  gap=2.061 eV  best=5.363 eV  top50=0  top10%=0
Cycle  12: GP refit  (21 labelled)
  → 1AgInP2S6-1  gap=2.365 eV  best=5.363 eV  top50=0  top10%=0
Cycle  13: GP refit  (22 labelled)
  → 1OVBr2-1  gap=3.019 eV  best=5.363 eV  top50=0  top10%=0
Cycle  14: GP refit  (23 labelled)
  → 1CoNaP2S6-1  gap=1.851 eV  best=5.363 eV  top50=0  top10%=0
Cycle  15: GP refit  (24 labelled)
  → 2GaSe-7  gap=0.809 eV  best=5.363 eV  top50=0  top10%=0
Cycle  16: full DKL retrain  (25 labelled)
GP warmup: 20 epochs on initial embeddings
Joint DKL training: 50 epochs
  Epoch 20/50  loss=0.6770
  Epoch 40/50  loss=0.4992
DKL training done in 0.6s
  → 1GaInS2-1  gap=2.570 eV  best=5.363 eV  top50=0  top10%=0
Cycle  17: GP refit  (26 labelled)
  → 2GaS-1  gap=3.197 eV  best=5.363 eV  top50=0  top10%=0
Cycle  18: GP refit  (27 labelled)
  → 1AgScP2S6-1  gap=3.453 eV  best=5.363 eV  top50=0  top10%=0
Cycle  19: GP refit  (28 labelled)
  → 1CdGaInS4-1  gap=1.340 eV  best=5.363 eV  top50=0  top10%=0
Cycle  20: GP refit  (29 labelled)
  → 1AgGaP2S6-1  gap=2.285 eV  best=5.363 eV  top50=0  top10%=0
Cycle  21: full DKL retrain  (30 labelled)
GP warmup: 20 epochs on initial embeddings
Joint DKL training: 50 epochs
  Epoch 20/50  loss=0.6949
  Epoch 40/50  loss=0.5275
DKL training done in 0.5s
  → 2IRhS-2  gap=1.665 eV  best=5.363 eV  top50=0  top10%=0
Cycle  22: GP refit  (31 labelled)
  → 2P2S3-1  gap=3.272 eV  best=5.363 eV  top50=0  top10%=0
Cycle  23: GP refit  (32 labelled)
  → 2BrClCr-1  gap=2.869 eV  best=5.363 eV  top50=0  top10%=0
Cycle  24: GP refit  (33 labelled)
  → 1SeNb3Br7-1  gap=1.477 eV  best=5.363 eV  top50=0  top10%=0
Cycle  25: GP refit  (34 labelled)
  → 4NiPSe-1  gap=2.021 eV  best=5.363 eV  top50=0  top10%=0
Cycle  26: full DKL retrain  (35 labelled)
GP warmup: 20 epochs on initial embeddings
Joint DKL training: 50 epochs
  Epoch 20/50  loss=0.4682
  Epoch 40/50  loss=0.3571
DKL training done in 0.5s
  → 1BrClCa2S2-1  gap=3.810 eV  best=5.363 eV  top50=0  top10%=0
Cycle  27: GP refit  (36 labelled)
  → 1BrClNi-1  gap=3.508 eV  best=5.363 eV  top50=0  top10%=0
Cycle  28: GP refit  (37 labelled)
  → 1ClCrTe-1  gap=1.108 eV  best=5.363 eV  top50=0  top10%=0
Cycle  29: GP refit  (38 labelled)
  → 1Ta3Br8-1  gap=0.821 eV  best=5.363 eV  top50=0  top10%=0
Cycle  30: GP refit  (39 labelled)
  → 1CdClHS-1  gap=3.853 eV  best=5.363 eV  top50=0  top10%=0
Cycle  31: full DKL retrain  (40 labelled)
GP warmup: 20 epochs on initial embeddings
Joint DKL training: 50 epochs
  Epoch 20/50  loss=0.6573
  Epoch 40/50  loss=0.4985
DKL training done in 0.6s
  → 1IO2V2Br3-1  gap=1.857 eV  best=5.363 eV  top50=0  top10%=0
Cycle  32: GP refit  (41 labelled)
  → 4LiPS2-1  gap=2.290 eV  best=5.363 eV  top50=0  top10%=0
Cycle  33: GP refit  (42 labelled)
  → 2NbOI2-1  gap=1.845 eV  best=5.363 eV  top50=0  top10%=0
Cycle  34: GP refit  (43 labelled)
  → 1ClIY-1  gap=0.773 eV  best=5.363 eV  top50=0  top10%=0
Cycle  35: GP refit  (44 labelled)
  → 1SrBr2-2  gap=5.386 eV  best=5.386 eV  top50=1  top10%=1
Cycle  36: full DKL retrain  (45 labelled)
GP warmup: 20 epochs on initial embeddings
Joint DKL training: 50 epochs
  Epoch 20/50  loss=0.4738
  Epoch 40/50  loss=0.3197
DKL training done in 0.5s
  → 1BrSSb-1  gap=1.838 eV  best=5.386 eV  top50=1  top10%=1
Cycle  37: GP refit  (46 labelled)
  → 2IrO-2  gap=0.230 eV  best=5.386 eV  top50=1  top10%=1
Cycle  38: GP refit  (47 labelled)
  → 2KNOOsF5-1  gap=2.833 eV  best=5.386 eV  top50=1  top10%=1
Cycle  39: GP refit  (48 labelled)
  → 2CoBi2I2O3-1  gap=2.811 eV  best=5.386 eV  top50=1  top10%=1
Cycle  40: GP refit  (49 labelled)
  → 2CoAs2I2O3-1  gap=3.183 eV  best=5.386 eV  top50=1  top10%=1
Cycle  41: full DKL retrain  (50 labelled)
GP warmup: 20 epochs on initial embeddings
Joint DKL training: 50 epochs
  Epoch 20/50  loss=0.3736
  Epoch 40/50  loss=0.2061
DKL training done in 0.5s
  → 1BrClGe2Se2-1  gap=2.697 eV  best=5.386 eV  top50=1  top10%=1
Cycle  42: GP refit  (51 labelled)
  → 1AsB-1  gap=1.188 eV  best=5.386 eV  top50=1  top10%=1
Cycle  43: GP refit  (52 labelled)
  → 2CdClSbO2-1  gap=3.951 eV  best=5.386 eV  top50=1  top10%=1
Cycle  44: GP refit  (53 labelled)
  → 2KNOsSF5-1  gap=2.516 eV  best=5.386 eV  top50=1  top10%=1
Cycle  45: GP refit  (54 labelled)
  → 2NRbRuSCl5-1  gap=1.324 eV  best=5.386 eV  top50=1  top10%=1
Cycle  46: full DKL retrain  (55 labelled)
GP warmup: 20 epochs on initial embeddings
Joint DKL training: 50 epochs
  Epoch 20/50  loss=0.1074
  Epoch 40/50  loss=-0.0708
DKL training done in 0.6s
  → 1ClO2V2Br3-1  gap=1.976 eV  best=5.386 eV  top50=1  top10%=1
Cycle  47: GP refit  (56 labelled)
  → 2CKOOsF5-1  gap=1.831 eV  best=5.386 eV  top50=1  top10%=1
Cycle  48: GP refit  (57 labelled)
  → 1CdHIS-1  gap=2.851 eV  best=5.386 eV  top50=1  top10%=1
Cycle  49: GP refit  (58 labelled)
  → 2CsNOsSF5-1  gap=2.525 eV  best=5.386 eV  top50=1  top10%=1
Cycle  50: GP refit  (59 labelled)
  → 2CsNORuF5-1  gap=3.138 eV  best=5.386 eV  top50=1  top10%=1
Cycle  51: full DKL retrain  (60 labelled)
GP warmup: 20 epochs on initial embeddings
Joint DKL training: 50 epochs
  Epoch 20/50  loss=-0.1533
  Epoch 40/50  loss=-0.3388
DKL training done in 0.4s
  → 1N2O2Zr3-1  gap=0.616 eV  best=5.386 eV  top50=1  top10%=1
Cycle  52: GP refit  (61 labelled)
  → 1AgScP2Se6-1  gap=2.775 eV  best=5.386 eV  top50=1  top10%=1
Cycle  53: GP refit  (62 labelled)
  → 1BP-1  gap=1.362 eV  best=5.386 eV  top50=1  top10%=1
Cycle  54: GP refit  (63 labelled)
  → 2AgCl-7  gap=3.462 eV  best=5.386 eV  top50=1  top10%=1
Cycle  55: GP refit  (64 labelled)
  → 2OW-1  gap=0.132 eV  best=5.386 eV  top50=1  top10%=1
Cycle  56: full DKL retrain  (65 labelled)
GP warmup: 20 epochs on initial embeddings
Joint DKL training: 50 epochs
  Epoch 20/50  loss=0.1374
  Epoch 40/50  loss=-0.0673
DKL training done in 0.7s
  → 2OPb-3  gap=1.090 eV  best=5.386 eV  top50=1  top10%=1
Cycle  57: GP refit  (66 labelled)
  → 1HgS-1  gap=0.724 eV  best=5.386 eV  top50=1  top10%=1
Cycle  58: GP refit  (67 labelled)
  → 2CsNOOsF5-1  gap=2.891 eV  best=5.386 eV  top50=1  top10%=1
Cycle  59: GP refit  (68 labelled)
  → 2PtTeS3-1  gap=1.731 eV  best=5.386 eV  top50=1  top10%=1
Cycle  60: GP refit  (69 labelled)
  → 2KNRuSF5-1  gap=2.625 eV  best=5.386 eV  top50=1  top10%=1
Cycle  61: full DKL retrain  (70 labelled)
GP warmup: 20 epochs on initial embeddings
Joint DKL training: 50 epochs
  Epoch 20/50  loss=0.0963
  Epoch 40/50  loss=-0.0721
DKL training done in 0.6s
  → 1SeNi2S3-1  gap=1.350 eV  best=5.386 eV  top50=1  top10%=1
Cycle  62: GP refit  (71 labelled)
  → 2CsNRuSF5-1  gap=2.579 eV  best=5.386 eV  top50=1  top10%=1
Cycle  63: GP refit  (72 labelled)
  → 1BrGa2Cl5-1  gap=4.579 eV  best=5.386 eV  top50=1  top10%=1
Cycle  64: GP refit  (73 labelled)
  → 1BaClI-1  gap=5.106 eV  best=5.386 eV  top50=1  top10%=2
Cycle  65: GP refit  (74 labelled)
  → 2P2S3-3  gap=3.478 eV  best=5.386 eV  top50=1  top10%=2
Cycle  66: full DKL retrain  (75 labelled)
GP warmup: 20 epochs on initial embeddings
Joint DKL training: 50 epochs
  Epoch 20/50  loss=0.1016
  Epoch 40/50  loss=-0.0710
DKL training done in 0.5s
  → 2BiIn-1  gap=0.138 eV  best=5.386 eV  top50=1  top10%=2
Cycle  67: GP refit  (76 labelled)
  → 1AgMoBr4-1  gap=2.166 eV  best=5.386 eV  top50=1  top10%=2
Cycle  68: GP refit  (77 labelled)
  → 2BiClHgO2-1  gap=3.745 eV  best=5.386 eV  top50=1  top10%=2
Cycle  69: GP refit  (78 labelled)
  → 1OPb-1  gap=2.638 eV  best=5.386 eV  top50=1  top10%=2
Cycle  70: GP refit  (79 labelled)
  → 2AgS-1  gap=1.557 eV  best=5.386 eV  top50=1  top10%=2
Cycle  71: full DKL retrain  (80 labelled)
GP warmup: 20 epochs on initial embeddings
Joint DKL training: 50 epochs
  Epoch 20/50  loss=0.2481
  Epoch 40/50  loss=0.0443
DKL training done in 0.4s
  → 1GeMnCl6-1  gap=2.129 eV  best=5.386 eV  top50=1  top10%=2
Cycle  72: GP refit  (81 labelled)
  → 2AgBr-3  gap=3.092 eV  best=5.386 eV  top50=1  top10%=2
Cycle  73: GP refit  (82 labelled)
  → 1HfZnF6-1  gap=8.573 eV  best=8.573 eV  top50=2  top10%=3
Cycle  74: GP refit  (83 labelled)
  → 4BrCd-1  gap=1.771 eV  best=8.573 eV  top50=2  top10%=3
Cycle  75: GP refit  (84 labelled)
  → 1ONb3Br7-1  gap=1.441 eV  best=8.573 eV  top50=2  top10%=3
Cycle  76: full DKL retrain  (85 labelled)
GP warmup: 20 epochs on initial embeddings
Joint DKL training: 50 epochs
  Epoch 20/50  loss=0.2976
  Epoch 40/50  loss=0.0040
DKL training done in 0.7s
  → 1HfPdCl6-1  gap=2.459 eV  best=8.573 eV  top50=2  top10%=3
Cycle  77: GP refit  (86 labelled)
  → 2CuF-2  gap=0.477 eV  best=8.573 eV  top50=2  top10%=3
Cycle  78: GP refit  (87 labelled)
  → 2HInTeS4-1  gap=2.900 eV  best=8.573 eV  top50=2  top10%=3
Cycle  79: GP refit  (88 labelled)
  → 2AuO-1  gap=0.865 eV  best=8.573 eV  top50=2  top10%=3
Cycle  80: GP refit  (89 labelled)
  → 1AgAlP2S6-1  gap=3.132 eV  best=8.573 eV  top50=2  top10%=3
Cycle  81: full DKL retrain  (90 labelled)
GP warmup: 20 epochs on initial embeddings
Joint DKL training: 50 epochs
  Epoch 20/50  loss=0.1690
  Epoch 40/50  loss=-0.0187
DKL training done in 0.6s
  → 1BrHf2S2Cl3-1  gap=3.424 eV  best=8.573 eV  top50=2  top10%=3
Cycle  82: GP refit  (91 labelled)
  → 1OSTi-1  gap=1.777 eV  best=8.573 eV  top50=2  top10%=3
Cycle  83: GP refit  (92 labelled)
  → 2AlTe-1  gap=2.363 eV  best=8.573 eV  top50=2  top10%=3
Cycle  84: GP refit  (93 labelled)
  → 1CaCl2-2  gap=6.384 eV  best=8.573 eV  top50=3  top10%=4
Cycle  85: GP refit  (94 labelled)
  → 4LiSbS2-1  gap=2.746 eV  best=8.573 eV  top50=3  top10%=4
Cycle  86: full DKL retrain  (95 labelled)
GP warmup: 20 epochs on initial embeddings
Joint DKL training: 50 epochs
  Epoch 20/50  loss=0.0122
  Epoch 40/50  loss=-0.1273
DKL training done in 0.4s
  → 4PPtS-1  gap=2.654 eV  best=8.573 eV  top50=3  top10%=4
Cycle  87: GP refit  (96 labelled)
  → 1FeZrCl6-1  gap=3.545 eV  best=8.573 eV  top50=3  top10%=4
Cycle  88: GP refit  (97 labelled)
  → 1OSn-1  gap=2.218 eV  best=8.573 eV  top50=3  top10%=4
Cycle  89: GP refit  (98 labelled)
  → 4AsLiS2-2  gap=1.883 eV  best=8.573 eV  top50=3  top10%=4
Cycle  90: GP refit  (99 labelled)
  → 4OSn-1  gap=3.719 eV  best=8.573 eV  top50=3  top10%=4
Cycle  91: full DKL retrain  (100 labelled)
GP warmup: 20 epochs on initial embeddings
Joint DKL training: 50 epochs
  Epoch 20/50  loss=-0.2010
  Epoch 40/50  loss=-0.3924
DKL training done in 0.7s
  → 2NbOCl2-1  gap=1.951 eV  best=8.573 eV  top50=3  top10%=4
Cycle  92: GP refit  (101 labelled)
  → 1SeAu2O4-1  gap=1.925 eV  best=8.573 eV  top50=3  top10%=4
Cycle  93: GP refit  (102 labelled)
  → 1FeBr2-3  gap=0.145 eV  best=8.573 eV  top50=3  top10%=4
Cycle  94: GP refit  (103 labelled)
  → 2HNaTe-1  gap=3.492 eV  best=8.573 eV  top50=3  top10%=4
Cycle  95: GP refit  (104 labelled)
  → 1BiFS-1  gap=2.255 eV  best=8.573 eV  top50=3  top10%=4
Cycle  96: full DKL retrain  (105 labelled)
GP warmup: 20 epochs on initial embeddings
Joint DKL training: 50 epochs
  Epoch 20/50  loss=-0.0489
  Epoch 40/50  loss=-0.2377
DKL training done in 0.5s
  → 2HNaSe-1  gap=3.958 eV  best=8.573 eV  top50=3  top10%=4
Cycle  97: GP refit  (106 labelled)
  → 2HNa3S5-1  gap=3.375 eV  best=8.573 eV  top50=3  top10%=4
Cycle  98: GP refit  (107 labelled)
  → 2ZrCl2-1  gap=1.161 eV  best=8.573 eV  top50=3  top10%=4
Cycle  99: GP refit  (108 labelled)
  → 1ONb3Cl7-1  gap=1.594 eV  best=8.573 eV  top50=3  top10%=4
Cycle 100: GP refit  (109 labelled)
  → 2ZrBr2-1  gap=1.140 eV  best=8.573 eV  top50=3  top10%=4
  dkl_finetune/seed7 → best_inwin=2.900 top10=1 top50=13
BOLoop: 766 materials  |  direction=max  |  top-50 internal threshold=5.35  top-10% internal threshold=4.94
Init: 10 random labels  |  best (max) = 5.386
Cycle   1: full DKL retrain  (10 labelled)
GP warmup: 20 epochs on initial embeddings
/home/roy/Desktop/DKL-BO/venv/lib/python3.13/site-packages/torch/_compile.py:54: UserWarning: optimizer contains a parameter group with duplicate parameters; in future, this will cause an error; see github.com/pytorch/pytorch/issues/40967 for more information
  return disable_fn(*args, **kwargs)
Joint DKL training: 50 epochs
  Epoch 20/50  loss=1.7745
  Epoch 40/50  loss=1.6726
DKL training done in 0.4s
  → 2ClIrS-2  gap=2.204 eV  best=5.386 eV  top50=0  top10%=0
Cycle   2: GP refit  (11 labelled)
  → 1ClIrS-1  gap=2.505 eV  best=5.386 eV  top50=0  top10%=0
Cycle   3: GP refit  (12 labelled)
  → 1IrRuS2Br4-1  gap=0.554 eV  best=5.386 eV  top50=0  top10%=0
Cycle   4: GP refit  (13 labelled)
  → 1AlISe-1  gap=2.186 eV  best=5.386 eV  top50=0  top10%=0
Cycle   5: GP refit  (14 labelled)
  → 2RhTaS4-1  gap=1.231 eV  best=5.386 eV  top50=0  top10%=0
Cycle   6: full DKL retrain  (15 labelled)
GP warmup: 20 epochs on initial embeddings
Joint DKL training: 50 epochs
  Epoch 20/50  loss=0.9532
  Epoch 40/50  loss=0.7816
DKL training done in 0.5s
  → 1BiClSe-1  gap=1.509 eV  best=5.386 eV  top50=0  top10%=0
Cycle   7: GP refit  (16 labelled)
  → 4AsNaO2-1  gap=5.635 eV  best=5.635 eV  top50=1  top10%=1
Cycle   8: GP refit  (17 labelled)
  → 1BiClS-1  gap=1.745 eV  best=5.635 eV  top50=1  top10%=1
Cycle   9: GP refit  (18 labelled)
  → 2ClIrSe-2  gap=2.235 eV  best=5.635 eV  top50=1  top10%=1
Cycle  10: GP refit  (19 labelled)
  → 1STa3Br7-1  gap=1.510 eV  best=5.635 eV  top50=1  top10%=1
Cycle  11: full DKL retrain  (20 labelled)
GP warmup: 20 epochs on initial embeddings
Joint DKL training: 50 epochs
  Epoch 20/50  loss=0.8469
  Epoch 40/50  loss=0.6051
DKL training done in 0.4s
  → 1AlGaSe2-1  gap=2.765 eV  best=5.635 eV  top50=1  top10%=1
Cycle  12: GP refit  (21 labelled)
  → 2ClRhSe-1  gap=2.271 eV  best=5.635 eV  top50=1  top10%=1
Cycle  13: GP refit  (22 labelled)
  → 2CoI2Sb2O3-1  gap=3.324 eV  best=5.635 eV  top50=1  top10%=1
Cycle  14: GP refit  (23 labelled)
  → 1Nb3Br8-1  gap=0.985 eV  best=5.635 eV  top50=1  top10%=1
Cycle  15: GP refit  (24 labelled)
  → 4BrCd-1  gap=1.771 eV  best=5.635 eV  top50=1  top10%=1
Cycle  16: full DKL retrain  (25 labelled)
GP warmup: 20 epochs on initial embeddings
Joint DKL training: 50 epochs
  Epoch 20/50  loss=0.2703
  Epoch 40/50  loss=0.1008
DKL training done in 0.6s
  → 1OSTi-1  gap=1.777 eV  best=5.635 eV  top50=1  top10%=1
Cycle  17: GP refit  (26 labelled)
  → 2BaBrF-1  gap=6.128 eV  best=6.128 eV  top50=2  top10%=2
Cycle  18: GP refit  (27 labelled)
  → 2ClRhS-1  gap=2.270 eV  best=6.128 eV  top50=2  top10%=2
Cycle  19: GP refit  (28 labelled)
  → 2GaSe-7  gap=0.809 eV  best=6.128 eV  top50=2  top10%=2
Cycle  20: GP refit  (29 labelled)
  → 2NRbRuSCl5-1  gap=1.324 eV  best=6.128 eV  top50=2  top10%=2
Cycle  21: full DKL retrain  (30 labelled)
GP warmup: 20 epochs on initial embeddings
Joint DKL training: 50 epochs
  Epoch 20/50  loss=0.6060
  Epoch 40/50  loss=0.5120
DKL training done in 0.4s
  → 1SeTa3Cl7-1  gap=1.582 eV  best=6.128 eV  top50=2  top10%=2
Cycle  22: GP refit  (31 labelled)
  → 1BiFSe-1  gap=1.981 eV  best=6.128 eV  top50=2  top10%=2
Cycle  23: GP refit  (32 labelled)
  → 1MgBr2-3  gap=4.662 eV  best=6.128 eV  top50=2  top10%=2
Cycle  24: GP refit  (33 labelled)
  → 2FRhTe-1  gap=2.115 eV  best=6.128 eV  top50=2  top10%=2
Cycle  25: GP refit  (34 labelled)
  → 4OSb2Se2-1  gap=2.083 eV  best=6.128 eV  top50=2  top10%=2
Cycle  26: full DKL retrain  (35 labelled)
GP warmup: 20 epochs on initial embeddings
Joint DKL training: 50 epochs
  Epoch 20/50  loss=0.6118
  Epoch 40/50  loss=0.4624
DKL training done in 1.1s
  → 1BrHf2S2Cl3-1  gap=3.424 eV  best=6.128 eV  top50=2  top10%=2
Cycle  27: GP refit  (36 labelled)
  → 2CsNRuSF5-1  gap=2.579 eV  best=6.128 eV  top50=2  top10%=2
Cycle  28: GP refit  (37 labelled)
  → 1TeNb3F7-1  gap=1.719 eV  best=6.128 eV  top50=2  top10%=2
Cycle  29: GP refit  (38 labelled)
  → 1LiNbBr6-1  gap=2.937 eV  best=6.128 eV  top50=2  top10%=2
Cycle  30: GP refit  (39 labelled)
  → 2AgCl-7  gap=3.462 eV  best=6.128 eV  top50=2  top10%=2
Cycle  31: full DKL retrain  (40 labelled)
GP warmup: 20 epochs on initial embeddings
Joint DKL training: 50 epochs
  Epoch 20/50  loss=0.2430
  Epoch 40/50  loss=0.0826
DKL training done in 1.4s
  → 2SSc-4  gap=0.981 eV  best=6.128 eV  top50=2  top10%=2
Cycle  32: GP refit  (41 labelled)
  → 2ClNbO2-1  gap=4.453 eV  best=6.128 eV  top50=2  top10%=2
Cycle  33: GP refit  (42 labelled)
  → 1ClHfI-1  gap=1.295 eV  best=6.128 eV  top50=2  top10%=2
Cycle  34: GP refit  (43 labelled)
  → 2STl-2  gap=1.159 eV  best=6.128 eV  top50=2  top10%=2
Cycle  35: GP refit  (44 labelled)
  → 2BrNbO2-1  gap=3.469 eV  best=6.128 eV  top50=2  top10%=2
Cycle  36: full DKL retrain  (45 labelled)
GP warmup: 20 epochs on initial embeddings
Joint DKL training: 50 epochs
  Epoch 20/50  loss=0.5665
  Epoch 40/50  loss=0.3944
DKL training done in 0.8s
  → 1N2O2Zr3-1  gap=0.616 eV  best=6.128 eV  top50=2  top10%=2
Cycle  37: GP refit  (46 labelled)
  → 1HfCl2-1  gap=1.471 eV  best=6.128 eV  top50=2  top10%=2
Cycle  38: GP refit  (47 labelled)
  → 1OVBr2-1  gap=3.019 eV  best=6.128 eV  top50=2  top10%=2
Cycle  39: GP refit  (48 labelled)
  → 1TiF2-1  gap=2.096 eV  best=6.128 eV  top50=2  top10%=2
Cycle  40: GP refit  (49 labelled)
  → 2NbOCl2-1  gap=1.951 eV  best=6.128 eV  top50=2  top10%=2
Cycle  41: full DKL retrain  (50 labelled)
GP warmup: 20 epochs on initial embeddings
Joint DKL training: 50 epochs
  Epoch 20/50  loss=0.2637
  Epoch 40/50  loss=0.1210
DKL training done in 0.6s
  → 1BrClI2O2V2-1  gap=2.590 eV  best=6.128 eV  top50=2  top10%=2
Cycle  42: GP refit  (51 labelled)
  → 4AgCl2-1  gap=0.971 eV  best=6.128 eV  top50=2  top10%=2
Cycle  43: GP refit  (52 labelled)
  → 2CuF-2  gap=0.477 eV  best=6.128 eV  top50=2  top10%=2
Cycle  44: GP refit  (53 labelled)
  → 2CoAs2I2O3-1  gap=3.183 eV  best=6.128 eV  top50=2  top10%=2
Cycle  45: GP refit  (54 labelled)
  → 1BP-1  gap=1.362 eV  best=6.128 eV  top50=2  top10%=2
Cycle  46: full DKL retrain  (55 labelled)
GP warmup: 20 epochs on initial embeddings
Joint DKL training: 50 epochs
  Epoch 20/50  loss=0.3907
  Epoch 40/50  loss=0.2047
DKL training done in 0.5s
  → 2BrClCr-1  gap=2.869 eV  best=6.128 eV  top50=2  top10%=2
Cycle  47: GP refit  (56 labelled)
  → 2NOsRbSCl5-1  gap=1.486 eV  best=6.128 eV  top50=2  top10%=2
Cycle  48: GP refit  (57 labelled)
  → 1ClIY-1  gap=0.773 eV  best=6.128 eV  top50=2  top10%=2
Cycle  49: GP refit  (58 labelled)
  → 2BrCaF-1  gap=6.385 eV  best=6.385 eV  top50=3  top10%=3
Cycle  50: GP refit  (59 labelled)
  → 4AuF2-1  gap=1.286 eV  best=6.385 eV  top50=3  top10%=3
Cycle  51: full DKL retrain  (60 labelled)
GP warmup: 20 epochs on initial embeddings
Joint DKL training: 50 epochs
  Epoch 20/50  loss=0.7340
  Epoch 40/50  loss=0.4683
DKL training done in 0.5s
  → 2IrS-3  gap=0.713 eV  best=6.385 eV  top50=3  top10%=3
Cycle  52: GP refit  (61 labelled)
  → 1InN-1  gap=1.565 eV  best=6.385 eV  top50=3  top10%=3
Cycle  53: GP refit  (62 labelled)
  → 1CdClHS-1  gap=3.853 eV  best=6.385 eV  top50=3  top10%=3
Cycle  54: GP refit  (63 labelled)
  → 2NOOsRbCl5-1  gap=1.751 eV  best=6.385 eV  top50=3  top10%=3
Cycle  55: GP refit  (64 labelled)
  → 1PbCl2-2  gap=3.856 eV  best=6.385 eV  top50=3  top10%=3
Cycle  56: full DKL retrain  (65 labelled)
GP warmup: 20 epochs on initial embeddings
Joint DKL training: 50 epochs
  Epoch 20/50  loss=0.4582
  Epoch 40/50  loss=0.2953
DKL training done in 0.5s
  → 1OTa3Cl7-1  gap=1.569 eV  best=6.385 eV  top50=3  top10%=3
Cycle  57: GP refit  (66 labelled)
  → 2OsO2-1  gap=1.005 eV  best=6.385 eV  top50=3  top10%=3
Cycle  58: GP refit  (67 labelled)
  → 2ClScBr2-1  gap=4.935 eV  best=6.385 eV  top50=3  top10%=3
Cycle  59: GP refit  (68 labelled)
  → 1OVI2-1  gap=1.849 eV  best=6.385 eV  top50=3  top10%=3
Cycle  60: GP refit  (69 labelled)
  → 4PPdSe-1  gap=1.963 eV  best=6.385 eV  top50=3  top10%=3
Cycle  61: full DKL retrain  (70 labelled)
GP warmup: 20 epochs on initial embeddings
Joint DKL training: 50 epochs
  Epoch 20/50  loss=0.5045
  Epoch 40/50  loss=0.3141
DKL training done in 0.6s
  → 1IO2V2Br3-1  gap=1.857 eV  best=6.385 eV  top50=3  top10%=3
Cycle  62: GP refit  (71 labelled)
  → 1MoOTe-1  gap=0.867 eV  best=6.385 eV  top50=3  top10%=3
Cycle  63: GP refit  (72 labelled)
  → 2AgF-3  gap=2.475 eV  best=6.385 eV  top50=3  top10%=3
Cycle  64: GP refit  (73 labelled)
  → 2KNOOsF5-1  gap=2.833 eV  best=6.385 eV  top50=3  top10%=3
Cycle  65: GP refit  (74 labelled)
  → 1FeHfI6-1  gap=2.795 eV  best=6.385 eV  top50=3  top10%=3
Cycle  66: full DKL retrain  (75 labelled)
GP warmup: 20 epochs on initial embeddings
Joint DKL training: 50 epochs
  Epoch 20/50  loss=0.1895
  Epoch 40/50  loss=0.0521
DKL training done in 0.5s
  → 1AlN-1  gap=4.048 eV  best=6.385 eV  top50=3  top10%=3
Cycle  67: GP refit  (76 labelled)
  → 1STa3F7-1  gap=1.799 eV  best=6.385 eV  top50=3  top10%=3
Cycle  68: GP refit  (77 labelled)
  → 1BrCdI-1  gap=3.053 eV  best=6.385 eV  top50=3  top10%=3
Cycle  69: GP refit  (78 labelled)
  → 1HgI2-4  gap=1.370 eV  best=6.385 eV  top50=3  top10%=3
Cycle  70: GP refit  (79 labelled)
  → 1BrGa2Cl5-1  gap=4.579 eV  best=6.385 eV  top50=3  top10%=3
Cycle  71: full DKL retrain  (80 labelled)
GP warmup: 20 epochs on initial embeddings
Joint DKL training: 50 epochs
  Epoch 20/50  loss=0.1628
  Epoch 40/50  loss=0.0169
DKL training done in 0.6s
  → 1SCu2O4-1  gap=3.842 eV  best=6.385 eV  top50=3  top10%=3
Cycle  72: GP refit  (81 labelled)
  → 1BiISe-1  gap=1.216 eV  best=6.385 eV  top50=3  top10%=3
Cycle  73: GP refit  (82 labelled)
  → 4OBi2Se2-1  gap=1.736 eV  best=6.385 eV  top50=3  top10%=3
Cycle  74: GP refit  (83 labelled)
  → 1HfNiCl6-1  gap=4.523 eV  best=6.385 eV  top50=3  top10%=3
Cycle  75: GP refit  (84 labelled)
  → 1FeHfCl6-1  gap=3.810 eV  best=6.385 eV  top50=3  top10%=3
Cycle  76: full DKL retrain  (85 labelled)
GP warmup: 20 epochs on initial embeddings
Joint DKL training: 50 epochs
  Epoch 20/50  loss=0.1577
  Epoch 40/50  loss=0.0067
DKL training done in 0.5s
  → 2FIrSe-1  gap=2.172 eV  best=6.385 eV  top50=3  top10%=3
Cycle  77: GP refit  (86 labelled)
  → 2NOOsRbF5-1  gap=2.864 eV  best=6.385 eV  top50=3  top10%=3
Cycle  78: GP refit  (87 labelled)
  → 2NRbO3-1  gap=5.286 eV  best=6.385 eV  top50=3  top10%=4
Cycle  79: GP refit  (88 labelled)
  → 2CoBi2I2O3-1  gap=2.811 eV  best=6.385 eV  top50=3  top10%=4
Cycle  80: GP refit  (89 labelled)
  → 2AuCl-4  gap=0.777 eV  best=6.385 eV  top50=3  top10%=4
Cycle  81: full DKL retrain  (90 labelled)
GP warmup: 20 epochs on initial embeddings
Joint DKL training: 50 epochs
  Epoch 20/50  loss=0.0232
  Epoch 40/50  loss=-0.1180
DKL training done in 0.6s
  → 1CSiF2-1  gap=3.306 eV  best=6.385 eV  top50=3  top10%=4
Cycle  82: GP refit  (91 labelled)
  → 2FRhSe-1  gap=2.223 eV  best=6.385 eV  top50=3  top10%=4
Cycle  83: GP refit  (92 labelled)
  → 1PbTe-1  gap=1.500 eV  best=6.385 eV  top50=3  top10%=4
Cycle  84: GP refit  (93 labelled)
  → 1FeZrCl6-1  gap=3.545 eV  best=6.385 eV  top50=3  top10%=4
Cycle  85: GP refit  (94 labelled)
  → 1NiZrI6-1  gap=2.561 eV  best=6.385 eV  top50=3  top10%=4
Cycle  86: full DKL retrain  (95 labelled)
GP warmup: 20 epochs on initial embeddings
Joint DKL training: 50 epochs
  Epoch 20/50  loss=-0.1469
  Epoch 40/50  loss=-0.2985
DKL training done in 0.6s
  → 2FIrS-2  gap=2.104 eV  best=6.385 eV  top50=3  top10%=4
Cycle  87: GP refit  (96 labelled)
  → 1C2O2Hf3-1  gap=0.917 eV  best=6.385 eV  top50=3  top10%=4
Cycle  88: GP refit  (97 labelled)
  → 1GeMnCl6-1  gap=2.129 eV  best=6.385 eV  top50=3  top10%=4
Cycle  89: GP refit  (98 labelled)
  → 1FeHfBr6-1  gap=3.395 eV  best=6.385 eV  top50=3  top10%=4
Cycle  90: GP refit  (99 labelled)
  → 1ScCl2-1  gap=0.736 eV  best=6.385 eV  top50=3  top10%=4
Cycle  91: full DKL retrain  (100 labelled)
GP warmup: 20 epochs on initial embeddings
Joint DKL training: 50 epochs
  Epoch 20/50  loss=0.0035
  Epoch 40/50  loss=-0.1503
DKL training done in 0.6s
  → 1ScO2-2  gap=3.769 eV  best=6.385 eV  top50=3  top10%=4
Cycle  92: GP refit  (101 labelled)
  → 1OVCl2-1  gap=3.144 eV  best=6.385 eV  top50=3  top10%=4
Cycle  93: GP refit  (102 labelled)
  → 1BrIV-1  gap=3.500 eV  best=6.385 eV  top50=3  top10%=4
Cycle  94: GP refit  (103 labelled)
  → 1ClO2V2Br3-1  gap=1.976 eV  best=6.385 eV  top50=3  top10%=4
Cycle  95: GP refit  (104 labelled)
  → 2FRhS-1  gap=2.175 eV  best=6.385 eV  top50=3  top10%=4
Cycle  96: full DKL retrain  (105 labelled)
GP warmup: 20 epochs on initial embeddings
Joint DKL training: 50 epochs
  Epoch 20/50  loss=-0.0120
  Epoch 40/50  loss=-0.1486
DKL training done in 0.6s
  → 2BiCdClO2-1  gap=4.073 eV  best=6.385 eV  top50=3  top10%=4
Cycle  97: GP refit  (106 labelled)
  → 1ZnCl2-3  gap=4.718 eV  best=6.385 eV  top50=3  top10%=4
Cycle  98: GP refit  (107 labelled)
  → 2BiCdIO2-1  gap=2.598 eV  best=6.385 eV  top50=3  top10%=4
Cycle  99: GP refit  (108 labelled)
  → 2CoHS2-1  gap=1.204 eV  best=6.385 eV  top50=3  top10%=4
Cycle 100: GP refit  (109 labelled)
  → 1FeZrI6-1  gap=2.598 eV  best=6.385 eV  top50=3  top10%=4
  dkl_finetune/seed8 → best_inwin=2.937 top10=1 top50=8
BOLoop: 766 materials  |  direction=max  |  top-50 internal threshold=5.35  top-10% internal threshold=4.94
Init: 10 random labels  |  best (max) = 2.795
Cycle   1: full DKL retrain  (10 labelled)
GP warmup: 20 epochs on initial embeddings
/home/roy/Desktop/DKL-BO/venv/lib/python3.13/site-packages/torch/_compile.py:54: UserWarning: optimizer contains a parameter group with duplicate parameters; in future, this will cause an error; see github.com/pytorch/pytorch/issues/40967 for more information
  return disable_fn(*args, **kwargs)
Joint DKL training: 50 epochs
  Epoch 20/50  loss=1.0782
  Epoch 40/50  loss=0.9903
DKL training done in 0.5s
  → 1FeZrI6-1  gap=2.598 eV  best=2.795 eV  top50=0  top10%=0
Cycle   2: GP refit  (11 labelled)
  → 1CaI2-2  gap=4.063 eV  best=4.063 eV  top50=0  top10%=0
Cycle   3: GP refit  (12 labelled)
  → 2CsNRuSF5-1  gap=2.579 eV  best=4.063 eV  top50=0  top10%=0
Cycle   4: GP refit  (13 labelled)
  → 2CsNORuF5-1  gap=3.138 eV  best=4.063 eV  top50=0  top10%=0
Cycle   5: GP refit  (14 labelled)
  → 1NiZrI6-1  gap=2.561 eV  best=4.063 eV  top50=0  top10%=0
Cycle   6: full DKL retrain  (15 labelled)
GP warmup: 20 epochs on initial embeddings
Joint DKL training: 50 epochs
  Epoch 20/50  loss=0.4052
  Epoch 40/50  loss=0.2821
DKL training done in 0.5s
  → 2CsNOOsF5-1  gap=2.891 eV  best=4.063 eV  top50=0  top10%=0
Cycle   7: GP refit  (16 labelled)
  → 1Nb3I8-1  gap=0.824 eV  best=4.063 eV  top50=0  top10%=0
Cycle   8: GP refit  (17 labelled)
  → 1HfMnI6-1  gap=2.788 eV  best=4.063 eV  top50=0  top10%=0
Cycle   9: GP refit  (18 labelled)
  → 1MnZrI6-1  gap=2.559 eV  best=4.063 eV  top50=0  top10%=0
Cycle  10: GP refit  (19 labelled)
  → 1BiClS-2  gap=2.271 eV  best=4.063 eV  top50=0  top10%=0
Cycle  11: full DKL retrain  (20 labelled)
GP warmup: 20 epochs on initial embeddings
Joint DKL training: 50 epochs
  Epoch 20/50  loss=0.1062
  Epoch 40/50  loss=-0.5174
DKL training done in 0.5s
  → 2NORbRuF5-1  gap=3.120 eV  best=4.063 eV  top50=0  top10%=0
Cycle  12: GP refit  (21 labelled)
  → 2NOOsRbF5-1  gap=2.864 eV  best=4.063 eV  top50=0  top10%=0
Cycle  13: GP refit  (22 labelled)
  → 2BiFHgO2-1  gap=3.344 eV  best=4.063 eV  top50=0  top10%=0
Cycle  14: GP refit  (23 labelled)
  → 2KNOOsF5-1  gap=2.833 eV  best=4.063 eV  top50=0  top10%=0
Cycle  15: GP refit  (24 labelled)
  → 2CoI2Sb2O3-1  gap=3.324 eV  best=4.063 eV  top50=0  top10%=0
Cycle  16: full DKL retrain  (25 labelled)
GP warmup: 20 epochs on initial embeddings
Joint DKL training: 50 epochs
  Epoch 20/50  loss=-0.6716
  Epoch 40/50  loss=-1.1949
DKL training done in 0.5s
  → 1GeO-1  gap=2.811 eV  best=4.063 eV  top50=0  top10%=0
Cycle  17: GP refit  (26 labelled)
  → 1AsClTe-2  gap=1.824 eV  best=4.063 eV  top50=0  top10%=0
Cycle  18: GP refit  (27 labelled)
  → 2CKOOsF5-1  gap=1.831 eV  best=4.063 eV  top50=0  top10%=0
Cycle  19: GP refit  (28 labelled)
  → 1ZnI2-3  gap=1.644 eV  best=4.063 eV  top50=0  top10%=0
Cycle  20: GP refit  (29 labelled)
  → 1SeHf2I5-1  gap=0.972 eV  best=4.063 eV  top50=0  top10%=0
Cycle  21: full DKL retrain  (30 labelled)
GP warmup: 20 epochs on initial embeddings
Joint DKL training: 50 epochs
  Epoch 20/50  loss=1.9221
  Epoch 40/50  loss=-0.2770
DKL training done in 0.5s
  → 2AlHSeO4-1  gap=6.063 eV  best=6.063 eV  top50=1  top10%=1
Cycle  22: GP refit  (31 labelled)
  → 2NRbRuSF5-1  gap=2.622 eV  best=6.063 eV  top50=1  top10%=1
Cycle  23: GP refit  (32 labelled)
  → 2ClMnSbS2-2  gap=1.242 eV  best=6.063 eV  top50=1  top10%=1
Cycle  24: GP refit  (33 labelled)
  → 2KNRuSF5-1  gap=2.625 eV  best=6.063 eV  top50=1  top10%=1
Cycle  25: GP refit  (34 labelled)
  → 2NOsRbSF5-1  gap=2.520 eV  best=6.063 eV  top50=1  top10%=1
Cycle  26: full DKL retrain  (35 labelled)
GP warmup: 20 epochs on initial embeddings
Joint DKL training: 50 epochs
  Epoch 20/50  loss=0.4967
  Epoch 40/50  loss=0.0596
DKL training done in 0.5s
  → 4LiPS2-1  gap=2.290 eV  best=6.063 eV  top50=1  top10%=1
Cycle  27: GP refit  (36 labelled)
  → 1BrClS4I6In8-1  gap=1.965 eV  best=6.063 eV  top50=1  top10%=1
Cycle  28: GP refit  (37 labelled)
  → 1BiClTe-2  gap=1.151 eV  best=6.063 eV  top50=1  top10%=1
Cycle  29: GP refit  (38 labelled)
  → 2HLiS-1  gap=5.028 eV  best=6.063 eV  top50=1  top10%=2
Cycle  30: GP refit  (39 labelled)
  → 1CaBr2-2  gap=5.515 eV  best=6.063 eV  top50=2  top10%=3
Cycle  31: full DKL retrain  (40 labelled)
GP warmup: 20 epochs on initial embeddings
Joint DKL training: 50 epochs
  Epoch 20/50  loss=0.3720
  Epoch 40/50  loss=0.1377
DKL training done in 0.5s
  → 2PdSeO3-1  gap=2.663 eV  best=6.063 eV  top50=2  top10%=3
Cycle  32: GP refit  (41 labelled)
  → 2NRbRuSCl5-1  gap=1.324 eV  best=6.063 eV  top50=2  top10%=3
Cycle  33: GP refit  (42 labelled)
  → 2KNbF6-1  gap=8.177 eV  best=8.177 eV  top50=3  top10%=4
Cycle  34: GP refit  (43 labelled)
  → 1SnCl2-2  gap=3.537 eV  best=8.177 eV  top50=3  top10%=4
Cycle  35: GP refit  (44 labelled)
  → 4AsLiS2-2  gap=1.883 eV  best=8.177 eV  top50=3  top10%=4
Cycle  36: full DKL retrain  (45 labelled)
GP warmup: 20 epochs on initial embeddings
Joint DKL training: 50 epochs
  Epoch 20/50  loss=1.2001
  Epoch 40/50  loss=0.3430
DKL training done in 0.6s
  → 2CuF-2  gap=0.477 eV  best=8.177 eV  top50=3  top10%=4
Cycle  37: GP refit  (46 labelled)
  → 2INbO2-1  gap=2.295 eV  best=8.177 eV  top50=3  top10%=4
Cycle  38: GP refit  (47 labelled)
  → 1SCu2O4-1  gap=3.842 eV  best=8.177 eV  top50=3  top10%=4
Cycle  39: GP refit  (48 labelled)
  → 2KNOsSF5-1  gap=2.516 eV  best=8.177 eV  top50=3  top10%=4
Cycle  40: GP refit  (49 labelled)
  → 1AgMoBr4-1  gap=2.166 eV  best=8.177 eV  top50=3  top10%=4
Cycle  41: full DKL retrain  (50 labelled)
GP warmup: 20 epochs on initial embeddings
Joint DKL training: 50 epochs
  Epoch 20/50  loss=0.5658
  Epoch 40/50  loss=0.2607
DKL training done in 0.5s
  → 1CrHS2-1  gap=2.800 eV  best=8.177 eV  top50=3  top10%=4
Cycle  42: GP refit  (51 labelled)
  → 1AsBrS-2  gap=2.077 eV  best=8.177 eV  top50=3  top10%=4
Cycle  43: GP refit  (52 labelled)
  → 4NaSbS2-2  gap=2.102 eV  best=8.177 eV  top50=3  top10%=4
Cycle  44: GP refit  (53 labelled)
  → 1TeNb3F7-1  gap=1.719 eV  best=8.177 eV  top50=3  top10%=4
Cycle  45: GP refit  (54 labelled)
  → 1PbCl2-2  gap=3.856 eV  best=8.177 eV  top50=3  top10%=4
Cycle  46: full DKL retrain  (55 labelled)
GP warmup: 20 epochs on initial embeddings
Joint DKL training: 50 epochs
  Epoch 20/50  loss=0.2194
  Epoch 40/50  loss=-0.0608
DKL training done in 0.5s
  → 2BrNbO2-1  gap=3.469 eV  best=8.177 eV  top50=3  top10%=4
Cycle  47: GP refit  (56 labelled)
  → 1SeTa3F7-1  gap=1.735 eV  best=8.177 eV  top50=3  top10%=4
Cycle  48: GP refit  (57 labelled)
  → 2FISr-1  gap=5.171 eV  best=8.177 eV  top50=3  top10%=5
Cycle  49: GP refit  (58 labelled)
  → 1BP-1  gap=1.362 eV  best=8.177 eV  top50=3  top10%=5
Cycle  50: GP refit  (59 labelled)
  → 2KNORuCl5-1  gap=1.558 eV  best=8.177 eV  top50=3  top10%=5
Cycle  51: full DKL retrain  (60 labelled)
GP warmup: 20 epochs on initial embeddings
Joint DKL training: 50 epochs
  Epoch 20/50  loss=0.4029
  Epoch 40/50  loss=0.1773
DKL training done in 0.5s
  → 1FeHfCl6-1  gap=3.810 eV  best=8.177 eV  top50=3  top10%=5
Cycle  52: GP refit  (61 labelled)
  → 1AsClS-2  gap=2.443 eV  best=8.177 eV  top50=3  top10%=5
Cycle  53: GP refit  (62 labelled)
  → 1ZnBr2-3  gap=3.449 eV  best=8.177 eV  top50=3  top10%=5
Cycle  54: GP refit  (63 labelled)
  → 1SnBr2S2-1  gap=1.490 eV  best=8.177 eV  top50=3  top10%=5
Cycle  55: GP refit  (64 labelled)
  → 1FeZrCl6-1  gap=3.545 eV  best=8.177 eV  top50=3  top10%=5
Cycle  56: full DKL retrain  (65 labelled)
GP warmup: 20 epochs on initial embeddings
Joint DKL training: 50 epochs
  Epoch 20/50  loss=0.2257
  Epoch 40/50  loss=0.0104
DKL training done in 0.5s
  → 1GeCl2-2  gap=3.875 eV  best=8.177 eV  top50=3  top10%=5
Cycle  57: GP refit  (66 labelled)
  → 2P2S3-1  gap=3.272 eV  best=8.177 eV  top50=3  top10%=5
Cycle  58: GP refit  (67 labelled)
  → 1MgBr2-3  gap=4.662 eV  best=8.177 eV  top50=3  top10%=5
Cycle  59: GP refit  (68 labelled)
  → 1YBr2-1  gap=0.901 eV  best=8.177 eV  top50=3  top10%=5
Cycle  60: GP refit  (69 labelled)
  → 4OSb2Se2-1  gap=2.083 eV  best=8.177 eV  top50=3  top10%=5
Cycle  61: full DKL retrain  (70 labelled)
GP warmup: 20 epochs on initial embeddings
Joint DKL training: 50 epochs
  Epoch 20/50  loss=0.3636
  Epoch 40/50  loss=0.1144
DKL training done in 0.5s
  → 1HgO-1  gap=0.025 eV  best=8.177 eV  top50=3  top10%=5
Cycle  62: GP refit  (71 labelled)
  → 2OPb-1  gap=3.463 eV  best=8.177 eV  top50=3  top10%=5
Cycle  63: GP refit  (72 labelled)
  → 1OPb-1  gap=2.638 eV  best=8.177 eV  top50=3  top10%=5
Cycle  64: GP refit  (73 labelled)
  → 4OPb-1  gap=3.731 eV  best=8.177 eV  top50=3  top10%=5
Cycle  65: GP refit  (74 labelled)
  → 2AgAuCl4-1  gap=2.332 eV  best=8.177 eV  top50=3  top10%=5
Cycle  66: full DKL retrain  (75 labelled)
GP warmup: 20 epochs on initial embeddings
Joint DKL training: 50 epochs
  Epoch 20/50  loss=0.3197
  Epoch 40/50  loss=0.1511
DKL training done in 0.6s
  → 2InO-2  gap=0.920 eV  best=8.177 eV  top50=3  top10%=5
Cycle  67: GP refit  (76 labelled)
  → 2TiCl2-1  gap=0.997 eV  best=8.177 eV  top50=3  top10%=5
Cycle  68: GP refit  (77 labelled)
  → 1CrS2-1  gap=1.351 eV  best=8.177 eV  top50=3  top10%=5
Cycle  69: GP refit  (78 labelled)
  → 1BrSSb-1  gap=1.838 eV  best=8.177 eV  top50=3  top10%=5
Cycle  70: GP refit  (79 labelled)
  → 1GeMnCl6-1  gap=2.129 eV  best=8.177 eV  top50=3  top10%=5
Cycle  71: full DKL retrain  (80 labelled)
GP warmup: 20 epochs on initial embeddings
Joint DKL training: 50 epochs
  Epoch 20/50  loss=0.1673
  Epoch 40/50  loss=0.0006
DKL training done in 0.6s
  → 1GeBr2-2  gap=3.333 eV  best=8.177 eV  top50=3  top10%=5
Cycle  72: GP refit  (81 labelled)
  → 1AsClSe-2  gap=2.371 eV  best=8.177 eV  top50=3  top10%=5
Cycle  73: GP refit  (82 labelled)
  → 1SnBr2-2  gap=3.220 eV  best=8.177 eV  top50=3  top10%=5
Cycle  74: GP refit  (83 labelled)
  → 2CoHS2-1  gap=1.204 eV  best=8.177 eV  top50=3  top10%=5
Cycle  75: GP refit  (84 labelled)
  → 1BrISCd2-1  gap=1.715 eV  best=8.177 eV  top50=3  top10%=5
Cycle  76: full DKL retrain  (85 labelled)
GP warmup: 20 epochs on initial embeddings
Joint DKL training: 50 epochs
  Epoch 20/50  loss=-0.1192
  Epoch 40/50  loss=-0.3298
DKL training done in 0.5s
  → 1MgI2-3  gap=3.448 eV  best=8.177 eV  top50=3  top10%=5
Cycle  77: GP refit  (86 labelled)
  → 1OBi2S2-1  gap=1.179 eV  best=8.177 eV  top50=3  top10%=5
Cycle  78: GP refit  (87 labelled)
  → 1AsIn-1  gap=1.234 eV  best=8.177 eV  top50=3  top10%=5
Cycle  79: GP refit  (88 labelled)
  → 1MoO2-1  gap=1.651 eV  best=8.177 eV  top50=3  top10%=5
Cycle  80: GP refit  (89 labelled)
  → 1BrGa2Cl5-1  gap=4.579 eV  best=8.177 eV  top50=3  top10%=5
Cycle  81: full DKL retrain  (90 labelled)
GP warmup: 20 epochs on initial embeddings
Joint DKL training: 50 epochs
  Epoch 20/50  loss=0.1313
  Epoch 40/50  loss=-0.0840
DKL training done in 0.6s
  → 1CdHIS-1  gap=2.851 eV  best=8.177 eV  top50=3  top10%=5
Cycle  82: GP refit  (91 labelled)
  → 1ClO2V2Br3-1  gap=1.976 eV  best=8.177 eV  top50=3  top10%=5
Cycle  83: GP refit  (92 labelled)
  → 4BrCd-1  gap=1.771 eV  best=8.177 eV  top50=3  top10%=5
Cycle  84: GP refit  (93 labelled)
  → 2P2Se3-2  gap=2.700 eV  best=8.177 eV  top50=3  top10%=5
Cycle  85: GP refit  (94 labelled)
  → 1CoNaP2S6-1  gap=1.851 eV  best=8.177 eV  top50=3  top10%=5
Cycle  86: full DKL retrain  (95 labelled)
GP warmup: 20 epochs on initial embeddings
Joint DKL training: 50 epochs
  Epoch 20/50  loss=-0.4335
  Epoch 40/50  loss=-0.5706
DKL training done in 0.5s
  → 1ClIMg-1  gap=3.815 eV  best=8.177 eV  top50=3  top10%=5
Cycle  87: GP refit  (96 labelled)
  → 2CKO3-1  gap=2.692 eV  best=8.177 eV  top50=3  top10%=5
Cycle  88: GP refit  (97 labelled)
  → 1HfCl2-1  gap=1.471 eV  best=8.177 eV  top50=3  top10%=5
Cycle  89: GP refit  (98 labelled)
  → 2ClYO2-1  gap=1.184 eV  best=8.177 eV  top50=3  top10%=5
Cycle  90: GP refit  (99 labelled)
  → 2CRbO3-1  gap=2.673 eV  best=8.177 eV  top50=3  top10%=5
Cycle  91: full DKL retrain  (100 labelled)
GP warmup: 20 epochs on initial embeddings
Joint DKL training: 50 epochs
  Epoch 20/50  loss=-0.2703
  Epoch 40/50  loss=-0.4373
DKL training done in 0.6s
  → 1WAu2Se4-1  gap=1.415 eV  best=8.177 eV  top50=3  top10%=5
Cycle  92: GP refit  (101 labelled)
  → 1CdGeSSeBr2-1  gap=1.544 eV  best=8.177 eV  top50=3  top10%=5
Cycle  93: GP refit  (102 labelled)
  → 2ClIn-5  gap=2.997 eV  best=8.177 eV  top50=3  top10%=5
Cycle  94: GP refit  (103 labelled)
  → 2BiO-1  gap=1.042 eV  best=8.177 eV  top50=3  top10%=5
Cycle  95: GP refit  (104 labelled)
  → 1IPd2Cl5-1  gap=1.393 eV  best=8.177 eV  top50=3  top10%=5
Cycle  96: full DKL retrain  (105 labelled)
GP warmup: 20 epochs on initial embeddings
Joint DKL training: 50 epochs
  Epoch 20/50  loss=-0.1078
  Epoch 40/50  loss=-0.2804
DKL training done in 0.6s
  → 1BrClNi-1  gap=3.508 eV  best=8.177 eV  top50=3  top10%=5
Cycle  97: GP refit  (106 labelled)
  → 1CdClHS-1  gap=3.853 eV  best=8.177 eV  top50=3  top10%=5
Cycle  98: GP refit  (107 labelled)
  → 2MoO3-1  gap=3.738 eV  best=8.177 eV  top50=3  top10%=5
Cycle  99: GP refit  (108 labelled)
  → 1ClSSb-2  gap=2.321 eV  best=8.177 eV  top50=3  top10%=5
Cycle 100: GP refit  (109 labelled)
  → 2NbOCl2-1  gap=1.951 eV  best=8.177 eV  top50=3  top10%=5
  dkl_finetune/seed9 → best_inwin=2.997 top10=1 top50=16
BOLoop: 766 materials  |  direction=max  |  top-50 internal threshold=5.35  top-10% internal threshold=4.94
Init: 10 random labels  |  best (max) = 5.105
Cycle   1: full DKL retrain  (10 labelled)
GP warmup: 20 epochs on initial embeddings
/home/roy/Desktop/DKL-BO/venv/lib/python3.13/site-packages/torch/_compile.py:54: UserWarning: optimizer contains a parameter group with duplicate parameters; in future, this will cause an error; see github.com/pytorch/pytorch/issues/40967 for more information
  return disable_fn(*args, **kwargs)
Joint DKL training: 50 epochs
  Epoch 20/50  loss=1.8441
  Epoch 40/50  loss=1.7040
DKL training done in 0.5s
  → 2ClIrSe-2  gap=2.235 eV  best=5.105 eV  top50=0  top10%=0
Cycle   2: GP refit  (11 labelled)
  → 2MoSe2-1  gap=0.108 eV  best=5.105 eV  top50=0  top10%=0
Cycle   3: GP refit  (12 labelled)
  → 2AlSe-1  gap=2.721 eV  best=5.105 eV  top50=0  top10%=0
Cycle   4: GP refit  (13 labelled)
  → 1CoNaAs2Se6-1  gap=1.295 eV  best=5.105 eV  top50=0  top10%=0
Cycle   5: GP refit  (14 labelled)
  → 2AlS-1  gap=2.881 eV  best=5.105 eV  top50=0  top10%=0
Cycle   6: full DKL retrain  (15 labelled)
GP warmup: 20 epochs on initial embeddings
Joint DKL training: 50 epochs
  Epoch 20/50  loss=0.7995
  Epoch 40/50  loss=0.7012
DKL training done in 0.5s
  → 2P2Se3-2  gap=2.700 eV  best=5.105 eV  top50=0  top10%=0
Cycle   7: GP refit  (16 labelled)
  → 2P2S3-1  gap=3.272 eV  best=5.105 eV  top50=0  top10%=0
Cycle   8: GP refit  (17 labelled)
  → 1STa3Cl7-1  gap=1.643 eV  best=5.105 eV  top50=0  top10%=0
Cycle   9: GP refit  (18 labelled)
  → 1STa3Br7-1  gap=1.510 eV  best=5.105 eV  top50=0  top10%=0
Cycle  10: GP refit  (19 labelled)
  → 1NiZrCl6-1  gap=4.484 eV  best=5.105 eV  top50=0  top10%=0
Cycle  11: full DKL retrain  (20 labelled)
GP warmup: 20 epochs on initial embeddings
Joint DKL training: 50 epochs
  Epoch 20/50  loss=0.0273
  Epoch 40/50  loss=-0.3382
DKL training done in 0.5s
  → 1NiSSeZr-1  gap=1.881 eV  best=5.105 eV  top50=0  top10%=0
Cycle  12: GP refit  (21 labelled)
  → 1CdClHS-1  gap=3.853 eV  best=5.105 eV  top50=0  top10%=0
Cycle  13: GP refit  (22 labelled)
  → 2ScTe-4  gap=0.718 eV  best=5.105 eV  top50=0  top10%=0
Cycle  14: GP refit  (23 labelled)
  → 2NOsRbSF5-1  gap=2.520 eV  best=5.105 eV  top50=0  top10%=0
Cycle  15: GP refit  (24 labelled)
  → 2NRbRuSF5-1  gap=2.622 eV  best=5.105 eV  top50=0  top10%=0
Cycle  16: full DKL retrain  (25 labelled)
GP warmup: 20 epochs on initial embeddings
Joint DKL training: 50 epochs
  Epoch 20/50  loss=0.0632
  Epoch 40/50  loss=-0.3495
DKL training done in 0.5s
  → 1OVBr2-1  gap=3.019 eV  best=5.105 eV  top50=0  top10%=0
Cycle  17: GP refit  (26 labelled)
  → 1ONb3Br7-1  gap=1.441 eV  best=5.105 eV  top50=0  top10%=0
Cycle  18: GP refit  (27 labelled)
  → 2AlTe-1  gap=2.363 eV  best=5.105 eV  top50=0  top10%=0
Cycle  19: GP refit  (28 labelled)
  → 2BiBrHgO2-1  gap=3.519 eV  best=5.105 eV  top50=0  top10%=0
Cycle  20: GP refit  (29 labelled)
  → 2KNRuSF5-1  gap=2.625 eV  best=5.105 eV  top50=0  top10%=0
Cycle  21: full DKL retrain  (30 labelled)
GP warmup: 20 epochs on initial embeddings
Joint DKL training: 50 epochs
  Epoch 20/50  loss=-0.3780
  Epoch 40/50  loss=-0.5983
DKL training done in 0.5s
  → 1PbBr2-2  gap=3.248 eV  best=5.105 eV  top50=0  top10%=0
Cycle  22: GP refit  (31 labelled)
  → 1YBr2-1  gap=0.901 eV  best=5.105 eV  top50=0  top10%=0
Cycle  23: GP refit  (32 labelled)
  → 2BiO-1  gap=1.042 eV  best=5.105 eV  top50=0  top10%=0
Cycle  24: GP refit  (33 labelled)
  → 1SnBr2-2  gap=3.220 eV  best=5.105 eV  top50=0  top10%=0
Cycle  25: GP refit  (34 labelled)
  → 2HLiS-1  gap=5.028 eV  best=5.105 eV  top50=0  top10%=1
Cycle  26: full DKL retrain  (35 labelled)
GP warmup: 20 epochs on initial embeddings
Joint DKL training: 50 epochs
  Epoch 20/50  loss=0.5624
  Epoch 40/50  loss=-0.2762
DKL training done in 0.5s
  → 1LiNbBr6-1  gap=2.937 eV  best=5.105 eV  top50=0  top10%=1
Cycle  27: GP refit  (36 labelled)
  → 2CaBi2O4-1  gap=3.923 eV  best=5.105 eV  top50=0  top10%=1
Cycle  28: GP refit  (37 labelled)
  → 1WAg2S4-1  gap=2.482 eV  best=5.105 eV  top50=0  top10%=1
Cycle  29: GP refit  (38 labelled)
  → 1SeNi2S3-1  gap=1.350 eV  best=5.105 eV  top50=0  top10%=1
Cycle  30: GP refit  (39 labelled)
  → 2AgF-3  gap=2.475 eV  best=5.105 eV  top50=0  top10%=1
Cycle  31: full DKL retrain  (40 labelled)
GP warmup: 20 epochs on initial embeddings
Joint DKL training: 50 epochs
  Epoch 20/50  loss=0.0242
  Epoch 40/50  loss=-0.2274
DKL training done in 0.5s
  → 1BrClCa2S2-1  gap=3.810 eV  best=5.105 eV  top50=0  top10%=1
Cycle  32: GP refit  (41 labelled)
  → 2AgBr-3  gap=3.092 eV  best=5.105 eV  top50=0  top10%=1
Cycle  33: GP refit  (42 labelled)
  → 1CoLiP2S6-1  gap=2.395 eV  best=5.105 eV  top50=0  top10%=1
Cycle  34: GP refit  (43 labelled)
  → 2BaBrH-1  gap=4.780 eV  best=5.105 eV  top50=0  top10%=1
Cycle  35: GP refit  (44 labelled)
  → 4NiPSe-1  gap=2.021 eV  best=5.105 eV  top50=0  top10%=1
Cycle  36: full DKL retrain  (45 labelled)
GP warmup: 20 epochs on initial embeddings
Joint DKL training: 50 epochs
  Epoch 20/50  loss=-0.1302
  Epoch 40/50  loss=-0.2752
DKL training done in 0.5s
  → 2MoO3-1  gap=3.738 eV  best=5.105 eV  top50=0  top10%=1
Cycle  37: GP refit  (46 labelled)
  → 4NiPS-1  gap=2.172 eV  best=5.105 eV  top50=0  top10%=1
Cycle  38: GP refit  (47 labelled)
  → 2BaBrF-1  gap=6.128 eV  best=6.128 eV  top50=1  top10%=2
Cycle  39: GP refit  (48 labelled)
  → 2ClRhSe-1  gap=2.271 eV  best=6.128 eV  top50=1  top10%=2
Cycle  40: GP refit  (49 labelled)
  → 2BiFHgO2-1  gap=3.344 eV  best=6.128 eV  top50=1  top10%=2
Cycle  41: full DKL retrain  (50 labelled)
GP warmup: 20 epochs on initial embeddings
Joint DKL training: 50 epochs
  Epoch 20/50  loss=0.0135
  Epoch 40/50  loss=-0.1447
DKL training done in 0.5s
  → 1WS2-1  gap=2.055 eV  best=6.128 eV  top50=1  top10%=2
Cycle  42: GP refit  (51 labelled)
  → 2As2S3-4  gap=3.247 eV  best=6.128 eV  top50=1  top10%=2
Cycle  43: GP refit  (52 labelled)
  → 1AsClS-2  gap=2.443 eV  best=6.128 eV  top50=1  top10%=2
Cycle  44: GP refit  (53 labelled)
  → 1BrClNi-1  gap=3.508 eV  best=6.128 eV  top50=1  top10%=2
Cycle  45: GP refit  (54 labelled)
  → 1ClIrS-1  gap=2.505 eV  best=6.128 eV  top50=1  top10%=2
Cycle  46: full DKL retrain  (55 labelled)
GP warmup: 20 epochs on initial embeddings
Joint DKL training: 50 epochs
  Epoch 20/50  loss=0.1047
  Epoch 40/50  loss=-0.0727
DKL training done in 0.5s
  → 1InNbBr6-1  gap=1.473 eV  best=6.128 eV  top50=1  top10%=2
Cycle  47: GP refit  (56 labelled)
  → 2HISr-1  gap=4.888 eV  best=6.128 eV  top50=1  top10%=2
Cycle  48: GP refit  (57 labelled)
  → 2BrRhS-2  gap=2.135 eV  best=6.128 eV  top50=1  top10%=2
Cycle  49: GP refit  (58 labelled)
  → 2KNOsSF5-1  gap=2.516 eV  best=6.128 eV  top50=1  top10%=2
Cycle  50: GP refit  (59 labelled)
  → 1AsBrSe-1  gap=1.839 eV  best=6.128 eV  top50=1  top10%=2
Cycle  51: full DKL retrain  (60 labelled)
GP warmup: 20 epochs on initial embeddings
Joint DKL training: 50 epochs
  Epoch 20/50  loss=0.2495
  Epoch 40/50  loss=0.1400
DKL training done in 0.5s
  → 2ClIrS-2  gap=2.204 eV  best=6.128 eV  top50=1  top10%=2
Cycle  52: GP refit  (61 labelled)
  → 1BSb-1  gap=0.551 eV  best=6.128 eV  top50=1  top10%=2
Cycle  53: GP refit  (62 labelled)
  → 2CrWS4-1  gap=1.442 eV  best=6.128 eV  top50=1  top10%=2
Cycle  54: GP refit  (63 labelled)
  → 1ScBr2-1  gap=0.757 eV  best=6.128 eV  top50=1  top10%=2
Cycle  55: GP refit  (64 labelled)
  → 4PPtS-1  gap=2.654 eV  best=6.128 eV  top50=1  top10%=2
Cycle  56: full DKL retrain  (65 labelled)
GP warmup: 20 epochs on initial embeddings
Joint DKL training: 50 epochs
  Epoch 20/50  loss=0.3213
  Epoch 40/50  loss=0.1590
DKL training done in 0.6s
  → 1BrClGe2Se2-1  gap=2.697 eV  best=6.128 eV  top50=1  top10%=2
Cycle  57: GP refit  (66 labelled)
  → 2CuF-2  gap=0.477 eV  best=6.128 eV  top50=1  top10%=2
Cycle  58: GP refit  (67 labelled)
  → 1BrClHf-1  gap=1.361 eV  best=6.128 eV  top50=1  top10%=2
Cycle  59: GP refit  (68 labelled)
  → 1PdZrBr6-1  gap=1.974 eV  best=6.128 eV  top50=1  top10%=2
Cycle  60: GP refit  (69 labelled)
  → 1OTa3Cl7-1  gap=1.569 eV  best=6.128 eV  top50=1  top10%=2
Cycle  61: full DKL retrain  (70 labelled)
GP warmup: 20 epochs on initial embeddings
Joint DKL training: 50 epochs
  Epoch 20/50  loss=0.3629
  Epoch 40/50  loss=0.2437
DKL training done in 0.5s
  → 1CaI2-2  gap=4.063 eV  best=6.128 eV  top50=1  top10%=2
Cycle  62: GP refit  (71 labelled)
  → 1ONb3Cl7-1  gap=1.594 eV  best=6.128 eV  top50=1  top10%=2
Cycle  63: GP refit  (72 labelled)
  → 1ClIZr-1  gap=1.317 eV  best=6.128 eV  top50=1  top10%=2
Cycle  64: GP refit  (73 labelled)
  → 1BrITl2-1  gap=2.587 eV  best=6.128 eV  top50=1  top10%=2
Cycle  65: GP refit  (74 labelled)
  → 1PbSe2-1  gap=1.847 eV  best=6.128 eV  top50=1  top10%=2
Cycle  66: full DKL retrain  (75 labelled)
GP warmup: 20 epochs on initial embeddings
Joint DKL training: 50 epochs
  Epoch 20/50  loss=0.2230
  Epoch 40/50  loss=0.1228
DKL training done in 0.6s
  → 2CKOOsF5-1  gap=1.831 eV  best=6.128 eV  top50=1  top10%=2
Cycle  67: GP refit  (76 labelled)
  → 1FeHfBr6-1  gap=3.395 eV  best=6.128 eV  top50=1  top10%=2
Cycle  68: GP refit  (77 labelled)
  → 1BrCdI-1  gap=3.053 eV  best=6.128 eV  top50=1  top10%=2
Cycle  69: GP refit  (78 labelled)
  → 1ZrCl2-1  gap=1.500 eV  best=6.128 eV  top50=1  top10%=2
Cycle  70: GP refit  (79 labelled)
  → 2AuCl-4  gap=0.777 eV  best=6.128 eV  top50=1  top10%=2
Cycle  71: full DKL retrain  (80 labelled)
GP warmup: 20 epochs on initial embeddings
Joint DKL training: 50 epochs
  Epoch 20/50  loss=0.3452
  Epoch 40/50  loss=0.1973
DKL training done in 0.4s
  → 1IO2V2Br3-1  gap=1.857 eV  best=6.128 eV  top50=1  top10%=2
Cycle  72: GP refit  (81 labelled)
  → 1MgI2-3  gap=3.448 eV  best=6.128 eV  top50=1  top10%=2
Cycle  73: GP refit  (82 labelled)
  → 2BiCdFO2-1  gap=4.057 eV  best=6.128 eV  top50=1  top10%=2
Cycle  74: GP refit  (83 labelled)
  → 1CdGeSSeBr2-1  gap=1.544 eV  best=6.128 eV  top50=1  top10%=2
Cycle  75: GP refit  (84 labelled)
  → 1BrHf2S2Cl3-1  gap=3.424 eV  best=6.128 eV  top50=1  top10%=2
Cycle  76: full DKL retrain  (85 labelled)
GP warmup: 20 epochs on initial embeddings
Joint DKL training: 50 epochs
  Epoch 20/50  loss=0.4082
  Epoch 40/50  loss=0.2909
DKL training done in 0.5s
  → 1GeCl2-2  gap=3.875 eV  best=6.128 eV  top50=1  top10%=2
Cycle  77: GP refit  (86 labelled)
  → 1FeHfI6-1  gap=2.795 eV  best=6.128 eV  top50=1  top10%=2
Cycle  78: GP refit  (87 labelled)
  → 1TiCl2-1  gap=1.395 eV  best=6.128 eV  top50=1  top10%=2
Cycle  79: GP refit  (88 labelled)
  → 1BrClI2O2V2-1  gap=2.590 eV  best=6.128 eV  top50=1  top10%=2
Cycle  80: GP refit  (89 labelled)
  → 1SnI2-2  gap=2.504 eV  best=6.128 eV  top50=1  top10%=2
Cycle  81: full DKL retrain  (90 labelled)
GP warmup: 20 epochs on initial embeddings
Joint DKL training: 50 epochs
  Epoch 20/50  loss=0.2119
  Epoch 40/50  loss=0.0371
DKL training done in 0.8s
  → 1BN-1  gap=5.675 eV  best=6.128 eV  top50=2  top10%=3
Cycle  82: GP refit  (91 labelled)
  → 1MnZrBr6-1  gap=3.584 eV  best=6.128 eV  top50=2  top10%=3
Cycle  83: GP refit  (92 labelled)
  → 1AsClSe-1  gap=2.060 eV  best=6.128 eV  top50=2  top10%=3
Cycle  84: GP refit  (93 labelled)
  → 2ZrCl2-1  gap=1.161 eV  best=6.128 eV  top50=2  top10%=3
Cycle  85: GP refit  (94 labelled)
  → 1FeZrI6-1  gap=2.598 eV  best=6.128 eV  top50=2  top10%=3
Cycle  86: full DKL retrain  (95 labelled)
GP warmup: 20 epochs on initial embeddings
Joint DKL training: 50 epochs
  Epoch 20/50  loss=0.3893
  Epoch 40/50  loss=0.2151
DKL training done in 0.7s
  → 1PbI2-2  gap=2.404 eV  best=6.128 eV  top50=2  top10%=3
Cycle  87: GP refit  (96 labelled)
  → 1OZrBr2-1  gap=2.245 eV  best=6.128 eV  top50=2  top10%=3
Cycle  88: GP refit  (97 labelled)
  → 1FeZrBr6-1  gap=3.164 eV  best=6.128 eV  top50=2  top10%=3
Cycle  89: GP refit  (98 labelled)
  → 2HTeLi3S4-1  gap=2.992 eV  best=6.128 eV  top50=2  top10%=3
Cycle  90: GP refit  (99 labelled)
  → 2HSeLi3S4-1  gap=3.065 eV  best=6.128 eV  top50=2  top10%=3
Cycle  91: full DKL retrain  (100 labelled)
GP warmup: 20 epochs on initial embeddings
Joint DKL training: 50 epochs
  Epoch 20/50  loss=-0.0264
  Epoch 40/50  loss=-0.2032
DKL training done in 0.7s
  → 2ClRhS-1  gap=2.270 eV  best=6.128 eV  top50=2  top10%=3
Cycle  92: GP refit  (101 labelled)
  → 1CdHIS-1  gap=2.851 eV  best=6.128 eV  top50=2  top10%=3
Cycle  93: GP refit  (102 labelled)
  → 1HfCl2-1  gap=1.471 eV  best=6.128 eV  top50=2  top10%=3
Cycle  94: GP refit  (103 labelled)
  → 1HgCl2-3  gap=3.201 eV  best=6.128 eV  top50=2  top10%=3
Cycle  95: GP refit  (104 labelled)
  → 2HgNa2I4-1  gap=2.857 eV  best=6.128 eV  top50=2  top10%=3
Cycle  96: full DKL retrain  (105 labelled)
GP warmup: 20 epochs on initial embeddings
Joint DKL training: 50 epochs
  Epoch 20/50  loss=-0.2559
  Epoch 40/50  loss=-0.4119
DKL training done in 0.7s
  → 1MnZrI6-1  gap=2.559 eV  best=6.128 eV  top50=2  top10%=3
Cycle  97: GP refit  (106 labelled)
  → 2BrCaF-1  gap=6.385 eV  best=6.385 eV  top50=3  top10%=4
Cycle  98: GP refit  (107 labelled)
  → 1BrGa2Cl5-1  gap=4.579 eV  best=6.385 eV  top50=3  top10%=4
Cycle  99: GP refit  (108 labelled)
  → 1OScHf3N3Br4-1  gap=4.148 eV  best=6.385 eV  top50=3  top10%=4
Cycle 100: GP refit  (109 labelled)
  → 1CdI2-3  gap=2.295 eV  best=6.385 eV  top50=3  top10%=4
  dkl_finetune/seed10 → best_inwin=2.992 top10=2 top50=13
BOLoop: 766 materials  |  direction=max  |  top-50 internal threshold=5.35  top-10% internal threshold=4.94
Init: 10 random labels  |  best (max) = 3.513
Cycle   1: full DKL retrain  (10 labelled)
GP warmup: 20 epochs on initial embeddings
/home/roy/Desktop/DKL-BO/venv/lib/python3.13/site-packages/torch/_compile.py:54: UserWarning: optimizer contains a parameter group with duplicate parameters; in future, this will cause an error; see github.com/pytorch/pytorch/issues/40967 for more information
  return disable_fn(*args, **kwargs)
Joint DKL training: 50 epochs
  Epoch 20/50  loss=1.4414
  Epoch 40/50  loss=1.3061
DKL training done in 0.5s
  → 1HfI2-1  gap=1.022 eV  best=3.513 eV  top50=0  top10%=0
Cycle   2: GP refit  (11 labelled)
  → 2ClHSr-1  gap=5.259 eV  best=5.259 eV  top50=0  top10%=1
Cycle   3: GP refit  (12 labelled)
  → 4AuF2-1  gap=1.286 eV  best=5.259 eV  top50=0  top10%=1
Cycle   4: GP refit  (13 labelled)
  → 2CaFI-1  gap=5.209 eV  best=5.259 eV  top50=0  top10%=2
Cycle   5: GP refit  (14 labelled)
  → 1CoLiP2S6-1  gap=2.395 eV  best=5.259 eV  top50=0  top10%=2
Cycle   6: full DKL retrain  (15 labelled)
GP warmup: 20 epochs on initial embeddings
Joint DKL training: 50 epochs
  Epoch 20/50  loss=0.9229
  Epoch 40/50  loss=0.7745
DKL training done in 0.5s
  → 1PtSnS4-1  gap=2.122 eV  best=5.259 eV  top50=0  top10%=2
Cycle   7: GP refit  (16 labelled)
  → 2IrTaS4-1  gap=1.331 eV  best=5.259 eV  top50=0  top10%=2
Cycle   8: GP refit  (17 labelled)
  → 4SSn-1  gap=2.426 eV  best=5.259 eV  top50=0  top10%=2
Cycle   9: GP refit  (18 labelled)
  → 1CoNaP2S6-1  gap=1.851 eV  best=5.259 eV  top50=0  top10%=2
Cycle  10: GP refit  (19 labelled)
  → 1BiFS-1  gap=2.255 eV  best=5.259 eV  top50=0  top10%=2
Cycle  11: full DKL retrain  (20 labelled)
GP warmup: 20 epochs on initial embeddings
Joint DKL training: 50 epochs
  Epoch 20/50  loss=0.1932
  Epoch 40/50  loss=0.0875
DKL training done in 0.5s
  → 1SSeZr-2  gap=1.777 eV  best=5.259 eV  top50=0  top10%=2
Cycle  12: GP refit  (21 labelled)
  → 2CoAs2Cl2O3-1  gap=3.906 eV  best=5.259 eV  top50=0  top10%=2
Cycle  13: GP refit  (22 labelled)
  → 4AsLiS2-2  gap=1.883 eV  best=5.259 eV  top50=0  top10%=2
Cycle  14: GP refit  (23 labelled)
  → 1SSeZr-1  gap=1.514 eV  best=5.259 eV  top50=0  top10%=2
Cycle  15: GP refit  (24 labelled)
  → 4OSb2Se2-1  gap=2.083 eV  best=5.259 eV  top50=0  top10%=2
Cycle  16: full DKL retrain  (25 labelled)
GP warmup: 20 epochs on initial embeddings
Joint DKL training: 50 epochs
  Epoch 20/50  loss=-0.0179
  Epoch 40/50  loss=-0.1365
DKL training done in 0.5s
  → 2ClRhSe-1  gap=2.271 eV  best=5.259 eV  top50=0  top10%=2
Cycle  17: GP refit  (26 labelled)
  → 1AsClSe-2  gap=2.371 eV  best=5.259 eV  top50=0  top10%=2
Cycle  18: GP refit  (27 labelled)
  → 2PdSO3-1  gap=2.851 eV  best=5.259 eV  top50=0  top10%=2
Cycle  19: GP refit  (28 labelled)
  → 1AlN-1  gap=4.048 eV  best=5.259 eV  top50=0  top10%=2
Cycle  20: GP refit  (29 labelled)
  → 2PdSeO3-1  gap=2.663 eV  best=5.259 eV  top50=0  top10%=2
Cycle  21: full DKL retrain  (30 labelled)
GP warmup: 20 epochs on initial embeddings
Joint DKL training: 50 epochs
  Epoch 20/50  loss=-0.5396
  Epoch 40/50  loss=-0.6839
DKL training done in 0.4s
  → 2AsBiO4-1  gap=4.600 eV  best=5.259 eV  top50=0  top10%=2
Cycle  22: GP refit  (31 labelled)
  → 1ClSbSe-1  gap=1.804 eV  best=5.259 eV  top50=0  top10%=2
Cycle  23: GP refit  (32 labelled)
  → 1Mg3O5-1  gap=2.328 eV  best=5.259 eV  top50=0  top10%=2
Cycle  24: GP refit  (33 labelled)
  → 2As2O3-1  gap=5.450 eV  best=5.450 eV  top50=1  top10%=3
Cycle  25: GP refit  (34 labelled)
  → 4LiPS2-1  gap=2.290 eV  best=5.450 eV  top50=1  top10%=3
Cycle  26: full DKL retrain  (35 labelled)
GP warmup: 20 epochs on initial embeddings
Joint DKL training: 50 epochs
  Epoch 20/50  loss=0.2395
  Epoch 40/50  loss=-0.5168
DKL training done in 0.5s
  → 4NaSbO2-1  gap=4.747 eV  best=5.450 eV  top50=1  top10%=3
Cycle  27: GP refit  (36 labelled)
  → 1BiClSe-2  gap=1.992 eV  best=5.450 eV  top50=1  top10%=3
Cycle  28: GP refit  (37 labelled)
  → 1Nb3Cl8-1  gap=0.912 eV  best=5.450 eV  top50=1  top10%=3
Cycle  29: GP refit  (38 labelled)
  → 2BrCdSbO2-1  gap=3.518 eV  best=5.450 eV  top50=1  top10%=3
Cycle  30: GP refit  (39 labelled)
  → 2NRbRuSCl5-1  gap=1.324 eV  best=5.450 eV  top50=1  top10%=3
Cycle  31: full DKL retrain  (40 labelled)
GP warmup: 20 epochs on initial embeddings
Joint DKL training: 50 epochs
  Epoch 20/50  loss=0.5450
  Epoch 40/50  loss=-0.1769
DKL training done in 0.6s
  → 1OZrBr2-1  gap=2.245 eV  best=5.450 eV  top50=1  top10%=3
Cycle  32: GP refit  (41 labelled)
  → 4OBi2Se2-1  gap=1.736 eV  best=5.450 eV  top50=1  top10%=3
Cycle  33: GP refit  (42 labelled)
  → 2InO-2  gap=0.920 eV  best=5.450 eV  top50=1  top10%=3
Cycle  34: GP refit  (43 labelled)
  → 1BrClTi-1  gap=1.297 eV  best=5.450 eV  top50=1  top10%=3
Cycle  35: GP refit  (44 labelled)
  → 2CsNRuSF5-1  gap=2.579 eV  best=5.450 eV  top50=1  top10%=3
Cycle  36: full DKL retrain  (45 labelled)
GP warmup: 20 epochs on initial embeddings
Joint DKL training: 50 epochs
  Epoch 20/50  loss=0.2286
  Epoch 40/50  loss=0.0582
DKL training done in 0.6s
  → 2CsNORuF5-1  gap=3.138 eV  best=5.450 eV  top50=1  top10%=3
Cycle  37: GP refit  (46 labelled)
  → 1GeSe-1  gap=2.915 eV  best=5.450 eV  top50=1  top10%=3
Cycle  38: GP refit  (47 labelled)
  → 1ClIZr-1  gap=1.317 eV  best=5.450 eV  top50=1  top10%=3
Cycle  39: GP refit  (48 labelled)
  → 2ClRbO3-1  gap=6.795 eV  best=6.795 eV  top50=2  top10%=4
Cycle  40: GP refit  (49 labelled)
  → 2CoBr2Sb2O3-1  gap=3.435 eV  best=6.795 eV  top50=2  top10%=4
Cycle  41: full DKL retrain  (50 labelled)
GP warmup: 20 epochs on initial embeddings
Joint DKL training: 50 epochs
  Epoch 20/50  loss=0.5509
  Epoch 40/50  loss=0.0657
DKL training done in 0.6s
  → 2ClRhS-1  gap=2.270 eV  best=6.795 eV  top50=2  top10%=4
Cycle  42: GP refit  (51 labelled)
  → 4AgF2-2  gap=1.637 eV  best=6.795 eV  top50=2  top10%=4
Cycle  43: GP refit  (52 labelled)
  → 2FNaO-1  gap=5.377 eV  best=6.795 eV  top50=3  top10%=5
Cycle  44: GP refit  (53 labelled)
  → 2BrRhS-2  gap=2.135 eV  best=6.795 eV  top50=3  top10%=5
Cycle  45: GP refit  (54 labelled)
  → 2BaClF-1  gap=6.969 eV  best=6.969 eV  top50=4  top10%=6
Cycle  46: full DKL retrain  (55 labelled)
GP warmup: 20 epochs on initial embeddings
Joint DKL training: 50 epochs
  Epoch 20/50  loss=0.6753
  Epoch 40/50  loss=0.3023
DKL training done in 0.6s
  → 2FIrS-2  gap=2.104 eV  best=6.969 eV  top50=4  top10%=6
Cycle  47: GP refit  (56 labelled)
  → 2ZrCl2-1  gap=1.161 eV  best=6.969 eV  top50=4  top10%=6
Cycle  48: GP refit  (57 labelled)
  → 2CuF-2  gap=0.477 eV  best=6.969 eV  top50=4  top10%=6
Cycle  49: GP refit  (58 labelled)
  → 2BiCdIO2-1  gap=2.598 eV  best=6.969 eV  top50=4  top10%=6
Cycle  50: GP refit  (59 labelled)
  → 2PbSe-1  gap=1.312 eV  best=6.969 eV  top50=4  top10%=6
Cycle  51: full DKL retrain  (60 labelled)
GP warmup: 20 epochs on initial embeddings
Joint DKL training: 50 epochs
  Epoch 20/50  loss=0.4248
  Epoch 40/50  loss=0.2462
DKL training done in 0.4s
  → 2CoI2Sb2O3-1  gap=3.324 eV  best=6.969 eV  top50=4  top10%=6
Cycle  52: GP refit  (61 labelled)
  → 2NRbRuSF5-1  gap=2.622 eV  best=6.969 eV  top50=4  top10%=6
Cycle  53: GP refit  (62 labelled)
  → 1OPb-1  gap=2.638 eV  best=6.969 eV  top50=4  top10%=6
Cycle  54: GP refit  (63 labelled)
  → 1SCu2O4-1  gap=3.842 eV  best=6.969 eV  top50=4  top10%=6
Cycle  55: GP refit  (64 labelled)
  → 2CoBi2I2O3-1  gap=2.811 eV  best=6.969 eV  top50=4  top10%=6
Cycle  56: full DKL retrain  (65 labelled)
GP warmup: 20 epochs on initial embeddings
Joint DKL training: 50 epochs
  Epoch 20/50  loss=-0.0358
  Epoch 40/50  loss=-0.1713
DKL training done in 0.7s
  → 1SnBr2S2-1  gap=1.490 eV  best=6.969 eV  top50=4  top10%=6
Cycle  57: GP refit  (66 labelled)
  → 4IOSc-1  gap=3.350 eV  best=6.969 eV  top50=4  top10%=6
Cycle  58: GP refit  (67 labelled)
  → 1ScSe2-2  gap=1.490 eV  best=6.969 eV  top50=4  top10%=6
Cycle  59: GP refit  (68 labelled)
  → 2GaS-1  gap=3.197 eV  best=6.969 eV  top50=4  top10%=6
Cycle  60: GP refit  (69 labelled)
  → 2RhSe-3  gap=0.337 eV  best=6.969 eV  top50=4  top10%=6
Cycle  61: full DKL retrain  (70 labelled)
GP warmup: 20 epochs on initial embeddings
Joint DKL training: 50 epochs
  Epoch 20/50  loss=0.3527
  Epoch 40/50  loss=0.2758
DKL training done in 0.6s
  → 2PdTeO3-2  gap=2.509 eV  best=6.969 eV  top50=4  top10%=6
Cycle  62: GP refit  (71 labelled)
  → 1CdClHS-1  gap=3.853 eV  best=6.969 eV  top50=4  top10%=6
Cycle  63: GP refit  (72 labelled)
  → 1AsClS-2  gap=2.443 eV  best=6.969 eV  top50=4  top10%=6
Cycle  64: GP refit  (73 labelled)
  → 1CdHIS-1  gap=2.851 eV  best=6.969 eV  top50=4  top10%=6
Cycle  65: GP refit  (74 labelled)
  → 1BrSbTe-2  gap=1.819 eV  best=6.969 eV  top50=4  top10%=6
Cycle  66: full DKL retrain  (75 labelled)
GP warmup: 20 epochs on initial embeddings
Joint DKL training: 50 epochs
  Epoch 20/50  loss=0.2797
  Epoch 40/50  loss=0.1685
DKL training done in 0.7s
  → 2FRhSe-1  gap=2.223 eV  best=6.969 eV  top50=4  top10%=6
Cycle  67: GP refit  (76 labelled)
  → 1ClSSb-2  gap=2.321 eV  best=6.969 eV  top50=4  top10%=6
Cycle  68: GP refit  (77 labelled)
  → 1BiClS-2  gap=2.271 eV  best=6.969 eV  top50=4  top10%=6
Cycle  69: GP refit  (78 labelled)
  → 1AlISe-1  gap=2.186 eV  best=6.969 eV  top50=4  top10%=6
Cycle  70: GP refit  (79 labelled)
  → 1GeBr2-2  gap=3.333 eV  best=6.969 eV  top50=4  top10%=6
Cycle  71: full DKL retrain  (80 labelled)
GP warmup: 20 epochs on initial embeddings
Joint DKL training: 50 epochs
  Epoch 20/50  loss=-0.0155
  Epoch 40/50  loss=-0.1769
DKL training done in 0.7s
  → 2FISr-1  gap=5.171 eV  best=6.969 eV  top50=4  top10%=7
Cycle  72: GP refit  (81 labelled)
  → 1ZrS2-2  gap=2.023 eV  best=6.969 eV  top50=4  top10%=7
Cycle  73: GP refit  (82 labelled)
  → 1CdGeSSeBr2-1  gap=1.544 eV  best=6.969 eV  top50=4  top10%=7
Cycle  74: GP refit  (83 labelled)
  → 2BiO-1  gap=1.042 eV  best=6.969 eV  top50=4  top10%=7
Cycle  75: GP refit  (84 labelled)
  → 1ClO2V2Br3-1  gap=1.976 eV  best=6.969 eV  top50=4  top10%=7
Cycle  76: full DKL retrain  (85 labelled)
GP warmup: 20 epochs on initial embeddings
Joint DKL training: 50 epochs
  Epoch 20/50  loss=0.2171
  Epoch 40/50  loss=0.0347
DKL training done in 0.7s
  → 1MoOTe-1  gap=0.867 eV  best=6.969 eV  top50=4  top10%=7
Cycle  77: GP refit  (86 labelled)
  → 2NbOCl2-1  gap=1.951 eV  best=6.969 eV  top50=4  top10%=7
Cycle  78: GP refit  (87 labelled)
  → 1CrHS2-1  gap=2.800 eV  best=6.969 eV  top50=4  top10%=7
Cycle  79: GP refit  (88 labelled)
  → 1AsClSe-1  gap=2.060 eV  best=6.969 eV  top50=4  top10%=7
Cycle  80: GP refit  (89 labelled)
  → 1OSTi-1  gap=1.777 eV  best=6.969 eV  top50=4  top10%=7
Cycle  81: full DKL retrain  (90 labelled)
GP warmup: 20 epochs on initial embeddings
Joint DKL training: 50 epochs
  Epoch 20/50  loss=0.1265
  Epoch 40/50  loss=-0.0208
DKL training done in 0.6s
  → 2GaSe-1  gap=2.506 eV  best=6.969 eV  top50=4  top10%=7
Cycle  82: GP refit  (91 labelled)
  → 1SnS2-3  gap=1.455 eV  best=6.969 eV  top50=4  top10%=7
Cycle  83: GP refit  (92 labelled)
  → 2KNRuSF5-1  gap=2.625 eV  best=6.969 eV  top50=4  top10%=7
Cycle  84: GP refit  (93 labelled)
  → 2HInTeS4-1  gap=2.900 eV  best=6.969 eV  top50=4  top10%=7
Cycle  85: GP refit  (94 labelled)
  → 2BiCdClO2-1  gap=4.073 eV  best=6.969 eV  top50=4  top10%=7
Cycle  86: full DKL retrain  (95 labelled)
GP warmup: 20 epochs on initial embeddings
Joint DKL training: 50 epochs
  Epoch 20/50  loss=0.1308
  Epoch 40/50  loss=-0.0194
DKL training done in 0.6s
  → 1TiF2-1  gap=2.096 eV  best=6.969 eV  top50=4  top10%=7
Cycle  87: GP refit  (96 labelled)
  → 1PbSe-1  gap=2.199 eV  best=6.969 eV  top50=4  top10%=7
Cycle  88: GP refit  (97 labelled)
  → 1BrSeY-1  gap=4.122 eV  best=6.969 eV  top50=4  top10%=7
Cycle  89: GP refit  (98 labelled)
  → 1OSeW-1  gap=2.004 eV  best=6.969 eV  top50=4  top10%=7
Cycle  90: GP refit  (99 labelled)
  → 1WS2-1  gap=2.055 eV  best=6.969 eV  top50=4  top10%=7
Cycle  91: full DKL retrain  (100 labelled)
GP warmup: 20 epochs on initial embeddings
Joint DKL training: 50 epochs
  Epoch 20/50  loss=0.0027
  Epoch 40/50  loss=-0.1846
DKL training done in 0.6s
  → 2KNORuF5-1  gap=3.089 eV  best=6.969 eV  top50=4  top10%=7
Cycle  92: GP refit  (101 labelled)
  → 2FRhS-1  gap=2.175 eV  best=6.969 eV  top50=4  top10%=7
Cycle  93: GP refit  (102 labelled)
  → 2GaTe-1  gap=1.862 eV  best=6.969 eV  top50=4  top10%=7
Cycle  94: GP refit  (103 labelled)
  → 1SSeSn-1  gap=1.476 eV  best=6.969 eV  top50=4  top10%=7
Cycle  95: GP refit  (104 labelled)
  → 2P2Se3-2  gap=2.700 eV  best=6.969 eV  top50=4  top10%=7
Cycle  96: full DKL retrain  (105 labelled)
GP warmup: 20 epochs on initial embeddings
Joint DKL training: 50 epochs
  Epoch 20/50  loss=-0.2231
  Epoch 40/50  loss=-0.4090
DKL training done in 0.6s
  → 1TeTa3F7-1  gap=1.702 eV  best=6.969 eV  top50=4  top10%=7
Cycle  97: GP refit  (106 labelled)
  → 2IrO-2  gap=0.230 eV  best=6.969 eV  top50=4  top10%=7
Cycle  98: GP refit  (107 labelled)
  → 2BiBrHgO2-1  gap=3.519 eV  best=6.969 eV  top50=4  top10%=7
Cycle  99: GP refit  (108 labelled)
  → 2SeZn-2  gap=3.054 eV  best=6.969 eV  top50=4  top10%=7
Cycle 100: GP refit  (109 labelled)
  → 1BiClS-1  gap=1.745 eV  best=6.969 eV  top50=4  top10%=7
  dkl_finetune/seed11 → best_inwin=2.915 top10=2 top50=11
BOLoop: 766 materials  |  direction=max  |  top-50 internal threshold=5.35  top-10% internal threshold=4.94
Init: 10 random labels  |  best (max) = 7.351
Cycle   1: full DKL retrain  (10 labelled)
GP warmup: 20 epochs on initial embeddings
/home/roy/Desktop/DKL-BO/venv/lib/python3.13/site-packages/torch/_compile.py:54: UserWarning: optimizer contains a parameter group with duplicate parameters; in future, this will cause an error; see github.com/pytorch/pytorch/issues/40967 for more information
  return disable_fn(*args, **kwargs)
Joint DKL training: 50 epochs
  Epoch 20/50  loss=2.7682
  Epoch 40/50  loss=2.4980
DKL training done in 0.5s
  → 1MoSTe-1  gap=1.585 eV  best=7.351 eV  top50=0  top10%=0
Cycle   2: GP refit  (11 labelled)
  → 1SSeTi-2  gap=1.342 eV  best=7.351 eV  top50=0  top10%=0
Cycle   3: GP refit  (12 labelled)
  → 1HfS2-2  gap=2.038 eV  best=7.351 eV  top50=0  top10%=0
Cycle   4: GP refit  (13 labelled)
  → 1STeTi-2  gap=0.531 eV  best=7.351 eV  top50=0  top10%=0
Cycle   5: GP refit  (14 labelled)
  → 1SnS2-3  gap=1.455 eV  best=7.351 eV  top50=0  top10%=0
Cycle   6: full DKL retrain  (15 labelled)
GP warmup: 20 epochs on initial embeddings
Joint DKL training: 50 epochs
  Epoch 20/50  loss=1.1614
  Epoch 40/50  loss=1.0265
DKL training done in 0.3s
  → 2BrRhS-2  gap=2.135 eV  best=7.351 eV  top50=0  top10%=0
Cycle   7: GP refit  (16 labelled)
  → 2CoBr2Sb2O3-1  gap=3.435 eV  best=7.351 eV  top50=0  top10%=0
Cycle   8: GP refit  (17 labelled)
  → 1NiSSeZr-1  gap=1.881 eV  best=7.351 eV  top50=0  top10%=0
Cycle   9: GP refit  (18 labelled)
  → 2FRhTe-1  gap=2.115 eV  best=7.351 eV  top50=0  top10%=0
Cycle  10: GP refit  (19 labelled)
  → 2NiTeS3-1  gap=1.567 eV  best=7.351 eV  top50=0  top10%=0
Cycle  11: full DKL retrain  (20 labelled)
GP warmup: 20 epochs on initial embeddings
Joint DKL training: 50 epochs
  Epoch 20/50  loss=0.5903
  Epoch 40/50  loss=0.4010
DKL training done in 0.6s
  → 2ORh-2  gap=0.062 eV  best=7.351 eV  top50=0  top10%=0
Cycle  12: GP refit  (21 labelled)
  → 2AgCrP2S6-1  gap=2.715 eV  best=7.351 eV  top50=0  top10%=0
Cycle  13: GP refit  (22 labelled)
  → 1AgCrP2S6-1  gap=2.012 eV  best=7.351 eV  top50=0  top10%=0
Cycle  14: GP refit  (23 labelled)
  → 2InS-1  gap=2.431 eV  best=7.351 eV  top50=0  top10%=0
Cycle  15: GP refit  (24 labelled)
  → 1AlCdInS4-1  gap=1.877 eV  best=7.351 eV  top50=0  top10%=0
Cycle  16: full DKL retrain  (25 labelled)
GP warmup: 20 epochs on initial embeddings
Joint DKL training: 50 epochs
  Epoch 20/50  loss=0.5986
  Epoch 40/50  loss=0.3404
DKL training done in 0.5s
  → 1SCu2O4-1  gap=3.842 eV  best=7.351 eV  top50=0  top10%=0
Cycle  17: GP refit  (26 labelled)
  → 2InPS3-1  gap=1.395 eV  best=7.351 eV  top50=0  top10%=0
Cycle  18: GP refit  (27 labelled)
  → 4AsNiS-1  gap=1.507 eV  best=7.351 eV  top50=0  top10%=0
Cycle  19: GP refit  (28 labelled)
  → 2PdTeO3-2  gap=2.509 eV  best=7.351 eV  top50=0  top10%=0
Cycle  20: GP refit  (29 labelled)
  → 1SeNi2S3-1  gap=1.350 eV  best=7.351 eV  top50=0  top10%=0
Cycle  21: full DKL retrain  (30 labelled)
GP warmup: 20 epochs on initial embeddings
Joint DKL training: 50 epochs
  Epoch 20/50  loss=0.5697
  Epoch 40/50  loss=0.4122
DKL training done in 0.6s
  → 1OSeW-1  gap=2.004 eV  best=7.351 eV  top50=0  top10%=0
Cycle  22: GP refit  (31 labelled)
  → 2BrMnSbS2-2  gap=1.201 eV  best=7.351 eV  top50=0  top10%=0
Cycle  23: GP refit  (32 labelled)
  → 2BrIrSe-2  gap=2.067 eV  best=7.351 eV  top50=0  top10%=0
Cycle  24: GP refit  (33 labelled)
  → 1SeAu2O4-1  gap=1.925 eV  best=7.351 eV  top50=0  top10%=0
Cycle  25: GP refit  (34 labelled)
  → 2PSbO4-1  gap=5.770 eV  best=7.351 eV  top50=1  top10%=1
Cycle  26: full DKL retrain  (35 labelled)
GP warmup: 20 epochs on initial embeddings
Joint DKL training: 50 epochs
  Epoch 20/50  loss=0.8987
  Epoch 40/50  loss=0.5992
DKL training done in 0.5s
  → 1AsBrSe-1  gap=1.839 eV  best=7.351 eV  top50=1  top10%=1
Cycle  27: GP refit  (36 labelled)
  → 1BiBrS-1  gap=1.600 eV  best=7.351 eV  top50=1  top10%=1
Cycle  28: GP refit  (37 labelled)
  → 1BiBrS-2  gap=1.980 eV  best=7.351 eV  top50=1  top10%=1
Cycle  29: GP refit  (38 labelled)
  → 2FRhSe-1  gap=2.223 eV  best=7.351 eV  top50=1  top10%=1
Cycle  30: GP refit  (39 labelled)
  → 2HInTeS4-1  gap=2.900 eV  best=7.351 eV  top50=1  top10%=1
Cycle  31: full DKL retrain  (40 labelled)
GP warmup: 20 epochs on initial embeddings
Joint DKL training: 50 epochs
  Epoch 20/50  loss=0.5334
  Epoch 40/50  loss=0.4049
DKL training done in 0.5s
  → 2BiBrHgO2-1  gap=3.519 eV  best=7.351 eV  top50=1  top10%=1
Cycle  32: GP refit  (41 labelled)
  → 2BaBi2O4-1  gap=4.146 eV  best=7.351 eV  top50=1  top10%=1
Cycle  33: GP refit  (42 labelled)
  → 1WCr3Te8-1  gap=0.841 eV  best=7.351 eV  top50=1  top10%=1
Cycle  34: GP refit  (43 labelled)
  → 1BrClGe2Se2-1  gap=2.697 eV  best=7.351 eV  top50=1  top10%=1
Cycle  35: GP refit  (44 labelled)
  → 2HLi3S5-1  gap=3.300 eV  best=7.351 eV  top50=1  top10%=1
Cycle  36: full DKL retrain  (45 labelled)
GP warmup: 20 epochs on initial embeddings
Joint DKL training: 50 epochs
  Epoch 20/50  loss=0.5071
  Epoch 40/50  loss=0.3518
DKL training done in 0.5s
  → 2MoWS4-1  gap=2.062 eV  best=7.351 eV  top50=1  top10%=1
Cycle  37: GP refit  (46 labelled)
  → 2HSeLi3S4-1  gap=3.065 eV  best=7.351 eV  top50=1  top10%=1
Cycle  38: GP refit  (47 labelled)
  → 2InS2-3  gap=1.242 eV  best=7.351 eV  top50=1  top10%=1
Cycle  39: GP refit  (48 labelled)
  → 1CrSe2-1  gap=1.128 eV  best=7.351 eV  top50=1  top10%=1
Cycle  40: GP refit  (49 labelled)
  → 1AsB-1  gap=1.188 eV  best=7.351 eV  top50=1  top10%=1
Cycle  41: full DKL retrain  (50 labelled)
GP warmup: 20 epochs on initial embeddings
Joint DKL training: 50 epochs
  Epoch 20/50  loss=0.3852
  Epoch 40/50  loss=0.2766
DKL training done in 0.4s
  → 4IOSc-1  gap=3.350 eV  best=7.351 eV  top50=1  top10%=1
Cycle  42: GP refit  (51 labelled)
  → 1ZrS2-2  gap=2.023 eV  best=7.351 eV  top50=1  top10%=1
Cycle  43: GP refit  (52 labelled)
  → 2PdSeO3-1  gap=2.663 eV  best=7.351 eV  top50=1  top10%=1
Cycle  44: GP refit  (53 labelled)
  → 2BrGa-1  gap=3.271 eV  best=7.351 eV  top50=1  top10%=1
Cycle  45: GP refit  (54 labelled)
  → 1WMo3S8-1  gap=2.076 eV  best=7.351 eV  top50=1  top10%=1
Cycle  46: full DKL retrain  (55 labelled)
GP warmup: 20 epochs on initial embeddings
Joint DKL training: 50 epochs
  Epoch 20/50  loss=0.1896
  Epoch 40/50  loss=0.0304
DKL training done in 0.6s
  → 2ClIrSe-2  gap=2.235 eV  best=7.351 eV  top50=1  top10%=1
Cycle  47: GP refit  (56 labelled)
  → 1MoS2-1  gap=2.087 eV  best=7.351 eV  top50=1  top10%=1
Cycle  48: GP refit  (57 labelled)
  → 2ClRhS-1  gap=2.270 eV  best=7.351 eV  top50=1  top10%=1
Cycle  49: GP refit  (58 labelled)
  → 2HTeLi3S4-1  gap=2.992 eV  best=7.351 eV  top50=1  top10%=1
Cycle  50: GP refit  (59 labelled)
  → 4NiPS-1  gap=2.172 eV  best=7.351 eV  top50=1  top10%=1
Cycle  51: full DKL retrain  (60 labelled)
GP warmup: 20 epochs on initial embeddings
Joint DKL training: 50 epochs
  Epoch 20/50  loss=0.0213
  Epoch 40/50  loss=-0.0883
DKL training done in 0.6s
  → 2SrBi2O4-1  gap=4.038 eV  best=7.351 eV  top50=1  top10%=1
Cycle  52: GP refit  (61 labelled)
  → 4LiSbS2-1  gap=2.746 eV  best=7.351 eV  top50=1  top10%=1
Cycle  53: GP refit  (62 labelled)
  → 1CrS2-1  gap=1.351 eV  best=7.351 eV  top50=1  top10%=1
Cycle  54: GP refit  (63 labelled)
  → 1BrClS4I6In8-1  gap=1.965 eV  best=7.351 eV  top50=1  top10%=1
Cycle  55: GP refit  (64 labelled)
  → 1BrIV-1  gap=3.500 eV  best=7.351 eV  top50=1  top10%=1
Cycle  56: full DKL retrain  (65 labelled)
GP warmup: 20 epochs on initial embeddings
Joint DKL training: 50 epochs
  Epoch 20/50  loss=0.2443
  Epoch 40/50  loss=0.0596
DKL training done in 0.7s
  → 1OSTi-1  gap=1.777 eV  best=7.351 eV  top50=1  top10%=1
Cycle  57: GP refit  (66 labelled)
  → 1BrISCd2-1  gap=1.715 eV  best=7.351 eV  top50=1  top10%=1
Cycle  58: GP refit  (67 labelled)
  → 1OSW-1  gap=2.257 eV  best=7.351 eV  top50=1  top10%=1
Cycle  59: GP refit  (68 labelled)
  → 1BrTeTi-1  gap=0.763 eV  best=7.351 eV  top50=1  top10%=1
Cycle  60: GP refit  (69 labelled)
  → 2CoHO2-1  gap=2.596 eV  best=7.351 eV  top50=1  top10%=1
Cycle  61: full DKL retrain  (70 labelled)
GP warmup: 20 epochs on initial embeddings
Joint DKL training: 50 epochs
  Epoch 20/50  loss=0.0258
  Epoch 40/50  loss=-0.0877
DKL training done in 0.7s
  → 1ClIrS-1  gap=2.505 eV  best=7.351 eV  top50=1  top10%=1
Cycle  62: GP refit  (71 labelled)
  → 2BrIrS-2  gap=2.065 eV  best=7.351 eV  top50=1  top10%=1
Cycle  63: GP refit  (72 labelled)
  → 1PbCl2-2  gap=3.856 eV  best=7.351 eV  top50=1  top10%=1
Cycle  64: GP refit  (73 labelled)
  → 1ClCrTe-1  gap=1.108 eV  best=7.351 eV  top50=1  top10%=1
Cycle  65: GP refit  (74 labelled)
  → 1ClIY-1  gap=0.773 eV  best=7.351 eV  top50=1  top10%=1
Cycle  66: full DKL retrain  (75 labelled)
GP warmup: 20 epochs on initial embeddings
Joint DKL training: 50 epochs
  Epoch 20/50  loss=0.0561
  Epoch 40/50  loss=-0.1240
DKL training done in 0.7s
  → 1CdHIS-1  gap=2.851 eV  best=7.351 eV  top50=1  top10%=1
Cycle  67: GP refit  (76 labelled)
  → 1AlN-1  gap=4.048 eV  best=7.351 eV  top50=1  top10%=1
Cycle  68: GP refit  (77 labelled)
  → 2ScSe-3  gap=0.933 eV  best=7.351 eV  top50=1  top10%=1
Cycle  69: GP refit  (78 labelled)
  → 1AgAlP2S6-1  gap=3.132 eV  best=7.351 eV  top50=1  top10%=1
Cycle  70: GP refit  (79 labelled)
  → 2BrCu-3  gap=3.475 eV  best=7.351 eV  top50=1  top10%=1
Cycle  71: full DKL retrain  (80 labelled)
GP warmup: 20 epochs on initial embeddings
Joint DKL training: 50 epochs
  Epoch 20/50  loss=0.0815
  Epoch 40/50  loss=-0.1069
DKL training done in 0.6s
  → 1ClScTe-1  gap=1.807 eV  best=7.351 eV  top50=1  top10%=1
Cycle  72: GP refit  (81 labelled)
  → 2ClIrS-2  gap=2.204 eV  best=7.351 eV  top50=1  top10%=1
Cycle  73: GP refit  (82 labelled)
  → 1CdGeSSeBr2-1  gap=1.544 eV  best=7.351 eV  top50=1  top10%=1
Cycle  74: GP refit  (83 labelled)
  → 1AgInP2S6-1  gap=2.365 eV  best=7.351 eV  top50=1  top10%=1
Cycle  75: GP refit  (84 labelled)
  → 1BrHfI-1  gap=1.157 eV  best=7.351 eV  top50=1  top10%=1
Cycle  76: full DKL retrain  (85 labelled)
GP warmup: 20 epochs on initial embeddings
Joint DKL training: 50 epochs
  Epoch 20/50  loss=-0.0934
  Epoch 40/50  loss=-0.2519
DKL training done in 0.6s
  → 1AgScP2S6-1  gap=3.453 eV  best=7.351 eV  top50=1  top10%=1
Cycle  77: GP refit  (86 labelled)
  → 1CrHS2-1  gap=2.800 eV  best=7.351 eV  top50=1  top10%=1
Cycle  78: GP refit  (87 labelled)
  → 2FIrSe-1  gap=2.172 eV  best=7.351 eV  top50=1  top10%=1
Cycle  79: GP refit  (88 labelled)
  → 2BiCdIO2-1  gap=2.598 eV  best=7.351 eV  top50=1  top10%=1
Cycle  80: GP refit  (89 labelled)
  → 1BrSbSe-1  gap=1.649 eV  best=7.351 eV  top50=1  top10%=1
Cycle  81: full DKL retrain  (90 labelled)
GP warmup: 20 epochs on initial embeddings
Joint DKL training: 50 epochs
  Epoch 20/50  loss=-0.3612
  Epoch 40/50  loss=-0.5211
DKL training done in 0.6s
  → 2FIrS-2  gap=2.104 eV  best=7.351 eV  top50=1  top10%=1
Cycle  82: GP refit  (91 labelled)
  → 1AuInCl2S2-1  gap=2.584 eV  best=7.351 eV  top50=1  top10%=1
Cycle  83: GP refit  (92 labelled)
  → 1TiBr2-1  gap=1.166 eV  best=7.351 eV  top50=1  top10%=1
Cycle  84: GP refit  (93 labelled)
  → 1N2O2Y3-1  gap=1.648 eV  best=7.351 eV  top50=1  top10%=1
Cycle  85: GP refit  (94 labelled)
  → 2HTeNa3S4-1  gap=3.502 eV  best=7.351 eV  top50=1  top10%=1
Cycle  86: full DKL retrain  (95 labelled)
GP warmup: 20 epochs on initial embeddings
Joint DKL training: 50 epochs
  Epoch 20/50  loss=-0.2499
  Epoch 40/50  loss=-0.4060
DKL training done in 0.6s
  → 2CuS-2  gap=1.311 eV  best=7.351 eV  top50=1  top10%=1
Cycle  87: GP refit  (96 labelled)
  → 1BrClCa2S2-1  gap=3.810 eV  best=7.351 eV  top50=1  top10%=1
Cycle  88: GP refit  (97 labelled)
  → 2CaFI-1  gap=5.209 eV  best=7.351 eV  top50=1  top10%=2
Cycle  89: GP refit  (98 labelled)
  → 1AgGaP2S6-1  gap=2.285 eV  best=7.351 eV  top50=1  top10%=2
Cycle  90: GP refit  (99 labelled)
  → 1SnBr2S2-1  gap=1.490 eV  best=7.351 eV  top50=1  top10%=2
Cycle  91: full DKL retrain  (100 labelled)
GP warmup: 20 epochs on initial embeddings
Joint DKL training: 50 epochs
  Epoch 20/50  loss=0.1480
  Epoch 40/50  loss=-0.0506
DKL training done in 0.4s
  → 2TiCl2-1  gap=0.997 eV  best=7.351 eV  top50=1  top10%=2
Cycle  92: GP refit  (101 labelled)
  → 4NaSbS2-2  gap=2.102 eV  best=7.351 eV  top50=1  top10%=2
Cycle  93: GP refit  (102 labelled)
  → 4BrCd-1  gap=1.771 eV  best=7.351 eV  top50=1  top10%=2
Cycle  94: GP refit  (103 labelled)
  → 1TiO2-3  gap=3.447 eV  best=7.351 eV  top50=1  top10%=2
Cycle  95: GP refit  (104 labelled)
  → 2TeV-4  gap=0.774 eV  best=7.351 eV  top50=1  top10%=2
Cycle  96: full DKL retrain  (105 labelled)
GP warmup: 20 epochs on initial embeddings
Joint DKL training: 50 epochs
  Epoch 20/50  loss=-0.0119
  Epoch 40/50  loss=-0.2072
DKL training done in 0.6s
  → 2BiBrCdO2-1  gap=3.667 eV  best=7.351 eV  top50=1  top10%=2
Cycle  97: GP refit  (106 labelled)
  → 2FRhS-1  gap=2.175 eV  best=7.351 eV  top50=1  top10%=2
Cycle  98: GP refit  (107 labelled)
  → 4NbS3-2  gap=1.030 eV  best=7.351 eV  top50=1  top10%=2
Cycle  99: GP refit  (108 labelled)
  → 1TeNb3Br7-1  gap=1.436 eV  best=7.351 eV  top50=1  top10%=2
Cycle 100: GP refit  (109 labelled)
  → 2SeV-4  gap=0.788 eV  best=7.351 eV  top50=1  top10%=2
  dkl_finetune/seed12 → best_inwin=2.992 top10=2 top50=8
BOLoop: 766 materials  |  direction=max  |  top-50 internal threshold=5.35  top-10% internal threshold=4.94
Init: 10 random labels  |  best (max) = 4.438
Cycle   1: full DKL retrain  (10 labelled)
GP warmup: 20 epochs on initial embeddings
/home/roy/Desktop/DKL-BO/venv/lib/python3.13/site-packages/torch/_compile.py:54: UserWarning: optimizer contains a parameter group with duplicate parameters; in future, this will cause an error; see github.com/pytorch/pytorch/issues/40967 for more information
  return disable_fn(*args, **kwargs)
Joint DKL training: 50 epochs
  Epoch 20/50  loss=1.5165
  Epoch 40/50  loss=1.3914
DKL training done in 0.6s
  → 2PdSeO3-1  gap=2.663 eV  best=4.438 eV  top50=0  top10%=0
Cycle   2: GP refit  (11 labelled)
  → 2CoI2Sb2O3-1  gap=3.324 eV  best=4.438 eV  top50=0  top10%=0
Cycle   3: GP refit  (12 labelled)
  → 2PdSO3-1  gap=2.851 eV  best=4.438 eV  top50=0  top10%=0
Cycle   4: GP refit  (13 labelled)
  → 1BrClGe2Se2-1  gap=2.697 eV  best=4.438 eV  top50=0  top10%=0
Cycle   5: GP refit  (14 labelled)
  → 2RuSe2-1  gap=1.595 eV  best=4.438 eV  top50=0  top10%=0
Cycle   6: full DKL retrain  (15 labelled)
GP warmup: 20 epochs on initial embeddings
Joint DKL training: 50 epochs
  Epoch 20/50  loss=0.6719
  Epoch 40/50  loss=0.4568
DKL training done in 0.6s
  → 1CaCl2-2  gap=6.384 eV  best=6.384 eV  top50=1  top10%=1
Cycle   7: GP refit  (16 labelled)
  → 1SeTa3Cl7-1  gap=1.582 eV  best=6.384 eV  top50=1  top10%=1
Cycle   8: GP refit  (17 labelled)
  → 1NiZrCl6-1  gap=4.484 eV  best=6.384 eV  top50=1  top10%=1
Cycle   9: GP refit  (18 labelled)
  → 1SNb3Cl7-1  gap=1.654 eV  best=6.384 eV  top50=1  top10%=1
Cycle  10: GP refit  (19 labelled)
  → 1ScI2-2  gap=0.573 eV  best=6.384 eV  top50=1  top10%=1
Cycle  11: full DKL retrain  (20 labelled)
GP warmup: 20 epochs on initial embeddings
Joint DKL training: 50 epochs
  Epoch 20/50  loss=1.2413
  Epoch 40/50  loss=0.4551
DKL training done in 0.5s
  → 4OSb2Se2-1  gap=2.083 eV  best=6.384 eV  top50=1  top10%=1
Cycle  12: GP refit  (21 labelled)
  → 1CdGeSSeBr2-1  gap=1.544 eV  best=6.384 eV  top50=1  top10%=1
Cycle  13: GP refit  (22 labelled)
  → 2KNORuCl5-1  gap=1.558 eV  best=6.384 eV  top50=1  top10%=1
Cycle  14: GP refit  (23 labelled)
  → 1AgMoBr4-1  gap=2.166 eV  best=6.384 eV  top50=1  top10%=1
Cycle  15: GP refit  (24 labelled)
  → 2NRbRuSF5-1  gap=2.622 eV  best=6.384 eV  top50=1  top10%=1
Cycle  16: full DKL retrain  (25 labelled)
GP warmup: 20 epochs on initial embeddings
Joint DKL training: 50 epochs
  Epoch 20/50  loss=0.4548
  Epoch 40/50  loss=0.1660
DKL training done in 0.5s
  → 1ZrBr2-1  gap=1.276 eV  best=6.384 eV  top50=1  top10%=1
Cycle  17: GP refit  (26 labelled)
  → 2CsNOOsF5-1  gap=2.891 eV  best=6.384 eV  top50=1  top10%=1
Cycle  18: GP refit  (27 labelled)
  → 2AuO-1  gap=0.865 eV  best=6.384 eV  top50=1  top10%=1
Cycle  19: GP refit  (28 labelled)
  → 2BiFHgO2-1  gap=3.344 eV  best=6.384 eV  top50=1  top10%=1
Cycle  20: GP refit  (29 labelled)
  → 4NiPS-1  gap=2.172 eV  best=6.384 eV  top50=1  top10%=1
Cycle  21: full DKL retrain  (30 labelled)
GP warmup: 20 epochs on initial embeddings
Joint DKL training: 50 epochs
  Epoch 20/50  loss=0.1427
  Epoch 40/50  loss=-0.0144
DKL training done in 0.4s
  → 2CRbO3-1  gap=2.673 eV  best=6.384 eV  top50=1  top10%=1
Cycle  22: GP refit  (31 labelled)
  → 1YBr2-1  gap=0.901 eV  best=6.384 eV  top50=1  top10%=1
Cycle  23: GP refit  (32 labelled)
  → 2BrHSr-1  gap=5.479 eV  best=6.384 eV  top50=2  top10%=2
Cycle  24: GP refit  (33 labelled)
  → 2BiBrHgO2-1  gap=3.519 eV  best=6.384 eV  top50=2  top10%=2
Cycle  25: GP refit  (34 labelled)
  → 1BrClTi-1  gap=1.297 eV  best=6.384 eV  top50=2  top10%=2
Cycle  26: full DKL retrain  (35 labelled)
GP warmup: 20 epochs on initial embeddings
Joint DKL training: 50 epochs
  Epoch 20/50  loss=0.2063
  Epoch 40/50  loss=-0.2933
DKL training done in 0.5s
  → 2KNORuF5-1  gap=3.089 eV  best=6.384 eV  top50=2  top10%=2
Cycle  27: GP refit  (36 labelled)
  → 1ClO2V2Br3-1  gap=1.976 eV  best=6.384 eV  top50=2  top10%=2
Cycle  28: GP refit  (37 labelled)
  → 2PtF3-1  gap=2.703 eV  best=6.384 eV  top50=2  top10%=2
Cycle  29: GP refit  (38 labelled)
  → 2KNOOsF5-1  gap=2.833 eV  best=6.384 eV  top50=2  top10%=2
Cycle  30: GP refit  (39 labelled)
  → 1C2O2Zr3-1  gap=0.961 eV  best=6.384 eV  top50=2  top10%=2
Cycle  31: full DKL retrain  (40 labelled)
GP warmup: 20 epochs on initial embeddings
Joint DKL training: 50 epochs
  Epoch 20/50  loss=0.0416
  Epoch 40/50  loss=-0.4455
DKL training done in 0.6s
  → 1ISbTe-1  gap=1.322 eV  best=6.384 eV  top50=2  top10%=2
Cycle  32: GP refit  (41 labelled)
  → 1BP-1  gap=1.362 eV  best=6.384 eV  top50=2  top10%=2
Cycle  33: GP refit  (42 labelled)
  → 1CSiF2-1  gap=3.306 eV  best=6.384 eV  top50=2  top10%=2
Cycle  34: GP refit  (43 labelled)
  → 2ClIrS-2  gap=2.204 eV  best=6.384 eV  top50=2  top10%=2
Cycle  35: GP refit  (44 labelled)
  → 1OVCl2-1  gap=3.144 eV  best=6.384 eV  top50=2  top10%=2
Cycle  36: full DKL retrain  (45 labelled)
GP warmup: 20 epochs on initial embeddings
Joint DKL training: 50 epochs
  Epoch 20/50  loss=-0.1886
  Epoch 40/50  loss=-0.3594
DKL training done in 0.6s
  → 2NbOCl2-1  gap=1.951 eV  best=6.384 eV  top50=2  top10%=2
Cycle  37: GP refit  (46 labelled)
  → 2CCsO3-1  gap=2.664 eV  best=6.384 eV  top50=2  top10%=2
Cycle  38: GP refit  (47 labelled)
  → 1HgBr2-4  gap=2.459 eV  best=6.384 eV  top50=2  top10%=2
Cycle  39: GP refit  (48 labelled)
  → 1BrHf2S2Cl3-1  gap=3.424 eV  best=6.384 eV  top50=2  top10%=2
Cycle  40: GP refit  (49 labelled)
  → 1MgBr2-3  gap=4.662 eV  best=6.384 eV  top50=2  top10%=2
Cycle  41: full DKL retrain  (50 labelled)
GP warmup: 20 epochs on initial embeddings
Joint DKL training: 50 epochs
  Epoch 20/50  loss=-0.1881
  Epoch 40/50  loss=-0.3311
DKL training done in 0.6s
  → 1SeNb3F7-1  gap=1.807 eV  best=6.384 eV  top50=2  top10%=2
Cycle  42: GP refit  (51 labelled)
  → 2FIrSe-1  gap=2.172 eV  best=6.384 eV  top50=2  top10%=2
Cycle  43: GP refit  (52 labelled)
  → 1SNb3F7-1  gap=1.872 eV  best=6.384 eV  top50=2  top10%=2
Cycle  44: GP refit  (53 labelled)
  → 1TeNb3F7-1  gap=1.719 eV  best=6.384 eV  top50=2  top10%=2
Cycle  45: GP refit  (54 labelled)
  → 2ClCu-4  gap=3.657 eV  best=6.384 eV  top50=2  top10%=2
Cycle  46: full DKL retrain  (55 labelled)
GP warmup: 20 epochs on initial embeddings
Joint DKL training: 50 epochs
  Epoch 20/50  loss=0.1211
  Epoch 40/50  loss=-0.0778
DKL training done in 0.8s
  → 1AuInF4-1  gap=2.106 eV  best=6.384 eV  top50=2  top10%=2
Cycle  47: GP refit  (56 labelled)
  → 2ClNbO2-1  gap=4.453 eV  best=6.384 eV  top50=2  top10%=2
Cycle  48: GP refit  (57 labelled)
  → 2FIrS-2  gap=2.104 eV  best=6.384 eV  top50=2  top10%=2
Cycle  49: GP refit  (58 labelled)
  → 1SeAg2O4-1  gap=3.121 eV  best=6.384 eV  top50=2  top10%=2
Cycle  50: GP refit  (59 labelled)
  → 2CsNRuSF5-1  gap=2.579 eV  best=6.384 eV  top50=2  top10%=2
Cycle  51: full DKL retrain  (60 labelled)
GP warmup: 20 epochs on initial embeddings
Joint DKL training: 50 epochs
  Epoch 20/50  loss=0.1888
  Epoch 40/50  loss=0.0278
DKL training done in 0.6s
  → 1HfI2-1  gap=1.022 eV  best=6.384 eV  top50=2  top10%=2
Cycle  52: GP refit  (61 labelled)
  → 1SSnO4-1  gap=5.411 eV  best=6.384 eV  top50=3  top10%=3
Cycle  53: GP refit  (62 labelled)
  → 2CKOOsF5-1  gap=1.831 eV  best=6.384 eV  top50=3  top10%=3
Cycle  54: GP refit  (63 labelled)
  → 2HfI2-1  gap=1.014 eV  best=6.384 eV  top50=3  top10%=3
Cycle  55: GP refit  (64 labelled)
  → 1PdZrCl6-1  gap=2.434 eV  best=6.384 eV  top50=3  top10%=3
Cycle  56: full DKL retrain  (65 labelled)
GP warmup: 20 epochs on initial embeddings
Joint DKL training: 50 epochs
  Epoch 20/50  loss=0.3004
  Epoch 40/50  loss=0.0837
DKL training done in 0.6s
  → 2HfBr2-1  gap=1.334 eV  best=6.384 eV  top50=3  top10%=3
Cycle  57: GP refit  (66 labelled)
  → 2KNbF6-1  gap=8.177 eV  best=8.177 eV  top50=4  top10%=4
Cycle  58: GP refit  (67 labelled)
  → 1BrClCa2S2-1  gap=3.810 eV  best=8.177 eV  top50=4  top10%=4
Cycle  59: GP refit  (68 labelled)
  → 4AgCl2-1  gap=0.971 eV  best=8.177 eV  top50=4  top10%=4
Cycle  60: GP refit  (69 labelled)
  → 2AgO-1  gap=1.126 eV  best=8.177 eV  top50=4  top10%=4
Cycle  61: full DKL retrain  (70 labelled)
GP warmup: 20 epochs on initial embeddings
Joint DKL training: 50 epochs
  Epoch 20/50  loss=0.8136
  Epoch 40/50  loss=0.2808
DKL training done in 0.6s
  → 1MoOTe-1  gap=0.867 eV  best=8.177 eV  top50=4  top10%=4
Cycle  62: GP refit  (71 labelled)
  → 1SnCl2-2  gap=3.537 eV  best=8.177 eV  top50=4  top10%=4
Cycle  63: GP refit  (72 labelled)
  → 1ClSSb-2  gap=2.321 eV  best=8.177 eV  top50=4  top10%=4
Cycle  64: GP refit  (73 labelled)
  → 1STa3F7-1  gap=1.799 eV  best=8.177 eV  top50=4  top10%=4
Cycle  65: GP refit  (74 labelled)
  → 2RuO2-1  gap=0.693 eV  best=8.177 eV  top50=4  top10%=4
Cycle  66: full DKL retrain  (75 labelled)
GP warmup: 20 epochs on initial embeddings
Joint DKL training: 50 epochs
  Epoch 20/50  loss=0.5379
  Epoch 40/50  loss=0.2805
DKL training done in 0.6s
  → 2BiO-1  gap=1.042 eV  best=8.177 eV  top50=4  top10%=4
Cycle  67: GP refit  (76 labelled)
  → 1MoOS-1  gap=1.831 eV  best=8.177 eV  top50=4  top10%=4
Cycle  68: GP refit  (77 labelled)
  → 1BrClHf-1  gap=1.361 eV  best=8.177 eV  top50=4  top10%=4
Cycle  69: GP refit  (78 labelled)
  → 2BaClI-1  gap=4.709 eV  best=8.177 eV  top50=4  top10%=4
Cycle  70: GP refit  (79 labelled)
  → 2HNaSe-1  gap=3.958 eV  best=8.177 eV  top50=4  top10%=4
Cycle  71: full DKL retrain  (80 labelled)
GP warmup: 20 epochs on initial embeddings
Joint DKL training: 50 epochs
  Epoch 20/50  loss=0.3491
  Epoch 40/50  loss=0.1523
DKL training done in 0.4s
  → 2Bi2O3-2  gap=4.095 eV  best=8.177 eV  top50=4  top10%=4
Cycle  72: GP refit  (81 labelled)
  → 1MoAu2O4-2  gap=4.110 eV  best=8.177 eV  top50=4  top10%=4
Cycle  73: GP refit  (82 labelled)
  → 1IPd2Cl5-1  gap=1.393 eV  best=8.177 eV  top50=4  top10%=4
Cycle  74: GP refit  (83 labelled)
  → 2NOsRbSF5-1  gap=2.520 eV  best=8.177 eV  top50=4  top10%=4
Cycle  75: GP refit  (84 labelled)
  → 4OSn-1  gap=3.719 eV  best=8.177 eV  top50=4  top10%=4
Cycle  76: full DKL retrain  (85 labelled)
GP warmup: 20 epochs on initial embeddings
Joint DKL training: 50 epochs
  Epoch 20/50  loss=0.1403
  Epoch 40/50  loss=-0.0583
DKL training done in 0.6s
  → 2CoAs2Br2O3-1  gap=3.781 eV  best=8.177 eV  top50=4  top10%=4
Cycle  77: GP refit  (86 labelled)
  → 1FeCl2-3  gap=0.071 eV  best=8.177 eV  top50=4  top10%=4
Cycle  78: GP refit  (87 labelled)
  → 1FeZrCl6-1  gap=3.545 eV  best=8.177 eV  top50=4  top10%=4
Cycle  79: GP refit  (88 labelled)
  → 2CoBi2I2O3-1  gap=2.811 eV  best=8.177 eV  top50=4  top10%=4
Cycle  80: GP refit  (89 labelled)
  → 2KNOsSF5-1  gap=2.516 eV  best=8.177 eV  top50=4  top10%=4
Cycle  81: full DKL retrain  (90 labelled)
GP warmup: 20 epochs on initial embeddings
Joint DKL training: 50 epochs
  Epoch 20/50  loss=0.2459
  Epoch 40/50  loss=-0.0050
DKL training done in 0.6s
  → 2AgF-3  gap=2.475 eV  best=8.177 eV  top50=4  top10%=4
Cycle  82: GP refit  (91 labelled)
  → 1FeHfCl6-1  gap=3.810 eV  best=8.177 eV  top50=4  top10%=4
Cycle  83: GP refit  (92 labelled)
  → 1SnBr2-2  gap=3.220 eV  best=8.177 eV  top50=4  top10%=4
Cycle  84: GP refit  (93 labelled)
  → 1PdZrI6-1  gap=1.341 eV  best=8.177 eV  top50=4  top10%=4
Cycle  85: GP refit  (94 labelled)
  → 2HLiS-1  gap=5.028 eV  best=8.177 eV  top50=4  top10%=5
Cycle  86: full DKL retrain  (95 labelled)
GP warmup: 20 epochs on initial embeddings
Joint DKL training: 50 epochs
  Epoch 20/50  loss=-0.1285
  Epoch 40/50  loss=-0.3289
DKL training done in 0.5s
  → 1HfPdCl6-1  gap=2.459 eV  best=8.177 eV  top50=4  top10%=5
Cycle  87: GP refit  (96 labelled)
  → 1WCu2S4-1  gap=2.994 eV  best=8.177 eV  top50=4  top10%=5
Cycle  88: GP refit  (97 labelled)
  → 2ClGa-1  gap=3.220 eV  best=8.177 eV  top50=4  top10%=5
Cycle  89: GP refit  (98 labelled)
  → 2OPb-1  gap=3.463 eV  best=8.177 eV  top50=4  top10%=5
Cycle  90: GP refit  (99 labelled)
  → 2OPb-3  gap=1.090 eV  best=8.177 eV  top50=4  top10%=5
Cycle  91: full DKL retrain  (100 labelled)
GP warmup: 20 epochs on initial embeddings
Joint DKL training: 50 epochs
  Epoch 20/50  loss=-0.1262
  Epoch 40/50  loss=-0.5756
DKL training done in 0.6s
  → 1ZnCl2-3  gap=4.718 eV  best=8.177 eV  top50=4  top10%=5
Cycle  92: GP refit  (101 labelled)
  → 1CdHIS-1  gap=2.851 eV  best=8.177 eV  top50=4  top10%=5
Cycle  93: GP refit  (102 labelled)
  → 2IrO-2  gap=0.230 eV  best=8.177 eV  top50=4  top10%=5
Cycle  94: GP refit  (103 labelled)
  → 1LiNbBr6-1  gap=2.937 eV  best=8.177 eV  top50=4  top10%=5
Cycle  95: GP refit  (104 labelled)
  → 2PdTeO3-2  gap=2.509 eV  best=8.177 eV  top50=4  top10%=5
Cycle  96: full DKL retrain  (105 labelled)
GP warmup: 20 epochs on initial embeddings
Joint DKL training: 50 epochs
  Epoch 20/50  loss=-0.0483
  Epoch 40/50  loss=-0.2381
DKL training done in 0.4s
  → 1AuClCuI-1  gap=3.695 eV  best=8.177 eV  top50=4  top10%=5
Cycle  97: GP refit  (106 labelled)
  → 2GaI-1  gap=2.399 eV  best=8.177 eV  top50=4  top10%=5
Cycle  98: GP refit  (107 labelled)
  → 1SeAu2O4-1  gap=1.925 eV  best=8.177 eV  top50=4  top10%=5
Cycle  99: GP refit  (108 labelled)
  → 2CsNOsSF5-1  gap=2.525 eV  best=8.177 eV  top50=4  top10%=5
Cycle 100: GP refit  (109 labelled)
  → 4AgF2-2  gap=1.637 eV  best=8.177 eV  top50=4  top10%=5
  dkl_finetune/seed13 → best_inwin=2.994 top10=2 top50=13
BOLoop: 766 materials  |  direction=max  |  top-50 internal threshold=5.35  top-10% internal threshold=4.94
Init: 10 random labels  |  best (max) = 5.379
Cycle   1: full DKL retrain  (10 labelled)
GP warmup: 20 epochs on initial embeddings
/home/roy/Desktop/DKL-BO/venv/lib/python3.13/site-packages/torch/_compile.py:54: UserWarning: optimizer contains a parameter group with duplicate parameters; in future, this will cause an error; see github.com/pytorch/pytorch/issues/40967 for more information
  return disable_fn(*args, **kwargs)
Joint DKL training: 50 epochs
  Epoch 20/50  loss=1.9828
  Epoch 40/50  loss=1.8487
DKL training done in 0.5s
  → 1HfPdCl6-1  gap=2.459 eV  best=5.379 eV  top50=0  top10%=0
Cycle   2: GP refit  (11 labelled)
  → 1FeZrBr6-1  gap=3.164 eV  best=5.379 eV  top50=0  top10%=0
Cycle   3: GP refit  (12 labelled)
  → 1ClScTe-1  gap=1.807 eV  best=5.379 eV  top50=0  top10%=0
Cycle   4: GP refit  (13 labelled)
  → 1TeNb3Cl7-1  gap=1.542 eV  best=5.379 eV  top50=0  top10%=0
Cycle   5: GP refit  (14 labelled)
  → 1FeHfBr6-1  gap=3.395 eV  best=5.379 eV  top50=0  top10%=0
Cycle   6: full DKL retrain  (15 labelled)
GP warmup: 20 epochs on initial embeddings
Joint DKL training: 50 epochs
  Epoch 20/50  loss=0.9480
  Epoch 40/50  loss=0.7144
DKL training done in 0.7s
  → 1FeHfCl6-1  gap=3.810 eV  best=5.379 eV  top50=0  top10%=0
Cycle   7: GP refit  (16 labelled)
  → 2ClNbO2-1  gap=4.453 eV  best=5.379 eV  top50=0  top10%=0
Cycle   8: GP refit  (17 labelled)
  → 1IrRuS2Br4-1  gap=0.554 eV  best=5.379 eV  top50=0  top10%=0
Cycle   9: GP refit  (18 labelled)
  → 2CoI2Sb2O3-1  gap=3.324 eV  best=5.379 eV  top50=0  top10%=0
Cycle  10: GP refit  (19 labelled)
  → 1TeTa3Br7-1  gap=1.397 eV  best=5.379 eV  top50=0  top10%=0
Cycle  11: full DKL retrain  (20 labelled)
GP warmup: 20 epochs on initial embeddings
Joint DKL training: 50 epochs
  Epoch 20/50  loss=0.5119
  Epoch 40/50  loss=0.3322
DKL training done in 0.6s
  → 2AlS-1  gap=2.881 eV  best=5.379 eV  top50=0  top10%=0
Cycle  12: GP refit  (21 labelled)
  → 1OScHf3N3Br4-1  gap=4.148 eV  best=5.379 eV  top50=0  top10%=0
Cycle  13: GP refit  (22 labelled)
  → 1AgMoBr4-1  gap=2.166 eV  best=5.379 eV  top50=0  top10%=0
Cycle  14: GP refit  (23 labelled)
  → 1ISY-1  gap=3.985 eV  best=5.379 eV  top50=0  top10%=0
Cycle  15: GP refit  (24 labelled)
  → 1ClSbSe-1  gap=1.804 eV  best=5.379 eV  top50=0  top10%=0
Cycle  16: full DKL retrain  (25 labelled)
GP warmup: 20 epochs on initial embeddings
Joint DKL training: 50 epochs
  Epoch 20/50  loss=0.2008
  Epoch 40/50  loss=-0.1277
DKL training done in 0.6s
  → 2AlTe-1  gap=2.363 eV  best=5.379 eV  top50=0  top10%=0
Cycle  17: GP refit  (26 labelled)
  → 1BiClTe-1  gap=1.198 eV  best=5.379 eV  top50=0  top10%=0
Cycle  18: GP refit  (27 labelled)
  → 2InPS3-1  gap=1.395 eV  best=5.379 eV  top50=0  top10%=0
Cycle  19: GP refit  (28 labelled)
  → 4LiSbS2-1  gap=2.746 eV  best=5.379 eV  top50=0  top10%=0
Cycle  20: GP refit  (29 labelled)
  → 2GaS-1  gap=3.197 eV  best=5.379 eV  top50=0  top10%=0
Cycle  21: full DKL retrain  (30 labelled)
GP warmup: 20 epochs on initial embeddings
Joint DKL training: 50 epochs
  Epoch 20/50  loss=0.1722
  Epoch 40/50  loss=-0.0288
DKL training done in 0.7s
  → 2CoBi2I2O3-1  gap=2.811 eV  best=5.379 eV  top50=0  top10%=0
Cycle  22: GP refit  (31 labelled)
  → 2BaBi2S4-1  gap=2.313 eV  best=5.379 eV  top50=0  top10%=0
Cycle  23: GP refit  (32 labelled)
  → 1HgCl2-3  gap=3.201 eV  best=5.379 eV  top50=0  top10%=0
Cycle  24: GP refit  (33 labelled)
  → 1GeCl2-2  gap=3.875 eV  best=5.379 eV  top50=0  top10%=0
Cycle  25: GP refit  (34 labelled)
  → 1ZnBr2-3  gap=3.449 eV  best=5.379 eV  top50=0  top10%=0
Cycle  26: full DKL retrain  (35 labelled)
GP warmup: 20 epochs on initial embeddings
Joint DKL training: 50 epochs
  Epoch 20/50  loss=-0.3514
  Epoch 40/50  loss=-0.5160
DKL training done in 0.6s
  → 1BrCdI-1  gap=3.053 eV  best=5.379 eV  top50=0  top10%=0
Cycle  27: GP refit  (36 labelled)
  → 2FRhSe-1  gap=2.223 eV  best=5.379 eV  top50=0  top10%=0
Cycle  28: GP refit  (37 labelled)
  → 2STl-2  gap=1.159 eV  best=5.379 eV  top50=0  top10%=0
Cycle  29: GP refit  (38 labelled)
  → 1BrIV-1  gap=3.500 eV  best=5.379 eV  top50=0  top10%=0
Cycle  30: GP refit  (39 labelled)
  → 2CaHI-1  gap=4.709 eV  best=5.379 eV  top50=0  top10%=0
Cycle  31: full DKL retrain  (40 labelled)
GP warmup: 20 epochs on initial embeddings
Joint DKL training: 50 epochs
  Epoch 20/50  loss=-0.3891
  Epoch 40/50  loss=-0.5798
DKL training done in 0.5s
  → 1SnBr2-2  gap=3.220 eV  best=5.379 eV  top50=0  top10%=0
Cycle  32: GP refit  (41 labelled)
  → 2As2S3-4  gap=3.247 eV  best=5.379 eV  top50=0  top10%=0
Cycle  33: GP refit  (42 labelled)
  → 2NRbRuSCl5-1  gap=1.324 eV  best=5.379 eV  top50=0  top10%=0
Cycle  34: GP refit  (43 labelled)
  → 1ZnI2-3  gap=1.644 eV  best=5.379 eV  top50=0  top10%=0
Cycle  35: GP refit  (44 labelled)
  → 1FeI2-3  gap=0.020 eV  best=5.379 eV  top50=0  top10%=0
Cycle  36: full DKL retrain  (45 labelled)
GP warmup: 20 epochs on initial embeddings
Joint DKL training: 50 epochs
  Epoch 20/50  loss=0.0193
  Epoch 40/50  loss=-0.2042
DKL training done in 0.5s
  → 2GaTe-1  gap=1.862 eV  best=5.379 eV  top50=0  top10%=0
Cycle  37: GP refit  (46 labelled)
  → 1BrClZr-1  gap=1.397 eV  best=5.379 eV  top50=0  top10%=0
Cycle  38: GP refit  (47 labelled)
  → 2NOsRbSCl5-1  gap=1.486 eV  best=5.379 eV  top50=0  top10%=0
Cycle  39: GP refit  (48 labelled)
  → 1HfPdBr6-1  gap=2.003 eV  best=5.379 eV  top50=0  top10%=0
Cycle  40: GP refit  (49 labelled)
  → 2TiCl2-1  gap=0.997 eV  best=5.379 eV  top50=0  top10%=0
Cycle  41: full DKL retrain  (50 labelled)
GP warmup: 20 epochs on initial embeddings
Joint DKL training: 50 epochs
  Epoch 20/50  loss=0.3989
  Epoch 40/50  loss=0.2092
DKL training done in 0.5s
  → 2AlSe-1  gap=2.721 eV  best=5.379 eV  top50=0  top10%=0
Cycle  42: GP refit  (51 labelled)
  → 1OTa3Cl7-1  gap=1.569 eV  best=5.379 eV  top50=0  top10%=0
Cycle  43: GP refit  (52 labelled)
  → 2KNORuCl5-1  gap=1.558 eV  best=5.379 eV  top50=0  top10%=0
Cycle  44: GP refit  (53 labelled)
  → 1ClIMg-1  gap=3.815 eV  best=5.379 eV  top50=0  top10%=0
Cycle  45: GP refit  (54 labelled)
  → 1GaInS2-1  gap=2.570 eV  best=5.379 eV  top50=0  top10%=0
Cycle  46: full DKL retrain  (55 labelled)
GP warmup: 20 epochs on initial embeddings
Joint DKL training: 50 epochs
  Epoch 20/50  loss=0.3383
  Epoch 40/50  loss=0.1021
DKL training done in 0.5s
  → 1AlGaSe2-1  gap=2.765 eV  best=5.379 eV  top50=0  top10%=0
Cycle  47: GP refit  (56 labelled)
  → 1GeS-1  gap=3.231 eV  best=5.379 eV  top50=0  top10%=0
Cycle  48: GP refit  (57 labelled)
  → 2P2S3-3  gap=3.478 eV  best=5.379 eV  top50=0  top10%=0
Cycle  49: GP refit  (58 labelled)
  → 1CrHS2-1  gap=2.800 eV  best=5.379 eV  top50=0  top10%=0
Cycle  50: GP refit  (59 labelled)
  → 4HgSe-1  gap=0.937 eV  best=5.379 eV  top50=0  top10%=0
Cycle  51: full DKL retrain  (60 labelled)
GP warmup: 20 epochs on initial embeddings
Joint DKL training: 50 epochs
  Epoch 20/50  loss=0.0226
  Epoch 40/50  loss=-0.1192
DKL training done in 0.6s
  → 2CsNOsSCl5-1  gap=1.544 eV  best=5.379 eV  top50=0  top10%=0
Cycle  52: GP refit  (61 labelled)
  → 1BrClHf-1  gap=1.361 eV  best=5.379 eV  top50=0  top10%=0
Cycle  53: GP refit  (62 labelled)
  → 1ONb3Cl7-1  gap=1.594 eV  best=5.379 eV  top50=0  top10%=0
Cycle  54: GP refit  (63 labelled)
  → 1HfBr2-1  gap=1.226 eV  best=5.379 eV  top50=0  top10%=0
Cycle  55: GP refit  (64 labelled)
  → 2CoHS2-1  gap=1.204 eV  best=5.379 eV  top50=0  top10%=0
Cycle  56: full DKL retrain  (65 labelled)
GP warmup: 20 epochs on initial embeddings
Joint DKL training: 50 epochs
  Epoch 20/50  loss=0.3867
  Epoch 40/50  loss=0.2038
DKL training done in 0.7s
  → 1GeSe-1  gap=2.915 eV  best=5.379 eV  top50=0  top10%=0
Cycle  57: GP refit  (66 labelled)
  → 2ScSe-3  gap=0.933 eV  best=5.379 eV  top50=0  top10%=0
Cycle  58: GP refit  (67 labelled)
  → 4NaSbS2-2  gap=2.102 eV  best=5.379 eV  top50=0  top10%=0
Cycle  59: GP refit  (68 labelled)
  → 2SV-4  gap=0.642 eV  best=5.379 eV  top50=0  top10%=0
Cycle  60: GP refit  (69 labelled)
  → 1SrI2-2  gap=4.355 eV  best=5.379 eV  top50=0  top10%=0
Cycle  61: full DKL retrain  (70 labelled)
GP warmup: 20 epochs on initial embeddings
Joint DKL training: 50 epochs
  Epoch 20/50  loss=0.4306
  Epoch 40/50  loss=0.2581
DKL training done in 0.5s
  → 2FIrS-2  gap=2.104 eV  best=5.379 eV  top50=0  top10%=0
Cycle  62: GP refit  (71 labelled)
  → 2CKOOsF5-1  gap=1.831 eV  best=5.379 eV  top50=0  top10%=0
Cycle  63: GP refit  (72 labelled)
  → 2PdSeO3-1  gap=2.663 eV  best=5.379 eV  top50=0  top10%=0
Cycle  64: GP refit  (73 labelled)
  → 2NOOsRbCl5-1  gap=1.751 eV  best=5.379 eV  top50=0  top10%=0
Cycle  65: GP refit  (74 labelled)
  → 2KNOsSF5-1  gap=2.516 eV  best=5.379 eV  top50=0  top10%=0
Cycle  66: full DKL retrain  (75 labelled)
GP warmup: 20 epochs on initial embeddings
Joint DKL training: 50 epochs
  Epoch 20/50  loss=0.2891
  Epoch 40/50  loss=0.1215
DKL training done in 0.5s
  → 4LiPS2-1  gap=2.290 eV  best=5.379 eV  top50=0  top10%=0
Cycle  67: GP refit  (76 labelled)
  → 1BrClS4I6In8-1  gap=1.965 eV  best=5.379 eV  top50=0  top10%=0
Cycle  68: GP refit  (77 labelled)
  → 1AsBrSe-1  gap=1.839 eV  best=5.379 eV  top50=0  top10%=0
Cycle  69: GP refit  (78 labelled)
  → 2KNRuSF5-1  gap=2.625 eV  best=5.379 eV  top50=0  top10%=0
Cycle  70: GP refit  (79 labelled)
  → 4AsLiS2-2  gap=1.883 eV  best=5.379 eV  top50=0  top10%=0
Cycle  71: full DKL retrain  (80 labelled)
GP warmup: 20 epochs on initial embeddings
Joint DKL training: 50 epochs
  Epoch 20/50  loss=-0.0248
  Epoch 40/50  loss=-0.1928
DKL training done in 0.4s
  → 1CdBr2-3  gap=3.373 eV  best=5.379 eV  top50=0  top10%=0
Cycle  72: GP refit  (81 labelled)
  → 2NRbRuSF5-1  gap=2.622 eV  best=5.379 eV  top50=0  top10%=0
Cycle  73: GP refit  (82 labelled)
  → 1AuClCuI-1  gap=3.695 eV  best=5.379 eV  top50=0  top10%=0
Cycle  74: GP refit  (83 labelled)
  → 2NOsRbSF5-1  gap=2.520 eV  best=5.379 eV  top50=0  top10%=0
Cycle  75: GP refit  (84 labelled)
  → 1MgI2-3  gap=3.448 eV  best=5.379 eV  top50=0  top10%=0
Cycle  76: full DKL retrain  (85 labelled)
GP warmup: 20 epochs on initial embeddings
Joint DKL training: 50 epochs
  Epoch 20/50  loss=-0.2486
  Epoch 40/50  loss=-0.3793
DKL training done in 0.6s
  → 1BrHf2S2Cl3-1  gap=3.424 eV  best=5.379 eV  top50=0  top10%=0
Cycle  77: GP refit  (86 labelled)
  → 2AgCl-7  gap=3.462 eV  best=5.379 eV  top50=0  top10%=0
Cycle  78: GP refit  (87 labelled)
  → 1ScCl2-1  gap=0.736 eV  best=5.379 eV  top50=0  top10%=0
Cycle  79: GP refit  (88 labelled)
  → 2NbOCl2-1  gap=1.951 eV  best=5.379 eV  top50=0  top10%=0
Cycle  80: GP refit  (89 labelled)
  → 1OZrBr2-1  gap=2.245 eV  best=5.379 eV  top50=0  top10%=0
Cycle  81: full DKL retrain  (90 labelled)
GP warmup: 20 epochs on initial embeddings
Joint DKL training: 50 epochs
  Epoch 20/50  loss=-0.0202
  Epoch 40/50  loss=-0.1425
DKL training done in 0.7s
  → 4OPb-1  gap=3.731 eV  best=5.379 eV  top50=0  top10%=0
Cycle  82: GP refit  (91 labelled)
  → 2AgBr-3  gap=3.092 eV  best=5.379 eV  top50=0  top10%=0
Cycle  83: GP refit  (92 labelled)
  → 1TeNb3F7-1  gap=1.719 eV  best=5.379 eV  top50=0  top10%=0
Cycle  84: GP refit  (93 labelled)
  → 1BrITl2-1  gap=2.587 eV  best=5.379 eV  top50=0  top10%=0
Cycle  85: GP refit  (94 labelled)
  → 2HKS-2  gap=4.369 eV  best=5.379 eV  top50=0  top10%=0
Cycle  86: full DKL retrain  (95 labelled)
GP warmup: 20 epochs on initial embeddings
Joint DKL training: 50 epochs
  Epoch 20/50  loss=-0.1193
  Epoch 40/50  loss=-0.2631
DKL training done in 0.7s
  → 1HgSe-1  gap=0.423 eV  best=5.379 eV  top50=0  top10%=0
Cycle  87: GP refit  (96 labelled)
  → 2P2Se3-2  gap=2.700 eV  best=5.379 eV  top50=0  top10%=0
Cycle  88: GP refit  (97 labelled)
  → 2FRb-1  gap=6.553 eV  best=6.553 eV  top50=1  top10%=1
Cycle  89: GP refit  (98 labelled)
  → 4OSb2Se2-1  gap=2.083 eV  best=6.553 eV  top50=1  top10%=1
Cycle  90: GP refit  (99 labelled)
  → 2BrCu-3  gap=3.475 eV  best=6.553 eV  top50=1  top10%=1
Cycle  91: full DKL retrain  (100 labelled)
GP warmup: 20 epochs on initial embeddings
Joint DKL training: 50 epochs
  Epoch 20/50  loss=0.3808
  Epoch 40/50  loss=0.1979
DKL training done in 0.7s
  → 1BrCuGeTe-1  gap=1.540 eV  best=6.553 eV  top50=1  top10%=1
Cycle  92: GP refit  (101 labelled)
  → 1SNb3F7-1  gap=1.872 eV  best=6.553 eV  top50=1  top10%=1
Cycle  93: GP refit  (102 labelled)
  → 1Br2Se2Pb3-1  gap=1.452 eV  best=6.553 eV  top50=1  top10%=1
Cycle  94: GP refit  (103 labelled)
  → 1AsClTe-2  gap=1.824 eV  best=6.553 eV  top50=1  top10%=1
Cycle  95: GP refit  (104 labelled)
  → 1AsClS-2  gap=2.443 eV  best=6.553 eV  top50=1  top10%=1
Cycle  96: full DKL retrain  (105 labelled)
GP warmup: 20 epochs on initial embeddings
Joint DKL training: 50 epochs
  Epoch 20/50  loss=0.1899
  Epoch 40/50  loss=-0.0673
DKL training done in 0.7s
  → 1HgBr2-4  gap=2.459 eV  best=6.553 eV  top50=1  top10%=1
Cycle  97: GP refit  (106 labelled)
  → 1BiFS-1  gap=2.255 eV  best=6.553 eV  top50=1  top10%=1
Cycle  98: GP refit  (107 labelled)
  → 2INbO2-1  gap=2.295 eV  best=6.553 eV  top50=1  top10%=1
Cycle  99: GP refit  (108 labelled)
  → 1AsClSe-1  gap=2.060 eV  best=6.553 eV  top50=1  top10%=1
Cycle 100: GP refit  (109 labelled)
  → 2BrRb-2  gap=5.268 eV  best=6.553 eV  top50=1  top10%=2
  dkl_finetune/seed14 → best_inwin=2.915 top10=1 top50=11
BOLoop: 766 materials  |  direction=max  |  top-50 internal threshold=5.35  top-10% internal threshold=4.94
Init: 10 random labels  |  best (max) = 4.226
Cycle   1: full DKL retrain  (10 labelled)
GP warmup: 20 epochs on initial embeddings
/home/roy/Desktop/DKL-BO/venv/lib/python3.13/site-packages/torch/_compile.py:54: UserWarning: optimizer contains a parameter group with duplicate parameters; in future, this will cause an error; see github.com/pytorch/pytorch/issues/40967 for more information
  return disable_fn(*args, **kwargs)
Joint DKL training: 50 epochs
  Epoch 20/50  loss=1.5554
  Epoch 40/50  loss=1.4543
DKL training done in 0.6s
  → 2InPS3-1  gap=1.395 eV  best=4.226 eV  top50=0  top10%=0
Cycle   2: GP refit  (11 labelled)
  → 2CsNOsSF5-1  gap=2.525 eV  best=4.226 eV  top50=0  top10%=0
Cycle   3: GP refit  (12 labelled)
  → 2BiBrCdO2-1  gap=3.667 eV  best=4.226 eV  top50=0  top10%=0
Cycle   4: GP refit  (13 labelled)
  → 2BrHSr-1  gap=5.479 eV  best=5.479 eV  top50=1  top10%=1
Cycle   5: GP refit  (14 labelled)
  → 1AuInCl2S2-1  gap=2.584 eV  best=5.479 eV  top50=1  top10%=1
Cycle   6: full DKL retrain  (15 labelled)
GP warmup: 20 epochs on initial embeddings
Joint DKL training: 50 epochs
  Epoch 20/50  loss=1.3939
  Epoch 40/50  loss=1.2686
DKL training done in 0.5s
  → 2CoAs2I2O3-1  gap=3.183 eV  best=5.479 eV  top50=1  top10%=1
Cycle   7: GP refit  (16 labelled)
  → 2HLi3S5-1  gap=3.300 eV  best=5.479 eV  top50=1  top10%=1
Cycle   8: GP refit  (17 labelled)
  → 1BiClS-1  gap=1.745 eV  best=5.479 eV  top50=1  top10%=1
Cycle   9: GP refit  (18 labelled)
  → 2AlS-1  gap=2.881 eV  best=5.479 eV  top50=1  top10%=1
Cycle  10: GP refit  (19 labelled)
  → 1AgScP2S6-1  gap=3.453 eV  best=5.479 eV  top50=1  top10%=1
Cycle  11: full DKL retrain  (20 labelled)
GP warmup: 20 epochs on initial embeddings
Joint DKL training: 50 epochs
  Epoch 20/50  loss=0.7743
  Epoch 40/50  loss=0.5907
DKL training done in 0.5s
  → 2CKOOsF5-1  gap=1.831 eV  best=5.479 eV  top50=1  top10%=1
Cycle  12: GP refit  (21 labelled)
  → 1ClIGe2O3-1  gap=1.946 eV  best=5.479 eV  top50=1  top10%=1
Cycle  13: GP refit  (22 labelled)
  → 1CdClHS-1  gap=3.853 eV  best=5.479 eV  top50=1  top10%=1
Cycle  14: GP refit  (23 labelled)
  → 2BiClHgO2-1  gap=3.745 eV  best=5.479 eV  top50=1  top10%=1
Cycle  15: GP refit  (24 labelled)
  → 2CsNRuSF5-1  gap=2.579 eV  best=5.479 eV  top50=1  top10%=1
Cycle  16: full DKL retrain  (25 labelled)
GP warmup: 20 epochs on initial embeddings
Joint DKL training: 50 epochs
  Epoch 20/50  loss=0.6026
  Epoch 40/50  loss=0.4267
DKL training done in 0.4s
  → 1AuInF4-1  gap=2.106 eV  best=5.479 eV  top50=1  top10%=1
Cycle  17: GP refit  (26 labelled)
  → 2BaBrF-1  gap=6.128 eV  best=6.128 eV  top50=2  top10%=2
Cycle  18: GP refit  (27 labelled)
  → 1Nb3Cl8-1  gap=0.912 eV  best=6.128 eV  top50=2  top10%=2
Cycle  19: GP refit  (28 labelled)
  → 1SNb3Cl7-1  gap=1.654 eV  best=6.128 eV  top50=2  top10%=2
Cycle  20: GP refit  (29 labelled)
  → 2KNORuF5-1  gap=3.089 eV  best=6.128 eV  top50=2  top10%=2
Cycle  21: full DKL retrain  (30 labelled)
GP warmup: 20 epochs on initial embeddings
Joint DKL training: 50 epochs
  Epoch 20/50  loss=0.8349
  Epoch 40/50  loss=0.5293
DKL training done in 0.6s
  → 2KTaF6-1  gap=8.681 eV  best=8.681 eV  top50=3  top10%=3
Cycle  22: GP refit  (31 labelled)
  → 1TiF2-1  gap=2.096 eV  best=8.681 eV  top50=3  top10%=3
Cycle  23: GP refit  (32 labelled)
  → 2BiCdClO2-1  gap=4.073 eV  best=8.681 eV  top50=3  top10%=3
Cycle  24: GP refit  (33 labelled)
  → 1OTa3Cl7-1  gap=1.569 eV  best=8.681 eV  top50=3  top10%=3
Cycle  25: GP refit  (34 labelled)
  → 2NRbRuSF5-1  gap=2.622 eV  best=8.681 eV  top50=3  top10%=3
Cycle  26: full DKL retrain  (35 labelled)
GP warmup: 20 epochs on initial embeddings
Joint DKL training: 50 epochs
  Epoch 20/50  loss=1.3880
  Epoch 40/50  loss=1.0330
DKL training done in 0.5s
  → 1ClIrS-1  gap=2.505 eV  best=8.681 eV  top50=3  top10%=3
Cycle  27: GP refit  (36 labelled)
  → 4NbS3-2  gap=1.030 eV  best=8.681 eV  top50=3  top10%=3
Cycle  28: GP refit  (37 labelled)
  → 2ClCsO3-1  gap=6.616 eV  best=8.681 eV  top50=4  top10%=4
Cycle  29: GP refit  (38 labelled)
  → 2NOsRbSF5-1  gap=2.520 eV  best=8.681 eV  top50=4  top10%=4
Cycle  30: GP refit  (39 labelled)
  → 1CaCl2-2  gap=6.384 eV  best=8.681 eV  top50=5  top10%=5
Cycle  31: full DKL retrain  (40 labelled)
GP warmup: 20 epochs on initial embeddings
Joint DKL training: 50 epochs
  Epoch 20/50  loss=1.1395
  Epoch 40/50  loss=0.9987
DKL training done in 0.5s
  → 2AgCrP2S6-1  gap=2.715 eV  best=8.681 eV  top50=5  top10%=5
Cycle  32: GP refit  (41 labelled)
  → 2ClIrS-2  gap=2.204 eV  best=8.681 eV  top50=5  top10%=5
Cycle  33: GP refit  (42 labelled)
  → 1BiFS-1  gap=2.255 eV  best=8.681 eV  top50=5  top10%=5
Cycle  34: GP refit  (43 labelled)
  → 2BiCdIO2-1  gap=2.598 eV  best=8.681 eV  top50=5  top10%=5
Cycle  35: GP refit  (44 labelled)
  → 2ORh-2  gap=0.062 eV  best=8.681 eV  top50=5  top10%=5
Cycle  36: full DKL retrain  (45 labelled)
GP warmup: 20 epochs on initial embeddings
Joint DKL training: 50 epochs
  Epoch 20/50  loss=0.6461
  Epoch 40/50  loss=0.2564
DKL training done in 0.4s
  → 1BrGa2Cl5-1  gap=4.579 eV  best=8.681 eV  top50=5  top10%=5
Cycle  37: GP refit  (46 labelled)
  → 4AsNiS-1  gap=1.507 eV  best=8.681 eV  top50=5  top10%=5
Cycle  38: GP refit  (47 labelled)
  → 2GaS-1  gap=3.197 eV  best=8.681 eV  top50=5  top10%=5
Cycle  39: GP refit  (48 labelled)
  → 1GeCl2-2  gap=3.875 eV  best=8.681 eV  top50=5  top10%=5
Cycle  40: GP refit  (49 labelled)
  → 1CrHS2-1  gap=2.800 eV  best=8.681 eV  top50=5  top10%=5
Cycle  41: full DKL retrain  (50 labelled)
GP warmup: 20 epochs on initial embeddings
Joint DKL training: 50 epochs
  Epoch 20/50  loss=0.5746
  Epoch 40/50  loss=0.4061
DKL training done in 0.7s
  → 4LiSbS2-1  gap=2.746 eV  best=8.681 eV  top50=5  top10%=5
Cycle  42: GP refit  (51 labelled)
  → 2CaHI-1  gap=4.709 eV  best=8.681 eV  top50=5  top10%=5
Cycle  43: GP refit  (52 labelled)
  → 1GaN-1  gap=3.090 eV  best=8.681 eV  top50=5  top10%=5
Cycle  44: GP refit  (53 labelled)
  → 2CoI2Sb2O3-1  gap=3.324 eV  best=8.681 eV  top50=5  top10%=5
Cycle  45: GP refit  (54 labelled)
  → 1GeMnCl6-1  gap=2.129 eV  best=8.681 eV  top50=5  top10%=5
Cycle  46: full DKL retrain  (55 labelled)
GP warmup: 20 epochs on initial embeddings
Joint DKL training: 50 epochs
  Epoch 20/50  loss=0.5203
  Epoch 40/50  loss=0.2848
DKL training done in 0.6s
  → 4AsLiS2-2  gap=1.883 eV  best=8.681 eV  top50=5  top10%=5
Cycle  47: GP refit  (56 labelled)
  → 2KNOsSF5-1  gap=2.516 eV  best=8.681 eV  top50=5  top10%=5
Cycle  48: GP refit  (57 labelled)
  → 1AsClSe-1  gap=2.060 eV  best=8.681 eV  top50=5  top10%=5
Cycle  49: GP refit  (58 labelled)
  → 1TeNb3F7-1  gap=1.719 eV  best=8.681 eV  top50=5  top10%=5
Cycle  50: GP refit  (59 labelled)
  → 1SNb3F7-1  gap=1.872 eV  best=8.681 eV  top50=5  top10%=5
Cycle  51: full DKL retrain  (60 labelled)
GP warmup: 20 epochs on initial embeddings
Joint DKL training: 50 epochs
  Epoch 20/50  loss=0.5552
  Epoch 40/50  loss=0.1097
DKL training done in 0.6s
  → 1CoLiP2S6-1  gap=2.395 eV  best=8.681 eV  top50=5  top10%=5
Cycle  52: GP refit  (61 labelled)
  → 1AlN-1  gap=4.048 eV  best=8.681 eV  top50=5  top10%=5
Cycle  53: GP refit  (62 labelled)
  → 1AsClS-2  gap=2.443 eV  best=8.681 eV  top50=5  top10%=5
Cycle  54: GP refit  (63 labelled)
  → 1BrClNi-1  gap=3.508 eV  best=8.681 eV  top50=5  top10%=5
Cycle  55: GP refit  (64 labelled)
  → 1AsBrS-2  gap=2.077 eV  best=8.681 eV  top50=5  top10%=5
Cycle  56: full DKL retrain  (65 labelled)
GP warmup: 20 epochs on initial embeddings
Joint DKL training: 50 epochs
  Epoch 20/50  loss=0.0990
  Epoch 40/50  loss=-0.0520
DKL training done in 0.7s
  → 2P2S3-1  gap=3.272 eV  best=8.681 eV  top50=5  top10%=5
Cycle  57: GP refit  (66 labelled)
  → 2Bi2O3-2  gap=4.095 eV  best=8.681 eV  top50=5  top10%=5
Cycle  58: GP refit  (67 labelled)
  → 1IPd2Cl5-1  gap=1.393 eV  best=8.681 eV  top50=5  top10%=5
Cycle  59: GP refit  (68 labelled)
  → 2PtSO3-1  gap=2.976 eV  best=8.681 eV  top50=5  top10%=5
Cycle  60: GP refit  (69 labelled)
  → 2PdSO3-1  gap=2.851 eV  best=8.681 eV  top50=5  top10%=5
Cycle  61: full DKL retrain  (70 labelled)
GP warmup: 20 epochs on initial embeddings
Joint DKL training: 50 epochs
  Epoch 20/50  loss=0.0807
  Epoch 40/50  loss=-0.1016
DKL training done in 0.7s
  → 2HLiS-1  gap=5.028 eV  best=8.681 eV  top50=5  top10%=6
Cycle  62: GP refit  (71 labelled)
  → 2BrMnSbS2-2  gap=1.201 eV  best=8.681 eV  top50=5  top10%=6
Cycle  63: GP refit  (72 labelled)
  → 2ClMnSbS2-2  gap=1.242 eV  best=8.681 eV  top50=5  top10%=6
Cycle  64: GP refit  (73 labelled)
  → 1SCu2O4-1  gap=3.842 eV  best=8.681 eV  top50=5  top10%=6
Cycle  65: GP refit  (74 labelled)
  → 1GeO-1  gap=2.811 eV  best=8.681 eV  top50=5  top10%=6
Cycle  66: full DKL retrain  (75 labelled)
GP warmup: 20 epochs on initial embeddings
Joint DKL training: 50 epochs
  Epoch 20/50  loss=0.3290
  Epoch 40/50  loss=0.1508
DKL training done in 0.6s
  → 2PdTeO3-2  gap=2.509 eV  best=8.681 eV  top50=5  top10%=6
Cycle  67: GP refit  (76 labelled)
  → 4NaSbS2-2  gap=2.102 eV  best=8.681 eV  top50=5  top10%=6
Cycle  68: GP refit  (77 labelled)
  → 2CoBi2I2O3-1  gap=2.811 eV  best=8.681 eV  top50=5  top10%=6
Cycle  69: GP refit  (78 labelled)
  → 2BiO-1  gap=1.042 eV  best=8.681 eV  top50=5  top10%=6
Cycle  70: GP refit  (79 labelled)
  → 1NiZrCl6-1  gap=4.484 eV  best=8.681 eV  top50=5  top10%=6
Cycle  71: full DKL retrain  (80 labelled)
GP warmup: 20 epochs on initial embeddings
Joint DKL training: 50 epochs
  Epoch 20/50  loss=0.1898
  Epoch 40/50  loss=-0.0279
DKL training done in 0.6s
  → 1CdCl2N2C4H4-1  gap=3.619 eV  best=8.681 eV  top50=5  top10%=6
Cycle  72: GP refit  (81 labelled)
  → 1CoNaP2S6-1  gap=1.851 eV  best=8.681 eV  top50=5  top10%=6
Cycle  73: GP refit  (82 labelled)
  → 1MoOTe-1  gap=0.867 eV  best=8.681 eV  top50=5  top10%=6
Cycle  74: GP refit  (83 labelled)
  → 1MoCu2S4-1  gap=2.617 eV  best=8.681 eV  top50=5  top10%=6
Cycle  75: GP refit  (84 labelled)
  → 1HfO2-3  gap=3.726 eV  best=8.681 eV  top50=5  top10%=6
Cycle  76: full DKL retrain  (85 labelled)
GP warmup: 20 epochs on initial embeddings
Joint DKL training: 50 epochs
  Epoch 20/50  loss=0.0644
  Epoch 40/50  loss=-0.0918
DKL training done in 0.5s
  → 1OScHf3N3Br4-1  gap=4.148 eV  best=8.681 eV  top50=5  top10%=6
Cycle  77: GP refit  (86 labelled)
  → 1BrHf2S2Cl3-1  gap=3.424 eV  best=8.681 eV  top50=5  top10%=6
Cycle  78: GP refit  (87 labelled)
  → 1ClSbSe-2  gap=2.290 eV  best=8.681 eV  top50=5  top10%=6
Cycle  79: GP refit  (88 labelled)
  → 4OSb2Se2-1  gap=2.083 eV  best=8.681 eV  top50=5  top10%=6
Cycle  80: GP refit  (89 labelled)
  → 2HSNa3O4-1  gap=5.084 eV  best=8.681 eV  top50=5  top10%=7
Cycle  81: full DKL retrain  (90 labelled)
GP warmup: 20 epochs on initial embeddings
Joint DKL training: 50 epochs
  Epoch 20/50  loss=0.1892
  Epoch 40/50  loss=-0.0189
DKL training done in 0.6s
  → 2ClCu-4  gap=3.657 eV  best=8.681 eV  top50=5  top10%=7
Cycle  82: GP refit  (91 labelled)
  → 1OVBr2-1  gap=3.019 eV  best=8.681 eV  top50=5  top10%=7
Cycle  83: GP refit  (92 labelled)
  → 2CuS-2  gap=1.311 eV  best=8.681 eV  top50=5  top10%=7
Cycle  84: GP refit  (93 labelled)
  → 2BrCu-3  gap=3.475 eV  best=8.681 eV  top50=5  top10%=7
Cycle  85: GP refit  (94 labelled)
  → 1STa3F7-1  gap=1.799 eV  best=8.681 eV  top50=5  top10%=7
Cycle  86: full DKL retrain  (95 labelled)
GP warmup: 20 epochs on initial embeddings
Joint DKL training: 50 epochs
  Epoch 20/50  loss=0.1154
  Epoch 40/50  loss=-0.0483
DKL training done in 0.6s
  → 1WCu2S4-1  gap=2.994 eV  best=8.681 eV  top50=5  top10%=7
Cycle  87: GP refit  (96 labelled)
  → 1FeHfBr6-1  gap=3.395 eV  best=8.681 eV  top50=5  top10%=7
Cycle  88: GP refit  (97 labelled)
  → 2KNOOsF5-1  gap=2.833 eV  best=8.681 eV  top50=5  top10%=7
Cycle  89: GP refit  (98 labelled)
  → 2CsNORuF5-1  gap=3.138 eV  best=8.681 eV  top50=5  top10%=7
Cycle  90: GP refit  (99 labelled)
  → 1FeZrBr6-1  gap=3.164 eV  best=8.681 eV  top50=5  top10%=7
Cycle  91: full DKL retrain  (100 labelled)
GP warmup: 20 epochs on initial embeddings
Joint DKL training: 50 epochs
  Epoch 20/50  loss=0.0057
  Epoch 40/50  loss=-0.1739
DKL training done in 0.4s
  → 1ClCrTe-1  gap=1.108 eV  best=8.681 eV  top50=5  top10%=7
Cycle  92: GP refit  (101 labelled)
  → 1AuClCuI-1  gap=3.695 eV  best=8.681 eV  top50=5  top10%=7
Cycle  93: GP refit  (102 labelled)
  → 1BrClGe2Se2-1  gap=2.697 eV  best=8.681 eV  top50=5  top10%=7
Cycle  94: GP refit  (103 labelled)
  → 1CdGeSSeBr2-1  gap=1.544 eV  best=8.681 eV  top50=5  top10%=7
Cycle  95: GP refit  (104 labelled)
  → 1PdZrBr6-1  gap=1.974 eV  best=8.681 eV  top50=5  top10%=7
Cycle  96: full DKL retrain  (105 labelled)
GP warmup: 20 epochs on initial embeddings
Joint DKL training: 50 epochs
  Epoch 20/50  loss=0.0204
  Epoch 40/50  loss=-0.1468
DKL training done in 0.5s
  → 2KNRuSF5-1  gap=2.625 eV  best=8.681 eV  top50=5  top10%=7
Cycle  97: GP refit  (106 labelled)
  → 2CsNOOsF5-1  gap=2.891 eV  best=8.681 eV  top50=5  top10%=7
Cycle  98: GP refit  (107 labelled)
  → 1BrITl2-1  gap=2.587 eV  best=8.681 eV  top50=5  top10%=7
Cycle  99: GP refit  (108 labelled)
  → 2HTeNa3S4-1  gap=3.502 eV  best=8.681 eV  top50=5  top10%=7
Cycle 100: GP refit  (109 labelled)
  → 2BaClI-1  gap=4.709 eV  best=8.681 eV  top50=5  top10%=7
  dkl_finetune/seed15 → best_inwin=2.994 top10=2 top50=15
BOLoop: 766 materials  |  direction=max  |  top-50 internal threshold=5.35  top-10% internal threshold=4.94
Init: 10 random labels  |  best (max) = 4.219
Cycle   1: full DKL retrain  (10 labelled)
GP warmup: 20 epochs on initial embeddings
/home/roy/Desktop/DKL-BO/venv/lib/python3.13/site-packages/torch/_compile.py:54: UserWarning: optimizer contains a parameter group with duplicate parameters; in future, this will cause an error; see github.com/pytorch/pytorch/issues/40967 for more information
  return disable_fn(*args, **kwargs)
Joint DKL training: 50 epochs
  Epoch 20/50  loss=1.5216
  Epoch 40/50  loss=1.3896
DKL training done in 0.6s
  → 1AgAlAs2Se6-1  gap=1.577 eV  best=4.219 eV  top50=0  top10%=0
Cycle   2: GP refit  (11 labelled)
  → 2ClIrSe-2  gap=2.235 eV  best=4.219 eV  top50=0  top10%=0
Cycle   3: GP refit  (12 labelled)
  → 2ClIrTe-2  gap=2.050 eV  best=4.219 eV  top50=0  top10%=0
Cycle   4: GP refit  (13 labelled)
  → 1AgAlP2Te6-1  gap=1.065 eV  best=4.219 eV  top50=0  top10%=0
Cycle   5: GP refit  (14 labelled)
  → 4NaSbS2-2  gap=2.102 eV  best=4.219 eV  top50=0  top10%=0
Cycle   6: full DKL retrain  (15 labelled)
GP warmup: 20 epochs on initial embeddings
Joint DKL training: 50 epochs
  Epoch 20/50  loss=0.5287
  Epoch 40/50  loss=0.4352
DKL training done in 0.6s
  → 2ClRhSe-1  gap=2.271 eV  best=4.219 eV  top50=0  top10%=0
Cycle   7: GP refit  (16 labelled)
  → 1ISbSe-2  gap=1.592 eV  best=4.219 eV  top50=0  top10%=0
Cycle   8: GP refit  (17 labelled)
  → 2ClIrS-2  gap=2.204 eV  best=4.219 eV  top50=0  top10%=0
Cycle   9: GP refit  (18 labelled)
  → 2GaSe-1  gap=2.506 eV  best=4.219 eV  top50=0  top10%=0
Cycle  10: GP refit  (19 labelled)
  → 1AsISe-1  gap=1.685 eV  best=4.219 eV  top50=0  top10%=0
Cycle  11: full DKL retrain  (20 labelled)
GP warmup: 20 epochs on initial embeddings
Joint DKL training: 50 epochs
  Epoch 20/50  loss=-0.1957
  Epoch 40/50  loss=-0.3519
DKL training done in 0.6s
  → 2AlSe-1  gap=2.721 eV  best=4.219 eV  top50=0  top10%=0
Cycle  12: GP refit  (21 labelled)
  → 1OSn-1  gap=2.218 eV  best=4.219 eV  top50=0  top10%=0
Cycle  13: GP refit  (22 labelled)
  → 1AlISe-1  gap=2.186 eV  best=4.219 eV  top50=0  top10%=0
Cycle  14: GP refit  (23 labelled)
  → 1CrSeTe-1  gap=0.994 eV  best=4.219 eV  top50=0  top10%=0
Cycle  15: GP refit  (24 labelled)
  → 1ClSbSe-1  gap=1.804 eV  best=4.219 eV  top50=0  top10%=0
Cycle  16: full DKL retrain  (25 labelled)
GP warmup: 20 epochs on initial embeddings
Joint DKL training: 50 epochs
  Epoch 20/50  loss=-0.0072
  Epoch 40/50  loss=-0.2241
DKL training done in 0.6s
  → 2CoAs2Br2O3-1  gap=3.781 eV  best=4.219 eV  top50=0  top10%=0
Cycle  17: GP refit  (26 labelled)
  → 1PbBr2-2  gap=3.248 eV  best=4.219 eV  top50=0  top10%=0
Cycle  18: GP refit  (27 labelled)
  → 1BrHf2S2Cl3-1  gap=3.424 eV  best=4.219 eV  top50=0  top10%=0
Cycle  19: GP refit  (28 labelled)
  → 1BrClCa2S2-1  gap=3.810 eV  best=4.219 eV  top50=0  top10%=0
Cycle  20: GP refit  (29 labelled)
  → 4OBi2Se2-1  gap=1.736 eV  best=4.219 eV  top50=0  top10%=0
Cycle  21: full DKL retrain  (30 labelled)
GP warmup: 20 epochs on initial embeddings
Joint DKL training: 50 epochs
  Epoch 20/50  loss=0.2546
  Epoch 40/50  loss=0.1122
DKL training done in 0.5s
  → 1BrSeY-1  gap=4.122 eV  best=4.219 eV  top50=0  top10%=0
Cycle  22: GP refit  (31 labelled)
  → 1BrClZr-1  gap=1.397 eV  best=4.219 eV  top50=0  top10%=0
Cycle  23: GP refit  (32 labelled)
  → 1AlGaSe2-1  gap=2.765 eV  best=4.219 eV  top50=0  top10%=0
Cycle  24: GP refit  (33 labelled)
  → 1BrHfI-1  gap=1.157 eV  best=4.219 eV  top50=0  top10%=0
Cycle  25: GP refit  (34 labelled)
  → 2ClRhS-1  gap=2.270 eV  best=4.219 eV  top50=0  top10%=0
Cycle  26: full DKL retrain  (35 labelled)
GP warmup: 20 epochs on initial embeddings
Joint DKL training: 50 epochs
  Epoch 20/50  loss=0.3508
  Epoch 40/50  loss=0.1578
DKL training done in 0.5s
  → 1BrISCd2-1  gap=1.715 eV  best=4.219 eV  top50=0  top10%=0
Cycle  27: GP refit  (36 labelled)
  → 1BrClNi-1  gap=3.508 eV  best=4.219 eV  top50=0  top10%=0
Cycle  28: GP refit  (37 labelled)
  → 1FeHfBr6-1  gap=3.395 eV  best=4.219 eV  top50=0  top10%=0
Cycle  29: GP refit  (38 labelled)
  → 1ONb3Br7-1  gap=1.441 eV  best=4.219 eV  top50=0  top10%=0
Cycle  30: GP refit  (39 labelled)
  → 1Br2Se2Pb3-1  gap=1.452 eV  best=4.219 eV  top50=0  top10%=0
Cycle  31: full DKL retrain  (40 labelled)
GP warmup: 20 epochs on initial embeddings
Joint DKL training: 50 epochs
  Epoch 20/50  loss=0.2970
  Epoch 40/50  loss=0.1197
DKL training done in 0.4s
  → 2CaFI-1  gap=5.209 eV  best=5.209 eV  top50=0  top10%=1
Cycle  32: GP refit  (41 labelled)
  → 1AgTlP2Se6-1  gap=0.901 eV  best=5.209 eV  top50=0  top10%=1
Cycle  33: GP refit  (42 labelled)
  → 1CoLiP2Se6-1  gap=2.004 eV  best=5.209 eV  top50=0  top10%=1
Cycle  34: GP refit  (43 labelled)
  → 1BSb-1  gap=0.551 eV  best=5.209 eV  top50=0  top10%=1
Cycle  35: GP refit  (44 labelled)
  → 2CsNORuF5-1  gap=3.138 eV  best=5.209 eV  top50=0  top10%=1
Cycle  36: full DKL retrain  (45 labelled)
GP warmup: 20 epochs on initial embeddings
Joint DKL training: 50 epochs
  Epoch 20/50  loss=0.5885
  Epoch 40/50  loss=0.4337
DKL training done in 0.6s
  → 1Ta3Br8-1  gap=0.821 eV  best=5.209 eV  top50=0  top10%=1
Cycle  37: GP refit  (46 labelled)
  → 1AsClSe-1  gap=2.060 eV  best=5.209 eV  top50=0  top10%=1
Cycle  38: GP refit  (47 labelled)
  → 2HLiS-1  gap=5.028 eV  best=5.209 eV  top50=0  top10%=2
Cycle  39: GP refit  (48 labelled)
  → 1AuInF4-1  gap=2.106 eV  best=5.209 eV  top50=0  top10%=2
Cycle  40: GP refit  (49 labelled)
  → 4NiPS-1  gap=2.172 eV  best=5.209 eV  top50=0  top10%=2
Cycle  41: full DKL retrain  (50 labelled)
GP warmup: 20 epochs on initial embeddings
Joint DKL training: 50 epochs
  Epoch 20/50  loss=0.5719
  Epoch 40/50  loss=0.4327
DKL training done in 0.4s
  → 1PbS2-1  gap=2.299 eV  best=5.209 eV  top50=0  top10%=2
Cycle  42: GP refit  (51 labelled)
  → 1CoNaP2Se6-1  gap=1.717 eV  best=5.209 eV  top50=0  top10%=2
Cycle  43: GP refit  (52 labelled)
  → 1ClScTe-1  gap=1.807 eV  best=5.209 eV  top50=0  top10%=2
Cycle  44: GP refit  (53 labelled)
  → 1CoNaP2S6-1  gap=1.851 eV  best=5.209 eV  top50=0  top10%=2
Cycle  45: GP refit  (54 labelled)
  → 1LiNbBr6-1  gap=2.937 eV  best=5.209 eV  top50=0  top10%=2
Cycle  46: full DKL retrain  (55 labelled)
GP warmup: 20 epochs on initial embeddings
Joint DKL training: 50 epochs
  Epoch 20/50  loss=0.1834
  Epoch 40/50  loss=-0.0023
DKL training done in 0.6s
  → 2P2S3-1  gap=3.272 eV  best=5.209 eV  top50=0  top10%=2
Cycle  47: GP refit  (56 labelled)
  → 1BrClI2O2V2-1  gap=2.590 eV  best=5.209 eV  top50=0  top10%=2
Cycle  48: GP refit  (57 labelled)
  → 2AlS-1  gap=2.881 eV  best=5.209 eV  top50=0  top10%=2
Cycle  49: GP refit  (58 labelled)
  → 2P2Se3-2  gap=2.700 eV  best=5.209 eV  top50=0  top10%=2
Cycle  50: GP refit  (59 labelled)
  → 2KNRuSF5-1  gap=2.625 eV  best=5.209 eV  top50=0  top10%=2
Cycle  51: full DKL retrain  (60 labelled)
GP warmup: 20 epochs on initial embeddings
Joint DKL training: 50 epochs
  Epoch 20/50  loss=-0.2114
  Epoch 40/50  loss=-0.4155
DKL training done in 0.5s
  → 1HgS-1  gap=0.724 eV  best=5.209 eV  top50=0  top10%=2
Cycle  52: GP refit  (61 labelled)
  → 1CdCl2N2C4H4-1  gap=3.619 eV  best=5.209 eV  top50=0  top10%=2
Cycle  53: GP refit  (62 labelled)
  → 2GaS-1  gap=3.197 eV  best=5.209 eV  top50=0  top10%=2
Cycle  54: GP refit  (63 labelled)
  → 1CdI2-3  gap=2.295 eV  best=5.209 eV  top50=0  top10%=2
Cycle  55: GP refit  (64 labelled)
  → 1CrISe-1  gap=1.596 eV  best=5.209 eV  top50=0  top10%=2
Cycle  56: full DKL retrain  (65 labelled)
GP warmup: 20 epochs on initial embeddings
Joint DKL training: 50 epochs
  Epoch 20/50  loss=0.0814
  Epoch 40/50  loss=-0.0895
DKL training done in 0.9s
  → 2PdTeO3-2  gap=2.509 eV  best=5.209 eV  top50=0  top10%=2
Cycle  57: GP refit  (66 labelled)
  → 1SNb3F7-1  gap=1.872 eV  best=5.209 eV  top50=0  top10%=2
Cycle  58: GP refit  (67 labelled)
  → 1SeNb3Cl7-1  gap=1.601 eV  best=5.209 eV  top50=0  top10%=2
Cycle  59: GP refit  (68 labelled)
  → 1BiClS-1  gap=1.745 eV  best=5.209 eV  top50=0  top10%=2
Cycle  60: GP refit  (69 labelled)
  → 1TeNb3Cl7-1  gap=1.542 eV  best=5.209 eV  top50=0  top10%=2
Cycle  61: full DKL retrain  (70 labelled)
GP warmup: 20 epochs on initial embeddings
Joint DKL training: 50 epochs
  Epoch 20/50  loss=-0.2148
  Epoch 40/50  loss=-0.3379
DKL training done in 0.5s
  → 1CdHIS-1  gap=2.851 eV  best=5.209 eV  top50=0  top10%=2
Cycle  62: GP refit  (71 labelled)
  → 2CoI2Sb2O3-1  gap=3.324 eV  best=5.209 eV  top50=0  top10%=2
Cycle  63: GP refit  (72 labelled)
  → 2HInSO4-1  gap=5.132 eV  best=5.209 eV  top50=0  top10%=3
Cycle  64: GP refit  (73 labelled)
  → 1SnO2-3  gap=1.956 eV  best=5.209 eV  top50=0  top10%=3
Cycle  65: GP refit  (74 labelled)
  → 1ScBr2-1  gap=0.757 eV  best=5.209 eV  top50=0  top10%=3
Cycle  66: full DKL retrain  (75 labelled)
GP warmup: 20 epochs on initial embeddings
Joint DKL training: 50 epochs
  Epoch 20/50  loss=0.1611
  Epoch 40/50  loss=-0.0509
DKL training done in 1.8s
  → 2AgTe-2  gap=0.242 eV  best=5.209 eV  top50=0  top10%=3
Cycle  67: GP refit  (76 labelled)
  → 4LiPS2-1  gap=2.290 eV  best=5.209 eV  top50=0  top10%=3
Cycle  68: GP refit  (77 labelled)
  → 1AgMoBr4-1  gap=2.166 eV  best=5.209 eV  top50=0  top10%=3
Cycle  69: GP refit  (78 labelled)
  → 1MgBr2-3  gap=4.662 eV  best=5.209 eV  top50=0  top10%=3
Cycle  70: GP refit  (79 labelled)
  → 1OVI2-1  gap=1.849 eV  best=5.209 eV  top50=0  top10%=3
Cycle  71: full DKL retrain  (80 labelled)
GP warmup: 20 epochs on initial embeddings
Joint DKL training: 50 epochs
  Epoch 20/50  loss=0.2473
  Epoch 40/50  loss=0.1031
DKL training done in 1.8s
  → 2CsNOsSCl5-1  gap=1.544 eV  best=5.209 eV  top50=0  top10%=3
Cycle  72: GP refit  (81 labelled)
  → 2NRbRuSF5-1  gap=2.622 eV  best=5.209 eV  top50=0  top10%=3
Cycle  73: GP refit  (82 labelled)
  → 1CSiH2-1  gap=4.871 eV  best=5.209 eV  top50=0  top10%=3
Cycle  74: GP refit  (83 labelled)
  → 2AgS-1  gap=1.557 eV  best=5.209 eV  top50=0  top10%=3
Cycle  75: GP refit  (84 labelled)
  → 1PbS-1  gap=2.593 eV  best=5.209 eV  top50=0  top10%=3
Cycle  76: full DKL retrain  (85 labelled)
GP warmup: 20 epochs on initial embeddings
Joint DKL training: 50 epochs
  Epoch 20/50  loss=0.3977
  Epoch 40/50  loss=0.1464
DKL training done in 1.6s
  → 2FIrS-2  gap=2.104 eV  best=5.209 eV  top50=0  top10%=3
Cycle  77: GP refit  (86 labelled)
  → 2FRhS-1  gap=2.175 eV  best=5.209 eV  top50=0  top10%=3
Cycle  78: GP refit  (87 labelled)
  → 1BrClGe2Se2-1  gap=2.697 eV  best=5.209 eV  top50=0  top10%=3
Cycle  79: GP refit  (88 labelled)
  → 1SrI2-2  gap=4.355 eV  best=5.209 eV  top50=0  top10%=3
Cycle  80: GP refit  (89 labelled)
  → 2FIrSe-1  gap=2.172 eV  best=5.209 eV  top50=0  top10%=3
Cycle  81: full DKL retrain  (90 labelled)
GP warmup: 20 epochs on initial embeddings
Joint DKL training: 50 epochs
  Epoch 20/50  loss=-0.1038
  Epoch 40/50  loss=-0.2720
DKL training done in 1.6s
  → 2NOsRbSF5-1  gap=2.520 eV  best=5.209 eV  top50=0  top10%=3
Cycle  82: GP refit  (91 labelled)
  → 1HgO-1  gap=0.025 eV  best=5.209 eV  top50=0  top10%=3
Cycle  83: GP refit  (92 labelled)
  → 2CsNOOsF5-1  gap=2.891 eV  best=5.209 eV  top50=0  top10%=3
Cycle  84: GP refit  (93 labelled)
  → 2KNOsSF5-1  gap=2.516 eV  best=5.209 eV  top50=0  top10%=3
Cycle  85: GP refit  (94 labelled)
  → 2NOsRbSCl5-1  gap=1.486 eV  best=5.209 eV  top50=0  top10%=3
Cycle  86: full DKL retrain  (95 labelled)
GP warmup: 20 epochs on initial embeddings
Joint DKL training: 50 epochs
  Epoch 20/50  loss=0.1155
  Epoch 40/50  loss=-0.0699
DKL training done in 1.8s
  → 1ZrO2-3  gap=3.561 eV  best=5.209 eV  top50=0  top10%=3
Cycle  87: GP refit  (96 labelled)
  → 1HfCl2-1  gap=1.471 eV  best=5.209 eV  top50=0  top10%=3
Cycle  88: GP refit  (97 labelled)
  → 1BrCdI-1  gap=3.053 eV  best=5.209 eV  top50=0  top10%=3
Cycle  89: GP refit  (98 labelled)
  → 2NOOsRbCl5-1  gap=1.751 eV  best=5.209 eV  top50=0  top10%=3
Cycle  90: GP refit  (99 labelled)
  → 1SI2Pb2-1  gap=1.567 eV  best=5.209 eV  top50=0  top10%=3
Cycle  91: full DKL retrain  (100 labelled)
GP warmup: 20 epochs on initial embeddings
Joint DKL training: 50 epochs
  Epoch 20/50  loss=-0.1023
  Epoch 40/50  loss=-0.2574
DKL training done in 1.7s
  → 4BrCd-1  gap=1.771 eV  best=5.209 eV  top50=0  top10%=3
Cycle  92: GP refit  (101 labelled)
  → 2CsNOsSF5-1  gap=2.525 eV  best=5.209 eV  top50=0  top10%=3
Cycle  93: GP refit  (102 labelled)
  → 1CdBr2-3  gap=3.373 eV  best=5.209 eV  top50=0  top10%=3
Cycle  94: GP refit  (103 labelled)
  → 2CsNRuSF5-1  gap=2.579 eV  best=5.209 eV  top50=0  top10%=3
Cycle  95: GP refit  (104 labelled)
  → 1ZnCl2-3  gap=4.718 eV  best=5.209 eV  top50=0  top10%=3
Cycle  96: full DKL retrain  (105 labelled)
GP warmup: 20 epochs on initial embeddings
Joint DKL training: 50 epochs
  Epoch 20/50  loss=-0.0616
  Epoch 40/50  loss=-0.2222
DKL training done in 1.8s
  → 1OVBr2-1  gap=3.019 eV  best=5.209 eV  top50=0  top10%=3
Cycle  97: GP refit  (106 labelled)
  → 2BiBrCdO2-1  gap=3.667 eV  best=5.209 eV  top50=0  top10%=3
Cycle  98: GP refit  (107 labelled)
  → 1PdZrBr6-1  gap=1.974 eV  best=5.209 eV  top50=0  top10%=3
Cycle  99: GP refit  (108 labelled)
  → 2CKOOsF5-1  gap=1.831 eV  best=5.209 eV  top50=0  top10%=3
Cycle 100: GP refit  (109 labelled)
  → 2KNOOsF5-1  gap=2.833 eV  best=5.209 eV  top50=0  top10%=3
  dkl_finetune/seed16 → best_inwin=2.937 top10=1 top50=11
BOLoop: 766 materials  |  direction=max  |  top-50 internal threshold=5.35  top-10% internal threshold=4.94
Init: 10 random labels  |  best (max) = 6.099
Cycle   1: full DKL retrain  (10 labelled)
GP warmup: 20 epochs on initial embeddings
/home/roy/Desktop/DKL-BO/venv/lib/python3.13/site-packages/torch/_compile.py:54: UserWarning: optimizer contains a parameter group with duplicate parameters; in future, this will cause an error; see github.com/pytorch/pytorch/issues/40967 for more information
  return disable_fn(*args, **kwargs)
Joint DKL training: 50 epochs
  Epoch 20/50  loss=2.3182
  Epoch 40/50  loss=2.1244
DKL training done in 1.7s
  → 1SeSn-1  gap=2.788 eV  best=6.099 eV  top50=0  top10%=0
Cycle   2: GP refit  (11 labelled)
  → 1CoNaP2Se6-1  gap=1.717 eV  best=6.099 eV  top50=0  top10%=0
Cycle   3: GP refit  (12 labelled)
  → 1CoNaAs2Se6-1  gap=1.295 eV  best=6.099 eV  top50=0  top10%=0
Cycle   4: GP refit  (13 labelled)
  → 1BiClTe-1  gap=1.198 eV  best=6.099 eV  top50=0  top10%=0
Cycle   5: GP refit  (14 labelled)
  → 1SnTe-1  gap=2.089 eV  best=6.099 eV  top50=0  top10%=0
Cycle   6: full DKL retrain  (15 labelled)
GP warmup: 20 epochs on initial embeddings
Joint DKL training: 50 epochs
  Epoch 20/50  loss=0.7813
  Epoch 40/50  loss=0.6346
DKL training done in 1.7s
  → 4OSb2Se2-1  gap=2.083 eV  best=6.099 eV  top50=0  top10%=0
Cycle   7: GP refit  (16 labelled)
  → 1ClSbSe-1  gap=1.804 eV  best=6.099 eV  top50=0  top10%=0
Cycle   8: GP refit  (17 labelled)
  → 1CrSSe-1  gap=1.241 eV  best=6.099 eV  top50=0  top10%=0
Cycle   9: GP refit  (18 labelled)
  → 2ScSe-3  gap=0.933 eV  best=6.099 eV  top50=0  top10%=0
Cycle  10: GP refit  (19 labelled)
  → 2BiIn-1  gap=0.138 eV  best=6.099 eV  top50=0  top10%=0
Cycle  11: full DKL retrain  (20 labelled)
GP warmup: 20 epochs on initial embeddings
Joint DKL training: 50 epochs
  Epoch 20/50  loss=0.5917
  Epoch 40/50  loss=0.3210
DKL training done in 1.6s
  → 2HTeNa3S4-1  gap=3.502 eV  best=6.099 eV  top50=0  top10%=0
Cycle  12: GP refit  (21 labelled)
  → 1CdGeSSeBr2-1  gap=1.544 eV  best=6.099 eV  top50=0  top10%=0
Cycle  13: GP refit  (22 labelled)
  → 1ClSSb-2  gap=2.321 eV  best=6.099 eV  top50=0  top10%=0
Cycle  14: GP refit  (23 labelled)
  → 2BrRhSe-1  gap=2.140 eV  best=6.099 eV  top50=0  top10%=0
Cycle  15: GP refit  (24 labelled)
  → 1SeNb3Br7-1  gap=1.477 eV  best=6.099 eV  top50=0  top10%=0
Cycle  16: full DKL retrain  (25 labelled)
GP warmup: 20 epochs on initial embeddings
Joint DKL training: 50 epochs
  Epoch 20/50  loss=0.3382
  Epoch 40/50  loss=0.1694
DKL training done in 0.5s
  → 2P2S3-1  gap=3.272 eV  best=6.099 eV  top50=0  top10%=0
Cycle  17: GP refit  (26 labelled)
  → 1BrClCa2S2-1  gap=3.810 eV  best=6.099 eV  top50=0  top10%=0
Cycle  18: GP refit  (27 labelled)
  → 2CoI2Sb2O3-1  gap=3.324 eV  best=6.099 eV  top50=0  top10%=0
Cycle  19: GP refit  (28 labelled)
  → 1WS2-1  gap=2.055 eV  best=6.099 eV  top50=0  top10%=0
Cycle  20: GP refit  (29 labelled)
  → 1MoW3S8-1  gap=2.064 eV  best=6.099 eV  top50=0  top10%=0
Cycle  21: full DKL retrain  (30 labelled)
GP warmup: 20 epochs on initial embeddings
Joint DKL training: 50 epochs
  Epoch 20/50  loss=0.1248
  Epoch 40/50  loss=-0.0207
DKL training done in 0.4s
  → 1ClHfI-1  gap=1.295 eV  best=6.099 eV  top50=0  top10%=0
Cycle  22: GP refit  (31 labelled)
  → 1SeHf2I5-1  gap=0.972 eV  best=6.099 eV  top50=0  top10%=0
Cycle  23: GP refit  (32 labelled)
  → 1PbBr2-2  gap=3.248 eV  best=6.099 eV  top50=0  top10%=0
Cycle  24: GP refit  (33 labelled)
  → 1BrClZr-1  gap=1.397 eV  best=6.099 eV  top50=0  top10%=0
Cycle  25: GP refit  (34 labelled)
  → 2CoAs2I2O3-1  gap=3.183 eV  best=6.099 eV  top50=0  top10%=0
Cycle  26: full DKL retrain  (35 labelled)
GP warmup: 20 epochs on initial embeddings
Joint DKL training: 50 epochs
  Epoch 20/50  loss=0.1716
  Epoch 40/50  loss=0.0218
DKL training done in 0.4s
  → 1OSeW-1  gap=2.004 eV  best=6.099 eV  top50=0  top10%=0
Cycle  27: GP refit  (36 labelled)
  → 2CoBi2I2O3-1  gap=2.811 eV  best=6.099 eV  top50=0  top10%=0
Cycle  28: GP refit  (37 labelled)
  → 2BiO-1  gap=1.042 eV  best=6.099 eV  top50=0  top10%=0
Cycle  29: GP refit  (38 labelled)
  → 1PbS-1  gap=2.593 eV  best=6.099 eV  top50=0  top10%=0
Cycle  30: GP refit  (39 labelled)
  → 4PPtS-1  gap=2.654 eV  best=6.099 eV  top50=0  top10%=0
Cycle  31: full DKL retrain  (40 labelled)
GP warmup: 20 epochs on initial embeddings
Joint DKL training: 50 epochs
  Epoch 20/50  loss=0.2792
  Epoch 40/50  loss=0.0857
DKL training done in 0.4s
  → 1AgMoBr4-1  gap=2.166 eV  best=6.099 eV  top50=0  top10%=0
Cycle  32: GP refit  (41 labelled)
  → 1AlAs-1  gap=2.028 eV  best=6.099 eV  top50=0  top10%=0
Cycle  33: GP refit  (42 labelled)
  → 2MoWS4-1  gap=2.062 eV  best=6.099 eV  top50=0  top10%=0
Cycle  34: GP refit  (43 labelled)
  → 4AgF2-2  gap=1.637 eV  best=6.099 eV  top50=0  top10%=0
Cycle  35: GP refit  (44 labelled)
  → 2BrRhS-2  gap=2.135 eV  best=6.099 eV  top50=0  top10%=0
Cycle  36: full DKL retrain  (45 labelled)
GP warmup: 20 epochs on initial embeddings
Joint DKL training: 50 epochs
  Epoch 20/50  loss=0.0828
  Epoch 40/50  loss=-0.0467
DKL training done in 0.4s
  → 1SnS2-3  gap=1.455 eV  best=6.099 eV  top50=0  top10%=0
Cycle  37: GP refit  (46 labelled)
  → 1CoNaP2S6-1  gap=1.851 eV  best=6.099 eV  top50=0  top10%=0
Cycle  38: GP refit  (47 labelled)
  → 1LiNbBr6-1  gap=2.937 eV  best=6.099 eV  top50=0  top10%=0
Cycle  39: GP refit  (48 labelled)
  → 2FISr-1  gap=5.171 eV  best=6.099 eV  top50=0  top10%=1
Cycle  40: GP refit  (49 labelled)
  → 1WMo3S8-1  gap=2.076 eV  best=6.099 eV  top50=0  top10%=1
Cycle  41: full DKL retrain  (50 labelled)
GP warmup: 20 epochs on initial embeddings
Joint DKL training: 50 epochs
  Epoch 20/50  loss=0.3718
  Epoch 40/50  loss=0.2131
DKL training done in 0.4s
  → 2NbOI2-1  gap=1.845 eV  best=6.099 eV  top50=0  top10%=1
Cycle  42: GP refit  (51 labelled)
  → 1HgBr2-4  gap=2.459 eV  best=6.099 eV  top50=0  top10%=1
Cycle  43: GP refit  (52 labelled)
  → 1YBr2-1  gap=0.901 eV  best=6.099 eV  top50=0  top10%=1
Cycle  44: GP refit  (53 labelled)
  → 1TiI2-2  gap=0.828 eV  best=6.099 eV  top50=0  top10%=1
Cycle  45: GP refit  (54 labelled)
  → 1BrClGe2Se2-1  gap=2.697 eV  best=6.099 eV  top50=0  top10%=1
Cycle  46: full DKL retrain  (55 labelled)
GP warmup: 20 epochs on initial embeddings
Joint DKL training: 50 epochs
  Epoch 20/50  loss=0.2900
  Epoch 40/50  loss=0.1244
DKL training done in 0.4s
  → 1GeCl2-2  gap=3.875 eV  best=6.099 eV  top50=0  top10%=1
Cycle  47: GP refit  (56 labelled)
  → 1SI2Pb2-1  gap=1.567 eV  best=6.099 eV  top50=0  top10%=1
Cycle  48: GP refit  (57 labelled)
  → 1BrITl2-1  gap=2.587 eV  best=6.099 eV  top50=0  top10%=1
Cycle  49: GP refit  (58 labelled)
  → 1ClIMg-1  gap=3.815 eV  best=6.099 eV  top50=0  top10%=1
Cycle  50: GP refit  (59 labelled)
  → 1OSW-1  gap=2.257 eV  best=6.099 eV  top50=0  top10%=1
Cycle  51: full DKL retrain  (60 labelled)
GP warmup: 20 epochs on initial embeddings
Joint DKL training: 50 epochs
  Epoch 20/50  loss=0.2356
  Epoch 40/50  loss=0.0762
DKL training done in 0.4s
  → 1ScCl2-1  gap=0.736 eV  best=6.099 eV  top50=0  top10%=1
Cycle  52: GP refit  (61 labelled)
  → 1SnBr2S2-1  gap=1.490 eV  best=6.099 eV  top50=0  top10%=1
Cycle  53: GP refit  (62 labelled)
  → 4LiPS2-1  gap=2.290 eV  best=6.099 eV  top50=0  top10%=1
Cycle  54: GP refit  (63 labelled)
  → 1SSn-1  gap=2.978 eV  best=6.099 eV  top50=0  top10%=1
Cycle  55: GP refit  (64 labelled)
  → 2FRhTe-1  gap=2.115 eV  best=6.099 eV  top50=0  top10%=1
Cycle  56: full DKL retrain  (65 labelled)
GP warmup: 20 epochs on initial embeddings
Joint DKL training: 50 epochs
  Epoch 20/50  loss=0.2999
  Epoch 40/50  loss=0.1469
DKL training done in 0.5s
  → 1SeNb3Cl7-1  gap=1.601 eV  best=6.099 eV  top50=0  top10%=1
Cycle  57: GP refit  (66 labelled)
  → 4HgTe-1  gap=0.899 eV  best=6.099 eV  top50=0  top10%=1
Cycle  58: GP refit  (67 labelled)
  → 1STa3Cl7-1  gap=1.643 eV  best=6.099 eV  top50=0  top10%=1
Cycle  59: GP refit  (68 labelled)
  → 2BrClCr-1  gap=2.869 eV  best=6.099 eV  top50=0  top10%=1
Cycle  60: GP refit  (69 labelled)
  → 1BrHf2S2Cl3-1  gap=3.424 eV  best=6.099 eV  top50=0  top10%=1
Cycle  61: full DKL retrain  (70 labelled)
GP warmup: 20 epochs on initial embeddings
Joint DKL training: 50 epochs
  Epoch 20/50  loss=0.2006
  Epoch 40/50  loss=-0.0064
DKL training done in 0.4s
  → 2BrNbO2-1  gap=3.469 eV  best=6.099 eV  top50=0  top10%=1
Cycle  62: GP refit  (71 labelled)
  → 1PbS2-1  gap=2.299 eV  best=6.099 eV  top50=0  top10%=1
Cycle  63: GP refit  (72 labelled)
  → 1CdCl2-3  gap=4.344 eV  best=6.099 eV  top50=0  top10%=1
Cycle  64: GP refit  (73 labelled)
  → 1Br2Se2Pb3-1  gap=1.452 eV  best=6.099 eV  top50=0  top10%=1
Cycle  65: GP refit  (74 labelled)
  → 2BrGa-1  gap=3.271 eV  best=6.099 eV  top50=0  top10%=1
Cycle  66: full DKL retrain  (75 labelled)
GP warmup: 20 epochs on initial embeddings
Joint DKL training: 50 epochs
  Epoch 20/50  loss=0.1001
  Epoch 40/50  loss=-0.0270
DKL training done in 0.4s
  → 1HfNiCl6-1  gap=4.523 eV  best=6.099 eV  top50=0  top10%=1
Cycle  67: GP refit  (76 labelled)
  → 2PbS-3  gap=0.673 eV  best=6.099 eV  top50=0  top10%=1
Cycle  68: GP refit  (77 labelled)
  → 1TeNb3F7-1  gap=1.719 eV  best=6.099 eV  top50=0  top10%=1
Cycle  69: GP refit  (78 labelled)
  → 1AlGaSe2-1  gap=2.765 eV  best=6.099 eV  top50=0  top10%=1
Cycle  70: GP refit  (79 labelled)
  → 2MoS2-1  gap=0.069 eV  best=6.099 eV  top50=0  top10%=1
Cycle  71: full DKL retrain  (80 labelled)
GP warmup: 20 epochs on initial embeddings
Joint DKL training: 50 epochs
  Epoch 20/50  loss=0.3931
  Epoch 40/50  loss=0.2636
DKL training done in 0.5s
  → 1IO2V2Br3-1  gap=1.857 eV  best=6.099 eV  top50=0  top10%=1
Cycle  72: GP refit  (81 labelled)
  → 2GaSe-7  gap=0.809 eV  best=6.099 eV  top50=0  top10%=1
Cycle  73: GP refit  (82 labelled)
  → 1OTa3Cl7-1  gap=1.569 eV  best=6.099 eV  top50=0  top10%=1
Cycle  74: GP refit  (83 labelled)
  → 2AgO-1  gap=1.126 eV  best=6.099 eV  top50=0  top10%=1
Cycle  75: GP refit  (84 labelled)
  → 1BrClI2O2V2-1  gap=2.590 eV  best=6.099 eV  top50=0  top10%=1
Cycle  76: full DKL retrain  (85 labelled)
GP warmup: 20 epochs on initial embeddings
Joint DKL training: 50 epochs
  Epoch 20/50  loss=0.4316
  Epoch 40/50  loss=0.3281
DKL training done in 0.5s
  → 1FeHfBr6-1  gap=3.395 eV  best=6.099 eV  top50=0  top10%=1
Cycle  77: GP refit  (86 labelled)
  → 1CdBr2-3  gap=3.373 eV  best=6.099 eV  top50=0  top10%=1
Cycle  78: GP refit  (87 labelled)
  → 2OsO2-1  gap=1.005 eV  best=6.099 eV  top50=0  top10%=1
Cycle  79: GP refit  (88 labelled)
  → 1MgI2-3  gap=3.448 eV  best=6.099 eV  top50=0  top10%=1
Cycle  80: GP refit  (89 labelled)
  → 4SSn-1  gap=2.426 eV  best=6.099 eV  top50=0  top10%=1
Cycle  81: full DKL retrain  (90 labelled)
GP warmup: 20 epochs on initial embeddings
Joint DKL training: 50 epochs
  Epoch 20/50  loss=0.2572
  Epoch 40/50  loss=0.0807
DKL training done in 0.5s
  → 2ClRhS-1  gap=2.270 eV  best=6.099 eV  top50=0  top10%=1
Cycle  82: GP refit  (91 labelled)
  → 2P2Se3-2  gap=2.700 eV  best=6.099 eV  top50=0  top10%=1
Cycle  83: GP refit  (92 labelled)
  → 1BP-1  gap=1.362 eV  best=6.099 eV  top50=0  top10%=1
Cycle  84: GP refit  (93 labelled)
  → 2INbO2-1  gap=2.295 eV  best=6.099 eV  top50=0  top10%=1
Cycle  85: GP refit  (94 labelled)
  → 1HfCl2-1  gap=1.471 eV  best=6.099 eV  top50=0  top10%=1
Cycle  86: full DKL retrain  (95 labelled)
GP warmup: 20 epochs on initial embeddings
Joint DKL training: 50 epochs
  Epoch 20/50  loss=0.0136
  Epoch 40/50  loss=-0.2025
DKL training done in 0.5s
  → 1CdHIS-1  gap=2.851 eV  best=6.099 eV  top50=0  top10%=1
Cycle  87: GP refit  (96 labelled)
  → 4NaSbO2-1  gap=4.747 eV  best=6.099 eV  top50=0  top10%=1
Cycle  88: GP refit  (97 labelled)
  → 1CaI2-2  gap=4.063 eV  best=6.099 eV  top50=0  top10%=1
Cycle  89: GP refit  (98 labelled)
  → 2FRhS-1  gap=2.175 eV  best=6.099 eV  top50=0  top10%=1
Cycle  90: GP refit  (99 labelled)
  → 1AlN-1  gap=4.048 eV  best=6.099 eV  top50=0  top10%=1
Cycle  91: full DKL retrain  (100 labelled)
GP warmup: 20 epochs on initial embeddings
Joint DKL training: 50 epochs
  Epoch 20/50  loss=-0.0865
  Epoch 40/50  loss=-0.2685
DKL training done in 0.5s
  → 1FeZrBr6-1  gap=3.164 eV  best=6.099 eV  top50=0  top10%=1
Cycle  92: GP refit  (101 labelled)
  → 2BiCdIO2-1  gap=2.598 eV  best=6.099 eV  top50=0  top10%=1
Cycle  93: GP refit  (102 labelled)
  → 2OPb-3  gap=1.090 eV  best=6.099 eV  top50=0  top10%=1
Cycle  94: GP refit  (103 labelled)
  → 2NORbRuF5-1  gap=3.120 eV  best=6.099 eV  top50=0  top10%=1
Cycle  95: GP refit  (104 labelled)
  → 1GeMnCl6-1  gap=2.129 eV  best=6.099 eV  top50=0  top10%=1
Cycle  96: full DKL retrain  (105 labelled)
GP warmup: 20 epochs on initial embeddings
Joint DKL training: 50 epochs
  Epoch 20/50  loss=0.1387
  Epoch 40/50  loss=-0.2931
DKL training done in 0.5s
  → 2RhBr3-2  gap=1.129 eV  best=6.099 eV  top50=0  top10%=1
Cycle  97: GP refit  (106 labelled)
  → 2BaFI-1  gap=4.907 eV  best=6.099 eV  top50=0  top10%=1
Cycle  98: GP refit  (107 labelled)
  → 1AuClCuI-1  gap=3.695 eV  best=6.099 eV  top50=0  top10%=1
Cycle  99: GP refit  (108 labelled)
  → 1OPb-1  gap=2.638 eV  best=6.099 eV  top50=0  top10%=1
Cycle 100: GP refit  (109 labelled)
  → 1OVI2-1  gap=1.849 eV  best=6.099 eV  top50=0  top10%=1
  dkl_finetune/seed17 → best_inwin=2.978 top10=2 top50=11
BOLoop: 766 materials  |  direction=max  |  top-50 internal threshold=5.35  top-10% internal threshold=4.94
Init: 10 random labels  |  best (max) = 1.877
Cycle   1: full DKL retrain  (10 labelled)
GP warmup: 20 epochs on initial embeddings
/home/roy/Desktop/DKL-BO/venv/lib/python3.13/site-packages/torch/_compile.py:54: UserWarning: optimizer contains a parameter group with duplicate parameters; in future, this will cause an error; see github.com/pytorch/pytorch/issues/40967 for more information
  return disable_fn(*args, **kwargs)
Joint DKL training: 50 epochs
  Epoch 20/50  loss=0.9247
  Epoch 40/50  loss=0.8291
DKL training done in 0.4s
  → 1MoOS-1  gap=1.831 eV  best=1.877 eV  top50=0  top10%=0
Cycle   2: GP refit  (11 labelled)
  → 1MoW3O8-1  gap=1.961 eV  best=1.961 eV  top50=0  top10%=0
Cycle   3: GP refit  (12 labelled)
  → 2HSLi3O4-1  gap=5.694 eV  best=5.694 eV  top50=1  top10%=1
Cycle   4: GP refit  (13 labelled)
  → 2AlS-1  gap=2.881 eV  best=5.694 eV  top50=1  top10%=1
Cycle   5: GP refit  (14 labelled)
  → 1WO2-1  gap=2.097 eV  best=5.694 eV  top50=1  top10%=1
Cycle   6: full DKL retrain  (15 labelled)
GP warmup: 20 epochs on initial embeddings
Joint DKL training: 50 epochs
  Epoch 20/50  loss=0.9083
  Epoch 40/50  loss=0.5016
DKL training done in 0.4s
  → 2FNaO-1  gap=5.377 eV  best=5.694 eV  top50=2  top10%=2
Cycle   7: GP refit  (16 labelled)
  → 2SNi2Se3-1  gap=0.440 eV  best=5.694 eV  top50=2  top10%=2
Cycle   8: GP refit  (17 labelled)
  → 1GeO-1  gap=2.811 eV  best=5.694 eV  top50=2  top10%=2
Cycle   9: GP refit  (18 labelled)
  → 1PbSrS2O8-1  gap=5.262 eV  best=5.694 eV  top50=2  top10%=3
Cycle  10: GP refit  (19 labelled)
  → 2NiSeO3-2  gap=2.815 eV  best=5.694 eV  top50=2  top10%=3
Cycle  11: full DKL retrain  (20 labelled)
GP warmup: 20 epochs on initial embeddings
Joint DKL training: 50 epochs
  Epoch 20/50  loss=0.9144
  Epoch 40/50  loss=0.4458
DKL training done in 0.4s
  → 1CoNaP2S6-1  gap=1.851 eV  best=5.694 eV  top50=2  top10%=3
Cycle  12: GP refit  (21 labelled)
  → 2CoAs2Br2O3-1  gap=3.781 eV  best=5.694 eV  top50=2  top10%=3
Cycle  13: GP refit  (22 labelled)
  → 2WO3-1  gap=2.865 eV  best=5.694 eV  top50=2  top10%=3
Cycle  14: GP refit  (23 labelled)
  → 1SeAg2O4-1  gap=3.121 eV  best=5.694 eV  top50=2  top10%=3
Cycle  15: GP refit  (24 labelled)
  → 2BiBrHgO2-1  gap=3.519 eV  best=5.694 eV  top50=2  top10%=3
Cycle  16: full DKL retrain  (25 labelled)
GP warmup: 20 epochs on initial embeddings
Joint DKL training: 50 epochs
  Epoch 20/50  loss=-0.0529
  Epoch 40/50  loss=-0.3592
DKL training done in 0.4s
  → 1SnO2-3  gap=1.956 eV  best=5.694 eV  top50=2  top10%=3
Cycle  17: GP refit  (26 labelled)
  → 2PdSeO3-1  gap=2.663 eV  best=5.694 eV  top50=2  top10%=3
Cycle  18: GP refit  (27 labelled)
  → 2CoAs2I2O3-1  gap=3.183 eV  best=5.694 eV  top50=2  top10%=3
Cycle  19: GP refit  (28 labelled)
  → 1CoNaAs2Se6-1  gap=1.295 eV  best=5.694 eV  top50=2  top10%=3
Cycle  20: GP refit  (29 labelled)
  → 4OSn-1  gap=3.719 eV  best=5.694 eV  top50=2  top10%=3
Cycle  21: full DKL retrain  (30 labelled)
GP warmup: 20 epochs on initial embeddings
Joint DKL training: 50 epochs
  Epoch 20/50  loss=0.0612
  Epoch 40/50  loss=-0.3662
DKL training done in 0.4s
  → 2BaSb2O4-1  gap=4.562 eV  best=5.694 eV  top50=2  top10%=3
Cycle  22: GP refit  (31 labelled)
  → 2BrCdSbO2-1  gap=3.518 eV  best=5.694 eV  top50=2  top10%=3
Cycle  23: GP refit  (32 labelled)
  → 2HNaS-1  gap=4.588 eV  best=5.694 eV  top50=2  top10%=3
Cycle  24: GP refit  (33 labelled)
  → 1PbCl2-2  gap=3.856 eV  best=5.694 eV  top50=2  top10%=3
Cycle  25: GP refit  (34 labelled)
  → 2CoI2Sb2O3-1  gap=3.324 eV  best=5.694 eV  top50=2  top10%=3
Cycle  26: full DKL retrain  (35 labelled)
GP warmup: 20 epochs on initial embeddings
Joint DKL training: 50 epochs
  Epoch 20/50  loss=0.7665
  Epoch 40/50  loss=-0.1741
DKL training done in 0.4s
  → 2BiCdIO2-1  gap=2.598 eV  best=5.694 eV  top50=2  top10%=3
Cycle  27: GP refit  (36 labelled)
  → 2BiCdClO2-1  gap=4.073 eV  best=5.694 eV  top50=2  top10%=3
Cycle  28: GP refit  (37 labelled)
  → 2OPt-3  gap=1.460 eV  best=5.694 eV  top50=2  top10%=3
Cycle  29: GP refit  (38 labelled)
  → 2INbO2-1  gap=2.295 eV  best=5.694 eV  top50=2  top10%=3
Cycle  30: GP refit  (39 labelled)
  → 1SeTa3F7-1  gap=1.735 eV  best=5.694 eV  top50=2  top10%=3
Cycle  31: full DKL retrain  (40 labelled)
GP warmup: 20 epochs on initial embeddings
Joint DKL training: 50 epochs
  Epoch 20/50  loss=0.4593
  Epoch 40/50  loss=0.0443
DKL training done in 0.4s
  → 2NOsRbSF5-1  gap=2.520 eV  best=5.694 eV  top50=2  top10%=3
Cycle  32: GP refit  (41 labelled)
  → 2NOOsRbF5-1  gap=2.864 eV  best=5.694 eV  top50=2  top10%=3
Cycle  33: GP refit  (42 labelled)
  → 2NORbRuF5-1  gap=3.120 eV  best=5.694 eV  top50=2  top10%=3
Cycle  34: GP refit  (43 labelled)
  → 2CsNRuSF5-1  gap=2.579 eV  best=5.694 eV  top50=2  top10%=3
Cycle  35: GP refit  (44 labelled)
  → 2CsNOOsF5-1  gap=2.891 eV  best=5.694 eV  top50=2  top10%=3
Cycle  36: full DKL retrain  (45 labelled)
GP warmup: 20 epochs on initial embeddings
Joint DKL training: 50 epochs
  Epoch 20/50  loss=3.4784
  Epoch 40/50  loss=0.1113
DKL training done in 0.4s
  → 2CsNORuF5-1  gap=3.138 eV  best=5.694 eV  top50=2  top10%=3
Cycle  37: GP refit  (46 labelled)
  → 1InN-1  gap=1.565 eV  best=5.694 eV  top50=2  top10%=3
Cycle  38: GP refit  (47 labelled)
  → 2NRbRuSF5-1  gap=2.622 eV  best=5.694 eV  top50=2  top10%=3
Cycle  39: GP refit  (48 labelled)
  → 2KNbF6-1  gap=8.177 eV  best=8.177 eV  top50=3  top10%=4
Cycle  40: GP refit  (49 labelled)
  → 1SNb3F7-1  gap=1.872 eV  best=8.177 eV  top50=3  top10%=4
Cycle  41: full DKL retrain  (50 labelled)
GP warmup: 20 epochs on initial embeddings
Joint DKL training: 50 epochs
  Epoch 20/50  loss=8.7959
  Epoch 40/50  loss=0.8243
DKL training done in 0.4s
  → 2PdSO3-1  gap=2.851 eV  best=8.177 eV  top50=3  top10%=4
Cycle  42: GP refit  (51 labelled)
  → 1BiClS-2  gap=2.271 eV  best=8.177 eV  top50=3  top10%=4
Cycle  43: GP refit  (52 labelled)
  → 1CdCl2-3  gap=4.344 eV  best=8.177 eV  top50=3  top10%=4
Cycle  44: GP refit  (53 labelled)
  → 1ClSSb-2  gap=2.321 eV  best=8.177 eV  top50=3  top10%=4
Cycle  45: GP refit  (54 labelled)
  → 1ClIZr-1  gap=1.317 eV  best=8.177 eV  top50=3  top10%=4
Cycle  46: full DKL retrain  (55 labelled)
GP warmup: 20 epochs on initial embeddings
Joint DKL training: 50 epochs
  Epoch 20/50  loss=1.7931
  Epoch 40/50  loss=0.4029
DKL training done in 0.4s
  → 1OVBr2-1  gap=3.019 eV  best=8.177 eV  top50=3  top10%=4
Cycle  47: GP refit  (56 labelled)
  → 2PtSeO3-1  gap=2.732 eV  best=8.177 eV  top50=3  top10%=4
Cycle  48: GP refit  (57 labelled)
  → 2PtSO3-1  gap=2.976 eV  best=8.177 eV  top50=3  top10%=4
Cycle  49: GP refit  (58 labelled)
  → 2BiO-1  gap=1.042 eV  best=8.177 eV  top50=3  top10%=4
Cycle  50: GP refit  (59 labelled)
  → 2Bi2O3-2  gap=4.095 eV  best=8.177 eV  top50=3  top10%=4
Cycle  51: full DKL retrain  (60 labelled)
GP warmup: 20 epochs on initial embeddings
Joint DKL training: 50 epochs
  Epoch 20/50  loss=0.3543
  Epoch 40/50  loss=-0.0234
DKL training done in 0.4s
  → 2ClMoO2-1  gap=1.762 eV  best=8.177 eV  top50=3  top10%=4
Cycle  52: GP refit  (61 labelled)
  → 2CdFSbO2-1  gap=3.513 eV  best=8.177 eV  top50=3  top10%=4
Cycle  53: GP refit  (62 labelled)
  → 2ClNbO2-1  gap=4.453 eV  best=8.177 eV  top50=3  top10%=4
Cycle  54: GP refit  (63 labelled)
  → 2OSc-1  gap=1.194 eV  best=8.177 eV  top50=3  top10%=4
Cycle  55: GP refit  (64 labelled)
  → 2V2O5-3  gap=3.877 eV  best=8.177 eV  top50=3  top10%=4
Cycle  56: full DKL retrain  (65 labelled)
GP warmup: 20 epochs on initial embeddings
Joint DKL training: 50 epochs
  Epoch 20/50  loss=0.7342
  Epoch 40/50  loss=0.2700
DKL training done in 0.4s
  → 1IPd2Cl5-1  gap=1.393 eV  best=8.177 eV  top50=3  top10%=4
Cycle  57: GP refit  (66 labelled)
  → 1BrHf2S2Cl3-1  gap=3.424 eV  best=8.177 eV  top50=3  top10%=4
Cycle  58: GP refit  (67 labelled)
  → 1BrCoSe-1  gap=2.153 eV  best=8.177 eV  top50=3  top10%=4
Cycle  59: GP refit  (68 labelled)
  → 1CdClHS-1  gap=3.853 eV  best=8.177 eV  top50=3  top10%=4
Cycle  60: GP refit  (69 labelled)
  → 1CdBr2-3  gap=3.373 eV  best=8.177 eV  top50=3  top10%=4
Cycle  61: full DKL retrain  (70 labelled)
GP warmup: 20 epochs on initial embeddings
Joint DKL training: 50 epochs
  Epoch 20/50  loss=0.3041
  Epoch 40/50  loss=0.0137
DKL training done in 0.5s
  → 1BrClCa2S2-1  gap=3.810 eV  best=8.177 eV  top50=3  top10%=4
Cycle  62: GP refit  (71 labelled)
  → 4LiSbS2-1  gap=2.746 eV  best=8.177 eV  top50=3  top10%=4
Cycle  63: GP refit  (72 labelled)
  → 1ClSbSe-2  gap=2.290 eV  best=8.177 eV  top50=3  top10%=4
Cycle  64: GP refit  (73 labelled)
  → 2ORh-2  gap=0.062 eV  best=8.177 eV  top50=3  top10%=4
Cycle  65: GP refit  (74 labelled)
  → 2CsNOsSF5-1  gap=2.525 eV  best=8.177 eV  top50=3  top10%=4
Cycle  66: full DKL retrain  (75 labelled)
GP warmup: 20 epochs on initial embeddings
Joint DKL training: 50 epochs
  Epoch 20/50  loss=0.2283
  Epoch 40/50  loss=-0.0517
DKL training done in 0.4s
  → 1CdCl2N2C4H4-1  gap=3.619 eV  best=8.177 eV  top50=3  top10%=4
Cycle  67: GP refit  (76 labelled)
  → 2ClFSr-1  gap=7.351 eV  best=8.177 eV  top50=4  top10%=5
Cycle  68: GP refit  (77 labelled)
  → 1IO2V2Br3-1  gap=1.857 eV  best=8.177 eV  top50=4  top10%=5
Cycle  69: GP refit  (78 labelled)
  → 1OSn-1  gap=2.218 eV  best=8.177 eV  top50=4  top10%=5
Cycle  70: GP refit  (79 labelled)
  → 2P2S3-1  gap=3.272 eV  best=8.177 eV  top50=4  top10%=5
Cycle  71: full DKL retrain  (80 labelled)
GP warmup: 20 epochs on initial embeddings
Joint DKL training: 50 epochs
  Epoch 20/50  loss=0.1739
  Epoch 40/50  loss=-0.1223
DKL training done in 0.4s
  → 2InS-1  gap=2.431 eV  best=8.177 eV  top50=4  top10%=5
Cycle  72: GP refit  (81 labelled)
  → 2SbTlO3-1  gap=4.173 eV  best=8.177 eV  top50=4  top10%=5
Cycle  73: GP refit  (82 labelled)
  → 2BiHgIO2-1  gap=2.659 eV  best=8.177 eV  top50=4  top10%=5
Cycle  74: GP refit  (83 labelled)
  → 1AuInCl2S2-1  gap=2.584 eV  best=8.177 eV  top50=4  top10%=5
Cycle  75: GP refit  (84 labelled)
  → 1CdGeSSeBr2-1  gap=1.544 eV  best=8.177 eV  top50=4  top10%=5
Cycle  76: full DKL retrain  (85 labelled)
GP warmup: 20 epochs on initial embeddings
Joint DKL training: 50 epochs
  Epoch 20/50  loss=-0.0344
  Epoch 40/50  loss=-0.2314
DKL training done in 0.5s
  → 1NiCl2N2H4C6-1  gap=2.638 eV  best=8.177 eV  top50=4  top10%=5
Cycle  77: GP refit  (86 labelled)
  → 1BrClZr-1  gap=1.397 eV  best=8.177 eV  top50=4  top10%=5
Cycle  78: GP refit  (87 labelled)
  → 1SeTa3Cl7-1  gap=1.582 eV  best=8.177 eV  top50=4  top10%=5
Cycle  79: GP refit  (88 labelled)
  → 1CoLiP2Se6-1  gap=2.004 eV  best=8.177 eV  top50=4  top10%=5
Cycle  80: GP refit  (89 labelled)
  → 1ClO2V2Br3-1  gap=1.976 eV  best=8.177 eV  top50=4  top10%=5
Cycle  81: full DKL retrain  (90 labelled)
GP warmup: 20 epochs on initial embeddings
Joint DKL training: 50 epochs
  Epoch 20/50  loss=-0.0971
  Epoch 40/50  loss=-0.3174
DKL training done in 0.5s
  → 1ClHfI-1  gap=1.295 eV  best=8.177 eV  top50=4  top10%=5
Cycle  82: GP refit  (91 labelled)
  → 1PbO2-3  gap=0.935 eV  best=8.177 eV  top50=4  top10%=5
Cycle  83: GP refit  (92 labelled)
  → 2HfBr2-1  gap=1.334 eV  best=8.177 eV  top50=4  top10%=5
Cycle  84: GP refit  (93 labelled)
  → 2InPS3-1  gap=1.395 eV  best=8.177 eV  top50=4  top10%=5
Cycle  85: GP refit  (94 labelled)
  → 2HTeNa3S4-1  gap=3.502 eV  best=8.177 eV  top50=4  top10%=5
Cycle  86: full DKL retrain  (95 labelled)
GP warmup: 20 epochs on initial embeddings
Joint DKL training: 50 epochs
  Epoch 20/50  loss=0.0518
  Epoch 40/50  loss=-0.1322
DKL training done in 0.4s
  → 1ZrO2-3  gap=3.561 eV  best=8.177 eV  top50=4  top10%=5
Cycle  87: GP refit  (96 labelled)
  → 2BaBi2S4-1  gap=2.313 eV  best=8.177 eV  top50=4  top10%=5
Cycle  88: GP refit  (97 labelled)
  → 1BSb-1  gap=0.551 eV  best=8.177 eV  top50=4  top10%=5
Cycle  89: GP refit  (98 labelled)
  → 1GeMnCl6-1  gap=2.129 eV  best=8.177 eV  top50=4  top10%=5
Cycle  90: GP refit  (99 labelled)
  → 2AuCl-4  gap=0.777 eV  best=8.177 eV  top50=4  top10%=5
Cycle  91: full DKL retrain  (100 labelled)
GP warmup: 20 epochs on initial embeddings
Joint DKL training: 50 epochs
  Epoch 20/50  loss=-0.0759
  Epoch 40/50  loss=-0.2259
DKL training done in 0.4s
  → 2BaClH-1  gap=4.823 eV  best=8.177 eV  top50=4  top10%=5
Cycle  92: GP refit  (101 labelled)
  → 1HfCl2-1  gap=1.471 eV  best=8.177 eV  top50=4  top10%=5
Cycle  93: GP refit  (102 labelled)
  → 2RuO2-1  gap=0.693 eV  best=8.177 eV  top50=4  top10%=5
Cycle  94: GP refit  (103 labelled)
  → 2HInTeS4-1  gap=2.900 eV  best=8.177 eV  top50=4  top10%=5
Cycle  95: GP refit  (104 labelled)
  → 1HgS-1  gap=0.724 eV  best=8.177 eV  top50=4  top10%=5
Cycle  96: full DKL retrain  (105 labelled)
GP warmup: 20 epochs on initial embeddings
Joint DKL training: 50 epochs
  Epoch 20/50  loss=0.0053
  Epoch 40/50  loss=-0.1833
DKL training done in 0.4s
  → 1ClIY-1  gap=0.773 eV  best=8.177 eV  top50=4  top10%=5
Cycle  97: GP refit  (106 labelled)
  → 1MgBr2-3  gap=4.662 eV  best=8.177 eV  top50=4  top10%=5
Cycle  98: GP refit  (107 labelled)
  → 2AuBr-2  gap=1.222 eV  best=8.177 eV  top50=4  top10%=5
Cycle  99: GP refit  (108 labelled)
  → 1BP-1  gap=1.362 eV  best=8.177 eV  top50=4  top10%=5
Cycle 100: GP refit  (109 labelled)
  → 2CaFI-1  gap=5.209 eV  best=8.177 eV  top50=4  top10%=6
  dkl_finetune/seed18 → best_inwin=2.976 top10=2 top50=15
BOLoop: 766 materials  |  direction=max  |  top-50 internal threshold=5.35  top-10% internal threshold=4.94
Init: 10 random labels  |  best (max) = 6.553
Cycle   1: full DKL retrain  (10 labelled)
GP warmup: 20 epochs on initial embeddings
/home/roy/Desktop/DKL-BO/venv/lib/python3.13/site-packages/torch/_compile.py:54: UserWarning: optimizer contains a parameter group with duplicate parameters; in future, this will cause an error; see github.com/pytorch/pytorch/issues/40967 for more information
  return disable_fn(*args, **kwargs)
Joint DKL training: 50 epochs
  Epoch 20/50  loss=2.3528
  Epoch 40/50  loss=2.1679
DKL training done in 0.4s
  → 1ClSSb-2  gap=2.321 eV  best=6.553 eV  top50=0  top10%=0
Cycle   2: GP refit  (11 labelled)
  → 1ISSb-2  gap=1.455 eV  best=6.553 eV  top50=0  top10%=0
Cycle   3: GP refit  (12 labelled)
  → 1BrSSb-2  gap=2.028 eV  best=6.553 eV  top50=0  top10%=0
Cycle   4: GP refit  (13 labelled)
  → 1AuInCl2S2-1  gap=2.584 eV  best=6.553 eV  top50=0  top10%=0
Cycle   5: GP refit  (14 labelled)
  → 2InPS3-1  gap=1.395 eV  best=6.553 eV  top50=0  top10%=0
Cycle   6: full DKL retrain  (15 labelled)
GP warmup: 20 epochs on initial embeddings
Joint DKL training: 50 epochs
  Epoch 20/50  loss=0.7580
  Epoch 40/50  loss=0.5985
DKL training done in 0.4s
  → 1OScHf3N3Br4-1  gap=4.148 eV  best=6.553 eV  top50=0  top10%=0
Cycle   7: GP refit  (16 labelled)
  → 4AgF2-2  gap=1.637 eV  best=6.553 eV  top50=0  top10%=0
Cycle   8: GP refit  (17 labelled)
  → 2KNOsSF5-1  gap=2.516 eV  best=6.553 eV  top50=0  top10%=0
Cycle   9: GP refit  (18 labelled)
  → 1AsClTe-1  gap=2.147 eV  best=6.553 eV  top50=0  top10%=0
Cycle  10: GP refit  (19 labelled)
  → 1ClSbSe-1  gap=1.804 eV  best=6.553 eV  top50=0  top10%=0
Cycle  11: full DKL retrain  (20 labelled)
GP warmup: 20 epochs on initial embeddings
Joint DKL training: 50 epochs
  Epoch 20/50  loss=0.0311
  Epoch 40/50  loss=-0.0390
DKL training done in 0.4s
  → 2NOsRbSF5-1  gap=2.520 eV  best=6.553 eV  top50=0  top10%=0
Cycle  12: GP refit  (21 labelled)
  → 2KNbF6-1  gap=8.177 eV  best=8.177 eV  top50=1  top10%=1
Cycle  13: GP refit  (22 labelled)
  → 1BiClTe-1  gap=1.198 eV  best=8.177 eV  top50=1  top10%=1
Cycle  14: GP refit  (23 labelled)
  → 1BrCuGeTe-1  gap=1.540 eV  best=8.177 eV  top50=1  top10%=1
Cycle  15: GP refit  (24 labelled)
  → 2AlS-1  gap=2.881 eV  best=8.177 eV  top50=1  top10%=1
Cycle  16: full DKL retrain  (25 labelled)
GP warmup: 20 epochs on initial embeddings
Joint DKL training: 50 epochs
  Epoch 20/50  loss=1.7766
  Epoch 40/50  loss=0.4376
DKL training done in 0.4s
  → 2CsNOOsF5-1  gap=2.891 eV  best=8.177 eV  top50=1  top10%=1
Cycle  17: GP refit  (26 labelled)
  → 1BrClS4I6In8-1  gap=1.965 eV  best=8.177 eV  top50=1  top10%=1
Cycle  18: GP refit  (27 labelled)
  → 2AuSe-1  gap=1.561 eV  best=8.177 eV  top50=1  top10%=1
Cycle  19: GP refit  (28 labelled)
  → 2ScSe-3  gap=0.933 eV  best=8.177 eV  top50=1  top10%=1
Cycle  20: GP refit  (29 labelled)
  → 1CdHIS-1  gap=2.851 eV  best=8.177 eV  top50=1  top10%=1
Cycle  21: full DKL retrain  (30 labelled)
GP warmup: 20 epochs on initial embeddings
Joint DKL training: 50 epochs
  Epoch 20/50  loss=0.7903
  Epoch 40/50  loss=0.3432
DKL training done in 0.4s
  → 1BSb-1  gap=0.551 eV  best=8.177 eV  top50=1  top10%=1
Cycle  22: GP refit  (31 labelled)
  → 2NbOI2-1  gap=1.845 eV  best=8.177 eV  top50=1  top10%=1
Cycle  23: GP refit  (32 labelled)
  → 2BiFHgO2-1  gap=3.344 eV  best=8.177 eV  top50=1  top10%=1
Cycle  24: GP refit  (33 labelled)
  → 2InO-2  gap=0.920 eV  best=8.177 eV  top50=1  top10%=1
Cycle  25: GP refit  (34 labelled)
  → 1SnBr2S2-1  gap=1.490 eV  best=8.177 eV  top50=1  top10%=1
Cycle  26: full DKL retrain  (35 labelled)
GP warmup: 20 epochs on initial embeddings
Joint DKL training: 50 epochs
  Epoch 20/50  loss=0.7244
  Epoch 40/50  loss=0.6202
DKL training done in 0.4s
  → 2OSc-1  gap=1.194 eV  best=8.177 eV  top50=1  top10%=1
Cycle  27: GP refit  (36 labelled)
  → 4AsPtS-1  gap=2.061 eV  best=8.177 eV  top50=1  top10%=1
Cycle  28: GP refit  (37 labelled)
  → 1BiClSe-2  gap=1.992 eV  best=8.177 eV  top50=1  top10%=1
Cycle  29: GP refit  (38 labelled)
  → 1BrCdI-1  gap=3.053 eV  best=8.177 eV  top50=1  top10%=1
Cycle  30: GP refit  (39 labelled)
  → 1BP-1  gap=1.362 eV  best=8.177 eV  top50=1  top10%=1
Cycle  31: full DKL retrain  (40 labelled)
GP warmup: 20 epochs on initial embeddings
Joint DKL training: 50 epochs
  Epoch 20/50  loss=0.4221
  Epoch 40/50  loss=0.2521
DKL training done in 0.4s
  → 1ScBr2-1  gap=0.757 eV  best=8.177 eV  top50=1  top10%=1
Cycle  32: GP refit  (41 labelled)
  → 1AsB-1  gap=1.188 eV  best=8.177 eV  top50=1  top10%=1
Cycle  33: GP refit  (42 labelled)
  → 2NOOsRbCl5-1  gap=1.751 eV  best=8.177 eV  top50=1  top10%=1
Cycle  34: GP refit  (43 labelled)
  → 1AgMoBr4-1  gap=2.166 eV  best=8.177 eV  top50=1  top10%=1
Cycle  35: GP refit  (44 labelled)
  → 1TeTa3Br7-1  gap=1.397 eV  best=8.177 eV  top50=1  top10%=1
Cycle  36: full DKL retrain  (45 labelled)
GP warmup: 20 epochs on initial embeddings
Joint DKL training: 50 epochs
  Epoch 20/50  loss=0.6104
  Epoch 40/50  loss=0.3814
DKL training done in 0.4s
  → 1ZrBr2-1  gap=1.276 eV  best=8.177 eV  top50=1  top10%=1
Cycle  37: GP refit  (46 labelled)
  → 1CoNaP2S6-1  gap=1.851 eV  best=8.177 eV  top50=1  top10%=1
Cycle  38: GP refit  (47 labelled)
  → 2HfI2-1  gap=1.014 eV  best=8.177 eV  top50=1  top10%=1
Cycle  39: GP refit  (48 labelled)
  → 1STa3Cl7-1  gap=1.643 eV  best=8.177 eV  top50=1  top10%=1
Cycle  40: GP refit  (49 labelled)
  → 2PdTeO3-2  gap=2.509 eV  best=8.177 eV  top50=1  top10%=1
Cycle  41: full DKL retrain  (50 labelled)
GP warmup: 20 epochs on initial embeddings
Joint DKL training: 50 epochs
  Epoch 20/50  loss=0.2546
  Epoch 40/50  loss=0.1109
DKL training done in 0.4s
  → 1TiCl2-1  gap=1.395 eV  best=8.177 eV  top50=1  top10%=1
Cycle  42: GP refit  (51 labelled)
  → 1BrHfI-1  gap=1.157 eV  best=8.177 eV  top50=1  top10%=1
Cycle  43: GP refit  (52 labelled)
  → 1YBr2-1  gap=0.901 eV  best=8.177 eV  top50=1  top10%=1
Cycle  44: GP refit  (53 labelled)
  → 1PdZrBr6-1  gap=1.974 eV  best=8.177 eV  top50=1  top10%=1
Cycle  45: GP refit  (54 labelled)
  → 1AsBrSe-1  gap=1.839 eV  best=8.177 eV  top50=1  top10%=1
Cycle  46: full DKL retrain  (55 labelled)
GP warmup: 20 epochs on initial embeddings
Joint DKL training: 50 epochs
  Epoch 20/50  loss=0.4811
  Epoch 40/50  loss=0.2974
DKL training done in 0.4s
  → 1BrISCd2-1  gap=1.715 eV  best=8.177 eV  top50=1  top10%=1
Cycle  47: GP refit  (56 labelled)
  → 2CKOOsF5-1  gap=1.831 eV  best=8.177 eV  top50=1  top10%=1
Cycle  48: GP refit  (57 labelled)
  → 1HfPdBr6-1  gap=2.003 eV  best=8.177 eV  top50=1  top10%=1
Cycle  49: GP refit  (58 labelled)
  → 1PdZrCl6-1  gap=2.434 eV  best=8.177 eV  top50=1  top10%=1
Cycle  50: GP refit  (59 labelled)
  → 1CSiF2-1  gap=3.306 eV  best=8.177 eV  top50=1  top10%=1
Cycle  51: full DKL retrain  (60 labelled)
GP warmup: 20 epochs on initial embeddings
Joint DKL training: 50 epochs
  Epoch 20/50  loss=0.0094
  Epoch 40/50  loss=-0.1779
DKL training done in 0.3s
  → 1AsBrS-2  gap=2.077 eV  best=8.177 eV  top50=1  top10%=1
Cycle  52: GP refit  (61 labelled)
  → 2HNaO-1  gap=4.458 eV  best=8.177 eV  top50=1  top10%=1
Cycle  53: GP refit  (62 labelled)
  → 1CdGaInS4-1  gap=1.340 eV  best=8.177 eV  top50=1  top10%=1
Cycle  54: GP refit  (63 labelled)
  → 2BaClH-1  gap=4.823 eV  best=8.177 eV  top50=1  top10%=1
Cycle  55: GP refit  (64 labelled)
  → 4AsLiS2-2  gap=1.883 eV  best=8.177 eV  top50=1  top10%=1
Cycle  56: full DKL retrain  (65 labelled)
GP warmup: 20 epochs on initial embeddings
Joint DKL training: 50 epochs
  Epoch 20/50  loss=0.1473
  Epoch 40/50  loss=-0.0125
DKL training done in 0.3s
  → 1HgO-1  gap=0.025 eV  best=8.177 eV  top50=1  top10%=1
Cycle  57: GP refit  (66 labelled)
  → 2BaFI-1  gap=4.907 eV  best=8.177 eV  top50=1  top10%=1
Cycle  58: GP refit  (67 labelled)
  → 2CrWS4-1  gap=1.442 eV  best=8.177 eV  top50=1  top10%=1
Cycle  59: GP refit  (68 labelled)
  → 1CrSTe-1  gap=0.820 eV  best=8.177 eV  top50=1  top10%=1
Cycle  60: GP refit  (69 labelled)
  → 1ClO2V2Br3-1  gap=1.976 eV  best=8.177 eV  top50=1  top10%=1
Cycle  61: full DKL retrain  (70 labelled)
GP warmup: 20 epochs on initial embeddings
Joint DKL training: 50 epochs
  Epoch 20/50  loss=0.4104
  Epoch 40/50  loss=0.2252
DKL training done in 0.3s
  → 2ClYO2-1  gap=1.184 eV  best=8.177 eV  top50=1  top10%=1
Cycle  62: GP refit  (71 labelled)
  → 1CdClHS-1  gap=3.853 eV  best=8.177 eV  top50=1  top10%=1
Cycle  63: GP refit  (72 labelled)
  → 1TeNb3Cl7-1  gap=1.542 eV  best=8.177 eV  top50=1  top10%=1
Cycle  64: GP refit  (73 labelled)
  → 1PbO2-3  gap=0.935 eV  best=8.177 eV  top50=1  top10%=1
Cycle  65: GP refit  (74 labelled)
  → 1HfCl2-1  gap=1.471 eV  best=8.177 eV  top50=1  top10%=1
Cycle  66: full DKL retrain  (75 labelled)
GP warmup: 20 epochs on initial embeddings
Joint DKL training: 50 epochs
  Epoch 20/50  loss=0.2463
  Epoch 40/50  loss=0.0188
DKL training done in 0.3s
  → 2CoBr2Sb2O3-1  gap=3.435 eV  best=8.177 eV  top50=1  top10%=1
Cycle  67: GP refit  (76 labelled)
  → 2AgAuCl4-1  gap=2.332 eV  best=8.177 eV  top50=1  top10%=1
Cycle  68: GP refit  (77 labelled)
  → 1AsClSe-1  gap=2.060 eV  best=8.177 eV  top50=1  top10%=1
Cycle  69: GP refit  (78 labelled)
  → 1SeNb3F7-1  gap=1.807 eV  best=8.177 eV  top50=1  top10%=1
Cycle  70: GP refit  (79 labelled)
  → 2AgCrP2S6-1  gap=2.715 eV  best=8.177 eV  top50=1  top10%=1
Cycle  71: full DKL retrain  (80 labelled)
GP warmup: 20 epochs on initial embeddings
Joint DKL training: 50 epochs
  Epoch 20/50  loss=-0.0950
  Epoch 40/50  loss=-0.3063
DKL training done in 0.3s
  → 2BiO-1  gap=1.042 eV  best=8.177 eV  top50=1  top10%=1
Cycle  72: GP refit  (81 labelled)
  → 1FeMgBr2O2-1  gap=0.755 eV  best=8.177 eV  top50=1  top10%=1
Cycle  73: GP refit  (82 labelled)
  → 1OSeW-1  gap=2.004 eV  best=8.177 eV  top50=1  top10%=1
Cycle  74: GP refit  (83 labelled)
  → 2BiClHgO2-1  gap=3.745 eV  best=8.177 eV  top50=1  top10%=1
Cycle  75: GP refit  (84 labelled)
  → 4LiSbS2-1  gap=2.746 eV  best=8.177 eV  top50=1  top10%=1
Cycle  76: full DKL retrain  (85 labelled)
GP warmup: 20 epochs on initial embeddings
Joint DKL training: 50 epochs
  Epoch 20/50  loss=0.1230
  Epoch 40/50  loss=-0.0951
DKL training done in 0.3s
  → 2CaBi2O4-1  gap=3.923 eV  best=8.177 eV  top50=1  top10%=1
Cycle  77: GP refit  (86 labelled)
  → 1NiZrCl6-1  gap=4.484 eV  best=8.177 eV  top50=1  top10%=1
Cycle  78: GP refit  (87 labelled)
  → 2GaO-1  gap=2.472 eV  best=8.177 eV  top50=1  top10%=1
Cycle  79: GP refit  (88 labelled)
  → 2CoI2Sb2O3-1  gap=3.324 eV  best=8.177 eV  top50=1  top10%=1
Cycle  80: GP refit  (89 labelled)
  → 2SrBi2O4-1  gap=4.038 eV  best=8.177 eV  top50=1  top10%=1
Cycle  81: full DKL retrain  (90 labelled)
GP warmup: 20 epochs on initial embeddings
Joint DKL training: 50 epochs
  Epoch 20/50  loss=-0.1367
  Epoch 40/50  loss=-0.3124
DKL training done in 0.4s
  → 2PdSeO3-1  gap=2.663 eV  best=8.177 eV  top50=1  top10%=1
Cycle  82: GP refit  (91 labelled)
  → 2AgCl-7  gap=3.462 eV  best=8.177 eV  top50=1  top10%=1
Cycle  83: GP refit  (92 labelled)
  → 2AgF-3  gap=2.475 eV  best=8.177 eV  top50=1  top10%=1
Cycle  84: GP refit  (93 labelled)
  → 1TiO2-3  gap=3.447 eV  best=8.177 eV  top50=1  top10%=1
Cycle  85: GP refit  (94 labelled)
  → 1ZrO2-3  gap=3.561 eV  best=8.177 eV  top50=1  top10%=1
Cycle  86: full DKL retrain  (95 labelled)
GP warmup: 20 epochs on initial embeddings
Joint DKL training: 50 epochs
  Epoch 20/50  loss=-0.5044
  Epoch 40/50  loss=-0.7079
DKL training done in 0.3s
  → 1CdBr2-3  gap=3.373 eV  best=8.177 eV  top50=1  top10%=1
Cycle  87: GP refit  (96 labelled)
  → 1HfZnF6-1  gap=8.573 eV  best=8.573 eV  top50=2  top10%=2
Cycle  88: GP refit  (97 labelled)
  → 1AsClS-2  gap=2.443 eV  best=8.573 eV  top50=2  top10%=2
Cycle  89: GP refit  (98 labelled)
  → 1NiZrI6-1  gap=2.561 eV  best=8.573 eV  top50=2  top10%=2
Cycle  90: GP refit  (99 labelled)
  → 1GeMnCl6-1  gap=2.129 eV  best=8.573 eV  top50=2  top10%=2
Cycle  91: full DKL retrain  (100 labelled)
GP warmup: 20 epochs on initial embeddings
Joint DKL training: 50 epochs
  Epoch 20/50  loss=0.1037
  Epoch 40/50  loss=-0.2226
DKL training done in 0.3s
  → 1WAu2Se4-1  gap=1.415 eV  best=8.573 eV  top50=2  top10%=2
Cycle  92: GP refit  (101 labelled)
  → 2NOOsRbF5-1  gap=2.864 eV  best=8.573 eV  top50=2  top10%=2
Cycle  93: GP refit  (102 labelled)
  → 1FeZrCl6-1  gap=3.545 eV  best=8.573 eV  top50=2  top10%=2
Cycle  94: GP refit  (103 labelled)
  → 1MoOTe-1  gap=0.867 eV  best=8.573 eV  top50=2  top10%=2
Cycle  95: GP refit  (104 labelled)
  → 1OSW-1  gap=2.257 eV  best=8.573 eV  top50=2  top10%=2
Cycle  96: full DKL retrain  (105 labelled)
GP warmup: 20 epochs on initial embeddings
Joint DKL training: 50 epochs
  Epoch 20/50  loss=-0.0010
  Epoch 40/50  loss=-0.2229
DKL training done in 0.3s
  → 1MoOSe-1  gap=1.512 eV  best=8.573 eV  top50=2  top10%=2
Cycle  97: GP refit  (106 labelled)
  → 2AsITe-1  gap=0.417 eV  best=8.573 eV  top50=2  top10%=2
Cycle  98: GP refit  (107 labelled)
  → 1ONb3Br7-1  gap=1.441 eV  best=8.573 eV  top50=2  top10%=2
Cycle  99: GP refit  (108 labelled)
  → 1AsIS-1  gap=1.950 eV  best=8.573 eV  top50=2  top10%=2
Cycle 100: GP refit  (109 labelled)
  → 1SeAu2O4-1  gap=1.925 eV  best=8.573 eV  top50=2  top10%=2
  dkl_finetune/seed19 → best_inwin=2.891 top10=0 top50=7
BOLoop: 766 materials  |  direction=max  |  top-50 internal threshold=5.35  top-10% internal threshold=4.94
Init: 10 random labels  |  best (max) = 3.731
Cycle   1: full DKL retrain  (10 labelled)
GP warmup: 20 epochs on initial embeddings
/home/roy/Desktop/DKL-BO/venv/lib/python3.13/site-packages/torch/_compile.py:54: UserWarning: optimizer contains a parameter group with duplicate parameters; in future, this will cause an error; see github.com/pytorch/pytorch/issues/40967 for more information
  return disable_fn(*args, **kwargs)
Joint DKL training: 50 epochs
  Epoch 20/50  loss=1.2640
  Epoch 40/50  loss=1.1576
DKL training done in 0.3s
  → 1CdCl2N2C4H4-1  gap=3.619 eV  best=3.731 eV  top50=0  top10%=0
Cycle   2: GP refit  (11 labelled)
  → 1AsIS-2  gap=0.810 eV  best=3.731 eV  top50=0  top10%=0
Cycle   3: GP refit  (12 labelled)
  → 1OSW-1  gap=2.257 eV  best=3.731 eV  top50=0  top10%=0
Cycle   4: GP refit  (13 labelled)
  → 1OSeW-1  gap=2.004 eV  best=3.731 eV  top50=0  top10%=0
Cycle   5: GP refit  (14 labelled)
  → 1OSTi-1  gap=1.777 eV  best=3.731 eV  top50=0  top10%=0
Cycle   6: full DKL retrain  (15 labelled)
GP warmup: 20 epochs on initial embeddings
Joint DKL training: 50 epochs
  Epoch 20/50  loss=0.3827
  Epoch 40/50  loss=0.2375
DKL training done in 0.3s
  → 2CoI2Sb2O3-1  gap=3.324 eV  best=3.731 eV  top50=0  top10%=0
Cycle   7: GP refit  (16 labelled)
  → 4OBi2S2-1  gap=2.212 eV  best=3.731 eV  top50=0  top10%=0
Cycle   8: GP refit  (17 labelled)
  → 1CdHIS-1  gap=2.851 eV  best=3.731 eV  top50=0  top10%=0
Cycle   9: GP refit  (18 labelled)
  → 2HLiS-1  gap=5.028 eV  best=5.028 eV  top50=0  top10%=1
Cycle  10: GP refit  (19 labelled)
  → 1BiBrSe-1  gap=1.363 eV  best=5.028 eV  top50=0  top10%=1
Cycle  11: full DKL retrain  (20 labelled)
GP warmup: 20 epochs on initial embeddings
Joint DKL training: 50 epochs
  Epoch 20/50  loss=0.3465
  Epoch 40/50  loss=-0.0886
DKL training done in 0.3s
  → 1CdClHS-1  gap=3.853 eV  best=5.028 eV  top50=0  top10%=1
Cycle  12: GP refit  (21 labelled)
  → 2CsNORuF5-1  gap=3.138 eV  best=5.028 eV  top50=0  top10%=1
Cycle  13: GP refit  (22 labelled)
  → 1N2O2Hf3-1  gap=0.508 eV  best=5.028 eV  top50=0  top10%=1
Cycle  14: GP refit  (23 labelled)
  → 2BaClH-1  gap=4.823 eV  best=5.028 eV  top50=0  top10%=1
Cycle  15: GP refit  (24 labelled)
  → 2KNRuSF5-1  gap=2.625 eV  best=5.028 eV  top50=0  top10%=1
Cycle  16: full DKL retrain  (25 labelled)
GP warmup: 20 epochs on initial embeddings
Joint DKL training: 50 epochs
  Epoch 20/50  loss=0.2712
  Epoch 40/50  loss=0.1014
DKL training done in 0.3s
  → 1MoOTe-1  gap=0.867 eV  best=5.028 eV  top50=0  top10%=1
Cycle  17: GP refit  (26 labelled)
  → 2ClFSr-1  gap=7.351 eV  best=7.351 eV  top50=1  top10%=2
Cycle  18: GP refit  (27 labelled)
  → 4OSb2Se2-1  gap=2.083 eV  best=7.351 eV  top50=1  top10%=2
Cycle  19: GP refit  (28 labelled)
  → 2FISr-1  gap=5.171 eV  best=7.351 eV  top50=1  top10%=3
Cycle  20: GP refit  (29 labelled)
  → 1OTeW-1  gap=1.209 eV  best=7.351 eV  top50=1  top10%=3
Cycle  21: full DKL retrain  (30 labelled)
GP warmup: 20 epochs on initial embeddings
Joint DKL training: 50 epochs
  Epoch 20/50  loss=0.7466
  Epoch 40/50  loss=0.4974
DKL training done in 0.3s
  → 1BiFSe-1  gap=1.981 eV  best=7.351 eV  top50=1  top10%=3
Cycle  22: GP refit  (31 labelled)
  → 1PdZrCl6-1  gap=2.434 eV  best=7.351 eV  top50=1  top10%=3
Cycle  23: GP refit  (32 labelled)
  → 1TeNb3Cl7-1  gap=1.542 eV  best=7.351 eV  top50=1  top10%=3
Cycle  24: GP refit  (33 labelled)
  → 1AlN-1  gap=4.048 eV  best=7.351 eV  top50=1  top10%=3
Cycle  25: GP refit  (34 labelled)
  → 2NOsRbSF5-1  gap=2.520 eV  best=7.351 eV  top50=1  top10%=3
Cycle  26: full DKL retrain  (35 labelled)
GP warmup: 20 epochs on initial embeddings
Joint DKL training: 50 epochs
  Epoch 20/50  loss=1.2067
  Epoch 40/50  loss=0.6592
DKL training done in 0.3s
  → 1AsB-1  gap=1.188 eV  best=7.351 eV  top50=1  top10%=3
Cycle  27: GP refit  (36 labelled)
  → 2CsNOsSF5-1  gap=2.525 eV  best=7.351 eV  top50=1  top10%=3
Cycle  28: GP refit  (37 labelled)
  → 1SSnO4-1  gap=5.411 eV  best=7.351 eV  top50=2  top10%=4
Cycle  29: GP refit  (38 labelled)
  → 2PdSO3-1  gap=2.851 eV  best=7.351 eV  top50=2  top10%=4
Cycle  30: GP refit  (39 labelled)
  → 2BrNbO2-1  gap=3.469 eV  best=7.351 eV  top50=2  top10%=4
Cycle  31: full DKL retrain  (40 labelled)
GP warmup: 20 epochs on initial embeddings
Joint DKL training: 50 epochs
  Epoch 20/50  loss=0.8073
  Epoch 40/50  loss=0.6146
DKL training done in 0.3s
  → 2KNOsSF5-1  gap=2.516 eV  best=7.351 eV  top50=2  top10%=4
Cycle  32: GP refit  (41 labelled)
  → 1CoLiP2S6-1  gap=2.395 eV  best=7.351 eV  top50=2  top10%=4
Cycle  33: GP refit  (42 labelled)
  → 2BrCu-3  gap=3.475 eV  best=7.351 eV  top50=2  top10%=4
Cycle  34: GP refit  (43 labelled)
  → 1HgCl2-3  gap=3.201 eV  best=7.351 eV  top50=2  top10%=4
Cycle  35: GP refit  (44 labelled)
  → 1TeNb3Br7-1  gap=1.436 eV  best=7.351 eV  top50=2  top10%=4
Cycle  36: full DKL retrain  (45 labelled)
GP warmup: 20 epochs on initial embeddings
Joint DKL training: 50 epochs
  Epoch 20/50  loss=0.2776
  Epoch 40/50  loss=0.1374
DKL training done in 0.3s
  → 1BrSSb-1  gap=1.838 eV  best=7.351 eV  top50=2  top10%=4
Cycle  37: GP refit  (46 labelled)
  → 2ClMoO2-1  gap=1.762 eV  best=7.351 eV  top50=2  top10%=4
Cycle  38: GP refit  (47 labelled)
  → 2FIrS-2  gap=2.104 eV  best=7.351 eV  top50=2  top10%=4
Cycle  39: GP refit  (48 labelled)
  → 1BiFS-1  gap=2.255 eV  best=7.351 eV  top50=2  top10%=4
Cycle  40: GP refit  (49 labelled)
  → 1FeBr2-3  gap=0.145 eV  best=7.351 eV  top50=2  top10%=4
Cycle  41: full DKL retrain  (50 labelled)
GP warmup: 20 epochs on initial embeddings
Joint DKL training: 50 epochs
  Epoch 20/50  loss=0.2471
  Epoch 40/50  loss=0.0861
DKL training done in 0.3s
  → 1OZrBr2-1  gap=2.245 eV  best=7.351 eV  top50=2  top10%=4
Cycle  42: GP refit  (51 labelled)
  → 1SeTa3F7-1  gap=1.735 eV  best=7.351 eV  top50=2  top10%=4
Cycle  43: GP refit  (52 labelled)
  → 1BrCoTe-1  gap=1.810 eV  best=7.351 eV  top50=2  top10%=4
Cycle  44: GP refit  (53 labelled)
  → 2MoO3-1  gap=3.738 eV  best=7.351 eV  top50=2  top10%=4
Cycle  45: GP refit  (54 labelled)
  → 1GeMnCl6-1  gap=2.129 eV  best=7.351 eV  top50=2  top10%=4
Cycle  46: full DKL retrain  (55 labelled)
GP warmup: 20 epochs on initial embeddings
Joint DKL training: 50 epochs
  Epoch 20/50  loss=0.2640
  Epoch 40/50  loss=0.0922
DKL training done in 0.3s
  → 2AuO-1  gap=0.865 eV  best=7.351 eV  top50=2  top10%=4
Cycle  47: GP refit  (56 labelled)
  → 1MoO2-1  gap=1.651 eV  best=7.351 eV  top50=2  top10%=4
Cycle  48: GP refit  (57 labelled)
  → 1SnCl2-2  gap=3.537 eV  best=7.351 eV  top50=2  top10%=4
Cycle  49: GP refit  (58 labelled)
  → 2PdSeO3-1  gap=2.663 eV  best=7.351 eV  top50=2  top10%=4
Cycle  50: GP refit  (59 labelled)
  → 2TlCl2-1  gap=2.820 eV  best=7.351 eV  top50=2  top10%=4
Cycle  51: full DKL retrain  (60 labelled)
GP warmup: 20 epochs on initial embeddings
Joint DKL training: 50 epochs
  Epoch 20/50  loss=0.2073
  Epoch 40/50  loss=0.0311
DKL training done in 0.3s
  → 1SeAu2O4-1  gap=1.925 eV  best=7.351 eV  top50=2  top10%=4
Cycle  52: GP refit  (61 labelled)
  → 2CuS-2  gap=1.311 eV  best=7.351 eV  top50=2  top10%=4
Cycle  53: GP refit  (62 labelled)
  → 1OVCl2-1  gap=3.144 eV  best=7.351 eV  top50=2  top10%=4
Cycle  54: GP refit  (63 labelled)
  → 1ScCl2-1  gap=0.736 eV  best=7.351 eV  top50=2  top10%=4
Cycle  55: GP refit  (64 labelled)
  → 1AsClSe-1  gap=2.060 eV  best=7.351 eV  top50=2  top10%=4
Cycle  56: full DKL retrain  (65 labelled)
GP warmup: 20 epochs on initial embeddings
Joint DKL training: 50 epochs
  Epoch 20/50  loss=0.2952
  Epoch 40/50  loss=0.1247
DKL training done in 0.4s
  → 1HgBr2-4  gap=2.459 eV  best=7.351 eV  top50=2  top10%=4
Cycle  57: GP refit  (66 labelled)
  → 2InS-1  gap=2.431 eV  best=7.351 eV  top50=2  top10%=4
Cycle  58: GP refit  (67 labelled)
  → 2CoBi2I2O3-1  gap=2.811 eV  best=7.351 eV  top50=2  top10%=4
Cycle  59: GP refit  (68 labelled)
  → 1CdCl2-3  gap=4.344 eV  best=7.351 eV  top50=2  top10%=4
Cycle  60: GP refit  (69 labelled)
  → 2ClScBr2-1  gap=4.935 eV  best=7.351 eV  top50=2  top10%=4
Cycle  61: full DKL retrain  (70 labelled)
GP warmup: 20 epochs on initial embeddings
Joint DKL training: 50 epochs
  Epoch 20/50  loss=0.1078
  Epoch 40/50  loss=-0.0877
DKL training done in 0.3s
  → 2NORbRuF5-1  gap=3.120 eV  best=7.351 eV  top50=2  top10%=4
Cycle  62: GP refit  (71 labelled)
  → 1SNb3F7-1  gap=1.872 eV  best=7.351 eV  top50=2  top10%=4
Cycle  63: GP refit  (72 labelled)
  → 2TiCl2-1  gap=0.997 eV  best=7.351 eV  top50=2  top10%=4
Cycle  64: GP refit  (73 labelled)
  → 4OSn-1  gap=3.719 eV  best=7.351 eV  top50=2  top10%=4
Cycle  65: GP refit  (74 labelled)
  → 2CaClH-1  gap=5.233 eV  best=7.351 eV  top50=2  top10%=5
Cycle  66: full DKL retrain  (75 labelled)
GP warmup: 20 epochs on initial embeddings
Joint DKL training: 50 epochs
  Epoch 20/50  loss=0.4246
  Epoch 40/50  loss=0.0922
DKL training done in 0.3s
  → 1NiZrCl6-1  gap=4.484 eV  best=7.351 eV  top50=2  top10%=5
Cycle  67: GP refit  (76 labelled)
  → 1MnZrBr6-1  gap=3.584 eV  best=7.351 eV  top50=2  top10%=5
Cycle  68: GP refit  (77 labelled)
  → 2NRbRuSF5-1  gap=2.622 eV  best=7.351 eV  top50=2  top10%=5
Cycle  69: GP refit  (78 labelled)
  → 1ClO2V2Br3-1  gap=1.976 eV  best=7.351 eV  top50=2  top10%=5
Cycle  70: GP refit  (79 labelled)
  → 1InN-1  gap=1.565 eV  best=7.351 eV  top50=2  top10%=5
Cycle  71: full DKL retrain  (80 labelled)
GP warmup: 20 epochs on initial embeddings
Joint DKL training: 50 epochs
  Epoch 20/50  loss=0.1323
  Epoch 40/50  loss=-0.0630
DKL training done in 0.3s
  → 1BrSeY-1  gap=4.122 eV  best=7.351 eV  top50=2  top10%=5
Cycle  72: GP refit  (81 labelled)
  → 2NbOCl2-1  gap=1.951 eV  best=7.351 eV  top50=2  top10%=5
Cycle  73: GP refit  (82 labelled)
  → 2NOOsRbF5-1  gap=2.864 eV  best=7.351 eV  top50=2  top10%=5
Cycle  74: GP refit  (83 labelled)
  → 1N2O2Zr3-1  gap=0.616 eV  best=7.351 eV  top50=2  top10%=5
Cycle  75: GP refit  (84 labelled)
  → 1WMo3O8-1  gap=1.731 eV  best=7.351 eV  top50=2  top10%=5
Cycle  76: full DKL retrain  (85 labelled)
GP warmup: 20 epochs on initial embeddings
Joint DKL training: 50 epochs
  Epoch 20/50  loss=0.1035
  Epoch 40/50  loss=-0.0717
DKL training done in 0.3s
  → 2CaHI-1  gap=4.709 eV  best=7.351 eV  top50=2  top10%=5
Cycle  77: GP refit  (86 labelled)
  → 2KNOOsF5-1  gap=2.833 eV  best=7.351 eV  top50=2  top10%=5
Cycle  78: GP refit  (87 labelled)
  → 1PdZrBr6-1  gap=1.974 eV  best=7.351 eV  top50=2  top10%=5
Cycle  79: GP refit  (88 labelled)
  → 2CsNRuSF5-1  gap=2.579 eV  best=7.351 eV  top50=2  top10%=5
Cycle  80: GP refit  (89 labelled)
  → 1AlISe-1  gap=2.186 eV  best=7.351 eV  top50=2  top10%=5
Cycle  81: full DKL retrain  (90 labelled)
GP warmup: 20 epochs on initial embeddings
Joint DKL training: 50 epochs
  Epoch 20/50  loss=0.0151
  Epoch 40/50  loss=-0.1142
DKL training done in 0.4s
  → 2V2O5-3  gap=3.877 eV  best=7.351 eV  top50=2  top10%=5
Cycle  82: GP refit  (91 labelled)
  → 2STl-2  gap=1.159 eV  best=7.351 eV  top50=2  top10%=5
Cycle  83: GP refit  (92 labelled)
  → 1CSiH2-1  gap=4.871 eV  best=7.351 eV  top50=2  top10%=5
Cycle  84: GP refit  (93 labelled)
  → 1SeAg2O4-1  gap=3.121 eV  best=7.351 eV  top50=2  top10%=5
Cycle  85: GP refit  (94 labelled)
  → 1FeMgBr2O2-1  gap=0.755 eV  best=7.351 eV  top50=2  top10%=5
Cycle  86: full DKL retrain  (95 labelled)
GP warmup: 20 epochs on initial embeddings
Joint DKL training: 50 epochs
  Epoch 20/50  loss=0.3795
  Epoch 40/50  loss=0.1699
DKL training done in 0.4s
  → 1HfPdF6-1  gap=3.959 eV  best=7.351 eV  top50=2  top10%=5
Cycle  87: GP refit  (96 labelled)
  → 2KNbF6-1  gap=8.177 eV  best=8.177 eV  top50=3  top10%=6
Cycle  88: GP refit  (97 labelled)
  → 1GeO2-3  gap=2.945 eV  best=8.177 eV  top50=3  top10%=6
Cycle  89: GP refit  (98 labelled)
  → 1BiClSe-2  gap=1.992 eV  best=8.177 eV  top50=3  top10%=6
Cycle  90: GP refit  (99 labelled)
  → 2INbO2-1  gap=2.295 eV  best=8.177 eV  top50=3  top10%=6
Cycle  91: full DKL retrain  (100 labelled)
GP warmup: 20 epochs on initial embeddings
Joint DKL training: 50 epochs
  Epoch 20/50  loss=0.6463
  Epoch 40/50  loss=0.4032
DKL training done in 0.3s
  → 4AgF2-2  gap=1.637 eV  best=8.177 eV  top50=3  top10%=6
Cycle  92: GP refit  (101 labelled)
  → 1BiFTe-1  gap=1.179 eV  best=8.177 eV  top50=3  top10%=6
Cycle  93: GP refit  (102 labelled)
  → 1TeNb3F7-1  gap=1.719 eV  best=8.177 eV  top50=3  top10%=6
Cycle  94: GP refit  (103 labelled)
  → 1PbS-1  gap=2.593 eV  best=8.177 eV  top50=3  top10%=6
Cycle  95: GP refit  (104 labelled)
  → 1CdI2-3  gap=2.295 eV  best=8.177 eV  top50=3  top10%=6
Cycle  96: full DKL retrain  (105 labelled)
GP warmup: 20 epochs on initial embeddings
Joint DKL training: 50 epochs
  Epoch 20/50  loss=0.5273
  Epoch 40/50  loss=0.2104
DKL training done in 0.3s
  → 1N2O2Y3-1  gap=1.648 eV  best=8.177 eV  top50=3  top10%=6
Cycle  97: GP refit  (106 labelled)
  → 2CuI-2  gap=3.552 eV  best=8.177 eV  top50=3  top10%=6
Cycle  98: GP refit  (107 labelled)
  → 2ORh-2  gap=0.062 eV  best=8.177 eV  top50=3  top10%=6
Cycle  99: GP refit  (108 labelled)
  → 1OVBr2-1  gap=3.019 eV  best=8.177 eV  top50=3  top10%=6
Cycle 100: GP refit  (109 labelled)
  → 2BaBi2O4-1  gap=4.146 eV  best=8.177 eV  top50=3  top10%=6
  dkl_finetune/seed20 → best_inwin=2.945 top10=1 top50=10
BOLoop: 766 materials  |  direction=max  |  top-50 internal threshold=5.35  top-10% internal threshold=4.94
Init: 10 random labels  |  best (max) = 5.324
Cycle   1: full DKL retrain  (10 labelled)
GP warmup: 20 epochs on initial embeddings
/home/roy/Desktop/DKL-BO/venv/lib/python3.13/site-packages/torch/_compile.py:54: UserWarning: optimizer contains a parameter group with duplicate parameters; in future, this will cause an error; see github.com/pytorch/pytorch/issues/40967 for more information
  return disable_fn(*args, **kwargs)
Joint DKL training: 50 epochs
  Epoch 20/50  loss=1.7340
  Epoch 40/50  loss=1.6199
DKL training done in 0.3s
  → 1BiFSe-1  gap=1.981 eV  best=5.324 eV  top50=0  top10%=0
Cycle   2: GP refit  (11 labelled)
  → 4OSb2Se2-1  gap=2.083 eV  best=5.324 eV  top50=0  top10%=0
Cycle   3: GP refit  (12 labelled)
  → 2NbOI2-1  gap=1.845 eV  best=5.324 eV  top50=0  top10%=0
Cycle   4: GP refit  (13 labelled)
  → 1AsBrTe-2  gap=1.662 eV  best=5.324 eV  top50=0  top10%=0
Cycle   5: GP refit  (14 labelled)
  → 2HfI2-1  gap=1.014 eV  best=5.324 eV  top50=0  top10%=0
Cycle   6: full DKL retrain  (15 labelled)
GP warmup: 20 epochs on initial embeddings
Joint DKL training: 50 epochs
  Epoch 20/50  loss=0.4479
  Epoch 40/50  loss=0.0356
DKL training done in 0.3s
  → 1BiClSe-1  gap=1.509 eV  best=5.324 eV  top50=0  top10%=0
Cycle   7: GP refit  (16 labelled)
  → 1ClIMg-1  gap=3.815 eV  best=5.324 eV  top50=0  top10%=0
Cycle   8: GP refit  (17 labelled)
  → 1ISbTe-1  gap=1.322 eV  best=5.324 eV  top50=0  top10%=0
Cycle   9: GP refit  (18 labelled)
  → 1BiClS-1  gap=1.745 eV  best=5.324 eV  top50=0  top10%=0
Cycle  10: GP refit  (19 labelled)
  → 1GeSe-1  gap=2.915 eV  best=5.324 eV  top50=0  top10%=0
Cycle  11: full DKL retrain  (20 labelled)
GP warmup: 20 epochs on initial embeddings
Joint DKL training: 50 epochs
  Epoch 20/50  loss=0.6868
  Epoch 40/50  loss=-0.2767
DKL training done in 0.3s
  → 1AlGaSe2-1  gap=2.765 eV  best=5.324 eV  top50=0  top10%=0
Cycle  12: GP refit  (21 labelled)
  → 2BaClH-1  gap=4.823 eV  best=5.324 eV  top50=0  top10%=0
Cycle  13: GP refit  (22 labelled)
  → 2INbO2-1  gap=2.295 eV  best=5.324 eV  top50=0  top10%=0
Cycle  14: GP refit  (23 labelled)
  → 2GaSe-7  gap=0.809 eV  best=5.324 eV  top50=0  top10%=0
Cycle  15: GP refit  (24 labelled)
  → 1SeNb3Br7-1  gap=1.477 eV  best=5.324 eV  top50=0  top10%=0
Cycle  16: full DKL retrain  (25 labelled)
GP warmup: 20 epochs on initial embeddings
Joint DKL training: 50 epochs
  Epoch 20/50  loss=1.6857
  Epoch 40/50  loss=0.2670
DKL training done in 0.3s
  → 1HgBr2-4  gap=2.459 eV  best=5.324 eV  top50=0  top10%=0
Cycle  17: GP refit  (26 labelled)
  → 2SSc-4  gap=0.981 eV  best=5.324 eV  top50=0  top10%=0
Cycle  18: GP refit  (27 labelled)
  → 4SSn-1  gap=2.426 eV  best=5.324 eV  top50=0  top10%=0
Cycle  19: GP refit  (28 labelled)
  → 1ScBr2-1  gap=0.757 eV  best=5.324 eV  top50=0  top10%=0
Cycle  20: GP refit  (29 labelled)
  → 1BrSeY-1  gap=4.122 eV  best=5.324 eV  top50=0  top10%=0
Cycle  21: full DKL retrain  (30 labelled)
GP warmup: 20 epochs on initial embeddings
Joint DKL training: 50 epochs
  Epoch 20/50  loss=0.5341
  Epoch 40/50  loss=0.3436
DKL training done in 0.3s
  → 1GeBr2-2  gap=3.333 eV  best=5.324 eV  top50=0  top10%=0
Cycle  22: GP refit  (31 labelled)
  → 1ScCl2-1  gap=0.736 eV  best=5.324 eV  top50=0  top10%=0
Cycle  23: GP refit  (32 labelled)
  → 1STa3Cl7-1  gap=1.643 eV  best=5.324 eV  top50=0  top10%=0
Cycle  24: GP refit  (33 labelled)
  → 1AuInCl2S2-1  gap=2.584 eV  best=5.324 eV  top50=0  top10%=0
Cycle  25: GP refit  (34 labelled)
  → 1TeTa3Cl7-1  gap=1.510 eV  best=5.324 eV  top50=0  top10%=0
Cycle  26: full DKL retrain  (35 labelled)
GP warmup: 20 epochs on initial embeddings
Joint DKL training: 50 epochs
  Epoch 20/50  loss=0.2423
  Epoch 40/50  loss=0.1056
DKL training done in 0.3s
  → 1AsBrSe-1  gap=1.839 eV  best=5.324 eV  top50=0  top10%=0
Cycle  27: GP refit  (36 labelled)
  → 1AsClSe-1  gap=2.060 eV  best=5.324 eV  top50=0  top10%=0
Cycle  28: GP refit  (37 labelled)
  → 2ZrCl2-1  gap=1.161 eV  best=5.324 eV  top50=0  top10%=0
Cycle  29: GP refit  (38 labelled)
  → 1HgCl2-3  gap=3.201 eV  best=5.324 eV  top50=0  top10%=0
Cycle  30: GP refit  (39 labelled)
  → 2HISr-1  gap=4.888 eV  best=5.324 eV  top50=0  top10%=0
Cycle  31: full DKL retrain  (40 labelled)
GP warmup: 20 epochs on initial embeddings
Joint DKL training: 50 epochs
  Epoch 20/50  loss=0.1447
  Epoch 40/50  loss=-0.0594
DKL training done in 0.3s
  → 1NiZrCl6-1  gap=4.484 eV  best=5.324 eV  top50=0  top10%=0
Cycle  32: GP refit  (41 labelled)
  → 1GeS-1  gap=3.231 eV  best=5.324 eV  top50=0  top10%=0
Cycle  33: GP refit  (42 labelled)
  → 2NRbRuSCl5-1  gap=1.324 eV  best=5.324 eV  top50=0  top10%=0
Cycle  34: GP refit  (43 labelled)
  → 2RhBr3-2  gap=1.129 eV  best=5.324 eV  top50=0  top10%=0
Cycle  35: GP refit  (44 labelled)
  → 2BiCdFO2-1  gap=4.057 eV  best=5.324 eV  top50=0  top10%=0
Cycle  36: full DKL retrain  (45 labelled)
GP warmup: 20 epochs on initial embeddings
Joint DKL training: 50 epochs
  Epoch 20/50  loss=0.4959
  Epoch 40/50  loss=0.0703
DKL training done in 0.3s
  → 2KNOsSF5-1  gap=2.516 eV  best=5.324 eV  top50=0  top10%=0
Cycle  37: GP refit  (46 labelled)
  → 1CSiF2-1  gap=3.306 eV  best=5.324 eV  top50=0  top10%=0
Cycle  38: GP refit  (47 labelled)
  → 1ONb3Cl7-1  gap=1.594 eV  best=5.324 eV  top50=0  top10%=0
Cycle  39: GP refit  (48 labelled)
  → 1MgBr2-3  gap=4.662 eV  best=5.324 eV  top50=0  top10%=0
Cycle  40: GP refit  (49 labelled)
  → 2CoBr2Sb2O3-1  gap=3.435 eV  best=5.324 eV  top50=0  top10%=0
Cycle  41: full DKL retrain  (50 labelled)
GP warmup: 20 epochs on initial embeddings
Joint DKL training: 50 epochs
  Epoch 20/50  loss=0.2650
  Epoch 40/50  loss=0.0951
DKL training done in 0.3s
  → 4BrCd-1  gap=1.771 eV  best=5.324 eV  top50=0  top10%=0
Cycle  42: GP refit  (51 labelled)
  → 2NOsRbSF5-1  gap=2.520 eV  best=5.324 eV  top50=0  top10%=0
Cycle  43: GP refit  (52 labelled)
  → 1AsClTe-1  gap=2.147 eV  best=5.324 eV  top50=0  top10%=0
Cycle  44: GP refit  (53 labelled)
  → 1BrGa2Cl5-1  gap=4.579 eV  best=5.324 eV  top50=0  top10%=0
Cycle  45: GP refit  (54 labelled)
  → 1OZrBr2-1  gap=2.245 eV  best=5.324 eV  top50=0  top10%=0
Cycle  46: full DKL retrain  (55 labelled)
GP warmup: 20 epochs on initial embeddings
Joint DKL training: 50 epochs
  Epoch 20/50  loss=0.4858
  Epoch 40/50  loss=0.2529
DKL training done in 0.3s
  → 1BrClHf-1  gap=1.361 eV  best=5.324 eV  top50=0  top10%=0
Cycle  47: GP refit  (56 labelled)
  → 2AgF-3  gap=2.475 eV  best=5.324 eV  top50=0  top10%=0
Cycle  48: GP refit  (57 labelled)
  → 2OW-1  gap=0.132 eV  best=5.324 eV  top50=0  top10%=0
Cycle  49: GP refit  (58 labelled)
  → 1IPd2Cl5-1  gap=1.393 eV  best=5.324 eV  top50=0  top10%=0
Cycle  50: GP refit  (59 labelled)
  → 1SnTe-1  gap=2.089 eV  best=5.324 eV  top50=0  top10%=0
Cycle  51: full DKL retrain  (60 labelled)
GP warmup: 20 epochs on initial embeddings
Joint DKL training: 50 epochs
  Epoch 20/50  loss=0.4432
  Epoch 40/50  loss=0.2583
DKL training done in 0.3s
  → 1SnBr2S2-1  gap=1.490 eV  best=5.324 eV  top50=0  top10%=0
Cycle  52: GP refit  (61 labelled)
  → 1GeTe-1  gap=1.994 eV  best=5.324 eV  top50=0  top10%=0
Cycle  53: GP refit  (62 labelled)
  → 1ZnCl2-3  gap=4.718 eV  best=5.324 eV  top50=0  top10%=0
Cycle  54: GP refit  (63 labelled)
  → 1ClSbSe-2  gap=2.290 eV  best=5.324 eV  top50=0  top10%=0
Cycle  55: GP refit  (64 labelled)
  → 2P2S3-3  gap=3.478 eV  best=5.324 eV  top50=0  top10%=0
Cycle  56: full DKL retrain  (65 labelled)
GP warmup: 20 epochs on initial embeddings
Joint DKL training: 50 epochs
  Epoch 20/50  loss=0.5147
  Epoch 40/50  loss=0.2874
DKL training done in 0.3s
  → 2PdTeO3-2  gap=2.509 eV  best=5.324 eV  top50=0  top10%=0
Cycle  57: GP refit  (66 labelled)
  → 1FeHfBr6-1  gap=3.395 eV  best=5.324 eV  top50=0  top10%=0
Cycle  58: GP refit  (67 labelled)
  → 2As2S3-4  gap=3.247 eV  best=5.324 eV  top50=0  top10%=0
Cycle  59: GP refit  (68 labelled)
  → 1CdGeSSeBr2-1  gap=1.544 eV  best=5.324 eV  top50=0  top10%=0
Cycle  60: GP refit  (69 labelled)
  → 1HfCl2-1  gap=1.471 eV  best=5.324 eV  top50=0  top10%=0
Cycle  61: full DKL retrain  (70 labelled)
GP warmup: 20 epochs on initial embeddings
Joint DKL training: 50 epochs
  Epoch 20/50  loss=0.1126
  Epoch 40/50  loss=-0.0839
DKL training done in 0.3s
  → 2CaHI-1  gap=4.709 eV  best=5.324 eV  top50=0  top10%=0
Cycle  62: GP refit  (71 labelled)
  → 2P2S3-1  gap=3.272 eV  best=5.324 eV  top50=0  top10%=0
Cycle  63: GP refit  (72 labelled)
  → 2InS-1  gap=2.431 eV  best=5.324 eV  top50=0  top10%=0
Cycle  64: GP refit  (73 labelled)
  → 1BiFS-1  gap=2.255 eV  best=5.324 eV  top50=0  top10%=0
Cycle  65: GP refit  (74 labelled)
  → 1AsClSe-2  gap=2.371 eV  best=5.324 eV  top50=0  top10%=0
Cycle  66: full DKL retrain  (75 labelled)
GP warmup: 20 epochs on initial embeddings
Joint DKL training: 50 epochs
  Epoch 20/50  loss=0.0532
  Epoch 40/50  loss=-0.1582
DKL training done in 0.3s
  → 1FeZrBr6-1  gap=3.164 eV  best=5.324 eV  top50=0  top10%=0
Cycle  67: GP refit  (76 labelled)
  → 1AlN-1  gap=4.048 eV  best=5.324 eV  top50=0  top10%=0
Cycle  68: GP refit  (77 labelled)
  → 1ISY-1  gap=3.985 eV  best=5.324 eV  top50=0  top10%=0
Cycle  69: GP refit  (78 labelled)
  → 2FRhS-1  gap=2.175 eV  best=5.324 eV  top50=0  top10%=0
Cycle  70: GP refit  (79 labelled)
  → 1FeBr2-3  gap=0.145 eV  best=5.324 eV  top50=0  top10%=0
Cycle  71: full DKL retrain  (80 labelled)
GP warmup: 20 epochs on initial embeddings
Joint DKL training: 50 epochs
  Epoch 20/50  loss=0.2091
  Epoch 40/50  loss=-0.0278
DKL training done in 0.3s
  → 4NiPSe-1  gap=2.021 eV  best=5.324 eV  top50=0  top10%=0
Cycle  72: GP refit  (81 labelled)
  → 1SeTa3F7-1  gap=1.735 eV  best=5.324 eV  top50=0  top10%=0
Cycle  73: GP refit  (82 labelled)
  → 2PdSeO3-1  gap=2.663 eV  best=5.324 eV  top50=0  top10%=0
Cycle  74: GP refit  (83 labelled)
  → 2STl-2  gap=1.159 eV  best=5.324 eV  top50=0  top10%=0
Cycle  75: GP refit  (84 labelled)
  → 1BrSSb-1  gap=1.838 eV  best=5.324 eV  top50=0  top10%=0
Cycle  76: full DKL retrain  (85 labelled)
GP warmup: 20 epochs on initial embeddings
Joint DKL training: 50 epochs
  Epoch 20/50  loss=0.1035
  Epoch 40/50  loss=-0.1184
DKL training done in 0.3s
  → 2ClScBr2-1  gap=4.935 eV  best=5.324 eV  top50=0  top10%=0
Cycle  77: GP refit  (86 labelled)
  → 2CsNOsSCl5-1  gap=1.544 eV  best=5.324 eV  top50=0  top10%=0
Cycle  78: GP refit  (87 labelled)
  → 1AsClS-2  gap=2.443 eV  best=5.324 eV  top50=0  top10%=0
Cycle  79: GP refit  (88 labelled)
  → 1CaI2-2  gap=4.063 eV  best=5.324 eV  top50=0  top10%=0
Cycle  80: GP refit  (89 labelled)
  → 1BrClV-1  gap=3.751 eV  best=5.324 eV  top50=0  top10%=0
Cycle  81: full DKL retrain  (90 labelled)
GP warmup: 20 epochs on initial embeddings
Joint DKL training: 50 epochs
  Epoch 20/50  loss=0.2596
  Epoch 40/50  loss=0.0455
DKL training done in 0.3s
  → 2AgO-1  gap=1.126 eV  best=5.324 eV  top50=0  top10%=0
Cycle  82: GP refit  (91 labelled)
  → 1BiClSe-2  gap=1.992 eV  best=5.324 eV  top50=0  top10%=0
Cycle  83: GP refit  (92 labelled)
  → 2CsNOsSF5-1  gap=2.525 eV  best=5.324 eV  top50=0  top10%=0
Cycle  84: GP refit  (93 labelled)
  → 4AgCl2-1  gap=0.971 eV  best=5.324 eV  top50=0  top10%=0
Cycle  85: GP refit  (94 labelled)
  → 2P2Se3-2  gap=2.700 eV  best=5.324 eV  top50=0  top10%=0
Cycle  86: full DKL retrain  (95 labelled)
GP warmup: 20 epochs on initial embeddings
Joint DKL training: 50 epochs
  Epoch 20/50  loss=0.0271
  Epoch 40/50  loss=-0.1988
DKL training done in 0.3s
  → 2NOOsRbF5-1  gap=2.864 eV  best=5.324 eV  top50=0  top10%=0
Cycle  87: GP refit  (96 labelled)
  → 1TeNb3F7-1  gap=1.719 eV  best=5.324 eV  top50=0  top10%=0
Cycle  88: GP refit  (97 labelled)
  → 1TiF2-1  gap=2.096 eV  best=5.324 eV  top50=0  top10%=0
Cycle  89: GP refit  (98 labelled)
  → 1SNb3F7-1  gap=1.872 eV  best=5.324 eV  top50=0  top10%=0
Cycle  90: GP refit  (99 labelled)
  → 2NOOsRbCl5-1  gap=1.751 eV  best=5.324 eV  top50=0  top10%=0
Cycle  91: full DKL retrain  (100 labelled)
GP warmup: 20 epochs on initial embeddings
Joint DKL training: 50 epochs
  Epoch 20/50  loss=-0.3074
  Epoch 40/50  loss=-0.5179
DKL training done in 0.3s
  → 1BrClI2O2V2-1  gap=2.590 eV  best=5.324 eV  top50=0  top10%=0
Cycle  92: GP refit  (101 labelled)
  → 1SnO2-3  gap=1.956 eV  best=5.324 eV  top50=0  top10%=0
Cycle  93: GP refit  (102 labelled)
  → 2CoCl2Sb2O3-1  gap=3.522 eV  best=5.324 eV  top50=0  top10%=0
Cycle  94: GP refit  (103 labelled)
  → 4AgF2-2  gap=1.637 eV  best=5.324 eV  top50=0  top10%=0
Cycle  95: GP refit  (104 labelled)
  → 4AsNiS-1  gap=1.507 eV  best=5.324 eV  top50=0  top10%=0
Cycle  96: full DKL retrain  (105 labelled)
GP warmup: 20 epochs on initial embeddings
Joint DKL training: 50 epochs
  Epoch 20/50  loss=-0.0405
  Epoch 40/50  loss=-0.2948
DKL training done in 0.3s
  → 1ClSSb-2  gap=2.321 eV  best=5.324 eV  top50=0  top10%=0
Cycle  97: GP refit  (106 labelled)
  → 2BrNbO2-1  gap=3.469 eV  best=5.324 eV  top50=0  top10%=0
Cycle  98: GP refit  (107 labelled)
  → 2ClNbO2-1  gap=4.453 eV  best=5.324 eV  top50=0  top10%=0
Cycle  99: GP refit  (108 labelled)
  → 2CoBi2I2O3-1  gap=2.811 eV  best=5.324 eV  top50=0  top10%=0
Cycle 100: GP refit  (109 labelled)
  → 1MoO2-1  gap=1.651 eV  best=5.324 eV  top50=0  top10%=0
  dkl_finetune/seed21 → best_inwin=2.915 top10=1 top50=6
BOLoop: 766 materials  |  direction=max  |  top-50 internal threshold=5.35  top-10% internal threshold=4.94
Init: 10 random labels  |  best (max) = 5.515
Cycle   1: full DKL retrain  (10 labelled)
GP warmup: 20 epochs on initial embeddings
/home/roy/Desktop/DKL-BO/venv/lib/python3.13/site-packages/torch/_compile.py:54: UserWarning: optimizer contains a parameter group with duplicate parameters; in future, this will cause an error; see github.com/pytorch/pytorch/issues/40967 for more information
  return disable_fn(*args, **kwargs)
Joint DKL training: 50 epochs
  Epoch 20/50  loss=2.0564
  Epoch 40/50  loss=1.9159
DKL training done in 0.3s
  → 1FeZrI6-1  gap=2.598 eV  best=5.515 eV  top50=0  top10%=0
Cycle   2: GP refit  (11 labelled)
  → 1NiZrI6-1  gap=2.561 eV  best=5.515 eV  top50=0  top10%=0
Cycle   3: GP refit  (12 labelled)
  → 1HfPdI6-1  gap=1.368 eV  best=5.515 eV  top50=0  top10%=0
Cycle   4: GP refit  (13 labelled)
  → 1MnZrI6-1  gap=2.559 eV  best=5.515 eV  top50=0  top10%=0
Cycle   5: GP refit  (14 labelled)
  → 2INbO2-1  gap=2.295 eV  best=5.515 eV  top50=0  top10%=0
Cycle   6: full DKL retrain  (15 labelled)
GP warmup: 20 epochs on initial embeddings
Joint DKL training: 50 epochs
  Epoch 20/50  loss=0.6225
  Epoch 40/50  loss=0.5039
DKL training done in 0.3s
  → 1HfMnI6-1  gap=2.788 eV  best=5.515 eV  top50=0  top10%=0
Cycle   7: GP refit  (16 labelled)
  → 2PdSO3-1  gap=2.851 eV  best=5.515 eV  top50=0  top10%=0
Cycle   8: GP refit  (17 labelled)
  → 1ISbTe-1  gap=1.322 eV  best=5.515 eV  top50=0  top10%=0
Cycle   9: GP refit  (18 labelled)
  → 2ClCu-4  gap=3.657 eV  best=5.515 eV  top50=0  top10%=0
Cycle  10: GP refit  (19 labelled)
  → 2AlO-1  gap=1.849 eV  best=5.515 eV  top50=0  top10%=0
Cycle  11: full DKL retrain  (20 labelled)
GP warmup: 20 epochs on initial embeddings
Joint DKL training: 50 epochs
  Epoch 20/50  loss=0.8223
  Epoch 40/50  loss=-0.1185
DKL training done in 0.3s
  → 2ScTe-4  gap=0.718 eV  best=5.515 eV  top50=0  top10%=0
Cycle  12: GP refit  (21 labelled)
  → 1BiBrSe-1  gap=1.363 eV  best=5.515 eV  top50=0  top10%=0
Cycle  13: GP refit  (22 labelled)
  → 2AuO-1  gap=0.865 eV  best=5.515 eV  top50=0  top10%=0
Cycle  14: GP refit  (23 labelled)
  → 2PtSeO3-1  gap=2.732 eV  best=5.515 eV  top50=0  top10%=0
Cycle  15: GP refit  (24 labelled)
  → 2CoAs2I2O3-1  gap=3.183 eV  best=5.515 eV  top50=0  top10%=0
Cycle  16: full DKL retrain  (25 labelled)
GP warmup: 20 epochs on initial embeddings
Joint DKL training: 50 epochs
  Epoch 20/50  loss=0.4613
  Epoch 40/50  loss=0.2932
DKL training done in 0.3s
  → 2TiBr2-1  gap=0.817 eV  best=5.515 eV  top50=0  top10%=0
Cycle  17: GP refit  (26 labelled)
  → 2AgAuCl4-1  gap=2.332 eV  best=5.515 eV  top50=0  top10%=0
Cycle  18: GP refit  (27 labelled)
  → 1MoAu2S4-1  gap=1.621 eV  best=5.515 eV  top50=0  top10%=0
Cycle  19: GP refit  (28 labelled)
  → 2CaBi2O4-1  gap=3.923 eV  best=5.515 eV  top50=0  top10%=0
Cycle  20: GP refit  (29 labelled)
  → 1CdI2-3  gap=2.295 eV  best=5.515 eV  top50=0  top10%=0
Cycle  21: full DKL retrain  (30 labelled)
GP warmup: 20 epochs on initial embeddings
Joint DKL training: 50 epochs
  Epoch 20/50  loss=0.2282
  Epoch 40/50  loss=0.1180
DKL training done in 0.3s
  → 2BrNbO2-1  gap=3.469 eV  best=5.515 eV  top50=0  top10%=0
Cycle  22: GP refit  (31 labelled)
  → 2ClScBr2-1  gap=4.935 eV  best=5.515 eV  top50=0  top10%=0
Cycle  23: GP refit  (32 labelled)
  → 2SSc-4  gap=0.981 eV  best=5.515 eV  top50=0  top10%=0
Cycle  24: GP refit  (33 labelled)
  → 2CoI2Sb2O3-1  gap=3.324 eV  best=5.515 eV  top50=0  top10%=0
Cycle  25: GP refit  (34 labelled)
  → 2BiO-1  gap=1.042 eV  best=5.515 eV  top50=0  top10%=0
Cycle  26: full DKL retrain  (35 labelled)
GP warmup: 20 epochs on initial embeddings
Joint DKL training: 50 epochs
  Epoch 20/50  loss=0.5940
  Epoch 40/50  loss=0.3427
DKL training done in 0.3s
  → 2BaBi2O4-1  gap=4.146 eV  best=5.515 eV  top50=0  top10%=0
Cycle  27: GP refit  (36 labelled)
  → 2BiClHgO2-1  gap=3.745 eV  best=5.515 eV  top50=0  top10%=0
Cycle  28: GP refit  (37 labelled)
  → 1SeHf2I5-1  gap=0.972 eV  best=5.515 eV  top50=0  top10%=0
Cycle  29: GP refit  (38 labelled)
  → 1AsBrSe-1  gap=1.839 eV  best=5.515 eV  top50=0  top10%=0
Cycle  30: GP refit  (39 labelled)
  → 1ISSb-1  gap=1.782 eV  best=5.515 eV  top50=0  top10%=0
Cycle  31: full DKL retrain  (40 labelled)
GP warmup: 20 epochs on initial embeddings
Joint DKL training: 50 epochs
  Epoch 20/50  loss=0.5925
  Epoch 40/50  loss=0.3861
DKL training done in 0.3s
  → 1NiPdS4-1  gap=1.153 eV  best=5.515 eV  top50=0  top10%=0
Cycle  32: GP refit  (41 labelled)
  → 1AgGaP2S6-1  gap=2.285 eV  best=5.515 eV  top50=0  top10%=0
Cycle  33: GP refit  (42 labelled)
  → 1BrHfI-1  gap=1.157 eV  best=5.515 eV  top50=0  top10%=0
Cycle  34: GP refit  (43 labelled)
  → 1HfS2-2  gap=2.038 eV  best=5.515 eV  top50=0  top10%=0
Cycle  35: GP refit  (44 labelled)
  → 1ClSbTe-2  gap=1.891 eV  best=5.515 eV  top50=0  top10%=0
Cycle  36: full DKL retrain  (45 labelled)
GP warmup: 20 epochs on initial embeddings
Joint DKL training: 50 epochs
  Epoch 20/50  loss=0.4084
  Epoch 40/50  loss=0.2899
DKL training done in 0.3s
  → 1CrS2-1  gap=1.351 eV  best=5.515 eV  top50=0  top10%=0
Cycle  37: GP refit  (46 labelled)
  → 1TeNb3Cl7-1  gap=1.542 eV  best=5.515 eV  top50=0  top10%=0
Cycle  38: GP refit  (47 labelled)
  → 4OPb-1  gap=3.731 eV  best=5.515 eV  top50=0  top10%=0
Cycle  39: GP refit  (48 labelled)
  → 4AsNiS-1  gap=1.507 eV  best=5.515 eV  top50=0  top10%=0
Cycle  40: GP refit  (49 labelled)
  → 1SeNb3Cl7-1  gap=1.601 eV  best=5.515 eV  top50=0  top10%=0
Cycle  41: full DKL retrain  (50 labelled)
GP warmup: 20 epochs on initial embeddings
Joint DKL training: 50 epochs
  Epoch 20/50  loss=0.2970
  Epoch 40/50  loss=0.1836
DKL training done in 0.3s
  → 2ClRhS-1  gap=2.270 eV  best=5.515 eV  top50=0  top10%=0
Cycle  42: GP refit  (51 labelled)
  → 1SeTa3Cl7-1  gap=1.582 eV  best=5.515 eV  top50=0  top10%=0
Cycle  43: GP refit  (52 labelled)
  → 2OsO2-1  gap=1.005 eV  best=5.515 eV  top50=0  top10%=0
Cycle  44: GP refit  (53 labelled)
  → 2BrRhTe-1  gap=1.965 eV  best=5.515 eV  top50=0  top10%=0
Cycle  45: GP refit  (54 labelled)
  → 1AlCdInS4-1  gap=1.877 eV  best=5.515 eV  top50=0  top10%=0
Cycle  46: full DKL retrain  (55 labelled)
GP warmup: 20 epochs on initial embeddings
Joint DKL training: 50 epochs
  Epoch 20/50  loss=0.1678
  Epoch 40/50  loss=0.0547
DKL training done in 0.3s
  → 2HInTeS4-1  gap=2.900 eV  best=5.515 eV  top50=0  top10%=0
Cycle  47: GP refit  (56 labelled)
  → 1BrCuGeTe-1  gap=1.540 eV  best=5.515 eV  top50=0  top10%=0
Cycle  48: GP refit  (57 labelled)
  → 1PbSe-1  gap=2.199 eV  best=5.515 eV  top50=0  top10%=0
Cycle  49: GP refit  (58 labelled)
  → 2BrIrS-2  gap=2.065 eV  best=5.515 eV  top50=0  top10%=0
Cycle  50: GP refit  (59 labelled)
  → 2HInSeO4-1  gap=5.487 eV  best=5.515 eV  top50=1  top10%=1
Cycle  51: full DKL retrain  (60 labelled)
GP warmup: 20 epochs on initial embeddings
Joint DKL training: 50 epochs
  Epoch 20/50  loss=0.3189
  Epoch 40/50  loss=0.1261
DKL training done in 0.3s
  → 1BSb-1  gap=0.551 eV  best=5.515 eV  top50=1  top10%=1
Cycle  52: GP refit  (61 labelled)
  → 1CdInTlS4-1  gap=1.127 eV  best=5.515 eV  top50=1  top10%=1
Cycle  53: GP refit  (62 labelled)
  → 1ClSSb-2  gap=2.321 eV  best=5.515 eV  top50=1  top10%=1
Cycle  54: GP refit  (63 labelled)
  → 1HfPdCl6-1  gap=2.459 eV  best=5.515 eV  top50=1  top10%=1
Cycle  55: GP refit  (64 labelled)
  → 1AsIn-1  gap=1.234 eV  best=5.515 eV  top50=1  top10%=1
Cycle  56: full DKL retrain  (65 labelled)
GP warmup: 20 epochs on initial embeddings
Joint DKL training: 50 epochs
  Epoch 20/50  loss=0.3638
  Epoch 40/50  loss=0.2118
DKL training done in 0.3s
  → 1WAg2S4-1  gap=2.482 eV  best=5.515 eV  top50=1  top10%=1
Cycle  57: GP refit  (66 labelled)
  → 2NOsRbSCl5-1  gap=1.486 eV  best=5.515 eV  top50=1  top10%=1
Cycle  58: GP refit  (67 labelled)
  → 2FRhTe-1  gap=2.115 eV  best=5.515 eV  top50=1  top10%=1
Cycle  59: GP refit  (68 labelled)
  → 1BrClI2O2V2-1  gap=2.590 eV  best=5.515 eV  top50=1  top10%=1
Cycle  60: GP refit  (69 labelled)
  → 2AgO-1  gap=1.126 eV  best=5.515 eV  top50=1  top10%=1
Cycle  61: full DKL retrain  (70 labelled)
GP warmup: 20 epochs on initial embeddings
Joint DKL training: 50 epochs
  Epoch 20/50  loss=0.1428
  Epoch 40/50  loss=-0.0005
DKL training done in 0.3s
  → 2CRbO3-1  gap=2.673 eV  best=5.515 eV  top50=1  top10%=1
Cycle  62: GP refit  (71 labelled)
  → 2NiTeS3-1  gap=1.567 eV  best=5.515 eV  top50=1  top10%=1
Cycle  63: GP refit  (72 labelled)
  → 1SeAg2O4-1  gap=3.121 eV  best=5.515 eV  top50=1  top10%=1
Cycle  64: GP refit  (73 labelled)
  → 1ClIMg-1  gap=3.815 eV  best=5.515 eV  top50=1  top10%=1
Cycle  65: GP refit  (74 labelled)
  → 1CoNaP2Se6-1  gap=1.717 eV  best=5.515 eV  top50=1  top10%=1
Cycle  66: full DKL retrain  (75 labelled)
GP warmup: 20 epochs on initial embeddings
Joint DKL training: 50 epochs
  Epoch 20/50  loss=0.0723
  Epoch 40/50  loss=-0.0695
DKL training done in 0.4s
  → 2BiCdIO2-1  gap=2.598 eV  best=5.515 eV  top50=1  top10%=1
Cycle  67: GP refit  (76 labelled)
  → 2SrBi2O4-1  gap=4.038 eV  best=5.515 eV  top50=1  top10%=1
Cycle  68: GP refit  (77 labelled)
  → 2Bi2O3-2  gap=4.095 eV  best=5.515 eV  top50=1  top10%=1
Cycle  69: GP refit  (78 labelled)
  → 2NbOCl2-1  gap=1.951 eV  best=5.515 eV  top50=1  top10%=1
Cycle  70: GP refit  (79 labelled)
  → 1ISY-1  gap=3.985 eV  best=5.515 eV  top50=1  top10%=1
Cycle  71: full DKL retrain  (80 labelled)
GP warmup: 20 epochs on initial embeddings
Joint DKL training: 50 epochs
  Epoch 20/50  loss=0.2039
  Epoch 40/50  loss=0.0027
DKL training done in 0.4s
  → 2FIrS-2  gap=2.104 eV  best=5.515 eV  top50=1  top10%=1
Cycle  72: GP refit  (81 labelled)
  → 2NOsRbSF5-1  gap=2.520 eV  best=5.515 eV  top50=1  top10%=1
Cycle  73: GP refit  (82 labelled)
  → 1MoW3S8-1  gap=2.064 eV  best=5.515 eV  top50=1  top10%=1
Cycle  74: GP refit  (83 labelled)
  → 2InPS3-1  gap=1.395 eV  best=5.515 eV  top50=1  top10%=1
Cycle  75: GP refit  (84 labelled)
  → 1OSeW-1  gap=2.004 eV  best=5.515 eV  top50=1  top10%=1
Cycle  76: full DKL retrain  (85 labelled)
GP warmup: 20 epochs on initial embeddings
Joint DKL training: 50 epochs
  Epoch 20/50  loss=0.0150
  Epoch 40/50  loss=-0.1567
DKL training done in 0.4s
  → 1SeNb3Br7-1  gap=1.477 eV  best=5.515 eV  top50=1  top10%=1
Cycle  77: GP refit  (86 labelled)
  → 1WCu2Te4-1  gap=1.488 eV  best=5.515 eV  top50=1  top10%=1
Cycle  78: GP refit  (87 labelled)
  → 4AgF2-2  gap=1.637 eV  best=5.515 eV  top50=1  top10%=1
Cycle  79: GP refit  (88 labelled)
  → 2GaSe-1  gap=2.506 eV  best=5.515 eV  top50=1  top10%=1
Cycle  80: GP refit  (89 labelled)
  → 1BrClGe2Se2-1  gap=2.697 eV  best=5.515 eV  top50=1  top10%=1
Cycle  81: full DKL retrain  (90 labelled)
GP warmup: 20 epochs on initial embeddings
Joint DKL training: 50 epochs
  Epoch 20/50  loss=0.0602
  Epoch 40/50  loss=-0.1527
DKL training done in 0.3s
  → 2BrMnSbS2-2  gap=1.201 eV  best=5.515 eV  top50=1  top10%=1
Cycle  82: GP refit  (91 labelled)
  → 1BrSSb-2  gap=2.028 eV  best=5.515 eV  top50=1  top10%=1
Cycle  83: GP refit  (92 labelled)
  → 1IrRuS2Br4-1  gap=0.554 eV  best=5.515 eV  top50=1  top10%=1
Cycle  84: GP refit  (93 labelled)
  → 1AuClCuI-1  gap=3.695 eV  best=5.515 eV  top50=1  top10%=1
Cycle  85: GP refit  (94 labelled)
  → 1CoLiP2S6-1  gap=2.395 eV  best=5.515 eV  top50=1  top10%=1
Cycle  86: full DKL retrain  (95 labelled)
GP warmup: 20 epochs on initial embeddings
Joint DKL training: 50 epochs
  Epoch 20/50  loss=0.2463
  Epoch 40/50  loss=0.0482
DKL training done in 0.3s
  → 2KNORuCl5-1  gap=1.558 eV  best=5.515 eV  top50=1  top10%=1
Cycle  87: GP refit  (96 labelled)
  → 1NiCl2N2H4C6-1  gap=2.638 eV  best=5.515 eV  top50=1  top10%=1
Cycle  88: GP refit  (97 labelled)
  → 1SI2Pb2-1  gap=1.567 eV  best=5.515 eV  top50=1  top10%=1
Cycle  89: GP refit  (98 labelled)
  → 1ZnBr2-3  gap=3.449 eV  best=5.515 eV  top50=1  top10%=1
Cycle  90: GP refit  (99 labelled)
  → 1HfPdBr6-1  gap=2.003 eV  best=5.515 eV  top50=1  top10%=1
Cycle  91: full DKL retrain  (100 labelled)
GP warmup: 20 epochs on initial embeddings
Joint DKL training: 50 epochs
  Epoch 20/50  loss=0.0227
  Epoch 40/50  loss=-0.2010
DKL training done in 0.3s
  → 1BrCdI-1  gap=3.053 eV  best=5.515 eV  top50=1  top10%=1
Cycle  92: GP refit  (101 labelled)
  → 1MoCu2S4-1  gap=2.617 eV  best=5.515 eV  top50=1  top10%=1
Cycle  93: GP refit  (102 labelled)
  → 2CuS-2  gap=1.311 eV  best=5.515 eV  top50=1  top10%=1
Cycle  94: GP refit  (103 labelled)
  → 1TiO2-3  gap=3.447 eV  best=5.515 eV  top50=1  top10%=1
Cycle  95: GP refit  (104 labelled)
  → 2FRhS-1  gap=2.175 eV  best=5.515 eV  top50=1  top10%=1
Cycle  96: full DKL retrain  (105 labelled)
GP warmup: 20 epochs on initial embeddings
Joint DKL training: 50 epochs
  Epoch 20/50  loss=-0.2085
  Epoch 40/50  loss=-0.4825
DKL training done in 0.3s
  → 2CKO3-1  gap=2.692 eV  best=5.515 eV  top50=1  top10%=1
Cycle  97: GP refit  (106 labelled)
  → 2HSeLi3S4-1  gap=3.065 eV  best=5.515 eV  top50=1  top10%=1
Cycle  98: GP refit  (107 labelled)
  → 1MoOS-1  gap=1.831 eV  best=5.515 eV  top50=1  top10%=1
Cycle  99: GP refit  (108 labelled)
  → 2CsNOsSF5-1  gap=2.525 eV  best=5.515 eV  top50=1  top10%=1
Cycle 100: GP refit  (109 labelled)
  → 2BrCu-3  gap=3.475 eV  best=5.515 eV  top50=1  top10%=1
  dkl_finetune/seed22 → best_inwin=2.900 top10=1 top50=10
BOLoop: 766 materials  |  direction=max  |  top-50 internal threshold=5.35  top-10% internal threshold=4.94
Init: 10 random labels  |  best (max) = 4.523
Cycle   1: full DKL retrain  (10 labelled)
GP warmup: 20 epochs on initial embeddings
/home/roy/Desktop/DKL-BO/venv/lib/python3.13/site-packages/torch/_compile.py:54: UserWarning: optimizer contains a parameter group with duplicate parameters; in future, this will cause an error; see github.com/pytorch/pytorch/issues/40967 for more information
  return disable_fn(*args, **kwargs)
Joint DKL training: 50 epochs
  Epoch 20/50  loss=1.5868
  Epoch 40/50  loss=1.4691
DKL training done in 0.3s
  → 1AgScP2S6-1  gap=3.453 eV  best=4.523 eV  top50=0  top10%=0
Cycle   2: GP refit  (11 labelled)
  → 1AgGaP2S6-1  gap=2.285 eV  best=4.523 eV  top50=0  top10%=0
Cycle   3: GP refit  (12 labelled)
  → 2NOsRbSF5-1  gap=2.520 eV  best=4.523 eV  top50=0  top10%=0
Cycle   4: GP refit  (13 labelled)
  → 1WCu2Se4-1  gap=2.444 eV  best=4.523 eV  top50=0  top10%=0
Cycle   5: GP refit  (14 labelled)
  → 2NRbRuSF5-1  gap=2.622 eV  best=4.523 eV  top50=0  top10%=0
Cycle   6: full DKL retrain  (15 labelled)
GP warmup: 20 epochs on initial embeddings
Joint DKL training: 50 epochs
  Epoch 20/50  loss=0.8160
  Epoch 40/50  loss=0.6038
DKL training done in 0.3s
  → 1AgAlP2S6-1  gap=3.132 eV  best=4.523 eV  top50=0  top10%=0
Cycle   7: GP refit  (16 labelled)
  → 2CsNOsSF5-1  gap=2.525 eV  best=4.523 eV  top50=0  top10%=0
Cycle   8: GP refit  (17 labelled)
  → 2PdSeO3-1  gap=2.663 eV  best=4.523 eV  top50=0  top10%=0
Cycle   9: GP refit  (18 labelled)
  → 2BaBrF-1  gap=6.128 eV  best=6.128 eV  top50=1  top10%=1
Cycle  10: GP refit  (19 labelled)
  → 2NORbRuF5-1  gap=3.120 eV  best=6.128 eV  top50=1  top10%=1
Cycle  11: full DKL retrain  (20 labelled)
GP warmup: 20 epochs on initial embeddings
Joint DKL training: 50 epochs
  Epoch 20/50  loss=2.0484
  Epoch 40/50  loss=0.2944
DKL training done in 0.3s
  → 1AsClTe-1  gap=2.147 eV  best=6.128 eV  top50=1  top10%=1
Cycle  12: GP refit  (21 labelled)
  → 1TiCl2-1  gap=1.395 eV  best=6.128 eV  top50=1  top10%=1
Cycle  13: GP refit  (22 labelled)
  → 1CoNaP2S6-1  gap=1.851 eV  best=6.128 eV  top50=1  top10%=1
Cycle  14: GP refit  (23 labelled)
  → 2PtSeO3-1  gap=2.732 eV  best=6.128 eV  top50=1  top10%=1
Cycle  15: GP refit  (24 labelled)
  → 1AsBrS-2  gap=2.077 eV  best=6.128 eV  top50=1  top10%=1
Cycle  16: full DKL retrain  (25 labelled)
GP warmup: 20 epochs on initial embeddings
Joint DKL training: 50 epochs
  Epoch 20/50  loss=0.3643
  Epoch 40/50  loss=0.2628
DKL training done in 0.3s
  → 2ClNbO2-1  gap=4.453 eV  best=6.128 eV  top50=1  top10%=1
Cycle  17: GP refit  (26 labelled)
  → 2CKOOsF5-1  gap=1.831 eV  best=6.128 eV  top50=1  top10%=1
Cycle  18: GP refit  (27 labelled)
  → 2BrNbO2-1  gap=3.469 eV  best=6.128 eV  top50=1  top10%=1
Cycle  19: GP refit  (28 labelled)
  → 2CaClH-1  gap=5.233 eV  best=6.128 eV  top50=1  top10%=2
Cycle  20: GP refit  (29 labelled)
  → 1AsClS-2  gap=2.443 eV  best=6.128 eV  top50=1  top10%=2
Cycle  21: full DKL retrain  (30 labelled)
GP warmup: 20 epochs on initial embeddings
Joint DKL training: 50 epochs
  Epoch 20/50  loss=0.4163
  Epoch 40/50  loss=0.2569
DKL training done in 0.3s
  → 1SnBr2S2-1  gap=1.490 eV  best=6.128 eV  top50=1  top10%=2
Cycle  22: GP refit  (31 labelled)
  → 2HInSO4-1  gap=5.132 eV  best=6.128 eV  top50=1  top10%=3
Cycle  23: GP refit  (32 labelled)
  → 1ClO2V2Br3-1  gap=1.976 eV  best=6.128 eV  top50=1  top10%=3
Cycle  24: GP refit  (33 labelled)
  → 2CsNOOsF5-1  gap=2.891 eV  best=6.128 eV  top50=1  top10%=3
Cycle  25: GP refit  (34 labelled)
  → 4AsNiS-1  gap=1.507 eV  best=6.128 eV  top50=1  top10%=3
Cycle  26: full DKL retrain  (35 labelled)
GP warmup: 20 epochs on initial embeddings
Joint DKL training: 50 epochs
  Epoch 20/50  loss=0.4170
  Epoch 40/50  loss=0.1563
DKL training done in 0.3s
  → 2INbO2-1  gap=2.295 eV  best=6.128 eV  top50=1  top10%=3
Cycle  27: GP refit  (36 labelled)
  → 2CoBr2Sb2O3-1  gap=3.435 eV  best=6.128 eV  top50=1  top10%=3
Cycle  28: GP refit  (37 labelled)
  → 2NOOsRbF5-1  gap=2.864 eV  best=6.128 eV  top50=1  top10%=3
Cycle  29: GP refit  (38 labelled)
  → 1SNb3F7-1  gap=1.872 eV  best=6.128 eV  top50=1  top10%=3
Cycle  30: GP refit  (39 labelled)
  → 1HfPdF6-1  gap=3.959 eV  best=6.128 eV  top50=1  top10%=3
Cycle  31: full DKL retrain  (40 labelled)
GP warmup: 20 epochs on initial embeddings
Joint DKL training: 50 epochs
  Epoch 20/50  loss=0.1392
  Epoch 40/50  loss=-0.1283
DKL training done in 0.3s
  → 2CsNRuSF5-1  gap=2.579 eV  best=6.128 eV  top50=1  top10%=3
Cycle  32: GP refit  (41 labelled)
  → 1BiClSe-2  gap=1.992 eV  best=6.128 eV  top50=1  top10%=3
Cycle  33: GP refit  (42 labelled)
  → 2CoBi2I2O3-1  gap=2.811 eV  best=6.128 eV  top50=1  top10%=3
Cycle  34: GP refit  (43 labelled)
  → 1ClSSb-2  gap=2.321 eV  best=6.128 eV  top50=1  top10%=3
Cycle  35: GP refit  (44 labelled)
  → 1AgAlP2Te6-1  gap=1.065 eV  best=6.128 eV  top50=1  top10%=3
Cycle  36: full DKL retrain  (45 labelled)
GP warmup: 20 epochs on initial embeddings
Joint DKL training: 50 epochs
  Epoch 20/50  loss=0.3242
  Epoch 40/50  loss=-0.0463
DKL training done in 0.3s
  → 1CdGaInS4-1  gap=1.340 eV  best=6.128 eV  top50=1  top10%=3
Cycle  37: GP refit  (46 labelled)
  → 2HInTeS4-1  gap=2.900 eV  best=6.128 eV  top50=1  top10%=3
Cycle  38: GP refit  (47 labelled)
  → 1SNb3Cl7-1  gap=1.654 eV  best=6.128 eV  top50=1  top10%=3
Cycle  39: GP refit  (48 labelled)
  → 4LiPS2-1  gap=2.290 eV  best=6.128 eV  top50=1  top10%=3
Cycle  40: GP refit  (49 labelled)
  → 1OZrBr2-1  gap=2.245 eV  best=6.128 eV  top50=1  top10%=3
Cycle  41: full DKL retrain  (50 labelled)
GP warmup: 20 epochs on initial embeddings
Joint DKL training: 50 epochs
  Epoch 20/50  loss=0.3151
  Epoch 40/50  loss=0.1552
DKL training done in 0.3s
  → 1AgAlP2Se6-1  gap=2.339 eV  best=6.128 eV  top50=1  top10%=3
Cycle  42: GP refit  (51 labelled)
  → 1AlGaSe2-1  gap=2.765 eV  best=6.128 eV  top50=1  top10%=3
Cycle  43: GP refit  (52 labelled)
  → 1PdZrBr6-1  gap=1.974 eV  best=6.128 eV  top50=1  top10%=3
Cycle  44: GP refit  (53 labelled)
  → 2InPS3-1  gap=1.395 eV  best=6.128 eV  top50=1  top10%=3
Cycle  45: GP refit  (54 labelled)
  → 1MgI2-3  gap=3.448 eV  best=6.128 eV  top50=1  top10%=3
Cycle  46: full DKL retrain  (55 labelled)
GP warmup: 20 epochs on initial embeddings
Joint DKL training: 50 epochs
  Epoch 20/50  loss=0.2216
  Epoch 40/50  loss=0.0366
DKL training done in 0.3s
  → 1SnI2-2  gap=2.504 eV  best=6.128 eV  top50=1  top10%=3
Cycle  47: GP refit  (56 labelled)
  → 2CrWS4-1  gap=1.442 eV  best=6.128 eV  top50=1  top10%=3
Cycle  48: GP refit  (57 labelled)
  → 1SI2Pb2-1  gap=1.567 eV  best=6.128 eV  top50=1  top10%=3
Cycle  49: GP refit  (58 labelled)
  → 2BrCaF-1  gap=6.385 eV  best=6.385 eV  top50=2  top10%=4
Cycle  50: GP refit  (59 labelled)
  → 1AsClSe-1  gap=2.060 eV  best=6.385 eV  top50=2  top10%=4
Cycle  51: full DKL retrain  (60 labelled)
GP warmup: 20 epochs on initial embeddings
Joint DKL training: 50 epochs
  Epoch 20/50  loss=0.4705
  Epoch 40/50  loss=0.2594
DKL training done in 0.3s
  → 1ZnBr2-3  gap=3.449 eV  best=6.385 eV  top50=2  top10%=4
Cycle  52: GP refit  (61 labelled)
  → 4OSn-1  gap=3.719 eV  best=6.385 eV  top50=2  top10%=4
Cycle  53: GP refit  (62 labelled)
  → 1AgAlAs2Se6-1  gap=1.577 eV  best=6.385 eV  top50=2  top10%=4
Cycle  54: GP refit  (63 labelled)
  → 2CoHS2-1  gap=1.204 eV  best=6.385 eV  top50=2  top10%=4
Cycle  55: GP refit  (64 labelled)
  → 2PbS-3  gap=0.673 eV  best=6.385 eV  top50=2  top10%=4
Cycle  56: full DKL retrain  (65 labelled)
GP warmup: 20 epochs on initial embeddings
Joint DKL training: 50 epochs
  Epoch 20/50  loss=0.2799
  Epoch 40/50  loss=0.1286
DKL training done in 0.3s
  → 1FeHfBr6-1  gap=3.395 eV  best=6.385 eV  top50=2  top10%=4
Cycle  57: GP refit  (66 labelled)
  → 1BrClNi-1  gap=3.508 eV  best=6.385 eV  top50=2  top10%=4
Cycle  58: GP refit  (67 labelled)
  → 1Ta3Br8-1  gap=0.821 eV  best=6.385 eV  top50=2  top10%=4
Cycle  59: GP refit  (68 labelled)
  → 1AgScP2Se6-1  gap=2.775 eV  best=6.385 eV  top50=2  top10%=4
Cycle  60: GP refit  (69 labelled)
  → 1N2O2Y3-1  gap=1.648 eV  best=6.385 eV  top50=2  top10%=4
Cycle  61: full DKL retrain  (70 labelled)
GP warmup: 20 epochs on initial embeddings
Joint DKL training: 50 epochs
  Epoch 20/50  loss=0.1788
  Epoch 40/50  loss=-0.0174
DKL training done in 0.4s
  → 1AlISe-1  gap=2.186 eV  best=6.385 eV  top50=2  top10%=4
Cycle  62: GP refit  (71 labelled)
  → 1WCu2S4-1  gap=2.994 eV  best=6.385 eV  top50=2  top10%=4
Cycle  63: GP refit  (72 labelled)
  → 1PbI2-2  gap=2.404 eV  best=6.385 eV  top50=2  top10%=4
Cycle  64: GP refit  (73 labelled)
  → 1InNbBr6-1  gap=1.473 eV  best=6.385 eV  top50=2  top10%=4
Cycle  65: GP refit  (74 labelled)
  → 1CdGeSSeBr2-1  gap=1.544 eV  best=6.385 eV  top50=2  top10%=4
Cycle  66: full DKL retrain  (75 labelled)
GP warmup: 20 epochs on initial embeddings
Joint DKL training: 50 epochs
  Epoch 20/50  loss=-0.1493
  Epoch 40/50  loss=-0.2982
DKL training done in 0.4s
  → 2OPb-3  gap=1.090 eV  best=6.385 eV  top50=2  top10%=4
Cycle  67: GP refit  (76 labelled)
  → 1GeCl2-2  gap=3.875 eV  best=6.385 eV  top50=2  top10%=4
Cycle  68: GP refit  (77 labelled)
  → 2PtSO3-1  gap=2.976 eV  best=6.385 eV  top50=2  top10%=4
Cycle  69: GP refit  (78 labelled)
  → 1LiNbBr6-1  gap=2.937 eV  best=6.385 eV  top50=2  top10%=4
Cycle  70: GP refit  (79 labelled)
  → 1MnZrBr6-1  gap=3.584 eV  best=6.385 eV  top50=2  top10%=4
Cycle  71: full DKL retrain  (80 labelled)
GP warmup: 20 epochs on initial embeddings
Joint DKL training: 50 epochs
  Epoch 20/50  loss=0.1794
  Epoch 40/50  loss=-0.0226
DKL training done in 0.3s
  → 4NiPSe-1  gap=2.021 eV  best=6.385 eV  top50=2  top10%=4
Cycle  72: GP refit  (81 labelled)
  → 1BrSSb-1  gap=1.838 eV  best=6.385 eV  top50=2  top10%=4
Cycle  73: GP refit  (82 labelled)
  → 2KNO3-1  gap=5.261 eV  best=6.385 eV  top50=2  top10%=5
Cycle  74: GP refit  (83 labelled)
  → 2GaS-1  gap=3.197 eV  best=6.385 eV  top50=2  top10%=5
Cycle  75: GP refit  (84 labelled)
  → 2ClMnSbS2-2  gap=1.242 eV  best=6.385 eV  top50=2  top10%=5
Cycle  76: full DKL retrain  (85 labelled)
GP warmup: 20 epochs on initial embeddings
Joint DKL training: 50 epochs
  Epoch 20/50  loss=0.1172
  Epoch 40/50  loss=-0.0271
DKL training done in 0.3s
  → 2KNOOsF5-1  gap=2.833 eV  best=6.385 eV  top50=2  top10%=5
Cycle  77: GP refit  (86 labelled)
  → 2MoWS4-1  gap=2.062 eV  best=6.385 eV  top50=2  top10%=5
Cycle  78: GP refit  (87 labelled)
  → 1CdHIS-1  gap=2.851 eV  best=6.385 eV  top50=2  top10%=5
Cycle  79: GP refit  (88 labelled)
  → 1OPb-1  gap=2.638 eV  best=6.385 eV  top50=2  top10%=5
Cycle  80: GP refit  (89 labelled)
  → 1CSiH2-1  gap=4.871 eV  best=6.385 eV  top50=2  top10%=5
Cycle  81: full DKL retrain  (90 labelled)
GP warmup: 20 epochs on initial embeddings
Joint DKL training: 50 epochs
  Epoch 20/50  loss=0.0524
  Epoch 40/50  loss=-0.3446
DKL training done in 0.3s
  → 2PdSO3-1  gap=2.851 eV  best=6.385 eV  top50=2  top10%=5
Cycle  82: GP refit  (91 labelled)
  → 1HgS-1  gap=0.724 eV  best=6.385 eV  top50=2  top10%=5
Cycle  83: GP refit  (92 labelled)
  → 2CKO3-1  gap=2.692 eV  best=6.385 eV  top50=2  top10%=5
Cycle  84: GP refit  (93 labelled)
  → 1BrITl2-1  gap=2.587 eV  best=6.385 eV  top50=2  top10%=5
Cycle  85: GP refit  (94 labelled)
  → 4LiSbS2-1  gap=2.746 eV  best=6.385 eV  top50=2  top10%=5
Cycle  86: full DKL retrain  (95 labelled)
GP warmup: 20 epochs on initial embeddings
Joint DKL training: 50 epochs
  Epoch 20/50  loss=-0.1196
  Epoch 40/50  loss=-0.3063
DKL training done in 0.3s
  → 1YBr2-1  gap=0.901 eV  best=6.385 eV  top50=2  top10%=5
Cycle  87: GP refit  (96 labelled)
  → 1GeBr2-2  gap=3.333 eV  best=6.385 eV  top50=2  top10%=5
Cycle  88: GP refit  (97 labelled)
  → 2AlSe-1  gap=2.721 eV  best=6.385 eV  top50=2  top10%=5
Cycle  89: GP refit  (98 labelled)
  → 1NiCl2N2H4C6-1  gap=2.638 eV  best=6.385 eV  top50=2  top10%=5
Cycle  90: GP refit  (99 labelled)
  → 1CrW3Se8-1  gap=1.333 eV  best=6.385 eV  top50=2  top10%=5
Cycle  91: full DKL retrain  (100 labelled)
GP warmup: 20 epochs on initial embeddings
Joint DKL training: 50 epochs
  Epoch 20/50  loss=-0.1720
  Epoch 40/50  loss=-0.3571
DKL training done in 0.3s
  → 2WSe2-1  gap=0.118 eV  best=6.385 eV  top50=2  top10%=5
Cycle  92: GP refit  (101 labelled)
  → 1OVCl2-1  gap=3.144 eV  best=6.385 eV  top50=2  top10%=5
Cycle  93: GP refit  (102 labelled)
  → 1AuInF4-1  gap=2.106 eV  best=6.385 eV  top50=2  top10%=5
Cycle  94: GP refit  (103 labelled)
  → 1BiIS-1  gap=1.474 eV  best=6.385 eV  top50=2  top10%=5
Cycle  95: GP refit  (104 labelled)
  → 1HgO-1  gap=0.025 eV  best=6.385 eV  top50=2  top10%=5
Cycle  96: full DKL retrain  (105 labelled)
GP warmup: 20 epochs on initial embeddings
Joint DKL training: 50 epochs
  Epoch 20/50  loss=0.0659
  Epoch 40/50  loss=-0.1801
DKL training done in 0.3s
  → 1AgCrP2S6-1  gap=2.012 eV  best=6.385 eV  top50=2  top10%=5
Cycle  97: GP refit  (106 labelled)
  → 2P2S3-3  gap=3.478 eV  best=6.385 eV  top50=2  top10%=5
Cycle  98: GP refit  (107 labelled)
  → 1AsISe-2  gap=1.052 eV  best=6.385 eV  top50=2  top10%=5
Cycle  99: GP refit  (108 labelled)
  → 1IPd2Cl5-1  gap=1.393 eV  best=6.385 eV  top50=2  top10%=5
Cycle 100: GP refit  (109 labelled)
  → 2KNRuSF5-1  gap=2.625 eV  best=6.385 eV  top50=2  top10%=5
  dkl_finetune/seed23 → best_inwin=2.994 top10=4 top50=21
BOLoop: 766 materials  |  direction=max  |  top-50 internal threshold=5.35  top-10% internal threshold=4.94
Init: 10 random labels  |  best (max) = 5.363
Cycle   1: full DKL retrain  (10 labelled)
GP warmup: 20 epochs on initial embeddings
/home/roy/Desktop/DKL-BO/venv/lib/python3.13/site-packages/torch/_compile.py:54: UserWarning: optimizer contains a parameter group with duplicate parameters; in future, this will cause an error; see github.com/pytorch/pytorch/issues/40967 for more information
  return disable_fn(*args, **kwargs)
Joint DKL training: 50 epochs
  Epoch 20/50  loss=1.8193
  Epoch 40/50  loss=1.6783
DKL training done in 0.3s
  → 2NRbRuSF5-1  gap=2.622 eV  best=5.363 eV  top50=0  top10%=0
Cycle   2: GP refit  (11 labelled)
  → 2CsNOsSF5-1  gap=2.525 eV  best=5.363 eV  top50=0  top10%=0
Cycle   3: GP refit  (12 labelled)
  → 2CsNRuSF5-1  gap=2.579 eV  best=5.363 eV  top50=0  top10%=0
Cycle   4: GP refit  (13 labelled)
  → 2CsNORuF5-1  gap=3.138 eV  best=5.363 eV  top50=0  top10%=0
Cycle   5: GP refit  (14 labelled)
  → 2KNRuSF5-1  gap=2.625 eV  best=5.363 eV  top50=0  top10%=0
Cycle   6: full DKL retrain  (15 labelled)
GP warmup: 20 epochs on initial embeddings
Joint DKL training: 50 epochs
  Epoch 20/50  loss=0.1214
  Epoch 40/50  loss=-0.0592
DKL training done in 0.3s
  → 1TeNb3F7-1  gap=1.719 eV  best=5.363 eV  top50=0  top10%=0
Cycle   7: GP refit  (16 labelled)
  → 2CsNOOsF5-1  gap=2.891 eV  best=5.363 eV  top50=0  top10%=0
Cycle   8: GP refit  (17 labelled)
  → 1WMo3O8-1  gap=1.731 eV  best=5.363 eV  top50=0  top10%=0
Cycle   9: GP refit  (18 labelled)
  → 2KNORuF5-1  gap=3.089 eV  best=5.363 eV  top50=0  top10%=0
Cycle  10: GP refit  (19 labelled)
  → 2KNOsSF5-1  gap=2.516 eV  best=5.363 eV  top50=0  top10%=0
Cycle  11: full DKL retrain  (20 labelled)
GP warmup: 20 epochs on initial embeddings
Joint DKL training: 50 epochs
  Epoch 20/50  loss=0.0516
  Epoch 40/50  loss=-0.2357
DKL training done in 0.3s
  → 2KNOOsF5-1  gap=2.833 eV  best=5.363 eV  top50=0  top10%=0
Cycle  12: GP refit  (21 labelled)
  → 2NOOsRbF5-1  gap=2.864 eV  best=5.363 eV  top50=0  top10%=0
Cycle  13: GP refit  (22 labelled)
  → 2CoFO2-1  gap=2.473 eV  best=5.363 eV  top50=0  top10%=0
Cycle  14: GP refit  (23 labelled)
  → 2CoHO2-1  gap=2.596 eV  best=5.363 eV  top50=0  top10%=0
Cycle  15: GP refit  (24 labelled)
  → 2BrCaF-1  gap=6.385 eV  best=6.385 eV  top50=1  top10%=1
Cycle  16: full DKL retrain  (25 labelled)
GP warmup: 20 epochs on initial embeddings
Joint DKL training: 50 epochs
  Epoch 20/50  loss=0.0335
  Epoch 40/50  loss=-0.7101
DKL training done in 0.3s
  → 1BiFS-1  gap=2.255 eV  best=6.385 eV  top50=1  top10%=1
Cycle  17: GP refit  (26 labelled)
  → 2CoCl2Sb2O3-1  gap=3.522 eV  best=6.385 eV  top50=1  top10%=1
Cycle  18: GP refit  (27 labelled)
  → 2KNbF6-1  gap=8.177 eV  best=8.177 eV  top50=2  top10%=2
Cycle  19: GP refit  (28 labelled)
  → 2PdTeO3-2  gap=2.509 eV  best=8.177 eV  top50=2  top10%=2
Cycle  20: GP refit  (29 labelled)
  → 1CrS2-1  gap=1.351 eV  best=8.177 eV  top50=2  top10%=2
Cycle  21: full DKL retrain  (30 labelled)
GP warmup: 20 epochs on initial embeddings
Joint DKL training: 50 epochs
  Epoch 20/50  loss=1.8435
  Epoch 40/50  loss=0.4848
DKL training done in 0.3s
  → 2NORbRuF5-1  gap=3.120 eV  best=8.177 eV  top50=2  top10%=2
Cycle  22: GP refit  (31 labelled)
  → 2AsBiO4-1  gap=4.600 eV  best=8.177 eV  top50=2  top10%=2
Cycle  23: GP refit  (32 labelled)
  → 2BrIrSe-2  gap=2.067 eV  best=8.177 eV  top50=2  top10%=2
Cycle  24: GP refit  (33 labelled)
  → 1BiFSe-1  gap=1.981 eV  best=8.177 eV  top50=2  top10%=2
Cycle  25: GP refit  (34 labelled)
  → 2NOOsRbCl5-1  gap=1.751 eV  best=8.177 eV  top50=2  top10%=2
Cycle  26: full DKL retrain  (35 labelled)
GP warmup: 20 epochs on initial embeddings
Joint DKL training: 50 epochs
  Epoch 20/50  loss=0.2520
  Epoch 40/50  loss=0.0080
DKL training done in 0.3s
  → 2ORh-2  gap=0.062 eV  best=8.177 eV  top50=2  top10%=2
Cycle  27: GP refit  (36 labelled)
  → 2AsTlO3-1  gap=4.438 eV  best=8.177 eV  top50=2  top10%=2
Cycle  28: GP refit  (37 labelled)
  → 1AgGaP2S6-1  gap=2.285 eV  best=8.177 eV  top50=2  top10%=2
Cycle  29: GP refit  (38 labelled)
  → 1AgAlP2S6-1  gap=3.132 eV  best=8.177 eV  top50=2  top10%=2
Cycle  30: GP refit  (39 labelled)
  → 1AgCrP2S6-1  gap=2.012 eV  best=8.177 eV  top50=2  top10%=2
Cycle  31: full DKL retrain  (40 labelled)
GP warmup: 20 epochs on initial embeddings
Joint DKL training: 50 epochs
  Epoch 20/50  loss=0.5517
  Epoch 40/50  loss=0.2931
DKL training done in 0.3s
  → 1CoLiP2Se6-1  gap=2.004 eV  best=8.177 eV  top50=2  top10%=2
Cycle  32: GP refit  (41 labelled)
  → 1CoNaP2Se6-1  gap=1.717 eV  best=8.177 eV  top50=2  top10%=2
Cycle  33: GP refit  (42 labelled)
  → 1BrClV-1  gap=3.751 eV  best=8.177 eV  top50=2  top10%=2
Cycle  34: GP refit  (43 labelled)
  → 1AgScP2S6-1  gap=3.453 eV  best=8.177 eV  top50=2  top10%=2
Cycle  35: GP refit  (44 labelled)
  → 1AgInP2S6-1  gap=2.365 eV  best=8.177 eV  top50=2  top10%=2
Cycle  36: full DKL retrain  (45 labelled)
GP warmup: 20 epochs on initial embeddings
Joint DKL training: 50 epochs
  Epoch 20/50  loss=0.1667
  Epoch 40/50  loss=-0.0500
DKL training done in 0.3s
  → 1CdCl2-3  gap=4.344 eV  best=8.177 eV  top50=2  top10%=2
Cycle  37: GP refit  (46 labelled)
  → 2BrIrS-2  gap=2.065 eV  best=8.177 eV  top50=2  top10%=2
Cycle  38: GP refit  (47 labelled)
  → 2HNaO-1  gap=4.458 eV  best=8.177 eV  top50=2  top10%=2
Cycle  39: GP refit  (48 labelled)
  → 1Cd2Mn3O8-1  gap=3.208 eV  best=8.177 eV  top50=2  top10%=2
Cycle  40: GP refit  (49 labelled)
  → 1PdZnP2Se6-1  gap=0.796 eV  best=8.177 eV  top50=2  top10%=2
Cycle  41: full DKL retrain  (50 labelled)
GP warmup: 20 epochs on initial embeddings
Joint DKL training: 50 epochs
  Epoch 20/50  loss=0.1737
  Epoch 40/50  loss=-0.0335
DKL training done in 0.3s
  → 1NiSSeZr-1  gap=1.881 eV  best=8.177 eV  top50=2  top10%=2
Cycle  42: GP refit  (51 labelled)
  → 1AsB-1  gap=1.188 eV  best=8.177 eV  top50=2  top10%=2
Cycle  43: GP refit  (52 labelled)
  → 1OVCl2-1  gap=3.144 eV  best=8.177 eV  top50=2  top10%=2
Cycle  44: GP refit  (53 labelled)
  → 2ClMnSbS2-2  gap=1.242 eV  best=8.177 eV  top50=2  top10%=2
Cycle  45: GP refit  (54 labelled)
  → 2CoAs2Cl2O3-1  gap=3.906 eV  best=8.177 eV  top50=2  top10%=2
Cycle  46: full DKL retrain  (55 labelled)
GP warmup: 20 epochs on initial embeddings
Joint DKL training: 50 epochs
  Epoch 20/50  loss=0.3593
  Epoch 40/50  loss=0.1140
DKL training done in 0.3s
  → 1SnO2-3  gap=1.956 eV  best=8.177 eV  top50=2  top10%=2
Cycle  47: GP refit  (56 labelled)
  → 1HfZnF6-1  gap=8.573 eV  best=8.573 eV  top50=3  top10%=3
Cycle  48: GP refit  (57 labelled)
  → 2TiO2-1  gap=5.342 eV  best=8.573 eV  top50=3  top10%=4
Cycle  49: GP refit  (58 labelled)
  → 1AuInCl2S2-1  gap=2.584 eV  best=8.573 eV  top50=3  top10%=4
Cycle  50: GP refit  (59 labelled)
  → 1AsBrTe-1  gap=1.839 eV  best=8.573 eV  top50=3  top10%=4
Cycle  51: full DKL retrain  (60 labelled)
GP warmup: 20 epochs on initial embeddings
Joint DKL training: 50 epochs
  Epoch 20/50  loss=0.1684
  Epoch 40/50  loss=-0.0358
DKL training done in 0.3s
  → 1AsBrSe-1  gap=1.839 eV  best=8.573 eV  top50=3  top10%=4
Cycle  52: GP refit  (61 labelled)
  → 1BrISCd2-1  gap=1.715 eV  best=8.573 eV  top50=3  top10%=4
Cycle  53: GP refit  (62 labelled)
  → 1SeNi2S3-1  gap=1.350 eV  best=8.573 eV  top50=3  top10%=4
Cycle  54: GP refit  (63 labelled)
  → 1AlGaSe2-1  gap=2.765 eV  best=8.573 eV  top50=3  top10%=4
Cycle  55: GP refit  (64 labelled)
  → 1CoNaP2S6-1  gap=1.851 eV  best=8.573 eV  top50=3  top10%=4
Cycle  56: full DKL retrain  (65 labelled)
GP warmup: 20 epochs on initial embeddings
Joint DKL training: 50 epochs
  Epoch 20/50  loss=0.1121
  Epoch 40/50  loss=-0.0986
DKL training done in 0.3s
  → 1CoLiP2S6-1  gap=2.395 eV  best=8.573 eV  top50=3  top10%=4
Cycle  57: GP refit  (66 labelled)
  → 1GeO-1  gap=2.811 eV  best=8.573 eV  top50=3  top10%=4
Cycle  58: GP refit  (67 labelled)
  → 2KNORuCl5-1  gap=1.558 eV  best=8.573 eV  top50=3  top10%=4
Cycle  59: GP refit  (68 labelled)
  → 1HfI2-1  gap=1.022 eV  best=8.573 eV  top50=3  top10%=4
Cycle  60: GP refit  (69 labelled)
  → 1ScSe2-2  gap=1.490 eV  best=8.573 eV  top50=3  top10%=4
Cycle  61: full DKL retrain  (70 labelled)
GP warmup: 20 epochs on initial embeddings
Joint DKL training: 50 epochs
  Epoch 20/50  loss=-0.0286
  Epoch 40/50  loss=-0.2627
DKL training done in 0.3s
  → 1AgAlP2Se6-1  gap=2.339 eV  best=8.573 eV  top50=3  top10%=4
Cycle  62: GP refit  (71 labelled)
  → 4PPtS-1  gap=2.654 eV  best=8.573 eV  top50=3  top10%=4
Cycle  63: GP refit  (72 labelled)
  → 1AsClS-2  gap=2.443 eV  best=8.573 eV  top50=3  top10%=4
Cycle  64: GP refit  (73 labelled)
  → 1SCu2O4-1  gap=3.842 eV  best=8.573 eV  top50=3  top10%=4
Cycle  65: GP refit  (74 labelled)
  → 1PdPt3O8-1  gap=2.448 eV  best=8.573 eV  top50=3  top10%=4
Cycle  66: full DKL retrain  (75 labelled)
GP warmup: 20 epochs on initial embeddings
Joint DKL training: 50 epochs
  Epoch 20/50  loss=-0.4317
  Epoch 40/50  loss=-0.6763
DKL training done in 0.3s
  → 1ZnBr2-3  gap=3.449 eV  best=8.573 eV  top50=3  top10%=4
Cycle  67: GP refit  (76 labelled)
  → 2AgAuCl4-1  gap=2.332 eV  best=8.573 eV  top50=3  top10%=4
Cycle  68: GP refit  (77 labelled)
  → 2MoO3-1  gap=3.738 eV  best=8.573 eV  top50=3  top10%=4
Cycle  69: GP refit  (78 labelled)
  → 4NiPSe-1  gap=2.021 eV  best=8.573 eV  top50=3  top10%=4
Cycle  70: GP refit  (79 labelled)
  → 1AsBrTe-2  gap=1.662 eV  best=8.573 eV  top50=3  top10%=4
Cycle  71: full DKL retrain  (80 labelled)
GP warmup: 20 epochs on initial embeddings
Joint DKL training: 50 epochs
  Epoch 20/50  loss=-0.5000
  Epoch 40/50  loss=-0.6979
DKL training done in 0.3s
  → 1HfO2-3  gap=3.726 eV  best=8.573 eV  top50=3  top10%=4
Cycle  72: GP refit  (81 labelled)
  → 4NiPS-1  gap=2.172 eV  best=8.573 eV  top50=3  top10%=4
Cycle  73: GP refit  (82 labelled)
  → 2P2S3-3  gap=3.478 eV  best=8.573 eV  top50=3  top10%=4
Cycle  74: GP refit  (83 labelled)
  → 1SeNb3Br7-1  gap=1.477 eV  best=8.573 eV  top50=3  top10%=4
Cycle  75: GP refit  (84 labelled)
  → 2SSc-4  gap=0.981 eV  best=8.573 eV  top50=3  top10%=4
Cycle  76: full DKL retrain  (85 labelled)
GP warmup: 20 epochs on initial embeddings
Joint DKL training: 50 epochs
  Epoch 20/50  loss=-0.2574
  Epoch 40/50  loss=-0.5061
DKL training done in 0.3s
  → 1TeTa3Br7-1  gap=1.397 eV  best=8.573 eV  top50=3  top10%=4
Cycle  77: GP refit  (86 labelled)
  → 1OVBr2-1  gap=3.019 eV  best=8.573 eV  top50=3  top10%=4
Cycle  78: GP refit  (87 labelled)
  → 1BrClI2O2V2-1  gap=2.590 eV  best=8.573 eV  top50=3  top10%=4
Cycle  79: GP refit  (88 labelled)
  → 1Mg3O5-1  gap=2.328 eV  best=8.573 eV  top50=3  top10%=4
Cycle  80: GP refit  (89 labelled)
  → 2HKS-2  gap=4.369 eV  best=8.573 eV  top50=3  top10%=4
Cycle  81: full DKL retrain  (90 labelled)
GP warmup: 20 epochs on initial embeddings
Joint DKL training: 50 epochs
  Epoch 20/50  loss=-0.3592
  Epoch 40/50  loss=-0.5327
DKL training done in 0.3s
  → 2P2S3-1  gap=3.272 eV  best=8.573 eV  top50=3  top10%=4
Cycle  82: GP refit  (91 labelled)
  → 2SeZr-4  gap=0.355 eV  best=8.573 eV  top50=3  top10%=4
Cycle  83: GP refit  (92 labelled)
  → 2HKO-1  gap=4.501 eV  best=8.573 eV  top50=3  top10%=4
Cycle  84: GP refit  (93 labelled)
  → 2V2O5-3  gap=3.877 eV  best=8.573 eV  top50=3  top10%=4
Cycle  85: GP refit  (94 labelled)
  → 1OVF2-1  gap=3.311 eV  best=8.573 eV  top50=3  top10%=4
Cycle  86: full DKL retrain  (95 labelled)
GP warmup: 20 epochs on initial embeddings
Joint DKL training: 50 epochs
  Epoch 20/50  loss=-0.1607
  Epoch 40/50  loss=-0.3766
DKL training done in 0.4s
  → 1CrMo3O8-1  gap=1.351 eV  best=8.573 eV  top50=3  top10%=4
Cycle  87: GP refit  (96 labelled)
  → 1OBi2S2-1  gap=1.179 eV  best=8.573 eV  top50=3  top10%=4
Cycle  88: GP refit  (97 labelled)
  → 1SeTa3F7-1  gap=1.735 eV  best=8.573 eV  top50=3  top10%=4
Cycle  89: GP refit  (98 labelled)
  → 2CoI2Sb2O3-1  gap=3.324 eV  best=8.573 eV  top50=3  top10%=4
Cycle  90: GP refit  (99 labelled)
  → 1BrClNi-1  gap=3.508 eV  best=8.573 eV  top50=3  top10%=4
Cycle  91: full DKL retrain  (100 labelled)
GP warmup: 20 epochs on initial embeddings
Joint DKL training: 50 epochs
  Epoch 20/50  loss=-0.0797
  Epoch 40/50  loss=-0.2514
DKL training done in 0.3s
  → 1IO2V2Br3-1  gap=1.857 eV  best=8.573 eV  top50=3  top10%=4
Cycle  92: GP refit  (101 labelled)
  → 2GaTe-1  gap=1.862 eV  best=8.573 eV  top50=3  top10%=4
Cycle  93: GP refit  (102 labelled)
  → 1CdGeSSeBr2-1  gap=1.544 eV  best=8.573 eV  top50=3  top10%=4
Cycle  94: GP refit  (103 labelled)
  → 2CoAs2I2O3-1  gap=3.183 eV  best=8.573 eV  top50=3  top10%=4
Cycle  95: GP refit  (104 labelled)
  → 1ClSbSe-1  gap=1.804 eV  best=8.573 eV  top50=3  top10%=4
Cycle  96: full DKL retrain  (105 labelled)
GP warmup: 20 epochs on initial embeddings
Joint DKL training: 50 epochs
  Epoch 20/50  loss=-0.2203
  Epoch 40/50  loss=-0.4020
DKL training done in 0.3s
  → 2BrIrTe-2  gap=1.869 eV  best=8.573 eV  top50=3  top10%=4
Cycle  97: GP refit  (106 labelled)
  → 1GeBr2-2  gap=3.333 eV  best=8.573 eV  top50=3  top10%=4
Cycle  98: GP refit  (107 labelled)
  → 2ClIrTe-2  gap=2.050 eV  best=8.573 eV  top50=3  top10%=4
Cycle  99: GP refit  (108 labelled)
  → 2CsNOsSCl5-1  gap=1.544 eV  best=8.573 eV  top50=3  top10%=4
Cycle 100: GP refit  (109 labelled)
  → 2FIrSe-1  gap=2.172 eV  best=8.573 eV  top50=3  top10%=4
  dkl_finetune/seed24 → best_inwin=2.891 top10=0 top50=8
BOLoop: 766 materials  |  direction=max  |  top-50 internal threshold=5.35  top-10% internal threshold=4.94
Init: 10 random labels  |  best (max) = 3.985
Cycle   1: full DKL retrain  (10 labelled)
GP warmup: 20 epochs on initial embeddings
/home/roy/Desktop/DKL-BO/venv/lib/python3.13/site-packages/torch/_compile.py:54: UserWarning: optimizer contains a parameter group with duplicate parameters; in future, this will cause an error; see github.com/pytorch/pytorch/issues/40967 for more information
  return disable_fn(*args, **kwargs)
Joint DKL training: 50 epochs
  Epoch 20/50  loss=1.2719
  Epoch 40/50  loss=1.1547
DKL training done in 0.3s
  → 2PdSO3-1  gap=2.851 eV  best=3.985 eV  top50=0  top10%=0
Cycle   2: GP refit  (11 labelled)
  → 2CdFSbO2-1  gap=3.513 eV  best=3.985 eV  top50=0  top10%=0
Cycle   3: GP refit  (12 labelled)
  → 2PtSO3-1  gap=2.976 eV  best=3.985 eV  top50=0  top10%=0
Cycle   4: GP refit  (13 labelled)
  → 2V2O5-3  gap=3.877 eV  best=3.985 eV  top50=0  top10%=0
Cycle   5: GP refit  (14 labelled)
  → 2GaHSeO4-1  gap=5.796 eV  best=5.796 eV  top50=1  top10%=1
Cycle   6: full DKL retrain  (15 labelled)
GP warmup: 20 epochs on initial embeddings
Joint DKL training: 50 epochs
  Epoch 20/50  loss=0.5619
  Epoch 40/50  loss=0.2798
DKL training done in 0.3s
  → 2KNORuF5-1  gap=3.089 eV  best=5.796 eV  top50=1  top10%=1
Cycle   7: GP refit  (16 labelled)
  → 2CoAs2Cl2O3-1  gap=3.906 eV  best=5.796 eV  top50=1  top10%=1
Cycle   8: GP refit  (17 labelled)
  → 2IRhS-2  gap=1.665 eV  best=5.796 eV  top50=1  top10%=1
Cycle   9: GP refit  (18 labelled)
  → 2PdTeO3-2  gap=2.509 eV  best=5.796 eV  top50=1  top10%=1
Cycle  10: GP refit  (19 labelled)
  → 1ONb3Cl7-1  gap=1.594 eV  best=5.796 eV  top50=1  top10%=1
Cycle  11: full DKL retrain  (20 labelled)
GP warmup: 20 epochs on initial embeddings
Joint DKL training: 50 epochs
  Epoch 20/50  loss=0.6479
  Epoch 40/50  loss=0.3867
DKL training done in 0.3s
  → 1AsBrSe-1  gap=1.839 eV  best=5.796 eV  top50=1  top10%=1
Cycle  12: GP refit  (21 labelled)
  → 2BrNbO2-1  gap=3.469 eV  best=5.796 eV  top50=1  top10%=1
Cycle  13: GP refit  (22 labelled)
  → 2CsNORuF5-1  gap=3.138 eV  best=5.796 eV  top50=1  top10%=1
Cycle  14: GP refit  (23 labelled)
  → 1AsClSe-1  gap=2.060 eV  best=5.796 eV  top50=1  top10%=1
Cycle  15: GP refit  (24 labelled)
  → 2CoBr2Sb2O3-1  gap=3.435 eV  best=5.796 eV  top50=1  top10%=1
Cycle  16: full DKL retrain  (25 labelled)
GP warmup: 20 epochs on initial embeddings
Joint DKL training: 50 epochs
  Epoch 20/50  loss=0.1448
  Epoch 40/50  loss=-0.0321
DKL training done in 0.3s
  → 2ORh-2  gap=0.062 eV  best=5.796 eV  top50=1  top10%=1
Cycle  17: GP refit  (26 labelled)
  → 2CsNOOsF5-1  gap=2.891 eV  best=5.796 eV  top50=1  top10%=1
Cycle  18: GP refit  (27 labelled)
  → 2NOOsRbF5-1  gap=2.864 eV  best=5.796 eV  top50=1  top10%=1
Cycle  19: GP refit  (28 labelled)
  → 2CsNRuSF5-1  gap=2.579 eV  best=5.796 eV  top50=1  top10%=1
Cycle  20: GP refit  (29 labelled)
  → 1BrGa2Cl5-1  gap=4.579 eV  best=5.796 eV  top50=1  top10%=1
Cycle  21: full DKL retrain  (30 labelled)
GP warmup: 20 epochs on initial embeddings
Joint DKL training: 50 epochs
  Epoch 20/50  loss=0.2327
  Epoch 40/50  loss=-0.0162
DKL training done in 0.3s
  → 2NbOCl2-1  gap=1.951 eV  best=5.796 eV  top50=1  top10%=1
Cycle  22: GP refit  (31 labelled)
  → 1OVI2-1  gap=1.849 eV  best=5.796 eV  top50=1  top10%=1
Cycle  23: GP refit  (32 labelled)
  → 2CaFI-1  gap=5.209 eV  best=5.796 eV  top50=1  top10%=2
Cycle  24: GP refit  (33 labelled)
  → 2PtSeO3-1  gap=2.732 eV  best=5.796 eV  top50=1  top10%=2
Cycle  25: GP refit  (34 labelled)
  → 2BrFSr-1  gap=6.270 eV  best=6.270 eV  top50=2  top10%=3
Cycle  26: full DKL retrain  (35 labelled)
GP warmup: 20 epochs on initial embeddings
Joint DKL training: 50 epochs
  Epoch 20/50  loss=1.0270
  Epoch 40/50  loss=0.1344
DKL training done in 0.3s
  → 2KNOOsF5-1  gap=2.833 eV  best=6.270 eV  top50=2  top10%=3
Cycle  27: GP refit  (36 labelled)
  → 2AuO-1  gap=0.865 eV  best=6.270 eV  top50=2  top10%=3
Cycle  28: GP refit  (37 labelled)
  → 1IO2V2Br3-1  gap=1.857 eV  best=6.270 eV  top50=2  top10%=3
Cycle  29: GP refit  (38 labelled)
  → 2ClNbO2-1  gap=4.453 eV  best=6.270 eV  top50=2  top10%=3
Cycle  30: GP refit  (39 labelled)
  → 2INbO2-1  gap=2.295 eV  best=6.270 eV  top50=2  top10%=3
Cycle  31: full DKL retrain  (40 labelled)
GP warmup: 20 epochs on initial embeddings
Joint DKL training: 50 epochs
  Epoch 20/50  loss=0.2537
  Epoch 40/50  loss=0.0653
DKL training done in 0.3s
  → 4OSn-1  gap=3.719 eV  best=6.270 eV  top50=2  top10%=3
Cycle  32: GP refit  (41 labelled)
  → 4OSb2Se2-1  gap=2.083 eV  best=6.270 eV  top50=2  top10%=3
Cycle  33: GP refit  (42 labelled)
  → 2TiBr2-1  gap=0.817 eV  best=6.270 eV  top50=2  top10%=3
Cycle  34: GP refit  (43 labelled)
  → 1ScBr2-1  gap=0.757 eV  best=6.270 eV  top50=2  top10%=3
Cycle  35: GP refit  (44 labelled)
  → 2CKOOsF5-1  gap=1.831 eV  best=6.270 eV  top50=2  top10%=3
Cycle  36: full DKL retrain  (45 labelled)
GP warmup: 20 epochs on initial embeddings
Joint DKL training: 50 epochs
  Epoch 20/50  loss=0.4101
  Epoch 40/50  loss=-0.0215
DKL training done in 0.3s
  → 1OVF2-1  gap=3.311 eV  best=6.270 eV  top50=2  top10%=3
Cycle  37: GP refit  (46 labelled)
  → 1PdPt3O8-1  gap=2.448 eV  best=6.270 eV  top50=2  top10%=3
Cycle  38: GP refit  (47 labelled)
  → 2CoI2Sb2O3-1  gap=3.324 eV  best=6.270 eV  top50=2  top10%=3
Cycle  39: GP refit  (48 labelled)
  → 4LiPS2-1  gap=2.290 eV  best=6.270 eV  top50=2  top10%=3
Cycle  40: GP refit  (49 labelled)
  → 1HfCl2-1  gap=1.471 eV  best=6.270 eV  top50=2  top10%=3
Cycle  41: full DKL retrain  (50 labelled)
GP warmup: 20 epochs on initial embeddings
Joint DKL training: 50 epochs
  Epoch 20/50  loss=0.2070
  Epoch 40/50  loss=-0.1826
DKL training done in 0.3s
  → 2KTaF6-1  gap=8.681 eV  best=8.681 eV  top50=3  top10%=4
Cycle  42: GP refit  (51 labelled)
  → 1NiZrCl6-1  gap=4.484 eV  best=8.681 eV  top50=3  top10%=4
Cycle  43: GP refit  (52 labelled)
  → 4NaSbS2-2  gap=2.102 eV  best=8.681 eV  top50=3  top10%=4
Cycle  44: GP refit  (53 labelled)
  → 1OVCl2-1  gap=3.144 eV  best=8.681 eV  top50=3  top10%=4
Cycle  45: GP refit  (54 labelled)
  → 2KNOsSF5-1  gap=2.516 eV  best=8.681 eV  top50=3  top10%=4
Cycle  46: full DKL retrain  (55 labelled)
GP warmup: 20 epochs on initial embeddings
Joint DKL training: 50 epochs
  Epoch 20/50  loss=0.7059
  Epoch 40/50  loss=0.1106
DKL training done in 0.3s
  → 1ZnCl2-3  gap=4.718 eV  best=8.681 eV  top50=3  top10%=4
Cycle  47: GP refit  (56 labelled)
  → 2TiCl2-1  gap=0.997 eV  best=8.681 eV  top50=3  top10%=4
Cycle  48: GP refit  (57 labelled)
  → 1FeHfCl6-1  gap=3.810 eV  best=8.681 eV  top50=3  top10%=4
Cycle  49: GP refit  (58 labelled)
  → 2KNRuSF5-1  gap=2.625 eV  best=8.681 eV  top50=3  top10%=4
Cycle  50: GP refit  (59 labelled)
  → 2NRbRuSF5-1  gap=2.622 eV  best=8.681 eV  top50=3  top10%=4
Cycle  51: full DKL retrain  (60 labelled)
GP warmup: 20 epochs on initial embeddings
Joint DKL training: 50 epochs
  Epoch 20/50  loss=0.2448
  Epoch 40/50  loss=0.0615
DKL training done in 0.3s
  → 1SeTa3Br7-1  gap=1.452 eV  best=8.681 eV  top50=3  top10%=4
Cycle  52: GP refit  (61 labelled)
  → 1PdZrCl6-1  gap=2.434 eV  best=8.681 eV  top50=3  top10%=4
Cycle  53: GP refit  (62 labelled)
  → 2BiCdClO2-1  gap=4.073 eV  best=8.681 eV  top50=3  top10%=4
Cycle  54: GP refit  (63 labelled)
  → 1CaBr2-2  gap=5.515 eV  best=8.681 eV  top50=4  top10%=5
Cycle  55: GP refit  (64 labelled)
  → 1GeCl2-2  gap=3.875 eV  best=8.681 eV  top50=4  top10%=5
Cycle  56: full DKL retrain  (65 labelled)
GP warmup: 20 epochs on initial embeddings
Joint DKL training: 50 epochs
  Epoch 20/50  loss=0.0805
  Epoch 40/50  loss=-0.1289
DKL training done in 0.3s
  → 1ZrCl2-1  gap=1.500 eV  best=8.681 eV  top50=4  top10%=5
Cycle  57: GP refit  (66 labelled)
  → 2BrCaH-1  gap=5.531 eV  best=8.681 eV  top50=5  top10%=6
Cycle  58: GP refit  (67 labelled)
  → 2BiCdFO2-1  gap=4.057 eV  best=8.681 eV  top50=5  top10%=6
Cycle  59: GP refit  (68 labelled)
  → 1HgCl2-3  gap=3.201 eV  best=8.681 eV  top50=5  top10%=6
Cycle  60: GP refit  (69 labelled)
  → 1SeTa3Cl7-1  gap=1.582 eV  best=8.681 eV  top50=5  top10%=6
Cycle  61: full DKL retrain  (70 labelled)
GP warmup: 20 epochs on initial embeddings
Joint DKL training: 50 epochs
  Epoch 20/50  loss=-0.0113
  Epoch 40/50  loss=-0.2151
DKL training done in 0.3s
  → 1SCu2O4-1  gap=3.842 eV  best=8.681 eV  top50=5  top10%=6
Cycle  62: GP refit  (71 labelled)
  → 1ZnBr2-3  gap=3.449 eV  best=8.681 eV  top50=5  top10%=6
Cycle  63: GP refit  (72 labelled)
  → 2NORbRuCl5-1  gap=1.645 eV  best=8.681 eV  top50=5  top10%=6
Cycle  64: GP refit  (73 labelled)
  → 2HKO-1  gap=4.501 eV  best=8.681 eV  top50=5  top10%=6
Cycle  65: GP refit  (74 labelled)
  → 2KNORuCl5-1  gap=1.558 eV  best=8.681 eV  top50=5  top10%=6
Cycle  66: full DKL retrain  (75 labelled)
GP warmup: 20 epochs on initial embeddings
Joint DKL training: 50 epochs
  Epoch 20/50  loss=0.3007
  Epoch 40/50  loss=-0.0521
DKL training done in 0.3s
  → 1FeHfBr6-1  gap=3.395 eV  best=8.681 eV  top50=5  top10%=6
Cycle  67: GP refit  (76 labelled)
  → 2CCsO3-2  gap=2.628 eV  best=8.681 eV  top50=5  top10%=6
Cycle  68: GP refit  (77 labelled)
  → 2HLiS-1  gap=5.028 eV  best=8.681 eV  top50=5  top10%=7
Cycle  69: GP refit  (78 labelled)
  → 2TlCl2-1  gap=2.820 eV  best=8.681 eV  top50=5  top10%=7
Cycle  70: GP refit  (79 labelled)
  → 1BiFTe-1  gap=1.179 eV  best=8.681 eV  top50=5  top10%=7
Cycle  71: full DKL retrain  (80 labelled)
GP warmup: 20 epochs on initial embeddings
Joint DKL training: 50 epochs
  Epoch 20/50  loss=0.1352
  Epoch 40/50  loss=-0.0868
DKL training done in 0.3s
  → 2P2S3-3  gap=3.478 eV  best=8.681 eV  top50=5  top10%=7
Cycle  72: GP refit  (81 labelled)
  → 1HgBr2-4  gap=2.459 eV  best=8.681 eV  top50=5  top10%=7
Cycle  73: GP refit  (82 labelled)
  → 1PbBr2-2  gap=3.248 eV  best=8.681 eV  top50=5  top10%=7
Cycle  74: GP refit  (83 labelled)
  → 2P2S3-1  gap=3.272 eV  best=8.681 eV  top50=5  top10%=7
Cycle  75: GP refit  (84 labelled)
  → 2HLi3S5-1  gap=3.300 eV  best=8.681 eV  top50=5  top10%=7
Cycle  76: full DKL retrain  (85 labelled)
GP warmup: 20 epochs on initial embeddings
Joint DKL training: 50 epochs
  Epoch 20/50  loss=-0.2455
  Epoch 40/50  loss=-0.4435
DKL training done in 0.3s
  → 2BrClCr-1  gap=2.869 eV  best=8.681 eV  top50=5  top10%=7
Cycle  77: GP refit  (86 labelled)
  → 2ClCu-4  gap=3.657 eV  best=8.681 eV  top50=5  top10%=7
Cycle  78: GP refit  (87 labelled)
  → 2AgO-1  gap=1.126 eV  best=8.681 eV  top50=5  top10%=7
Cycle  79: GP refit  (88 labelled)
  → 2As2S3-4  gap=3.247 eV  best=8.681 eV  top50=5  top10%=7
Cycle  80: GP refit  (89 labelled)
  → 1HfPdCl6-1  gap=2.459 eV  best=8.681 eV  top50=5  top10%=7
Cycle  81: full DKL retrain  (90 labelled)
GP warmup: 20 epochs on initial embeddings
Joint DKL training: 50 epochs
  Epoch 20/50  loss=-0.3493
  Epoch 40/50  loss=-0.5445
DKL training done in 0.3s
  → 2CKO3-1  gap=2.692 eV  best=8.681 eV  top50=5  top10%=7
Cycle  82: GP refit  (91 labelled)
  → 4HgSe-1  gap=0.937 eV  best=8.681 eV  top50=5  top10%=7
Cycle  83: GP refit  (92 labelled)
  → 1SnBr2-2  gap=3.220 eV  best=8.681 eV  top50=5  top10%=7
Cycle  84: GP refit  (93 labelled)
  → 1MgBr2-3  gap=4.662 eV  best=8.681 eV  top50=5  top10%=7
Cycle  85: GP refit  (94 labelled)
  → 2BaBi2S4-1  gap=2.313 eV  best=8.681 eV  top50=5  top10%=7
Cycle  86: full DKL retrain  (95 labelled)
GP warmup: 20 epochs on initial embeddings
Joint DKL training: 50 epochs
  Epoch 20/50  loss=-0.3760
  Epoch 40/50  loss=-0.6123
DKL training done in 0.4s
  → 2OPb-1  gap=3.463 eV  best=8.681 eV  top50=5  top10%=7
Cycle  87: GP refit  (96 labelled)
  → 4OPb-1  gap=3.731 eV  best=8.681 eV  top50=5  top10%=7
Cycle  88: GP refit  (97 labelled)
  → 1OPb-1  gap=2.638 eV  best=8.681 eV  top50=5  top10%=7
Cycle  89: GP refit  (98 labelled)
  → 4AuF2-1  gap=1.286 eV  best=8.681 eV  top50=5  top10%=7
Cycle  90: GP refit  (99 labelled)
  → 1OTa3Cl7-1  gap=1.569 eV  best=8.681 eV  top50=5  top10%=7
Cycle  91: full DKL retrain  (100 labelled)
GP warmup: 20 epochs on initial embeddings
Joint DKL training: 50 epochs
  Epoch 20/50  loss=-0.3268
  Epoch 40/50  loss=-0.5030
DKL training done in 0.3s
  → 1AsClS-2  gap=2.443 eV  best=8.681 eV  top50=5  top10%=7
Cycle  92: GP refit  (101 labelled)
  → 2CoBi2I2O3-1  gap=2.811 eV  best=8.681 eV  top50=5  top10%=7
Cycle  93: GP refit  (102 labelled)
  → 2HTeLi3S4-1  gap=2.992 eV  best=8.681 eV  top50=5  top10%=7
Cycle  94: GP refit  (103 labelled)
  → 1OSn-1  gap=2.218 eV  best=8.681 eV  top50=5  top10%=7
Cycle  95: GP refit  (104 labelled)
  → 1CaI2-2  gap=4.063 eV  best=8.681 eV  top50=5  top10%=7
Cycle  96: full DKL retrain  (105 labelled)
GP warmup: 20 epochs on initial embeddings
Joint DKL training: 50 epochs
  Epoch 20/50  loss=-0.4130
  Epoch 40/50  loss=-0.6868
DKL training done in 0.3s
  → 1AuInF4-1  gap=2.106 eV  best=8.681 eV  top50=5  top10%=7
Cycle  97: GP refit  (106 labelled)
  → 1ISSb-1  gap=1.782 eV  best=8.681 eV  top50=5  top10%=7
Cycle  98: GP refit  (107 labelled)
  → 1PbI2-2  gap=2.404 eV  best=8.681 eV  top50=5  top10%=7
Cycle  99: GP refit  (108 labelled)
  → 2TiO2-1  gap=5.342 eV  best=8.681 eV  top50=5  top10%=8
Cycle 100: GP refit  (109 labelled)
  → 1NiZrI6-1  gap=2.561 eV  best=8.681 eV  top50=5  top10%=8
  dkl_finetune/seed25 → best_inwin=2.992 top10=2 top50=15
BOLoop: 766 materials  |  direction=max  |  top-50 internal threshold=5.35  top-10% internal threshold=4.94
Init: 10 random labels  |  best (max) = 4.453
Cycle   1: full DKL retrain  (10 labelled)
GP warmup: 20 epochs on initial embeddings
/home/roy/Desktop/DKL-BO/venv/lib/python3.13/site-packages/torch/_compile.py:54: UserWarning: optimizer contains a parameter group with duplicate parameters; in future, this will cause an error; see github.com/pytorch/pytorch/issues/40967 for more information
  return disable_fn(*args, **kwargs)
Joint DKL training: 50 epochs
  Epoch 20/50  loss=1.5965
  Epoch 40/50  loss=1.4634
DKL training done in 0.3s
  → 4OBi2Se2-1  gap=1.736 eV  best=4.453 eV  top50=0  top10%=0
Cycle   2: GP refit  (11 labelled)
  → 2CoI2Sb2O3-1  gap=3.324 eV  best=4.453 eV  top50=0  top10%=0
Cycle   3: GP refit  (12 labelled)
  → 2NbOI2-1  gap=1.845 eV  best=4.453 eV  top50=0  top10%=0
Cycle   4: GP refit  (13 labelled)
  → 2BiIn-1  gap=0.138 eV  best=4.453 eV  top50=0  top10%=0
Cycle   5: GP refit  (14 labelled)
  → 1OVCl2-1  gap=3.144 eV  best=4.453 eV  top50=0  top10%=0
Cycle   6: full DKL retrain  (15 labelled)
GP warmup: 20 epochs on initial embeddings
Joint DKL training: 50 epochs
  Epoch 20/50  loss=0.7236
  Epoch 40/50  loss=0.5345
DKL training done in 0.3s
  → 2BiBrHgO2-1  gap=3.519 eV  best=4.453 eV  top50=0  top10%=0
Cycle   7: GP refit  (16 labelled)
  → 1SeNb3Cl7-1  gap=1.601 eV  best=4.453 eV  top50=0  top10%=0
Cycle   8: GP refit  (17 labelled)
  → 2BaClF-1  gap=6.969 eV  best=6.969 eV  top50=1  top10%=1
Cycle   9: GP refit  (18 labelled)
  → 1SNb3Cl7-1  gap=1.654 eV  best=6.969 eV  top50=1  top10%=1
Cycle  10: GP refit  (19 labelled)
  → 1AlISe-1  gap=2.186 eV  best=6.969 eV  top50=1  top10%=1
Cycle  11: full DKL retrain  (20 labelled)
GP warmup: 20 epochs on initial embeddings
Joint DKL training: 50 epochs
  Epoch 20/50  loss=0.9349
  Epoch 40/50  loss=0.3859
DKL training done in 0.3s
  → 2HISr-1  gap=4.888 eV  best=6.969 eV  top50=1  top10%=1
Cycle  12: GP refit  (21 labelled)
  → 1BrClI2O2V2-1  gap=2.590 eV  best=6.969 eV  top50=1  top10%=1
Cycle  13: GP refit  (22 labelled)
  → 1ClITi-1  gap=1.187 eV  best=6.969 eV  top50=1  top10%=1
Cycle  14: GP refit  (23 labelled)
  → 2NbOCl2-1  gap=1.951 eV  best=6.969 eV  top50=1  top10%=1
Cycle  15: GP refit  (24 labelled)
  → 4PPdS-1  gap=2.090 eV  best=6.969 eV  top50=1  top10%=1
Cycle  16: full DKL retrain  (25 labelled)
GP warmup: 20 epochs on initial embeddings
Joint DKL training: 50 epochs
  Epoch 20/50  loss=0.5784
  Epoch 40/50  loss=0.0866
DKL training done in 0.3s
  → 1BiFS-1  gap=2.255 eV  best=6.969 eV  top50=1  top10%=1
Cycle  17: GP refit  (26 labelled)
  → 1ZnBr2-3  gap=3.449 eV  best=6.969 eV  top50=1  top10%=1
Cycle  18: GP refit  (27 labelled)
  → 1ONb3Br7-1  gap=1.441 eV  best=6.969 eV  top50=1  top10%=1
Cycle  19: GP refit  (28 labelled)
  → 1Ta3Br8-1  gap=0.821 eV  best=6.969 eV  top50=1  top10%=1
Cycle  20: GP refit  (29 labelled)
  → 1OVI2-1  gap=1.849 eV  best=6.969 eV  top50=1  top10%=1
Cycle  21: full DKL retrain  (30 labelled)
GP warmup: 20 epochs on initial embeddings
Joint DKL training: 50 epochs
  Epoch 20/50  loss=0.3932
  Epoch 40/50  loss=0.1551
DKL training done in 0.3s
  → 1OScHf3N3Br4-1  gap=4.148 eV  best=6.969 eV  top50=1  top10%=1
Cycle  22: GP refit  (31 labelled)
  → 1OVBr2-1  gap=3.019 eV  best=6.969 eV  top50=1  top10%=1
Cycle  23: GP refit  (32 labelled)
  → 1IO2V2Br3-1  gap=1.857 eV  best=6.969 eV  top50=1  top10%=1
Cycle  24: GP refit  (33 labelled)
  → 4AsPdS-1  gap=1.501 eV  best=6.969 eV  top50=1  top10%=1
Cycle  25: GP refit  (34 labelled)
  → 4PPdSe-1  gap=1.963 eV  best=6.969 eV  top50=1  top10%=1
Cycle  26: full DKL retrain  (35 labelled)
GP warmup: 20 epochs on initial embeddings
Joint DKL training: 50 epochs
  Epoch 20/50  loss=0.4103
  Epoch 40/50  loss=0.2888
DKL training done in 0.3s
  → 1ClO2V2Br3-1  gap=1.976 eV  best=6.969 eV  top50=1  top10%=1
Cycle  27: GP refit  (36 labelled)
  → 4OSb2Se2-1  gap=2.083 eV  best=6.969 eV  top50=1  top10%=1
Cycle  28: GP refit  (37 labelled)
  → 1AsB-1  gap=1.188 eV  best=6.969 eV  top50=1  top10%=1
Cycle  29: GP refit  (38 labelled)
  → 1ZnI2-3  gap=1.644 eV  best=6.969 eV  top50=1  top10%=1
Cycle  30: GP refit  (39 labelled)
  → 2ClISr-1  gap=4.940 eV  best=6.969 eV  top50=1  top10%=2
Cycle  31: full DKL retrain  (40 labelled)
GP warmup: 20 epochs on initial embeddings
Joint DKL training: 50 epochs
  Epoch 20/50  loss=0.5260
  Epoch 40/50  loss=0.4124
DKL training done in 0.3s
  → 2FRhTe-1  gap=2.115 eV  best=6.969 eV  top50=1  top10%=2
Cycle  32: GP refit  (41 labelled)
  → 2CaHI-1  gap=4.709 eV  best=6.969 eV  top50=1  top10%=2
Cycle  33: GP refit  (42 labelled)
  → 1CoLiP2S6-1  gap=2.395 eV  best=6.969 eV  top50=1  top10%=2
Cycle  34: GP refit  (43 labelled)
  → 1CoNaP2S6-1  gap=1.851 eV  best=6.969 eV  top50=1  top10%=2
Cycle  35: GP refit  (44 labelled)
  → 1ClIMg-1  gap=3.815 eV  best=6.969 eV  top50=1  top10%=2
Cycle  36: full DKL retrain  (45 labelled)
GP warmup: 20 epochs on initial embeddings
Joint DKL training: 50 epochs
  Epoch 20/50  loss=0.4797
  Epoch 40/50  loss=0.3662
DKL training done in 0.3s
  → 2FRhSe-1  gap=2.223 eV  best=6.969 eV  top50=1  top10%=2
Cycle  37: GP refit  (46 labelled)
  → 1CrHS2-1  gap=2.800 eV  best=6.969 eV  top50=1  top10%=2
Cycle  38: GP refit  (47 labelled)
  → 1AlGaSe2-1  gap=2.765 eV  best=6.969 eV  top50=1  top10%=2
Cycle  39: GP refit  (48 labelled)
  → 1FeCl2-3  gap=0.071 eV  best=6.969 eV  top50=1  top10%=2
Cycle  40: GP refit  (49 labelled)
  → 2AlS-1  gap=2.881 eV  best=6.969 eV  top50=1  top10%=2
Cycle  41: full DKL retrain  (50 labelled)
GP warmup: 20 epochs on initial embeddings
Joint DKL training: 50 epochs
  Epoch 20/50  loss=0.2738
  Epoch 40/50  loss=0.1270
DKL training done in 0.3s
  → 1ISY-1  gap=3.985 eV  best=6.969 eV  top50=1  top10%=2
Cycle  42: GP refit  (51 labelled)
  → 1CoITe-1  gap=0.971 eV  best=6.969 eV  top50=1  top10%=2
Cycle  43: GP refit  (52 labelled)
  → 1MgI2-3  gap=3.448 eV  best=6.969 eV  top50=1  top10%=2
Cycle  44: GP refit  (53 labelled)
  → 1AgScP2Se6-1  gap=2.775 eV  best=6.969 eV  top50=1  top10%=2
Cycle  45: GP refit  (54 labelled)
  → 1ZrSe2-2  gap=1.684 eV  best=6.969 eV  top50=1  top10%=2
Cycle  46: full DKL retrain  (55 labelled)
GP warmup: 20 epochs on initial embeddings
Joint DKL training: 50 epochs
  Epoch 20/50  loss=0.3590
  Epoch 40/50  loss=0.1983
DKL training done in 0.3s
  → 1AgScP2S6-1  gap=3.453 eV  best=6.969 eV  top50=1  top10%=2
Cycle  47: GP refit  (56 labelled)
  → 2P2S3-1  gap=3.272 eV  best=6.969 eV  top50=1  top10%=2
Cycle  48: GP refit  (57 labelled)
  → 1AgInP2Se6-1  gap=1.707 eV  best=6.969 eV  top50=1  top10%=2
Cycle  49: GP refit  (58 labelled)
  → 1WCu2S4-1  gap=2.994 eV  best=6.969 eV  top50=1  top10%=2
Cycle  50: GP refit  (59 labelled)
  → 1GeSe-1  gap=2.915 eV  best=6.969 eV  top50=1  top10%=2
Cycle  51: full DKL retrain  (60 labelled)
GP warmup: 20 epochs on initial embeddings
Joint DKL training: 50 epochs
  Epoch 20/50  loss=0.0135
  Epoch 40/50  loss=-0.1604
DKL training done in 0.3s
  → 1MoS2-1  gap=2.087 eV  best=6.969 eV  top50=1  top10%=2
Cycle  52: GP refit  (61 labelled)
  → 2FNaO-1  gap=5.377 eV  best=6.969 eV  top50=2  top10%=3
Cycle  53: GP refit  (62 labelled)
  → 1BrISCd2-1  gap=1.715 eV  best=6.969 eV  top50=2  top10%=3
Cycle  54: GP refit  (63 labelled)
  → 1HgI2-4  gap=1.370 eV  best=6.969 eV  top50=2  top10%=3
Cycle  55: GP refit  (64 labelled)
  → 1WAu2S4-1  gap=1.827 eV  best=6.969 eV  top50=2  top10%=3
Cycle  56: full DKL retrain  (65 labelled)
GP warmup: 20 epochs on initial embeddings
Joint DKL training: 50 epochs
  Epoch 20/50  loss=0.2565
  Epoch 40/50  loss=0.1010
DKL training done in 0.3s
  → 2P2S3-3  gap=3.478 eV  best=6.969 eV  top50=2  top10%=3
Cycle  57: GP refit  (66 labelled)
  → 2FIrS-2  gap=2.104 eV  best=6.969 eV  top50=2  top10%=3
Cycle  58: GP refit  (67 labelled)
  → 1NiZrCl6-1  gap=4.484 eV  best=6.969 eV  top50=2  top10%=3
Cycle  59: GP refit  (68 labelled)
  → 1BP-1  gap=1.362 eV  best=6.969 eV  top50=2  top10%=3
Cycle  60: GP refit  (69 labelled)
  → 1AlCdInS4-1  gap=1.877 eV  best=6.969 eV  top50=2  top10%=3
Cycle  61: full DKL retrain  (70 labelled)
GP warmup: 20 epochs on initial embeddings
Joint DKL training: 50 epochs
  Epoch 20/50  loss=0.1420
  Epoch 40/50  loss=-0.0492
DKL training done in 0.4s
  → 2BiCdIO2-1  gap=2.598 eV  best=6.969 eV  top50=2  top10%=3
Cycle  62: GP refit  (71 labelled)
  → 1GeMnCl6-1  gap=2.129 eV  best=6.969 eV  top50=2  top10%=3
Cycle  63: GP refit  (72 labelled)
  → 2CoBi2I2O3-1  gap=2.811 eV  best=6.969 eV  top50=2  top10%=3
Cycle  64: GP refit  (73 labelled)
  → 1PbO2-3  gap=0.935 eV  best=6.969 eV  top50=2  top10%=3
Cycle  65: GP refit  (74 labelled)
  → 2AlSe-1  gap=2.721 eV  best=6.969 eV  top50=2  top10%=3
Cycle  66: full DKL retrain  (75 labelled)
GP warmup: 20 epochs on initial embeddings
Joint DKL training: 50 epochs
  Epoch 20/50  loss=-0.0733
  Epoch 40/50  loss=-0.2935
DKL training done in 0.3s
  → 4HgSe-1  gap=0.937 eV  best=6.969 eV  top50=2  top10%=3
Cycle  67: GP refit  (76 labelled)
  → 1SnBr2-2  gap=3.220 eV  best=6.969 eV  top50=2  top10%=3
Cycle  68: GP refit  (77 labelled)
  → 1WAg2S4-1  gap=2.482 eV  best=6.969 eV  top50=2  top10%=3
Cycle  69: GP refit  (78 labelled)
  → 1IPd2Cl5-1  gap=1.393 eV  best=6.969 eV  top50=2  top10%=3
Cycle  70: GP refit  (79 labelled)
  → 1WCu2Se4-1  gap=2.444 eV  best=6.969 eV  top50=2  top10%=3
Cycle  71: full DKL retrain  (80 labelled)
GP warmup: 20 epochs on initial embeddings
Joint DKL training: 50 epochs
  Epoch 20/50  loss=0.1419
  Epoch 40/50  loss=-0.0724
DKL training done in 0.3s
  → 1AsClSe-2  gap=2.371 eV  best=6.969 eV  top50=2  top10%=3
Cycle  72: GP refit  (81 labelled)
  → 1ZrBr2-1  gap=1.276 eV  best=6.969 eV  top50=2  top10%=3
Cycle  73: GP refit  (82 labelled)
  → 4SSn-1  gap=2.426 eV  best=6.969 eV  top50=2  top10%=3
Cycle  74: GP refit  (83 labelled)
  → 1ZrTi3Se8-1  gap=1.563 eV  best=6.969 eV  top50=2  top10%=3
Cycle  75: GP refit  (84 labelled)
  → 1HfTi3Se8-1  gap=1.544 eV  best=6.969 eV  top50=2  top10%=3
Cycle  76: full DKL retrain  (85 labelled)
GP warmup: 20 epochs on initial embeddings
Joint DKL training: 50 epochs
  Epoch 20/50  loss=-0.0984
  Epoch 40/50  loss=-0.2249
DKL training done in 0.3s
  → 1AsClS-2  gap=2.443 eV  best=6.969 eV  top50=2  top10%=3
Cycle  77: GP refit  (86 labelled)
  → 4AgCl2-1  gap=0.971 eV  best=6.969 eV  top50=2  top10%=3
Cycle  78: GP refit  (87 labelled)
  → 2NiSeO3-2  gap=2.815 eV  best=6.969 eV  top50=2  top10%=3
Cycle  79: GP refit  (88 labelled)
  → 2AgAuCl4-1  gap=2.332 eV  best=6.969 eV  top50=2  top10%=3
Cycle  80: GP refit  (89 labelled)
  → 4AsLiS2-2  gap=1.883 eV  best=6.969 eV  top50=2  top10%=3
Cycle  81: full DKL retrain  (90 labelled)
GP warmup: 20 epochs on initial embeddings
Joint DKL training: 50 epochs
  Epoch 20/50  loss=0.0237
  Epoch 40/50  loss=-0.1865
DKL training done in 0.4s
  → 2BrGa-1  gap=3.271 eV  best=6.969 eV  top50=2  top10%=3
Cycle  82: GP refit  (91 labelled)
  → 2P2Se3-2  gap=2.700 eV  best=6.969 eV  top50=2  top10%=3
Cycle  83: GP refit  (92 labelled)
  → 2Sb2O3-5  gap=4.624 eV  best=6.969 eV  top50=2  top10%=3
Cycle  84: GP refit  (93 labelled)
  → 1SSn-1  gap=2.978 eV  best=6.969 eV  top50=2  top10%=3
Cycle  85: GP refit  (94 labelled)
  → 1OTeW-1  gap=1.209 eV  best=6.969 eV  top50=2  top10%=3
Cycle  86: full DKL retrain  (95 labelled)
GP warmup: 20 epochs on initial embeddings
Joint DKL training: 50 epochs
  Epoch 20/50  loss=0.0125
  Epoch 40/50  loss=-0.1879
DKL training done in 0.3s
  → 1CSiH2-1  gap=4.871 eV  best=6.969 eV  top50=2  top10%=3
Cycle  87: GP refit  (96 labelled)
  → 1HfO2-3  gap=3.726 eV  best=6.969 eV  top50=2  top10%=3
Cycle  88: GP refit  (97 labelled)
  → 1SnS2-3  gap=1.455 eV  best=6.969 eV  top50=2  top10%=3
Cycle  89: GP refit  (98 labelled)
  → 2HInTeS4-1  gap=2.900 eV  best=6.969 eV  top50=2  top10%=3
Cycle  90: GP refit  (99 labelled)
  → 1SeSn-1  gap=2.788 eV  best=6.969 eV  top50=2  top10%=3
Cycle  91: full DKL retrain  (100 labelled)
GP warmup: 20 epochs on initial embeddings
Joint DKL training: 50 epochs
  Epoch 20/50  loss=0.0474
  Epoch 40/50  loss=-0.0773
DKL training done in 0.3s
  → 2CoHS2-1  gap=1.204 eV  best=6.969 eV  top50=2  top10%=3
Cycle  92: GP refit  (101 labelled)
  → 1GeTe-1  gap=1.994 eV  best=6.969 eV  top50=2  top10%=3
Cycle  93: GP refit  (102 labelled)
  → 2GaTe-1  gap=1.862 eV  best=6.969 eV  top50=2  top10%=3
Cycle  94: GP refit  (103 labelled)
  → 1MoOTe-1  gap=0.867 eV  best=6.969 eV  top50=2  top10%=3
Cycle  95: GP refit  (104 labelled)
  → 1MoCu2S4-1  gap=2.617 eV  best=6.969 eV  top50=2  top10%=3
Cycle  96: full DKL retrain  (105 labelled)
GP warmup: 20 epochs on initial embeddings
Joint DKL training: 50 epochs
  Epoch 20/50  loss=0.0121
  Epoch 40/50  loss=-0.1498
DKL training done in 0.3s
  → 1OSTi-1  gap=1.777 eV  best=6.969 eV  top50=2  top10%=3
Cycle  97: GP refit  (106 labelled)
  → 2AgO-1  gap=1.126 eV  best=6.969 eV  top50=2  top10%=3
Cycle  98: GP refit  (107 labelled)
  → 1BiBrS-2  gap=1.980 eV  best=6.969 eV  top50=2  top10%=3
Cycle  99: GP refit  (108 labelled)
  → 2As2S3-4  gap=3.247 eV  best=6.969 eV  top50=2  top10%=3
Cycle 100: GP refit  (109 labelled)
  → 1CdBr2-3  gap=3.373 eV  best=6.969 eV  top50=2  top10%=3
  dkl_finetune/seed26 → best_inwin=2.994 top10=4 top50=14
BOLoop: 766 materials  |  direction=max  |  top-50 internal threshold=5.35  top-10% internal threshold=4.94
Init: 10 random labels  |  best (max) = 5.770
Cycle   1: full DKL retrain  (10 labelled)
GP warmup: 20 epochs on initial embeddings
/home/roy/Desktop/DKL-BO/venv/lib/python3.13/site-packages/torch/_compile.py:54: UserWarning: optimizer contains a parameter group with duplicate parameters; in future, this will cause an error; see github.com/pytorch/pytorch/issues/40967 for more information
  return disable_fn(*args, **kwargs)
Joint DKL training: 50 epochs
  Epoch 20/50  loss=1.8365
  Epoch 40/50  loss=1.7439
DKL training done in 0.3s
  → 2ClIrSe-2  gap=2.235 eV  best=5.770 eV  top50=0  top10%=0
Cycle   2: GP refit  (11 labelled)
  → 1CoLiP2Se6-1  gap=2.004 eV  best=5.770 eV  top50=0  top10%=0
Cycle   3: GP refit  (12 labelled)
  → 2FIrS-2  gap=2.104 eV  best=5.770 eV  top50=0  top10%=0
Cycle   4: GP refit  (13 labelled)
  → 2NbOCl2-1  gap=1.951 eV  best=5.770 eV  top50=0  top10%=0
Cycle   5: GP refit  (14 labelled)
  → 2IrSe-3  gap=0.822 eV  best=5.770 eV  top50=0  top10%=0
Cycle   6: full DKL retrain  (15 labelled)
GP warmup: 20 epochs on initial embeddings
Joint DKL training: 50 epochs
  Epoch 20/50  loss=4.9799
  Epoch 40/50  loss=1.5500
DKL training done in 0.3s
  → 2CsNRuSF5-1  gap=2.579 eV  best=5.770 eV  top50=0  top10%=0
Cycle   7: GP refit  (16 labelled)
  → 2KNRuSF5-1  gap=2.625 eV  best=5.770 eV  top50=0  top10%=0
Cycle   8: GP refit  (17 labelled)
  → 2CoAs2I2O3-1  gap=3.183 eV  best=5.770 eV  top50=0  top10%=0
Cycle   9: GP refit  (18 labelled)
  → 2KNOsSF5-1  gap=2.516 eV  best=5.770 eV  top50=0  top10%=0
Cycle  10: GP refit  (19 labelled)
  → 2CaHI-1  gap=4.709 eV  best=5.770 eV  top50=0  top10%=0
Cycle  11: full DKL retrain  (20 labelled)
GP warmup: 20 epochs on initial embeddings
Joint DKL training: 50 epochs
  Epoch 20/50  loss=0.6487
  Epoch 40/50  loss=0.0282
DKL training done in 0.3s
  → 1C2F2S2Zr3-1  gap=0.025 eV  best=5.770 eV  top50=0  top10%=0
Cycle  12: GP refit  (21 labelled)
  → 1SeNb3F7-1  gap=1.807 eV  best=5.770 eV  top50=0  top10%=0
Cycle  13: GP refit  (22 labelled)
  → 2FRhS-1  gap=2.175 eV  best=5.770 eV  top50=0  top10%=0
Cycle  14: GP refit  (23 labelled)
  → 2NOsRbSF5-1  gap=2.520 eV  best=5.770 eV  top50=0  top10%=0
Cycle  15: GP refit  (24 labelled)
  → 2FRhSe-1  gap=2.223 eV  best=5.770 eV  top50=0  top10%=0
Cycle  16: full DKL retrain  (25 labelled)
GP warmup: 20 epochs on initial embeddings
Joint DKL training: 50 epochs
  Epoch 20/50  loss=1.5786
  Epoch 40/50  loss=-0.1567
DKL training done in 0.3s
  → 2CoBi2I2O3-1  gap=2.811 eV  best=5.770 eV  top50=0  top10%=0
Cycle  17: GP refit  (26 labelled)
  → 1OPb-1  gap=2.638 eV  best=5.770 eV  top50=0  top10%=0
Cycle  18: GP refit  (27 labelled)
  → 1HgO-1  gap=0.025 eV  best=5.770 eV  top50=0  top10%=0
Cycle  19: GP refit  (28 labelled)
  → 2BiCdIO2-1  gap=2.598 eV  best=5.770 eV  top50=0  top10%=0
Cycle  20: GP refit  (29 labelled)
  → 2OPb-1  gap=3.463 eV  best=5.770 eV  top50=0  top10%=0
Cycle  21: full DKL retrain  (30 labelled)
GP warmup: 20 epochs on initial embeddings
Joint DKL training: 50 epochs
  Epoch 20/50  loss=0.4748
  Epoch 40/50  loss=-0.7298
DKL training done in 0.3s
  → 2InO-2  gap=0.920 eV  best=5.770 eV  top50=0  top10%=0
Cycle  22: GP refit  (31 labelled)
  → 1OBi2S2-1  gap=1.179 eV  best=5.770 eV  top50=0  top10%=0
Cycle  23: GP refit  (32 labelled)
  → 4NiPS-1  gap=2.172 eV  best=5.770 eV  top50=0  top10%=0
Cycle  24: GP refit  (33 labelled)
  → 1NiZrF6-1  gap=6.164 eV  best=6.164 eV  top50=1  top10%=1
Cycle  25: GP refit  (34 labelled)
  → 2KNbF6-1  gap=8.177 eV  best=8.177 eV  top50=2  top10%=2
Cycle  26: full DKL retrain  (35 labelled)
GP warmup: 20 epochs on initial embeddings
Joint DKL training: 50 epochs
  Epoch 20/50  loss=26.2272
  Epoch 40/50  loss=1.9300
DKL training done in 0.3s
  → 2PtSeO3-1  gap=2.732 eV  best=8.177 eV  top50=2  top10%=2
Cycle  27: GP refit  (36 labelled)
  → 2NORbRuCl5-1  gap=1.645 eV  best=8.177 eV  top50=2  top10%=2
Cycle  28: GP refit  (37 labelled)
  → 2PtSO3-1  gap=2.976 eV  best=8.177 eV  top50=2  top10%=2
Cycle  29: GP refit  (38 labelled)
  → 1SeAg2O4-1  gap=3.121 eV  best=8.177 eV  top50=2  top10%=2
Cycle  30: GP refit  (39 labelled)
  → 2BiFHgO2-1  gap=3.344 eV  best=8.177 eV  top50=2  top10%=2
Cycle  31: full DKL retrain  (40 labelled)
GP warmup: 20 epochs on initial embeddings
Joint DKL training: 50 epochs
  Epoch 20/50  loss=0.5488
  Epoch 40/50  loss=0.0042
DKL training done in 0.4s
  → 1BrClI2O2V2-1  gap=2.590 eV  best=8.177 eV  top50=2  top10%=2
Cycle  32: GP refit  (41 labelled)
  → 1SeTa3Br7-1  gap=1.452 eV  best=8.177 eV  top50=2  top10%=2
Cycle  33: GP refit  (42 labelled)
  → 4IOSc-1  gap=3.350 eV  best=8.177 eV  top50=2  top10%=2
Cycle  34: GP refit  (43 labelled)
  → 1STa3Cl7-1  gap=1.643 eV  best=8.177 eV  top50=2  top10%=2
Cycle  35: GP refit  (44 labelled)
  → 2ClCu-4  gap=3.657 eV  best=8.177 eV  top50=2  top10%=2
Cycle  36: full DKL retrain  (45 labelled)
GP warmup: 20 epochs on initial embeddings
Joint DKL training: 50 epochs
  Epoch 20/50  loss=-0.0671
  Epoch 40/50  loss=-0.2716
DKL training done in 0.3s
  → 1AsBrSe-1  gap=1.839 eV  best=8.177 eV  top50=2  top10%=2
Cycle  37: GP refit  (46 labelled)
  → 2BrCu-3  gap=3.475 eV  best=8.177 eV  top50=2  top10%=2
Cycle  38: GP refit  (47 labelled)
  → 2CoI2Sb2O3-1  gap=3.324 eV  best=8.177 eV  top50=2  top10%=2
Cycle  39: GP refit  (48 labelled)
  → 4NiPSe-1  gap=2.021 eV  best=8.177 eV  top50=2  top10%=2
Cycle  40: GP refit  (49 labelled)
  → 2FIrSe-1  gap=2.172 eV  best=8.177 eV  top50=2  top10%=2
Cycle  41: full DKL retrain  (50 labelled)
GP warmup: 20 epochs on initial embeddings
Joint DKL training: 50 epochs
  Epoch 20/50  loss=0.3033
  Epoch 40/50  loss=-0.1233
DKL training done in 0.3s
  → 2ORh-2  gap=0.062 eV  best=8.177 eV  top50=2  top10%=2
Cycle  42: GP refit  (51 labelled)
  → 4OSb2Se2-1  gap=2.083 eV  best=8.177 eV  top50=2  top10%=2
Cycle  43: GP refit  (52 labelled)
  → 1BiFSe-1  gap=1.981 eV  best=8.177 eV  top50=2  top10%=2
Cycle  44: GP refit  (53 labelled)
  → 2AgF-3  gap=2.475 eV  best=8.177 eV  top50=2  top10%=2
Cycle  45: GP refit  (54 labelled)
  → 1STa3F7-1  gap=1.799 eV  best=8.177 eV  top50=2  top10%=2
Cycle  46: full DKL retrain  (55 labelled)
GP warmup: 20 epochs on initial embeddings
Joint DKL training: 50 epochs
  Epoch 20/50  loss=0.4592
  Epoch 40/50  loss=0.2675
DKL training done in 0.3s
  → 4LiSbS2-1  gap=2.746 eV  best=8.177 eV  top50=2  top10%=2
Cycle  47: GP refit  (56 labelled)
  → 4BrCd-1  gap=1.771 eV  best=8.177 eV  top50=2  top10%=2
Cycle  48: GP refit  (57 labelled)
  → 2BiCdClO2-1  gap=4.073 eV  best=8.177 eV  top50=2  top10%=2
Cycle  49: GP refit  (58 labelled)
  → 2BiBrCdO2-1  gap=3.667 eV  best=8.177 eV  top50=2  top10%=2
Cycle  50: GP refit  (59 labelled)
  → 2NOOsRbCl5-1  gap=1.751 eV  best=8.177 eV  top50=2  top10%=2
Cycle  51: full DKL retrain  (60 labelled)
GP warmup: 20 epochs on initial embeddings
Joint DKL training: 50 epochs
  Epoch 20/50  loss=0.3566
  Epoch 40/50  loss=0.0987
DKL training done in 0.3s
  → 1BrClCa2S2-1  gap=3.810 eV  best=8.177 eV  top50=2  top10%=2
Cycle  52: GP refit  (61 labelled)
  → 2BiO-1  gap=1.042 eV  best=8.177 eV  top50=2  top10%=2
Cycle  53: GP refit  (62 labelled)
  → 1ISSb-2  gap=1.455 eV  best=8.177 eV  top50=2  top10%=2
Cycle  54: GP refit  (63 labelled)
  → 2HfTiTe4-1  gap=0.692 eV  best=8.177 eV  top50=2  top10%=2
Cycle  55: GP refit  (64 labelled)
  → 1AsB-1  gap=1.188 eV  best=8.177 eV  top50=2  top10%=2
Cycle  56: full DKL retrain  (65 labelled)
GP warmup: 20 epochs on initial embeddings
Joint DKL training: 50 epochs
  Epoch 20/50  loss=0.2132
  Epoch 40/50  loss=0.0246
DKL training done in 0.3s
  → 1ClSbSe-1  gap=1.804 eV  best=8.177 eV  top50=2  top10%=2
Cycle  57: GP refit  (66 labelled)
  → 2HSNa3O4-1  gap=5.084 eV  best=8.177 eV  top50=2  top10%=3
Cycle  58: GP refit  (67 labelled)
  → 1ClSbSe-2  gap=2.290 eV  best=8.177 eV  top50=2  top10%=3
Cycle  59: GP refit  (68 labelled)
  → 2CuI-2  gap=3.552 eV  best=8.177 eV  top50=2  top10%=3
Cycle  60: GP refit  (69 labelled)
  → 1SeNi2S3-1  gap=1.350 eV  best=8.177 eV  top50=2  top10%=3
Cycle  61: full DKL retrain  (70 labelled)
GP warmup: 20 epochs on initial embeddings
Joint DKL training: 50 epochs
  Epoch 20/50  loss=0.1694
  Epoch 40/50  loss=-0.0251
DKL training done in 0.4s
  → 2AgAuCl4-1  gap=2.332 eV  best=8.177 eV  top50=2  top10%=3
Cycle  62: GP refit  (71 labelled)
  → 1BiClS-2  gap=2.271 eV  best=8.177 eV  top50=2  top10%=3
Cycle  63: GP refit  (72 labelled)
  → 2AgS-1  gap=1.557 eV  best=8.177 eV  top50=2  top10%=3
Cycle  64: GP refit  (73 labelled)
  → 1AsBrS-2  gap=2.077 eV  best=8.177 eV  top50=2  top10%=3
Cycle  65: GP refit  (74 labelled)
  → 1IPd2Cl5-1  gap=1.393 eV  best=8.177 eV  top50=2  top10%=3
Cycle  66: full DKL retrain  (75 labelled)
GP warmup: 20 epochs on initial embeddings
Joint DKL training: 50 epochs
  Epoch 20/50  loss=-0.3033
  Epoch 40/50  loss=-0.5011
DKL training done in 0.4s
  → 1BrCoSe-1  gap=2.153 eV  best=8.177 eV  top50=2  top10%=3
Cycle  67: GP refit  (76 labelled)
  → 2HInSeO4-1  gap=5.487 eV  best=8.177 eV  top50=3  top10%=4
Cycle  68: GP refit  (77 labelled)
  → 2SrSb2O4-1  gap=4.358 eV  best=8.177 eV  top50=3  top10%=4
Cycle  69: GP refit  (78 labelled)
  → 1AuInF4-1  gap=2.106 eV  best=8.177 eV  top50=3  top10%=4
Cycle  70: GP refit  (79 labelled)
  → 2BaClH-1  gap=4.823 eV  best=8.177 eV  top50=3  top10%=4
Cycle  71: full DKL retrain  (80 labelled)
GP warmup: 20 epochs on initial embeddings
Joint DKL training: 50 epochs
  Epoch 20/50  loss=-0.2884
  Epoch 40/50  loss=-0.5219
DKL training done in 0.4s
  → 1ZrHf3Te8-1  gap=0.690 eV  best=8.177 eV  top50=3  top10%=4
Cycle  72: GP refit  (81 labelled)
  → 2HSeLi3S4-1  gap=3.065 eV  best=8.177 eV  top50=3  top10%=4
Cycle  73: GP refit  (82 labelled)
  → 2HTeLi3S4-1  gap=2.992 eV  best=8.177 eV  top50=3  top10%=4
Cycle  74: GP refit  (83 labelled)
  → 2ZrCl2-1  gap=1.161 eV  best=8.177 eV  top50=3  top10%=4
Cycle  75: GP refit  (84 labelled)
  → 2Sb2O3-5  gap=4.624 eV  best=8.177 eV  top50=3  top10%=4
Cycle  76: full DKL retrain  (85 labelled)
GP warmup: 20 epochs on initial embeddings
Joint DKL training: 50 epochs
  Epoch 20/50  loss=-0.2906
  Epoch 40/50  loss=-0.4411
DKL training done in 0.3s
  → 1PdPt3O8-1  gap=2.448 eV  best=8.177 eV  top50=3  top10%=4
Cycle  77: GP refit  (86 labelled)
  → 2FK-1  gap=7.022 eV  best=8.177 eV  top50=4  top10%=5
Cycle  78: GP refit  (87 labelled)
  → 1HfSTe-2  gap=0.481 eV  best=8.177 eV  top50=4  top10%=5
Cycle  79: GP refit  (88 labelled)
  → 1HfSeTe-2  gap=0.637 eV  best=8.177 eV  top50=4  top10%=5
Cycle  80: GP refit  (89 labelled)
  → 1PbI2-2  gap=2.404 eV  best=8.177 eV  top50=4  top10%=5
Cycle  81: full DKL retrain  (90 labelled)
GP warmup: 20 epochs on initial embeddings
Joint DKL training: 50 epochs
  Epoch 20/50  loss=-0.0693
  Epoch 40/50  loss=-0.2703
DKL training done in 0.3s
  → 1ScI2-2  gap=0.573 eV  best=8.177 eV  top50=4  top10%=5
Cycle  82: GP refit  (91 labelled)
  → 2HLiS-1  gap=5.028 eV  best=8.177 eV  top50=4  top10%=6
Cycle  83: GP refit  (92 labelled)
  → 2NRbRuSF5-1  gap=2.622 eV  best=8.177 eV  top50=4  top10%=6
Cycle  84: GP refit  (93 labelled)
  → 1MnZrBr6-1  gap=3.584 eV  best=8.177 eV  top50=4  top10%=6
Cycle  85: GP refit  (94 labelled)
  → 1Br2Se2Pb3-1  gap=1.452 eV  best=8.177 eV  top50=4  top10%=6
Cycle  86: full DKL retrain  (95 labelled)
GP warmup: 20 epochs on initial embeddings
Joint DKL training: 50 epochs
  Epoch 20/50  loss=0.0160
  Epoch 40/50  loss=-0.1747
DKL training done in 0.4s
  → 2OSc-1  gap=1.194 eV  best=8.177 eV  top50=4  top10%=6
Cycle  87: GP refit  (96 labelled)
  → 1BiClSe-2  gap=1.992 eV  best=8.177 eV  top50=4  top10%=6
Cycle  88: GP refit  (97 labelled)
  → 1BrClGe2Se2-1  gap=2.697 eV  best=8.177 eV  top50=4  top10%=6
Cycle  89: GP refit  (98 labelled)
  → 1GeCl2-2  gap=3.875 eV  best=8.177 eV  top50=4  top10%=6
Cycle  90: GP refit  (99 labelled)
  → 1GeBr2-2  gap=3.333 eV  best=8.177 eV  top50=4  top10%=6
Cycle  91: full DKL retrain  (100 labelled)
GP warmup: 20 epochs on initial embeddings
Joint DKL training: 50 epochs
  Epoch 20/50  loss=-0.1163
  Epoch 40/50  loss=-0.3076
DKL training done in 0.3s
  → 1FeCl2-3  gap=0.071 eV  best=8.177 eV  top50=4  top10%=6
Cycle  92: GP refit  (101 labelled)
  → 1GeO-1  gap=2.811 eV  best=8.177 eV  top50=4  top10%=6
Cycle  93: GP refit  (102 labelled)
  → 1ScCl2-1  gap=0.736 eV  best=8.177 eV  top50=4  top10%=6
Cycle  94: GP refit  (103 labelled)
  → 2HNaSe-1  gap=3.958 eV  best=8.177 eV  top50=4  top10%=6
Cycle  95: GP refit  (104 labelled)
  → 1FeZrBr6-1  gap=3.164 eV  best=8.177 eV  top50=4  top10%=6
Cycle  96: full DKL retrain  (105 labelled)
GP warmup: 20 epochs on initial embeddings
Joint DKL training: 50 epochs
  Epoch 20/50  loss=-0.0097
  Epoch 40/50  loss=-0.2393
DKL training done in 0.3s
  → 2OPt-3  gap=1.460 eV  best=8.177 eV  top50=4  top10%=6
Cycle  97: GP refit  (106 labelled)
  → 1HfMnI6-1  gap=2.788 eV  best=8.177 eV  top50=4  top10%=6
Cycle  98: GP refit  (107 labelled)
  → 4NaSbO2-1  gap=4.747 eV  best=8.177 eV  top50=4  top10%=6
Cycle  99: GP refit  (108 labelled)
  → 2IrO-2  gap=0.230 eV  best=8.177 eV  top50=4  top10%=6
Cycle 100: GP refit  (109 labelled)
  → 1SeAu2O4-1  gap=1.925 eV  best=8.177 eV  top50=4  top10%=6
  dkl_finetune/seed27 → best_inwin=2.992 top10=2 top50=11
BOLoop: 766 materials  |  direction=max  |  top-50 internal threshold=5.35  top-10% internal threshold=4.94
Init: 10 random labels  |  best (max) = 4.344
Cycle   1: full DKL retrain  (10 labelled)
GP warmup: 20 epochs on initial embeddings
/home/roy/Desktop/DKL-BO/venv/lib/python3.13/site-packages/torch/_compile.py:54: UserWarning: optimizer contains a parameter group with duplicate parameters; in future, this will cause an error; see github.com/pytorch/pytorch/issues/40967 for more information
  return disable_fn(*args, **kwargs)
Joint DKL training: 50 epochs
  Epoch 20/50  loss=1.5882
  Epoch 40/50  loss=1.4527
DKL training done in 0.3s
  → 1HfPdCl6-1  gap=2.459 eV  best=4.344 eV  top50=0  top10%=0
Cycle   2: GP refit  (11 labelled)
  → 1GeMnCl6-1  gap=2.129 eV  best=4.344 eV  top50=0  top10%=0
Cycle   3: GP refit  (12 labelled)
  → 1BrGa2Cl5-1  gap=4.579 eV  best=4.579 eV  top50=0  top10%=0
Cycle   4: GP refit  (13 labelled)
  → 1BrHf2S2Cl3-1  gap=3.424 eV  best=4.579 eV  top50=0  top10%=0
Cycle   5: GP refit  (14 labelled)
  → 2NOsRbSCl5-1  gap=1.486 eV  best=4.579 eV  top50=0  top10%=0
Cycle   6: full DKL retrain  (15 labelled)
GP warmup: 20 epochs on initial embeddings
Joint DKL training: 50 epochs
  Epoch 20/50  loss=0.8506
  Epoch 40/50  loss=0.6840
DKL training done in 0.3s
  → 1PbCl2-2  gap=3.856 eV  best=4.579 eV  top50=0  top10%=0
Cycle   7: GP refit  (16 labelled)
  → 1YBr2-1  gap=0.901 eV  best=4.579 eV  top50=0  top10%=0
Cycle   8: GP refit  (17 labelled)
  → 1CaBr2-2  gap=5.515 eV  best=5.515 eV  top50=1  top10%=1
Cycle   9: GP refit  (18 labelled)
  → 1ClIY-1  gap=0.773 eV  best=5.515 eV  top50=1  top10%=1
Cycle  10: GP refit  (19 labelled)
  → 1GaInTe2-1  gap=1.532 eV  best=5.515 eV  top50=1  top10%=1
Cycle  11: full DKL retrain  (20 labelled)
GP warmup: 20 epochs on initial embeddings
Joint DKL training: 50 epochs
  Epoch 20/50  loss=0.4478
  Epoch 40/50  loss=0.2708
DKL training done in 0.3s
  → 1HgCl2-3  gap=3.201 eV  best=5.515 eV  top50=1  top10%=1
Cycle  12: GP refit  (21 labelled)
  → 1PdZrCl6-1  gap=2.434 eV  best=5.515 eV  top50=1  top10%=1
Cycle  13: GP refit  (22 labelled)
  → 1SnCl2-2  gap=3.537 eV  best=5.515 eV  top50=1  top10%=1
Cycle  14: GP refit  (23 labelled)
  → 1ClSSb-2  gap=2.321 eV  best=5.515 eV  top50=1  top10%=1
Cycle  15: GP refit  (24 labelled)
  → 1SnBr2S2-1  gap=1.490 eV  best=5.515 eV  top50=1  top10%=1
Cycle  16: full DKL retrain  (25 labelled)
GP warmup: 20 epochs on initial embeddings
Joint DKL training: 50 epochs
  Epoch 20/50  loss=0.6415
  Epoch 40/50  loss=-0.1290
DKL training done in 0.3s
  → 1ScCl2-1  gap=0.736 eV  best=5.515 eV  top50=1  top10%=1
Cycle  17: GP refit  (26 labelled)
  → 2PtSeO3-1  gap=2.732 eV  best=5.515 eV  top50=1  top10%=1
Cycle  18: GP refit  (27 labelled)
  → 2BiBrCdO2-1  gap=3.667 eV  best=5.515 eV  top50=1  top10%=1
Cycle  19: GP refit  (28 labelled)
  → 1FeMgBr2O2-1  gap=0.755 eV  best=5.515 eV  top50=1  top10%=1
Cycle  20: GP refit  (29 labelled)
  → 4NaSbO2-1  gap=4.747 eV  best=5.515 eV  top50=1  top10%=1
Cycle  21: full DKL retrain  (30 labelled)
GP warmup: 20 epochs on initial embeddings
Joint DKL training: 50 epochs
  Epoch 20/50  loss=1.1015
  Epoch 40/50  loss=0.1641
DKL training done in 0.3s
  → 2KNORuCl5-1  gap=1.558 eV  best=5.515 eV  top50=1  top10%=1
Cycle  22: GP refit  (31 labelled)
  → 2NbOCl2-1  gap=1.951 eV  best=5.515 eV  top50=1  top10%=1
Cycle  23: GP refit  (32 labelled)
  → 1FeHfCl6-1  gap=3.810 eV  best=5.515 eV  top50=1  top10%=1
Cycle  24: GP refit  (33 labelled)
  → 2BiCdIO2-1  gap=2.598 eV  best=5.515 eV  top50=1  top10%=1
Cycle  25: GP refit  (34 labelled)
  → 2BrGa-1  gap=3.271 eV  best=5.515 eV  top50=1  top10%=1
Cycle  26: full DKL retrain  (35 labelled)
GP warmup: 20 epochs on initial embeddings
Joint DKL training: 50 epochs
  Epoch 20/50  loss=0.6007
  Epoch 40/50  loss=0.3649
DKL training done in 0.3s
  → 2AlS-1  gap=2.881 eV  best=5.515 eV  top50=1  top10%=1
Cycle  27: GP refit  (36 labelled)
  → 1CoNaP2S6-1  gap=1.851 eV  best=5.515 eV  top50=1  top10%=1
Cycle  28: GP refit  (37 labelled)
  → 1HfCl2-1  gap=1.471 eV  best=5.515 eV  top50=1  top10%=1
Cycle  29: GP refit  (38 labelled)
  → 4LiSbS2-1  gap=2.746 eV  best=5.515 eV  top50=1  top10%=1
Cycle  30: GP refit  (39 labelled)
  → 2P2S3-1  gap=3.272 eV  best=5.515 eV  top50=1  top10%=1
Cycle  31: full DKL retrain  (40 labelled)
GP warmup: 20 epochs on initial embeddings
Joint DKL training: 50 epochs
  Epoch 20/50  loss=0.2174
  Epoch 40/50  loss=-0.0312
DKL training done in 0.3s
  → 2HTeLi3S4-1  gap=2.992 eV  best=5.515 eV  top50=1  top10%=1
Cycle  32: GP refit  (41 labelled)
  → 2GaSe-7  gap=0.809 eV  best=5.515 eV  top50=1  top10%=1
Cycle  33: GP refit  (42 labelled)
  → 2CoCl2Sb2O3-1  gap=3.522 eV  best=5.515 eV  top50=1  top10%=1
Cycle  34: GP refit  (43 labelled)
  → 2CaHI-1  gap=4.709 eV  best=5.515 eV  top50=1  top10%=1
Cycle  35: GP refit  (44 labelled)
  → 1ZnCl2-3  gap=4.718 eV  best=5.515 eV  top50=1  top10%=1
Cycle  36: full DKL retrain  (45 labelled)
GP warmup: 20 epochs on initial embeddings
Joint DKL training: 50 epochs
  Epoch 20/50  loss=-0.0775
  Epoch 40/50  loss=-0.2892
DKL training done in 0.3s
  → 2HSeLi3S4-1  gap=3.065 eV  best=5.515 eV  top50=1  top10%=1
Cycle  37: GP refit  (46 labelled)
  → 1HfNiF6-1  gap=6.181 eV  best=6.181 eV  top50=2  top10%=2
Cycle  38: GP refit  (47 labelled)
  → 1FeCl2-3  gap=0.071 eV  best=6.181 eV  top50=2  top10%=2
Cycle  39: GP refit  (48 labelled)
  → 2AgCl-7  gap=3.462 eV  best=6.181 eV  top50=2  top10%=2
Cycle  40: GP refit  (49 labelled)
  → 2CRbO3-1  gap=2.673 eV  best=6.181 eV  top50=2  top10%=2
Cycle  41: full DKL retrain  (50 labelled)
GP warmup: 20 epochs on initial embeddings
Joint DKL training: 50 epochs
  Epoch 20/50  loss=0.7198
  Epoch 40/50  loss=-0.0245
DKL training done in 0.3s
  → 2KNO3-1  gap=5.261 eV  best=6.181 eV  top50=2  top10%=3
Cycle  42: GP refit  (51 labelled)
  → 1AlAs-1  gap=2.028 eV  best=6.181 eV  top50=2  top10%=3
Cycle  43: GP refit  (52 labelled)
  → 2BrHSr-1  gap=5.479 eV  best=6.181 eV  top50=3  top10%=4
Cycle  44: GP refit  (53 labelled)
  → 1WAg2S4-1  gap=2.482 eV  best=6.181 eV  top50=3  top10%=4
Cycle  45: GP refit  (54 labelled)
  → 1InNbBr6-1  gap=1.473 eV  best=6.181 eV  top50=3  top10%=4
Cycle  46: full DKL retrain  (55 labelled)
GP warmup: 20 epochs on initial embeddings
Joint DKL training: 50 epochs
  Epoch 20/50  loss=0.4782
  Epoch 40/50  loss=0.3039
DKL training done in 0.3s
  → 1CaI2-2  gap=4.063 eV  best=6.181 eV  top50=3  top10%=4
Cycle  47: GP refit  (56 labelled)
  → 1ZnBr2-3  gap=3.449 eV  best=6.181 eV  top50=3  top10%=4
Cycle  48: GP refit  (57 labelled)
  → 1CdBr2-3  gap=3.373 eV  best=6.181 eV  top50=3  top10%=4
Cycle  49: GP refit  (58 labelled)
  → 2CCsO3-2  gap=2.628 eV  best=6.181 eV  top50=3  top10%=4
Cycle  50: GP refit  (59 labelled)
  → 2BiO-1  gap=1.042 eV  best=6.181 eV  top50=3  top10%=4
Cycle  51: full DKL retrain  (60 labelled)
GP warmup: 20 epochs on initial embeddings
Joint DKL training: 50 epochs
  Epoch 20/50  loss=0.3280
  Epoch 40/50  loss=0.0603
DKL training done in 0.3s
  → 2BiBrHgO2-1  gap=3.519 eV  best=6.181 eV  top50=3  top10%=4
Cycle  52: GP refit  (61 labelled)
  → 1MoAu2O4-2  gap=4.110 eV  best=6.181 eV  top50=3  top10%=4
Cycle  53: GP refit  (62 labelled)
  → 1ClSbTe-1  gap=1.866 eV  best=6.181 eV  top50=3  top10%=4
Cycle  54: GP refit  (63 labelled)
  → 2HKSe-1  gap=3.865 eV  best=6.181 eV  top50=3  top10%=4
Cycle  55: GP refit  (64 labelled)
  → 1AgInP2S6-1  gap=2.365 eV  best=6.181 eV  top50=3  top10%=4
Cycle  56: full DKL retrain  (65 labelled)
GP warmup: 20 epochs on initial embeddings
Joint DKL training: 50 epochs
  Epoch 20/50  loss=0.0931
  Epoch 40/50  loss=-0.0675
DKL training done in 0.3s
  → 1AsB-1  gap=1.188 eV  best=6.181 eV  top50=3  top10%=4
Cycle  57: GP refit  (66 labelled)
  → 2ClCu-4  gap=3.657 eV  best=6.181 eV  top50=3  top10%=4
Cycle  58: GP refit  (67 labelled)
  → 2OPt-3  gap=1.460 eV  best=6.181 eV  top50=3  top10%=4
Cycle  59: GP refit  (68 labelled)
  → 2BaFI-1  gap=4.907 eV  best=6.181 eV  top50=3  top10%=4
Cycle  60: GP refit  (69 labelled)
  → 1TeTa3Cl7-1  gap=1.510 eV  best=6.181 eV  top50=3  top10%=4
Cycle  61: full DKL retrain  (70 labelled)
GP warmup: 20 epochs on initial embeddings
Joint DKL training: 50 epochs
  Epoch 20/50  loss=0.0663
  Epoch 40/50  loss=-0.0664
DKL training done in 0.3s
  → 2CoBr2Sb2O3-1  gap=3.435 eV  best=6.181 eV  top50=3  top10%=4
Cycle  62: GP refit  (71 labelled)
  → 2PbS-1  gap=1.806 eV  best=6.181 eV  top50=3  top10%=4
Cycle  63: GP refit  (72 labelled)
  → 2InPS3-1  gap=1.395 eV  best=6.181 eV  top50=3  top10%=4
Cycle  64: GP refit  (73 labelled)
  → 1TeNb3F7-1  gap=1.719 eV  best=6.181 eV  top50=3  top10%=4
Cycle  65: GP refit  (74 labelled)
  → 2AgAuCl4-1  gap=2.332 eV  best=6.181 eV  top50=3  top10%=4
Cycle  66: full DKL retrain  (75 labelled)
GP warmup: 20 epochs on initial embeddings
Joint DKL training: 50 epochs
  Epoch 20/50  loss=0.0361
  Epoch 40/50  loss=-0.1612
DKL training done in 0.3s
  → 2NOOsRbF5-1  gap=2.864 eV  best=6.181 eV  top50=3  top10%=4
Cycle  67: GP refit  (76 labelled)
  → 1CrHS2-1  gap=2.800 eV  best=6.181 eV  top50=3  top10%=4
Cycle  68: GP refit  (77 labelled)
  → 1MoCu2S4-1  gap=2.617 eV  best=6.181 eV  top50=3  top10%=4
Cycle  69: GP refit  (78 labelled)
  → 4HgTe-1  gap=0.899 eV  best=6.181 eV  top50=3  top10%=4
Cycle  70: GP refit  (79 labelled)
  → 2CsNOsSF5-1  gap=2.525 eV  best=6.181 eV  top50=3  top10%=4
Cycle  71: full DKL retrain  (80 labelled)
GP warmup: 20 epochs on initial embeddings
Joint DKL training: 50 epochs
  Epoch 20/50  loss=-0.3641
  Epoch 40/50  loss=-0.5724
DKL training done in 0.3s
  → 1CdInTlS4-1  gap=1.127 eV  best=6.181 eV  top50=3  top10%=4
Cycle  72: GP refit  (81 labelled)
  → 4NaSbS2-2  gap=2.102 eV  best=6.181 eV  top50=3  top10%=4
Cycle  73: GP refit  (82 labelled)
  → 2InS2-3  gap=1.242 eV  best=6.181 eV  top50=3  top10%=4
Cycle  74: GP refit  (83 labelled)
  → 1AuInF4-1  gap=2.106 eV  best=6.181 eV  top50=3  top10%=4
Cycle  75: GP refit  (84 labelled)
  → 1WCu2S4-1  gap=2.994 eV  best=6.181 eV  top50=3  top10%=4
Cycle  76: full DKL retrain  (85 labelled)
GP warmup: 20 epochs on initial embeddings
Joint DKL training: 50 epochs
  Epoch 20/50  loss=-0.2901
  Epoch 40/50  loss=-0.4725
DKL training done in 0.4s
  → 2HTeNa3S4-1  gap=3.502 eV  best=6.181 eV  top50=3  top10%=4
Cycle  77: GP refit  (86 labelled)
  → 2GaS-1  gap=3.197 eV  best=6.181 eV  top50=3  top10%=4
Cycle  78: GP refit  (87 labelled)
  → 1OSTi-1  gap=1.777 eV  best=6.181 eV  top50=3  top10%=4
Cycle  79: GP refit  (88 labelled)
  → 1PbBr2-2  gap=3.248 eV  best=6.181 eV  top50=3  top10%=4
Cycle  80: GP refit  (89 labelled)
  → 2PbS-3  gap=0.673 eV  best=6.181 eV  top50=3  top10%=4
Cycle  81: full DKL retrain  (90 labelled)
GP warmup: 20 epochs on initial embeddings
Joint DKL training: 50 epochs
  Epoch 20/50  loss=-0.2564
  Epoch 40/50  loss=-0.4742
DKL training done in 0.4s
  → 1MoW3Te8-1  gap=1.220 eV  best=6.181 eV  top50=3  top10%=4
Cycle  82: GP refit  (91 labelled)
  → 1WTe2-1  gap=1.141 eV  best=6.181 eV  top50=3  top10%=4
Cycle  83: GP refit  (92 labelled)
  → 1SeAu2O4-1  gap=1.925 eV  best=6.181 eV  top50=3  top10%=4
Cycle  84: GP refit  (93 labelled)
  → 2PdSO3-1  gap=2.851 eV  best=6.181 eV  top50=3  top10%=4
Cycle  85: GP refit  (94 labelled)
  → 2ClNbO2-1  gap=4.453 eV  best=6.181 eV  top50=3  top10%=4
Cycle  86: full DKL retrain  (95 labelled)
GP warmup: 20 epochs on initial embeddings
Joint DKL training: 50 epochs
  Epoch 20/50  loss=-0.0135
  Epoch 40/50  loss=-0.1973
DKL training done in 0.4s
  → 1OTeW-1  gap=1.209 eV  best=6.181 eV  top50=3  top10%=4
Cycle  87: GP refit  (96 labelled)
  → 1BaI2-2  gap=4.274 eV  best=6.181 eV  top50=3  top10%=4
Cycle  88: GP refit  (97 labelled)
  → 2CoAs2Cl2O3-1  gap=3.906 eV  best=6.181 eV  top50=3  top10%=4
Cycle  89: GP refit  (98 labelled)
  → 2CoI2Sb2O3-1  gap=3.324 eV  best=6.181 eV  top50=3  top10%=4
Cycle  90: GP refit  (99 labelled)
  → 1Se3Ni4S5-1  gap=0.610 eV  best=6.181 eV  top50=3  top10%=4
Cycle  91: full DKL retrain  (100 labelled)
GP warmup: 20 epochs on initial embeddings
Joint DKL training: 50 epochs
  Epoch 20/50  loss=0.0952
  Epoch 40/50  loss=-0.0811
DKL training done in 0.3s
  → 2BaBi2O4-1  gap=4.146 eV  best=6.181 eV  top50=3  top10%=4
Cycle  92: GP refit  (101 labelled)
  → 2CsNO3-1  gap=5.324 eV  best=6.181 eV  top50=3  top10%=5
Cycle  93: GP refit  (102 labelled)
  → 1AgGaP2S6-1  gap=2.285 eV  best=6.181 eV  top50=3  top10%=5
Cycle  94: GP refit  (103 labelled)
  → 2BrClCr-1  gap=2.869 eV  best=6.181 eV  top50=3  top10%=5
Cycle  95: GP refit  (104 labelled)
  → 2HNaSe-1  gap=3.958 eV  best=6.181 eV  top50=3  top10%=5
Cycle  96: full DKL retrain  (105 labelled)
GP warmup: 20 epochs on initial embeddings
Joint DKL training: 50 epochs
  Epoch 20/50  loss=0.0940
  Epoch 40/50  loss=-0.0965
DKL training done in 0.3s
  → 1HgBr2-4  gap=2.459 eV  best=6.181 eV  top50=3  top10%=5
Cycle  97: GP refit  (106 labelled)
  → 4BiLiO2-1  gap=3.784 eV  best=6.181 eV  top50=3  top10%=5
Cycle  98: GP refit  (107 labelled)
  → 1ClIGe2O3-1  gap=1.946 eV  best=6.181 eV  top50=3  top10%=5
Cycle  99: GP refit  (108 labelled)
  → 2NOsRbSF5-1  gap=2.520 eV  best=6.181 eV  top50=3  top10%=5
Cycle 100: GP refit  (109 labelled)
  → 1CdHIS-1  gap=2.851 eV  best=6.181 eV  top50=3  top10%=5
  dkl_finetune/seed28 → best_inwin=2.994 top10=2 top50=13
BOLoop: 766 materials  |  direction=max  |  top-50 internal threshold=5.35  top-10% internal threshold=4.94
Init: 10 random labels  |  best (max) = 6.385
Cycle   1: full DKL retrain  (10 labelled)
GP warmup: 20 epochs on initial embeddings
/home/roy/Desktop/DKL-BO/venv/lib/python3.13/site-packages/torch/_compile.py:54: UserWarning: optimizer contains a parameter group with duplicate parameters; in future, this will cause an error; see github.com/pytorch/pytorch/issues/40967 for more information
  return disable_fn(*args, **kwargs)
Joint DKL training: 50 epochs
  Epoch 20/50  loss=2.3586
  Epoch 40/50  loss=2.1897
DKL training done in 0.3s
  → 1Ta3I8-1  gap=0.694 eV  best=6.385 eV  top50=0  top10%=0
Cycle   2: GP refit  (11 labelled)
  → 1HfPdI6-1  gap=1.368 eV  best=6.385 eV  top50=0  top10%=0
Cycle   3: GP refit  (12 labelled)
  → 1FeHfI6-1  gap=2.795 eV  best=6.385 eV  top50=0  top10%=0
Cycle   4: GP refit  (13 labelled)
  → 4OSb2Se2-1  gap=2.083 eV  best=6.385 eV  top50=0  top10%=0
Cycle   5: GP refit  (14 labelled)
  → 1AgAlAs2Se6-1  gap=1.577 eV  best=6.385 eV  top50=0  top10%=0
Cycle   6: full DKL retrain  (15 labelled)
GP warmup: 20 epochs on initial embeddings
Joint DKL training: 50 epochs
  Epoch 20/50  loss=1.0127
  Epoch 40/50  loss=0.7650
DKL training done in 0.3s
  → 2ClISr-1  gap=4.940 eV  best=6.385 eV  top50=0  top10%=1
Cycle   7: GP refit  (16 labelled)
  → 1AgAlP2S6-1  gap=3.132 eV  best=6.385 eV  top50=0  top10%=1
Cycle   8: GP refit  (17 labelled)
  → 2SSc-4  gap=0.981 eV  best=6.385 eV  top50=0  top10%=1
Cycle   9: GP refit  (18 labelled)
  → 2NbOI2-1  gap=1.845 eV  best=6.385 eV  top50=0  top10%=1
Cycle  10: GP refit  (19 labelled)
  → 1AgCrP2S6-1  gap=2.012 eV  best=6.385 eV  top50=0  top10%=1
Cycle  11: full DKL retrain  (20 labelled)
GP warmup: 20 epochs on initial embeddings
Joint DKL training: 50 epochs
  Epoch 20/50  loss=0.3111
  Epoch 40/50  loss=0.2089
DKL training done in 0.3s
  → 1AgAlP2Se6-1  gap=2.339 eV  best=6.385 eV  top50=0  top10%=1
Cycle  12: GP refit  (21 labelled)
  → 1CoNaP2S6-1  gap=1.851 eV  best=6.385 eV  top50=0  top10%=1
Cycle  13: GP refit  (22 labelled)
  → 2InSe-1  gap=2.055 eV  best=6.385 eV  top50=0  top10%=1
Cycle  14: GP refit  (23 labelled)
  → 1CoLiP2S6-1  gap=2.395 eV  best=6.385 eV  top50=0  top10%=1
Cycle  15: GP refit  (24 labelled)
  → 1AgAlP2Te6-1  gap=1.065 eV  best=6.385 eV  top50=0  top10%=1
Cycle  16: full DKL retrain  (25 labelled)
GP warmup: 20 epochs on initial embeddings
Joint DKL training: 50 epochs
  Epoch 20/50  loss=-0.0128
  Epoch 40/50  loss=-0.2339
DKL training done in 0.3s
  → 1BrSeY-1  gap=4.122 eV  best=6.385 eV  top50=0  top10%=1
Cycle  17: GP refit  (26 labelled)
  → 2As2S3-4  gap=3.247 eV  best=6.385 eV  top50=0  top10%=1
Cycle  18: GP refit  (27 labelled)
  → 1HgBr2-4  gap=2.459 eV  best=6.385 eV  top50=0  top10%=1
Cycle  19: GP refit  (28 labelled)
  → 1ClIY-1  gap=0.773 eV  best=6.385 eV  top50=0  top10%=1
Cycle  20: GP refit  (29 labelled)
  → 1CdGeSSeBr2-1  gap=1.544 eV  best=6.385 eV  top50=0  top10%=1
Cycle  21: full DKL retrain  (30 labelled)
GP warmup: 20 epochs on initial embeddings
Joint DKL training: 50 epochs
  Epoch 20/50  loss=-0.1693
  Epoch 40/50  loss=-0.5004
DKL training done in 0.4s
  → 1BrCoSe-1  gap=2.153 eV  best=6.385 eV  top50=0  top10%=1
Cycle  22: GP refit  (31 labelled)
  → 1AlGaSe2-1  gap=2.765 eV  best=6.385 eV  top50=0  top10%=1
Cycle  23: GP refit  (32 labelled)
  → 2BrRhSe-1  gap=2.140 eV  best=6.385 eV  top50=0  top10%=1
Cycle  24: GP refit  (33 labelled)
  → 1TeTa3Br7-1  gap=1.397 eV  best=6.385 eV  top50=0  top10%=1
Cycle  25: GP refit  (34 labelled)
  → 1OVI2-1  gap=1.849 eV  best=6.385 eV  top50=0  top10%=1
Cycle  26: full DKL retrain  (35 labelled)
GP warmup: 20 epochs on initial embeddings
Joint DKL training: 50 epochs
  Epoch 20/50  loss=0.2173
  Epoch 40/50  loss=-0.7237
DKL training done in 0.3s
  → 1GaN-1  gap=3.090 eV  best=6.385 eV  top50=0  top10%=1
Cycle  27: GP refit  (36 labelled)
  → 1BiFSe-1  gap=1.981 eV  best=6.385 eV  top50=0  top10%=1
Cycle  28: GP refit  (37 labelled)
  → 1MgBr2-3  gap=4.662 eV  best=6.385 eV  top50=0  top10%=1
Cycle  29: GP refit  (38 labelled)
  → 2BrRhS-2  gap=2.135 eV  best=6.385 eV  top50=0  top10%=1
Cycle  30: GP refit  (39 labelled)
  → 1BSb-1  gap=0.551 eV  best=6.385 eV  top50=0  top10%=1
Cycle  31: full DKL retrain  (40 labelled)
GP warmup: 20 epochs on initial embeddings
Joint DKL training: 50 epochs
  Epoch 20/50  loss=0.2175
  Epoch 40/50  loss=-0.5029
DKL training done in 0.3s
  → 2HNaS-1  gap=4.588 eV  best=6.385 eV  top50=0  top10%=1
Cycle  32: GP refit  (41 labelled)
  → 1BrClI2O2V2-1  gap=2.590 eV  best=6.385 eV  top50=0  top10%=1
Cycle  33: GP refit  (42 labelled)
  → 4PPtS-1  gap=2.654 eV  best=6.385 eV  top50=0  top10%=1
Cycle  34: GP refit  (43 labelled)
  → 2HKO-1  gap=4.501 eV  best=6.385 eV  top50=0  top10%=1
Cycle  35: GP refit  (44 labelled)
  → 1SSeZr-1  gap=1.514 eV  best=6.385 eV  top50=0  top10%=1
Cycle  36: full DKL retrain  (45 labelled)
GP warmup: 20 epochs on initial embeddings
Joint DKL training: 50 epochs
  Epoch 20/50  loss=-0.1985
  Epoch 40/50  loss=-0.3414
DKL training done in 0.3s
  → 4BrCd-1  gap=1.771 eV  best=6.385 eV  top50=0  top10%=1
Cycle  37: GP refit  (46 labelled)
  → 1AlISe-1  gap=2.186 eV  best=6.385 eV  top50=0  top10%=1
Cycle  38: GP refit  (47 labelled)
  → 1ScBr2-1  gap=0.757 eV  best=6.385 eV  top50=0  top10%=1
Cycle  39: GP refit  (48 labelled)
  → 1InMnBr2Se2-1  gap=0.790 eV  best=6.385 eV  top50=0  top10%=1
Cycle  40: GP refit  (49 labelled)
  → 1TeNb3Br7-1  gap=1.436 eV  best=6.385 eV  top50=0  top10%=1
Cycle  41: full DKL retrain  (50 labelled)
GP warmup: 20 epochs on initial embeddings
Joint DKL training: 50 epochs
  Epoch 20/50  loss=0.0595
  Epoch 40/50  loss=-0.0687
DKL training done in 0.3s
  → 1BrClGe2Se2-1  gap=2.697 eV  best=6.385 eV  top50=0  top10%=1
Cycle  42: GP refit  (51 labelled)
  → 2SeTl-2  gap=0.891 eV  best=6.385 eV  top50=0  top10%=1
Cycle  43: GP refit  (52 labelled)
  → 1AgMoBr4-1  gap=2.166 eV  best=6.385 eV  top50=0  top10%=1
Cycle  44: GP refit  (53 labelled)
  → 2ZrBr2-1  gap=1.140 eV  best=6.385 eV  top50=0  top10%=1
Cycle  45: GP refit  (54 labelled)
  → 1AgGaP2S6-1  gap=2.285 eV  best=6.385 eV  top50=0  top10%=1
Cycle  46: full DKL retrain  (55 labelled)
GP warmup: 20 epochs on initial embeddings
Joint DKL training: 50 epochs
  Epoch 20/50  loss=0.2152
  Epoch 40/50  loss=-0.1288
DKL training done in 0.3s
  → 1LiNbBr6-1  gap=2.937 eV  best=6.385 eV  top50=0  top10%=1
Cycle  47: GP refit  (56 labelled)
  → 1YBr2-1  gap=0.901 eV  best=6.385 eV  top50=0  top10%=1
Cycle  48: GP refit  (57 labelled)
  → 1NiPdS4-1  gap=1.153 eV  best=6.385 eV  top50=0  top10%=1
Cycle  49: GP refit  (58 labelled)
  → 1SeHf2I5-1  gap=0.972 eV  best=6.385 eV  top50=0  top10%=1
Cycle  50: GP refit  (59 labelled)
  → 2AgTe-3  gap=0.756 eV  best=6.385 eV  top50=0  top10%=1
Cycle  51: full DKL retrain  (60 labelled)
GP warmup: 20 epochs on initial embeddings
Joint DKL training: 50 epochs
  Epoch 20/50  loss=0.3062
  Epoch 40/50  loss=0.1119
DKL training done in 0.3s
  → 2MoS2-1  gap=0.069 eV  best=6.385 eV  top50=0  top10%=1
Cycle  52: GP refit  (61 labelled)
  → 2AgS-1  gap=1.557 eV  best=6.385 eV  top50=0  top10%=1
Cycle  53: GP refit  (62 labelled)
  → 2BaHI-1  gap=4.219 eV  best=6.385 eV  top50=0  top10%=1
Cycle  54: GP refit  (63 labelled)
  → 2BaClI-1  gap=4.709 eV  best=6.385 eV  top50=0  top10%=1
Cycle  55: GP refit  (64 labelled)
  → 1AsBrSe-1  gap=1.839 eV  best=6.385 eV  top50=0  top10%=1
Cycle  56: full DKL retrain  (65 labelled)
GP warmup: 20 epochs on initial embeddings
Joint DKL training: 50 epochs
  Epoch 20/50  loss=0.4840
  Epoch 40/50  loss=0.3605
DKL training done in 0.3s
  → 1CdClHS-1  gap=3.853 eV  best=6.385 eV  top50=0  top10%=1
Cycle  57: GP refit  (66 labelled)
  → 1CdHIS-1  gap=2.851 eV  best=6.385 eV  top50=0  top10%=1
Cycle  58: GP refit  (67 labelled)
  → 2FRhTe-1  gap=2.115 eV  best=6.385 eV  top50=0  top10%=1
Cycle  59: GP refit  (68 labelled)
  → 2SNi2Se3-1  gap=0.440 eV  best=6.385 eV  top50=0  top10%=1
Cycle  60: GP refit  (69 labelled)
  → 1ONb3Br7-1  gap=1.441 eV  best=6.385 eV  top50=0  top10%=1
Cycle  61: full DKL retrain  (70 labelled)
GP warmup: 20 epochs on initial embeddings
Joint DKL training: 50 epochs
  Epoch 20/50  loss=0.4035
  Epoch 40/50  loss=0.1935
DKL training done in 0.3s
  → 4TiSe2-1  gap=0.036 eV  best=6.385 eV  top50=0  top10%=1
Cycle  62: GP refit  (71 labelled)
  → 1PdZrBr6-1  gap=1.974 eV  best=6.385 eV  top50=0  top10%=1
Cycle  63: GP refit  (72 labelled)
  → 2GaSe-7  gap=0.809 eV  best=6.385 eV  top50=0  top10%=1
Cycle  64: GP refit  (73 labelled)
  → 1GeO-1  gap=2.811 eV  best=6.385 eV  top50=0  top10%=1
Cycle  65: GP refit  (74 labelled)
  → 1InN-1  gap=1.565 eV  best=6.385 eV  top50=0  top10%=1
Cycle  66: full DKL retrain  (75 labelled)
GP warmup: 20 epochs on initial embeddings
Joint DKL training: 50 epochs
  Epoch 20/50  loss=0.4866
  Epoch 40/50  loss=0.2868
DKL training done in 0.3s
  → 2AuO-1  gap=0.865 eV  best=6.385 eV  top50=0  top10%=1
Cycle  67: GP refit  (76 labelled)
  → 1OZrBr2-1  gap=2.245 eV  best=6.385 eV  top50=0  top10%=1
Cycle  68: GP refit  (77 labelled)
  → 2ClRhSe-1  gap=2.271 eV  best=6.385 eV  top50=0  top10%=1
Cycle  69: GP refit  (78 labelled)
  → 1STa3Cl7-1  gap=1.643 eV  best=6.385 eV  top50=0  top10%=1
Cycle  70: GP refit  (79 labelled)
  → 2ClRhS-1  gap=2.270 eV  best=6.385 eV  top50=0  top10%=1
Cycle  71: full DKL retrain  (80 labelled)
GP warmup: 20 epochs on initial embeddings
Joint DKL training: 50 epochs
  Epoch 20/50  loss=0.2211
  Epoch 40/50  loss=0.0437
DKL training done in 0.3s
  → 2FeSe2-1  gap=1.053 eV  best=6.385 eV  top50=0  top10%=1
Cycle  72: GP refit  (81 labelled)
  → 1PdSe2-2  gap=0.266 eV  best=6.385 eV  top50=0  top10%=1
Cycle  73: GP refit  (82 labelled)
  → 2OPb-1  gap=3.463 eV  best=6.385 eV  top50=0  top10%=1
Cycle  74: GP refit  (83 labelled)
  → 2CoBr2Sb2O3-1  gap=3.435 eV  best=6.385 eV  top50=0  top10%=1
Cycle  75: GP refit  (84 labelled)
  → 1ScO2-2  gap=3.769 eV  best=6.385 eV  top50=0  top10%=1
Cycle  76: full DKL retrain  (85 labelled)
GP warmup: 20 epochs on initial embeddings
Joint DKL training: 50 epochs
  Epoch 20/50  loss=0.3421
  Epoch 40/50  loss=0.1709
DKL training done in 0.3s
  → 1BrGa2Cl5-1  gap=4.579 eV  best=6.385 eV  top50=0  top10%=1
Cycle  77: GP refit  (86 labelled)
  → 2AlTe-1  gap=2.363 eV  best=6.385 eV  top50=0  top10%=1
Cycle  78: GP refit  (87 labelled)
  → 1AgInP2S6-1  gap=2.365 eV  best=6.385 eV  top50=0  top10%=1
Cycle  79: GP refit  (88 labelled)
  → 2ClScBr2-1  gap=4.935 eV  best=6.385 eV  top50=0  top10%=1
Cycle  80: GP refit  (89 labelled)
  → 2InPS3-1  gap=1.395 eV  best=6.385 eV  top50=0  top10%=1
Cycle  81: full DKL retrain  (90 labelled)
GP warmup: 20 epochs on initial embeddings
Joint DKL training: 50 epochs
  Epoch 20/50  loss=0.1773
  Epoch 40/50  loss=0.0381
DKL training done in 0.3s
  → 2AgAuCl4-1  gap=2.332 eV  best=6.385 eV  top50=0  top10%=1
Cycle  82: GP refit  (91 labelled)
  → 2AgTe-2  gap=0.242 eV  best=6.385 eV  top50=0  top10%=1
Cycle  83: GP refit  (92 labelled)
  → 1PbCl2-2  gap=3.856 eV  best=6.385 eV  top50=0  top10%=1
Cycle  84: GP refit  (93 labelled)
  → 1PbBr2-2  gap=3.248 eV  best=6.385 eV  top50=0  top10%=1
Cycle  85: GP refit  (94 labelled)
  → 2OsO2-1  gap=1.005 eV  best=6.385 eV  top50=0  top10%=1
Cycle  86: full DKL retrain  (95 labelled)
GP warmup: 20 epochs on initial embeddings
Joint DKL training: 50 epochs
  Epoch 20/50  loss=0.3675
  Epoch 40/50  loss=0.2141
DKL training done in 0.3s
  → 1BiFS-1  gap=2.255 eV  best=6.385 eV  top50=0  top10%=1
Cycle  87: GP refit  (96 labelled)
  → 4OSn-1  gap=3.719 eV  best=6.385 eV  top50=0  top10%=1
Cycle  88: GP refit  (97 labelled)
  → 1PbSe-1  gap=2.199 eV  best=6.385 eV  top50=0  top10%=1
Cycle  89: GP refit  (98 labelled)
  → 1ISY-1  gap=3.985 eV  best=6.385 eV  top50=0  top10%=1
Cycle  90: GP refit  (99 labelled)
  → 2SrBi2O4-1  gap=4.038 eV  best=6.385 eV  top50=0  top10%=1
Cycle  91: full DKL retrain  (100 labelled)
GP warmup: 20 epochs on initial embeddings
Joint DKL training: 50 epochs
  Epoch 20/50  loss=0.2917
  Epoch 40/50  loss=0.0746
DKL training done in 0.3s
  → 1ScH2-1  gap=0.549 eV  best=6.385 eV  top50=0  top10%=1
Cycle  92: GP refit  (101 labelled)
  → 1BiBrS-1  gap=1.600 eV  best=6.385 eV  top50=0  top10%=1
Cycle  93: GP refit  (102 labelled)
  → 1HfNiCl6-1  gap=4.523 eV  best=6.385 eV  top50=0  top10%=1
Cycle  94: GP refit  (103 labelled)
  → 1BrSSb-1  gap=1.838 eV  best=6.385 eV  top50=0  top10%=1
Cycle  95: GP refit  (104 labelled)
  → 4AuI2-1  gap=0.880 eV  best=6.385 eV  top50=0  top10%=1
Cycle  96: full DKL retrain  (105 labelled)
GP warmup: 20 epochs on initial embeddings
Joint DKL training: 50 epochs
  Epoch 20/50  loss=0.4051
  Epoch 40/50  loss=0.2285
DKL training done in 0.3s
  → 1FeCl2-3  gap=0.071 eV  best=6.385 eV  top50=0  top10%=1
Cycle  97: GP refit  (106 labelled)
  → 2CoI2Sb2O3-1  gap=3.324 eV  best=6.385 eV  top50=0  top10%=1
Cycle  98: GP refit  (107 labelled)
  → 1IPd2Cl5-1  gap=1.393 eV  best=6.385 eV  top50=0  top10%=1
Cycle  99: GP refit  (108 labelled)
  → 2NOOsRbCl5-1  gap=1.751 eV  best=6.385 eV  top50=0  top10%=1
Cycle 100: GP refit  (109 labelled)
  → 1Cd2Mn3O8-1  gap=3.208 eV  best=6.385 eV  top50=0  top10%=1
  dkl_finetune/seed29 → best_inwin=2.937 top10=1 top50=7
RandomBaseline: 10 init labels  |  best gap = 5.635 eV
RandomBaseline done  |  best=8.573 eV  top50=7  top10%=12
  random/seed0 → best_inwin=2.994 top10=1 top50=7
RandomBaseline: 10 init labels  |  best gap = 3.745 eV
RandomBaseline done  |  best=6.553 eV  top50=4  top10%=9
  random/seed1 → best_inwin=2.976 top10=1 top50=6
RandomBaseline: 10 init labels  |  best gap = 4.709 eV
RandomBaseline done  |  best=7.022 eV  top50=5  top10%=10
  random/seed2 → best_inwin=2.900 top10=1 top50=8
RandomBaseline: 10 init labels  |  best gap = 4.523 eV
RandomBaseline done  |  best=7.351 eV  top50=8  top10%=9
  random/seed3 → best_inwin=2.945 top10=1 top50=8
RandomBaseline: 10 init labels  |  best gap = 3.271 eV
RandomBaseline done  |  best=7.587 eV  top50=8  top10%=13
  random/seed4 → best_inwin=2.976 top10=3 top50=6
RandomBaseline: 10 init labels  |  best gap = 3.781 eV
RandomBaseline done  |  best=7.022 eV  top50=4  top10%=8
  random/seed5 → best_inwin=2.775 top10=0 top50=6
RandomBaseline: 10 init labels  |  best gap = 5.612 eV
RandomBaseline done  |  best=7.022 eV  top50=8  top10%=10
  random/seed6 → best_inwin=2.997 top10=2 top50=8
RandomBaseline: 10 init labels  |  best gap = 5.363 eV
RandomBaseline done  |  best=8.573 eV  top50=5  top10%=5
  random/seed7 → best_inwin=2.997 top10=1 top50=8
RandomBaseline: 10 init labels  |  best gap = 5.386 eV
RandomBaseline done  |  best=6.616 eV  top50=4  top10%=8
  random/seed8 → best_inwin=2.937 top10=2 top50=8
RandomBaseline: 10 init labels  |  best gap = 2.795 eV
RandomBaseline done  |  best=7.004 eV  top50=11  top10%=14
  random/seed9 → best_inwin=2.976 top10=3 top50=10
RandomBaseline: 10 init labels  |  best gap = 5.105 eV
RandomBaseline done  |  best=6.795 eV  top50=7  top10%=10
  random/seed10 → best_inwin=2.978 top10=2 top50=4
RandomBaseline: 10 init labels  |  best gap = 3.513 eV
RandomBaseline done  |  best=6.136 eV  top50=7  top10%=12
  random/seed11 → best_inwin=2.833 top10=0 top50=4
RandomBaseline: 10 init labels  |  best gap = 7.351 eV
RandomBaseline done  |  best=7.351 eV  top50=6  top10%=12
  random/seed12 → best_inwin=2.937 top10=1 top50=7
RandomBaseline: 10 init labels  |  best gap = 4.438 eV
RandomBaseline done  |  best=8.177 eV  top50=7  top10%=11
  random/seed13 → best_inwin=2.976 top10=1 top50=7
RandomBaseline: 10 init labels  |  best gap = 5.379 eV
RandomBaseline done  |  best=8.681 eV  top50=7  top10%=7
  random/seed14 → best_inwin=2.978 top10=2 top50=9
RandomBaseline: 10 init labels  |  best gap = 4.226 eV
RandomBaseline done  |  best=8.177 eV  top50=6  top10%=7
  random/seed15 → best_inwin=2.811 top10=0 top50=5
RandomBaseline: 10 init labels  |  best gap = 4.219 eV
RandomBaseline done  |  best=6.616 eV  top50=6  top10%=9
  random/seed16 → best_inwin=2.945 top10=1 top50=7
RandomBaseline: 10 init labels  |  best gap = 6.099 eV
RandomBaseline done  |  best=6.181 eV  top50=5  top10%=10
  random/seed17 → best_inwin=2.978 top10=1 top50=9
RandomBaseline: 10 init labels  |  best gap = 1.877 eV
RandomBaseline done  |  best=8.681 eV  top50=12  top10%=18
  random/seed18 → best_inwin=2.976 top10=2 top50=11
RandomBaseline: 10 init labels  |  best gap = 6.553 eV
RandomBaseline done  |  best=6.553 eV  top50=2  top10%=4
  random/seed19 → best_inwin=2.937 top10=1 top50=4
RandomBaseline: 10 init labels  |  best gap = 3.731 eV
RandomBaseline done  |  best=7.351 eV  top50=12  top10%=13
  random/seed20 → best_inwin=2.922 top10=2 top50=3
RandomBaseline: 10 init labels  |  best gap = 5.324 eV
RandomBaseline done  |  best=7.022 eV  top50=7  top10%=9
  random/seed21 → best_inwin=2.992 top10=2 top50=7
RandomBaseline: 10 init labels  |  best gap = 5.515 eV
RandomBaseline done  |  best=6.384 eV  top50=5  top10%=7
  random/seed22 → best_inwin=2.992 top10=2 top50=11
RandomBaseline: 10 init labels  |  best gap = 4.523 eV
RandomBaseline done  |  best=8.681 eV  top50=10  top10%=12
  random/seed23 → best_inwin=2.978 top10=1 top50=8
RandomBaseline: 10 init labels  |  best gap = 5.363 eV
RandomBaseline done  |  best=8.573 eV  top50=6  top10%=12
  random/seed24 → best_inwin=2.976 top10=2 top50=7
RandomBaseline: 10 init labels  |  best gap = 3.985 eV
RandomBaseline done  |  best=8.681 eV  top50=8  top10%=9
  random/seed25 → best_inwin=2.997 top10=3 top50=7
RandomBaseline: 10 init labels  |  best gap = 4.453 eV
RandomBaseline done  |  best=8.681 eV  top50=11  top10%=13
  random/seed26 → best_inwin=2.857 top10=0 top50=5
RandomBaseline: 10 init labels  |  best gap = 5.770 eV
RandomBaseline done  |  best=7.587 eV  top50=7  top10%=11
  random/seed27 → best_inwin=2.945 top10=1 top50=6
RandomBaseline: 10 init labels  |  best gap = 4.344 eV
RandomBaseline done  |  best=6.795 eV  top50=4  top10%=5
  random/seed28 → best_inwin=2.976 top10=1 top50=4
RandomBaseline: 10 init labels  |  best gap = 6.385 eV
RandomBaseline done  |  best=8.573 eV  top50=6  top10%=10
  random/seed29 → best_inwin=2.997 top10=4 top50=9
runs written=120 skipped=0. Summarizing…

================================================================
WINDOW-MAX SEARCH (0.7–3.0 eV) — finals (mean over seeds), ★=p<0.05 vs Std-GP
================================================================

  best_inwin_gap
    Standard GP                  2.96
    DKL (frozen)                 2.92  ★ p=0.029 (-0.04 vs Std-GP)
    DKL (fine-tuned, live)       2.95    p=0.078 (-0.01 vs Std-GP)
    Random                       2.95    p=0.112 (-0.01 vs Std-GP)

  cumul_top10
    Standard GP                  1.73
    DKL (frozen)                 0.77  ★ p=0.001 (-0.97 vs Std-GP)
    DKL (fine-tuned, live)       1.43    p=0.196 (-0.30 vs Std-GP)
    Random                       1.47    p=0.340 (-0.27 vs Std-GP)

  cumul_top50
    Standard GP                  8.33
    DKL (frozen)                 7.43    p=0.277 (-0.90 vs Std-GP)
    DKL (fine-tuned, live)      11.63  ★ p=0.001 (+3.30 vs Std-GP)
    Random                       6.97    p=0.084 (-1.37 vs Std-GP)

  Crossover cycle (DKL mean overtakes & stays above Std-GP):
    DKL (frozen)             on best_inwin_gap   → never
    DKL (fine-tuned, live)   on best_inwin_gap   → never
    DKL (frozen)             on cumul_top10      → never
    DKL (fine-tuned, live)   on cumul_top10      → never
    DKL (frozen)             on cumul_top50      → never
    DKL (fine-tuned, live)   on cumul_top50      → cycle 37

Saved → winmax_summary.csv, winmax_stats.csv, winmax_crossover.csv, plots/winmax_*.png
