pool=766 in-window[0.7,3.0]=496 top50(lowest)<=0.901 | methods=['std_gp', 'dkl_frozen', 'dkl_finetune', 'random'] seeds=30 cycles=100 device=cuda
FeatureBOLoop: 766 materials × 43 descriptors  |  direction=max
Init: 10 random labels  |  best (max) = 5.635
/home/roy/Desktop/DKL-BO/venv/lib/python3.13/site-packages/torch/_compile.py:54: UserWarning: optimizer contains a parameter group with duplicate parameters; in future, this will cause an error; see github.com/pytorch/pytorch/issues/40967 for more information
  return disable_fn(*args, **kwargs)
FeatureBOLoop done  |  best=5.635  top50=0  top10%=0
  std_gp/seed0 → best_inwin=0.702 top50=11
FeatureBOLoop: 766 materials × 43 descriptors  |  direction=max
Init: 10 random labels  |  best (max) = 3.745
/home/roy/Desktop/DKL-BO/venv/lib/python3.13/site-packages/torch/_compile.py:54: UserWarning: optimizer contains a parameter group with duplicate parameters; in future, this will cause an error; see github.com/pytorch/pytorch/issues/40967 for more information
  return disable_fn(*args, **kwargs)
FeatureBOLoop done  |  best=4.935  top50=0  top10%=0
  std_gp/seed1 → best_inwin=0.756 top50=7
FeatureBOLoop: 766 materials × 43 descriptors  |  direction=max
Init: 10 random labels  |  best (max) = 4.709
/home/roy/Desktop/DKL-BO/venv/lib/python3.13/site-packages/torch/_compile.py:54: UserWarning: optimizer contains a parameter group with duplicate parameters; in future, this will cause an error; see github.com/pytorch/pytorch/issues/40967 for more information
  return disable_fn(*args, **kwargs)
FeatureBOLoop done  |  best=4.709  top50=0  top10%=0
  std_gp/seed2 → best_inwin=0.702 top50=8
FeatureBOLoop: 766 materials × 43 descriptors  |  direction=max
Init: 10 random labels  |  best (max) = 4.523
/home/roy/Desktop/DKL-BO/venv/lib/python3.13/site-packages/torch/_compile.py:54: UserWarning: optimizer contains a parameter group with duplicate parameters; in future, this will cause an error; see github.com/pytorch/pytorch/issues/40967 for more information
  return disable_fn(*args, **kwargs)
FeatureBOLoop done  |  best=4.523  top50=0  top10%=0
  std_gp/seed3 → best_inwin=0.783 top50=6
FeatureBOLoop: 766 materials × 43 descriptors  |  direction=max
Init: 10 random labels  |  best (max) = 3.271
/home/roy/Desktop/DKL-BO/venv/lib/python3.13/site-packages/torch/_compile.py:54: UserWarning: optimizer contains a parameter group with duplicate parameters; in future, this will cause an error; see github.com/pytorch/pytorch/issues/40967 for more information
  return disable_fn(*args, **kwargs)
FeatureBOLoop done  |  best=3.424  top50=0  top10%=0
  std_gp/seed4 → best_inwin=0.817 top50=10
FeatureBOLoop: 766 materials × 43 descriptors  |  direction=max
Init: 10 random labels  |  best (max) = 3.781
/home/roy/Desktop/DKL-BO/venv/lib/python3.13/site-packages/torch/_compile.py:54: UserWarning: optimizer contains a parameter group with duplicate parameters; in future, this will cause an error; see github.com/pytorch/pytorch/issues/40967 for more information
  return disable_fn(*args, **kwargs)
FeatureBOLoop done  |  best=3.781  top50=0  top10%=0
  std_gp/seed5 → best_inwin=0.792 top50=10
FeatureBOLoop: 766 materials × 43 descriptors  |  direction=max
Init: 10 random labels  |  best (max) = 5.612
/home/roy/Desktop/DKL-BO/venv/lib/python3.13/site-packages/torch/_compile.py:54: UserWarning: optimizer contains a parameter group with duplicate parameters; in future, this will cause an error; see github.com/pytorch/pytorch/issues/40967 for more information
  return disable_fn(*args, **kwargs)
FeatureBOLoop done  |  best=5.612  top50=0  top10%=0
  std_gp/seed6 → best_inwin=0.713 top50=13
FeatureBOLoop: 766 materials × 43 descriptors  |  direction=max
Init: 10 random labels  |  best (max) = 5.363
/home/roy/Desktop/DKL-BO/venv/lib/python3.13/site-packages/torch/_compile.py:54: UserWarning: optimizer contains a parameter group with duplicate parameters; in future, this will cause an error; see github.com/pytorch/pytorch/issues/40967 for more information
  return disable_fn(*args, **kwargs)
FeatureBOLoop done  |  best=5.363  top50=0  top10%=0
  std_gp/seed7 → best_inwin=0.792 top50=6
FeatureBOLoop: 766 materials × 43 descriptors  |  direction=max
Init: 10 random labels  |  best (max) = 5.386
/home/roy/Desktop/DKL-BO/venv/lib/python3.13/site-packages/torch/_compile.py:54: UserWarning: optimizer contains a parameter group with duplicate parameters; in future, this will cause an error; see github.com/pytorch/pytorch/issues/40967 for more information
  return disable_fn(*args, **kwargs)
FeatureBOLoop done  |  best=5.386  top50=0  top10%=0
  std_gp/seed8 → best_inwin=0.702 top50=5
FeatureBOLoop: 766 materials × 43 descriptors  |  direction=max
Init: 10 random labels  |  best (max) = 2.795
/home/roy/Desktop/DKL-BO/venv/lib/python3.13/site-packages/torch/_compile.py:54: UserWarning: optimizer contains a parameter group with duplicate parameters; in future, this will cause an error; see github.com/pytorch/pytorch/issues/40967 for more information
  return disable_fn(*args, **kwargs)
FeatureBOLoop done  |  best=3.537  top50=0  top10%=0
  std_gp/seed9 → best_inwin=0.702 top50=9
FeatureBOLoop: 766 materials × 43 descriptors  |  direction=max
Init: 10 random labels  |  best (max) = 5.105
/home/roy/Desktop/DKL-BO/venv/lib/python3.13/site-packages/torch/_compile.py:54: UserWarning: optimizer contains a parameter group with duplicate parameters; in future, this will cause an error; see github.com/pytorch/pytorch/issues/40967 for more information
  return disable_fn(*args, **kwargs)
FeatureBOLoop done  |  best=5.105  top50=0  top10%=0
  std_gp/seed10 → best_inwin=0.701 top50=19
FeatureBOLoop: 766 materials × 43 descriptors  |  direction=max
Init: 10 random labels  |  best (max) = 3.513
/home/roy/Desktop/DKL-BO/venv/lib/python3.13/site-packages/torch/_compile.py:54: UserWarning: optimizer contains a parameter group with duplicate parameters; in future, this will cause an error; see github.com/pytorch/pytorch/issues/40967 for more information
  return disable_fn(*args, **kwargs)
FeatureBOLoop done  |  best=4.935  top50=0  top10%=0
  std_gp/seed11 → best_inwin=0.796 top50=3
FeatureBOLoop: 766 materials × 43 descriptors  |  direction=max
Init: 10 random labels  |  best (max) = 7.351
/home/roy/Desktop/DKL-BO/venv/lib/python3.13/site-packages/torch/_compile.py:54: UserWarning: optimizer contains a parameter group with duplicate parameters; in future, this will cause an error; see github.com/pytorch/pytorch/issues/40967 for more information
  return disable_fn(*args, **kwargs)
FeatureBOLoop done  |  best=7.351  top50=0  top10%=0
  std_gp/seed12 → best_inwin=0.713 top50=15
FeatureBOLoop: 766 materials × 43 descriptors  |  direction=max
Init: 10 random labels  |  best (max) = 4.438
/home/roy/Desktop/DKL-BO/venv/lib/python3.13/site-packages/torch/_compile.py:54: UserWarning: optimizer contains a parameter group with duplicate parameters; in future, this will cause an error; see github.com/pytorch/pytorch/issues/40967 for more information
  return disable_fn(*args, **kwargs)
FeatureBOLoop done  |  best=4.438  top50=0  top10%=0
  std_gp/seed13 → best_inwin=0.713 top50=12
FeatureBOLoop: 766 materials × 43 descriptors  |  direction=max
Init: 10 random labels  |  best (max) = 5.379
/home/roy/Desktop/DKL-BO/venv/lib/python3.13/site-packages/torch/_compile.py:54: UserWarning: optimizer contains a parameter group with duplicate parameters; in future, this will cause an error; see github.com/pytorch/pytorch/issues/40967 for more information
  return disable_fn(*args, **kwargs)
FeatureBOLoop done  |  best=5.379  top50=0  top10%=0
  std_gp/seed14 → best_inwin=0.763 top50=8
FeatureBOLoop: 766 materials × 43 descriptors  |  direction=max
Init: 10 random labels  |  best (max) = 4.226
/home/roy/Desktop/DKL-BO/venv/lib/python3.13/site-packages/torch/_compile.py:54: UserWarning: optimizer contains a parameter group with duplicate parameters; in future, this will cause an error; see github.com/pytorch/pytorch/issues/40967 for more information
  return disable_fn(*args, **kwargs)
FeatureBOLoop done  |  best=4.226  top50=0  top10%=0
  std_gp/seed15 → best_inwin=0.702 top50=13
FeatureBOLoop: 766 materials × 43 descriptors  |  direction=max
Init: 10 random labels  |  best (max) = 4.219
/home/roy/Desktop/DKL-BO/venv/lib/python3.13/site-packages/torch/_compile.py:54: UserWarning: optimizer contains a parameter group with duplicate parameters; in future, this will cause an error; see github.com/pytorch/pytorch/issues/40967 for more information
  return disable_fn(*args, **kwargs)
FeatureBOLoop done  |  best=4.438  top50=0  top10%=0
  std_gp/seed16 → best_inwin=0.717 top50=12
FeatureBOLoop: 766 materials × 43 descriptors  |  direction=max
Init: 10 random labels  |  best (max) = 6.099
/home/roy/Desktop/DKL-BO/venv/lib/python3.13/site-packages/torch/_compile.py:54: UserWarning: optimizer contains a parameter group with duplicate parameters; in future, this will cause an error; see github.com/pytorch/pytorch/issues/40967 for more information
  return disable_fn(*args, **kwargs)
FeatureBOLoop done  |  best=6.099  top50=0  top10%=0
  std_gp/seed17 → best_inwin=0.702 top50=11
FeatureBOLoop: 766 materials × 43 descriptors  |  direction=max
Init: 10 random labels  |  best (max) = 1.877
/home/roy/Desktop/DKL-BO/venv/lib/python3.13/site-packages/torch/_compile.py:54: UserWarning: optimizer contains a parameter group with duplicate parameters; in future, this will cause an error; see github.com/pytorch/pytorch/issues/40967 for more information
  return disable_fn(*args, **kwargs)
FeatureBOLoop done  |  best=4.662  top50=0  top10%=0
  std_gp/seed18 → best_inwin=0.756 top50=8
FeatureBOLoop: 766 materials × 43 descriptors  |  direction=max
Init: 10 random labels  |  best (max) = 6.553
/home/roy/Desktop/DKL-BO/venv/lib/python3.13/site-packages/torch/_compile.py:54: UserWarning: optimizer contains a parameter group with duplicate parameters; in future, this will cause an error; see github.com/pytorch/pytorch/issues/40967 for more information
  return disable_fn(*args, **kwargs)
FeatureBOLoop done  |  best=6.553  top50=0  top10%=0
  std_gp/seed19 → best_inwin=0.724 top50=7
FeatureBOLoop: 766 materials × 43 descriptors  |  direction=max
Init: 10 random labels  |  best (max) = 3.731
/home/roy/Desktop/DKL-BO/venv/lib/python3.13/site-packages/torch/_compile.py:54: UserWarning: optimizer contains a parameter group with duplicate parameters; in future, this will cause an error; see github.com/pytorch/pytorch/issues/40967 for more information
  return disable_fn(*args, **kwargs)
FeatureBOLoop done  |  best=3.731  top50=0  top10%=0
  std_gp/seed20 → best_inwin=0.810 top50=6
FeatureBOLoop: 766 materials × 43 descriptors  |  direction=max
Init: 10 random labels  |  best (max) = 5.324
/home/roy/Desktop/DKL-BO/venv/lib/python3.13/site-packages/torch/_compile.py:54: UserWarning: optimizer contains a parameter group with duplicate parameters; in future, this will cause an error; see github.com/pytorch/pytorch/issues/40967 for more information
  return disable_fn(*args, **kwargs)
FeatureBOLoop done  |  best=5.324  top50=0  top10%=0
  std_gp/seed21 → best_inwin=0.783 top50=7
FeatureBOLoop: 766 materials × 43 descriptors  |  direction=max
Init: 10 random labels  |  best (max) = 5.515
/home/roy/Desktop/DKL-BO/venv/lib/python3.13/site-packages/torch/_compile.py:54: UserWarning: optimizer contains a parameter group with duplicate parameters; in future, this will cause an error; see github.com/pytorch/pytorch/issues/40967 for more information
  return disable_fn(*args, **kwargs)
FeatureBOLoop done  |  best=5.515  top50=0  top10%=0
  std_gp/seed22 → best_inwin=0.701 top50=14
FeatureBOLoop: 766 materials × 43 descriptors  |  direction=max
Init: 10 random labels  |  best (max) = 4.523
/home/roy/Desktop/DKL-BO/venv/lib/python3.13/site-packages/torch/_compile.py:54: UserWarning: optimizer contains a parameter group with duplicate parameters; in future, this will cause an error; see github.com/pytorch/pytorch/issues/40967 for more information
  return disable_fn(*args, **kwargs)
FeatureBOLoop done  |  best=4.523  top50=0  top10%=0
  std_gp/seed23 → best_inwin=0.755 top50=8
FeatureBOLoop: 766 materials × 43 descriptors  |  direction=max
Init: 10 random labels  |  best (max) = 5.363
/home/roy/Desktop/DKL-BO/venv/lib/python3.13/site-packages/torch/_compile.py:54: UserWarning: optimizer contains a parameter group with duplicate parameters; in future, this will cause an error; see github.com/pytorch/pytorch/issues/40967 for more information
  return disable_fn(*args, **kwargs)
FeatureBOLoop done  |  best=5.363  top50=0  top10%=0
  std_gp/seed24 → best_inwin=0.702 top50=12
FeatureBOLoop: 766 materials × 43 descriptors  |  direction=max
Init: 10 random labels  |  best (max) = 3.985
/home/roy/Desktop/DKL-BO/venv/lib/python3.13/site-packages/torch/_compile.py:54: UserWarning: optimizer contains a parameter group with duplicate parameters; in future, this will cause an error; see github.com/pytorch/pytorch/issues/40967 for more information
  return disable_fn(*args, **kwargs)
FeatureBOLoop done  |  best=3.985  top50=0  top10%=0
  std_gp/seed25 → best_inwin=0.702 top50=3
FeatureBOLoop: 766 materials × 43 descriptors  |  direction=max
Init: 10 random labels  |  best (max) = 4.453
/home/roy/Desktop/DKL-BO/venv/lib/python3.13/site-packages/torch/_compile.py:54: UserWarning: optimizer contains a parameter group with duplicate parameters; in future, this will cause an error; see github.com/pytorch/pytorch/issues/40967 for more information
  return disable_fn(*args, **kwargs)
FeatureBOLoop done  |  best=4.453  top50=0  top10%=0
  std_gp/seed26 → best_inwin=0.702 top50=16
FeatureBOLoop: 766 materials × 43 descriptors  |  direction=max
Init: 10 random labels  |  best (max) = 5.770
/home/roy/Desktop/DKL-BO/venv/lib/python3.13/site-packages/torch/_compile.py:54: UserWarning: optimizer contains a parameter group with duplicate parameters; in future, this will cause an error; see github.com/pytorch/pytorch/issues/40967 for more information
  return disable_fn(*args, **kwargs)
FeatureBOLoop done  |  best=5.770  top50=0  top10%=0
  std_gp/seed27 → best_inwin=0.722 top50=14
FeatureBOLoop: 766 materials × 43 descriptors  |  direction=max
Init: 10 random labels  |  best (max) = 4.344
/home/roy/Desktop/DKL-BO/venv/lib/python3.13/site-packages/torch/_compile.py:54: UserWarning: optimizer contains a parameter group with duplicate parameters; in future, this will cause an error; see github.com/pytorch/pytorch/issues/40967 for more information
  return disable_fn(*args, **kwargs)
FeatureBOLoop done  |  best=5.770  top50=2  top10%=2
  std_gp/seed28 → best_inwin=0.810 top50=7
FeatureBOLoop: 766 materials × 43 descriptors  |  direction=max
Init: 10 random labels  |  best (max) = 6.385
/home/roy/Desktop/DKL-BO/venv/lib/python3.13/site-packages/torch/_compile.py:54: UserWarning: optimizer contains a parameter group with duplicate parameters; in future, this will cause an error; see github.com/pytorch/pytorch/issues/40967 for more information
  return disable_fn(*args, **kwargs)
FeatureBOLoop done  |  best=6.385  top50=0  top10%=0
  std_gp/seed29 → best_inwin=0.722 top50=18
FeatureBOLoop: 766 materials × 32 descriptors  |  direction=max
Init: 10 random labels  |  best (max) = 5.635
/home/roy/Desktop/DKL-BO/venv/lib/python3.13/site-packages/torch/_compile.py:54: UserWarning: optimizer contains a parameter group with duplicate parameters; in future, this will cause an error; see github.com/pytorch/pytorch/issues/40967 for more information
  return disable_fn(*args, **kwargs)
FeatureBOLoop done  |  best=5.635  top50=0  top10%=0
  dkl_frozen/seed0 → best_inwin=0.702 top50=11
FeatureBOLoop: 766 materials × 32 descriptors  |  direction=max
Init: 10 random labels  |  best (max) = 3.745
/home/roy/Desktop/DKL-BO/venv/lib/python3.13/site-packages/torch/_compile.py:54: UserWarning: optimizer contains a parameter group with duplicate parameters; in future, this will cause an error; see github.com/pytorch/pytorch/issues/40967 for more information
  return disable_fn(*args, **kwargs)
FeatureBOLoop done  |  best=4.709  top50=0  top10%=0
  dkl_frozen/seed1 → best_inwin=0.702 top50=13
FeatureBOLoop: 766 materials × 32 descriptors  |  direction=max
Init: 10 random labels  |  best (max) = 4.709
/home/roy/Desktop/DKL-BO/venv/lib/python3.13/site-packages/torch/_compile.py:54: UserWarning: optimizer contains a parameter group with duplicate parameters; in future, this will cause an error; see github.com/pytorch/pytorch/issues/40967 for more information
  return disable_fn(*args, **kwargs)
FeatureBOLoop done  |  best=4.709  top50=0  top10%=0
  dkl_frozen/seed2 → best_inwin=0.713 top50=11
FeatureBOLoop: 766 materials × 32 descriptors  |  direction=max
Init: 10 random labels  |  best (max) = 4.523
/home/roy/Desktop/DKL-BO/venv/lib/python3.13/site-packages/torch/_compile.py:54: UserWarning: optimizer contains a parameter group with duplicate parameters; in future, this will cause an error; see github.com/pytorch/pytorch/issues/40967 for more information
  return disable_fn(*args, **kwargs)
FeatureBOLoop done  |  best=4.523  top50=0  top10%=0
  dkl_frozen/seed3 → best_inwin=0.713 top50=13
FeatureBOLoop: 766 materials × 32 descriptors  |  direction=max
Init: 10 random labels  |  best (max) = 3.271
/home/roy/Desktop/DKL-BO/venv/lib/python3.13/site-packages/torch/_compile.py:54: UserWarning: optimizer contains a parameter group with duplicate parameters; in future, this will cause an error; see github.com/pytorch/pytorch/issues/40967 for more information
  return disable_fn(*args, **kwargs)
FeatureBOLoop done  |  best=3.856  top50=0  top10%=0
  dkl_frozen/seed4 → best_inwin=0.817 top50=9
FeatureBOLoop: 766 materials × 32 descriptors  |  direction=max
Init: 10 random labels  |  best (max) = 3.781
/home/roy/Desktop/DKL-BO/venv/lib/python3.13/site-packages/torch/_compile.py:54: UserWarning: optimizer contains a parameter group with duplicate parameters; in future, this will cause an error; see github.com/pytorch/pytorch/issues/40967 for more information
  return disable_fn(*args, **kwargs)
FeatureBOLoop done  |  best=4.122  top50=0  top10%=0
  dkl_frozen/seed5 → best_inwin=0.702 top50=7
FeatureBOLoop: 766 materials × 32 descriptors  |  direction=max
Init: 10 random labels  |  best (max) = 5.612
/home/roy/Desktop/DKL-BO/venv/lib/python3.13/site-packages/torch/_compile.py:54: UserWarning: optimizer contains a parameter group with duplicate parameters; in future, this will cause an error; see github.com/pytorch/pytorch/issues/40967 for more information
  return disable_fn(*args, **kwargs)
FeatureBOLoop done  |  best=5.612  top50=0  top10%=0
  dkl_frozen/seed6 → best_inwin=0.713 top50=15
FeatureBOLoop: 766 materials × 32 descriptors  |  direction=max
Init: 10 random labels  |  best (max) = 5.363
/home/roy/Desktop/DKL-BO/venv/lib/python3.13/site-packages/torch/_compile.py:54: UserWarning: optimizer contains a parameter group with duplicate parameters; in future, this will cause an error; see github.com/pytorch/pytorch/issues/40967 for more information
  return disable_fn(*args, **kwargs)
FeatureBOLoop done  |  best=5.363  top50=0  top10%=0
  dkl_frozen/seed7 → best_inwin=0.713 top50=17
FeatureBOLoop: 766 materials × 32 descriptors  |  direction=max
Init: 10 random labels  |  best (max) = 5.386
/home/roy/Desktop/DKL-BO/venv/lib/python3.13/site-packages/torch/_compile.py:54: UserWarning: optimizer contains a parameter group with duplicate parameters; in future, this will cause an error; see github.com/pytorch/pytorch/issues/40967 for more information
  return disable_fn(*args, **kwargs)
FeatureBOLoop done  |  best=5.386  top50=0  top10%=0
  dkl_frozen/seed8 → best_inwin=0.718 top50=7
FeatureBOLoop: 766 materials × 32 descriptors  |  direction=max
Init: 10 random labels  |  best (max) = 2.795
/home/roy/Desktop/DKL-BO/venv/lib/python3.13/site-packages/torch/_compile.py:54: UserWarning: optimizer contains a parameter group with duplicate parameters; in future, this will cause an error; see github.com/pytorch/pytorch/issues/40967 for more information
  return disable_fn(*args, **kwargs)
FeatureBOLoop done  |  best=2.795  top50=0  top10%=0
  dkl_frozen/seed9 → best_inwin=0.702 top50=17
FeatureBOLoop: 766 materials × 32 descriptors  |  direction=max
Init: 10 random labels  |  best (max) = 5.105
/home/roy/Desktop/DKL-BO/venv/lib/python3.13/site-packages/torch/_compile.py:54: UserWarning: optimizer contains a parameter group with duplicate parameters; in future, this will cause an error; see github.com/pytorch/pytorch/issues/40967 for more information
  return disable_fn(*args, **kwargs)
FeatureBOLoop done  |  best=5.105  top50=0  top10%=0
  dkl_frozen/seed10 → best_inwin=0.713 top50=13
FeatureBOLoop: 766 materials × 32 descriptors  |  direction=max
Init: 10 random labels  |  best (max) = 3.513
/home/roy/Desktop/DKL-BO/venv/lib/python3.13/site-packages/torch/_compile.py:54: UserWarning: optimizer contains a parameter group with duplicate parameters; in future, this will cause an error; see github.com/pytorch/pytorch/issues/40967 for more information
  return disable_fn(*args, **kwargs)
FeatureBOLoop done  |  best=4.095  top50=0  top10%=0
  dkl_frozen/seed11 → best_inwin=0.756 top50=7
FeatureBOLoop: 766 materials × 32 descriptors  |  direction=max
Init: 10 random labels  |  best (max) = 7.351
/home/roy/Desktop/DKL-BO/venv/lib/python3.13/site-packages/torch/_compile.py:54: UserWarning: optimizer contains a parameter group with duplicate parameters; in future, this will cause an error; see github.com/pytorch/pytorch/issues/40967 for more information
  return disable_fn(*args, **kwargs)
FeatureBOLoop done  |  best=7.351  top50=0  top10%=0
  dkl_frozen/seed12 → best_inwin=0.702 top50=19
FeatureBOLoop: 766 materials × 32 descriptors  |  direction=max
Init: 10 random labels  |  best (max) = 4.438
/home/roy/Desktop/DKL-BO/venv/lib/python3.13/site-packages/torch/_compile.py:54: UserWarning: optimizer contains a parameter group with duplicate parameters; in future, this will cause an error; see github.com/pytorch/pytorch/issues/40967 for more information
  return disable_fn(*args, **kwargs)
FeatureBOLoop done  |  best=4.438  top50=0  top10%=0
  dkl_frozen/seed13 → best_inwin=0.702 top50=19
FeatureBOLoop: 766 materials × 32 descriptors  |  direction=max
Init: 10 random labels  |  best (max) = 5.379
/home/roy/Desktop/DKL-BO/venv/lib/python3.13/site-packages/torch/_compile.py:54: UserWarning: optimizer contains a parameter group with duplicate parameters; in future, this will cause an error; see github.com/pytorch/pytorch/issues/40967 for more information
  return disable_fn(*args, **kwargs)
FeatureBOLoop done  |  best=5.379  top50=0  top10%=0
  dkl_frozen/seed14 → best_inwin=0.718 top50=11
FeatureBOLoop: 766 materials × 32 descriptors  |  direction=max
Init: 10 random labels  |  best (max) = 4.226
/home/roy/Desktop/DKL-BO/venv/lib/python3.13/site-packages/torch/_compile.py:54: UserWarning: optimizer contains a parameter group with duplicate parameters; in future, this will cause an error; see github.com/pytorch/pytorch/issues/40967 for more information
  return disable_fn(*args, **kwargs)
FeatureBOLoop done  |  best=4.226  top50=0  top10%=0
  dkl_frozen/seed15 → best_inwin=0.713 top50=14
FeatureBOLoop: 766 materials × 32 descriptors  |  direction=max
Init: 10 random labels  |  best (max) = 4.219
/home/roy/Desktop/DKL-BO/venv/lib/python3.13/site-packages/torch/_compile.py:54: UserWarning: optimizer contains a parameter group with duplicate parameters; in future, this will cause an error; see github.com/pytorch/pytorch/issues/40967 for more information
  return disable_fn(*args, **kwargs)
FeatureBOLoop done  |  best=4.219  top50=0  top10%=0
  dkl_frozen/seed16 → best_inwin=0.713 top50=9
FeatureBOLoop: 766 materials × 32 descriptors  |  direction=max
Init: 10 random labels  |  best (max) = 6.099
/home/roy/Desktop/DKL-BO/venv/lib/python3.13/site-packages/torch/_compile.py:54: UserWarning: optimizer contains a parameter group with duplicate parameters; in future, this will cause an error; see github.com/pytorch/pytorch/issues/40967 for more information
  return disable_fn(*args, **kwargs)
FeatureBOLoop done  |  best=6.099  top50=0  top10%=0
  dkl_frozen/seed17 → best_inwin=0.810 top50=12
FeatureBOLoop: 766 materials × 32 descriptors  |  direction=max
Init: 10 random labels  |  best (max) = 1.877
/home/roy/Desktop/DKL-BO/venv/lib/python3.13/site-packages/torch/_compile.py:54: UserWarning: optimizer contains a parameter group with duplicate parameters; in future, this will cause an error; see github.com/pytorch/pytorch/issues/40967 for more information
  return disable_fn(*args, **kwargs)
FeatureBOLoop done  |  best=3.453  top50=0  top10%=0
  dkl_frozen/seed18 → best_inwin=0.763 top50=8
FeatureBOLoop: 766 materials × 32 descriptors  |  direction=max
Init: 10 random labels  |  best (max) = 6.553
/home/roy/Desktop/DKL-BO/venv/lib/python3.13/site-packages/torch/_compile.py:54: UserWarning: optimizer contains a parameter group with duplicate parameters; in future, this will cause an error; see github.com/pytorch/pytorch/issues/40967 for more information
  return disable_fn(*args, **kwargs)
FeatureBOLoop done  |  best=6.553  top50=0  top10%=0
  dkl_frozen/seed19 → best_inwin=0.713 top50=17
FeatureBOLoop: 766 materials × 32 descriptors  |  direction=max
Init: 10 random labels  |  best (max) = 3.731
/home/roy/Desktop/DKL-BO/venv/lib/python3.13/site-packages/torch/_compile.py:54: UserWarning: optimizer contains a parameter group with duplicate parameters; in future, this will cause an error; see github.com/pytorch/pytorch/issues/40967 for more information
  return disable_fn(*args, **kwargs)
FeatureBOLoop done  |  best=3.731  top50=0  top10%=0
  dkl_frozen/seed20 → best_inwin=0.702 top50=17
FeatureBOLoop: 766 materials × 32 descriptors  |  direction=max
Init: 10 random labels  |  best (max) = 5.324
/home/roy/Desktop/DKL-BO/venv/lib/python3.13/site-packages/torch/_compile.py:54: UserWarning: optimizer contains a parameter group with duplicate parameters; in future, this will cause an error; see github.com/pytorch/pytorch/issues/40967 for more information
  return disable_fn(*args, **kwargs)
FeatureBOLoop done  |  best=5.324  top50=0  top10%=0
  dkl_frozen/seed21 → best_inwin=0.713 top50=9
FeatureBOLoop: 766 materials × 32 descriptors  |  direction=max
Init: 10 random labels  |  best (max) = 5.515
/home/roy/Desktop/DKL-BO/venv/lib/python3.13/site-packages/torch/_compile.py:54: UserWarning: optimizer contains a parameter group with duplicate parameters; in future, this will cause an error; see github.com/pytorch/pytorch/issues/40967 for more information
  return disable_fn(*args, **kwargs)
FeatureBOLoop done  |  best=5.515  top50=0  top10%=0
  dkl_frozen/seed22 → best_inwin=0.702 top50=11
FeatureBOLoop: 766 materials × 32 descriptors  |  direction=max
Init: 10 random labels  |  best (max) = 4.523
/home/roy/Desktop/DKL-BO/venv/lib/python3.13/site-packages/torch/_compile.py:54: UserWarning: optimizer contains a parameter group with duplicate parameters; in future, this will cause an error; see github.com/pytorch/pytorch/issues/40967 for more information
  return disable_fn(*args, **kwargs)
FeatureBOLoop done  |  best=4.523  top50=0  top10%=0
  dkl_frozen/seed23 → best_inwin=0.702 top50=13
FeatureBOLoop: 766 materials × 32 descriptors  |  direction=max
Init: 10 random labels  |  best (max) = 5.363
/home/roy/Desktop/DKL-BO/venv/lib/python3.13/site-packages/torch/_compile.py:54: UserWarning: optimizer contains a parameter group with duplicate parameters; in future, this will cause an error; see github.com/pytorch/pytorch/issues/40967 for more information
  return disable_fn(*args, **kwargs)
FeatureBOLoop done  |  best=5.363  top50=0  top10%=0
  dkl_frozen/seed24 → best_inwin=0.713 top50=13
FeatureBOLoop: 766 materials × 32 descriptors  |  direction=max
Init: 10 random labels  |  best (max) = 3.985
/home/roy/Desktop/DKL-BO/venv/lib/python3.13/site-packages/torch/_compile.py:54: UserWarning: optimizer contains a parameter group with duplicate parameters; in future, this will cause an error; see github.com/pytorch/pytorch/issues/40967 for more information
  return disable_fn(*args, **kwargs)
FeatureBOLoop done  |  best=3.985  top50=0  top10%=0
  dkl_frozen/seed25 → best_inwin=0.701 top50=12
FeatureBOLoop: 766 materials × 32 descriptors  |  direction=max
Init: 10 random labels  |  best (max) = 4.453
/home/roy/Desktop/DKL-BO/venv/lib/python3.13/site-packages/torch/_compile.py:54: UserWarning: optimizer contains a parameter group with duplicate parameters; in future, this will cause an error; see github.com/pytorch/pytorch/issues/40967 for more information
  return disable_fn(*args, **kwargs)
FeatureBOLoop done  |  best=4.453  top50=0  top10%=0
  dkl_frozen/seed26 → best_inwin=0.702 top50=13
FeatureBOLoop: 766 materials × 32 descriptors  |  direction=max
Init: 10 random labels  |  best (max) = 5.770
/home/roy/Desktop/DKL-BO/venv/lib/python3.13/site-packages/torch/_compile.py:54: UserWarning: optimizer contains a parameter group with duplicate parameters; in future, this will cause an error; see github.com/pytorch/pytorch/issues/40967 for more information
  return disable_fn(*args, **kwargs)
FeatureBOLoop done  |  best=5.770  top50=0  top10%=0
  dkl_frozen/seed27 → best_inwin=0.718 top50=11
FeatureBOLoop: 766 materials × 32 descriptors  |  direction=max
Init: 10 random labels  |  best (max) = 4.344
/home/roy/Desktop/DKL-BO/venv/lib/python3.13/site-packages/torch/_compile.py:54: UserWarning: optimizer contains a parameter group with duplicate parameters; in future, this will cause an error; see github.com/pytorch/pytorch/issues/40967 for more information
  return disable_fn(*args, **kwargs)
FeatureBOLoop done  |  best=4.344  top50=0  top10%=0
  dkl_frozen/seed28 → best_inwin=0.702 top50=9
FeatureBOLoop: 766 materials × 32 descriptors  |  direction=max
Init: 10 random labels  |  best (max) = 6.385
/home/roy/Desktop/DKL-BO/venv/lib/python3.13/site-packages/torch/_compile.py:54: UserWarning: optimizer contains a parameter group with duplicate parameters; in future, this will cause an error; see github.com/pytorch/pytorch/issues/40967 for more information
  return disable_fn(*args, **kwargs)
FeatureBOLoop done  |  best=6.385  top50=0  top10%=0
  dkl_frozen/seed29 → best_inwin=0.702 top50=15
BOLoop: 766 materials  |  direction=max  |  top-50 internal threshold=5.35  top-10% internal threshold=4.94
Init: 10 random labels  |  best (max) = 5.635
Cycle   1: full DKL retrain  (10 labelled)
GP warmup: 20 epochs on initial embeddings
/home/roy/Desktop/DKL-BO/venv/lib/python3.13/site-packages/torch/_compile.py:54: UserWarning: optimizer contains a parameter group with duplicate parameters; in future, this will cause an error; see github.com/pytorch/pytorch/issues/40967 for more information
  return disable_fn(*args, **kwargs)
Joint DKL training: 50 epochs
  Epoch 20/50  loss=1.8718
  Epoch 40/50  loss=1.7531
DKL training done in 0.8s
  → 1MoCu2Te4-1  gap=1.230 eV  best=5.635 eV  top50=0  top10%=0
Cycle   2: GP refit  (11 labelled)
  → 1WAu2Te4-1  gap=0.792 eV  best=5.635 eV  top50=0  top10%=0
Cycle   3: GP refit  (12 labelled)
  → 1BiIS-1  gap=1.474 eV  best=5.635 eV  top50=0  top10%=0
Cycle   4: GP refit  (13 labelled)
  → 1BiITe-1  gap=0.929 eV  best=5.635 eV  top50=0  top10%=0
Cycle   5: GP refit  (14 labelled)
  → 1PbS-1  gap=2.593 eV  best=5.635 eV  top50=0  top10%=0
Cycle   6: full DKL retrain  (15 labelled)
GP warmup: 20 epochs on initial embeddings
Joint DKL training: 50 epochs
  Epoch 20/50  loss=0.6007
  Epoch 40/50  loss=0.3547
DKL training done in 0.4s
  → 1MoAu2Te4-1  gap=0.677 eV  best=5.635 eV  top50=0  top10%=0
Cycle   7: GP refit  (16 labelled)
  → 1IIrTe-1  gap=1.821 eV  best=5.635 eV  top50=0  top10%=0
Cycle   8: GP refit  (17 labelled)
  → 2OsTe2-1  gap=1.379 eV  best=5.635 eV  top50=0  top10%=0
Cycle   9: GP refit  (18 labelled)
  → 1CrMo3Te8-1  gap=1.105 eV  best=5.635 eV  top50=0  top10%=0
Cycle  10: GP refit  (19 labelled)
  → 2RuTe2-1  gap=1.071 eV  best=5.635 eV  top50=0  top10%=0
Cycle  11: full DKL retrain  (20 labelled)
GP warmup: 20 epochs on initial embeddings
Joint DKL training: 50 epochs
  Epoch 20/50  loss=0.1455
  Epoch 40/50  loss=-0.0174
DKL training done in 0.4s
  → 2BiIn-1  gap=0.138 eV  best=5.635 eV  top50=0  top10%=0
Cycle  12: GP refit  (21 labelled)
  → 1BiISe-2  gap=1.189 eV  best=5.635 eV  top50=0  top10%=0
Cycle  13: GP refit  (22 labelled)
  → 2MoWTe4-1  gap=1.279 eV  best=5.635 eV  top50=0  top10%=0
Cycle  14: GP refit  (23 labelled)
  → 1WAu2Se4-1  gap=1.415 eV  best=5.635 eV  top50=0  top10%=0
Cycle  15: GP refit  (24 labelled)
  → 2PbTe-3  gap=0.385 eV  best=5.635 eV  top50=0  top10%=0
Cycle  16: full DKL retrain  (25 labelled)
GP warmup: 20 epochs on initial embeddings
Joint DKL training: 50 epochs
  Epoch 20/50  loss=-0.0823
  Epoch 40/50  loss=-0.2415
DKL training done in 0.5s
  → 2AuSe-1  gap=1.561 eV  best=5.635 eV  top50=0  top10%=0
Cycle  17: GP refit  (26 labelled)
  → 2BrTl-3  gap=3.214 eV  best=5.635 eV  top50=0  top10%=0
Cycle  18: GP refit  (27 labelled)
  → 1WMo3Te8-1  gap=1.326 eV  best=5.635 eV  top50=0  top10%=0
Cycle  19: GP refit  (28 labelled)
  → 1MoTe2-1  gap=1.370 eV  best=5.635 eV  top50=0  top10%=0
Cycle  20: GP refit  (29 labelled)
  → 2AuTe-3  gap=0.078 eV  best=5.635 eV  top50=0  top10%=0
Cycle  21: full DKL retrain  (30 labelled)
GP warmup: 20 epochs on initial embeddings
Joint DKL training: 50 epochs
  Epoch 20/50  loss=0.1241
  Epoch 40/50  loss=-0.0314
DKL training done in 0.5s
  → 1ISbTe-2  gap=1.442 eV  best=5.635 eV  top50=0  top10%=0
Cycle  22: GP refit  (31 labelled)
  → 2AuCl-4  gap=0.777 eV  best=5.635 eV  top50=0  top10%=0
Cycle  23: GP refit  (32 labelled)
  → 1MoAu2O4-2  gap=4.110 eV  best=5.635 eV  top50=0  top10%=0
Cycle  24: GP refit  (33 labelled)
  → 4AuI2-1  gap=0.880 eV  best=5.635 eV  top50=0  top10%=0
Cycle  25: GP refit  (34 labelled)
  → 1ISbTe-1  gap=1.322 eV  best=5.635 eV  top50=0  top10%=0
Cycle  26: full DKL retrain  (35 labelled)
GP warmup: 20 epochs on initial embeddings
Joint DKL training: 50 epochs
  Epoch 20/50  loss=0.3521
  Epoch 40/50  loss=0.1590
DKL training done in 0.5s
  → 1MoCr3Te8-1  gap=0.893 eV  best=5.635 eV  top50=0  top10%=0
Cycle  27: GP refit  (36 labelled)
  → 1WCr3Te8-1  gap=0.841 eV  best=5.635 eV  top50=0  top10%=0
Cycle  28: GP refit  (37 labelled)
  → 1CrSeTe-1  gap=0.994 eV  best=5.635 eV  top50=0  top10%=0
Cycle  29: GP refit  (38 labelled)
  → 2CuI-2  gap=3.552 eV  best=5.635 eV  top50=0  top10%=0
Cycle  30: GP refit  (39 labelled)
  → 1CrTe2-2  gap=0.869 eV  best=5.635 eV  top50=0  top10%=0
Cycle  31: full DKL retrain  (40 labelled)
GP warmup: 20 epochs on initial embeddings
Joint DKL training: 50 epochs
  Epoch 20/50  loss=1.4771
  Epoch 40/50  loss=0.5191
DKL training done in 0.5s
  → 2CrWTe4-1  gap=0.876 eV  best=5.635 eV  top50=0  top10%=0
Cycle  32: GP refit  (41 labelled)
  → 1BiFTe-1  gap=1.179 eV  best=5.635 eV  top50=0  top10%=0
Cycle  33: GP refit  (42 labelled)
  → 2PbTe-1  gap=0.878 eV  best=5.635 eV  top50=0  top10%=0
Cycle  34: GP refit  (43 labelled)
  → 1BiBrTe-1  gap=1.159 eV  best=5.635 eV  top50=0  top10%=0
Cycle  35: GP refit  (44 labelled)
  → 2CrMoTe4-1  gap=0.980 eV  best=5.635 eV  top50=0  top10%=0
Cycle  36: full DKL retrain  (45 labelled)
GP warmup: 20 epochs on initial embeddings
Joint DKL training: 50 epochs
  Epoch 20/50  loss=0.2430
  Epoch 40/50  loss=-0.0966
DKL training done in 0.6s
  → 1BiClTe-2  gap=1.151 eV  best=5.635 eV  top50=0  top10%=0
Cycle  37: GP refit  (46 labelled)
  → 1CrSTe-1  gap=0.820 eV  best=5.635 eV  top50=0  top10%=0
Cycle  38: GP refit  (47 labelled)
  → 2AgTe-2  gap=0.242 eV  best=5.635 eV  top50=0  top10%=0
Cycle  39: GP refit  (48 labelled)
  → 1BiBrTe-2  gap=1.162 eV  best=5.635 eV  top50=0  top10%=0
Cycle  40: GP refit  (49 labelled)
  → 2CrNbTe5-1  gap=0.029 eV  best=5.635 eV  top50=0  top10%=0
Cycle  41: full DKL retrain  (50 labelled)
GP warmup: 20 epochs on initial embeddings
Joint DKL training: 50 epochs
  Epoch 20/50  loss=0.2105
  Epoch 40/50  loss=-0.1298
DKL training done in 0.4s
  → 1OTeW-1  gap=1.209 eV  best=5.635 eV  top50=0  top10%=0
Cycle  42: GP refit  (51 labelled)
  → 2FeTe2-1  gap=0.581 eV  best=5.635 eV  top50=0  top10%=0
Cycle  43: GP refit  (52 labelled)
  → 2IrNbTe4-1  gap=0.033 eV  best=5.635 eV  top50=0  top10%=0
Cycle  44: GP refit  (53 labelled)
  → 1BiClTe-1  gap=1.198 eV  best=5.635 eV  top50=0  top10%=0
Cycle  45: GP refit  (54 labelled)
  → 2IrTaTe4-1  gap=0.119 eV  best=5.635 eV  top50=0  top10%=0
Cycle  46: full DKL retrain  (55 labelled)
GP warmup: 20 epochs on initial embeddings
Joint DKL training: 50 epochs
  Epoch 20/50  loss=-0.0719
  Epoch 40/50  loss=-0.3514
DKL training done in 0.6s
  → 1Ta3I8-1  gap=0.694 eV  best=5.635 eV  top50=0  top10%=0
Cycle  47: GP refit  (56 labelled)
  → 2IrTaS4-1  gap=1.331 eV  best=5.635 eV  top50=0  top10%=0
Cycle  48: GP refit  (57 labelled)
  → 2RhTaS4-1  gap=1.231 eV  best=5.635 eV  top50=0  top10%=0
Cycle  49: GP refit  (58 labelled)
  → 1CrS2-1  gap=1.351 eV  best=5.635 eV  top50=0  top10%=0
Cycle  50: GP refit  (59 labelled)
  → 1CrISe-1  gap=1.596 eV  best=5.635 eV  top50=0  top10%=0
Cycle  51: full DKL retrain  (60 labelled)
GP warmup: 20 epochs on initial embeddings
Joint DKL training: 50 epochs
  Epoch 20/50  loss=-0.4761
  Epoch 40/50  loss=-0.7348
DKL training done in 0.6s
  → 1STa3I7-1  gap=1.295 eV  best=5.635 eV  top50=0  top10%=0
Cycle  52: GP refit  (61 labelled)
  → 2IrNbS4-1  gap=1.253 eV  best=5.635 eV  top50=0  top10%=0
Cycle  53: GP refit  (62 labelled)
  → 1PbTe-1  gap=1.500 eV  best=5.635 eV  top50=0  top10%=0
Cycle  54: GP refit  (63 labelled)
  → 1TeNb3Cl7-1  gap=1.542 eV  best=5.635 eV  top50=0  top10%=0
Cycle  55: GP refit  (64 labelled)
  → 1SeTa3I7-1  gap=1.256 eV  best=5.635 eV  top50=0  top10%=0
Cycle  56: full DKL retrain  (65 labelled)
GP warmup: 20 epochs on initial embeddings
Joint DKL training: 50 epochs
  Epoch 20/50  loss=-0.5355
  Epoch 40/50  loss=-0.6932
DKL training done in 0.5s
  → 1TeNb3I7-1  gap=1.241 eV  best=5.635 eV  top50=0  top10%=0
Cycle  57: GP refit  (66 labelled)
  → 1Nb3I8-1  gap=0.824 eV  best=5.635 eV  top50=0  top10%=0
Cycle  58: GP refit  (67 labelled)
  → 1TeTa3I7-1  gap=1.223 eV  best=5.635 eV  top50=0  top10%=0
Cycle  59: GP refit  (68 labelled)
  → 1WAg2Te4-1  gap=1.318 eV  best=5.635 eV  top50=0  top10%=0
Cycle  60: GP refit  (69 labelled)
  → 1AgCrP2Te6-1  gap=1.137 eV  best=5.635 eV  top50=0  top10%=0
Cycle  61: full DKL retrain  (70 labelled)
GP warmup: 20 epochs on initial embeddings
Joint DKL training: 50 epochs
  Epoch 20/50  loss=-0.1035
  Epoch 40/50  loss=-0.6968
DKL training done in 0.6s
  → 4HgTe-1  gap=0.899 eV  best=5.635 eV  top50=0  top10%=0
Cycle  62: GP refit  (71 labelled)
  → 1HgTe-1  gap=0.279 eV  best=5.635 eV  top50=0  top10%=0
Cycle  63: GP refit  (72 labelled)
  → 4NbS3-2  gap=1.030 eV  best=5.635 eV  top50=0  top10%=0
Cycle  64: GP refit  (73 labelled)
  → 1MoOTe-1  gap=0.867 eV  best=5.635 eV  top50=0  top10%=0
Cycle  65: GP refit  (74 labelled)
  → 1CrW3Te8-1  gap=0.937 eV  best=5.635 eV  top50=0  top10%=0
Cycle  66: full DKL retrain  (75 labelled)
GP warmup: 20 epochs on initial embeddings
Joint DKL training: 50 epochs
  Epoch 20/50  loss=-0.5626
  Epoch 40/50  loss=-0.7153
DKL training done in 0.4s
  → 1STeW-2  gap=0.205 eV  best=5.635 eV  top50=0  top10%=0
Cycle  67: GP refit  (76 labelled)
  → 1MoSTe-2  gap=0.233 eV  best=5.635 eV  top50=0  top10%=0
Cycle  68: GP refit  (77 labelled)
  → 1OBi2S2-1  gap=1.179 eV  best=5.635 eV  top50=0  top10%=0
Cycle  69: GP refit  (78 labelled)
  → 1WTe2-1  gap=1.141 eV  best=5.635 eV  top50=0  top10%=0
Cycle  70: GP refit  (79 labelled)
  → 1MoW3Te8-1  gap=1.220 eV  best=5.635 eV  top50=0  top10%=0
Cycle  71: full DKL retrain  (80 labelled)
GP warmup: 20 epochs on initial embeddings
Joint DKL training: 50 epochs
  Epoch 20/50  loss=-0.4082
  Epoch 40/50  loss=-0.5980
DKL training done in 0.6s
  → 2MoSe2-1  gap=0.108 eV  best=5.635 eV  top50=0  top10%=0
Cycle  72: GP refit  (81 labelled)
  → 1PbI2-2  gap=2.404 eV  best=5.635 eV  top50=0  top10%=0
Cycle  73: GP refit  (82 labelled)
  → 2InTe-1  gap=1.812 eV  best=5.635 eV  top50=0  top10%=0
Cycle  74: GP refit  (83 labelled)
  → 1MoAu2Se4-1  gap=1.247 eV  best=5.635 eV  top50=0  top10%=0
Cycle  75: GP refit  (84 labelled)
  → 1ClCrTe-1  gap=1.108 eV  best=5.635 eV  top50=0  top10%=0
Cycle  76: full DKL retrain  (85 labelled)
GP warmup: 20 epochs on initial embeddings
Joint DKL training: 50 epochs
  Epoch 20/50  loss=-0.4530
  Epoch 40/50  loss=-0.5876
DKL training done in 0.6s
  → 1MoO2-1  gap=1.651 eV  best=5.635 eV  top50=0  top10%=0
Cycle  77: GP refit  (86 labelled)
  → 1WO2-1  gap=2.097 eV  best=5.635 eV  top50=0  top10%=0
Cycle  78: GP refit  (87 labelled)
  → 1CrMo3O8-1  gap=1.351 eV  best=5.635 eV  top50=0  top10%=0
Cycle  79: GP refit  (88 labelled)
  → 2MoWO4-1  gap=1.840 eV  best=5.635 eV  top50=0  top10%=0
Cycle  80: GP refit  (89 labelled)
  → 1CrSe2-1  gap=1.128 eV  best=5.635 eV  top50=0  top10%=0
Cycle  81: full DKL retrain  (90 labelled)
GP warmup: 20 epochs on initial embeddings
Joint DKL training: 50 epochs
  Epoch 20/50  loss=-0.4370
  Epoch 40/50  loss=-0.5811
DKL training done in 0.5s
  → 1CrSSe-1  gap=1.241 eV  best=5.635 eV  top50=0  top10%=0
Cycle  82: GP refit  (91 labelled)
  → 2FeSe2-1  gap=1.053 eV  best=5.635 eV  top50=0  top10%=0
Cycle  83: GP refit  (92 labelled)
  → 1AgAlP2Te6-1  gap=1.065 eV  best=5.635 eV  top50=0  top10%=0
Cycle  84: GP refit  (93 labelled)
  → 1PbSe2-1  gap=1.847 eV  best=5.635 eV  top50=0  top10%=0
Cycle  85: GP refit  (94 labelled)
  → 1MnNbSe4-1  gap=0.598 eV  best=5.635 eV  top50=0  top10%=0
Cycle  86: full DKL retrain  (95 labelled)
GP warmup: 20 epochs on initial embeddings
Joint DKL training: 50 epochs
  Epoch 20/50  loss=-0.4836
  Epoch 40/50  loss=-0.6560
DKL training done in 0.6s
  → 1PtSeMn2S5-1  gap=1.467 eV  best=5.635 eV  top50=0  top10%=0
Cycle  87: GP refit  (96 labelled)
  → 1InSb-1  gap=0.945 eV  best=5.635 eV  top50=0  top10%=0
Cycle  88: GP refit  (97 labelled)
  → 2NbOI2-1  gap=1.845 eV  best=5.635 eV  top50=0  top10%=0
Cycle  89: GP refit  (98 labelled)
  → 1C2O2Zr3-1  gap=0.961 eV  best=5.635 eV  top50=0  top10%=0
Cycle  90: GP refit  (99 labelled)
  → 2CrWSe4-1  gap=1.203 eV  best=5.635 eV  top50=0  top10%=0
Cycle  91: full DKL retrain  (100 labelled)
GP warmup: 20 epochs on initial embeddings
Joint DKL training: 50 epochs
  Epoch 20/50  loss=-0.6562
  Epoch 40/50  loss=-0.8118
DKL training done in 0.5s
  → 1HgI2-4  gap=1.370 eV  best=5.635 eV  top50=0  top10%=0
Cycle  92: GP refit  (101 labelled)
  → 4TaS3-1  gap=0.823 eV  best=5.635 eV  top50=0  top10%=0
Cycle  93: GP refit  (102 labelled)
  → 1CrMo3Se8-1  gap=1.432 eV  best=5.635 eV  top50=0  top10%=0
Cycle  94: GP refit  (103 labelled)
  → 1NiPd3Se8-1  gap=0.702 eV  best=5.635 eV  top50=0  top10%=0
Cycle  95: GP refit  (104 labelled)
  → 1CrW3Se8-1  gap=1.333 eV  best=5.635 eV  top50=0  top10%=0
Cycle  96: full DKL retrain  (105 labelled)
GP warmup: 20 epochs on initial embeddings
Joint DKL training: 50 epochs
  Epoch 20/50  loss=-0.7768
  Epoch 40/50  loss=-0.9281
DKL training done in 0.6s
  → 1NiPdS4-1  gap=1.153 eV  best=5.635 eV  top50=0  top10%=0
Cycle  97: GP refit  (106 labelled)
  → 1PdSe2-2  gap=0.266 eV  best=5.635 eV  top50=0  top10%=0
Cycle  98: GP refit  (107 labelled)
  → 2SNi2Se3-1  gap=0.440 eV  best=5.635 eV  top50=0  top10%=0
Cycle  99: GP refit  (108 labelled)
  → 2CoHS2-1  gap=1.204 eV  best=5.635 eV  top50=0  top10%=0
Cycle 100: GP refit  (109 labelled)
  → 1Se3Ni4S5-1  gap=0.610 eV  best=5.635 eV  top50=0  top10%=0
  dkl_finetune/seed0 → best_inwin=0.702 top50=14
BOLoop: 766 materials  |  direction=max  |  top-50 internal threshold=5.35  top-10% internal threshold=4.94
Init: 10 random labels  |  best (max) = 3.745
Cycle   1: full DKL retrain  (10 labelled)
GP warmup: 20 epochs on initial embeddings
/home/roy/Desktop/DKL-BO/venv/lib/python3.13/site-packages/torch/_compile.py:54: UserWarning: optimizer contains a parameter group with duplicate parameters; in future, this will cause an error; see github.com/pytorch/pytorch/issues/40967 for more information
  return disable_fn(*args, **kwargs)
Joint DKL training: 50 epochs
  Epoch 20/50  loss=1.2665
  Epoch 40/50  loss=1.1360
DKL training done in 0.6s
  → 1ClITi-1  gap=1.187 eV  best=3.745 eV  top50=0  top10%=0
Cycle   2: GP refit  (11 labelled)
  → 2FRhS-1  gap=2.175 eV  best=3.745 eV  top50=0  top10%=0
Cycle   3: GP refit  (12 labelled)
  → 2NOsRbSF5-1  gap=2.520 eV  best=3.745 eV  top50=0  top10%=0
Cycle   4: GP refit  (13 labelled)
  → 1BrITi-1  gap=1.037 eV  best=3.745 eV  top50=0  top10%=0
Cycle   5: GP refit  (14 labelled)
  → 1BrIZr-1  gap=1.174 eV  best=3.745 eV  top50=0  top10%=0
Cycle   6: full DKL retrain  (15 labelled)
GP warmup: 20 epochs on initial embeddings
Joint DKL training: 50 epochs
  Epoch 20/50  loss=0.0857
  Epoch 40/50  loss=-0.0262
DKL training done in 0.4s
  → 1FeI2-3  gap=0.020 eV  best=3.745 eV  top50=0  top10%=0
Cycle   7: GP refit  (16 labelled)
  → 1PtSeMn2S5-1  gap=1.467 eV  best=3.745 eV  top50=0  top10%=0
Cycle   8: GP refit  (17 labelled)
  → 1ZrI2-1  gap=1.038 eV  best=3.745 eV  top50=0  top10%=0
Cycle   9: GP refit  (18 labelled)
  → 4PPdS-1  gap=2.090 eV  best=3.745 eV  top50=0  top10%=0
Cycle  10: GP refit  (19 labelled)
  → 1OVI2-1  gap=1.849 eV  best=3.745 eV  top50=0  top10%=0
Cycle  11: full DKL retrain  (20 labelled)
GP warmup: 20 epochs on initial embeddings
Joint DKL training: 50 epochs
  Epoch 20/50  loss=-0.1797
  Epoch 40/50  loss=-0.4508
DKL training done in 0.5s
  → 1TiI2-2  gap=0.828 eV  best=3.745 eV  top50=0  top10%=0
Cycle  12: GP refit  (21 labelled)
  → 2SNi2Se3-1  gap=0.440 eV  best=3.745 eV  top50=0  top10%=0
Cycle  13: GP refit  (22 labelled)
  → 1AgGaP2Se6-1  gap=1.694 eV  best=3.745 eV  top50=0  top10%=0
Cycle  14: GP refit  (23 labelled)
  → 2FeTe2-1  gap=0.581 eV  best=3.745 eV  top50=0  top10%=0
Cycle  15: GP refit  (24 labelled)
  → 2AuI-3  gap=1.592 eV  best=3.745 eV  top50=0  top10%=0
Cycle  16: full DKL retrain  (25 labelled)
GP warmup: 20 epochs on initial embeddings
Joint DKL training: 50 epochs
  Epoch 20/50  loss=-0.7442
  Epoch 40/50  loss=-1.1823
DKL training done in 0.5s
  → 1SSeTi-2  gap=1.342 eV  best=3.745 eV  top50=0  top10%=0
Cycle  17: GP refit  (26 labelled)
  → 1PtSSe-1  gap=2.017 eV  best=3.745 eV  top50=0  top10%=0
Cycle  18: GP refit  (27 labelled)
  → 1BrClV-1  gap=3.751 eV  best=3.751 eV  top50=0  top10%=0
Cycle  19: GP refit  (28 labelled)
  → 2ZrI2-1  gap=0.889 eV  best=3.751 eV  top50=0  top10%=0
Cycle  20: GP refit  (29 labelled)
  → 1TiS2-2  gap=2.015 eV  best=3.751 eV  top50=0  top10%=0
Cycle  21: full DKL retrain  (30 labelled)
GP warmup: 20 epochs on initial embeddings
Joint DKL training: 50 epochs
  Epoch 20/50  loss=11.5662
  Epoch 40/50  loss=0.2140
DKL training done in 0.5s
  → 1HfI2-1  gap=1.022 eV  best=3.751 eV  top50=0  top10%=0
Cycle  22: GP refit  (31 labelled)
  → 2IIrSe-2  gap=1.857 eV  best=3.751 eV  top50=0  top10%=0
Cycle  23: GP refit  (32 labelled)
  → 4AgF2-2  gap=1.637 eV  best=3.751 eV  top50=0  top10%=0
Cycle  24: GP refit  (33 labelled)
  → 2AgF-3  gap=2.475 eV  best=3.751 eV  top50=0  top10%=0
Cycle  25: GP refit  (34 labelled)
  → 2IMnSbSe2-2  gap=0.701 eV  best=3.751 eV  top50=0  top10%=0
Cycle  26: full DKL retrain  (35 labelled)
GP warmup: 20 epochs on initial embeddings
Joint DKL training: 50 epochs
  Epoch 20/50  loss=0.7906
  Epoch 40/50  loss=0.0167
DKL training done in 0.6s
  → 2HfI2-1  gap=1.014 eV  best=3.751 eV  top50=0  top10%=0
Cycle  27: GP refit  (36 labelled)
  → 1MoSSe-1  gap=1.949 eV  best=3.751 eV  top50=0  top10%=0
Cycle  28: GP refit  (37 labelled)
  → 1Se3Ni4S5-1  gap=0.610 eV  best=3.751 eV  top50=0  top10%=0
Cycle  29: GP refit  (38 labelled)
  → 1AsISe-2  gap=1.052 eV  best=3.751 eV  top50=0  top10%=0
Cycle  30: GP refit  (39 labelled)
  → 1BrISCd2-1  gap=1.715 eV  best=3.751 eV  top50=0  top10%=0
Cycle  31: full DKL retrain  (40 labelled)
GP warmup: 20 epochs on initial embeddings
Joint DKL training: 50 epochs
  Epoch 20/50  loss=1.8443
  Epoch 40/50  loss=-0.1334
DKL training done in 0.4s
  → 1MnNbSe4-1  gap=0.598 eV  best=3.751 eV  top50=0  top10%=0
Cycle  32: GP refit  (41 labelled)
  → 1TiSe2-2  gap=1.460 eV  best=3.751 eV  top50=0  top10%=0
Cycle  33: GP refit  (42 labelled)
  → 1FeZrI6-1  gap=2.598 eV  best=3.751 eV  top50=0  top10%=0
Cycle  34: GP refit  (43 labelled)
  → 1BrHfI-1  gap=1.157 eV  best=3.751 eV  top50=0  top10%=0
Cycle  35: GP refit  (44 labelled)
  → 2CrWSe4-1  gap=1.203 eV  best=3.751 eV  top50=0  top10%=0
Cycle  36: full DKL retrain  (45 labelled)
GP warmup: 20 epochs on initial embeddings
Joint DKL training: 50 epochs
  Epoch 20/50  loss=0.4413
  Epoch 40/50  loss=-0.2106
DKL training done in 0.6s
  → 1CrSe2-1  gap=1.128 eV  best=3.751 eV  top50=0  top10%=0
Cycle  37: GP refit  (46 labelled)
  → 1NiPd3Se8-1  gap=0.702 eV  best=3.751 eV  top50=0  top10%=0
Cycle  38: GP refit  (47 labelled)
  → 1AsIS-2  gap=0.810 eV  best=3.751 eV  top50=0  top10%=0
Cycle  39: GP refit  (48 labelled)
  → 2OsSe2-1  gap=1.389 eV  best=3.751 eV  top50=0  top10%=0
Cycle  40: GP refit  (49 labelled)
  → 1NiPdS4-1  gap=1.153 eV  best=3.751 eV  top50=0  top10%=0
Cycle  41: full DKL retrain  (50 labelled)
GP warmup: 20 epochs on initial embeddings
Joint DKL training: 50 epochs
  Epoch 20/50  loss=-0.0413
  Epoch 40/50  loss=-0.3018
DKL training done in 0.6s
  → 1VTe2-1  gap=0.854 eV  best=3.751 eV  top50=0  top10%=0
Cycle  42: GP refit  (51 labelled)
  → 1CrW3Se8-1  gap=1.333 eV  best=3.751 eV  top50=0  top10%=0
Cycle  43: GP refit  (52 labelled)
  → 2RuSe2-1  gap=1.595 eV  best=3.751 eV  top50=0  top10%=0
Cycle  44: GP refit  (53 labelled)
  → 1SSeZr-2  gap=1.777 eV  best=3.751 eV  top50=0  top10%=0
Cycle  45: GP refit  (54 labelled)
  → 1AsISe-1  gap=1.685 eV  best=3.751 eV  top50=0  top10%=0
Cycle  46: full DKL retrain  (55 labelled)
GP warmup: 20 epochs on initial embeddings
Joint DKL training: 50 epochs
  Epoch 20/50  loss=0.1319
  Epoch 40/50  loss=-0.2431
DKL training done in 0.5s
  → 4NiPSe-1  gap=2.021 eV  best=3.751 eV  top50=0  top10%=0
Cycle  47: GP refit  (56 labelled)
  → 2FeS2-1  gap=1.331 eV  best=3.751 eV  top50=0  top10%=0
Cycle  48: GP refit  (57 labelled)
  → 1CrSSe-1  gap=1.241 eV  best=3.751 eV  top50=0  top10%=0
Cycle  49: GP refit  (58 labelled)
  → 1ClHfI-1  gap=1.295 eV  best=3.751 eV  top50=0  top10%=0
Cycle  50: GP refit  (59 labelled)
  → 1ScSe2-2  gap=1.490 eV  best=3.751 eV  top50=0  top10%=0
Cycle  51: full DKL retrain  (60 labelled)
GP warmup: 20 epochs on initial embeddings
Joint DKL training: 50 epochs
  Epoch 20/50  loss=-0.2815
  Epoch 40/50  loss=-0.6061
DKL training done in 0.6s
  → 1SSeW-1  gap=1.911 eV  best=3.751 eV  top50=0  top10%=0
Cycle  52: GP refit  (61 labelled)
  → 4IOSc-1  gap=3.350 eV  best=3.751 eV  top50=0  top10%=0
Cycle  53: GP refit  (62 labelled)
  → 2AgSe-1  gap=1.179 eV  best=3.751 eV  top50=0  top10%=0
Cycle  54: GP refit  (63 labelled)
  → 1CrSeTe-1  gap=0.994 eV  best=3.751 eV  top50=0  top10%=0
Cycle  55: GP refit  (64 labelled)
  → 1STeW-1  gap=1.681 eV  best=3.751 eV  top50=0  top10%=0
Cycle  56: full DKL retrain  (65 labelled)
GP warmup: 20 epochs on initial embeddings
Joint DKL training: 50 epochs
  Epoch 20/50  loss=0.2024
  Epoch 40/50  loss=-0.1273
DKL training done in 0.5s
  → 1CrISe-1  gap=1.596 eV  best=3.751 eV  top50=0  top10%=0
Cycle  57: GP refit  (66 labelled)
  → 2TeZr-4  gap=0.652 eV  best=3.751 eV  top50=0  top10%=0
Cycle  58: GP refit  (67 labelled)
  → 2TeTi-4  gap=0.440 eV  best=3.751 eV  top50=0  top10%=0
Cycle  59: GP refit  (68 labelled)
  → 1ZrTi3Te8-1  gap=0.722 eV  best=3.751 eV  top50=0  top10%=0
Cycle  60: GP refit  (69 labelled)
  → 2HfTiTe4-1  gap=0.692 eV  best=3.751 eV  top50=0  top10%=0
Cycle  61: full DKL retrain  (70 labelled)
GP warmup: 20 epochs on initial embeddings
Joint DKL training: 50 epochs
  Epoch 20/50  loss=0.6372
  Epoch 40/50  loss=0.0879
DKL training done in 0.8s
  → 1HfTe2-2  gap=0.665 eV  best=3.751 eV  top50=0  top10%=0
Cycle  62: GP refit  (71 labelled)
  → 1HfSTe-2  gap=0.481 eV  best=3.751 eV  top50=0  top10%=0
Cycle  63: GP refit  (72 labelled)
  → 1STeZr-2  gap=0.672 eV  best=3.751 eV  top50=0  top10%=0
Cycle  64: GP refit  (73 labelled)
  → 1WCr3Te8-1  gap=0.841 eV  best=3.751 eV  top50=0  top10%=0
Cycle  65: GP refit  (74 labelled)
  → 2CrMoTe4-1  gap=0.980 eV  best=3.751 eV  top50=0  top10%=0
Cycle  66: full DKL retrain  (75 labelled)
GP warmup: 20 epochs on initial embeddings
Joint DKL training: 50 epochs
  Epoch 20/50  loss=-0.1673
  Epoch 40/50  loss=-0.5750
DKL training done in 0.5s
  → 1BrTeTi-1  gap=0.763 eV  best=3.751 eV  top50=0  top10%=0
Cycle  67: GP refit  (76 labelled)
  → 2TiZrTe4-1  gap=0.744 eV  best=3.751 eV  top50=0  top10%=0
Cycle  68: GP refit  (77 labelled)
  → 2CrNbTe5-1  gap=0.029 eV  best=3.751 eV  top50=0  top10%=0
Cycle  69: GP refit  (78 labelled)
  → 2IrNbTe4-1  gap=0.033 eV  best=3.751 eV  top50=0  top10%=0
Cycle  70: GP refit  (79 labelled)
  → 4AsPdSe-1  gap=1.283 eV  best=3.751 eV  top50=0  top10%=0
Cycle  71: full DKL retrain  (80 labelled)
GP warmup: 20 epochs on initial embeddings
Joint DKL training: 50 epochs
  Epoch 20/50  loss=0.0539
  Epoch 40/50  loss=-0.1856
DKL training done in 0.5s
  → 1MoCr3Te8-1  gap=0.893 eV  best=3.751 eV  top50=0  top10%=0
Cycle  72: GP refit  (81 labelled)
  → 1CrTe2-2  gap=0.869 eV  best=3.751 eV  top50=0  top10%=0
Cycle  73: GP refit  (82 labelled)
  → 2CrWTe4-1  gap=0.876 eV  best=3.751 eV  top50=0  top10%=0
Cycle  74: GP refit  (83 labelled)
  → 1CrW3Te8-1  gap=0.937 eV  best=3.751 eV  top50=0  top10%=0
Cycle  75: GP refit  (84 labelled)
  → 1CrMo3Te8-1  gap=1.105 eV  best=3.751 eV  top50=0  top10%=0
Cycle  76: full DKL retrain  (85 labelled)
GP warmup: 20 epochs on initial embeddings
Joint DKL training: 50 epochs
  Epoch 20/50  loss=0.6991
  Epoch 40/50  loss=-0.1433
DKL training done in 0.6s
  → 2OsTe2-1  gap=1.379 eV  best=3.751 eV  top50=0  top10%=0
Cycle  77: GP refit  (86 labelled)
  → 4AsPdTe-1  gap=0.967 eV  best=3.751 eV  top50=0  top10%=0
Cycle  78: GP refit  (87 labelled)
  → 1WTe2-1  gap=1.141 eV  best=3.751 eV  top50=0  top10%=0
Cycle  79: GP refit  (88 labelled)
  → 1SeTeTi-2  gap=0.600 eV  best=3.751 eV  top50=0  top10%=0
Cycle  80: GP refit  (89 labelled)
  → 1CoITe-1  gap=0.971 eV  best=3.751 eV  top50=0  top10%=0
Cycle  81: full DKL retrain  (90 labelled)
GP warmup: 20 epochs on initial embeddings
Joint DKL training: 50 epochs
  Epoch 20/50  loss=-0.4956
  Epoch 40/50  loss=-0.9441
DKL training done in 0.6s
  → 2IRhTe-2  gap=1.432 eV  best=3.751 eV  top50=0  top10%=0
Cycle  82: GP refit  (91 labelled)
  → 1HfSeTe-2  gap=0.637 eV  best=3.751 eV  top50=0  top10%=0
Cycle  83: GP refit  (92 labelled)
  → 1SeTeZr-2  gap=0.783 eV  best=3.751 eV  top50=0  top10%=0
Cycle  84: GP refit  (93 labelled)
  → 1ISbSe-2  gap=1.592 eV  best=3.751 eV  top50=0  top10%=0
Cycle  85: GP refit  (94 labelled)
  → 2HfZrTe4-1  gap=0.717 eV  best=3.751 eV  top50=0  top10%=0
Cycle  86: full DKL retrain  (95 labelled)
GP warmup: 20 epochs on initial embeddings
Joint DKL training: 50 epochs
  Epoch 20/50  loss=-0.5491
  Epoch 40/50  loss=-0.8331
DKL training done in 0.6s
  → 1TiZr3Te8-1  gap=0.793 eV  best=3.751 eV  top50=0  top10%=0
Cycle  87: GP refit  (96 labelled)
  → 1HfZr3Te8-1  gap=0.766 eV  best=3.751 eV  top50=0  top10%=0
Cycle  88: GP refit  (97 labelled)
  → 1ZrTe2-2  gap=0.836 eV  best=3.751 eV  top50=0  top10%=0
Cycle  89: GP refit  (98 labelled)
  → 1WCu2Te4-1  gap=1.488 eV  best=3.751 eV  top50=0  top10%=0
Cycle  90: GP refit  (99 labelled)
  → 2PdTeS3-1  gap=1.818 eV  best=3.751 eV  top50=0  top10%=0
Cycle  91: full DKL retrain  (100 labelled)
GP warmup: 20 epochs on initial embeddings
Joint DKL training: 50 epochs
  Epoch 20/50  loss=-0.6333
  Epoch 40/50  loss=-0.9180
DKL training done in 0.4s
  → 2SeZr-4  gap=0.355 eV  best=3.751 eV  top50=0  top10%=0
Cycle  92: GP refit  (101 labelled)
  → 2RuTe2-1  gap=1.071 eV  best=3.751 eV  top50=0  top10%=0
Cycle  93: GP refit  (102 labelled)
  → 4AsNiS-1  gap=1.507 eV  best=3.751 eV  top50=0  top10%=0
Cycle  94: GP refit  (103 labelled)
  → 1CrSTe-1  gap=0.820 eV  best=3.751 eV  top50=0  top10%=0
Cycle  95: GP refit  (104 labelled)
  → 1IIrTe-1  gap=1.821 eV  best=3.751 eV  top50=0  top10%=0
Cycle  96: full DKL retrain  (105 labelled)
GP warmup: 20 epochs on initial embeddings
Joint DKL training: 50 epochs
  Epoch 20/50  loss=-0.6465
  Epoch 40/50  loss=-1.0118
DKL training done in 0.5s
  → 1MoAu2Te4-1  gap=0.677 eV  best=3.751 eV  top50=0  top10%=0
Cycle  97: GP refit  (106 labelled)
  → 1WAu2Te4-1  gap=0.792 eV  best=3.751 eV  top50=0  top10%=0
Cycle  98: GP refit  (107 labelled)
  → 2AgTe-3  gap=0.756 eV  best=3.751 eV  top50=0  top10%=0
Cycle  99: GP refit  (108 labelled)
  → 1MoW3Te8-1  gap=1.220 eV  best=3.751 eV  top50=0  top10%=0
Cycle 100: GP refit  (109 labelled)
  → 2AgI-2  gap=2.922 eV  best=3.751 eV  top50=0  top10%=0
  dkl_finetune/seed1 → best_inwin=0.701 top50=21
BOLoop: 766 materials  |  direction=max  |  top-50 internal threshold=5.35  top-10% internal threshold=4.94
Init: 10 random labels  |  best (max) = 4.709
Cycle   1: full DKL retrain  (10 labelled)
GP warmup: 20 epochs on initial embeddings
/home/roy/Desktop/DKL-BO/venv/lib/python3.13/site-packages/torch/_compile.py:54: UserWarning: optimizer contains a parameter group with duplicate parameters; in future, this will cause an error; see github.com/pytorch/pytorch/issues/40967 for more information
  return disable_fn(*args, **kwargs)
Joint DKL training: 50 epochs
  Epoch 20/50  loss=1.6225
  Epoch 40/50  loss=1.4998
DKL training done in 0.5s
  → 1HfCl2-1  gap=1.471 eV  best=4.709 eV  top50=0  top10%=0
Cycle   2: GP refit  (11 labelled)
  → 1GeCl2-2  gap=3.875 eV  best=4.709 eV  top50=0  top10%=0
Cycle   3: GP refit  (12 labelled)
  → 2AgAuCl4-1  gap=2.332 eV  best=4.709 eV  top50=0  top10%=0
Cycle   4: GP refit  (13 labelled)
  → 4AsPdTe-1  gap=0.967 eV  best=4.709 eV  top50=0  top10%=0
Cycle   5: GP refit  (14 labelled)
  → 4AsPdSe-1  gap=1.283 eV  best=4.709 eV  top50=0  top10%=0
Cycle   6: full DKL retrain  (15 labelled)
GP warmup: 20 epochs on initial embeddings
Joint DKL training: 50 epochs
  Epoch 20/50  loss=1.2007
  Epoch 40/50  loss=1.0558
DKL training done in 0.5s
  → 1PdSe2-2  gap=0.266 eV  best=4.709 eV  top50=0  top10%=0
Cycle   7: GP refit  (16 labelled)
  → 1ZrCl2-1  gap=1.500 eV  best=4.709 eV  top50=0  top10%=0
Cycle   8: GP refit  (17 labelled)
  → 2AuTe-3  gap=0.078 eV  best=4.709 eV  top50=0  top10%=0
Cycle   9: GP refit  (18 labelled)
  → 2ZrCl2-1  gap=1.161 eV  best=4.709 eV  top50=0  top10%=0
Cycle  10: GP refit  (19 labelled)
  → 1ZrO2-3  gap=3.561 eV  best=4.709 eV  top50=0  top10%=0
Cycle  11: full DKL retrain  (20 labelled)
GP warmup: 20 epochs on initial embeddings
Joint DKL training: 50 epochs
  Epoch 20/50  loss=0.8504
  Epoch 40/50  loss=0.4966
DKL training done in 0.5s
  → 1C2O2Hf3-1  gap=0.917 eV  best=4.709 eV  top50=0  top10%=0
Cycle  12: GP refit  (21 labelled)
  → 2ZrBr2-1  gap=1.140 eV  best=4.709 eV  top50=0  top10%=0
Cycle  13: GP refit  (22 labelled)
  → 1ClSbTe-2  gap=1.891 eV  best=4.709 eV  top50=0  top10%=0
Cycle  14: GP refit  (23 labelled)
  → 1InMnBr2Se2-1  gap=0.790 eV  best=4.709 eV  top50=0  top10%=0
Cycle  15: GP refit  (24 labelled)
  → 1BiBrTe-1  gap=1.159 eV  best=4.709 eV  top50=0  top10%=0
Cycle  16: full DKL retrain  (25 labelled)
GP warmup: 20 epochs on initial embeddings
Joint DKL training: 50 epochs
  Epoch 20/50  loss=0.3303
  Epoch 40/50  loss=0.0315
DKL training done in 0.5s
  → 1ZrS2-2  gap=2.023 eV  best=4.709 eV  top50=0  top10%=0
Cycle  17: GP refit  (26 labelled)
  → 4HgSe-1  gap=0.937 eV  best=4.709 eV  top50=0  top10%=0
Cycle  18: GP refit  (27 labelled)
  → 1SeSn-1  gap=2.788 eV  best=4.709 eV  top50=0  top10%=0
Cycle  19: GP refit  (28 labelled)
  → 1PbS2-1  gap=2.299 eV  best=4.709 eV  top50=0  top10%=0
Cycle  20: GP refit  (29 labelled)
  → 1C2O2Zr3-1  gap=0.961 eV  best=4.709 eV  top50=0  top10%=0
Cycle  21: full DKL retrain  (30 labelled)
GP warmup: 20 epochs on initial embeddings
Joint DKL training: 50 epochs
  Epoch 20/50  loss=0.2612
  Epoch 40/50  loss=0.1165
DKL training done in 0.4s
  → 1STeIn2-1  gap=1.141 eV  best=4.709 eV  top50=0  top10%=0
Cycle  22: GP refit  (31 labelled)
  → 1AgAlP2Te6-1  gap=1.065 eV  best=4.709 eV  top50=0  top10%=0
Cycle  23: GP refit  (32 labelled)
  → 2AuSe-1  gap=1.561 eV  best=4.709 eV  top50=0  top10%=0
Cycle  24: GP refit  (33 labelled)
  → 1BiBrTe-2  gap=1.162 eV  best=4.709 eV  top50=0  top10%=0
Cycle  25: GP refit  (34 labelled)
  → 1WCu2Se4-1  gap=2.444 eV  best=4.709 eV  top50=0  top10%=0
Cycle  26: full DKL retrain  (35 labelled)
GP warmup: 20 epochs on initial embeddings
Joint DKL training: 50 epochs
  Epoch 20/50  loss=0.0250
  Epoch 40/50  loss=-0.2415
DKL training done in 0.5s
  → 1WAg2S4-1  gap=2.482 eV  best=4.709 eV  top50=0  top10%=0
Cycle  27: GP refit  (36 labelled)
  → 2PbTe-1  gap=0.878 eV  best=4.709 eV  top50=0  top10%=0
Cycle  28: GP refit  (37 labelled)
  → 1HfSe2-2  gap=1.626 eV  best=4.709 eV  top50=0  top10%=0
Cycle  29: GP refit  (38 labelled)
  → 1AgCrP2Te6-1  gap=1.137 eV  best=4.709 eV  top50=0  top10%=0
Cycle  30: GP refit  (39 labelled)
  → 1MoCu2Te4-1  gap=1.230 eV  best=4.709 eV  top50=0  top10%=0
Cycle  31: full DKL retrain  (40 labelled)
GP warmup: 20 epochs on initial embeddings
Joint DKL training: 50 epochs
  Epoch 20/50  loss=0.2408
  Epoch 40/50  loss=0.1177
DKL training done in 0.5s
  → 2BrIrTe-2  gap=1.869 eV  best=4.709 eV  top50=0  top10%=0
Cycle  32: GP refit  (41 labelled)
  → 1HfSTe-2  gap=0.481 eV  best=4.709 eV  top50=0  top10%=0
Cycle  33: GP refit  (42 labelled)
  → 1MoSTe-2  gap=0.233 eV  best=4.709 eV  top50=0  top10%=0
Cycle  34: GP refit  (43 labelled)
  → 2IIrTe-2  gap=1.671 eV  best=4.709 eV  top50=0  top10%=0
Cycle  35: GP refit  (44 labelled)
  → 2ClIrTe-2  gap=2.050 eV  best=4.709 eV  top50=0  top10%=0
Cycle  36: full DKL retrain  (45 labelled)
GP warmup: 20 epochs on initial embeddings
Joint DKL training: 50 epochs
  Epoch 20/50  loss=0.2256
  Epoch 40/50  loss=0.0190
DKL training done in 0.3s
  → 1NiPd3Se8-1  gap=0.702 eV  best=4.709 eV  top50=0  top10%=0
Cycle  37: GP refit  (46 labelled)
  → 1HgSe-1  gap=0.423 eV  best=4.709 eV  top50=0  top10%=0
Cycle  38: GP refit  (47 labelled)
  → 1BiClTe-2  gap=1.151 eV  best=4.709 eV  top50=0  top10%=0
Cycle  39: GP refit  (48 labelled)
  → 1HgI2-4  gap=1.370 eV  best=4.709 eV  top50=0  top10%=0
Cycle  40: GP refit  (49 labelled)
  → 1HfMnI6-1  gap=2.788 eV  best=4.709 eV  top50=0  top10%=0
Cycle  41: full DKL retrain  (50 labelled)
GP warmup: 20 epochs on initial embeddings
Joint DKL training: 50 epochs
  Epoch 20/50  loss=0.0626
  Epoch 40/50  loss=-0.2579
DKL training done in 0.6s
  → 1GaInTe2-1  gap=1.532 eV  best=4.709 eV  top50=0  top10%=0
Cycle  42: GP refit  (51 labelled)
  → 1BrCoTe-1  gap=1.810 eV  best=4.709 eV  top50=0  top10%=0
Cycle  43: GP refit  (52 labelled)
  → 1PtSeMn2S5-1  gap=1.467 eV  best=4.709 eV  top50=0  top10%=0
Cycle  44: GP refit  (53 labelled)
  → 2SeZr-4  gap=0.355 eV  best=4.709 eV  top50=0  top10%=0
Cycle  45: GP refit  (54 labelled)
  → 1MoSe2-1  gap=1.804 eV  best=4.709 eV  top50=0  top10%=0
Cycle  46: full DKL retrain  (55 labelled)
GP warmup: 20 epochs on initial embeddings
Joint DKL training: 50 epochs
  Epoch 20/50  loss=-0.0148
  Epoch 40/50  loss=-0.2667
DKL training done in 0.6s
  → 1SSeZr-1  gap=1.514 eV  best=4.709 eV  top50=0  top10%=0
Cycle  47: GP refit  (56 labelled)
  → 4AgF2-2  gap=1.637 eV  best=4.709 eV  top50=0  top10%=0
Cycle  48: GP refit  (57 labelled)
  → 1BiITe-1  gap=0.929 eV  best=4.709 eV  top50=0  top10%=0
Cycle  49: GP refit  (58 labelled)
  → 1SeTeV-1  gap=0.831 eV  best=4.709 eV  top50=0  top10%=0
Cycle  50: GP refit  (59 labelled)
  → 1HfSSe-1  gap=1.512 eV  best=4.709 eV  top50=0  top10%=0
Cycle  51: full DKL retrain  (60 labelled)
GP warmup: 20 epochs on initial embeddings
Joint DKL training: 50 epochs
  Epoch 20/50  loss=-0.4404
  Epoch 40/50  loss=-0.6349
DKL training done in 0.5s
  → 1C2F2S2Zr3-1  gap=0.025 eV  best=4.709 eV  top50=0  top10%=0
Cycle  52: GP refit  (61 labelled)
  → 1N2O2Zr3-1  gap=0.616 eV  best=4.709 eV  top50=0  top10%=0
Cycle  53: GP refit  (62 labelled)
  → 2AgS-1  gap=1.557 eV  best=4.709 eV  top50=0  top10%=0
Cycle  54: GP refit  (63 labelled)
  → 1InN-1  gap=1.565 eV  best=4.709 eV  top50=0  top10%=0
Cycle  55: GP refit  (64 labelled)
  → 1CrW3Se8-1  gap=1.333 eV  best=4.709 eV  top50=0  top10%=0
Cycle  56: full DKL retrain  (65 labelled)
GP warmup: 20 epochs on initial embeddings
Joint DKL training: 50 epochs
  Epoch 20/50  loss=-0.3466
  Epoch 40/50  loss=-0.5057
DKL training done in 0.6s
  → 1N2O2Hf3-1  gap=0.508 eV  best=4.709 eV  top50=0  top10%=0
Cycle  57: GP refit  (66 labelled)
  → 1SSeW-1  gap=1.911 eV  best=4.709 eV  top50=0  top10%=0
Cycle  58: GP refit  (67 labelled)
  → 1MoCr3Te8-1  gap=0.893 eV  best=4.709 eV  top50=0  top10%=0
Cycle  59: GP refit  (68 labelled)
  → 4PPdSe-1  gap=1.963 eV  best=4.709 eV  top50=0  top10%=0
Cycle  60: GP refit  (69 labelled)
  → 1MoW3Se8-1  gap=1.749 eV  best=4.709 eV  top50=0  top10%=0
Cycle  61: full DKL retrain  (70 labelled)
GP warmup: 20 epochs on initial embeddings
Joint DKL training: 50 epochs
  Epoch 20/50  loss=-0.1771
  Epoch 40/50  loss=-0.3705
DKL training done in 0.6s
  → 1AsIn-1  gap=1.234 eV  best=4.709 eV  top50=0  top10%=0
Cycle  62: GP refit  (71 labelled)
  → 1PbSe2-1  gap=1.847 eV  best=4.709 eV  top50=0  top10%=0
Cycle  63: GP refit  (72 labelled)
  → 1CrTe2-2  gap=0.869 eV  best=4.709 eV  top50=0  top10%=0
Cycle  64: GP refit  (73 labelled)
  → 2ITl-3  gap=2.762 eV  best=4.709 eV  top50=0  top10%=0
Cycle  65: GP refit  (74 labelled)
  → 1CrSeTe-1  gap=0.994 eV  best=4.709 eV  top50=0  top10%=0
Cycle  66: full DKL retrain  (75 labelled)
GP warmup: 20 epochs on initial embeddings
Joint DKL training: 50 epochs
  Epoch 20/50  loss=-0.2479
  Epoch 40/50  loss=-0.4378
DKL training done in 0.5s
  → 2FRb-1  gap=6.553 eV  best=6.553 eV  top50=1  top10%=1
Cycle  67: GP refit  (76 labelled)
  → 2IrTaTe4-1  gap=0.119 eV  best=6.553 eV  top50=1  top10%=1
Cycle  68: GP refit  (77 labelled)
  → 2InTe-1  gap=1.812 eV  best=6.553 eV  top50=1  top10%=1
Cycle  69: GP refit  (78 labelled)
  → 2RuSe2-1  gap=1.595 eV  best=6.553 eV  top50=1  top10%=1
Cycle  70: GP refit  (79 labelled)
  → 2AuCl-4  gap=0.777 eV  best=6.553 eV  top50=1  top10%=1
Cycle  71: full DKL retrain  (80 labelled)
GP warmup: 20 epochs on initial embeddings
Joint DKL training: 50 epochs
  Epoch 20/50  loss=0.9149
  Epoch 40/50  loss=0.0564
DKL training done in 0.6s
  → 2AgF-3  gap=2.475 eV  best=6.553 eV  top50=1  top10%=1
Cycle  72: GP refit  (81 labelled)
  → 1HfTi3Te8-1  gap=0.724 eV  best=6.553 eV  top50=1  top10%=1
Cycle  73: GP refit  (82 labelled)
  → 1AgMoBr4-1  gap=2.166 eV  best=6.553 eV  top50=1  top10%=1
Cycle  74: GP refit  (83 labelled)
  → 2CrNbTe5-1  gap=0.029 eV  best=6.553 eV  top50=1  top10%=1
Cycle  75: GP refit  (84 labelled)
  → 2TeV-4  gap=0.774 eV  best=6.553 eV  top50=1  top10%=1
Cycle  76: full DKL retrain  (85 labelled)
GP warmup: 20 epochs on initial embeddings
Joint DKL training: 50 epochs
  Epoch 20/50  loss=0.1231
  Epoch 40/50  loss=-0.0081
DKL training done in 0.4s
  → 1AsClTe-1  gap=2.147 eV  best=6.553 eV  top50=1  top10%=1
Cycle  77: GP refit  (86 labelled)
  → 1AsBrTe-1  gap=1.839 eV  best=6.553 eV  top50=1  top10%=1
Cycle  78: GP refit  (87 labelled)
  → 1AsITe-1  gap=1.502 eV  best=6.553 eV  top50=1  top10%=1
Cycle  79: GP refit  (88 labelled)
  → 2FeSe2-1  gap=1.053 eV  best=6.553 eV  top50=1  top10%=1
Cycle  80: GP refit  (89 labelled)
  → 1AsISe-1  gap=1.685 eV  best=6.553 eV  top50=1  top10%=1
Cycle  81: full DKL retrain  (90 labelled)
GP warmup: 20 epochs on initial embeddings
Joint DKL training: 50 epochs
  Epoch 20/50  loss=-0.1007
  Epoch 40/50  loss=-0.2429
DKL training done in 0.5s
  → 1TeNb3Br7-1  gap=1.436 eV  best=6.553 eV  top50=1  top10%=1
Cycle  82: GP refit  (91 labelled)
  → 1ClIZr-1  gap=1.317 eV  best=6.553 eV  top50=1  top10%=1
Cycle  83: GP refit  (92 labelled)
  → 1ClHfI-1  gap=1.295 eV  best=6.553 eV  top50=1  top10%=1
Cycle  84: GP refit  (93 labelled)
  → 1Nb3Cl8-1  gap=0.912 eV  best=6.553 eV  top50=1  top10%=1
Cycle  85: GP refit  (94 labelled)
  → 1SeNb3Cl7-1  gap=1.601 eV  best=6.553 eV  top50=1  top10%=1
Cycle  86: full DKL retrain  (95 labelled)
GP warmup: 20 epochs on initial embeddings
Joint DKL training: 50 epochs
  Epoch 20/50  loss=-0.1025
  Epoch 40/50  loss=-0.3506
DKL training done in 0.6s
  → 1AgCrAs2Se6-1  gap=1.270 eV  best=6.553 eV  top50=1  top10%=1
Cycle  87: GP refit  (96 labelled)
  → 2AgTe-3  gap=0.756 eV  best=6.553 eV  top50=1  top10%=1
Cycle  88: GP refit  (97 labelled)
  → 1OTeW-1  gap=1.209 eV  best=6.553 eV  top50=1  top10%=1
Cycle  89: GP refit  (98 labelled)
  → 1IPd2Cl5-1  gap=1.393 eV  best=6.553 eV  top50=1  top10%=1
Cycle  90: GP refit  (99 labelled)
  → 1HgCl2-3  gap=3.201 eV  best=6.553 eV  top50=1  top10%=1
Cycle  91: full DKL retrain  (100 labelled)
GP warmup: 20 epochs on initial embeddings
Joint DKL training: 50 epochs
  Epoch 20/50  loss=-0.2188
  Epoch 40/50  loss=-0.4737
DKL training done in 0.6s
  → 2AlTe-1  gap=2.363 eV  best=6.553 eV  top50=1  top10%=1
Cycle  92: GP refit  (101 labelled)
  → 1GaN-1  gap=3.090 eV  best=6.553 eV  top50=1  top10%=1
Cycle  93: GP refit  (102 labelled)
  → 1AlN-1  gap=4.048 eV  best=6.553 eV  top50=1  top10%=1
Cycle  94: GP refit  (103 labelled)
  → 2AgCl-7  gap=3.462 eV  best=6.553 eV  top50=1  top10%=1
Cycle  95: GP refit  (104 labelled)
  → 1TeNb3Cl7-1  gap=1.542 eV  best=6.553 eV  top50=1  top10%=1
Cycle  96: full DKL retrain  (105 labelled)
GP warmup: 20 epochs on initial embeddings
Joint DKL training: 50 epochs
  Epoch 20/50  loss=0.3691
  Epoch 40/50  loss=0.1315
DKL training done in 0.5s
  → 1MoSTe-1  gap=1.585 eV  best=6.553 eV  top50=1  top10%=1
Cycle  97: GP refit  (106 labelled)
  → 1BrClV-1  gap=3.751 eV  best=6.553 eV  top50=1  top10%=1
Cycle  98: GP refit  (107 labelled)
  → 1MnNbSe4-1  gap=0.598 eV  best=6.553 eV  top50=1  top10%=1
Cycle  99: GP refit  (108 labelled)
  → 1BrIZr-1  gap=1.174 eV  best=6.553 eV  top50=1  top10%=1
Cycle 100: GP refit  (109 labelled)
  → 1BrHfI-1  gap=1.157 eV  best=6.553 eV  top50=1  top10%=1
  dkl_finetune/seed2 → best_inwin=0.702 top50=10
BOLoop: 766 materials  |  direction=max  |  top-50 internal threshold=5.35  top-10% internal threshold=4.94
Init: 10 random labels  |  best (max) = 4.523
Cycle   1: full DKL retrain  (10 labelled)
GP warmup: 20 epochs on initial embeddings
/home/roy/Desktop/DKL-BO/venv/lib/python3.13/site-packages/torch/_compile.py:54: UserWarning: optimizer contains a parameter group with duplicate parameters; in future, this will cause an error; see github.com/pytorch/pytorch/issues/40967 for more information
  return disable_fn(*args, **kwargs)
Joint DKL training: 50 epochs
  Epoch 20/50  loss=1.6494
  Epoch 40/50  loss=1.5088
DKL training done in 0.5s
  → 2AuCl-4  gap=0.777 eV  best=4.523 eV  top50=0  top10%=0
Cycle   2: GP refit  (11 labelled)
  → 2NRbRuSF5-1  gap=2.622 eV  best=4.523 eV  top50=0  top10%=0
Cycle   3: GP refit  (12 labelled)
  → 4AsPdSe-1  gap=1.283 eV  best=4.523 eV  top50=0  top10%=0
Cycle   4: GP refit  (13 labelled)
  → 1AgInP2S6-1  gap=2.365 eV  best=4.523 eV  top50=0  top10%=0
Cycle   5: GP refit  (14 labelled)
  → 2GaS-1  gap=3.197 eV  best=4.523 eV  top50=0  top10%=0
Cycle   6: full DKL retrain  (15 labelled)
GP warmup: 20 epochs on initial embeddings
Joint DKL training: 50 epochs
  Epoch 20/50  loss=0.9574
  Epoch 40/50  loss=0.8172
DKL training done in 0.5s
  → 2AuS-1  gap=2.010 eV  best=4.523 eV  top50=0  top10%=0
Cycle   7: GP refit  (16 labelled)
  → 1PdSe2-2  gap=0.266 eV  best=4.523 eV  top50=0  top10%=0
Cycle   8: GP refit  (17 labelled)
  → 1AgInP2Se6-1  gap=1.707 eV  best=4.523 eV  top50=0  top10%=0
Cycle   9: GP refit  (18 labelled)
  → 1AgScP2Se6-1  gap=2.775 eV  best=4.523 eV  top50=0  top10%=0
Cycle  10: GP refit  (19 labelled)
  → 4PPdSe-1  gap=1.963 eV  best=4.523 eV  top50=0  top10%=0
Cycle  11: full DKL retrain  (20 labelled)
GP warmup: 20 epochs on initial embeddings
Joint DKL training: 50 epochs
  Epoch 20/50  loss=0.8824
  Epoch 40/50  loss=0.6687
DKL training done in 0.5s
  → 1SNb3F7-1  gap=1.872 eV  best=4.523 eV  top50=0  top10%=0
Cycle  12: GP refit  (21 labelled)
  → 2AuSe-1  gap=1.561 eV  best=4.523 eV  top50=0  top10%=0
Cycle  13: GP refit  (22 labelled)
  → 1InMnBr2Se2-1  gap=0.790 eV  best=4.523 eV  top50=0  top10%=0
Cycle  14: GP refit  (23 labelled)
  → 1AgMoBr4-1  gap=2.166 eV  best=4.523 eV  top50=0  top10%=0
Cycle  15: GP refit  (24 labelled)
  → 1TeTa3Br7-1  gap=1.397 eV  best=4.523 eV  top50=0  top10%=0
Cycle  16: full DKL retrain  (25 labelled)
GP warmup: 20 epochs on initial embeddings
Joint DKL training: 50 epochs
  Epoch 20/50  loss=0.3253
  Epoch 40/50  loss=0.0873
DKL training done in 0.6s
  → 2CuSe-4  gap=1.116 eV  best=4.523 eV  top50=0  top10%=0
Cycle  17: GP refit  (26 labelled)
  → 2FRhSe-1  gap=2.223 eV  best=4.523 eV  top50=0  top10%=0
Cycle  18: GP refit  (27 labelled)
  → 2BrCu-3  gap=3.475 eV  best=4.523 eV  top50=0  top10%=0
Cycle  19: GP refit  (28 labelled)
  → 2IrNbS4-1  gap=1.253 eV  best=4.523 eV  top50=0  top10%=0
Cycle  20: GP refit  (29 labelled)
  → 1STeIn2-1  gap=1.141 eV  best=4.523 eV  top50=0  top10%=0
Cycle  21: full DKL retrain  (30 labelled)
GP warmup: 20 epochs on initial embeddings
Joint DKL training: 50 epochs
  Epoch 20/50  loss=0.4759
  Epoch 40/50  loss=-0.0166
DKL training done in 0.5s
  → 2InO-2  gap=0.920 eV  best=4.523 eV  top50=0  top10%=0
Cycle  22: GP refit  (31 labelled)
  → 2OsS2-1  gap=1.387 eV  best=4.523 eV  top50=0  top10%=0
Cycle  23: GP refit  (32 labelled)
  → 4TaS3-1  gap=0.823 eV  best=4.523 eV  top50=0  top10%=0
Cycle  24: GP refit  (33 labelled)
  → 2BrMnSbS2-2  gap=1.201 eV  best=4.523 eV  top50=0  top10%=0
Cycle  25: GP refit  (34 labelled)
  → 1MoOSe-1  gap=1.512 eV  best=4.523 eV  top50=0  top10%=0
Cycle  26: full DKL retrain  (35 labelled)
GP warmup: 20 epochs on initial embeddings
Joint DKL training: 50 epochs
  Epoch 20/50  loss=0.2131
  Epoch 40/50  loss=-0.3066
DKL training done in 0.5s
  → 2BrIrS-2  gap=2.065 eV  best=4.523 eV  top50=0  top10%=0
Cycle  27: GP refit  (36 labelled)
  → 1NiPd3Se8-1  gap=0.702 eV  best=4.523 eV  top50=0  top10%=0
Cycle  28: GP refit  (37 labelled)
  → 2ClIrS-2  gap=2.204 eV  best=4.523 eV  top50=0  top10%=0
Cycle  29: GP refit  (38 labelled)
  → 2ClIrTe-2  gap=2.050 eV  best=4.523 eV  top50=0  top10%=0
Cycle  30: GP refit  (39 labelled)
  → 1AuInCl2S2-1  gap=2.584 eV  best=4.523 eV  top50=0  top10%=0
Cycle  31: full DKL retrain  (40 labelled)
GP warmup: 20 epochs on initial embeddings
Joint DKL training: 50 epochs
  Epoch 20/50  loss=0.1688
  Epoch 40/50  loss=-0.1650
DKL training done in 0.6s
  → 2HInSeO4-1  gap=5.487 eV  best=5.487 eV  top50=1  top10%=1
Cycle  32: GP refit  (41 labelled)
  → 2IMnSbSe2-2  gap=0.701 eV  best=5.487 eV  top50=1  top10%=1
Cycle  33: GP refit  (42 labelled)
  → 2OsSe2-1  gap=1.389 eV  best=5.487 eV  top50=1  top10%=1
Cycle  34: GP refit  (43 labelled)
  → 2CrNbTe5-1  gap=0.029 eV  best=5.487 eV  top50=1  top10%=1
Cycle  35: GP refit  (44 labelled)
  → 4AsPdTe-1  gap=0.967 eV  best=5.487 eV  top50=1  top10%=1
Cycle  36: full DKL retrain  (45 labelled)
GP warmup: 20 epochs on initial embeddings
Joint DKL training: 50 epochs
  Epoch 20/50  loss=0.4933
  Epoch 40/50  loss=0.3075
DKL training done in 0.5s
  → 2IIrTe-2  gap=1.671 eV  best=5.487 eV  top50=1  top10%=1
Cycle  37: GP refit  (46 labelled)
  → 1BrClI2O2V2-1  gap=2.590 eV  best=5.487 eV  top50=1  top10%=1
Cycle  38: GP refit  (47 labelled)
  → 1OVI2-1  gap=1.849 eV  best=5.487 eV  top50=1  top10%=1
Cycle  39: GP refit  (48 labelled)
  → 2AuBr-2  gap=1.222 eV  best=5.487 eV  top50=1  top10%=1
Cycle  40: GP refit  (49 labelled)
  → 2IIrSe-2  gap=1.857 eV  best=5.487 eV  top50=1  top10%=1
Cycle  41: full DKL retrain  (50 labelled)
GP warmup: 20 epochs on initial embeddings
Joint DKL training: 50 epochs
  Epoch 20/50  loss=0.0751
  Epoch 40/50  loss=-0.0756
DKL training done in 0.5s
  → 2AgBr-3  gap=3.092 eV  best=5.487 eV  top50=1  top10%=1
Cycle  42: GP refit  (51 labelled)
  → 2IrNbTe4-1  gap=0.033 eV  best=5.487 eV  top50=1  top10%=1
Cycle  43: GP refit  (52 labelled)
  → 1MoW3Te8-1  gap=1.220 eV  best=5.487 eV  top50=1  top10%=1
Cycle  44: GP refit  (53 labelled)
  → 2OsTe2-1  gap=1.379 eV  best=5.487 eV  top50=1  top10%=1
Cycle  45: GP refit  (54 labelled)
  → 2IrTaS4-1  gap=1.331 eV  best=5.487 eV  top50=1  top10%=1
Cycle  46: full DKL retrain  (55 labelled)
GP warmup: 20 epochs on initial embeddings
Joint DKL training: 50 epochs
  Epoch 20/50  loss=0.0882
  Epoch 40/50  loss=-0.0948
DKL training done in 0.5s
  → 1MoSe2-1  gap=1.804 eV  best=5.487 eV  top50=1  top10%=1
Cycle  47: GP refit  (56 labelled)
  → 2CrMoTe4-1  gap=0.980 eV  best=5.487 eV  top50=1  top10%=1
Cycle  48: GP refit  (57 labelled)
  → 1MoSTe-1  gap=1.585 eV  best=5.487 eV  top50=1  top10%=1
Cycle  49: GP refit  (58 labelled)
  → 2CsNRuSF5-1  gap=2.579 eV  best=5.487 eV  top50=1  top10%=1
Cycle  50: GP refit  (59 labelled)
  → 2MoWTe4-1  gap=1.279 eV  best=5.487 eV  top50=1  top10%=1
Cycle  51: full DKL retrain  (60 labelled)
GP warmup: 20 epochs on initial embeddings
Joint DKL training: 50 epochs
  Epoch 20/50  loss=-0.1956
  Epoch 40/50  loss=-0.3238
DKL training done in 0.5s
  → 1TeNb3Br7-1  gap=1.436 eV  best=5.487 eV  top50=1  top10%=1
Cycle  52: GP refit  (61 labelled)
  → 1MoCu2Te4-1  gap=1.230 eV  best=5.487 eV  top50=1  top10%=1
Cycle  53: GP refit  (62 labelled)
  → 1Ta3I8-1  gap=0.694 eV  best=5.487 eV  top50=1  top10%=1
Cycle  54: GP refit  (63 labelled)
  → 1AsITe-2  gap=0.872 eV  best=5.487 eV  top50=1  top10%=1
Cycle  55: GP refit  (64 labelled)
  → 1MoTe2-1  gap=1.370 eV  best=5.487 eV  top50=1  top10%=1
Cycle  56: full DKL retrain  (65 labelled)
GP warmup: 20 epochs on initial embeddings
Joint DKL training: 50 epochs
  Epoch 20/50  loss=-0.2026
  Epoch 40/50  loss=-0.6180
DKL training done in 0.6s
  → 1SeTa3I7-1  gap=1.256 eV  best=5.487 eV  top50=1  top10%=1
Cycle  57: GP refit  (66 labelled)
  → 2CrWTe4-1  gap=0.876 eV  best=5.487 eV  top50=1  top10%=1
Cycle  58: GP refit  (67 labelled)
  → 2GaI-1  gap=2.399 eV  best=5.487 eV  top50=1  top10%=1
Cycle  59: GP refit  (68 labelled)
  → 1OTeW-1  gap=1.209 eV  best=5.487 eV  top50=1  top10%=1
Cycle  60: GP refit  (69 labelled)
  → 2NbOI2-1  gap=1.845 eV  best=5.487 eV  top50=1  top10%=1
Cycle  61: full DKL retrain  (70 labelled)
GP warmup: 20 epochs on initial embeddings
Joint DKL training: 50 epochs
  Epoch 20/50  loss=-0.4509
  Epoch 40/50  loss=-0.5967
DKL training done in 0.5s
  → 1ClIV-1  gap=3.537 eV  best=5.487 eV  top50=1  top10%=1
Cycle  62: GP refit  (71 labelled)
  → 1SNb3I7-1  gap=1.235 eV  best=5.487 eV  top50=1  top10%=1
Cycle  63: GP refit  (72 labelled)
  → 1CrMo3Te8-1  gap=1.105 eV  best=5.487 eV  top50=1  top10%=1
Cycle  64: GP refit  (73 labelled)
  → 1CrW3Te8-1  gap=0.937 eV  best=5.487 eV  top50=1  top10%=1
Cycle  65: GP refit  (74 labelled)
  → 1TeTa3I7-1  gap=1.223 eV  best=5.487 eV  top50=1  top10%=1
Cycle  66: full DKL retrain  (75 labelled)
GP warmup: 20 epochs on initial embeddings
Joint DKL training: 50 epochs
  Epoch 20/50  loss=-0.1818
  Epoch 40/50  loss=-0.3585
DKL training done in 0.6s
  → 2AuI-3  gap=1.592 eV  best=5.487 eV  top50=1  top10%=1
Cycle  67: GP refit  (76 labelled)
  → 1WAu2Te4-1  gap=0.792 eV  best=5.487 eV  top50=1  top10%=1
Cycle  68: GP refit  (77 labelled)
  → 1InSb-1  gap=0.945 eV  best=5.487 eV  top50=1  top10%=1
Cycle  69: GP refit  (78 labelled)
  → 1PdZrBr6-1  gap=1.974 eV  best=5.487 eV  top50=1  top10%=1
Cycle  70: GP refit  (79 labelled)
  → 1InNbBr6-1  gap=1.473 eV  best=5.487 eV  top50=1  top10%=1
Cycle  71: full DKL retrain  (80 labelled)
GP warmup: 20 epochs on initial embeddings
Joint DKL training: 50 epochs
  Epoch 20/50  loss=-0.3854
  Epoch 40/50  loss=-0.5676
DKL training done in 0.5s
  → 1AsIn-1  gap=1.234 eV  best=5.487 eV  top50=1  top10%=1
Cycle  72: GP refit  (81 labelled)
  → 1PdZnP2Se6-1  gap=0.796 eV  best=5.487 eV  top50=1  top10%=1
Cycle  73: GP refit  (82 labelled)
  → 1ISbTe-2  gap=1.442 eV  best=5.487 eV  top50=1  top10%=1
Cycle  74: GP refit  (83 labelled)
  → 1Nb3I8-1  gap=0.824 eV  best=5.487 eV  top50=1  top10%=1
Cycle  75: GP refit  (84 labelled)
  → 2PdTeS3-1  gap=1.818 eV  best=5.487 eV  top50=1  top10%=1
Cycle  76: full DKL retrain  (85 labelled)
GP warmup: 20 epochs on initial embeddings
Joint DKL training: 50 epochs
  Epoch 20/50  loss=-0.6356
  Epoch 40/50  loss=-0.7968
DKL training done in 0.5s
  → 1BiITe-2  gap=0.995 eV  best=5.487 eV  top50=1  top10%=1
Cycle  77: GP refit  (86 labelled)
  → 1STa3F7-1  gap=1.799 eV  best=5.487 eV  top50=1  top10%=1
Cycle  78: GP refit  (87 labelled)
  → 1HfMnI6-1  gap=2.788 eV  best=5.487 eV  top50=1  top10%=1
Cycle  79: GP refit  (88 labelled)
  → 1HfPdI6-1  gap=1.368 eV  best=5.487 eV  top50=1  top10%=1
Cycle  80: GP refit  (89 labelled)
  → 1CrW3Se8-1  gap=1.333 eV  best=5.487 eV  top50=1  top10%=1
Cycle  81: full DKL retrain  (90 labelled)
GP warmup: 20 epochs on initial embeddings
Joint DKL training: 50 epochs
  Epoch 20/50  loss=-0.5446
  Epoch 40/50  loss=-0.7486
DKL training done in 0.6s
  → 1AsBrTe-2  gap=1.662 eV  best=5.487 eV  top50=1  top10%=1
Cycle  82: GP refit  (91 labelled)
  → 1AsITe-1  gap=1.502 eV  best=5.487 eV  top50=1  top10%=1
Cycle  83: GP refit  (92 labelled)
  → 1AsBrTe-1  gap=1.839 eV  best=5.487 eV  top50=1  top10%=1
Cycle  84: GP refit  (93 labelled)
  → 1TeNb3I7-1  gap=1.241 eV  best=5.487 eV  top50=1  top10%=1
Cycle  85: GP refit  (94 labelled)
  → 2InSe-1  gap=2.055 eV  best=5.487 eV  top50=1  top10%=1
Cycle  86: full DKL retrain  (95 labelled)
GP warmup: 20 epochs on initial embeddings
Joint DKL training: 50 epochs
  Epoch 20/50  loss=-0.2642
  Epoch 40/50  loss=-0.3818
DKL training done in 0.6s
  → 2RuS2-1  gap=1.583 eV  best=5.487 eV  top50=1  top10%=1
Cycle  87: GP refit  (96 labelled)
  → 2TlCl2-1  gap=2.820 eV  best=5.487 eV  top50=1  top10%=1
Cycle  88: GP refit  (97 labelled)
  → 4NbS3-2  gap=1.030 eV  best=5.487 eV  top50=1  top10%=1
Cycle  89: GP refit  (98 labelled)
  → 1WCr3Te8-1  gap=0.841 eV  best=5.487 eV  top50=1  top10%=1
Cycle  90: GP refit  (99 labelled)
  → 2ClMnSbS2-2  gap=1.242 eV  best=5.487 eV  top50=1  top10%=1
Cycle  91: full DKL retrain  (100 labelled)
GP warmup: 20 epochs on initial embeddings
Joint DKL training: 50 epochs
  Epoch 20/50  loss=-0.2948
  Epoch 40/50  loss=-0.4708
DKL training done in 0.6s
  → 2PdSeO3-1  gap=2.663 eV  best=5.487 eV  top50=1  top10%=1
Cycle  92: GP refit  (101 labelled)
  → 1MoCr3Te8-1  gap=0.893 eV  best=5.487 eV  top50=1  top10%=1
Cycle  93: GP refit  (102 labelled)
  → 1CrTe2-2  gap=0.869 eV  best=5.487 eV  top50=1  top10%=1
Cycle  94: GP refit  (103 labelled)
  → 1BaI2-2  gap=4.274 eV  best=5.487 eV  top50=1  top10%=1
Cycle  95: GP refit  (104 labelled)
  → 1BrITl2-1  gap=2.587 eV  best=5.487 eV  top50=1  top10%=1
Cycle  96: full DKL retrain  (105 labelled)
GP warmup: 20 epochs on initial embeddings
Joint DKL training: 50 epochs
  Epoch 20/50  loss=0.0173
  Epoch 40/50  loss=-0.2193
DKL training done in 0.5s
  → 1WCu2Se4-1  gap=2.444 eV  best=5.487 eV  top50=1  top10%=1
Cycle  97: GP refit  (106 labelled)
  → 1ClCrTe-1  gap=1.108 eV  best=5.487 eV  top50=1  top10%=1
Cycle  98: GP refit  (107 labelled)
  → 1WMo3Te8-1  gap=1.326 eV  best=5.487 eV  top50=1  top10%=1
Cycle  99: GP refit  (108 labelled)
  → 1WTe2-1  gap=1.141 eV  best=5.487 eV  top50=1  top10%=1
Cycle 100: GP refit  (109 labelled)
  → 2TeTl-2  gap=0.681 eV  best=5.487 eV  top50=1  top10%=1
  dkl_finetune/seed3 → best_inwin=0.701 top50=13
BOLoop: 766 materials  |  direction=max  |  top-50 internal threshold=5.35  top-10% internal threshold=4.94
Init: 10 random labels  |  best (max) = 3.271
Cycle   1: full DKL retrain  (10 labelled)
GP warmup: 20 epochs on initial embeddings
/home/roy/Desktop/DKL-BO/venv/lib/python3.13/site-packages/torch/_compile.py:54: UserWarning: optimizer contains a parameter group with duplicate parameters; in future, this will cause an error; see github.com/pytorch/pytorch/issues/40967 for more information
  return disable_fn(*args, **kwargs)
Joint DKL training: 50 epochs
  Epoch 20/50  loss=1.1761
  Epoch 40/50  loss=1.0872
DKL training done in 0.5s
  → 1ISbSe-2  gap=1.592 eV  best=3.271 eV  top50=0  top10%=0
Cycle   2: GP refit  (11 labelled)
  → 1BrITi-1  gap=1.037 eV  best=3.271 eV  top50=0  top10%=0
Cycle   3: GP refit  (12 labelled)
  → 1SSeTi-2  gap=1.342 eV  best=3.271 eV  top50=0  top10%=0
Cycle   4: GP refit  (13 labelled)
  → 1CrSe2-1  gap=1.128 eV  best=3.271 eV  top50=0  top10%=0
Cycle   5: GP refit  (14 labelled)
  → 2ZrCl2-1  gap=1.161 eV  best=3.271 eV  top50=0  top10%=0
Cycle   6: full DKL retrain  (15 labelled)
GP warmup: 20 epochs on initial embeddings
Joint DKL training: 50 epochs
  Epoch 20/50  loss=-0.2621
  Epoch 40/50  loss=-0.4179
DKL training done in 0.5s
  → 1ZrCl2-1  gap=1.500 eV  best=3.271 eV  top50=0  top10%=0
Cycle   7: GP refit  (16 labelled)
  → 1NiZrF6-1  gap=6.164 eV  best=6.164 eV  top50=1  top10%=1
Cycle   8: GP refit  (17 labelled)
  → 2ClIrTe-2  gap=2.050 eV  best=6.164 eV  top50=1  top10%=1
Cycle   9: GP refit  (18 labelled)
  → 1SeTeV-1  gap=0.831 eV  best=6.164 eV  top50=1  top10%=1
Cycle  10: GP refit  (19 labelled)
  → 1ZrTi3Se8-1  gap=1.563 eV  best=6.164 eV  top50=1  top10%=1
Cycle  11: full DKL retrain  (20 labelled)
GP warmup: 20 epochs on initial embeddings
Joint DKL training: 50 epochs
  Epoch 20/50  loss=6.0537
  Epoch 40/50  loss=1.5612
DKL training done in 0.5s
  → 1RuCl2-3  gap=0.908 eV  best=6.164 eV  top50=1  top10%=1
Cycle  12: GP refit  (21 labelled)
  → 2RuSe2-1  gap=1.595 eV  best=6.164 eV  top50=1  top10%=1
Cycle  13: GP refit  (22 labelled)
  → 1BrClTi-1  gap=1.297 eV  best=6.164 eV  top50=1  top10%=1
Cycle  14: GP refit  (23 labelled)
  → 1AsIS-2  gap=0.810 eV  best=6.164 eV  top50=1  top10%=1
Cycle  15: GP refit  (24 labelled)
  → 1ZnI2-3  gap=1.644 eV  best=6.164 eV  top50=1  top10%=1
Cycle  16: full DKL retrain  (25 labelled)
GP warmup: 20 epochs on initial embeddings
Joint DKL training: 50 epochs
  Epoch 20/50  loss=0.4893
  Epoch 40/50  loss=0.1582
DKL training done in 0.4s
  → 1CrSeTe-1  gap=0.994 eV  best=6.164 eV  top50=1  top10%=1
Cycle  17: GP refit  (26 labelled)
  → 1YCl2-1  gap=0.999 eV  best=6.164 eV  top50=1  top10%=1
Cycle  18: GP refit  (27 labelled)
  → 1AsClTe-2  gap=1.824 eV  best=6.164 eV  top50=1  top10%=1
Cycle  19: GP refit  (28 labelled)
  → 1AsClS-2  gap=2.443 eV  best=6.164 eV  top50=1  top10%=1
Cycle  20: GP refit  (29 labelled)
  → 1TiCl2-1  gap=1.395 eV  best=6.164 eV  top50=1  top10%=1
Cycle  21: full DKL retrain  (30 labelled)
GP warmup: 20 epochs on initial embeddings
Joint DKL training: 50 epochs
  Epoch 20/50  loss=0.8102
  Epoch 40/50  loss=0.4153
DKL training done in 0.7s
  → 1MgI2-3  gap=3.448 eV  best=6.164 eV  top50=1  top10%=1
Cycle  22: GP refit  (31 labelled)
  → 1Nb3I8-1  gap=0.824 eV  best=6.164 eV  top50=1  top10%=1
Cycle  23: GP refit  (32 labelled)
  → 1ONb3I7-1  gap=0.952 eV  best=6.164 eV  top50=1  top10%=1
Cycle  24: GP refit  (33 labelled)
  → 2NbOI2-1  gap=1.845 eV  best=6.164 eV  top50=1  top10%=1
Cycle  25: GP refit  (34 labelled)
  → 1TeNb3I7-1  gap=1.241 eV  best=6.164 eV  top50=1  top10%=1
Cycle  26: full DKL retrain  (35 labelled)
GP warmup: 20 epochs on initial embeddings
Joint DKL training: 50 epochs
  Epoch 20/50  loss=0.7349
  Epoch 40/50  loss=0.4391
DKL training done in 0.5s
  → 1BrClZr-1  gap=1.397 eV  best=6.164 eV  top50=1  top10%=1
Cycle  27: GP refit  (36 labelled)
  → 2CrWTe4-1  gap=0.876 eV  best=6.164 eV  top50=1  top10%=1
Cycle  28: GP refit  (37 labelled)
  → 2CrMoTe4-1  gap=0.980 eV  best=6.164 eV  top50=1  top10%=1
Cycle  29: GP refit  (38 labelled)
  → 1BrTeTi-1  gap=0.763 eV  best=6.164 eV  top50=1  top10%=1
Cycle  30: GP refit  (39 labelled)
  → 1BrHfI-1  gap=1.157 eV  best=6.164 eV  top50=1  top10%=1
Cycle  31: full DKL retrain  (40 labelled)
GP warmup: 20 epochs on initial embeddings
Joint DKL training: 50 epochs
  Epoch 20/50  loss=0.2728
  Epoch 40/50  loss=-0.0338
DKL training done in 0.5s
  → 1CrW3Te8-1  gap=0.937 eV  best=6.164 eV  top50=1  top10%=1
Cycle  32: GP refit  (41 labelled)
  → 1TiZr3Te8-1  gap=0.793 eV  best=6.164 eV  top50=1  top10%=1
Cycle  33: GP refit  (42 labelled)
  → 1HfTi3Te8-1  gap=0.724 eV  best=6.164 eV  top50=1  top10%=1
Cycle  34: GP refit  (43 labelled)
  → 1ZrTe2-2  gap=0.836 eV  best=6.164 eV  top50=1  top10%=1
Cycle  35: GP refit  (44 labelled)
  → 1ClHfI-1  gap=1.295 eV  best=6.164 eV  top50=1  top10%=1
Cycle  36: full DKL retrain  (45 labelled)
GP warmup: 20 epochs on initial embeddings
Joint DKL training: 50 epochs
  Epoch 20/50  loss=0.2818
  Epoch 40/50  loss=-0.1160
DKL training done in 0.4s
  → 2OsTe2-1  gap=1.379 eV  best=6.164 eV  top50=1  top10%=1
Cycle  37: GP refit  (46 labelled)
  → 1HfZr3Te8-1  gap=0.766 eV  best=6.164 eV  top50=1  top10%=1
Cycle  38: GP refit  (47 labelled)
  → 1BrSeY-1  gap=4.122 eV  best=6.164 eV  top50=1  top10%=1
Cycle  39: GP refit  (48 labelled)
  → 1OVI2-1  gap=1.849 eV  best=6.164 eV  top50=1  top10%=1
Cycle  40: GP refit  (49 labelled)
  → 1SeTeTi-2  gap=0.600 eV  best=6.164 eV  top50=1  top10%=1
Cycle  41: full DKL retrain  (50 labelled)
GP warmup: 20 epochs on initial embeddings
Joint DKL training: 50 epochs
  Epoch 20/50  loss=0.4101
  Epoch 40/50  loss=0.2641
DKL training done in 0.6s
  → 1SeTeZr-2  gap=0.783 eV  best=6.164 eV  top50=1  top10%=1
Cycle  42: GP refit  (51 labelled)
  → 1ZrHf3Te8-1  gap=0.690 eV  best=6.164 eV  top50=1  top10%=1
Cycle  43: GP refit  (52 labelled)
  → 1ScI2-2  gap=0.573 eV  best=6.164 eV  top50=1  top10%=1
Cycle  44: GP refit  (53 labelled)
  → 1WTe2-1  gap=1.141 eV  best=6.164 eV  top50=1  top10%=1
Cycle  45: GP refit  (54 labelled)
  → 1ISSb-2  gap=1.455 eV  best=6.164 eV  top50=1  top10%=1
Cycle  46: full DKL retrain  (55 labelled)
GP warmup: 20 epochs on initial embeddings
Joint DKL training: 50 epochs
  Epoch 20/50  loss=0.1210
  Epoch 40/50  loss=-0.0718
DKL training done in 0.6s
  → 2SeV-4  gap=0.788 eV  best=6.164 eV  top50=1  top10%=1
Cycle  47: GP refit  (56 labelled)
  → 1SNb3I7-1  gap=1.235 eV  best=6.164 eV  top50=1  top10%=1
Cycle  48: GP refit  (57 labelled)
  → 1HfTe2-2  gap=0.665 eV  best=6.164 eV  top50=1  top10%=1
Cycle  49: GP refit  (58 labelled)
  → 1AgAlP2Te6-1  gap=1.065 eV  best=6.164 eV  top50=1  top10%=1
Cycle  50: GP refit  (59 labelled)
  → 1AsITe-2  gap=0.872 eV  best=6.164 eV  top50=1  top10%=1
Cycle  51: full DKL retrain  (60 labelled)
GP warmup: 20 epochs on initial embeddings
Joint DKL training: 50 epochs
  Epoch 20/50  loss=0.0857
  Epoch 40/50  loss=-0.1208
DKL training done in 0.4s
  → 1CSiF2-1  gap=3.306 eV  best=6.164 eV  top50=1  top10%=1
Cycle  52: GP refit  (61 labelled)
  → 1HfSTe-2  gap=0.481 eV  best=6.164 eV  top50=1  top10%=1
Cycle  53: GP refit  (62 labelled)
  → 2IrTaTe4-1  gap=0.119 eV  best=6.164 eV  top50=1  top10%=1
Cycle  54: GP refit  (63 labelled)
  → 1ScCl2-1  gap=0.736 eV  best=6.164 eV  top50=1  top10%=1
Cycle  55: GP refit  (64 labelled)
  → 1CrSSe-1  gap=1.241 eV  best=6.164 eV  top50=1  top10%=1
Cycle  56: full DKL retrain  (65 labelled)
GP warmup: 20 epochs on initial embeddings
Joint DKL training: 50 epochs
  Epoch 20/50  loss=0.2938
  Epoch 40/50  loss=0.1235
DKL training done in 0.6s
  → 2ScSe-3  gap=0.933 eV  best=6.164 eV  top50=1  top10%=1
Cycle  57: GP refit  (66 labelled)
  → 1AgCrP2Se6-1  gap=1.789 eV  best=6.164 eV  top50=1  top10%=1
Cycle  58: GP refit  (67 labelled)
  → 1AgScP2Se6-1  gap=2.775 eV  best=6.164 eV  top50=1  top10%=1
Cycle  59: GP refit  (68 labelled)
  → 2IrNbTe4-1  gap=0.033 eV  best=6.164 eV  top50=1  top10%=1
Cycle  60: GP refit  (69 labelled)
  → 1ScSe2-2  gap=1.490 eV  best=6.164 eV  top50=1  top10%=1
Cycle  61: full DKL retrain  (70 labelled)
GP warmup: 20 epochs on initial embeddings
Joint DKL training: 50 epochs
  Epoch 20/50  loss=0.2672
  Epoch 40/50  loss=0.1245
DKL training done in 0.5s
  → 1FeI2-3  gap=0.020 eV  best=6.164 eV  top50=1  top10%=1
Cycle  62: GP refit  (71 labelled)
  → 1BrIV-1  gap=3.500 eV  best=6.164 eV  top50=1  top10%=1
Cycle  63: GP refit  (72 labelled)
  → 1PbI2-2  gap=2.404 eV  best=6.164 eV  top50=1  top10%=1
Cycle  64: GP refit  (73 labelled)
  → 1HgI2-4  gap=1.370 eV  best=6.164 eV  top50=1  top10%=1
Cycle  65: GP refit  (74 labelled)
  → 2AgAuCl4-1  gap=2.332 eV  best=6.164 eV  top50=1  top10%=1
Cycle  66: full DKL retrain  (75 labelled)
GP warmup: 20 epochs on initial embeddings
Joint DKL training: 50 epochs
  Epoch 20/50  loss=0.4617
  Epoch 40/50  loss=0.2611
DKL training done in 0.5s
  → 1STeZr-2  gap=0.672 eV  best=6.164 eV  top50=1  top10%=1
Cycle  67: GP refit  (76 labelled)
  → 1HfSeTe-2  gap=0.637 eV  best=6.164 eV  top50=1  top10%=1
Cycle  68: GP refit  (77 labelled)
  → 1AgCrP2S6-1  gap=2.012 eV  best=6.164 eV  top50=1  top10%=1
Cycle  69: GP refit  (78 labelled)
  → 2CoHS2-1  gap=1.204 eV  best=6.164 eV  top50=1  top10%=1
Cycle  70: GP refit  (79 labelled)
  → 2ClYO2-1  gap=1.184 eV  best=6.164 eV  top50=1  top10%=1
Cycle  71: full DKL retrain  (80 labelled)
GP warmup: 20 epochs on initial embeddings
Joint DKL training: 50 epochs
  Epoch 20/50  loss=0.0125
  Epoch 40/50  loss=-0.1507
DKL training done in 0.6s
  → 1ClIZr-1  gap=1.317 eV  best=6.164 eV  top50=1  top10%=1
Cycle  72: GP refit  (81 labelled)
  → 1ONb3Cl7-1  gap=1.594 eV  best=6.164 eV  top50=1  top10%=1
Cycle  73: GP refit  (82 labelled)
  → 2TeTl-2  gap=0.681 eV  best=6.164 eV  top50=1  top10%=1
Cycle  74: GP refit  (83 labelled)
  → 2AgCl-7  gap=3.462 eV  best=6.164 eV  top50=1  top10%=1
Cycle  75: GP refit  (84 labelled)
  → 1ClITi-1  gap=1.187 eV  best=6.164 eV  top50=1  top10%=1
Cycle  76: full DKL retrain  (85 labelled)
GP warmup: 20 epochs on initial embeddings
Joint DKL training: 50 epochs
  Epoch 20/50  loss=0.0814
  Epoch 40/50  loss=-0.1030
DKL training done in 0.5s
  → 1SSeZr-1  gap=1.514 eV  best=6.164 eV  top50=1  top10%=1
Cycle  77: GP refit  (86 labelled)
  → 2AgO-1  gap=1.126 eV  best=6.164 eV  top50=1  top10%=1
Cycle  78: GP refit  (87 labelled)
  → 1BrIZr-1  gap=1.174 eV  best=6.164 eV  top50=1  top10%=1
Cycle  79: GP refit  (88 labelled)
  → 1OTa3Cl7-1  gap=1.569 eV  best=6.164 eV  top50=1  top10%=1
Cycle  80: GP refit  (89 labelled)
  → 1OSTi-1  gap=1.777 eV  best=6.164 eV  top50=1  top10%=1
Cycle  81: full DKL retrain  (90 labelled)
GP warmup: 20 epochs on initial embeddings
Joint DKL training: 50 epochs
  Epoch 20/50  loss=-0.2692
  Epoch 40/50  loss=-0.4192
DKL training done in 0.6s
  → 2AlTe-1  gap=2.363 eV  best=6.164 eV  top50=1  top10%=1
Cycle  82: GP refit  (91 labelled)
  → 2OSc-1  gap=1.194 eV  best=6.164 eV  top50=1  top10%=1
Cycle  83: GP refit  (92 labelled)
  → 1AlN-1  gap=4.048 eV  best=6.164 eV  top50=1  top10%=1
Cycle  84: GP refit  (93 labelled)
  → 2IrSe-3  gap=0.822 eV  best=6.164 eV  top50=1  top10%=1
Cycle  85: GP refit  (94 labelled)
  → 1CdInTlS4-1  gap=1.127 eV  best=6.164 eV  top50=1  top10%=1
Cycle  86: full DKL retrain  (95 labelled)
GP warmup: 20 epochs on initial embeddings
Joint DKL training: 50 epochs
  Epoch 20/50  loss=0.2574
  Epoch 40/50  loss=0.0144
DKL training done in 0.5s
  → 1BiITe-2  gap=0.995 eV  best=6.164 eV  top50=1  top10%=1
Cycle  87: GP refit  (96 labelled)
  → 2InTe-1  gap=1.812 eV  best=6.164 eV  top50=1  top10%=1
Cycle  88: GP refit  (97 labelled)
  → 2AuBr-2  gap=1.222 eV  best=6.164 eV  top50=1  top10%=1
Cycle  89: GP refit  (98 labelled)
  → 1WAu2Se4-1  gap=1.415 eV  best=6.164 eV  top50=1  top10%=1
Cycle  90: GP refit  (99 labelled)
  → 4AsNaO2-1  gap=5.635 eV  best=6.164 eV  top50=2  top10%=2
Cycle  91: full DKL retrain  (100 labelled)
GP warmup: 20 epochs on initial embeddings
Joint DKL training: 50 epochs
  Epoch 20/50  loss=-0.0370
  Epoch 40/50  loss=-0.3126
DKL training done in 0.5s
  → 4TiSe2-1  gap=0.036 eV  best=6.164 eV  top50=2  top10%=2
Cycle  92: GP refit  (101 labelled)
  → 1GaInTe2-1  gap=1.532 eV  best=6.164 eV  top50=2  top10%=2
Cycle  93: GP refit  (102 labelled)
  → 1ISbTe-2  gap=1.442 eV  best=6.164 eV  top50=2  top10%=2
Cycle  94: GP refit  (103 labelled)
  → 2FeSe2-1  gap=1.053 eV  best=6.164 eV  top50=2  top10%=2
Cycle  95: GP refit  (104 labelled)
  → 1ClIY-1  gap=0.773 eV  best=6.164 eV  top50=2  top10%=2
Cycle  96: full DKL retrain  (105 labelled)
GP warmup: 20 epochs on initial embeddings
Joint DKL training: 50 epochs
  Epoch 20/50  loss=-0.3002
  Epoch 40/50  loss=-0.4803
DKL training done in 0.5s
  → 2TlCl2-1  gap=2.820 eV  best=6.164 eV  top50=2  top10%=2
Cycle  97: GP refit  (106 labelled)
  → 1ZrI2-1  gap=1.038 eV  best=6.164 eV  top50=2  top10%=2
Cycle  98: GP refit  (107 labelled)
  → 2FRhTe-1  gap=2.115 eV  best=6.164 eV  top50=2  top10%=2
Cycle  99: GP refit  (108 labelled)
  → 1SeBi2S2-1  gap=0.923 eV  best=6.164 eV  top50=2  top10%=2
Cycle 100: GP refit  (109 labelled)
  → 1CdGaInS4-1  gap=1.340 eV  best=6.164 eV  top50=2  top10%=2
  dkl_finetune/seed4 → best_inwin=0.724 top50=15
BOLoop: 766 materials  |  direction=max  |  top-50 internal threshold=5.35  top-10% internal threshold=4.94
Init: 10 random labels  |  best (max) = 3.781
Cycle   1: full DKL retrain  (10 labelled)
GP warmup: 20 epochs on initial embeddings
/home/roy/Desktop/DKL-BO/venv/lib/python3.13/site-packages/torch/_compile.py:54: UserWarning: optimizer contains a parameter group with duplicate parameters; in future, this will cause an error; see github.com/pytorch/pytorch/issues/40967 for more information
  return disable_fn(*args, **kwargs)
Joint DKL training: 50 epochs
  Epoch 20/50  loss=1.3462
  Epoch 40/50  loss=1.2389
DKL training done in 0.4s
  → 1MgI2-3  gap=3.448 eV  best=3.781 eV  top50=0  top10%=0
Cycle   2: GP refit  (11 labelled)
  → 1AgAlP2Te6-1  gap=1.065 eV  best=3.781 eV  top50=0  top10%=0
Cycle   3: GP refit  (12 labelled)
  → 2NiTeS3-1  gap=1.567 eV  best=3.781 eV  top50=0  top10%=0
Cycle   4: GP refit  (13 labelled)
  → 1CrMo3Te8-1  gap=1.105 eV  best=3.781 eV  top50=0  top10%=0
Cycle   5: GP refit  (14 labelled)
  → 2CrMoTe4-1  gap=0.980 eV  best=3.781 eV  top50=0  top10%=0
Cycle   6: full DKL retrain  (15 labelled)
GP warmup: 20 epochs on initial embeddings
Joint DKL training: 50 epochs
  Epoch 20/50  loss=0.3686
  Epoch 40/50  loss=0.2199
DKL training done in 0.5s
  → 1AgCrAs2Se6-1  gap=1.270 eV  best=3.781 eV  top50=0  top10%=0
Cycle   7: GP refit  (16 labelled)
  → 1AgCrP2Te6-1  gap=1.137 eV  best=3.781 eV  top50=0  top10%=0
Cycle   8: GP refit  (17 labelled)
  → 2IIrSe-2  gap=1.857 eV  best=3.781 eV  top50=0  top10%=0
Cycle   9: GP refit  (18 labelled)
  → 1WCr3Te8-1  gap=0.841 eV  best=3.781 eV  top50=0  top10%=0
Cycle  10: GP refit  (19 labelled)
  → 2CrWTe4-1  gap=0.876 eV  best=3.781 eV  top50=0  top10%=0
Cycle  11: full DKL retrain  (20 labelled)
GP warmup: 20 epochs on initial embeddings
Joint DKL training: 50 epochs
  Epoch 20/50  loss=-0.0698
  Epoch 40/50  loss=-0.3511
DKL training done in 0.5s
  → 1MoCr3Te8-1  gap=0.893 eV  best=3.781 eV  top50=0  top10%=0
Cycle  12: GP refit  (21 labelled)
  → 1SNb3I7-1  gap=1.235 eV  best=3.781 eV  top50=0  top10%=0
Cycle  13: GP refit  (22 labelled)
  → 1TeNb3I7-1  gap=1.241 eV  best=3.781 eV  top50=0  top10%=0
Cycle  14: GP refit  (23 labelled)
  → 4AsPdSe-1  gap=1.283 eV  best=3.781 eV  top50=0  top10%=0
Cycle  15: GP refit  (24 labelled)
  → 2SNi2Se3-1  gap=0.440 eV  best=3.781 eV  top50=0  top10%=0
Cycle  16: full DKL retrain  (25 labelled)
GP warmup: 20 epochs on initial embeddings
Joint DKL training: 50 epochs
  Epoch 20/50  loss=-0.0887
  Epoch 40/50  loss=-0.4039
DKL training done in 0.5s
  → 2ClRhTe-1  gap=2.113 eV  best=3.781 eV  top50=0  top10%=0
Cycle  17: GP refit  (26 labelled)
  → 2IRhSe-1  gap=1.725 eV  best=3.781 eV  top50=0  top10%=0
Cycle  18: GP refit  (27 labelled)
  → 2FRhTe-1  gap=2.115 eV  best=3.781 eV  top50=0  top10%=0
Cycle  19: GP refit  (28 labelled)
  → 1CrW3Se8-1  gap=1.333 eV  best=3.781 eV  top50=0  top10%=0
Cycle  20: GP refit  (29 labelled)
  → 2OsS2-1  gap=1.387 eV  best=3.781 eV  top50=0  top10%=0
Cycle  21: full DKL retrain  (30 labelled)
GP warmup: 20 epochs on initial embeddings
Joint DKL training: 50 epochs
  Epoch 20/50  loss=0.1956
  Epoch 40/50  loss=0.0390
DKL training done in 0.6s
  → 2CrWSe4-1  gap=1.203 eV  best=3.781 eV  top50=0  top10%=0
Cycle  22: GP refit  (31 labelled)
  → 1AlGaSe2-1  gap=2.765 eV  best=3.781 eV  top50=0  top10%=0
Cycle  23: GP refit  (32 labelled)
  → 2RhTaS4-1  gap=1.231 eV  best=3.781 eV  top50=0  top10%=0
Cycle  24: GP refit  (33 labelled)
  → 1STa3I7-1  gap=1.295 eV  best=3.781 eV  top50=0  top10%=0
Cycle  25: GP refit  (34 labelled)
  → 2IrTaS4-1  gap=1.331 eV  best=3.781 eV  top50=0  top10%=0
Cycle  26: full DKL retrain  (35 labelled)
GP warmup: 20 epochs on initial embeddings
Joint DKL training: 50 epochs
  Epoch 20/50  loss=0.0497
  Epoch 40/50  loss=-0.1439
DKL training done in 0.4s
  → 1CrSeTe-1  gap=0.994 eV  best=3.781 eV  top50=0  top10%=0
Cycle  27: GP refit  (36 labelled)
  → 1Se3Ni4S5-1  gap=0.610 eV  best=3.781 eV  top50=0  top10%=0
Cycle  28: GP refit  (37 labelled)
  → 1SeTeV-1  gap=0.831 eV  best=3.781 eV  top50=0  top10%=0
Cycle  29: GP refit  (38 labelled)
  → 4TaS3-1  gap=0.823 eV  best=3.781 eV  top50=0  top10%=0
Cycle  30: GP refit  (39 labelled)
  → 2RuSe2-1  gap=1.595 eV  best=3.781 eV  top50=0  top10%=0
Cycle  31: full DKL retrain  (40 labelled)
GP warmup: 20 epochs on initial embeddings
Joint DKL training: 50 epochs
  Epoch 20/50  loss=-0.6376
  Epoch 40/50  loss=-0.9132
DKL training done in 0.5s
  → 2CuSe-4  gap=1.116 eV  best=3.781 eV  top50=0  top10%=0
Cycle  32: GP refit  (41 labelled)
  → 1CrTe2-2  gap=0.869 eV  best=3.781 eV  top50=0  top10%=0
Cycle  33: GP refit  (42 labelled)
  → 1AlN-1  gap=4.048 eV  best=4.048 eV  top50=0  top10%=0
Cycle  34: GP refit  (43 labelled)
  → 1MoW3Te8-1  gap=1.220 eV  best=4.048 eV  top50=0  top10%=0
Cycle  35: GP refit  (44 labelled)
  → 1SeNi2S3-1  gap=1.350 eV  best=4.048 eV  top50=0  top10%=0
Cycle  36: full DKL retrain  (45 labelled)
GP warmup: 20 epochs on initial embeddings
Joint DKL training: 50 epochs
  Epoch 20/50  loss=-0.3491
  Epoch 40/50  loss=-0.5802
DKL training done in 0.6s
  → 2IrSe-3  gap=0.822 eV  best=4.048 eV  top50=0  top10%=0
Cycle  37: GP refit  (46 labelled)
  → 4AsNiS-1  gap=1.507 eV  best=4.048 eV  top50=0  top10%=0
Cycle  38: GP refit  (47 labelled)
  → 1ZrTe2-2  gap=0.836 eV  best=4.048 eV  top50=0  top10%=0
Cycle  39: GP refit  (48 labelled)
  → 1VSe2-1  gap=0.977 eV  best=4.048 eV  top50=0  top10%=0
Cycle  40: GP refit  (49 labelled)
  → 1NiPd3Se8-1  gap=0.702 eV  best=4.048 eV  top50=0  top10%=0
Cycle  41: full DKL retrain  (50 labelled)
GP warmup: 20 epochs on initial embeddings
Joint DKL training: 50 epochs
  Epoch 20/50  loss=-0.3443
  Epoch 40/50  loss=-0.5998
DKL training done in 0.7s
  → 2FeTe2-1  gap=0.581 eV  best=4.048 eV  top50=0  top10%=0
Cycle  42: GP refit  (51 labelled)
  → 1ZrTi3Te8-1  gap=0.722 eV  best=4.048 eV  top50=0  top10%=0
Cycle  43: GP refit  (52 labelled)
  → 4OBi2Se2-1  gap=1.736 eV  best=4.048 eV  top50=0  top10%=0
Cycle  44: GP refit  (53 labelled)
  → 2TiZrTe4-1  gap=0.744 eV  best=4.048 eV  top50=0  top10%=0
Cycle  45: GP refit  (54 labelled)
  → 1HfTi3Te8-1  gap=0.724 eV  best=4.048 eV  top50=0  top10%=0
Cycle  46: full DKL retrain  (55 labelled)
GP warmup: 20 epochs on initial embeddings
Joint DKL training: 50 epochs
  Epoch 20/50  loss=-0.5551
  Epoch 40/50  loss=-0.6885
DKL training done in 0.7s
  → 1WCu2Te4-1  gap=1.488 eV  best=4.048 eV  top50=0  top10%=0
Cycle  47: GP refit  (56 labelled)
  → 1TiSe2-2  gap=1.460 eV  best=4.048 eV  top50=0  top10%=0
Cycle  48: GP refit  (57 labelled)
  → 1PdSe2-2  gap=0.266 eV  best=4.048 eV  top50=0  top10%=0
Cycle  49: GP refit  (58 labelled)
  → 2TeTi-4  gap=0.440 eV  best=4.048 eV  top50=0  top10%=0
Cycle  50: GP refit  (59 labelled)
  → 1HfTi3Se8-1  gap=1.544 eV  best=4.048 eV  top50=0  top10%=0
Cycle  51: full DKL retrain  (60 labelled)
GP warmup: 20 epochs on initial embeddings
Joint DKL training: 50 epochs
  Epoch 20/50  loss=-0.1655
  Epoch 40/50  loss=-0.2569
DKL training done in 0.5s
  → 1TeTa3I7-1  gap=1.223 eV  best=4.048 eV  top50=0  top10%=0
Cycle  52: GP refit  (61 labelled)
  → 1WAg2S4-1  gap=2.482 eV  best=4.048 eV  top50=0  top10%=0
Cycle  53: GP refit  (62 labelled)
  → 2PbTe-1  gap=0.878 eV  best=4.048 eV  top50=0  top10%=0
Cycle  54: GP refit  (63 labelled)
  → 1NiSSeZr-1  gap=1.881 eV  best=4.048 eV  top50=0  top10%=0
Cycle  55: GP refit  (64 labelled)
  → 1CrW3Te8-1  gap=0.937 eV  best=4.048 eV  top50=0  top10%=0
Cycle  56: full DKL retrain  (65 labelled)
GP warmup: 20 epochs on initial embeddings
Joint DKL training: 50 epochs
  Epoch 20/50  loss=-0.0962
  Epoch 40/50  loss=-0.2435
DKL training done in 0.5s
  → 2P2Se3-2  gap=2.700 eV  best=4.048 eV  top50=0  top10%=0
Cycle  57: GP refit  (66 labelled)
  → 4PPtS-1  gap=2.654 eV  best=4.048 eV  top50=0  top10%=0
Cycle  58: GP refit  (67 labelled)
  → 1WTe2-1  gap=1.141 eV  best=4.048 eV  top50=0  top10%=0
Cycle  59: GP refit  (68 labelled)
  → 4NiPS-1  gap=2.172 eV  best=4.048 eV  top50=0  top10%=0
Cycle  60: GP refit  (69 labelled)
  → 2BaBi2S4-1  gap=2.313 eV  best=4.048 eV  top50=0  top10%=0
Cycle  61: full DKL retrain  (70 labelled)
GP warmup: 20 epochs on initial embeddings
Joint DKL training: 50 epochs
  Epoch 20/50  loss=0.1984
  Epoch 40/50  loss=0.0414
DKL training done in 0.6s
  → 2FeSe2-1  gap=1.053 eV  best=4.048 eV  top50=0  top10%=0
Cycle  62: GP refit  (71 labelled)
  → 2BiIn-1  gap=0.138 eV  best=4.048 eV  top50=0  top10%=0
Cycle  63: GP refit  (72 labelled)
  → 4TiSe2-1  gap=0.036 eV  best=4.048 eV  top50=0  top10%=0
Cycle  64: GP refit  (73 labelled)
  → 2MoWTe4-1  gap=1.279 eV  best=4.048 eV  top50=0  top10%=0
Cycle  65: GP refit  (74 labelled)
  → 1SeTa3I7-1  gap=1.256 eV  best=4.048 eV  top50=0  top10%=0
Cycle  66: full DKL retrain  (75 labelled)
GP warmup: 20 epochs on initial embeddings
Joint DKL training: 50 epochs
  Epoch 20/50  loss=-0.0642
  Epoch 40/50  loss=-0.1937
DKL training done in 0.6s
  → 2AsITe-1  gap=0.417 eV  best=4.048 eV  top50=0  top10%=0
Cycle  67: GP refit  (76 labelled)
  → 1ZrTi3Se8-1  gap=1.563 eV  best=4.048 eV  top50=0  top10%=0
Cycle  68: GP refit  (77 labelled)
  → 2AgIBr2-1  gap=2.063 eV  best=4.048 eV  top50=0  top10%=0
Cycle  69: GP refit  (78 labelled)
  → 2AgO-1  gap=1.126 eV  best=4.048 eV  top50=0  top10%=0
Cycle  70: GP refit  (79 labelled)
  → 1AgAlAs2Se6-1  gap=1.577 eV  best=4.048 eV  top50=0  top10%=0
Cycle  71: full DKL retrain  (80 labelled)
GP warmup: 20 epochs on initial embeddings
Joint DKL training: 50 epochs
  Epoch 20/50  loss=-0.1599
  Epoch 40/50  loss=-0.3057
DKL training done in 0.5s
  → 4AsPdTe-1  gap=0.967 eV  best=4.048 eV  top50=0  top10%=0
Cycle  72: GP refit  (81 labelled)
  → 2TeV-4  gap=0.774 eV  best=4.048 eV  top50=0  top10%=0
Cycle  73: GP refit  (82 labelled)
  → 2AgCl-7  gap=3.462 eV  best=4.048 eV  top50=0  top10%=0
Cycle  74: GP refit  (83 labelled)
  → 2PdTeS3-1  gap=1.818 eV  best=4.048 eV  top50=0  top10%=0
Cycle  75: GP refit  (84 labelled)
  → 2RuTe2-1  gap=1.071 eV  best=4.048 eV  top50=0  top10%=0
Cycle  76: full DKL retrain  (85 labelled)
GP warmup: 20 epochs on initial embeddings
Joint DKL training: 50 epochs
  Epoch 20/50  loss=-0.1316
  Epoch 40/50  loss=-0.2672
DKL training done in 0.6s
  → 1TiZr3Te8-1  gap=0.793 eV  best=4.048 eV  top50=0  top10%=0
Cycle  77: GP refit  (86 labelled)
  → 2PbS-3  gap=0.673 eV  best=4.048 eV  top50=0  top10%=0
Cycle  78: GP refit  (87 labelled)
  → 2SeV-4  gap=0.788 eV  best=4.048 eV  top50=0  top10%=0
Cycle  79: GP refit  (88 labelled)
  → 2HfTiTe4-1  gap=0.692 eV  best=4.048 eV  top50=0  top10%=0
Cycle  80: GP refit  (89 labelled)
  → 2IRhTe-2  gap=1.432 eV  best=4.048 eV  top50=0  top10%=0
Cycle  81: full DKL retrain  (90 labelled)
GP warmup: 20 epochs on initial embeddings
Joint DKL training: 50 epochs
  Epoch 20/50  loss=-0.4564
  Epoch 40/50  loss=-0.6255
DKL training done in 0.5s
  → 2NiSeO3-2  gap=2.815 eV  best=4.048 eV  top50=0  top10%=0
Cycle  82: GP refit  (91 labelled)
  → 4HgTe-1  gap=0.899 eV  best=4.048 eV  top50=0  top10%=0
Cycle  83: GP refit  (92 labelled)
  → 1TiHf3Te8-1  gap=0.688 eV  best=4.048 eV  top50=0  top10%=0
Cycle  84: GP refit  (93 labelled)
  → 1HfZr3Te8-1  gap=0.766 eV  best=4.048 eV  top50=0  top10%=0
Cycle  85: GP refit  (94 labelled)
  → 2HfZrTe4-1  gap=0.717 eV  best=4.048 eV  top50=0  top10%=0
Cycle  86: full DKL retrain  (95 labelled)
GP warmup: 20 epochs on initial embeddings
Joint DKL training: 50 epochs
  Epoch 20/50  loss=-0.1984
  Epoch 40/50  loss=-0.3567
DKL training done in 0.5s
  → 2HKS-2  gap=4.369 eV  best=4.369 eV  top50=0  top10%=0
Cycle  87: GP refit  (96 labelled)
  → 1HfTe2-2  gap=0.665 eV  best=4.369 eV  top50=0  top10%=0
Cycle  88: GP refit  (97 labelled)
  → 1ZrHf3Te8-1  gap=0.690 eV  best=4.369 eV  top50=0  top10%=0
Cycle  89: GP refit  (98 labelled)
  → 2InSe-1  gap=2.055 eV  best=4.369 eV  top50=0  top10%=0
Cycle  90: GP refit  (99 labelled)
  → 1ISbTe-2  gap=1.442 eV  best=4.369 eV  top50=0  top10%=0
Cycle  91: full DKL retrain  (100 labelled)
GP warmup: 20 epochs on initial embeddings
Joint DKL training: 50 epochs
  Epoch 20/50  loss=0.0438
  Epoch 40/50  loss=-0.1142
DKL training done in 0.5s
  → 1BiITe-1  gap=0.929 eV  best=4.369 eV  top50=0  top10%=0
Cycle  92: GP refit  (101 labelled)
  → 2AuI-3  gap=1.592 eV  best=4.369 eV  top50=0  top10%=0
Cycle  93: GP refit  (102 labelled)
  → 1SeTeTi-2  gap=0.600 eV  best=4.369 eV  top50=0  top10%=0
Cycle  94: GP refit  (103 labelled)
  → 1YI2-1  gap=0.544 eV  best=4.369 eV  top50=0  top10%=0
Cycle  95: GP refit  (104 labelled)
  → 2TeZr-4  gap=0.652 eV  best=4.369 eV  top50=0  top10%=0
Cycle  96: full DKL retrain  (105 labelled)
GP warmup: 20 epochs on initial embeddings
Joint DKL training: 50 epochs
  Epoch 20/50  loss=-0.4414
  Epoch 40/50  loss=-0.6136
DKL training done in 0.6s
  → 1HfSeTe-2  gap=0.637 eV  best=4.369 eV  top50=0  top10%=0
Cycle  97: GP refit  (106 labelled)
  → 1CrSe2-1  gap=1.128 eV  best=4.369 eV  top50=0  top10%=0
Cycle  98: GP refit  (107 labelled)
  → 1SeTeZr-2  gap=0.783 eV  best=4.369 eV  top50=0  top10%=0
Cycle  99: GP refit  (108 labelled)
  → 1SeTeW-1  gap=1.493 eV  best=4.369 eV  top50=0  top10%=0
Cycle 100: GP refit  (109 labelled)
  → 1PbSe-1  gap=2.199 eV  best=4.369 eV  top50=0  top10%=0
  dkl_finetune/seed5 → best_inwin=0.702 top50=20
BOLoop: 766 materials  |  direction=max  |  top-50 internal threshold=5.35  top-10% internal threshold=4.94
Init: 10 random labels  |  best (max) = 5.612
Cycle   1: full DKL retrain  (10 labelled)
GP warmup: 20 epochs on initial embeddings
/home/roy/Desktop/DKL-BO/venv/lib/python3.13/site-packages/torch/_compile.py:54: UserWarning: optimizer contains a parameter group with duplicate parameters; in future, this will cause an error; see github.com/pytorch/pytorch/issues/40967 for more information
  return disable_fn(*args, **kwargs)
Joint DKL training: 50 epochs
  Epoch 20/50  loss=1.8524
  Epoch 40/50  loss=1.7430
DKL training done in 0.5s
  → 1MoW3Te8-1  gap=1.220 eV  best=5.612 eV  top50=0  top10%=0
Cycle   2: GP refit  (11 labelled)
  → 2MoWTe4-1  gap=1.279 eV  best=5.612 eV  top50=0  top10%=0
Cycle   3: GP refit  (12 labelled)
  → 1WMo3Te8-1  gap=1.326 eV  best=5.612 eV  top50=0  top10%=0
Cycle   4: GP refit  (13 labelled)
  → 1MoTe2-1  gap=1.370 eV  best=5.612 eV  top50=0  top10%=0
Cycle   5: GP refit  (14 labelled)
  → 1CrW3Te8-1  gap=0.937 eV  best=5.612 eV  top50=0  top10%=0
Cycle   6: full DKL retrain  (15 labelled)
GP warmup: 20 epochs on initial embeddings
Joint DKL training: 50 epochs
  Epoch 20/50  loss=0.0154
  Epoch 40/50  loss=-0.0823
DKL training done in 0.5s
  → 1ZrTi3Te8-1  gap=0.722 eV  best=5.612 eV  top50=0  top10%=0
Cycle   7: GP refit  (16 labelled)
  → 2TiZrTe4-1  gap=0.744 eV  best=5.612 eV  top50=0  top10%=0
Cycle   8: GP refit  (17 labelled)
  → 1HfZr3Te8-1  gap=0.766 eV  best=5.612 eV  top50=0  top10%=0
Cycle   9: GP refit  (18 labelled)
  → 1TiZr3Te8-1  gap=0.793 eV  best=5.612 eV  top50=0  top10%=0
Cycle  10: GP refit  (19 labelled)
  → 2CrWTe4-1  gap=0.876 eV  best=5.612 eV  top50=0  top10%=0
Cycle  11: full DKL retrain  (20 labelled)
GP warmup: 20 epochs on initial embeddings
Joint DKL training: 50 epochs
  Epoch 20/50  loss=-0.7202
  Epoch 40/50  loss=-1.2085
DKL training done in 0.5s
  → 1ZrTe2-2  gap=0.836 eV  best=5.612 eV  top50=0  top10%=0
Cycle  12: GP refit  (21 labelled)
  → 2HfZrTe4-1  gap=0.717 eV  best=5.612 eV  top50=0  top10%=0
Cycle  13: GP refit  (22 labelled)
  → 2TeTi-4  gap=0.440 eV  best=5.612 eV  top50=0  top10%=0
Cycle  14: GP refit  (23 labelled)
  → 1HfSeTe-2  gap=0.637 eV  best=5.612 eV  top50=0  top10%=0
Cycle  15: GP refit  (24 labelled)
  → 1SeTeZr-2  gap=0.783 eV  best=5.612 eV  top50=0  top10%=0
Cycle  16: full DKL retrain  (25 labelled)
GP warmup: 20 epochs on initial embeddings
Joint DKL training: 50 epochs
  Epoch 20/50  loss=-0.7051
  Epoch 40/50  loss=-1.0043
DKL training done in 0.4s
  → 1CoNaAs2Se6-1  gap=1.295 eV  best=5.612 eV  top50=0  top10%=0
Cycle  17: GP refit  (26 labelled)
  → 1ZrSe2-2  gap=1.684 eV  best=5.612 eV  top50=0  top10%=0
Cycle  18: GP refit  (27 labelled)
  → 2GaTe-1  gap=1.862 eV  best=5.612 eV  top50=0  top10%=0
Cycle  19: GP refit  (28 labelled)
  → 2GaSe-7  gap=0.809 eV  best=5.612 eV  top50=0  top10%=0
Cycle  20: GP refit  (29 labelled)
  → 1BrTeTi-1  gap=0.763 eV  best=5.612 eV  top50=0  top10%=0
Cycle  21: full DKL retrain  (30 labelled)
GP warmup: 20 epochs on initial embeddings
Joint DKL training: 50 epochs
  Epoch 20/50  loss=0.2154
  Epoch 40/50  loss=0.0758
DKL training done in 0.5s
  → 1BiBrS-2  gap=1.980 eV  best=5.612 eV  top50=0  top10%=0
Cycle  22: GP refit  (31 labelled)
  → 2RhBr3-2  gap=1.129 eV  best=5.612 eV  top50=0  top10%=0
Cycle  23: GP refit  (32 labelled)
  → 1GeCl2-2  gap=3.875 eV  best=5.612 eV  top50=0  top10%=0
Cycle  24: GP refit  (33 labelled)
  → 2NRbRuSCl5-1  gap=1.324 eV  best=5.612 eV  top50=0  top10%=0
Cycle  25: GP refit  (34 labelled)
  → 1BiClS-2  gap=2.271 eV  best=5.612 eV  top50=0  top10%=0
Cycle  26: full DKL retrain  (35 labelled)
GP warmup: 20 epochs on initial embeddings
Joint DKL training: 50 epochs
  Epoch 20/50  loss=0.6238
  Epoch 40/50  loss=0.3722
DKL training done in 0.5s
  → 1BrSbSe-2  gap=2.037 eV  best=5.612 eV  top50=0  top10%=0
Cycle  27: GP refit  (36 labelled)
  → 1BiBrSe-2  gap=1.742 eV  best=5.612 eV  top50=0  top10%=0
Cycle  28: GP refit  (37 labelled)
  → 1HfSTe-2  gap=0.481 eV  best=5.612 eV  top50=0  top10%=0
Cycle  29: GP refit  (38 labelled)
  → 1CrMo3Te8-1  gap=1.105 eV  best=5.612 eV  top50=0  top10%=0
Cycle  30: GP refit  (39 labelled)
  → 1STeTi-2  gap=0.531 eV  best=5.612 eV  top50=0  top10%=0
Cycle  31: full DKL retrain  (40 labelled)
GP warmup: 20 epochs on initial embeddings
Joint DKL training: 50 epochs
  Epoch 20/50  loss=0.0585
  Epoch 40/50  loss=-0.1335
DKL training done in 0.5s
  → 2CrMoTe4-1  gap=0.980 eV  best=5.612 eV  top50=0  top10%=0
Cycle  32: GP refit  (41 labelled)
  → 1SSeTi-2  gap=1.342 eV  best=5.612 eV  top50=0  top10%=0
Cycle  33: GP refit  (42 labelled)
  → 1BrHfI-1  gap=1.157 eV  best=5.612 eV  top50=0  top10%=0
Cycle  34: GP refit  (43 labelled)
  → 2As2S3-4  gap=3.247 eV  best=5.612 eV  top50=0  top10%=0
Cycle  35: GP refit  (44 labelled)
  → 2TeZr-4  gap=0.652 eV  best=5.612 eV  top50=0  top10%=0
Cycle  36: full DKL retrain  (45 labelled)
GP warmup: 20 epochs on initial embeddings
Joint DKL training: 50 epochs
  Epoch 20/50  loss=-0.2666
  Epoch 40/50  loss=-0.4165
DKL training done in 0.5s
  → 1STeIn2-1  gap=1.141 eV  best=5.612 eV  top50=0  top10%=0
Cycle  37: GP refit  (46 labelled)
  → 1PbCl2-2  gap=3.856 eV  best=5.612 eV  top50=0  top10%=0
Cycle  38: GP refit  (47 labelled)
  → 1MoCr3Te8-1  gap=0.893 eV  best=5.612 eV  top50=0  top10%=0
Cycle  39: GP refit  (48 labelled)
  → 1PbBr2-2  gap=3.248 eV  best=5.612 eV  top50=0  top10%=0
Cycle  40: GP refit  (49 labelled)
  → 2IMnSbSe2-2  gap=0.701 eV  best=5.612 eV  top50=0  top10%=0
Cycle  41: full DKL retrain  (50 labelled)
GP warmup: 20 epochs on initial embeddings
Joint DKL training: 50 epochs
  Epoch 20/50  loss=0.1198
  Epoch 40/50  loss=-0.1799
DKL training done in 0.5s
  → 1STeZr-2  gap=0.672 eV  best=5.612 eV  top50=0  top10%=0
Cycle  42: GP refit  (51 labelled)
  → 2SeV-4  gap=0.788 eV  best=5.612 eV  top50=0  top10%=0
Cycle  43: GP refit  (52 labelled)
  → 2HfBr2-1  gap=1.334 eV  best=5.612 eV  top50=0  top10%=0
Cycle  44: GP refit  (53 labelled)
  → 2IIrSe-2  gap=1.857 eV  best=5.612 eV  top50=0  top10%=0
Cycle  45: GP refit  (54 labelled)
  → 1AgScP2Se6-1  gap=2.775 eV  best=5.612 eV  top50=0  top10%=0
Cycle  46: full DKL retrain  (55 labelled)
GP warmup: 20 epochs on initial embeddings
Joint DKL training: 50 epochs
  Epoch 20/50  loss=-0.2206
  Epoch 40/50  loss=-0.4467
DKL training done in 0.6s
  → 2SeZr-4  gap=0.355 eV  best=5.612 eV  top50=0  top10%=0
Cycle  47: GP refit  (56 labelled)
  → 1CoITe-1  gap=0.971 eV  best=5.612 eV  top50=0  top10%=0
Cycle  48: GP refit  (57 labelled)
  → 1BrCoSe-1  gap=2.153 eV  best=5.612 eV  top50=0  top10%=0
Cycle  49: GP refit  (58 labelled)
  → 1BiBrSe-1  gap=1.363 eV  best=5.612 eV  top50=0  top10%=0
Cycle  50: GP refit  (59 labelled)
  → 1NiPd3Se8-1  gap=0.702 eV  best=5.612 eV  top50=0  top10%=0
Cycle  51: full DKL retrain  (60 labelled)
GP warmup: 20 epochs on initial embeddings
Joint DKL training: 50 epochs
  Epoch 20/50  loss=-0.0017
  Epoch 40/50  loss=-0.2817
DKL training done in 0.5s
  → 1CrISe-1  gap=1.596 eV  best=5.612 eV  top50=0  top10%=0
Cycle  52: GP refit  (61 labelled)
  → 1TiI2-2  gap=0.828 eV  best=5.612 eV  top50=0  top10%=0
Cycle  53: GP refit  (62 labelled)
  → 2HgNa2I4-1  gap=2.857 eV  best=5.612 eV  top50=0  top10%=0
Cycle  54: GP refit  (63 labelled)
  → 2PbS-1  gap=1.806 eV  best=5.612 eV  top50=0  top10%=0
Cycle  55: GP refit  (64 labelled)
  → 1PbS-1  gap=2.593 eV  best=5.612 eV  top50=0  top10%=0
Cycle  56: full DKL retrain  (65 labelled)
GP warmup: 20 epochs on initial embeddings
Joint DKL training: 50 epochs
  Epoch 20/50  loss=-0.0439
  Epoch 40/50  loss=-0.2380
DKL training done in 0.7s
  → 2OsSe2-1  gap=1.389 eV  best=5.612 eV  top50=0  top10%=0
Cycle  57: GP refit  (66 labelled)
  → 1BiFTe-1  gap=1.179 eV  best=5.612 eV  top50=0  top10%=0
Cycle  58: GP refit  (67 labelled)
  → 1WAg2Te4-1  gap=1.318 eV  best=5.612 eV  top50=0  top10%=0
Cycle  59: GP refit  (68 labelled)
  → 2PdTeS3-1  gap=1.818 eV  best=5.612 eV  top50=0  top10%=0
Cycle  60: GP refit  (69 labelled)
  → 1BiBrTe-2  gap=1.162 eV  best=5.612 eV  top50=0  top10%=0
Cycle  61: full DKL retrain  (70 labelled)
GP warmup: 20 epochs on initial embeddings
Joint DKL training: 50 epochs
  Epoch 20/50  loss=-0.1678
  Epoch 40/50  loss=-0.4177
DKL training done in 0.6s
  → 2ZrI2-1  gap=0.889 eV  best=5.612 eV  top50=0  top10%=0
Cycle  62: GP refit  (71 labelled)
  → 1PdSe2-2  gap=0.266 eV  best=5.612 eV  top50=0  top10%=0
Cycle  63: GP refit  (72 labelled)
  → 2HfI2-1  gap=1.014 eV  best=5.612 eV  top50=0  top10%=0
Cycle  64: GP refit  (73 labelled)
  → 2RhTaS4-1  gap=1.231 eV  best=5.612 eV  top50=0  top10%=0
Cycle  65: GP refit  (74 labelled)
  → 2InSe-1  gap=2.055 eV  best=5.612 eV  top50=0  top10%=0
Cycle  66: full DKL retrain  (75 labelled)
GP warmup: 20 epochs on initial embeddings
Joint DKL training: 50 epochs
  Epoch 20/50  loss=-0.3107
  Epoch 40/50  loss=-0.5524
DKL training done in 0.5s
  → 2AuSe-1  gap=1.561 eV  best=5.612 eV  top50=0  top10%=0
Cycle  67: GP refit  (76 labelled)
  → 2SV-4  gap=0.642 eV  best=5.612 eV  top50=0  top10%=0
Cycle  68: GP refit  (77 labelled)
  → 2ClIn-5  gap=2.997 eV  best=5.612 eV  top50=0  top10%=0
Cycle  69: GP refit  (78 labelled)
  → 1MoAu2Se4-1  gap=1.247 eV  best=5.612 eV  top50=0  top10%=0
Cycle  70: GP refit  (79 labelled)
  → 2CuSe-4  gap=1.116 eV  best=5.612 eV  top50=0  top10%=0
Cycle  71: full DKL retrain  (80 labelled)
GP warmup: 20 epochs on initial embeddings
Joint DKL training: 50 epochs
  Epoch 20/50  loss=-0.2742
  Epoch 40/50  loss=-0.4675
DKL training done in 0.5s
  → 4AsPdTe-1  gap=0.967 eV  best=5.612 eV  top50=0  top10%=0
Cycle  72: GP refit  (81 labelled)
  → 1WCr3Te8-1  gap=0.841 eV  best=5.612 eV  top50=0  top10%=0
Cycle  73: GP refit  (82 labelled)
  → 2FeSe2-1  gap=1.053 eV  best=5.612 eV  top50=0  top10%=0
Cycle  74: GP refit  (83 labelled)
  → 1PtSeTe-1  gap=1.092 eV  best=5.612 eV  top50=0  top10%=0
Cycle  75: GP refit  (84 labelled)
  → 1BiITe-2  gap=0.995 eV  best=5.612 eV  top50=0  top10%=0
Cycle  76: full DKL retrain  (85 labelled)
GP warmup: 20 epochs on initial embeddings
Joint DKL training: 50 epochs
  Epoch 20/50  loss=-0.8505
  Epoch 40/50  loss=-1.2061
DKL training done in 0.6s
  → 2RuS2-1  gap=1.583 eV  best=5.612 eV  top50=0  top10%=0
Cycle  77: GP refit  (86 labelled)
  → 1HfSSe-1  gap=1.512 eV  best=5.612 eV  top50=0  top10%=0
Cycle  78: GP refit  (87 labelled)
  → 1HgSe-1  gap=0.423 eV  best=5.612 eV  top50=0  top10%=0
Cycle  79: GP refit  (88 labelled)
  → 1ZrI2-1  gap=1.038 eV  best=5.612 eV  top50=0  top10%=0
Cycle  80: GP refit  (89 labelled)
  → 2BiIn-1  gap=0.138 eV  best=5.612 eV  top50=0  top10%=0
Cycle  81: full DKL retrain  (90 labelled)
GP warmup: 20 epochs on initial embeddings
Joint DKL training: 50 epochs
  Epoch 20/50  loss=-0.7291
  Epoch 40/50  loss=-0.8984
DKL training done in 0.6s
  → 2NRbRuSF5-1  gap=2.622 eV  best=5.612 eV  top50=0  top10%=0
Cycle  82: GP refit  (91 labelled)
  → 4HgSe-1  gap=0.937 eV  best=5.612 eV  top50=0  top10%=0
Cycle  83: GP refit  (92 labelled)
  → 1AlN-1  gap=4.048 eV  best=5.612 eV  top50=0  top10%=0
Cycle  84: GP refit  (93 labelled)
  → 2OsTe2-1  gap=1.379 eV  best=5.612 eV  top50=0  top10%=0
Cycle  85: GP refit  (94 labelled)
  → 1HgI2-4  gap=1.370 eV  best=5.612 eV  top50=0  top10%=0
Cycle  86: full DKL retrain  (95 labelled)
GP warmup: 20 epochs on initial embeddings
Joint DKL training: 50 epochs
  Epoch 20/50  loss=-0.4690
  Epoch 40/50  loss=-0.7102
DKL training done in 0.5s
  → 1SeTeV-1  gap=0.831 eV  best=5.612 eV  top50=0  top10%=0
Cycle  87: GP refit  (96 labelled)
  → 1BiBrTe-1  gap=1.159 eV  best=5.612 eV  top50=0  top10%=0
Cycle  88: GP refit  (97 labelled)
  → 1PbTe-1  gap=1.500 eV  best=5.612 eV  top50=0  top10%=0
Cycle  89: GP refit  (98 labelled)
  → 1WAu2Se4-1  gap=1.415 eV  best=5.612 eV  top50=0  top10%=0
Cycle  90: GP refit  (99 labelled)
  → 2FRhS-1  gap=2.175 eV  best=5.612 eV  top50=0  top10%=0
Cycle  91: full DKL retrain  (100 labelled)
GP warmup: 20 epochs on initial embeddings
Joint DKL training: 50 epochs
  Epoch 20/50  loss=-0.6936
  Epoch 40/50  loss=-0.9895
DKL training done in 0.4s
  → 2PbTe-3  gap=0.385 eV  best=5.612 eV  top50=0  top10%=0
Cycle  92: GP refit  (101 labelled)
  → 2IRhS-2  gap=1.665 eV  best=5.612 eV  top50=0  top10%=0
Cycle  93: GP refit  (102 labelled)
  → 1TeTa3I7-1  gap=1.223 eV  best=5.612 eV  top50=0  top10%=0
Cycle  94: GP refit  (103 labelled)
  → 1HfS2-2  gap=2.038 eV  best=5.612 eV  top50=0  top10%=0
Cycle  95: GP refit  (104 labelled)
  → 1BiITe-1  gap=0.929 eV  best=5.612 eV  top50=0  top10%=0
Cycle  96: full DKL retrain  (105 labelled)
GP warmup: 20 epochs on initial embeddings
Joint DKL training: 50 epochs
  Epoch 20/50  loss=-0.5719
  Epoch 40/50  loss=-0.7974
DKL training done in 0.6s
  → 1PbSe2-1  gap=1.847 eV  best=5.612 eV  top50=0  top10%=0
Cycle  97: GP refit  (106 labelled)
  → 1BrIV-1  gap=3.500 eV  best=5.612 eV  top50=0  top10%=0
Cycle  98: GP refit  (107 labelled)
  → 1SI2Pb2-1  gap=1.567 eV  best=5.612 eV  top50=0  top10%=0
Cycle  99: GP refit  (108 labelled)
  → 2ClRhSe-1  gap=2.271 eV  best=5.612 eV  top50=0  top10%=0
Cycle 100: GP refit  (109 labelled)
  → 2CrNbTe5-1  gap=0.029 eV  best=5.612 eV  top50=0  top10%=0
  dkl_finetune/seed6 → best_inwin=0.701 top50=18
BOLoop: 766 materials  |  direction=max  |  top-50 internal threshold=5.35  top-10% internal threshold=4.94
Init: 10 random labels  |  best (max) = 5.363
Cycle   1: full DKL retrain  (10 labelled)
GP warmup: 20 epochs on initial embeddings
/home/roy/Desktop/DKL-BO/venv/lib/python3.13/site-packages/torch/_compile.py:54: UserWarning: optimizer contains a parameter group with duplicate parameters; in future, this will cause an error; see github.com/pytorch/pytorch/issues/40967 for more information
  return disable_fn(*args, **kwargs)
Joint DKL training: 50 epochs
  Epoch 20/50  loss=1.7602
  Epoch 40/50  loss=1.6790
DKL training done in 0.5s
  → 1CrMo3Te8-1  gap=1.105 eV  best=5.363 eV  top50=0  top10%=0
Cycle   2: GP refit  (11 labelled)
  → 1HfTi3Se8-1  gap=1.544 eV  best=5.363 eV  top50=0  top10%=0
Cycle   3: GP refit  (12 labelled)
  → 2CrMoTe4-1  gap=0.980 eV  best=5.363 eV  top50=0  top10%=0
Cycle   4: GP refit  (13 labelled)
  → 1CrMo3Se8-1  gap=1.432 eV  best=5.363 eV  top50=0  top10%=0
Cycle   5: GP refit  (14 labelled)
  → 2MoWTe4-1  gap=1.279 eV  best=5.363 eV  top50=0  top10%=0
Cycle   6: full DKL retrain  (15 labelled)
GP warmup: 20 epochs on initial embeddings
Joint DKL training: 50 epochs
  Epoch 20/50  loss=0.0185
  Epoch 40/50  loss=-0.1594
DKL training done in 0.4s
  → 1MoCr3Te8-1  gap=0.893 eV  best=5.363 eV  top50=0  top10%=0
Cycle   7: GP refit  (16 labelled)
  → 2IrNbTe4-1  gap=0.033 eV  best=5.363 eV  top50=0  top10%=0
Cycle   8: GP refit  (17 labelled)
  → 1WCr3Te8-1  gap=0.841 eV  best=5.363 eV  top50=0  top10%=0
Cycle   9: GP refit  (18 labelled)
  → 1CrSeTe-1  gap=0.994 eV  best=5.363 eV  top50=0  top10%=0
Cycle  10: GP refit  (19 labelled)
  → 2CrWTe4-1  gap=0.876 eV  best=5.363 eV  top50=0  top10%=0
Cycle  11: full DKL retrain  (20 labelled)
GP warmup: 20 epochs on initial embeddings
Joint DKL training: 50 epochs
  Epoch 20/50  loss=0.1523
  Epoch 40/50  loss=-0.6318
DKL training done in 0.5s
  → 1CrTe2-2  gap=0.869 eV  best=5.363 eV  top50=0  top10%=0
Cycle  12: GP refit  (21 labelled)
  → 1ClIrS-1  gap=2.505 eV  best=5.363 eV  top50=0  top10%=0
Cycle  13: GP refit  (22 labelled)
  → 2FeTe2-1  gap=0.581 eV  best=5.363 eV  top50=0  top10%=0
Cycle  14: GP refit  (23 labelled)
  → 2BrIrSe-2  gap=2.067 eV  best=5.363 eV  top50=0  top10%=0
Cycle  15: GP refit  (24 labelled)
  → 1SSeSn-1  gap=1.476 eV  best=5.363 eV  top50=0  top10%=0
Cycle  16: full DKL retrain  (25 labelled)
GP warmup: 20 epochs on initial embeddings
Joint DKL training: 50 epochs
  Epoch 20/50  loss=-0.1678
  Epoch 40/50  loss=-0.4424
DKL training done in 0.5s
  → 2CuSe-4  gap=1.116 eV  best=5.363 eV  top50=0  top10%=0
Cycle  17: GP refit  (26 labelled)
  → 2IRhTe-2  gap=1.432 eV  best=5.363 eV  top50=0  top10%=0
Cycle  18: GP refit  (27 labelled)
  → 1WCu2Te4-1  gap=1.488 eV  best=5.363 eV  top50=0  top10%=0
Cycle  19: GP refit  (28 labelled)
  → 2IrTaTe4-1  gap=0.119 eV  best=5.363 eV  top50=0  top10%=0
Cycle  20: GP refit  (29 labelled)
  → 1CrW3Te8-1  gap=0.937 eV  best=5.363 eV  top50=0  top10%=0
Cycle  21: full DKL retrain  (30 labelled)
GP warmup: 20 epochs on initial embeddings
Joint DKL training: 50 epochs
  Epoch 20/50  loss=-0.2892
  Epoch 40/50  loss=-0.5314
DKL training done in 0.4s
  → 2OsS2-1  gap=1.387 eV  best=5.363 eV  top50=0  top10%=0
Cycle  22: GP refit  (31 labelled)
  → 1WAg2Te4-1  gap=1.318 eV  best=5.363 eV  top50=0  top10%=0
Cycle  23: GP refit  (32 labelled)
  → 1MoAu2Te4-1  gap=0.677 eV  best=5.363 eV  top50=0  top10%=0
Cycle  24: GP refit  (33 labelled)
  → 1SnTe-1  gap=2.089 eV  best=5.363 eV  top50=0  top10%=0
Cycle  25: GP refit  (34 labelled)
  → 2RhTaS4-1  gap=1.231 eV  best=5.363 eV  top50=0  top10%=0
Cycle  26: full DKL retrain  (35 labelled)
GP warmup: 20 epochs on initial embeddings
Joint DKL training: 50 epochs
  Epoch 20/50  loss=-0.4352
  Epoch 40/50  loss=-0.6145
DKL training done in 0.5s
  → 2IrSe-3  gap=0.822 eV  best=5.363 eV  top50=0  top10%=0
Cycle  27: GP refit  (36 labelled)
  → 2AgSe-1  gap=1.179 eV  best=5.363 eV  top50=0  top10%=0
Cycle  28: GP refit  (37 labelled)
  → 2TeV-4  gap=0.774 eV  best=5.363 eV  top50=0  top10%=0
Cycle  29: GP refit  (38 labelled)
  → 2SeV-4  gap=0.788 eV  best=5.363 eV  top50=0  top10%=0
Cycle  30: GP refit  (39 labelled)
  → 2IrNbS4-1  gap=1.253 eV  best=5.363 eV  top50=0  top10%=0
Cycle  31: full DKL retrain  (40 labelled)
GP warmup: 20 epochs on initial embeddings
Joint DKL training: 50 epochs
  Epoch 20/50  loss=-0.8224
  Epoch 40/50  loss=-1.0089
DKL training done in 0.5s
  → 1WAu2Se4-1  gap=1.415 eV  best=5.363 eV  top50=0  top10%=0
Cycle  32: GP refit  (41 labelled)
  → 2FeSe2-1  gap=1.053 eV  best=5.363 eV  top50=0  top10%=0
Cycle  33: GP refit  (42 labelled)
  → 1WTe2-1  gap=1.141 eV  best=5.363 eV  top50=0  top10%=0
Cycle  34: GP refit  (43 labelled)
  → 2FRhTe-1  gap=2.115 eV  best=5.363 eV  top50=0  top10%=0
Cycle  35: GP refit  (44 labelled)
  → 1MoW3Te8-1  gap=1.220 eV  best=5.363 eV  top50=0  top10%=0
Cycle  36: full DKL retrain  (45 labelled)
GP warmup: 20 epochs on initial embeddings
Joint DKL training: 50 epochs
  Epoch 20/50  loss=-0.7574
  Epoch 40/50  loss=-0.9148
DKL training done in 0.5s
  → 2AgTe-3  gap=0.756 eV  best=5.363 eV  top50=0  top10%=0
Cycle  37: GP refit  (46 labelled)
  → 2AuS-1  gap=2.010 eV  best=5.363 eV  top50=0  top10%=0
Cycle  38: GP refit  (47 labelled)
  → 2AuO-1  gap=0.865 eV  best=5.363 eV  top50=0  top10%=0
Cycle  39: GP refit  (48 labelled)
  → 2AuI-3  gap=1.592 eV  best=5.363 eV  top50=0  top10%=0
Cycle  40: GP refit  (49 labelled)
  → 1WAu2Te4-1  gap=0.792 eV  best=5.363 eV  top50=0  top10%=0
Cycle  41: full DKL retrain  (50 labelled)
GP warmup: 20 epochs on initial embeddings
Joint DKL training: 50 epochs
  Epoch 20/50  loss=-0.7527
  Epoch 40/50  loss=-0.9278
DKL training done in 0.6s
  → 1BrCoTe-1  gap=1.810 eV  best=5.363 eV  top50=0  top10%=0
Cycle  42: GP refit  (51 labelled)
  → 1BrCoSe-1  gap=2.153 eV  best=5.363 eV  top50=0  top10%=0
Cycle  43: GP refit  (52 labelled)
  → 2ORh-2  gap=0.062 eV  best=5.363 eV  top50=0  top10%=0
Cycle  44: GP refit  (53 labelled)
  → 2ClRhTe-1  gap=2.113 eV  best=5.363 eV  top50=0  top10%=0
Cycle  45: GP refit  (54 labelled)
  → 1CrSe2-1  gap=1.128 eV  best=5.363 eV  top50=0  top10%=0
Cycle  46: full DKL retrain  (55 labelled)
GP warmup: 20 epochs on initial embeddings
Joint DKL training: 50 epochs
  Epoch 20/50  loss=-0.1624
  Epoch 40/50  loss=-0.4169
DKL training done in 0.5s
  → 2AgTe-2  gap=0.242 eV  best=5.363 eV  top50=0  top10%=0
Cycle  47: GP refit  (56 labelled)
  → 1IRhSe-1  gap=1.425 eV  best=5.363 eV  top50=0  top10%=0
Cycle  48: GP refit  (57 labelled)
  → 1SeTeW-1  gap=1.493 eV  best=5.363 eV  top50=0  top10%=0
Cycle  49: GP refit  (58 labelled)
  → 2CrWSe4-1  gap=1.203 eV  best=5.363 eV  top50=0  top10%=0
Cycle  50: GP refit  (59 labelled)
  → 2IRhSe-1  gap=1.725 eV  best=5.363 eV  top50=0  top10%=0
Cycle  51: full DKL retrain  (60 labelled)
GP warmup: 20 epochs on initial embeddings
Joint DKL training: 50 epochs
  Epoch 20/50  loss=-0.2645
  Epoch 40/50  loss=-0.4878
DKL training done in 0.5s
  → 2AuSe-1  gap=1.561 eV  best=5.363 eV  top50=0  top10%=0
Cycle  52: GP refit  (61 labelled)
  → 2AgO-1  gap=1.126 eV  best=5.363 eV  top50=0  top10%=0
Cycle  53: GP refit  (62 labelled)
  → 1WMo3Te8-1  gap=1.326 eV  best=5.363 eV  top50=0  top10%=0
Cycle  54: GP refit  (63 labelled)
  → 1MoCu2Te4-1  gap=1.230 eV  best=5.363 eV  top50=0  top10%=0
Cycle  55: GP refit  (64 labelled)
  → 2IrO-2  gap=0.230 eV  best=5.363 eV  top50=0  top10%=0
Cycle  56: full DKL retrain  (65 labelled)
GP warmup: 20 epochs on initial embeddings
Joint DKL training: 50 epochs
  Epoch 20/50  loss=-0.4619
  Epoch 40/50  loss=-0.5941
DKL training done in 0.5s
  → 2PdTeO3-2  gap=2.509 eV  best=5.363 eV  top50=0  top10%=0
Cycle  57: GP refit  (66 labelled)
  → 2SNi2Se3-1  gap=0.440 eV  best=5.363 eV  top50=0  top10%=0
Cycle  58: GP refit  (67 labelled)
  → 1MoAu2Se4-1  gap=1.247 eV  best=5.363 eV  top50=0  top10%=0
Cycle  59: GP refit  (68 labelled)
  → 2SV-4  gap=0.642 eV  best=5.363 eV  top50=0  top10%=0
Cycle  60: GP refit  (69 labelled)
  → 1HfTi3Te8-1  gap=0.724 eV  best=5.363 eV  top50=0  top10%=0
Cycle  61: full DKL retrain  (70 labelled)
GP warmup: 20 epochs on initial embeddings
Joint DKL training: 50 epochs
  Epoch 20/50  loss=0.0591
  Epoch 40/50  loss=-0.1535
DKL training done in 0.6s
  → 2HfTiTe4-1  gap=0.692 eV  best=5.363 eV  top50=0  top10%=0
Cycle  62: GP refit  (71 labelled)
  → 1ZrTi3Te8-1  gap=0.722 eV  best=5.363 eV  top50=0  top10%=0
Cycle  63: GP refit  (72 labelled)
  → 1SeTeTi-2  gap=0.600 eV  best=5.363 eV  top50=0  top10%=0
Cycle  64: GP refit  (73 labelled)
  → 1TiHf3Te8-1  gap=0.688 eV  best=5.363 eV  top50=0  top10%=0
Cycle  65: GP refit  (74 labelled)
  → 2TeTi-4  gap=0.440 eV  best=5.363 eV  top50=0  top10%=0
Cycle  66: full DKL retrain  (75 labelled)
GP warmup: 20 epochs on initial embeddings
Joint DKL training: 50 epochs
  Epoch 20/50  loss=-0.2807
  Epoch 40/50  loss=-0.4618
DKL training done in 0.6s
  → 2CrNbTe5-1  gap=0.029 eV  best=5.363 eV  top50=0  top10%=0
Cycle  67: GP refit  (76 labelled)
  → 1HfTe2-2  gap=0.665 eV  best=5.363 eV  top50=0  top10%=0
Cycle  68: GP refit  (77 labelled)
  → 2TiZrTe4-1  gap=0.744 eV  best=5.363 eV  top50=0  top10%=0
Cycle  69: GP refit  (78 labelled)
  → 4TiSe2-1  gap=0.036 eV  best=5.363 eV  top50=0  top10%=0
Cycle  70: GP refit  (79 labelled)
  → 2RuS2-1  gap=1.583 eV  best=5.363 eV  top50=0  top10%=0
Cycle  71: full DKL retrain  (80 labelled)
GP warmup: 20 epochs on initial embeddings
Joint DKL training: 50 epochs
  Epoch 20/50  loss=-0.1350
  Epoch 40/50  loss=-0.2660
DKL training done in 0.5s
  → 1NiPdS4-1  gap=1.153 eV  best=5.363 eV  top50=0  top10%=0
Cycle  72: GP refit  (81 labelled)
  → 2RuSe2-1  gap=1.595 eV  best=5.363 eV  top50=0  top10%=0
Cycle  73: GP refit  (82 labelled)
  → 4AsNiS-1  gap=1.507 eV  best=5.363 eV  top50=0  top10%=0
Cycle  74: GP refit  (83 labelled)
  → 1TiZr3Te8-1  gap=0.793 eV  best=5.363 eV  top50=0  top10%=0
Cycle  75: GP refit  (84 labelled)
  → 1ZrHf3Te8-1  gap=0.690 eV  best=5.363 eV  top50=0  top10%=0
Cycle  76: full DKL retrain  (85 labelled)
GP warmup: 20 epochs on initial embeddings
Joint DKL training: 50 epochs
  Epoch 20/50  loss=-0.3590
  Epoch 40/50  loss=-0.5061
DKL training done in 0.5s
  → 1HfZr3Te8-1  gap=0.766 eV  best=5.363 eV  top50=0  top10%=0
Cycle  77: GP refit  (86 labelled)
  → 1ZrTe2-2  gap=0.836 eV  best=5.363 eV  top50=0  top10%=0
Cycle  78: GP refit  (87 labelled)
  → 1ZrTi3Se8-1  gap=1.563 eV  best=5.363 eV  top50=0  top10%=0
Cycle  79: GP refit  (88 labelled)
  → 1STeTi-2  gap=0.531 eV  best=5.363 eV  top50=0  top10%=0
Cycle  80: GP refit  (89 labelled)
  → 1OSTi-1  gap=1.777 eV  best=5.363 eV  top50=0  top10%=0
Cycle  81: full DKL retrain  (90 labelled)
GP warmup: 20 epochs on initial embeddings
Joint DKL training: 50 epochs
  Epoch 20/50  loss=-0.2740
  Epoch 40/50  loss=-0.4092
DKL training done in 0.7s
  → 1HfSeTe-2  gap=0.637 eV  best=5.363 eV  top50=0  top10%=0
Cycle  82: GP refit  (91 labelled)
  → 2CuI-2  gap=3.552 eV  best=5.363 eV  top50=0  top10%=0
Cycle  83: GP refit  (92 labelled)
  → 1N2O2Hf3-1  gap=0.508 eV  best=5.363 eV  top50=0  top10%=0
Cycle  84: GP refit  (93 labelled)
  → 1SeTeZr-2  gap=0.783 eV  best=5.363 eV  top50=0  top10%=0
Cycle  85: GP refit  (94 labelled)
  → 1TiSe2-2  gap=1.460 eV  best=5.363 eV  top50=0  top10%=0
Cycle  86: full DKL retrain  (95 labelled)
GP warmup: 20 epochs on initial embeddings
Joint DKL training: 50 epochs
  Epoch 20/50  loss=-0.0570
  Epoch 40/50  loss=-0.2300
DKL training done in 0.5s
  → 1N2O2Zr3-1  gap=0.616 eV  best=5.363 eV  top50=0  top10%=0
Cycle  87: GP refit  (96 labelled)
  → 1C2O2Hf3-1  gap=0.917 eV  best=5.363 eV  top50=0  top10%=0
Cycle  88: GP refit  (97 labelled)
  → 1NiSSeZr-1  gap=1.881 eV  best=5.363 eV  top50=0  top10%=0
Cycle  89: GP refit  (98 labelled)
  → 1HfSTe-2  gap=0.481 eV  best=5.363 eV  top50=0  top10%=0
Cycle  90: GP refit  (99 labelled)
  → 1HfSSe-1  gap=1.512 eV  best=5.363 eV  top50=0  top10%=0
Cycle  91: full DKL retrain  (100 labelled)
GP warmup: 20 epochs on initial embeddings
Joint DKL training: 50 epochs
  Epoch 20/50  loss=-0.0474
  Epoch 40/50  loss=-0.2712
DKL training done in 0.6s
  → 2RuTe2-1  gap=1.071 eV  best=5.363 eV  top50=0  top10%=0
Cycle  92: GP refit  (101 labelled)
  → 2TeZr-4  gap=0.652 eV  best=5.363 eV  top50=0  top10%=0
Cycle  93: GP refit  (102 labelled)
  → 1MoSTe-1  gap=1.585 eV  best=5.363 eV  top50=0  top10%=0
Cycle  94: GP refit  (103 labelled)
  → 1STeZr-2  gap=0.672 eV  best=5.363 eV  top50=0  top10%=0
Cycle  95: GP refit  (104 labelled)
  → 1PtSeTe-1  gap=1.092 eV  best=5.363 eV  top50=0  top10%=0
Cycle  96: full DKL retrain  (105 labelled)
GP warmup: 20 epochs on initial embeddings
Joint DKL training: 50 epochs
  Epoch 20/50  loss=-0.4797
  Epoch 40/50  loss=-0.3928
DKL training done in 0.6s
  → 1C2O2Zr3-1  gap=0.961 eV  best=5.363 eV  top50=0  top10%=0
Cycle  97: GP refit  (106 labelled)
  → 1SeNi2S3-1  gap=1.350 eV  best=5.363 eV  top50=0  top10%=0
Cycle  98: GP refit  (107 labelled)
  → 1STeW-1  gap=1.681 eV  best=5.363 eV  top50=0  top10%=0
Cycle  99: GP refit  (108 labelled)
  → 1IIrTe-1  gap=1.821 eV  best=5.363 eV  top50=0  top10%=0
Cycle 100: GP refit  (109 labelled)
  → 1CrSSe-1  gap=1.241 eV  best=5.363 eV  top50=0  top10%=0
  dkl_finetune/seed7 → best_inwin=0.722 top50=17
BOLoop: 766 materials  |  direction=max  |  top-50 internal threshold=5.35  top-10% internal threshold=4.94
Init: 10 random labels  |  best (max) = 5.386
Cycle   1: full DKL retrain  (10 labelled)
GP warmup: 20 epochs on initial embeddings
/home/roy/Desktop/DKL-BO/venv/lib/python3.13/site-packages/torch/_compile.py:54: UserWarning: optimizer contains a parameter group with duplicate parameters; in future, this will cause an error; see github.com/pytorch/pytorch/issues/40967 for more information
  return disable_fn(*args, **kwargs)
Joint DKL training: 50 epochs
  Epoch 20/50  loss=1.7745
  Epoch 40/50  loss=1.6726
DKL training done in 0.4s
  → 1AgInP2S6-1  gap=2.365 eV  best=5.386 eV  top50=0  top10%=0
Cycle   2: GP refit  (11 labelled)
  → 1BiFTe-1  gap=1.179 eV  best=5.386 eV  top50=0  top10%=0
Cycle   3: GP refit  (12 labelled)
  → 1AgScP2Se6-1  gap=2.775 eV  best=5.386 eV  top50=0  top10%=0
Cycle   4: GP refit  (13 labelled)
  → 1BiClTe-1  gap=1.198 eV  best=5.386 eV  top50=0  top10%=0
Cycle   5: GP refit  (14 labelled)
  → 4OBi2Se2-1  gap=1.736 eV  best=5.386 eV  top50=0  top10%=0
Cycle   6: full DKL retrain  (15 labelled)
GP warmup: 20 epochs on initial embeddings
Joint DKL training: 50 epochs
  Epoch 20/50  loss=1.1026
  Epoch 40/50  loss=0.9816
DKL training done in 0.6s
  → 1BiBrTe-1  gap=1.159 eV  best=5.386 eV  top50=0  top10%=0
Cycle   7: GP refit  (16 labelled)
  → 1ISbTe-1  gap=1.322 eV  best=5.386 eV  top50=0  top10%=0
Cycle   8: GP refit  (17 labelled)
  → 1VTe2-1  gap=0.854 eV  best=5.386 eV  top50=0  top10%=0
Cycle   9: GP refit  (18 labelled)
  → 1BiIS-2  gap=1.178 eV  best=5.386 eV  top50=0  top10%=0
Cycle  10: GP refit  (19 labelled)
  → 1BiISe-2  gap=1.189 eV  best=5.386 eV  top50=0  top10%=0
Cycle  11: full DKL retrain  (20 labelled)
GP warmup: 20 epochs on initial embeddings
Joint DKL training: 50 epochs
  Epoch 20/50  loss=0.3850
  Epoch 40/50  loss=0.0615
DKL training done in 0.6s
  → 1AsBrTe-1  gap=1.839 eV  best=5.386 eV  top50=0  top10%=0
Cycle  12: GP refit  (21 labelled)
  → 1MoCu2Te4-1  gap=1.230 eV  best=5.386 eV  top50=0  top10%=0
Cycle  13: GP refit  (22 labelled)
  → 1MoAu2Te4-1  gap=0.677 eV  best=5.386 eV  top50=0  top10%=0
Cycle  14: GP refit  (23 labelled)
  → 1BiBrTe-2  gap=1.162 eV  best=5.386 eV  top50=0  top10%=0
Cycle  15: GP refit  (24 labelled)
  → 1BiClTe-2  gap=1.151 eV  best=5.386 eV  top50=0  top10%=0
Cycle  16: full DKL retrain  (25 labelled)
GP warmup: 20 epochs on initial embeddings
Joint DKL training: 50 epochs
  Epoch 20/50  loss=0.2668
  Epoch 40/50  loss=0.1220
DKL training done in 0.5s
  → 1AsITe-2  gap=0.872 eV  best=5.386 eV  top50=0  top10%=0
Cycle  17: GP refit  (26 labelled)
  → 2AuSe-1  gap=1.561 eV  best=5.386 eV  top50=0  top10%=0
Cycle  18: GP refit  (27 labelled)
  → 1AsITe-1  gap=1.502 eV  best=5.386 eV  top50=0  top10%=0
Cycle  19: GP refit  (28 labelled)
  → 1ZrTe2-2  gap=0.836 eV  best=5.386 eV  top50=0  top10%=0
Cycle  20: GP refit  (29 labelled)
  → 1HfZr3Te8-1  gap=0.766 eV  best=5.386 eV  top50=0  top10%=0
Cycle  21: full DKL retrain  (30 labelled)
GP warmup: 20 epochs on initial embeddings
Joint DKL training: 50 epochs
  Epoch 20/50  loss=0.0351
  Epoch 40/50  loss=-0.1668
DKL training done in 0.5s
  → 1ZrHf3Te8-1  gap=0.690 eV  best=5.386 eV  top50=0  top10%=0
Cycle  22: GP refit  (31 labelled)
  → 2TiZrTe4-1  gap=0.744 eV  best=5.386 eV  top50=0  top10%=0
Cycle  23: GP refit  (32 labelled)
  → 1TiHf3Te8-1  gap=0.688 eV  best=5.386 eV  top50=0  top10%=0
Cycle  24: GP refit  (33 labelled)
  → 2CrNbTe5-1  gap=0.029 eV  best=5.386 eV  top50=0  top10%=0
Cycle  25: GP refit  (34 labelled)
  → 1HfTi3Te8-1  gap=0.724 eV  best=5.386 eV  top50=0  top10%=0
Cycle  26: full DKL retrain  (35 labelled)
GP warmup: 20 epochs on initial embeddings
Joint DKL training: 50 epochs
  Epoch 20/50  loss=-0.1585
  Epoch 40/50  loss=-0.4004
DKL training done in 0.4s
  → 2IrTaTe4-1  gap=0.119 eV  best=5.386 eV  top50=0  top10%=0
Cycle  27: GP refit  (36 labelled)
  → 1WAu2Te4-1  gap=0.792 eV  best=5.386 eV  top50=0  top10%=0
Cycle  28: GP refit  (37 labelled)
  → 2TeTi-4  gap=0.440 eV  best=5.386 eV  top50=0  top10%=0
Cycle  29: GP refit  (38 labelled)
  → 2AuTe-3  gap=0.078 eV  best=5.386 eV  top50=0  top10%=0
Cycle  30: GP refit  (39 labelled)
  → 2TeZr-4  gap=0.652 eV  best=5.386 eV  top50=0  top10%=0
Cycle  31: full DKL retrain  (40 labelled)
GP warmup: 20 epochs on initial embeddings
Joint DKL training: 50 epochs
  Epoch 20/50  loss=-0.0483
  Epoch 40/50  loss=-0.2439
DKL training done in 0.5s
  → 1AgCrP2Te6-1  gap=1.137 eV  best=5.386 eV  top50=0  top10%=0
Cycle  32: GP refit  (41 labelled)
  → 2BrIrTe-2  gap=1.869 eV  best=5.386 eV  top50=0  top10%=0
Cycle  33: GP refit  (42 labelled)
  → 1AsIn-1  gap=1.234 eV  best=5.386 eV  top50=0  top10%=0
Cycle  34: GP refit  (43 labelled)
  → 1STeTi-2  gap=0.531 eV  best=5.386 eV  top50=0  top10%=0
Cycle  35: GP refit  (44 labelled)
  → 2InS2-3  gap=1.242 eV  best=5.386 eV  top50=0  top10%=0
Cycle  36: full DKL retrain  (45 labelled)
GP warmup: 20 epochs on initial embeddings
Joint DKL training: 50 epochs
  Epoch 20/50  loss=-0.2040
  Epoch 40/50  loss=-0.3895
DKL training done in 0.5s
  → 2FeTe2-1  gap=0.581 eV  best=5.386 eV  top50=0  top10%=0
Cycle  37: GP refit  (46 labelled)
  → 1SeBi2S2-1  gap=0.923 eV  best=5.386 eV  top50=0  top10%=0
Cycle  38: GP refit  (47 labelled)
  → 1SeTeTi-2  gap=0.600 eV  best=5.386 eV  top50=0  top10%=0
Cycle  39: GP refit  (48 labelled)
  → 1STeZr-2  gap=0.672 eV  best=5.386 eV  top50=0  top10%=0
Cycle  40: GP refit  (49 labelled)
  → 1HfSTe-2  gap=0.481 eV  best=5.386 eV  top50=0  top10%=0
Cycle  41: full DKL retrain  (50 labelled)
GP warmup: 20 epochs on initial embeddings
Joint DKL training: 50 epochs
  Epoch 20/50  loss=-0.5182
  Epoch 40/50  loss=-0.7702
DKL training done in 0.5s
  → 1GaInTe2-1  gap=1.532 eV  best=5.386 eV  top50=0  top10%=0
Cycle  42: GP refit  (51 labelled)
  → 1BiITe-1  gap=0.929 eV  best=5.386 eV  top50=0  top10%=0
Cycle  43: GP refit  (52 labelled)
  → 2InSe-1  gap=2.055 eV  best=5.386 eV  top50=0  top10%=0
Cycle  44: GP refit  (53 labelled)
  → 1SeTeZr-2  gap=0.783 eV  best=5.386 eV  top50=0  top10%=0
Cycle  45: GP refit  (54 labelled)
  → 1HfI2-1  gap=1.022 eV  best=5.386 eV  top50=0  top10%=0
Cycle  46: full DKL retrain  (55 labelled)
GP warmup: 20 epochs on initial embeddings
Joint DKL training: 50 epochs
  Epoch 20/50  loss=-0.5343
  Epoch 40/50  loss=-0.6916
DKL training done in 0.5s
  → 1WTe2-1  gap=1.141 eV  best=5.386 eV  top50=0  top10%=0
Cycle  47: GP refit  (56 labelled)
  → 1CrSe2-1  gap=1.128 eV  best=5.386 eV  top50=0  top10%=0
Cycle  48: GP refit  (57 labelled)
  → 1ISSb-2  gap=1.455 eV  best=5.386 eV  top50=0  top10%=0
Cycle  49: GP refit  (58 labelled)
  → 2IrTaS4-1  gap=1.331 eV  best=5.386 eV  top50=0  top10%=0
Cycle  50: GP refit  (59 labelled)
  → 1AsClSe-2  gap=2.371 eV  best=5.386 eV  top50=0  top10%=0
Cycle  51: full DKL retrain  (60 labelled)
GP warmup: 20 epochs on initial embeddings
Joint DKL training: 50 epochs
  Epoch 20/50  loss=-0.4403
  Epoch 40/50  loss=-0.6277
DKL training done in 0.5s
  → 1HfSeTe-2  gap=0.637 eV  best=5.386 eV  top50=0  top10%=0
Cycle  52: GP refit  (61 labelled)
  → 1TiI2-2  gap=0.828 eV  best=5.386 eV  top50=0  top10%=0
Cycle  53: GP refit  (62 labelled)
  → 4NbS3-2  gap=1.030 eV  best=5.386 eV  top50=0  top10%=0
Cycle  54: GP refit  (63 labelled)
  → 1BiITe-2  gap=0.995 eV  best=5.386 eV  top50=0  top10%=0
Cycle  55: GP refit  (64 labelled)
  → 1HfTi3Se8-1  gap=1.544 eV  best=5.386 eV  top50=0  top10%=0
Cycle  56: full DKL retrain  (65 labelled)
GP warmup: 20 epochs on initial embeddings
Joint DKL training: 50 epochs
  Epoch 20/50  loss=-0.5620
  Epoch 40/50  loss=-0.6915
DKL training done in 0.5s
  → 1ClCrTe-1  gap=1.108 eV  best=5.386 eV  top50=0  top10%=0
Cycle  57: GP refit  (66 labelled)
  → 2HfI2-1  gap=1.014 eV  best=5.386 eV  top50=0  top10%=0
Cycle  58: GP refit  (67 labelled)
  → 2BaBi2S4-1  gap=2.313 eV  best=5.386 eV  top50=0  top10%=0
Cycle  59: GP refit  (68 labelled)
  → 2AuI-3  gap=1.592 eV  best=5.386 eV  top50=0  top10%=0
Cycle  60: GP refit  (69 labelled)
  → 1ZrI2-1  gap=1.038 eV  best=5.386 eV  top50=0  top10%=0
Cycle  61: full DKL retrain  (70 labelled)
GP warmup: 20 epochs on initial embeddings
Joint DKL training: 50 epochs
  Epoch 20/50  loss=-0.4340
  Epoch 40/50  loss=-0.5839
DKL training done in 0.5s
  → 1CrW3Te8-1  gap=0.937 eV  best=5.386 eV  top50=0  top10%=0
Cycle  62: GP refit  (71 labelled)
  → 2CrWS4-1  gap=1.442 eV  best=5.386 eV  top50=0  top10%=0
Cycle  63: GP refit  (72 labelled)
  → 1SSeZr-2  gap=1.777 eV  best=5.386 eV  top50=0  top10%=0
Cycle  64: GP refit  (73 labelled)
  → 2PdTeS3-1  gap=1.818 eV  best=5.386 eV  top50=0  top10%=0
Cycle  65: GP refit  (74 labelled)
  → 2TeV-4  gap=0.774 eV  best=5.386 eV  top50=0  top10%=0
Cycle  66: full DKL retrain  (75 labelled)
GP warmup: 20 epochs on initial embeddings
Joint DKL training: 50 epochs
  Epoch 20/50  loss=-0.4252
  Epoch 40/50  loss=-0.6163
DKL training done in 0.6s
  → 1MoW3Te8-1  gap=1.220 eV  best=5.386 eV  top50=0  top10%=0
Cycle  67: GP refit  (76 labelled)
  → 1HfS2-2  gap=2.038 eV  best=5.386 eV  top50=0  top10%=0
Cycle  68: GP refit  (77 labelled)
  → 1BrTeTi-1  gap=0.763 eV  best=5.386 eV  top50=0  top10%=0
Cycle  69: GP refit  (78 labelled)
  → 1SeTeV-1  gap=0.831 eV  best=5.386 eV  top50=0  top10%=0
Cycle  70: GP refit  (79 labelled)
  → 1BiBrS-1  gap=1.600 eV  best=5.386 eV  top50=0  top10%=0
Cycle  71: full DKL retrain  (80 labelled)
GP warmup: 20 epochs on initial embeddings
Joint DKL training: 50 epochs
  Epoch 20/50  loss=-0.4507
  Epoch 40/50  loss=-0.6391
DKL training done in 0.6s
  → 1WMo3Te8-1  gap=1.326 eV  best=5.386 eV  top50=0  top10%=0
Cycle  72: GP refit  (81 labelled)
  → 2AgTe-2  gap=0.242 eV  best=5.386 eV  top50=0  top10%=0
Cycle  73: GP refit  (82 labelled)
  → 2MoWTe4-1  gap=1.279 eV  best=5.386 eV  top50=0  top10%=0
Cycle  74: GP refit  (83 labelled)
  → 1STeW-2  gap=0.205 eV  best=5.386 eV  top50=0  top10%=0
Cycle  75: GP refit  (84 labelled)
  → 1CrISe-1  gap=1.596 eV  best=5.386 eV  top50=0  top10%=0
Cycle  76: full DKL retrain  (85 labelled)
GP warmup: 20 epochs on initial embeddings
Joint DKL training: 50 epochs
  Epoch 20/50  loss=-0.5019
  Epoch 40/50  loss=-0.6862
DKL training done in 0.6s
  → 1WAg2Te4-1  gap=1.318 eV  best=5.386 eV  top50=0  top10%=0
Cycle  77: GP refit  (86 labelled)
  → 2CrMoTe4-1  gap=0.980 eV  best=5.386 eV  top50=0  top10%=0
Cycle  78: GP refit  (87 labelled)
  → 2CrWTe4-1  gap=0.876 eV  best=5.386 eV  top50=0  top10%=0
Cycle  79: GP refit  (88 labelled)
  → 4AsPdSe-1  gap=1.283 eV  best=5.386 eV  top50=0  top10%=0
Cycle  80: GP refit  (89 labelled)
  → 1CrSSe-1  gap=1.241 eV  best=5.386 eV  top50=0  top10%=0
Cycle  81: full DKL retrain  (90 labelled)
GP warmup: 20 epochs on initial embeddings
Joint DKL training: 50 epochs
  Epoch 20/50  loss=-0.5724
  Epoch 40/50  loss=-0.7543
DKL training done in 0.5s
  → 1Nb3I8-1  gap=0.824 eV  best=5.386 eV  top50=0  top10%=0
Cycle  82: GP refit  (91 labelled)
  → 1BiClS-1  gap=1.745 eV  best=5.386 eV  top50=0  top10%=0
Cycle  83: GP refit  (92 labelled)
  → 1WCu2Te4-1  gap=1.488 eV  best=5.386 eV  top50=0  top10%=0
Cycle  84: GP refit  (93 labelled)
  → 1STeW-1  gap=1.681 eV  best=5.386 eV  top50=0  top10%=0
Cycle  85: GP refit  (94 labelled)
  → 1CoITe-1  gap=0.971 eV  best=5.386 eV  top50=0  top10%=0
Cycle  86: full DKL retrain  (95 labelled)
GP warmup: 20 epochs on initial embeddings
Joint DKL training: 50 epochs
  Epoch 20/50  loss=-0.6064
  Epoch 40/50  loss=-0.7492
DKL training done in 0.6s
  → 2ZrI2-1  gap=0.889 eV  best=5.386 eV  top50=0  top10%=0
Cycle  87: GP refit  (96 labelled)
  → 2MoWS4-1  gap=2.062 eV  best=5.386 eV  top50=0  top10%=0
Cycle  88: GP refit  (97 labelled)
  → 1MoS2-1  gap=2.087 eV  best=5.386 eV  top50=0  top10%=0
Cycle  89: GP refit  (98 labelled)
  → 2IrNbTe4-1  gap=0.033 eV  best=5.386 eV  top50=0  top10%=0
Cycle  90: GP refit  (99 labelled)
  → 1BrCoTe-1  gap=1.810 eV  best=5.386 eV  top50=0  top10%=0
Cycle  91: full DKL retrain  (100 labelled)
GP warmup: 20 epochs on initial embeddings
Joint DKL training: 50 epochs
  Epoch 20/50  loss=-0.3489
  Epoch 40/50  loss=-0.5003
DKL training done in 0.6s
  → 2TiBr2-1  gap=0.817 eV  best=5.386 eV  top50=0  top10%=0
Cycle  92: GP refit  (101 labelled)
  → 1SeTa3Cl7-1  gap=1.582 eV  best=5.386 eV  top50=0  top10%=0
Cycle  93: GP refit  (102 labelled)
  → 1AsIS-2  gap=0.810 eV  best=5.386 eV  top50=0  top10%=0
Cycle  94: GP refit  (103 labelled)
  → 1TeTa3Cl7-1  gap=1.510 eV  best=5.386 eV  top50=0  top10%=0
Cycle  95: GP refit  (104 labelled)
  → 1SNb3Br7-1  gap=1.525 eV  best=5.386 eV  top50=0  top10%=0
Cycle  96: full DKL retrain  (105 labelled)
GP warmup: 20 epochs on initial embeddings
Joint DKL training: 50 epochs
  Epoch 20/50  loss=-0.3791
  Epoch 40/50  loss=-0.5433
DKL training done in 0.6s
  → 4AsPdS-1  gap=1.501 eV  best=5.386 eV  top50=0  top10%=0
Cycle  97: GP refit  (106 labelled)
  → 1CrMo3Te8-1  gap=1.105 eV  best=5.386 eV  top50=0  top10%=0
Cycle  98: GP refit  (107 labelled)
  → 1BiIS-1  gap=1.474 eV  best=5.386 eV  top50=0  top10%=0
Cycle  99: GP refit  (108 labelled)
  → 1WCr3Te8-1  gap=0.841 eV  best=5.386 eV  top50=0  top10%=0
Cycle 100: GP refit  (109 labelled)
  → 2HfBr2-1  gap=1.334 eV  best=5.386 eV  top50=0  top10%=0
  dkl_finetune/seed8 → best_inwin=0.724 top50=18
BOLoop: 766 materials  |  direction=max  |  top-50 internal threshold=5.35  top-10% internal threshold=4.94
Init: 10 random labels  |  best (max) = 2.795
Cycle   1: full DKL retrain  (10 labelled)
GP warmup: 20 epochs on initial embeddings
/home/roy/Desktop/DKL-BO/venv/lib/python3.13/site-packages/torch/_compile.py:54: UserWarning: optimizer contains a parameter group with duplicate parameters; in future, this will cause an error; see github.com/pytorch/pytorch/issues/40967 for more information
  return disable_fn(*args, **kwargs)
Joint DKL training: 50 epochs
  Epoch 20/50  loss=1.0782
  Epoch 40/50  loss=0.9903
DKL training done in 0.7s
  → 2CuS-2  gap=1.311 eV  best=2.795 eV  top50=0  top10%=0
Cycle   2: GP refit  (11 labelled)
  → 2AgS-1  gap=1.557 eV  best=2.795 eV  top50=0  top10%=0
Cycle   3: GP refit  (12 labelled)
  → 2AuS-1  gap=2.010 eV  best=2.795 eV  top50=0  top10%=0
Cycle   4: GP refit  (13 labelled)
  → 4AsPdS-1  gap=1.501 eV  best=2.795 eV  top50=0  top10%=0
Cycle   5: GP refit  (14 labelled)
  → 4PPdSe-1  gap=1.963 eV  best=2.795 eV  top50=0  top10%=0
Cycle   6: full DKL retrain  (15 labelled)
GP warmup: 20 epochs on initial embeddings
Joint DKL training: 50 epochs
  Epoch 20/50  loss=0.3663
  Epoch 40/50  loss=0.1170
DKL training done in 0.4s
  → 2BrIrTe-2  gap=1.869 eV  best=2.795 eV  top50=0  top10%=0
Cycle   7: GP refit  (16 labelled)
  → 1AsBrTe-1  gap=1.839 eV  best=2.795 eV  top50=0  top10%=0
Cycle   8: GP refit  (17 labelled)
  → 1IrRuS2Br4-1  gap=0.554 eV  best=2.795 eV  top50=0  top10%=0
Cycle   9: GP refit  (18 labelled)
  → 2TiBr2-1  gap=0.817 eV  best=2.795 eV  top50=0  top10%=0
Cycle  10: GP refit  (19 labelled)
  → 1TiBr2-1  gap=1.166 eV  best=2.795 eV  top50=0  top10%=0
Cycle  11: full DKL retrain  (20 labelled)
GP warmup: 20 epochs on initial embeddings
Joint DKL training: 50 epochs
  Epoch 20/50  loss=-0.0714
  Epoch 40/50  loss=-0.3019
DKL training done in 0.6s
  → 1SeTeV-1  gap=0.831 eV  best=2.795 eV  top50=0  top10%=0
Cycle  12: GP refit  (21 labelled)
  → 1FeHfBr6-1  gap=3.395 eV  best=3.395 eV  top50=0  top10%=0
Cycle  13: GP refit  (22 labelled)
  → 2BrRhSe-1  gap=2.140 eV  best=3.395 eV  top50=0  top10%=0
Cycle  14: GP refit  (23 labelled)
  → 2BrIrSe-2  gap=2.067 eV  best=3.395 eV  top50=0  top10%=0
Cycle  15: GP refit  (24 labelled)
  → 1PtSSe-1  gap=2.017 eV  best=3.395 eV  top50=0  top10%=0
Cycle  16: full DKL retrain  (25 labelled)
GP warmup: 20 epochs on initial embeddings
Joint DKL training: 50 epochs
  Epoch 20/50  loss=0.3023
  Epoch 40/50  loss=-0.1463
DKL training done in 0.5s
  → 1STeTi-2  gap=0.531 eV  best=3.395 eV  top50=0  top10%=0
Cycle  17: GP refit  (26 labelled)
  → 2IrNbTe4-1  gap=0.033 eV  best=3.395 eV  top50=0  top10%=0
Cycle  18: GP refit  (27 labelled)
  → 4AsPdSe-1  gap=1.283 eV  best=3.395 eV  top50=0  top10%=0
Cycle  19: GP refit  (28 labelled)
  → 1MoTe2-1  gap=1.370 eV  best=3.395 eV  top50=0  top10%=0
Cycle  20: GP refit  (29 labelled)
  → 1WMo3Te8-1  gap=1.326 eV  best=3.395 eV  top50=0  top10%=0
Cycle  21: full DKL retrain  (30 labelled)
GP warmup: 20 epochs on initial embeddings
Joint DKL training: 50 epochs
  Epoch 20/50  loss=0.2679
  Epoch 40/50  loss=0.1170
DKL training done in 0.5s
  → 1SSeTi-2  gap=1.342 eV  best=3.395 eV  top50=0  top10%=0
Cycle  22: GP refit  (31 labelled)
  → 1NiPd3Se8-1  gap=0.702 eV  best=3.395 eV  top50=0  top10%=0
Cycle  23: GP refit  (32 labelled)
  → 2AgBr-3  gap=3.092 eV  best=3.395 eV  top50=0  top10%=0
Cycle  24: GP refit  (33 labelled)
  → 1ISbTe-1  gap=1.322 eV  best=3.395 eV  top50=0  top10%=0
Cycle  25: GP refit  (34 labelled)
  → 1BrCuGeTe-1  gap=1.540 eV  best=3.395 eV  top50=0  top10%=0
Cycle  26: full DKL retrain  (35 labelled)
GP warmup: 20 epochs on initial embeddings
Joint DKL training: 50 epochs
  Epoch 20/50  loss=0.4503
  Epoch 40/50  loss=0.2098
DKL training done in 0.6s
  → 2AlTe-1  gap=2.363 eV  best=3.395 eV  top50=0  top10%=0
Cycle  27: GP refit  (36 labelled)
  → 1AgCrP2Te6-1  gap=1.137 eV  best=3.395 eV  top50=0  top10%=0
Cycle  28: GP refit  (37 labelled)
  → 1ISbTe-2  gap=1.442 eV  best=3.395 eV  top50=0  top10%=0
Cycle  29: GP refit  (38 labelled)
  → 2OsS2-1  gap=1.387 eV  best=3.395 eV  top50=0  top10%=0
Cycle  30: GP refit  (39 labelled)
  → 1MoAu2Te4-1  gap=0.677 eV  best=3.395 eV  top50=0  top10%=0
Cycle  31: full DKL retrain  (40 labelled)
GP warmup: 20 epochs on initial embeddings
Joint DKL training: 50 epochs
  Epoch 20/50  loss=0.2577
  Epoch 40/50  loss=0.0406
DKL training done in 0.6s
  → 1HSbSe2O6-1  gap=4.431 eV  best=4.431 eV  top50=0  top10%=0
Cycle  32: GP refit  (41 labelled)
  → 2AuTe-3  gap=0.078 eV  best=4.431 eV  top50=0  top10%=0
Cycle  33: GP refit  (42 labelled)
  → 1BiHTe2O6-1  gap=4.226 eV  best=4.431 eV  top50=0  top10%=0
Cycle  34: GP refit  (43 labelled)
  → 4AsPdTe-1  gap=0.967 eV  best=4.431 eV  top50=0  top10%=0
Cycle  35: GP refit  (44 labelled)
  → 1WAu2Te4-1  gap=0.792 eV  best=4.431 eV  top50=0  top10%=0
Cycle  36: full DKL retrain  (45 labelled)
GP warmup: 20 epochs on initial embeddings
Joint DKL training: 50 epochs
  Epoch 20/50  loss=0.5458
  Epoch 40/50  loss=0.3095
DKL training done in 0.4s
  → 1TiZr3Te8-1  gap=0.793 eV  best=4.431 eV  top50=0  top10%=0
Cycle  37: GP refit  (46 labelled)
  → 1WAg2Te4-1  gap=1.318 eV  best=4.431 eV  top50=0  top10%=0
Cycle  38: GP refit  (47 labelled)
  → 2TeTl-2  gap=0.681 eV  best=4.431 eV  top50=0  top10%=0
Cycle  39: GP refit  (48 labelled)
  → 1CrW3Te8-1  gap=0.937 eV  best=4.431 eV  top50=0  top10%=0
Cycle  40: GP refit  (49 labelled)
  → 1SeNb3F7-1  gap=1.807 eV  best=4.431 eV  top50=0  top10%=0
Cycle  41: full DKL retrain  (50 labelled)
GP warmup: 20 epochs on initial embeddings
Joint DKL training: 50 epochs
  Epoch 20/50  loss=-0.1641
  Epoch 40/50  loss=-0.4503
DKL training done in 0.5s
  → 1TiSe2-2  gap=1.460 eV  best=4.431 eV  top50=0  top10%=0
Cycle  42: GP refit  (51 labelled)
  → 1WCu2Te4-1  gap=1.488 eV  best=4.431 eV  top50=0  top10%=0
Cycle  43: GP refit  (52 labelled)
  → 2CuSe-4  gap=1.116 eV  best=4.431 eV  top50=0  top10%=0
Cycle  44: GP refit  (53 labelled)
  → 2AgTe-2  gap=0.242 eV  best=4.431 eV  top50=0  top10%=0
Cycle  45: GP refit  (54 labelled)
  → 1CrHS2-1  gap=2.800 eV  best=4.431 eV  top50=0  top10%=0
Cycle  46: full DKL retrain  (55 labelled)
GP warmup: 20 epochs on initial embeddings
Joint DKL training: 50 epochs
  Epoch 20/50  loss=-0.0445
  Epoch 40/50  loss=-0.2652
DKL training done in 0.5s
  → 1SNb3I7-1  gap=1.235 eV  best=4.431 eV  top50=0  top10%=0
Cycle  47: GP refit  (56 labelled)
  → 2HfTiTe4-1  gap=0.692 eV  best=4.431 eV  top50=0  top10%=0
Cycle  48: GP refit  (57 labelled)
  → 4TiSe2-1  gap=0.036 eV  best=4.431 eV  top50=0  top10%=0
Cycle  49: GP refit  (58 labelled)
  → 1Nb3I8-1  gap=0.824 eV  best=4.431 eV  top50=0  top10%=0
Cycle  50: GP refit  (59 labelled)
  → 1CrMo3Te8-1  gap=1.105 eV  best=4.431 eV  top50=0  top10%=0
Cycle  51: full DKL retrain  (60 labelled)
GP warmup: 20 epochs on initial embeddings
Joint DKL training: 50 epochs
  Epoch 20/50  loss=-0.2226
  Epoch 40/50  loss=-0.3952
DKL training done in 0.5s
  → 2PbTe-1  gap=0.878 eV  best=4.431 eV  top50=0  top10%=0
Cycle  52: GP refit  (61 labelled)
  → 1ClCrTe-1  gap=1.108 eV  best=4.431 eV  top50=0  top10%=0
Cycle  53: GP refit  (62 labelled)
  → 2CrMoTe4-1  gap=0.980 eV  best=4.431 eV  top50=0  top10%=0
Cycle  54: GP refit  (63 labelled)
  → 2IrTaTe4-1  gap=0.119 eV  best=4.431 eV  top50=0  top10%=0
Cycle  55: GP refit  (64 labelled)
  → 1CrSeTe-1  gap=0.994 eV  best=4.431 eV  top50=0  top10%=0
Cycle  56: full DKL retrain  (65 labelled)
GP warmup: 20 epochs on initial embeddings
Joint DKL training: 50 epochs
  Epoch 20/50  loss=-0.3071
  Epoch 40/50  loss=-0.5242
DKL training done in 0.5s
  → 1SnTe-1  gap=2.089 eV  best=4.431 eV  top50=0  top10%=0
Cycle  57: GP refit  (66 labelled)
  → 2RuO2-1  gap=0.693 eV  best=4.431 eV  top50=0  top10%=0
Cycle  58: GP refit  (67 labelled)
  → 4HgTe-1  gap=0.899 eV  best=4.431 eV  top50=0  top10%=0
Cycle  59: GP refit  (68 labelled)
  → 1WTe2-1  gap=1.141 eV  best=4.431 eV  top50=0  top10%=0
Cycle  60: GP refit  (69 labelled)
  → 1GeTe-1  gap=1.994 eV  best=4.431 eV  top50=0  top10%=0
Cycle  61: full DKL retrain  (70 labelled)
GP warmup: 20 epochs on initial embeddings
Joint DKL training: 50 epochs
  Epoch 20/50  loss=-0.3733
  Epoch 40/50  loss=-0.5812
DKL training done in 0.5s
  → 1TeNb3I7-1  gap=1.241 eV  best=4.431 eV  top50=0  top10%=0
Cycle  62: GP refit  (71 labelled)
  → 2PbTe-3  gap=0.385 eV  best=4.431 eV  top50=0  top10%=0
Cycle  63: GP refit  (72 labelled)
  → 2CuI-2  gap=3.552 eV  best=4.431 eV  top50=0  top10%=0
Cycle  64: GP refit  (73 labelled)
  → 2CrWTe4-1  gap=0.876 eV  best=4.431 eV  top50=0  top10%=0
Cycle  65: GP refit  (74 labelled)
  → 1TeTa3I7-1  gap=1.223 eV  best=4.431 eV  top50=0  top10%=0
Cycle  66: full DKL retrain  (75 labelled)
GP warmup: 20 epochs on initial embeddings
Joint DKL training: 50 epochs
  Epoch 20/50  loss=-0.0021
  Epoch 40/50  loss=-0.3288
DKL training done in 0.5s
  → 2TiCl2-1  gap=0.997 eV  best=4.431 eV  top50=0  top10%=0
Cycle  67: GP refit  (76 labelled)
  → 1HgTe-1  gap=0.279 eV  best=4.431 eV  top50=0  top10%=0
Cycle  68: GP refit  (77 labelled)
  → 2AgSe-1  gap=1.179 eV  best=4.431 eV  top50=0  top10%=0
Cycle  69: GP refit  (78 labelled)
  → 1TiHf3Te8-1  gap=0.688 eV  best=4.431 eV  top50=0  top10%=0
Cycle  70: GP refit  (79 labelled)
  → 1PbTe-1  gap=1.500 eV  best=4.431 eV  top50=0  top10%=0
Cycle  71: full DKL retrain  (80 labelled)
GP warmup: 20 epochs on initial embeddings
Joint DKL training: 50 epochs
  Epoch 20/50  loss=-0.1216
  Epoch 40/50  loss=-0.4722
DKL training done in 0.5s
  → 1HfTe2-2  gap=0.665 eV  best=4.431 eV  top50=0  top10%=0
Cycle  72: GP refit  (81 labelled)
  → 1ZrHf3Te8-1  gap=0.690 eV  best=4.431 eV  top50=0  top10%=0
Cycle  73: GP refit  (82 labelled)
  → 2HfZrTe4-1  gap=0.717 eV  best=4.431 eV  top50=0  top10%=0
Cycle  74: GP refit  (83 labelled)
  → 1HfZr3Te8-1  gap=0.766 eV  best=4.431 eV  top50=0  top10%=0
Cycle  75: GP refit  (84 labelled)
  → 2FeTe2-1  gap=0.581 eV  best=4.431 eV  top50=0  top10%=0
Cycle  76: full DKL retrain  (85 labelled)
GP warmup: 20 epochs on initial embeddings
Joint DKL training: 50 epochs
  Epoch 20/50  loss=-0.6087
  Epoch 40/50  loss=-0.7692
DKL training done in 0.5s
  → 1ZrTe2-2  gap=0.836 eV  best=4.431 eV  top50=0  top10%=0
Cycle  77: GP refit  (86 labelled)
  → 1AuClCuI-1  gap=3.695 eV  best=4.431 eV  top50=0  top10%=0
Cycle  78: GP refit  (87 labelled)
  → 1CrSTe-1  gap=0.820 eV  best=4.431 eV  top50=0  top10%=0
Cycle  79: GP refit  (88 labelled)
  → 1MoW3Te8-1  gap=1.220 eV  best=4.431 eV  top50=0  top10%=0
Cycle  80: GP refit  (89 labelled)
  → 4AuF2-1  gap=1.286 eV  best=4.431 eV  top50=0  top10%=0
Cycle  81: full DKL retrain  (90 labelled)
GP warmup: 20 epochs on initial embeddings
Joint DKL training: 50 epochs
  Epoch 20/50  loss=0.0833
  Epoch 40/50  loss=-0.3816
DKL training done in 0.6s
  → 1HfSTe-2  gap=0.481 eV  best=4.431 eV  top50=0  top10%=0
Cycle  82: GP refit  (91 labelled)
  → 1HfSeTe-2  gap=0.637 eV  best=4.431 eV  top50=0  top10%=0
Cycle  83: GP refit  (92 labelled)
  → 2STl-2  gap=1.159 eV  best=4.431 eV  top50=0  top10%=0
Cycle  84: GP refit  (93 labelled)
  → 1TeNb3Br7-1  gap=1.436 eV  best=4.431 eV  top50=0  top10%=0
Cycle  85: GP refit  (94 labelled)
  → 1BrSbTe-2  gap=1.819 eV  best=4.431 eV  top50=0  top10%=0
Cycle  86: full DKL retrain  (95 labelled)
GP warmup: 20 epochs on initial embeddings
Joint DKL training: 50 epochs
  Epoch 20/50  loss=-0.4919
  Epoch 40/50  loss=-0.6729
DKL training done in 0.5s
  → 2AgTe-3  gap=0.756 eV  best=4.431 eV  top50=0  top10%=0
Cycle  87: GP refit  (96 labelled)
  → 1HfSSe-1  gap=1.512 eV  best=4.431 eV  top50=0  top10%=0
Cycle  88: GP refit  (97 labelled)
  → 2TeV-4  gap=0.774 eV  best=4.431 eV  top50=0  top10%=0
Cycle  89: GP refit  (98 labelled)
  → 1HfS2-2  gap=2.038 eV  best=4.431 eV  top50=0  top10%=0
Cycle  90: GP refit  (99 labelled)
  → 1STeZr-2  gap=0.672 eV  best=4.431 eV  top50=0  top10%=0
Cycle  91: full DKL retrain  (100 labelled)
GP warmup: 20 epochs on initial embeddings
Joint DKL training: 50 epochs
  Epoch 20/50  loss=-0.4042
  Epoch 40/50  loss=-0.5335
DKL training done in 0.5s
  → 1SeTeZr-2  gap=0.783 eV  best=4.431 eV  top50=0  top10%=0
Cycle  92: GP refit  (101 labelled)
  → 2TeZr-4  gap=0.652 eV  best=4.431 eV  top50=0  top10%=0
Cycle  93: GP refit  (102 labelled)
  → 1MoCr3Te8-1  gap=0.893 eV  best=4.431 eV  top50=0  top10%=0
Cycle  94: GP refit  (103 labelled)
  → 2SeTl-2  gap=0.891 eV  best=4.431 eV  top50=0  top10%=0
Cycle  95: GP refit  (104 labelled)
  → 1HgSe-1  gap=0.423 eV  best=4.431 eV  top50=0  top10%=0
Cycle  96: full DKL retrain  (105 labelled)
GP warmup: 20 epochs on initial embeddings
Joint DKL training: 50 epochs
  Epoch 20/50  loss=-0.4585
  Epoch 40/50  loss=-0.6252
DKL training done in 0.6s
  → 2CrNbTe5-1  gap=0.029 eV  best=4.431 eV  top50=0  top10%=0
Cycle  97: GP refit  (106 labelled)
  → 1PbSe2-1  gap=1.847 eV  best=4.431 eV  top50=0  top10%=0
Cycle  98: GP refit  (107 labelled)
  → 1MoAu2Se4-1  gap=1.247 eV  best=4.431 eV  top50=0  top10%=0
Cycle  99: GP refit  (108 labelled)
  → 1CdGeSSeBr2-1  gap=1.544 eV  best=4.431 eV  top50=0  top10%=0
Cycle 100: GP refit  (109 labelled)
  → 1CrISe-1  gap=1.596 eV  best=4.431 eV  top50=0  top10%=0
  dkl_finetune/seed9 → best_inwin=0.702 top50=18
BOLoop: 766 materials  |  direction=max  |  top-50 internal threshold=5.35  top-10% internal threshold=4.94
Init: 10 random labels  |  best (max) = 5.105
Cycle   1: full DKL retrain  (10 labelled)
GP warmup: 20 epochs on initial embeddings
/home/roy/Desktop/DKL-BO/venv/lib/python3.13/site-packages/torch/_compile.py:54: UserWarning: optimizer contains a parameter group with duplicate parameters; in future, this will cause an error; see github.com/pytorch/pytorch/issues/40967 for more information
  return disable_fn(*args, **kwargs)
Joint DKL training: 50 epochs
  Epoch 20/50  loss=1.8441
  Epoch 40/50  loss=1.7040
DKL training done in 0.6s
  → 2ClMnSbS2-2  gap=1.242 eV  best=5.105 eV  top50=0  top10%=0
Cycle   2: GP refit  (11 labelled)
  → 2BrMnSbS2-2  gap=1.201 eV  best=5.105 eV  top50=0  top10%=0
Cycle   3: GP refit  (12 labelled)
  → 1WAg2S4-1  gap=2.482 eV  best=5.105 eV  top50=0  top10%=0
Cycle   4: GP refit  (13 labelled)
  → 2ScSe-3  gap=0.933 eV  best=5.105 eV  top50=0  top10%=0
Cycle   5: GP refit  (14 labelled)
  → 1AgAlP2Se6-1  gap=2.339 eV  best=5.105 eV  top50=0  top10%=0
Cycle   6: full DKL retrain  (15 labelled)
GP warmup: 20 epochs on initial embeddings
Joint DKL training: 50 epochs
  Epoch 20/50  loss=0.5245
  Epoch 40/50  loss=0.3701
DKL training done in 0.4s
  → 2CrMoTe4-1  gap=0.980 eV  best=5.105 eV  top50=0  top10%=0
Cycle   7: GP refit  (16 labelled)
  → 1SSeSn-1  gap=1.476 eV  best=5.105 eV  top50=0  top10%=0
Cycle   8: GP refit  (17 labelled)
  → 1SeTa3I7-1  gap=1.256 eV  best=5.105 eV  top50=0  top10%=0
Cycle   9: GP refit  (18 labelled)
  → 1MoCr3Te8-1  gap=0.893 eV  best=5.105 eV  top50=0  top10%=0
Cycle  10: GP refit  (19 labelled)
  → 1WCr3Te8-1  gap=0.841 eV  best=5.105 eV  top50=0  top10%=0
Cycle  11: full DKL retrain  (20 labelled)
GP warmup: 20 epochs on initial embeddings
Joint DKL training: 50 epochs
  Epoch 20/50  loss=-0.1675
  Epoch 40/50  loss=-0.4950
DKL training done in 0.5s
  → 2InS2-3  gap=1.242 eV  best=5.105 eV  top50=0  top10%=0
Cycle  12: GP refit  (21 labelled)
  → 1WMo3Te8-1  gap=1.326 eV  best=5.105 eV  top50=0  top10%=0
Cycle  13: GP refit  (22 labelled)
  → 1CrTe2-2  gap=0.869 eV  best=5.105 eV  top50=0  top10%=0
Cycle  14: GP refit  (23 labelled)
  → 1CdInTlS4-1  gap=1.127 eV  best=5.105 eV  top50=0  top10%=0
Cycle  15: GP refit  (24 labelled)
  → 4HgTe-1  gap=0.899 eV  best=5.105 eV  top50=0  top10%=0
Cycle  16: full DKL retrain  (25 labelled)
GP warmup: 20 epochs on initial embeddings
Joint DKL training: 50 epochs
  Epoch 20/50  loss=-0.3176
  Epoch 40/50  loss=-0.5767
DKL training done in 0.6s
  → 1VTe2-1  gap=0.854 eV  best=5.105 eV  top50=0  top10%=0
Cycle  17: GP refit  (26 labelled)
  → 2TeTl-2  gap=0.681 eV  best=5.105 eV  top50=0  top10%=0
Cycle  18: GP refit  (27 labelled)
  → 1BrITl2-1  gap=2.587 eV  best=5.105 eV  top50=0  top10%=0
Cycle  19: GP refit  (28 labelled)
  → 1CrISe-1  gap=1.596 eV  best=5.105 eV  top50=0  top10%=0
Cycle  20: GP refit  (29 labelled)
  → 1BrCoTe-1  gap=1.810 eV  best=5.105 eV  top50=0  top10%=0
Cycle  21: full DKL retrain  (30 labelled)
GP warmup: 20 epochs on initial embeddings
Joint DKL training: 50 epochs
  Epoch 20/50  loss=-0.0768
  Epoch 40/50  loss=-0.5896
DKL training done in 0.4s
  → 2OsTe2-1  gap=1.379 eV  best=5.105 eV  top50=0  top10%=0
Cycle  22: GP refit  (31 labelled)
  → 2BiO-1  gap=1.042 eV  best=5.105 eV  top50=0  top10%=0
Cycle  23: GP refit  (32 labelled)
  → 1CrW3Te8-1  gap=0.937 eV  best=5.105 eV  top50=0  top10%=0
Cycle  24: GP refit  (33 labelled)
  → 1PbSe-1  gap=2.199 eV  best=5.105 eV  top50=0  top10%=0
Cycle  25: GP refit  (34 labelled)
  → 1WTe2-1  gap=1.141 eV  best=5.105 eV  top50=0  top10%=0
Cycle  26: full DKL retrain  (35 labelled)
GP warmup: 20 epochs on initial embeddings
Joint DKL training: 50 epochs
  Epoch 20/50  loss=-0.0694
  Epoch 40/50  loss=-0.7029
DKL training done in 0.6s
  → 2AgTe-3  gap=0.756 eV  best=5.105 eV  top50=0  top10%=0
Cycle  27: GP refit  (36 labelled)
  → 1SrI2-2  gap=4.355 eV  best=5.105 eV  top50=0  top10%=0
Cycle  28: GP refit  (37 labelled)
  → 2IrTaTe4-1  gap=0.119 eV  best=5.105 eV  top50=0  top10%=0
Cycle  29: GP refit  (38 labelled)
  → 2IrNbTe4-1  gap=0.033 eV  best=5.105 eV  top50=0  top10%=0
Cycle  30: GP refit  (39 labelled)
  → 1SeNb3Br7-1  gap=1.477 eV  best=5.105 eV  top50=0  top10%=0
Cycle  31: full DKL retrain  (40 labelled)
GP warmup: 20 epochs on initial embeddings
Joint DKL training: 50 epochs
  Epoch 20/50  loss=0.7559
  Epoch 40/50  loss=-0.2928
DKL training done in 0.5s
  → 2SSc-4  gap=0.981 eV  best=5.105 eV  top50=0  top10%=0
Cycle  32: GP refit  (41 labelled)
  → 1STeZr-2  gap=0.672 eV  best=5.105 eV  top50=0  top10%=0
Cycle  33: GP refit  (42 labelled)
  → 1HfSTe-2  gap=0.481 eV  best=5.105 eV  top50=0  top10%=0
Cycle  34: GP refit  (43 labelled)
  → 2BrRhTe-1  gap=1.965 eV  best=5.105 eV  top50=0  top10%=0
Cycle  35: GP refit  (44 labelled)
  → 2TeTi-4  gap=0.440 eV  best=5.105 eV  top50=0  top10%=0
Cycle  36: full DKL retrain  (45 labelled)
GP warmup: 20 epochs on initial embeddings
Joint DKL training: 50 epochs
  Epoch 20/50  loss=0.4376
  Epoch 40/50  loss=-0.4426
DKL training done in 0.4s
  → 2IIrS-2  gap=1.749 eV  best=5.105 eV  top50=0  top10%=0
Cycle  37: GP refit  (46 labelled)
  → 1HgCl2-3  gap=3.201 eV  best=5.105 eV  top50=0  top10%=0
Cycle  38: GP refit  (47 labelled)
  → 2TeV-4  gap=0.774 eV  best=5.105 eV  top50=0  top10%=0
Cycle  39: GP refit  (48 labelled)
  → 1AgAlP2Te6-1  gap=1.065 eV  best=5.105 eV  top50=0  top10%=0
Cycle  40: GP refit  (49 labelled)
  → 1BiFTe-1  gap=1.179 eV  best=5.105 eV  top50=0  top10%=0
Cycle  41: full DKL retrain  (50 labelled)
GP warmup: 20 epochs on initial embeddings
Joint DKL training: 50 epochs
  Epoch 20/50  loss=-0.0762
  Epoch 40/50  loss=-0.3603
DKL training done in 0.6s
  → 2SeTl-2  gap=0.891 eV  best=5.105 eV  top50=0  top10%=0
Cycle  42: GP refit  (51 labelled)
  → 1ClSbTe-1  gap=1.866 eV  best=5.105 eV  top50=0  top10%=0
Cycle  43: GP refit  (52 labelled)
  → 1AgCrP2Te6-1  gap=1.137 eV  best=5.105 eV  top50=0  top10%=0
Cycle  44: GP refit  (53 labelled)
  → 1HfTi3Te8-1  gap=0.724 eV  best=5.105 eV  top50=0  top10%=0
Cycle  45: GP refit  (54 labelled)
  → 2ScTe-4  gap=0.718 eV  best=5.105 eV  top50=0  top10%=0
Cycle  46: full DKL retrain  (55 labelled)
GP warmup: 20 epochs on initial embeddings
Joint DKL training: 50 epochs
  Epoch 20/50  loss=-0.1260
  Epoch 40/50  loss=-0.6138
DKL training done in 0.5s
  → 1ZrTi3Te8-1  gap=0.722 eV  best=5.105 eV  top50=0  top10%=0
Cycle  47: GP refit  (56 labelled)
  → 2HfTiTe4-1  gap=0.692 eV  best=5.105 eV  top50=0  top10%=0
Cycle  48: GP refit  (57 labelled)
  → 2TiZrTe4-1  gap=0.744 eV  best=5.105 eV  top50=0  top10%=0
Cycle  49: GP refit  (58 labelled)
  → 1TiZr3Te8-1  gap=0.793 eV  best=5.105 eV  top50=0  top10%=0
Cycle  50: GP refit  (59 labelled)
  → 1ZrTe2-2  gap=0.836 eV  best=5.105 eV  top50=0  top10%=0
Cycle  51: full DKL retrain  (60 labelled)
GP warmup: 20 epochs on initial embeddings
Joint DKL training: 50 epochs
  Epoch 20/50  loss=-1.0492
  Epoch 40/50  loss=-1.2625
DKL training done in 0.5s
  → 1ZrHf3Te8-1  gap=0.690 eV  best=5.105 eV  top50=0  top10%=0
Cycle  52: GP refit  (61 labelled)
  → 1HfZr3Te8-1  gap=0.766 eV  best=5.105 eV  top50=0  top10%=0
Cycle  53: GP refit  (62 labelled)
  → 2HfZrTe4-1  gap=0.717 eV  best=5.105 eV  top50=0  top10%=0
Cycle  54: GP refit  (63 labelled)
  → 1HfSSe-1  gap=1.512 eV  best=5.105 eV  top50=0  top10%=0
Cycle  55: GP refit  (64 labelled)
  → 2AuTe-3  gap=0.078 eV  best=5.105 eV  top50=0  top10%=0
Cycle  56: full DKL retrain  (65 labelled)
GP warmup: 20 epochs on initial embeddings
Joint DKL training: 50 epochs
  Epoch 20/50  loss=-1.0785
  Epoch 40/50  loss=-1.4359
DKL training done in 0.6s
  → 2GaTe-1  gap=1.862 eV  best=5.105 eV  top50=0  top10%=0
Cycle  57: GP refit  (66 labelled)
  → 2AgTe-2  gap=0.242 eV  best=5.105 eV  top50=0  top10%=0
Cycle  58: GP refit  (67 labelled)
  → 2SeZr-4  gap=0.355 eV  best=5.105 eV  top50=0  top10%=0
Cycle  59: GP refit  (68 labelled)
  → 1ClScTe-1  gap=1.807 eV  best=5.105 eV  top50=0  top10%=0
Cycle  60: GP refit  (69 labelled)
  → 1SnTe-1  gap=2.089 eV  best=5.105 eV  top50=0  top10%=0
Cycle  61: full DKL retrain  (70 labelled)
GP warmup: 20 epochs on initial embeddings
Joint DKL training: 50 epochs
  Epoch 20/50  loss=-0.4959
  Epoch 40/50  loss=-0.9676
DKL training done in 0.5s
  → 1ZrSe2-2  gap=1.684 eV  best=5.105 eV  top50=0  top10%=0
Cycle  62: GP refit  (71 labelled)
  → 1SeTeTi-2  gap=0.600 eV  best=5.105 eV  top50=0  top10%=0
Cycle  63: GP refit  (72 labelled)
  → 2RuTe2-1  gap=1.071 eV  best=5.105 eV  top50=0  top10%=0
Cycle  64: GP refit  (73 labelled)
  → 1CrMo3Te8-1  gap=1.105 eV  best=5.105 eV  top50=0  top10%=0
Cycle  65: GP refit  (74 labelled)
  → 1ClCrTe-1  gap=1.108 eV  best=5.105 eV  top50=0  top10%=0
Cycle  66: full DKL retrain  (75 labelled)
GP warmup: 20 epochs on initial embeddings
Joint DKL training: 50 epochs
  Epoch 20/50  loss=-0.6620
  Epoch 40/50  loss=-0.9157
DKL training done in 0.6s
  → 1STeTi-2  gap=0.531 eV  best=5.105 eV  top50=0  top10%=0
Cycle  67: GP refit  (76 labelled)
  → 4AsPdTe-1  gap=0.967 eV  best=5.105 eV  top50=0  top10%=0
Cycle  68: GP refit  (77 labelled)
  → 1HgTe-1  gap=0.279 eV  best=5.105 eV  top50=0  top10%=0
Cycle  69: GP refit  (78 labelled)
  → 1AsIn-1  gap=1.234 eV  best=5.105 eV  top50=0  top10%=0
Cycle  70: GP refit  (79 labelled)
  → 1WAu2Te4-1  gap=0.792 eV  best=5.105 eV  top50=0  top10%=0
Cycle  71: full DKL retrain  (80 labelled)
GP warmup: 20 epochs on initial embeddings
Joint DKL training: 50 epochs
  Epoch 20/50  loss=-1.0596
  Epoch 40/50  loss=-1.2891
DKL training done in 0.6s
  → 1HgSe-1  gap=0.423 eV  best=5.105 eV  top50=0  top10%=0
Cycle  72: GP refit  (81 labelled)
  → 1MoAu2Te4-1  gap=0.677 eV  best=5.105 eV  top50=0  top10%=0
Cycle  73: GP refit  (82 labelled)
  → 1OSn-1  gap=2.218 eV  best=5.105 eV  top50=0  top10%=0
Cycle  74: GP refit  (83 labelled)
  → 1SNb3I7-1  gap=1.235 eV  best=5.105 eV  top50=0  top10%=0
Cycle  75: GP refit  (84 labelled)
  → 2NbOI2-1  gap=1.845 eV  best=5.105 eV  top50=0  top10%=0
Cycle  76: full DKL retrain  (85 labelled)
GP warmup: 20 epochs on initial embeddings
Joint DKL training: 50 epochs
  Epoch 20/50  loss=-1.0111
  Epoch 40/50  loss=-1.3102
DKL training done in 0.6s
  → 4HgSe-1  gap=0.937 eV  best=5.105 eV  top50=0  top10%=0
Cycle  77: GP refit  (86 labelled)
  → 1SSeZr-1  gap=1.514 eV  best=5.105 eV  top50=0  top10%=0
Cycle  78: GP refit  (87 labelled)
  → 2InSe-1  gap=2.055 eV  best=5.105 eV  top50=0  top10%=0
Cycle  79: GP refit  (88 labelled)
  → 1TeNb3I7-1  gap=1.241 eV  best=5.105 eV  top50=0  top10%=0
Cycle  80: GP refit  (89 labelled)
  → 2AlTe-1  gap=2.363 eV  best=5.105 eV  top50=0  top10%=0
Cycle  81: full DKL retrain  (90 labelled)
GP warmup: 20 epochs on initial embeddings
Joint DKL training: 50 epochs
  Epoch 20/50  loss=-1.0812
  Epoch 40/50  loss=-1.3902
DKL training done in 0.6s
  → 4PPdSe-1  gap=1.963 eV  best=5.105 eV  top50=0  top10%=0
Cycle  82: GP refit  (91 labelled)
  → 1HgS-1  gap=0.724 eV  best=5.105 eV  top50=0  top10%=0
Cycle  83: GP refit  (92 labelled)
  → 1InSb-1  gap=0.945 eV  best=5.105 eV  top50=0  top10%=0
Cycle  84: GP refit  (93 labelled)
  → 1HgO-1  gap=0.025 eV  best=5.105 eV  top50=0  top10%=0
Cycle  85: GP refit  (94 labelled)
  → 2STl-2  gap=1.159 eV  best=5.105 eV  top50=0  top10%=0
Cycle  86: full DKL retrain  (95 labelled)
GP warmup: 20 epochs on initial embeddings
Joint DKL training: 50 epochs
  Epoch 20/50  loss=-1.0539
  Epoch 40/50  loss=-1.3006
DKL training done in 0.5s
  → 1SeTeZr-2  gap=0.783 eV  best=5.105 eV  top50=0  top10%=0
Cycle  87: GP refit  (96 labelled)
  → 1MoW3Te8-1  gap=1.220 eV  best=5.105 eV  top50=0  top10%=0
Cycle  88: GP refit  (97 labelled)
  → 2MoWTe4-1  gap=1.279 eV  best=5.105 eV  top50=0  top10%=0
Cycle  89: GP refit  (98 labelled)
  → 1STa3I7-1  gap=1.295 eV  best=5.105 eV  top50=0  top10%=0
Cycle  90: GP refit  (99 labelled)
  → 2IMnSbSe2-2  gap=0.701 eV  best=5.105 eV  top50=0  top10%=0
Cycle  91: full DKL retrain  (100 labelled)
GP warmup: 20 epochs on initial embeddings
Joint DKL training: 50 epochs
  Epoch 20/50  loss=-1.2261
  Epoch 40/50  loss=-1.5930
DKL training done in 0.6s
  → 2AuCl-4  gap=0.777 eV  best=5.105 eV  top50=0  top10%=0
Cycle  92: GP refit  (101 labelled)
  → 2AuI-3  gap=1.592 eV  best=5.105 eV  top50=0  top10%=0
Cycle  93: GP refit  (102 labelled)
  → 2ZrCl2-1  gap=1.161 eV  best=5.105 eV  top50=0  top10%=0
Cycle  94: GP refit  (103 labelled)
  → 1TeNb3Cl7-1  gap=1.542 eV  best=5.105 eV  top50=0  top10%=0
Cycle  95: GP refit  (104 labelled)
  → 1InMnBr2Se2-1  gap=0.790 eV  best=5.105 eV  top50=0  top10%=0
Cycle  96: full DKL retrain  (105 labelled)
GP warmup: 20 epochs on initial embeddings
Joint DKL training: 50 epochs
  Epoch 20/50  loss=-1.3219
  Epoch 40/50  loss=-1.5255
DKL training done in 0.6s
  → 2TiBr2-1  gap=0.817 eV  best=5.105 eV  top50=0  top10%=0
Cycle  97: GP refit  (106 labelled)
  → 1TeNb3Br7-1  gap=1.436 eV  best=5.105 eV  top50=0  top10%=0
Cycle  98: GP refit  (107 labelled)
  → 1BrTeTi-1  gap=0.763 eV  best=5.105 eV  top50=0  top10%=0
Cycle  99: GP refit  (108 labelled)
  → 2AuS-1  gap=2.010 eV  best=5.105 eV  top50=0  top10%=0
Cycle 100: GP refit  (109 labelled)
  → 1BrClTi-1  gap=1.297 eV  best=5.105 eV  top50=0  top10%=0
  dkl_finetune/seed10 → best_inwin=0.701 top50=24
BOLoop: 766 materials  |  direction=max  |  top-50 internal threshold=5.35  top-10% internal threshold=4.94
Init: 10 random labels  |  best (max) = 3.513
Cycle   1: full DKL retrain  (10 labelled)
GP warmup: 20 epochs on initial embeddings
/home/roy/Desktop/DKL-BO/venv/lib/python3.13/site-packages/torch/_compile.py:54: UserWarning: optimizer contains a parameter group with duplicate parameters; in future, this will cause an error; see github.com/pytorch/pytorch/issues/40967 for more information
  return disable_fn(*args, **kwargs)
Joint DKL training: 50 epochs
  Epoch 20/50  loss=1.4414
  Epoch 40/50  loss=1.3061
DKL training done in 0.5s
  → 1IO2V2Br3-1  gap=1.857 eV  best=3.513 eV  top50=0  top10%=0
Cycle   2: GP refit  (11 labelled)
  → 2SeV-4  gap=0.788 eV  best=3.513 eV  top50=0  top10%=0
Cycle   3: GP refit  (12 labelled)
  → 1CrSTe-1  gap=0.820 eV  best=3.513 eV  top50=0  top10%=0
Cycle   4: GP refit  (13 labelled)
  → 1TeNb3Br7-1  gap=1.436 eV  best=3.513 eV  top50=0  top10%=0
Cycle   5: GP refit  (14 labelled)
  → 1HgCl2-3  gap=3.201 eV  best=3.513 eV  top50=0  top10%=0
Cycle   6: full DKL retrain  (15 labelled)
GP warmup: 20 epochs on initial embeddings
Joint DKL training: 50 epochs
  Epoch 20/50  loss=0.4789
  Epoch 40/50  loss=0.3807
DKL training done in 0.5s
  → 1CdInTlS4-1  gap=1.127 eV  best=3.513 eV  top50=0  top10%=0
Cycle   7: GP refit  (16 labelled)
  → 1WAu2S4-1  gap=1.827 eV  best=3.513 eV  top50=0  top10%=0
Cycle   8: GP refit  (17 labelled)
  → 2AuBr-2  gap=1.222 eV  best=3.513 eV  top50=0  top10%=0
Cycle   9: GP refit  (18 labelled)
  → 1AsBrTe-1  gap=1.839 eV  best=3.513 eV  top50=0  top10%=0
Cycle  10: GP refit  (19 labelled)
  → 2InS2-3  gap=1.242 eV  best=3.513 eV  top50=0  top10%=0
Cycle  11: full DKL retrain  (20 labelled)
GP warmup: 20 epochs on initial embeddings
Joint DKL training: 50 epochs
  Epoch 20/50  loss=0.0424
  Epoch 40/50  loss=-0.1670
DKL training done in 0.4s
  → 1MoCr3Te8-1  gap=0.893 eV  best=3.513 eV  top50=0  top10%=0
Cycle  12: GP refit  (21 labelled)
  → 1FeBr2-3  gap=0.145 eV  best=3.513 eV  top50=0  top10%=0
Cycle  13: GP refit  (22 labelled)
  → 1MgBr2-3  gap=4.662 eV  best=4.662 eV  top50=0  top10%=0
Cycle  14: GP refit  (23 labelled)
  → 2InO-2  gap=0.920 eV  best=4.662 eV  top50=0  top10%=0
Cycle  15: GP refit  (24 labelled)
  → 1CrSSe-1  gap=1.241 eV  best=4.662 eV  top50=0  top10%=0
Cycle  16: full DKL retrain  (25 labelled)
GP warmup: 20 epochs on initial embeddings
Joint DKL training: 50 epochs
  Epoch 20/50  loss=0.9545
  Epoch 40/50  loss=-0.4415
DKL training done in 0.5s
  → 1CrSeTe-1  gap=0.994 eV  best=4.662 eV  top50=0  top10%=0
Cycle  17: GP refit  (26 labelled)
  → 2SV-4  gap=0.642 eV  best=4.662 eV  top50=0  top10%=0
Cycle  18: GP refit  (27 labelled)
  → 2AuS-1  gap=2.010 eV  best=4.662 eV  top50=0  top10%=0
Cycle  19: GP refit  (28 labelled)
  → 1CrHS2-1  gap=2.800 eV  best=4.662 eV  top50=0  top10%=0
Cycle  20: GP refit  (29 labelled)
  → 1VTe2-1  gap=0.854 eV  best=4.662 eV  top50=0  top10%=0
Cycle  21: full DKL retrain  (30 labelled)
GP warmup: 20 epochs on initial embeddings
Joint DKL training: 50 epochs
  Epoch 20/50  loss=4.0288
  Epoch 40/50  loss=0.2350
DKL training done in 0.6s
  → 2IrNbTe4-1  gap=0.033 eV  best=4.662 eV  top50=0  top10%=0
Cycle  22: GP refit  (31 labelled)
  → 1PtSeTe-1  gap=1.092 eV  best=4.662 eV  top50=0  top10%=0
Cycle  23: GP refit  (32 labelled)
  → 1AgAlP2Te6-1  gap=1.065 eV  best=4.662 eV  top50=0  top10%=0
Cycle  24: GP refit  (33 labelled)
  → 1AgTlP2Se6-1  gap=0.901 eV  best=4.662 eV  top50=0  top10%=0
Cycle  25: GP refit  (34 labelled)
  → 2IrTaTe4-1  gap=0.119 eV  best=4.662 eV  top50=0  top10%=0
Cycle  26: full DKL retrain  (35 labelled)
GP warmup: 20 epochs on initial embeddings
Joint DKL training: 50 epochs
  Epoch 20/50  loss=0.3677
  Epoch 40/50  loss=0.0957
DKL training done in 0.4s
  → 2InS-1  gap=2.431 eV  best=4.662 eV  top50=0  top10%=0
Cycle  27: GP refit  (36 labelled)
  → 2AuO-1  gap=0.865 eV  best=4.662 eV  top50=0  top10%=0
Cycle  28: GP refit  (37 labelled)
  → 2NiSeO3-2  gap=2.815 eV  best=4.662 eV  top50=0  top10%=0
Cycle  29: GP refit  (38 labelled)
  → 4NiPS-1  gap=2.172 eV  best=4.662 eV  top50=0  top10%=0
Cycle  30: GP refit  (39 labelled)
  → 4NiPSe-1  gap=2.021 eV  best=4.662 eV  top50=0  top10%=0
Cycle  31: full DKL retrain  (40 labelled)
GP warmup: 20 epochs on initial embeddings
Joint DKL training: 50 epochs
  Epoch 20/50  loss=0.5430
  Epoch 40/50  loss=0.3835
DKL training done in 0.5s
  → 2BrRhTe-1  gap=1.965 eV  best=4.662 eV  top50=0  top10%=0
Cycle  32: GP refit  (41 labelled)
  → 2AsTlO3-1  gap=4.438 eV  best=4.662 eV  top50=0  top10%=0
Cycle  33: GP refit  (42 labelled)
  → 1BrCoTe-1  gap=1.810 eV  best=4.662 eV  top50=0  top10%=0
Cycle  34: GP refit  (43 labelled)
  → 1OTeW-1  gap=1.209 eV  best=4.662 eV  top50=0  top10%=0
Cycle  35: GP refit  (44 labelled)
  → 1SeTeW-1  gap=1.493 eV  best=4.662 eV  top50=0  top10%=0
Cycle  36: full DKL retrain  (45 labelled)
GP warmup: 20 epochs on initial embeddings
Joint DKL training: 50 epochs
  Epoch 20/50  loss=0.6496
  Epoch 40/50  loss=0.4663
DKL training done in 0.4s
  → 2RhTaS4-1  gap=1.231 eV  best=4.662 eV  top50=0  top10%=0
Cycle  37: GP refit  (46 labelled)
  → 2ClIrS-2  gap=2.204 eV  best=4.662 eV  top50=0  top10%=0
Cycle  38: GP refit  (47 labelled)
  → 2OsTe2-1  gap=1.379 eV  best=4.662 eV  top50=0  top10%=0
Cycle  39: GP refit  (48 labelled)
  → 2RuTe2-1  gap=1.071 eV  best=4.662 eV  top50=0  top10%=0
Cycle  40: GP refit  (49 labelled)
  → 1AgCrP2S6-1  gap=2.012 eV  best=4.662 eV  top50=0  top10%=0
Cycle  41: full DKL retrain  (50 labelled)
GP warmup: 20 epochs on initial embeddings
Joint DKL training: 50 epochs
  Epoch 20/50  loss=0.3342
  Epoch 40/50  loss=0.1458
DKL training done in 0.4s
  → 2IIrSe-2  gap=1.857 eV  best=4.662 eV  top50=0  top10%=0
Cycle  42: GP refit  (51 labelled)
  → 2IIrS-2  gap=1.749 eV  best=4.662 eV  top50=0  top10%=0
Cycle  43: GP refit  (52 labelled)
  → 2FIrSe-1  gap=2.172 eV  best=4.662 eV  top50=0  top10%=0
Cycle  44: GP refit  (53 labelled)
  → 1Cd2Mn3O8-1  gap=3.208 eV  best=4.662 eV  top50=0  top10%=0
Cycle  45: GP refit  (54 labelled)
  → 1MoW3Te8-1  gap=1.220 eV  best=4.662 eV  top50=0  top10%=0
Cycle  46: full DKL retrain  (55 labelled)
GP warmup: 20 epochs on initial embeddings
Joint DKL training: 50 epochs
  Epoch 20/50  loss=0.3882
  Epoch 40/50  loss=0.2179
DKL training done in 0.5s
  → 2BrIrS-2  gap=2.065 eV  best=4.662 eV  top50=0  top10%=0
Cycle  47: GP refit  (56 labelled)
  → 2BrIrSe-2  gap=2.067 eV  best=4.662 eV  top50=0  top10%=0
Cycle  48: GP refit  (57 labelled)
  → 1STeW-2  gap=0.205 eV  best=4.662 eV  top50=0  top10%=0
Cycle  49: GP refit  (58 labelled)
  → 1BP-1  gap=1.362 eV  best=4.662 eV  top50=0  top10%=0
Cycle  50: GP refit  (59 labelled)
  → 2IrNbS4-1  gap=1.253 eV  best=4.662 eV  top50=0  top10%=0
Cycle  51: full DKL retrain  (60 labelled)
GP warmup: 20 epochs on initial embeddings
Joint DKL training: 50 epochs
  Epoch 20/50  loss=0.2117
  Epoch 40/50  loss=0.0745
DKL training done in 0.4s
  → 1SeTeV-1  gap=0.831 eV  best=4.662 eV  top50=0  top10%=0
Cycle  52: GP refit  (61 labelled)
  → 1ClCrTe-1  gap=1.108 eV  best=4.662 eV  top50=0  top10%=0
Cycle  53: GP refit  (62 labelled)
  → 1PtSeMn2S5-1  gap=1.467 eV  best=4.662 eV  top50=0  top10%=0
Cycle  54: GP refit  (63 labelled)
  → 2CrNbTe5-1  gap=0.029 eV  best=4.662 eV  top50=0  top10%=0
Cycle  55: GP refit  (64 labelled)
  → 1STeW-1  gap=1.681 eV  best=4.662 eV  top50=0  top10%=0
Cycle  56: full DKL retrain  (65 labelled)
GP warmup: 20 epochs on initial embeddings
Joint DKL training: 50 epochs
  Epoch 20/50  loss=0.1808
  Epoch 40/50  loss=0.0464
DKL training done in 0.5s
  → 1IIrTe-1  gap=1.821 eV  best=4.662 eV  top50=0  top10%=0
Cycle  57: GP refit  (66 labelled)
  → 2NbOI2-1  gap=1.845 eV  best=4.662 eV  top50=0  top10%=0
Cycle  58: GP refit  (67 labelled)
  → 2INbO2-1  gap=2.295 eV  best=4.662 eV  top50=0  top10%=0
Cycle  59: GP refit  (68 labelled)
  → 1FeCl2-3  gap=0.071 eV  best=4.662 eV  top50=0  top10%=0
Cycle  60: GP refit  (69 labelled)
  → 4TaS3-1  gap=0.823 eV  best=4.662 eV  top50=0  top10%=0
Cycle  61: full DKL retrain  (70 labelled)
GP warmup: 20 epochs on initial embeddings
Joint DKL training: 50 epochs
  Epoch 20/50  loss=0.0895
  Epoch 40/50  loss=-0.0788
DKL training done in 0.5s
  → 2IrTaS4-1  gap=1.331 eV  best=4.662 eV  top50=0  top10%=0
Cycle  62: GP refit  (71 labelled)
  → 2PdTeO3-2  gap=2.509 eV  best=4.662 eV  top50=0  top10%=0
Cycle  63: GP refit  (72 labelled)
  → 4OSb2Se2-1  gap=2.083 eV  best=4.662 eV  top50=0  top10%=0
Cycle  64: GP refit  (73 labelled)
  → 1TeTa3Br7-1  gap=1.397 eV  best=4.662 eV  top50=0  top10%=0
Cycle  65: GP refit  (74 labelled)
  → 1TeTa3F7-1  gap=1.702 eV  best=4.662 eV  top50=0  top10%=0
Cycle  66: full DKL retrain  (75 labelled)
GP warmup: 20 epochs on initial embeddings
Joint DKL training: 50 epochs
  Epoch 20/50  loss=0.0904
  Epoch 40/50  loss=-0.0663
DKL training done in 0.6s
  → 2AlS-1  gap=2.881 eV  best=4.662 eV  top50=0  top10%=0
Cycle  67: GP refit  (76 labelled)
  → 2AgO-1  gap=1.126 eV  best=4.662 eV  top50=0  top10%=0
Cycle  68: GP refit  (77 labelled)
  → 1AgCrP2Te6-1  gap=1.137 eV  best=4.662 eV  top50=0  top10%=0
Cycle  69: GP refit  (78 labelled)
  → 2AgBr-3  gap=3.092 eV  best=4.662 eV  top50=0  top10%=0
Cycle  70: GP refit  (79 labelled)
  → 1CrISe-1  gap=1.596 eV  best=4.662 eV  top50=0  top10%=0
Cycle  71: full DKL retrain  (80 labelled)
GP warmup: 20 epochs on initial embeddings
Joint DKL training: 50 epochs
  Epoch 20/50  loss=0.1599
  Epoch 40/50  loss=-0.0401
DKL training done in 0.6s
  → 2CrWSe4-1  gap=1.203 eV  best=4.662 eV  top50=0  top10%=0
Cycle  72: GP refit  (81 labelled)
  → 1CrSe2-1  gap=1.128 eV  best=4.662 eV  top50=0  top10%=0
Cycle  73: GP refit  (82 labelled)
  → 1VSe2-1  gap=0.977 eV  best=4.662 eV  top50=0  top10%=0
Cycle  74: GP refit  (83 labelled)
  → 2CrWS4-1  gap=1.442 eV  best=4.662 eV  top50=0  top10%=0
Cycle  75: GP refit  (84 labelled)
  → 2AuTe-3  gap=0.078 eV  best=4.662 eV  top50=0  top10%=0
Cycle  76: full DKL retrain  (85 labelled)
GP warmup: 20 epochs on initial embeddings
Joint DKL training: 50 epochs
  Epoch 20/50  loss=-0.2063
  Epoch 40/50  loss=-0.3983
DKL training done in 0.4s
  → 1WAu2Te4-1  gap=0.792 eV  best=4.662 eV  top50=0  top10%=0
Cycle  77: GP refit  (86 labelled)
  → 1HgS-1  gap=0.724 eV  best=4.662 eV  top50=0  top10%=0
Cycle  78: GP refit  (87 labelled)
  → 1WAg2Te4-1  gap=1.318 eV  best=4.662 eV  top50=0  top10%=0
Cycle  79: GP refit  (88 labelled)
  → 2AgTe-2  gap=0.242 eV  best=4.662 eV  top50=0  top10%=0
Cycle  80: GP refit  (89 labelled)
  → 4HgSe-1  gap=0.937 eV  best=4.662 eV  top50=0  top10%=0
Cycle  81: full DKL retrain  (90 labelled)
GP warmup: 20 epochs on initial embeddings
Joint DKL training: 50 epochs
  Epoch 20/50  loss=-0.4415
  Epoch 40/50  loss=-0.5768
DKL training done in 0.5s
  → 1WTe2-1  gap=1.141 eV  best=4.662 eV  top50=0  top10%=0
Cycle  82: GP refit  (91 labelled)
  → 1HgTe-1  gap=0.279 eV  best=4.662 eV  top50=0  top10%=0
Cycle  83: GP refit  (92 labelled)
  → 1AgCrAs2Se6-1  gap=1.270 eV  best=4.662 eV  top50=0  top10%=0
Cycle  84: GP refit  (93 labelled)
  → 4NbS3-2  gap=1.030 eV  best=4.662 eV  top50=0  top10%=0
Cycle  85: GP refit  (94 labelled)
  → 2CrMoTe4-1  gap=0.980 eV  best=4.662 eV  top50=0  top10%=0
Cycle  86: full DKL retrain  (95 labelled)
GP warmup: 20 epochs on initial embeddings
Joint DKL training: 50 epochs
  Epoch 20/50  loss=-0.6384
  Epoch 40/50  loss=-0.8160
DKL training done in 0.5s
  → 1CrW3Te8-1  gap=0.937 eV  best=4.662 eV  top50=0  top10%=0
Cycle  87: GP refit  (96 labelled)
  → 1CrTe2-2  gap=0.869 eV  best=4.662 eV  top50=0  top10%=0
Cycle  88: GP refit  (97 labelled)
  → 2CrWTe4-1  gap=0.876 eV  best=4.662 eV  top50=0  top10%=0
Cycle  89: GP refit  (98 labelled)
  → 1WCr3Te8-1  gap=0.841 eV  best=4.662 eV  top50=0  top10%=0
Cycle  90: GP refit  (99 labelled)
  → 1MoSTe-2  gap=0.233 eV  best=4.662 eV  top50=0  top10%=0
Cycle  91: full DKL retrain  (100 labelled)
GP warmup: 20 epochs on initial embeddings
Joint DKL training: 50 epochs
  Epoch 20/50  loss=-0.6432
  Epoch 40/50  loss=-1.0051
DKL training done in 0.6s
  → 1MoAu2Te4-1  gap=0.677 eV  best=4.662 eV  top50=0  top10%=0
Cycle  92: GP refit  (101 labelled)
  → 2MoS2-1  gap=0.069 eV  best=4.662 eV  top50=0  top10%=0
Cycle  93: GP refit  (102 labelled)
  → 1CrMo3Te8-1  gap=1.105 eV  best=4.662 eV  top50=0  top10%=0
Cycle  94: GP refit  (103 labelled)
  → 2WSe2-1  gap=0.118 eV  best=4.662 eV  top50=0  top10%=0
Cycle  95: GP refit  (104 labelled)
  → 2PbTe-1  gap=0.878 eV  best=4.662 eV  top50=0  top10%=0
Cycle  96: full DKL retrain  (105 labelled)
GP warmup: 20 epochs on initial embeddings
Joint DKL training: 50 epochs
  Epoch 20/50  loss=-0.4904
  Epoch 40/50  loss=-0.6759
DKL training done in 0.6s
  → 2PbS-1  gap=1.806 eV  best=4.662 eV  top50=0  top10%=0
Cycle  97: GP refit  (106 labelled)
  → 2OW-1  gap=0.132 eV  best=4.662 eV  top50=0  top10%=0
Cycle  98: GP refit  (107 labelled)
  → 1BrITl2-1  gap=2.587 eV  best=4.662 eV  top50=0  top10%=0
Cycle  99: GP refit  (108 labelled)
  → 4TiSe2-1  gap=0.036 eV  best=4.662 eV  top50=0  top10%=0
Cycle 100: GP refit  (109 labelled)
  → 2MoWTe4-1  gap=1.279 eV  best=4.662 eV  top50=0  top10%=0
  dkl_finetune/seed11 → best_inwin=0.724 top50=14
BOLoop: 766 materials  |  direction=max  |  top-50 internal threshold=5.35  top-10% internal threshold=4.94
Init: 10 random labels  |  best (max) = 7.351
Cycle   1: full DKL retrain  (10 labelled)
GP warmup: 20 epochs on initial embeddings
/home/roy/Desktop/DKL-BO/venv/lib/python3.13/site-packages/torch/_compile.py:54: UserWarning: optimizer contains a parameter group with duplicate parameters; in future, this will cause an error; see github.com/pytorch/pytorch/issues/40967 for more information
  return disable_fn(*args, **kwargs)
Joint DKL training: 50 epochs
  Epoch 20/50  loss=2.7682
  Epoch 40/50  loss=2.4980
DKL training done in 0.4s
  → 2HfZrTe4-1  gap=0.717 eV  best=7.351 eV  top50=0  top10%=0
Cycle   2: GP refit  (11 labelled)
  → 1TiHf3Te8-1  gap=0.688 eV  best=7.351 eV  top50=0  top10%=0
Cycle   3: GP refit  (12 labelled)
  → 1HfTe2-2  gap=0.665 eV  best=7.351 eV  top50=0  top10%=0
Cycle   4: GP refit  (13 labelled)
  → 1CrMo3Te8-1  gap=1.105 eV  best=7.351 eV  top50=0  top10%=0
Cycle   5: GP refit  (14 labelled)
  → 2CrWTe4-1  gap=0.876 eV  best=7.351 eV  top50=0  top10%=0
Cycle   6: full DKL retrain  (15 labelled)
GP warmup: 20 epochs on initial embeddings
Joint DKL training: 50 epochs
  Epoch 20/50  loss=1.0906
  Epoch 40/50  loss=0.9455
DKL training done in 0.5s
  → 2MoWTe4-1  gap=1.279 eV  best=7.351 eV  top50=0  top10%=0
Cycle   7: GP refit  (16 labelled)
  → 1MoW3Te8-1  gap=1.220 eV  best=7.351 eV  top50=0  top10%=0
Cycle   8: GP refit  (17 labelled)
  → 2TiZrTe4-1  gap=0.744 eV  best=7.351 eV  top50=0  top10%=0
Cycle   9: GP refit  (18 labelled)
  → 1ZrTi3Te8-1  gap=0.722 eV  best=7.351 eV  top50=0  top10%=0
Cycle  10: GP refit  (19 labelled)
  → 1WMo3Te8-1  gap=1.326 eV  best=7.351 eV  top50=0  top10%=0
Cycle  11: full DKL retrain  (20 labelled)
GP warmup: 20 epochs on initial embeddings
Joint DKL training: 50 epochs
  Epoch 20/50  loss=0.1867
  Epoch 40/50  loss=-0.1243
DKL training done in 0.6s
  → 1STeZr-2  gap=0.672 eV  best=7.351 eV  top50=0  top10%=0
Cycle  12: GP refit  (21 labelled)
  → 2CrMoTe4-1  gap=0.980 eV  best=7.351 eV  top50=0  top10%=0
Cycle  13: GP refit  (22 labelled)
  → 1SSeSn-1  gap=1.476 eV  best=7.351 eV  top50=0  top10%=0
Cycle  14: GP refit  (23 labelled)
  → 1WCr3Te8-1  gap=0.841 eV  best=7.351 eV  top50=0  top10%=0
Cycle  15: GP refit  (24 labelled)
  → 1HfSSe-1  gap=1.512 eV  best=7.351 eV  top50=0  top10%=0
Cycle  16: full DKL retrain  (25 labelled)
GP warmup: 20 epochs on initial embeddings
Joint DKL training: 50 epochs
  Epoch 20/50  loss=-0.4945
  Epoch 40/50  loss=-0.4015
DKL training done in 0.5s
  → 1ZrS2-2  gap=2.023 eV  best=7.351 eV  top50=0  top10%=0
Cycle  17: GP refit  (26 labelled)
  → 2CrNbTe5-1  gap=0.029 eV  best=7.351 eV  top50=0  top10%=0
Cycle  18: GP refit  (27 labelled)
  → 1MoCr3Te8-1  gap=0.893 eV  best=7.351 eV  top50=0  top10%=0
Cycle  19: GP refit  (28 labelled)
  → 1SeTeZr-2  gap=0.783 eV  best=7.351 eV  top50=0  top10%=0
Cycle  20: GP refit  (29 labelled)
  → 1STeTi-2  gap=0.531 eV  best=7.351 eV  top50=0  top10%=0
Cycle  21: full DKL retrain  (30 labelled)
GP warmup: 20 epochs on initial embeddings
Joint DKL training: 50 epochs
  Epoch 20/50  loss=0.2431
  Epoch 40/50  loss=0.0619
DKL training done in 0.5s
  → 1SSeZr-2  gap=1.777 eV  best=7.351 eV  top50=0  top10%=0
Cycle  22: GP refit  (31 labelled)
  → 2CrWSe4-1  gap=1.203 eV  best=7.351 eV  top50=0  top10%=0
Cycle  23: GP refit  (32 labelled)
  → 2RhSe-3  gap=0.337 eV  best=7.351 eV  top50=0  top10%=0
Cycle  24: GP refit  (33 labelled)
  → 1TiS2-2  gap=2.015 eV  best=7.351 eV  top50=0  top10%=0
Cycle  25: GP refit  (34 labelled)
  → 1CrW3Se8-1  gap=1.333 eV  best=7.351 eV  top50=0  top10%=0
Cycle  26: full DKL retrain  (35 labelled)
GP warmup: 20 epochs on initial embeddings
Joint DKL training: 50 epochs
  Epoch 20/50  loss=0.4187
  Epoch 40/50  loss=0.2614
DKL training done in 0.4s
  → 2IRhS-2  gap=1.665 eV  best=7.351 eV  top50=0  top10%=0
Cycle  27: GP refit  (36 labelled)
  → 1CrISe-1  gap=1.596 eV  best=7.351 eV  top50=0  top10%=0
Cycle  28: GP refit  (37 labelled)
  → 2GaSe-1  gap=2.506 eV  best=7.351 eV  top50=0  top10%=0
Cycle  29: GP refit  (38 labelled)
  → 1SSeTi-2  gap=1.342 eV  best=7.351 eV  top50=0  top10%=0
Cycle  30: GP refit  (39 labelled)
  → 1MoTe2-1  gap=1.370 eV  best=7.351 eV  top50=0  top10%=0
Cycle  31: full DKL retrain  (40 labelled)
GP warmup: 20 epochs on initial embeddings
Joint DKL training: 50 epochs
  Epoch 20/50  loss=0.2328
  Epoch 40/50  loss=0.0368
DKL training done in 0.6s
  → 1HfSTe-2  gap=0.481 eV  best=7.351 eV  top50=0  top10%=0
Cycle  32: GP refit  (41 labelled)
  → 2IrTaTe4-1  gap=0.119 eV  best=7.351 eV  top50=0  top10%=0
Cycle  33: GP refit  (42 labelled)
  → 1VSe2-1  gap=0.977 eV  best=7.351 eV  top50=0  top10%=0
Cycle  34: GP refit  (43 labelled)
  → 1OTeW-1  gap=1.209 eV  best=7.351 eV  top50=0  top10%=0
Cycle  35: GP refit  (44 labelled)
  → 1SeNb3Br7-1  gap=1.477 eV  best=7.351 eV  top50=0  top10%=0
Cycle  36: full DKL retrain  (45 labelled)
GP warmup: 20 epochs on initial embeddings
Joint DKL training: 50 epochs
  Epoch 20/50  loss=-0.0642
  Epoch 40/50  loss=-0.2830
DKL training done in 0.6s
  → 1HfTi3Se8-1  gap=1.544 eV  best=7.351 eV  top50=0  top10%=0
Cycle  37: GP refit  (46 labelled)
  → 2BrIrSe-2  gap=2.067 eV  best=7.351 eV  top50=0  top10%=0
Cycle  38: GP refit  (47 labelled)
  → 1HfSe2-2  gap=1.626 eV  best=7.351 eV  top50=0  top10%=0
Cycle  39: GP refit  (48 labelled)
  → 1TiSe2-2  gap=1.460 eV  best=7.351 eV  top50=0  top10%=0
Cycle  40: GP refit  (49 labelled)
  → 1CoITe-1  gap=0.971 eV  best=7.351 eV  top50=0  top10%=0
Cycle  41: full DKL retrain  (50 labelled)
GP warmup: 20 epochs on initial embeddings
Joint DKL training: 50 epochs
  Epoch 20/50  loss=-0.0507
  Epoch 40/50  loss=-0.1943
DKL training done in 0.5s
  → 2BrNbO2-1  gap=3.469 eV  best=7.351 eV  top50=0  top10%=0
Cycle  42: GP refit  (51 labelled)
  → 2NbOI2-1  gap=1.845 eV  best=7.351 eV  top50=0  top10%=0
Cycle  43: GP refit  (52 labelled)
  → 2INbO2-1  gap=2.295 eV  best=7.351 eV  top50=0  top10%=0
Cycle  44: GP refit  (53 labelled)
  → 2FeTe2-1  gap=0.581 eV  best=7.351 eV  top50=0  top10%=0
Cycle  45: GP refit  (54 labelled)
  → 1WTe2-1  gap=1.141 eV  best=7.351 eV  top50=0  top10%=0
Cycle  46: full DKL retrain  (55 labelled)
GP warmup: 20 epochs on initial embeddings
Joint DKL training: 50 epochs
  Epoch 20/50  loss=0.2359
  Epoch 40/50  loss=0.0217
DKL training done in 0.6s
  → 2IRhTe-2  gap=1.432 eV  best=7.351 eV  top50=0  top10%=0
Cycle  47: GP refit  (56 labelled)
  → 1BrTeTi-1  gap=0.763 eV  best=7.351 eV  top50=0  top10%=0
Cycle  48: GP refit  (57 labelled)
  → 2IrNbS4-1  gap=1.253 eV  best=7.351 eV  top50=0  top10%=0
Cycle  49: GP refit  (58 labelled)
  → 2IrTaS4-1  gap=1.331 eV  best=7.351 eV  top50=0  top10%=0
Cycle  50: GP refit  (59 labelled)
  → 1SeTeW-1  gap=1.493 eV  best=7.351 eV  top50=0  top10%=0
Cycle  51: full DKL retrain  (60 labelled)
GP warmup: 20 epochs on initial embeddings
Joint DKL training: 50 epochs
  Epoch 20/50  loss=-0.2524
  Epoch 40/50  loss=-0.4517
DKL training done in 0.6s
  → 1ZrTe2-2  gap=0.836 eV  best=7.351 eV  top50=0  top10%=0
Cycle  52: GP refit  (61 labelled)
  → 2TeZr-4  gap=0.652 eV  best=7.351 eV  top50=0  top10%=0
Cycle  53: GP refit  (62 labelled)
  → 4NbS3-2  gap=1.030 eV  best=7.351 eV  top50=0  top10%=0
Cycle  54: GP refit  (63 labelled)
  → 1CrSe2-1  gap=1.128 eV  best=7.351 eV  top50=0  top10%=0
Cycle  55: GP refit  (64 labelled)
  → 1BrCoTe-1  gap=1.810 eV  best=7.351 eV  top50=0  top10%=0
Cycle  56: full DKL retrain  (65 labelled)
GP warmup: 20 epochs on initial embeddings
Joint DKL training: 50 epochs
  Epoch 20/50  loss=-0.0718
  Epoch 40/50  loss=-0.4297
DKL training done in 0.5s
  → 1Nb3I8-1  gap=0.824 eV  best=7.351 eV  top50=0  top10%=0
Cycle  57: GP refit  (66 labelled)
  → 1SNb3I7-1  gap=1.235 eV  best=7.351 eV  top50=0  top10%=0
Cycle  58: GP refit  (67 labelled)
  → 1SnTe-1  gap=2.089 eV  best=7.351 eV  top50=0  top10%=0
Cycle  59: GP refit  (68 labelled)
  → 2IrS-3  gap=0.713 eV  best=7.351 eV  top50=0  top10%=0
Cycle  60: GP refit  (69 labelled)
  → 1IIrTe-1  gap=1.821 eV  best=7.351 eV  top50=0  top10%=0
Cycle  61: full DKL retrain  (70 labelled)
GP warmup: 20 epochs on initial embeddings
Joint DKL training: 50 epochs
  Epoch 20/50  loss=-0.1927
  Epoch 40/50  loss=-0.3504
DKL training done in 0.6s
  → 1TeNb3I7-1  gap=1.241 eV  best=7.351 eV  top50=0  top10%=0
Cycle  62: GP refit  (71 labelled)
  → 1HfZr3Te8-1  gap=0.766 eV  best=7.351 eV  top50=0  top10%=0
Cycle  63: GP refit  (72 labelled)
  → 2RuTe2-1  gap=1.071 eV  best=7.351 eV  top50=0  top10%=0
Cycle  64: GP refit  (73 labelled)
  → 2OsTe2-1  gap=1.379 eV  best=7.351 eV  top50=0  top10%=0
Cycle  65: GP refit  (74 labelled)
  → 2RhTaS4-1  gap=1.231 eV  best=7.351 eV  top50=0  top10%=0
Cycle  66: full DKL retrain  (75 labelled)
GP warmup: 20 epochs on initial embeddings
Joint DKL training: 50 epochs
  Epoch 20/50  loss=-0.3899
  Epoch 40/50  loss=-0.4995
DKL training done in 0.5s
  → 1MnNbSe4-1  gap=0.598 eV  best=7.351 eV  top50=0  top10%=0
Cycle  67: GP refit  (76 labelled)
  → 2IK-2  gap=4.784 eV  best=7.351 eV  top50=0  top10%=0
Cycle  68: GP refit  (77 labelled)
  → 1CrSSe-1  gap=1.241 eV  best=7.351 eV  top50=0  top10%=0
Cycle  69: GP refit  (78 labelled)
  → 1STeW-1  gap=1.681 eV  best=7.351 eV  top50=0  top10%=0
Cycle  70: GP refit  (79 labelled)
  → 1IRhSe-1  gap=1.425 eV  best=7.351 eV  top50=0  top10%=0
Cycle  71: full DKL retrain  (80 labelled)
GP warmup: 20 epochs on initial embeddings
Joint DKL training: 50 epochs
  Epoch 20/50  loss=-0.0670
  Epoch 40/50  loss=-0.1818
DKL training done in 0.6s
  → 2ORh-2  gap=0.062 eV  best=7.351 eV  top50=0  top10%=0
Cycle  72: GP refit  (81 labelled)
  → 1N2O2Hf3-1  gap=0.508 eV  best=7.351 eV  top50=0  top10%=0
Cycle  73: GP refit  (82 labelled)
  → 1N2O2Zr3-1  gap=0.616 eV  best=7.351 eV  top50=0  top10%=0
Cycle  74: GP refit  (83 labelled)
  → 1C2O2Hf3-1  gap=0.917 eV  best=7.351 eV  top50=0  top10%=0
Cycle  75: GP refit  (84 labelled)
  → 2IrO-2  gap=0.230 eV  best=7.351 eV  top50=0  top10%=0
Cycle  76: full DKL retrain  (85 labelled)
GP warmup: 20 epochs on initial embeddings
Joint DKL training: 50 epochs
  Epoch 20/50  loss=-0.2972
  Epoch 40/50  loss=-0.4598
DKL training done in 0.5s
  → 4OPb-1  gap=3.731 eV  best=7.351 eV  top50=0  top10%=0
Cycle  77: GP refit  (86 labelled)
  → 1C2O2Zr3-1  gap=0.961 eV  best=7.351 eV  top50=0  top10%=0
Cycle  78: GP refit  (87 labelled)
  → 2OPb-3  gap=1.090 eV  best=7.351 eV  top50=0  top10%=0
Cycle  79: GP refit  (88 labelled)
  → 1PbSe-1  gap=2.199 eV  best=7.351 eV  top50=0  top10%=0
Cycle  80: GP refit  (89 labelled)
  → 2FeSe2-1  gap=1.053 eV  best=7.351 eV  top50=0  top10%=0
Cycle  81: full DKL retrain  (90 labelled)
GP warmup: 20 epochs on initial embeddings
Joint DKL training: 50 epochs
  Epoch 20/50  loss=0.2401
  Epoch 40/50  loss=0.0538
DKL training done in 0.6s
  → 2CrWS4-1  gap=1.442 eV  best=7.351 eV  top50=0  top10%=0
Cycle  82: GP refit  (91 labelled)
  → 1TeTa3I7-1  gap=1.223 eV  best=7.351 eV  top50=0  top10%=0
Cycle  83: GP refit  (92 labelled)
  → 2PbTe-1  gap=0.878 eV  best=7.351 eV  top50=0  top10%=0
Cycle  84: GP refit  (93 labelled)
  → 1MoOTe-1  gap=0.867 eV  best=7.351 eV  top50=0  top10%=0
Cycle  85: GP refit  (94 labelled)
  → 2ClRhSe-1  gap=2.271 eV  best=7.351 eV  top50=0  top10%=0
Cycle  86: full DKL retrain  (95 labelled)
GP warmup: 20 epochs on initial embeddings
Joint DKL training: 50 epochs
  Epoch 20/50  loss=-0.0869
  Epoch 40/50  loss=-0.3145
DKL training done in 0.6s
  → 1PbSe2-1  gap=1.847 eV  best=7.351 eV  top50=0  top10%=0
Cycle  87: GP refit  (96 labelled)
  → 2PbTe-3  gap=0.385 eV  best=7.351 eV  top50=0  top10%=0
Cycle  88: GP refit  (97 labelled)
  → 1ClHfI-1  gap=1.295 eV  best=7.351 eV  top50=0  top10%=0
Cycle  89: GP refit  (98 labelled)
  → 1MoOSe-1  gap=1.512 eV  best=7.351 eV  top50=0  top10%=0
Cycle  90: GP refit  (99 labelled)
  → 1ClITi-1  gap=1.187 eV  best=7.351 eV  top50=0  top10%=0
Cycle  91: full DKL retrain  (100 labelled)
GP warmup: 20 epochs on initial embeddings
Joint DKL training: 50 epochs
  Epoch 20/50  loss=-0.2791
  Epoch 40/50  loss=-0.4717
DKL training done in 0.5s
  → 2PbS-3  gap=0.673 eV  best=7.351 eV  top50=0  top10%=0
Cycle  92: GP refit  (101 labelled)
  → 1SnO2-3  gap=1.956 eV  best=7.351 eV  top50=0  top10%=0
Cycle  93: GP refit  (102 labelled)
  → 2FRhS-1  gap=2.175 eV  best=7.351 eV  top50=0  top10%=0
Cycle  94: GP refit  (103 labelled)
  → 1ONb3I7-1  gap=0.952 eV  best=7.351 eV  top50=0  top10%=0
Cycle  95: GP refit  (104 labelled)
  → 1MoSTe-1  gap=1.585 eV  best=7.351 eV  top50=0  top10%=0
Cycle  96: full DKL retrain  (105 labelled)
GP warmup: 20 epochs on initial embeddings
Joint DKL training: 50 epochs
  Epoch 20/50  loss=-0.4423
  Epoch 40/50  loss=-0.6049
DKL training done in 0.6s
  → 1CrSTe-1  gap=0.820 eV  best=7.351 eV  top50=0  top10%=0
Cycle  97: GP refit  (106 labelled)
  → 1CrSeTe-1  gap=0.994 eV  best=7.351 eV  top50=0  top10%=0
Cycle  98: GP refit  (107 labelled)
  → 1PbTe-1  gap=1.500 eV  best=7.351 eV  top50=0  top10%=0
Cycle  99: GP refit  (108 labelled)
  → 1BrHfI-1  gap=1.157 eV  best=7.351 eV  top50=0  top10%=0
Cycle 100: GP refit  (109 labelled)
  → 1HfSeTe-2  gap=0.637 eV  best=7.351 eV  top50=0  top10%=0
  dkl_finetune/seed12 → best_inwin=0.713 top50=15
BOLoop: 766 materials  |  direction=max  |  top-50 internal threshold=5.35  top-10% internal threshold=4.94
Init: 10 random labels  |  best (max) = 4.438
Cycle   1: full DKL retrain  (10 labelled)
GP warmup: 20 epochs on initial embeddings
/home/roy/Desktop/DKL-BO/venv/lib/python3.13/site-packages/torch/_compile.py:54: UserWarning: optimizer contains a parameter group with duplicate parameters; in future, this will cause an error; see github.com/pytorch/pytorch/issues/40967 for more information
  return disable_fn(*args, **kwargs)
Joint DKL training: 50 epochs
  Epoch 20/50  loss=1.5165
  Epoch 40/50  loss=1.3914
DKL training done in 0.5s
  → 1STeIn2-1  gap=1.141 eV  best=4.438 eV  top50=0  top10%=0
Cycle   2: GP refit  (11 labelled)
  → 1GaInTe2-1  gap=1.532 eV  best=4.438 eV  top50=0  top10%=0
Cycle   3: GP refit  (12 labelled)
  → 1BiClS-2  gap=2.271 eV  best=4.438 eV  top50=0  top10%=0
Cycle   4: GP refit  (13 labelled)
  → 1SeBi2S2-1  gap=0.923 eV  best=4.438 eV  top50=0  top10%=0
Cycle   5: GP refit  (14 labelled)
  → 4OBi2S2-1  gap=2.212 eV  best=4.438 eV  top50=0  top10%=0
Cycle   6: full DKL retrain  (15 labelled)
GP warmup: 20 epochs on initial embeddings
Joint DKL training: 50 epochs
  Epoch 20/50  loss=0.7405
  Epoch 40/50  loss=0.4249
DKL training done in 0.5s
  → 2RhSe-3  gap=0.337 eV  best=4.438 eV  top50=0  top10%=0
Cycle   7: GP refit  (16 labelled)
  → 4OBi2Se2-1  gap=1.736 eV  best=4.438 eV  top50=0  top10%=0
Cycle   8: GP refit  (17 labelled)
  → 2IrSe-3  gap=0.822 eV  best=4.438 eV  top50=0  top10%=0
Cycle   9: GP refit  (18 labelled)
  → 1BiIS-1  gap=1.474 eV  best=4.438 eV  top50=0  top10%=0
Cycle  10: GP refit  (19 labelled)
  → 2FeTe2-1  gap=0.581 eV  best=4.438 eV  top50=0  top10%=0
Cycle  11: full DKL retrain  (20 labelled)
GP warmup: 20 epochs on initial embeddings
Joint DKL training: 50 epochs
  Epoch 20/50  loss=0.3441
  Epoch 40/50  loss=0.1060
DKL training done in 0.5s
  → 1BiISe-2  gap=1.189 eV  best=4.438 eV  top50=0  top10%=0
Cycle  12: GP refit  (21 labelled)
  → 2IIrTe-2  gap=1.671 eV  best=4.438 eV  top50=0  top10%=0
Cycle  13: GP refit  (22 labelled)
  → 1GeTe-1  gap=1.994 eV  best=4.438 eV  top50=0  top10%=0
Cycle  14: GP refit  (23 labelled)
  → 1CoITe-1  gap=0.971 eV  best=4.438 eV  top50=0  top10%=0
Cycle  15: GP refit  (24 labelled)
  → 1AgAlP2Te6-1  gap=1.065 eV  best=4.438 eV  top50=0  top10%=0
Cycle  16: full DKL retrain  (25 labelled)
GP warmup: 20 epochs on initial embeddings
Joint DKL training: 50 epochs
  Epoch 20/50  loss=0.1437
  Epoch 40/50  loss=-0.0659
DKL training done in 0.5s
  → 1HfTi3Te8-1  gap=0.724 eV  best=4.438 eV  top50=0  top10%=0
Cycle  17: GP refit  (26 labelled)
  → 1ZrTi3Te8-1  gap=0.722 eV  best=4.438 eV  top50=0  top10%=0
Cycle  18: GP refit  (27 labelled)
  → 2IRhTe-2  gap=1.432 eV  best=4.438 eV  top50=0  top10%=0
Cycle  19: GP refit  (28 labelled)
  → 2InS-1  gap=2.431 eV  best=4.438 eV  top50=0  top10%=0
Cycle  20: GP refit  (29 labelled)
  → 2PbS-3  gap=0.673 eV  best=4.438 eV  top50=0  top10%=0
Cycle  21: full DKL retrain  (30 labelled)
GP warmup: 20 epochs on initial embeddings
Joint DKL training: 50 epochs
  Epoch 20/50  loss=0.0037
  Epoch 40/50  loss=-0.2708
DKL training done in 0.5s
  → 1AgScP2Se6-1  gap=2.775 eV  best=4.438 eV  top50=0  top10%=0
Cycle  22: GP refit  (31 labelled)
  → 1AgAlP2Se6-1  gap=2.339 eV  best=4.438 eV  top50=0  top10%=0
Cycle  23: GP refit  (32 labelled)
  → 1AgCrP2Se6-1  gap=1.789 eV  best=4.438 eV  top50=0  top10%=0
Cycle  24: GP refit  (33 labelled)
  → 1PtSnS4-1  gap=2.122 eV  best=4.438 eV  top50=0  top10%=0
Cycle  25: GP refit  (34 labelled)
  → 1HfTe2-2  gap=0.665 eV  best=4.438 eV  top50=0  top10%=0
Cycle  26: full DKL retrain  (35 labelled)
GP warmup: 20 epochs on initial embeddings
Joint DKL training: 50 epochs
  Epoch 20/50  loss=0.2634
  Epoch 40/50  loss=0.1086
DKL training done in 0.6s
  → 1WAu2Se4-1  gap=1.415 eV  best=4.438 eV  top50=0  top10%=0
Cycle  27: GP refit  (36 labelled)
  → 1PtSSe-1  gap=2.017 eV  best=4.438 eV  top50=0  top10%=0
Cycle  28: GP refit  (37 labelled)
  → 2RuTe2-1  gap=1.071 eV  best=4.438 eV  top50=0  top10%=0
Cycle  29: GP refit  (38 labelled)
  → 2PtTeS3-1  gap=1.731 eV  best=4.438 eV  top50=0  top10%=0
Cycle  30: GP refit  (39 labelled)
  → 1SeTeZr-2  gap=0.783 eV  best=4.438 eV  top50=0  top10%=0
Cycle  31: full DKL retrain  (40 labelled)
GP warmup: 20 epochs on initial embeddings
Joint DKL training: 50 epochs
  Epoch 20/50  loss=0.1279
  Epoch 40/50  loss=0.0183
DKL training done in 0.5s
  → 2AlTe-1  gap=2.363 eV  best=4.438 eV  top50=0  top10%=0
Cycle  32: GP refit  (41 labelled)
  → 1BiBrTe-2  gap=1.162 eV  best=4.438 eV  top50=0  top10%=0
Cycle  33: GP refit  (42 labelled)
  → 1STeZr-2  gap=0.672 eV  best=4.438 eV  top50=0  top10%=0
Cycle  34: GP refit  (43 labelled)
  → 2FeSe2-1  gap=1.053 eV  best=4.438 eV  top50=0  top10%=0
Cycle  35: GP refit  (44 labelled)
  → 2AgI-2  gap=2.922 eV  best=4.438 eV  top50=0  top10%=0
Cycle  36: full DKL retrain  (45 labelled)
GP warmup: 20 epochs on initial embeddings
Joint DKL training: 50 epochs
  Epoch 20/50  loss=0.3028
  Epoch 40/50  loss=0.0880
DKL training done in 0.5s
  → 1WAg2Te4-1  gap=1.318 eV  best=4.438 eV  top50=0  top10%=0
Cycle  37: GP refit  (46 labelled)
  → 4HgTe-1  gap=0.899 eV  best=4.438 eV  top50=0  top10%=0
Cycle  38: GP refit  (47 labelled)
  → 1SeTeV-1  gap=0.831 eV  best=4.438 eV  top50=0  top10%=0
Cycle  39: GP refit  (48 labelled)
  → 1SeTeTi-2  gap=0.600 eV  best=4.438 eV  top50=0  top10%=0
Cycle  40: GP refit  (49 labelled)
  → 1SSeZr-2  gap=1.777 eV  best=4.438 eV  top50=0  top10%=0
Cycle  41: full DKL retrain  (50 labelled)
GP warmup: 20 epochs on initial embeddings
Joint DKL training: 50 epochs
  Epoch 20/50  loss=-0.0901
  Epoch 40/50  loss=-0.2496
DKL training done in 0.6s
  → 1AgCrP2Te6-1  gap=1.137 eV  best=4.438 eV  top50=0  top10%=0
Cycle  42: GP refit  (51 labelled)
  → 2CsF-1  gap=6.059 eV  best=6.059 eV  top50=1  top10%=1
Cycle  43: GP refit  (52 labelled)
  → 2PbTe-1  gap=0.878 eV  best=6.059 eV  top50=1  top10%=1
Cycle  44: GP refit  (53 labelled)
  → 1STeTi-2  gap=0.531 eV  best=6.059 eV  top50=1  top10%=1
Cycle  45: GP refit  (54 labelled)
  → 1BiITe-1  gap=0.929 eV  best=6.059 eV  top50=1  top10%=1
Cycle  46: full DKL retrain  (55 labelled)
GP warmup: 20 epochs on initial embeddings
Joint DKL training: 50 epochs
  Epoch 20/50  loss=0.4452
  Epoch 40/50  loss=0.1568
DKL training done in 0.5s
  → 2IrNbTe4-1  gap=0.033 eV  best=6.059 eV  top50=1  top10%=1
Cycle  47: GP refit  (56 labelled)
  → 1MoAu2Te4-1  gap=0.677 eV  best=6.059 eV  top50=1  top10%=1
Cycle  48: GP refit  (57 labelled)
  → 1PdZnP2Se6-1  gap=0.796 eV  best=6.059 eV  top50=1  top10%=1
Cycle  49: GP refit  (58 labelled)
  → 1HfTi3Se8-1  gap=1.544 eV  best=6.059 eV  top50=1  top10%=1
Cycle  50: GP refit  (59 labelled)
  → 1ZrTi3Se8-1  gap=1.563 eV  best=6.059 eV  top50=1  top10%=1
Cycle  51: full DKL retrain  (60 labelled)
GP warmup: 20 epochs on initial embeddings
Joint DKL training: 50 epochs
  Epoch 20/50  loss=-0.0302
  Epoch 40/50  loss=-0.1913
DKL training done in 0.5s
  → 1MoCu2Te4-1  gap=1.230 eV  best=6.059 eV  top50=1  top10%=1
Cycle  52: GP refit  (61 labelled)
  → 2IrNbS4-1  gap=1.253 eV  best=6.059 eV  top50=1  top10%=1
Cycle  53: GP refit  (62 labelled)
  → 1HfSeTe-2  gap=0.637 eV  best=6.059 eV  top50=1  top10%=1
Cycle  54: GP refit  (63 labelled)
  → 1CrSeTe-1  gap=0.994 eV  best=6.059 eV  top50=1  top10%=1
Cycle  55: GP refit  (64 labelled)
  → 2FeS2-1  gap=1.331 eV  best=6.059 eV  top50=1  top10%=1
Cycle  56: full DKL retrain  (65 labelled)
GP warmup: 20 epochs on initial embeddings
Joint DKL training: 50 epochs
  Epoch 20/50  loss=-0.3851
  Epoch 40/50  loss=-0.5365
DKL training done in 0.6s
  → 1HfSTe-2  gap=0.481 eV  best=6.059 eV  top50=1  top10%=1
Cycle  57: GP refit  (66 labelled)
  → 1WTe2-1  gap=1.141 eV  best=6.059 eV  top50=1  top10%=1
Cycle  58: GP refit  (67 labelled)
  → 1CrW3Te8-1  gap=0.937 eV  best=6.059 eV  top50=1  top10%=1
Cycle  59: GP refit  (68 labelled)
  → 1SnTe-1  gap=2.089 eV  best=6.059 eV  top50=1  top10%=1
Cycle  60: GP refit  (69 labelled)
  → 1WAu2Te4-1  gap=0.792 eV  best=6.059 eV  top50=1  top10%=1
Cycle  61: full DKL retrain  (70 labelled)
GP warmup: 20 epochs on initial embeddings
Joint DKL training: 50 epochs
  Epoch 20/50  loss=-0.3735
  Epoch 40/50  loss=-0.5523
DKL training done in 0.5s
  → 1WCr3Te8-1  gap=0.841 eV  best=6.059 eV  top50=1  top10%=1
Cycle  62: GP refit  (71 labelled)
  → 2MoWTe4-1  gap=1.279 eV  best=6.059 eV  top50=1  top10%=1
Cycle  63: GP refit  (72 labelled)
  → 2InTe-1  gap=1.812 eV  best=6.059 eV  top50=1  top10%=1
Cycle  64: GP refit  (73 labelled)
  → 1MoW3Te8-1  gap=1.220 eV  best=6.059 eV  top50=1  top10%=1
Cycle  65: GP refit  (74 labelled)
  → 1CrSTe-1  gap=0.820 eV  best=6.059 eV  top50=1  top10%=1
Cycle  66: full DKL retrain  (75 labelled)
GP warmup: 20 epochs on initial embeddings
Joint DKL training: 50 epochs
  Epoch 20/50  loss=-0.4764
  Epoch 40/50  loss=-0.6865
DKL training done in 0.6s
  → 1CrTe2-2  gap=0.869 eV  best=6.059 eV  top50=1  top10%=1
Cycle  67: GP refit  (76 labelled)
  → 1VTe2-1  gap=0.854 eV  best=6.059 eV  top50=1  top10%=1
Cycle  68: GP refit  (77 labelled)
  → 1PbSe2-1  gap=1.847 eV  best=6.059 eV  top50=1  top10%=1
Cycle  69: GP refit  (78 labelled)
  → 1CSiH2-1  gap=4.871 eV  best=6.059 eV  top50=1  top10%=1
Cycle  70: GP refit  (79 labelled)
  → 1MoCr3Te8-1  gap=0.893 eV  best=6.059 eV  top50=1  top10%=1
Cycle  71: full DKL retrain  (80 labelled)
GP warmup: 20 epochs on initial embeddings
Joint DKL training: 50 epochs
  Epoch 20/50  loss=0.6651
  Epoch 40/50  loss=-0.4910
DKL training done in 0.5s
  → 1STeW-1  gap=1.681 eV  best=6.059 eV  top50=1  top10%=1
Cycle  72: GP refit  (81 labelled)
  → 2NRbO3-1  gap=5.286 eV  best=6.059 eV  top50=1  top10%=2
Cycle  73: GP refit  (82 labelled)
  → 1ZrTe2-2  gap=0.836 eV  best=6.059 eV  top50=1  top10%=2
Cycle  74: GP refit  (83 labelled)
  → 2AuSe-1  gap=1.561 eV  best=6.059 eV  top50=1  top10%=2
Cycle  75: GP refit  (84 labelled)
  → 1ISbTe-2  gap=1.442 eV  best=6.059 eV  top50=1  top10%=2
Cycle  76: full DKL retrain  (85 labelled)
GP warmup: 20 epochs on initial embeddings
Joint DKL training: 50 epochs
  Epoch 20/50  loss=0.3919
  Epoch 40/50  loss=0.0522
DKL training done in 0.6s
  → 1BiClTe-2  gap=1.151 eV  best=6.059 eV  top50=1  top10%=2
Cycle  77: GP refit  (86 labelled)
  → 2BiIn-1  gap=0.138 eV  best=6.059 eV  top50=1  top10%=2
Cycle  78: GP refit  (87 labelled)
  → 1IIrTe-1  gap=1.821 eV  best=6.059 eV  top50=1  top10%=2
Cycle  79: GP refit  (88 labelled)
  → 2CrWTe4-1  gap=0.876 eV  best=6.059 eV  top50=1  top10%=2
Cycle  80: GP refit  (89 labelled)
  → 2CrMoTe4-1  gap=0.980 eV  best=6.059 eV  top50=1  top10%=2
Cycle  81: full DKL retrain  (90 labelled)
GP warmup: 20 epochs on initial embeddings
Joint DKL training: 50 epochs
  Epoch 20/50  loss=-0.2815
  Epoch 40/50  loss=-0.4172
DKL training done in 0.6s
  → 1CrMo3Te8-1  gap=1.105 eV  best=6.059 eV  top50=1  top10%=2
Cycle  82: GP refit  (91 labelled)
  → 2AgTe-3  gap=0.756 eV  best=6.059 eV  top50=1  top10%=2
Cycle  83: GP refit  (92 labelled)
  → 1HgTe-1  gap=0.279 eV  best=6.059 eV  top50=1  top10%=2
Cycle  84: GP refit  (93 labelled)
  → 1WMo3Te8-1  gap=1.326 eV  best=6.059 eV  top50=1  top10%=2
Cycle  85: GP refit  (94 labelled)
  → 1MoTe2-1  gap=1.370 eV  best=6.059 eV  top50=1  top10%=2
Cycle  86: full DKL retrain  (95 labelled)
GP warmup: 20 epochs on initial embeddings
Joint DKL training: 50 epochs
  Epoch 20/50  loss=-0.4229
  Epoch 40/50  loss=-0.6126
DKL training done in 0.5s
  → 2PdTeS3-1  gap=1.818 eV  best=6.059 eV  top50=1  top10%=2
Cycle  87: GP refit  (96 labelled)
  → 1PdSe2-2  gap=0.266 eV  best=6.059 eV  top50=1  top10%=2
Cycle  88: GP refit  (97 labelled)
  → 4AsPdTe-1  gap=0.967 eV  best=6.059 eV  top50=1  top10%=2
Cycle  89: GP refit  (98 labelled)
  → 2OsS2-1  gap=1.387 eV  best=6.059 eV  top50=1  top10%=2
Cycle  90: GP refit  (99 labelled)
  → 1BrCoTe-1  gap=1.810 eV  best=6.059 eV  top50=1  top10%=2
Cycle  91: full DKL retrain  (100 labelled)
GP warmup: 20 epochs on initial embeddings
Joint DKL training: 50 epochs
  Epoch 20/50  loss=-0.2560
  Epoch 40/50  loss=-0.5018
DKL training done in 0.9s
  → 4PPdS-1  gap=2.090 eV  best=6.059 eV  top50=1  top10%=2
Cycle  92: GP refit  (101 labelled)
  → 1NiPd3Se8-1  gap=0.702 eV  best=6.059 eV  top50=1  top10%=2
Cycle  93: GP refit  (102 labelled)
  → 1BiClTe-1  gap=1.198 eV  best=6.059 eV  top50=1  top10%=2
Cycle  94: GP refit  (103 labelled)
  → 2PbSe-1  gap=1.312 eV  best=6.059 eV  top50=1  top10%=2
Cycle  95: GP refit  (104 labelled)
  → 1HfZr3Te8-1  gap=0.766 eV  best=6.059 eV  top50=1  top10%=2
Cycle  96: full DKL retrain  (105 labelled)
GP warmup: 20 epochs on initial embeddings
Joint DKL training: 50 epochs
  Epoch 20/50  loss=-0.5939
  Epoch 40/50  loss=-0.7573
DKL training done in 0.6s
  → 2IrTaTe4-1  gap=0.119 eV  best=6.059 eV  top50=1  top10%=2
Cycle  97: GP refit  (106 labelled)
  → 1ZnI2-3  gap=1.644 eV  best=6.059 eV  top50=1  top10%=2
Cycle  98: GP refit  (107 labelled)
  → 2AuI-3  gap=1.592 eV  best=6.059 eV  top50=1  top10%=2
Cycle  99: GP refit  (108 labelled)
  → 2ClRhTe-1  gap=2.113 eV  best=6.059 eV  top50=1  top10%=2
Cycle 100: GP refit  (109 labelled)
  → 1WCu2Te4-1  gap=1.488 eV  best=6.059 eV  top50=1  top10%=2
  dkl_finetune/seed13 → best_inwin=0.702 top50=19
BOLoop: 766 materials  |  direction=max  |  top-50 internal threshold=5.35  top-10% internal threshold=4.94
Init: 10 random labels  |  best (max) = 5.379
Cycle   1: full DKL retrain  (10 labelled)
GP warmup: 20 epochs on initial embeddings
/home/roy/Desktop/DKL-BO/venv/lib/python3.13/site-packages/torch/_compile.py:54: UserWarning: optimizer contains a parameter group with duplicate parameters; in future, this will cause an error; see github.com/pytorch/pytorch/issues/40967 for more information
  return disable_fn(*args, **kwargs)
Joint DKL training: 50 epochs
  Epoch 20/50  loss=1.9828
  Epoch 40/50  loss=1.8487
DKL training done in 0.5s
  → 1TeNb3Br7-1  gap=1.436 eV  best=5.379 eV  top50=0  top10%=0
Cycle   2: GP refit  (11 labelled)
  → 1ClHfI-1  gap=1.295 eV  best=5.379 eV  top50=0  top10%=0
Cycle   3: GP refit  (12 labelled)
  → 1ClIZr-1  gap=1.317 eV  best=5.379 eV  top50=0  top10%=0
Cycle   4: GP refit  (13 labelled)
  → 1BrIZr-1  gap=1.174 eV  best=5.379 eV  top50=0  top10%=0
Cycle   5: GP refit  (14 labelled)
  → 1BrHfI-1  gap=1.157 eV  best=5.379 eV  top50=0  top10%=0
Cycle   6: full DKL retrain  (15 labelled)
GP warmup: 20 epochs on initial embeddings
Joint DKL training: 50 epochs
  Epoch 20/50  loss=1.3329
  Epoch 40/50  loss=0.4240
DKL training done in 0.6s
  → 2HfI2-1  gap=1.014 eV  best=5.379 eV  top50=0  top10%=0
Cycle   7: GP refit  (16 labelled)
  → 1HfI2-1  gap=1.022 eV  best=5.379 eV  top50=0  top10%=0
Cycle   8: GP refit  (17 labelled)
  → 1ZrI2-1  gap=1.038 eV  best=5.379 eV  top50=0  top10%=0
Cycle   9: GP refit  (18 labelled)
  → 1MoTe2-1  gap=1.370 eV  best=5.379 eV  top50=0  top10%=0
Cycle  10: GP refit  (19 labelled)
  → 1WTe2-1  gap=1.141 eV  best=5.379 eV  top50=0  top10%=0
Cycle  11: full DKL retrain  (20 labelled)
GP warmup: 20 epochs on initial embeddings
Joint DKL training: 50 epochs
  Epoch 20/50  loss=-0.1256
  Epoch 40/50  loss=-0.4551
DKL training done in 0.6s
  → 2TiZrTe4-1  gap=0.744 eV  best=5.379 eV  top50=0  top10%=0
Cycle  12: GP refit  (21 labelled)
  → 1ZrTi3Te8-1  gap=0.722 eV  best=5.379 eV  top50=0  top10%=0
Cycle  13: GP refit  (22 labelled)
  → 1HfTi3Te8-1  gap=0.724 eV  best=5.379 eV  top50=0  top10%=0
Cycle  14: GP refit  (23 labelled)
  → 2IrNbTe4-1  gap=0.033 eV  best=5.379 eV  top50=0  top10%=0
Cycle  15: GP refit  (24 labelled)
  → 1HfSSe-2  gap=1.645 eV  best=5.379 eV  top50=0  top10%=0
Cycle  16: full DKL retrain  (25 labelled)
GP warmup: 20 epochs on initial embeddings
Joint DKL training: 50 epochs
  Epoch 20/50  loss=-0.4443
  Epoch 40/50  loss=-0.6447
DKL training done in 0.6s
  → 2TeTi-4  gap=0.440 eV  best=5.379 eV  top50=0  top10%=0
Cycle  17: GP refit  (26 labelled)
  → 1TiSe2-2  gap=1.460 eV  best=5.379 eV  top50=0  top10%=0
Cycle  18: GP refit  (27 labelled)
  → 1SeTeTi-2  gap=0.600 eV  best=5.379 eV  top50=0  top10%=0
Cycle  19: GP refit  (28 labelled)
  → 1TeNb3I7-1  gap=1.241 eV  best=5.379 eV  top50=0  top10%=0
Cycle  20: GP refit  (29 labelled)
  → 1ZrTi3Se8-1  gap=1.563 eV  best=5.379 eV  top50=0  top10%=0
Cycle  21: full DKL retrain  (30 labelled)
GP warmup: 20 epochs on initial embeddings
Joint DKL training: 50 epochs
  Epoch 20/50  loss=-0.1618
  Epoch 40/50  loss=-0.2800
DKL training done in 0.4s
  → 1BrTeTi-1  gap=0.763 eV  best=5.379 eV  top50=0  top10%=0
Cycle  22: GP refit  (31 labelled)
  → 2CrNbTe5-1  gap=0.029 eV  best=5.379 eV  top50=0  top10%=0
Cycle  23: GP refit  (32 labelled)
  → 1STeZr-2  gap=0.672 eV  best=5.379 eV  top50=0  top10%=0
Cycle  24: GP refit  (33 labelled)
  → 1CrW3Te8-1  gap=0.937 eV  best=5.379 eV  top50=0  top10%=0
Cycle  25: GP refit  (34 labelled)
  → 1STeTi-2  gap=0.531 eV  best=5.379 eV  top50=0  top10%=0
Cycle  26: full DKL retrain  (35 labelled)
GP warmup: 20 epochs on initial embeddings
Joint DKL training: 50 epochs
  Epoch 20/50  loss=0.0239
  Epoch 40/50  loss=-0.1040
DKL training done in 0.5s
  → 1AgCrP2Te6-1  gap=1.137 eV  best=5.379 eV  top50=0  top10%=0
Cycle  27: GP refit  (36 labelled)
  → 2SeZr-4  gap=0.355 eV  best=5.379 eV  top50=0  top10%=0
Cycle  28: GP refit  (37 labelled)
  → 1CrMo3Te8-1  gap=1.105 eV  best=5.379 eV  top50=0  top10%=0
Cycle  29: GP refit  (38 labelled)
  → 1IrRuS2Br4-1  gap=0.554 eV  best=5.379 eV  top50=0  top10%=0
Cycle  30: GP refit  (39 labelled)
  → 2AgTe-3  gap=0.756 eV  best=5.379 eV  top50=0  top10%=0
Cycle  31: full DKL retrain  (40 labelled)
GP warmup: 20 epochs on initial embeddings
Joint DKL training: 50 epochs
  Epoch 20/50  loss=0.0736
  Epoch 40/50  loss=-0.1074
DKL training done in 0.5s
  → 2ZrBr2-1  gap=1.140 eV  best=5.379 eV  top50=0  top10%=0
Cycle  32: GP refit  (41 labelled)
  → 2AuTe-3  gap=0.078 eV  best=5.379 eV  top50=0  top10%=0
Cycle  33: GP refit  (42 labelled)
  → 1PtSeTe-1  gap=1.092 eV  best=5.379 eV  top50=0  top10%=0
Cycle  34: GP refit  (43 labelled)
  → 1HfSSe-1  gap=1.512 eV  best=5.379 eV  top50=0  top10%=0
Cycle  35: GP refit  (44 labelled)
  → 1ZrBr2-1  gap=1.276 eV  best=5.379 eV  top50=0  top10%=0
Cycle  36: full DKL retrain  (45 labelled)
GP warmup: 20 epochs on initial embeddings
Joint DKL training: 50 epochs
  Epoch 20/50  loss=-0.2268
  Epoch 40/50  loss=-0.3850
DKL training done in 0.5s
  → 2AgTe-2  gap=0.242 eV  best=5.379 eV  top50=0  top10%=0
Cycle  37: GP refit  (46 labelled)
  → 1PdZrI6-1  gap=1.341 eV  best=5.379 eV  top50=0  top10%=0
Cycle  38: GP refit  (47 labelled)
  → 1WCu2Te4-1  gap=1.488 eV  best=5.379 eV  top50=0  top10%=0
Cycle  39: GP refit  (48 labelled)
  → 2FRhTe-1  gap=2.115 eV  best=5.379 eV  top50=0  top10%=0
Cycle  40: GP refit  (49 labelled)
  → 2GaTe-1  gap=1.862 eV  best=5.379 eV  top50=0  top10%=0
Cycle  41: full DKL retrain  (50 labelled)
GP warmup: 20 epochs on initial embeddings
Joint DKL training: 50 epochs
  Epoch 20/50  loss=-0.0772
  Epoch 40/50  loss=-0.2297
DKL training done in 0.6s
  → 4AuI2-1  gap=0.880 eV  best=5.379 eV  top50=0  top10%=0
Cycle  42: GP refit  (51 labelled)
  → 2AuS-1  gap=2.010 eV  best=5.379 eV  top50=0  top10%=0
Cycle  43: GP refit  (52 labelled)
  → 2PbTe-3  gap=0.385 eV  best=5.379 eV  top50=0  top10%=0
Cycle  44: GP refit  (53 labelled)
  → 1BiITe-1  gap=0.929 eV  best=5.379 eV  top50=0  top10%=0
Cycle  45: GP refit  (54 labelled)
  → 2OsSe2-1  gap=1.389 eV  best=5.379 eV  top50=0  top10%=0
Cycle  46: full DKL retrain  (55 labelled)
GP warmup: 20 epochs on initial embeddings
Joint DKL training: 50 epochs
  Epoch 20/50  loss=-0.0567
  Epoch 40/50  loss=-0.2334
DKL training done in 0.5s
  → 2PbTe-1  gap=0.878 eV  best=5.379 eV  top50=0  top10%=0
Cycle  47: GP refit  (56 labelled)
  → 2AgI-2  gap=2.922 eV  best=5.379 eV  top50=0  top10%=0
Cycle  48: GP refit  (57 labelled)
  → 1BiBrTe-2  gap=1.162 eV  best=5.379 eV  top50=0  top10%=0
Cycle  49: GP refit  (58 labelled)
  → 1SnTe-1  gap=2.089 eV  best=5.379 eV  top50=0  top10%=0
Cycle  50: GP refit  (59 labelled)
  → 1BiClTe-2  gap=1.151 eV  best=5.379 eV  top50=0  top10%=0
Cycle  51: full DKL retrain  (60 labelled)
GP warmup: 20 epochs on initial embeddings
Joint DKL training: 50 epochs
  Epoch 20/50  loss=0.1425
  Epoch 40/50  loss=-0.0877
DKL training done in 0.5s
  → 1NiPd3Se8-1  gap=0.702 eV  best=5.379 eV  top50=0  top10%=0
Cycle  52: GP refit  (61 labelled)
  → 1MnNbSe4-1  gap=0.598 eV  best=5.379 eV  top50=0  top10%=0
Cycle  53: GP refit  (62 labelled)
  → 1WAu2Se4-1  gap=1.415 eV  best=5.379 eV  top50=0  top10%=0
Cycle  54: GP refit  (63 labelled)
  → 1MoOTe-1  gap=0.867 eV  best=5.379 eV  top50=0  top10%=0
Cycle  55: GP refit  (64 labelled)
  → 1PbSe2-1  gap=1.847 eV  best=5.379 eV  top50=0  top10%=0
Cycle  56: full DKL retrain  (65 labelled)
GP warmup: 20 epochs on initial embeddings
Joint DKL training: 50 epochs
  Epoch 20/50  loss=-0.3654
  Epoch 40/50  loss=-0.5127
DKL training done in 0.5s
  → 1HfSTe-2  gap=0.481 eV  best=5.379 eV  top50=0  top10%=0
Cycle  57: GP refit  (66 labelled)
  → 1HgTe-1  gap=0.279 eV  best=5.379 eV  top50=0  top10%=0
Cycle  58: GP refit  (67 labelled)
  → 1SeTeV-1  gap=0.831 eV  best=5.379 eV  top50=0  top10%=0
Cycle  59: GP refit  (68 labelled)
  → 1CoITe-1  gap=0.971 eV  best=5.379 eV  top50=0  top10%=0
Cycle  60: GP refit  (69 labelled)
  → 1SeTeW-1  gap=1.493 eV  best=5.379 eV  top50=0  top10%=0
Cycle  61: full DKL retrain  (70 labelled)
GP warmup: 20 epochs on initial embeddings
Joint DKL training: 50 epochs
  Epoch 20/50  loss=-0.4499
  Epoch 40/50  loss=-0.5934
DKL training done in 0.5s
  → 1ZrSe2-2  gap=1.684 eV  best=5.379 eV  top50=0  top10%=0
Cycle  62: GP refit  (71 labelled)
  → 1BiITe-2  gap=0.995 eV  best=5.379 eV  top50=0  top10%=0
Cycle  63: GP refit  (72 labelled)
  → 1HfSe2-2  gap=1.626 eV  best=5.379 eV  top50=0  top10%=0
Cycle  64: GP refit  (73 labelled)
  → 1BrCoTe-1  gap=1.810 eV  best=5.379 eV  top50=0  top10%=0
Cycle  65: GP refit  (74 labelled)
  → 1VTe2-1  gap=0.854 eV  best=5.379 eV  top50=0  top10%=0
Cycle  66: full DKL retrain  (75 labelled)
GP warmup: 20 epochs on initial embeddings
Joint DKL training: 50 epochs
  Epoch 20/50  loss=-0.3340
  Epoch 40/50  loss=-0.5117
DKL training done in 0.5s
  → 2AuBr-2  gap=1.222 eV  best=5.379 eV  top50=0  top10%=0
Cycle  67: GP refit  (76 labelled)
  → 1TiF2-1  gap=2.096 eV  best=5.379 eV  top50=0  top10%=0
Cycle  68: GP refit  (77 labelled)
  → 2TeTl-2  gap=0.681 eV  best=5.379 eV  top50=0  top10%=0
Cycle  69: GP refit  (78 labelled)
  → 2BiIn-1  gap=0.138 eV  best=5.379 eV  top50=0  top10%=0
Cycle  70: GP refit  (79 labelled)
  → 1STeW-1  gap=1.681 eV  best=5.379 eV  top50=0  top10%=0
Cycle  71: full DKL retrain  (80 labelled)
GP warmup: 20 epochs on initial embeddings
Joint DKL training: 50 epochs
  Epoch 20/50  loss=-0.2127
  Epoch 40/50  loss=-0.3640
DKL training done in 0.6s
  → 1HfMnI6-1  gap=2.788 eV  best=5.379 eV  top50=0  top10%=0
Cycle  72: GP refit  (81 labelled)
  → 2SNi2Se3-1  gap=0.440 eV  best=5.379 eV  top50=0  top10%=0
Cycle  73: GP refit  (82 labelled)
  → 1BrClNi-1  gap=3.508 eV  best=5.379 eV  top50=0  top10%=0
Cycle  74: GP refit  (83 labelled)
  → 3RuSCl2-1  gap=1.131 eV  best=5.379 eV  top50=0  top10%=0
Cycle  75: GP refit  (84 labelled)
  → 4AsPdSe-1  gap=1.283 eV  best=5.379 eV  top50=0  top10%=0
Cycle  76: full DKL retrain  (85 labelled)
GP warmup: 20 epochs on initial embeddings
Joint DKL training: 50 epochs
  Epoch 20/50  loss=0.1987
  Epoch 40/50  loss=-0.0198
DKL training done in 0.5s
  → 2FeSe2-1  gap=1.053 eV  best=5.379 eV  top50=0  top10%=0
Cycle  77: GP refit  (86 labelled)
  → 1PbTe-1  gap=1.500 eV  best=5.379 eV  top50=0  top10%=0
Cycle  78: GP refit  (87 labelled)
  → 4PPdSe-1  gap=1.963 eV  best=5.379 eV  top50=0  top10%=0
Cycle  79: GP refit  (88 labelled)
  → 2AuSe-1  gap=1.561 eV  best=5.379 eV  top50=0  top10%=0
Cycle  80: GP refit  (89 labelled)
  → 1BiBrTe-1  gap=1.159 eV  best=5.379 eV  top50=0  top10%=0
Cycle  81: full DKL retrain  (90 labelled)
GP warmup: 20 epochs on initial embeddings
Joint DKL training: 50 epochs
  Epoch 20/50  loss=-0.0899
  Epoch 40/50  loss=-0.2252
DKL training done in 0.6s
  → 2InTe-1  gap=1.812 eV  best=5.379 eV  top50=0  top10%=0
Cycle  82: GP refit  (91 labelled)
  → 2PdTeO3-2  gap=2.509 eV  best=5.379 eV  top50=0  top10%=0
Cycle  83: GP refit  (92 labelled)
  → 1ZrO2-3  gap=3.561 eV  best=5.379 eV  top50=0  top10%=0
Cycle  84: GP refit  (93 labelled)
  → 1SSeZr-1  gap=1.514 eV  best=5.379 eV  top50=0  top10%=0
Cycle  85: GP refit  (94 labelled)
  → 2CrWSe4-1  gap=1.203 eV  best=5.379 eV  top50=0  top10%=0
Cycle  86: full DKL retrain  (95 labelled)
GP warmup: 20 epochs on initial embeddings
Joint DKL training: 50 epochs
  Epoch 20/50  loss=0.0299
  Epoch 40/50  loss=-0.0999
DKL training done in 0.6s
  → 2TeV-4  gap=0.774 eV  best=5.379 eV  top50=0  top10%=0
Cycle  87: GP refit  (96 labelled)
  → 1OTeW-1  gap=1.209 eV  best=5.379 eV  top50=0  top10%=0
Cycle  88: GP refit  (97 labelled)
  → 1Se3Ni4S5-1  gap=0.610 eV  best=5.379 eV  top50=0  top10%=0
Cycle  89: GP refit  (98 labelled)
  → 1SeTeZr-2  gap=0.783 eV  best=5.379 eV  top50=0  top10%=0
Cycle  90: GP refit  (99 labelled)
  → 2AgSe-1  gap=1.179 eV  best=5.379 eV  top50=0  top10%=0
Cycle  91: full DKL retrain  (100 labelled)
GP warmup: 20 epochs on initial embeddings
Joint DKL training: 50 epochs
  Epoch 20/50  loss=-0.3281
  Epoch 40/50  loss=-0.4729
DKL training done in 0.5s
  → 2BrIrSe-2  gap=2.067 eV  best=5.379 eV  top50=0  top10%=0
Cycle  92: GP refit  (101 labelled)
  → 1PdSe2-2  gap=0.266 eV  best=5.379 eV  top50=0  top10%=0
Cycle  93: GP refit  (102 labelled)
  → 1CrS2-1  gap=1.351 eV  best=5.379 eV  top50=0  top10%=0
Cycle  94: GP refit  (103 labelled)
  → 2ClIrS-2  gap=2.204 eV  best=5.379 eV  top50=0  top10%=0
Cycle  95: GP refit  (104 labelled)
  → 2FIrS-2  gap=2.104 eV  best=5.379 eV  top50=0  top10%=0
Cycle  96: full DKL retrain  (105 labelled)
GP warmup: 20 epochs on initial embeddings
Joint DKL training: 50 epochs
  Epoch 20/50  loss=-0.2704
  Epoch 40/50  loss=-0.4084
DKL training done in 0.5s
  → 2AuCl-4  gap=0.777 eV  best=5.379 eV  top50=0  top10%=0
Cycle  97: GP refit  (106 labelled)
  → 4AsPdTe-1  gap=0.967 eV  best=5.379 eV  top50=0  top10%=0
Cycle  98: GP refit  (107 labelled)
  → 1MoSTe-2  gap=0.233 eV  best=5.379 eV  top50=0  top10%=0
Cycle  99: GP refit  (108 labelled)
  → 1IIrTe-1  gap=1.821 eV  best=5.379 eV  top50=0  top10%=0
Cycle 100: GP refit  (109 labelled)
  → 2BrClCr-1  gap=2.869 eV  best=5.379 eV  top50=0  top10%=0
  dkl_finetune/seed14 → best_inwin=0.702 top50=14
BOLoop: 766 materials  |  direction=max  |  top-50 internal threshold=5.35  top-10% internal threshold=4.94
Init: 10 random labels  |  best (max) = 4.226
Cycle   1: full DKL retrain  (10 labelled)
GP warmup: 20 epochs on initial embeddings
/home/roy/Desktop/DKL-BO/venv/lib/python3.13/site-packages/torch/_compile.py:54: UserWarning: optimizer contains a parameter group with duplicate parameters; in future, this will cause an error; see github.com/pytorch/pytorch/issues/40967 for more information
  return disable_fn(*args, **kwargs)
Joint DKL training: 50 epochs
  Epoch 20/50  loss=1.5554
  Epoch 40/50  loss=1.4543
DKL training done in 0.6s
  → 1OTa3Cl7-1  gap=1.569 eV  best=4.226 eV  top50=0  top10%=0
Cycle   2: GP refit  (11 labelled)
  → 1STa3Cl7-1  gap=1.643 eV  best=4.226 eV  top50=0  top10%=0
Cycle   3: GP refit  (12 labelled)
  → 1ZnCl2-3  gap=4.718 eV  best=4.718 eV  top50=0  top10%=0
Cycle   4: GP refit  (13 labelled)
  → 1SeTa3Cl7-1  gap=1.582 eV  best=4.718 eV  top50=0  top10%=0
Cycle   5: GP refit  (14 labelled)
  → 2FISr-1  gap=5.171 eV  best=5.171 eV  top50=0  top10%=1
Cycle   6: full DKL retrain  (15 labelled)
GP warmup: 20 epochs on initial embeddings
Joint DKL training: 50 epochs
  Epoch 20/50  loss=1.1376
  Epoch 40/50  loss=1.0163
DKL training done in 0.5s
  → 1TiZr3Te8-1  gap=0.793 eV  best=5.171 eV  top50=0  top10%=1
Cycle   7: GP refit  (16 labelled)
  → 2TiZrTe4-1  gap=0.744 eV  best=5.171 eV  top50=0  top10%=1
Cycle   8: GP refit  (17 labelled)
  → 1ZrTe2-2  gap=0.836 eV  best=5.171 eV  top50=0  top10%=1
Cycle   9: GP refit  (18 labelled)
  → 1HfZr3Te8-1  gap=0.766 eV  best=5.171 eV  top50=0  top10%=1
Cycle  10: GP refit  (19 labelled)
  → 2IrNbTe4-1  gap=0.033 eV  best=5.171 eV  top50=0  top10%=1
Cycle  11: full DKL retrain  (20 labelled)
GP warmup: 20 epochs on initial embeddings
Joint DKL training: 50 epochs
  Epoch 20/50  loss=1.1154
  Epoch 40/50  loss=0.0831
DKL training done in 0.5s
  → 2TeTi-4  gap=0.440 eV  best=5.171 eV  top50=0  top10%=1
Cycle  12: GP refit  (21 labelled)
  → 1AgAlP2Te6-1  gap=1.065 eV  best=5.171 eV  top50=0  top10%=1
Cycle  13: GP refit  (22 labelled)
  → 1HfSTe-2  gap=0.481 eV  best=5.171 eV  top50=0  top10%=1
Cycle  14: GP refit  (23 labelled)
  → 2TeZr-4  gap=0.652 eV  best=5.171 eV  top50=0  top10%=1
Cycle  15: GP refit  (24 labelled)
  → 1STeZr-2  gap=0.672 eV  best=5.171 eV  top50=0  top10%=1
Cycle  16: full DKL retrain  (25 labelled)
GP warmup: 20 epochs on initial embeddings
Joint DKL training: 50 epochs
  Epoch 20/50  loss=0.0377
  Epoch 40/50  loss=-0.4166
DKL training done in 0.5s
  → 1AgCrP2Te6-1  gap=1.137 eV  best=5.171 eV  top50=0  top10%=1
Cycle  17: GP refit  (26 labelled)
  → 1SeTeZr-2  gap=0.783 eV  best=5.171 eV  top50=0  top10%=1
Cycle  18: GP refit  (27 labelled)
  → 1BrSbTe-2  gap=1.819 eV  best=5.171 eV  top50=0  top10%=1
Cycle  19: GP refit  (28 labelled)
  → 1SSeZr-1  gap=1.514 eV  best=5.171 eV  top50=0  top10%=1
Cycle  20: GP refit  (29 labelled)
  → 2BrRhTe-1  gap=1.965 eV  best=5.171 eV  top50=0  top10%=1
Cycle  21: full DKL retrain  (30 labelled)
GP warmup: 20 epochs on initial embeddings
Joint DKL training: 50 epochs
  Epoch 20/50  loss=-0.3048
  Epoch 40/50  loss=-0.6058
DKL training done in 0.4s
  → 4AsPdTe-1  gap=0.967 eV  best=5.171 eV  top50=0  top10%=1
Cycle  22: GP refit  (31 labelled)
  → 1WTe2-1  gap=1.141 eV  best=5.171 eV  top50=0  top10%=1
Cycle  23: GP refit  (32 labelled)
  → 1SeTeW-1  gap=1.493 eV  best=5.171 eV  top50=0  top10%=1
Cycle  24: GP refit  (33 labelled)
  → 1SeTeTi-2  gap=0.600 eV  best=5.171 eV  top50=0  top10%=1
Cycle  25: GP refit  (34 labelled)
  → 1PbSe-1  gap=2.199 eV  best=5.171 eV  top50=0  top10%=1
Cycle  26: full DKL retrain  (35 labelled)
GP warmup: 20 epochs on initial embeddings
Joint DKL training: 50 epochs
  Epoch 20/50  loss=-0.1250
  Epoch 40/50  loss=-0.6500
DKL training done in 0.5s
  → 1BrTeTi-1  gap=0.763 eV  best=5.171 eV  top50=0  top10%=1
Cycle  27: GP refit  (36 labelled)
  → 1WMo3Te8-1  gap=1.326 eV  best=5.171 eV  top50=0  top10%=1
Cycle  28: GP refit  (37 labelled)
  → 2PbS-1  gap=1.806 eV  best=5.171 eV  top50=0  top10%=1
Cycle  29: GP refit  (38 labelled)
  → 1HfSSe-2  gap=1.645 eV  best=5.171 eV  top50=0  top10%=1
Cycle  30: GP refit  (39 labelled)
  → 2BrIrTe-2  gap=1.869 eV  best=5.171 eV  top50=0  top10%=1
Cycle  31: full DKL retrain  (40 labelled)
GP warmup: 20 epochs on initial embeddings
Joint DKL training: 50 epochs
  Epoch 20/50  loss=0.1040
  Epoch 40/50  loss=-0.5592
DKL training done in 0.5s
  → 2SeZr-4  gap=0.355 eV  best=5.171 eV  top50=0  top10%=1
Cycle  32: GP refit  (41 labelled)
  → 1ZrSe2-2  gap=1.684 eV  best=5.171 eV  top50=0  top10%=1
Cycle  33: GP refit  (42 labelled)
  → 1SeTeV-1  gap=0.831 eV  best=5.171 eV  top50=0  top10%=1
Cycle  34: GP refit  (43 labelled)
  → 1HfSe2-2  gap=1.626 eV  best=5.171 eV  top50=0  top10%=1
Cycle  35: GP refit  (44 labelled)
  → 2ClNbO2-1  gap=4.453 eV  best=5.171 eV  top50=0  top10%=1
Cycle  36: full DKL retrain  (45 labelled)
GP warmup: 20 epochs on initial embeddings
Joint DKL training: 50 epochs
  Epoch 20/50  loss=0.7697
  Epoch 40/50  loss=0.0153
DKL training done in 0.5s
  → 2CrNbTe5-1  gap=0.029 eV  best=5.171 eV  top50=0  top10%=1
Cycle  37: GP refit  (46 labelled)
  → 1WCu2Te4-1  gap=1.488 eV  best=5.171 eV  top50=0  top10%=1
Cycle  38: GP refit  (47 labelled)
  → 1MoW3Te8-1  gap=1.220 eV  best=5.171 eV  top50=0  top10%=1
Cycle  39: GP refit  (48 labelled)
  → 2PbTe-1  gap=0.878 eV  best=5.171 eV  top50=0  top10%=1
Cycle  40: GP refit  (49 labelled)
  → 1CrW3Te8-1  gap=0.937 eV  best=5.171 eV  top50=0  top10%=1
Cycle  41: full DKL retrain  (50 labelled)
GP warmup: 20 epochs on initial embeddings
Joint DKL training: 50 epochs
  Epoch 20/50  loss=0.2276
  Epoch 40/50  loss=-0.0319
DKL training done in 0.6s
  → 1FeBr2-3  gap=0.145 eV  best=5.171 eV  top50=0  top10%=1
Cycle  42: GP refit  (51 labelled)
  → 2AgCl-7  gap=3.462 eV  best=5.171 eV  top50=0  top10%=1
Cycle  43: GP refit  (52 labelled)
  → 2CrMoTe4-1  gap=0.980 eV  best=5.171 eV  top50=0  top10%=1
Cycle  44: GP refit  (53 labelled)
  → 1PtSeTe-1  gap=1.092 eV  best=5.171 eV  top50=0  top10%=1
Cycle  45: GP refit  (54 labelled)
  → 1WAu2Te4-1  gap=0.792 eV  best=5.171 eV  top50=0  top10%=1
Cycle  46: full DKL retrain  (55 labelled)
GP warmup: 20 epochs on initial embeddings
Joint DKL training: 50 epochs
  Epoch 20/50  loss=0.2304
  Epoch 40/50  loss=0.0853
DKL training done in 0.5s
  → 2PbTe-3  gap=0.385 eV  best=5.171 eV  top50=0  top10%=1
Cycle  47: GP refit  (56 labelled)
  → 1PbTe-1  gap=1.500 eV  best=5.171 eV  top50=0  top10%=1
Cycle  48: GP refit  (57 labelled)
  → 1MoAu2Te4-1  gap=0.677 eV  best=5.171 eV  top50=0  top10%=1
Cycle  49: GP refit  (58 labelled)
  → 1BiITe-2  gap=0.995 eV  best=5.171 eV  top50=0  top10%=1
Cycle  50: GP refit  (59 labelled)
  → 2InS-1  gap=2.431 eV  best=5.171 eV  top50=0  top10%=1
Cycle  51: full DKL retrain  (60 labelled)
GP warmup: 20 epochs on initial embeddings
Joint DKL training: 50 epochs
  Epoch 20/50  loss=-0.2198
  Epoch 40/50  loss=-0.4114
DKL training done in 0.5s
  → 2TeV-4  gap=0.774 eV  best=5.171 eV  top50=0  top10%=1
Cycle  52: GP refit  (61 labelled)
  → 1C2F2S2Zr3-1  gap=0.025 eV  best=5.171 eV  top50=0  top10%=1
Cycle  53: GP refit  (62 labelled)
  → 1TeTa3Br7-1  gap=1.397 eV  best=5.171 eV  top50=0  top10%=1
Cycle  54: GP refit  (63 labelled)
  → 4PPdSe-1  gap=1.963 eV  best=5.171 eV  top50=0  top10%=1
Cycle  55: GP refit  (64 labelled)
  → 2AuS-1  gap=2.010 eV  best=5.171 eV  top50=0  top10%=1
Cycle  56: full DKL retrain  (65 labelled)
GP warmup: 20 epochs on initial embeddings
Joint DKL training: 50 epochs
  Epoch 20/50  loss=-0.3673
  Epoch 40/50  loss=-0.5334
DKL training done in 0.6s
  → 1OScHf3N3Br4-1  gap=4.148 eV  best=5.171 eV  top50=0  top10%=1
Cycle  57: GP refit  (66 labelled)
  → 1MoCr3Te8-1  gap=0.893 eV  best=5.171 eV  top50=0  top10%=1
Cycle  58: GP refit  (67 labelled)
  → 1CrTe2-2  gap=0.869 eV  best=5.171 eV  top50=0  top10%=1
Cycle  59: GP refit  (68 labelled)
  → 1BiClTe-1  gap=1.198 eV  best=5.171 eV  top50=0  top10%=1
Cycle  60: GP refit  (69 labelled)
  → 1BiClTe-2  gap=1.151 eV  best=5.171 eV  top50=0  top10%=1
Cycle  61: full DKL retrain  (70 labelled)
GP warmup: 20 epochs on initial embeddings
Joint DKL training: 50 epochs
  Epoch 20/50  loss=0.0617
  Epoch 40/50  loss=-0.2408
DKL training done in 0.5s
  → 1SeTa3I7-1  gap=1.256 eV  best=5.171 eV  top50=0  top10%=1
Cycle  62: GP refit  (71 labelled)
  → 1TeTa3I7-1  gap=1.223 eV  best=5.171 eV  top50=0  top10%=1
Cycle  63: GP refit  (72 labelled)
  → 1FeZrCl6-1  gap=3.545 eV  best=5.171 eV  top50=0  top10%=1
Cycle  64: GP refit  (73 labelled)
  → 1C2O2Hf3-1  gap=0.917 eV  best=5.171 eV  top50=0  top10%=1
Cycle  65: GP refit  (74 labelled)
  → 1BiFTe-1  gap=1.179 eV  best=5.171 eV  top50=0  top10%=1
Cycle  66: full DKL retrain  (75 labelled)
GP warmup: 20 epochs on initial embeddings
Joint DKL training: 50 epochs
  Epoch 20/50  loss=-0.0515
  Epoch 40/50  loss=-0.2367
DKL training done in 0.6s
  → 2InTe-1  gap=1.812 eV  best=5.171 eV  top50=0  top10%=1
Cycle  67: GP refit  (76 labelled)
  → 2AgTe-3  gap=0.756 eV  best=5.171 eV  top50=0  top10%=1
Cycle  68: GP refit  (77 labelled)
  → 1BiBrTe-1  gap=1.159 eV  best=5.171 eV  top50=0  top10%=1
Cycle  69: GP refit  (78 labelled)
  → 2IrTaS4-1  gap=1.331 eV  best=5.171 eV  top50=0  top10%=1
Cycle  70: GP refit  (79 labelled)
  → 1BiBrTe-2  gap=1.162 eV  best=5.171 eV  top50=0  top10%=1
Cycle  71: full DKL retrain  (80 labelled)
GP warmup: 20 epochs on initial embeddings
Joint DKL training: 50 epochs
  Epoch 20/50  loss=-0.5029
  Epoch 40/50  loss=-0.7013
DKL training done in 0.6s
  → 1BiITe-1  gap=0.929 eV  best=5.171 eV  top50=0  top10%=1
Cycle  72: GP refit  (81 labelled)
  → 4TaS3-1  gap=0.823 eV  best=5.171 eV  top50=0  top10%=1
Cycle  73: GP refit  (82 labelled)
  → 2CrWTe4-1  gap=0.876 eV  best=5.171 eV  top50=0  top10%=1
Cycle  74: GP refit  (83 labelled)
  → 1STa3Br7-1  gap=1.510 eV  best=5.171 eV  top50=0  top10%=1
Cycle  75: GP refit  (84 labelled)
  → 1CrMo3Te8-1  gap=1.105 eV  best=5.171 eV  top50=0  top10%=1
Cycle  76: full DKL retrain  (85 labelled)
GP warmup: 20 epochs on initial embeddings
Joint DKL training: 50 epochs
  Epoch 20/50  loss=-0.5875
  Epoch 40/50  loss=-0.9306
DKL training done in 0.5s
  → 1CSiH2-1  gap=4.871 eV  best=5.171 eV  top50=0  top10%=1
Cycle  77: GP refit  (86 labelled)
  → 1C2O2Zr3-1  gap=0.961 eV  best=5.171 eV  top50=0  top10%=1
Cycle  78: GP refit  (87 labelled)
  → 1WCr3Te8-1  gap=0.841 eV  best=5.171 eV  top50=0  top10%=1
Cycle  79: GP refit  (88 labelled)
  → 2HKTe-1  gap=3.400 eV  best=5.171 eV  top50=0  top10%=1
Cycle  80: GP refit  (89 labelled)
  → 2BiIn-1  gap=0.138 eV  best=5.171 eV  top50=0  top10%=1
Cycle  81: full DKL retrain  (90 labelled)
GP warmup: 20 epochs on initial embeddings
Joint DKL training: 50 epochs
  Epoch 20/50  loss=-0.0442
  Epoch 40/50  loss=-0.3113
DKL training done in 0.6s
  → 2AlTe-1  gap=2.363 eV  best=5.171 eV  top50=0  top10%=1
Cycle  82: GP refit  (91 labelled)
  → 2NRbRuSF5-1  gap=2.622 eV  best=5.171 eV  top50=0  top10%=1
Cycle  83: GP refit  (92 labelled)
  → 2ClIn-5  gap=2.997 eV  best=5.171 eV  top50=0  top10%=1
Cycle  84: GP refit  (93 labelled)
  → 1YCl2-1  gap=0.999 eV  best=5.171 eV  top50=0  top10%=1
Cycle  85: GP refit  (94 labelled)
  → 2BrTl-3  gap=3.214 eV  best=5.171 eV  top50=0  top10%=1
Cycle  86: full DKL retrain  (95 labelled)
GP warmup: 20 epochs on initial embeddings
Joint DKL training: 50 epochs
  Epoch 20/50  loss=0.0401
  Epoch 40/50  loss=-0.1781
DKL training done in 0.5s
  → 1YI2-1  gap=0.544 eV  best=5.171 eV  top50=0  top10%=1
Cycle  87: GP refit  (96 labelled)
  → 1ClIY-1  gap=0.773 eV  best=5.171 eV  top50=0  top10%=1
Cycle  88: GP refit  (97 labelled)
  → 1YBr2-1  gap=0.901 eV  best=5.171 eV  top50=0  top10%=1
Cycle  89: GP refit  (98 labelled)
  → 2CRbO3-1  gap=2.673 eV  best=5.171 eV  top50=0  top10%=1
Cycle  90: GP refit  (99 labelled)
  → 2MoWTe4-1  gap=1.279 eV  best=5.171 eV  top50=0  top10%=1
Cycle  91: full DKL retrain  (100 labelled)
GP warmup: 20 epochs on initial embeddings
Joint DKL training: 50 epochs
  Epoch 20/50  loss=-0.6666
  Epoch 40/50  loss=-0.8707
DKL training done in 0.6s
  → 1HfI2-1  gap=1.022 eV  best=5.171 eV  top50=0  top10%=1
Cycle  92: GP refit  (101 labelled)
  → 2HfI2-1  gap=1.014 eV  best=5.171 eV  top50=0  top10%=1
Cycle  93: GP refit  (102 labelled)
  → 1ZrI2-1  gap=1.038 eV  best=5.171 eV  top50=0  top10%=1
Cycle  94: GP refit  (103 labelled)
  → 2AuI-3  gap=1.592 eV  best=5.171 eV  top50=0  top10%=1
Cycle  95: GP refit  (104 labelled)
  → 2ZrI2-1  gap=0.889 eV  best=5.171 eV  top50=0  top10%=1
Cycle  96: full DKL retrain  (105 labelled)
GP warmup: 20 epochs on initial embeddings
Joint DKL training: 50 epochs
  Epoch 20/50  loss=-0.9770
  Epoch 40/50  loss=-1.1727
DKL training done in 0.5s
  → 2AuTe-3  gap=0.078 eV  best=5.171 eV  top50=0  top10%=1
Cycle  97: GP refit  (106 labelled)
  → 1WAg2Te4-1  gap=1.318 eV  best=5.171 eV  top50=0  top10%=1
Cycle  98: GP refit  (107 labelled)
  → 1CrS2-1  gap=1.351 eV  best=5.171 eV  top50=0  top10%=1
Cycle  99: GP refit  (108 labelled)
  → 1IrRuS2Br4-1  gap=0.554 eV  best=5.171 eV  top50=0  top10%=1
Cycle 100: GP refit  (109 labelled)
  → 2RhTaS4-1  gap=1.231 eV  best=5.171 eV  top50=0  top10%=1
  dkl_finetune/seed15 → best_inwin=0.744 top50=19
BOLoop: 766 materials  |  direction=max  |  top-50 internal threshold=5.35  top-10% internal threshold=4.94
Init: 10 random labels  |  best (max) = 4.219
Cycle   1: full DKL retrain  (10 labelled)
GP warmup: 20 epochs on initial embeddings
/home/roy/Desktop/DKL-BO/venv/lib/python3.13/site-packages/torch/_compile.py:54: UserWarning: optimizer contains a parameter group with duplicate parameters; in future, this will cause an error; see github.com/pytorch/pytorch/issues/40967 for more information
  return disable_fn(*args, **kwargs)
Joint DKL training: 50 epochs
  Epoch 20/50  loss=1.5216
  Epoch 40/50  loss=1.3896
DKL training done in 0.5s
  → 1CrMo3Te8-1  gap=1.105 eV  best=4.219 eV  top50=0  top10%=0
Cycle   2: GP refit  (11 labelled)
  → 4SSn-1  gap=2.426 eV  best=4.219 eV  top50=0  top10%=0
Cycle   3: GP refit  (12 labelled)
  → 1ZrSe2-2  gap=1.684 eV  best=4.219 eV  top50=0  top10%=0
Cycle   4: GP refit  (13 labelled)
  → 2RuSe2-1  gap=1.595 eV  best=4.219 eV  top50=0  top10%=0
Cycle   5: GP refit  (14 labelled)
  → 1AgInP2S6-1  gap=2.365 eV  best=4.219 eV  top50=0  top10%=0
Cycle   6: full DKL retrain  (15 labelled)
GP warmup: 20 epochs on initial embeddings
Joint DKL training: 50 epochs
  Epoch 20/50  loss=0.2449
  Epoch 40/50  loss=0.0847
DKL training done in 0.5s
  → 1WMo3Te8-1  gap=1.326 eV  best=4.219 eV  top50=0  top10%=0
Cycle   7: GP refit  (16 labelled)
  → 1STeZr-2  gap=0.672 eV  best=4.219 eV  top50=0  top10%=0
Cycle   8: GP refit  (17 labelled)
  → 2MoWTe4-1  gap=1.279 eV  best=4.219 eV  top50=0  top10%=0
Cycle   9: GP refit  (18 labelled)
  → 1MoTe2-1  gap=1.370 eV  best=4.219 eV  top50=0  top10%=0
Cycle  10: GP refit  (19 labelled)
  → 1HfSeTe-2  gap=0.637 eV  best=4.219 eV  top50=0  top10%=0
Cycle  11: full DKL retrain  (20 labelled)
GP warmup: 20 epochs on initial embeddings
Joint DKL training: 50 epochs
  Epoch 20/50  loss=0.2600
  Epoch 40/50  loss=-0.0969
DKL training done in 0.6s
  → 2CrWTe4-1  gap=0.876 eV  best=4.219 eV  top50=0  top10%=0
Cycle  12: GP refit  (21 labelled)
  → 1MoCr3Te8-1  gap=0.893 eV  best=4.219 eV  top50=0  top10%=0
Cycle  13: GP refit  (22 labelled)
  → 1WCr3Te8-1  gap=0.841 eV  best=4.219 eV  top50=0  top10%=0
Cycle  14: GP refit  (23 labelled)
  → 1AsBrTe-2  gap=1.662 eV  best=4.219 eV  top50=0  top10%=0
Cycle  15: GP refit  (24 labelled)
  → 1WTe2-1  gap=1.141 eV  best=4.219 eV  top50=0  top10%=0
Cycle  16: full DKL retrain  (25 labelled)
GP warmup: 20 epochs on initial embeddings
Joint DKL training: 50 epochs
  Epoch 20/50  loss=-0.6206
  Epoch 40/50  loss=-0.7369
DKL training done in 0.7s
  → 1SeTeV-1  gap=0.831 eV  best=4.219 eV  top50=0  top10%=0
Cycle  17: GP refit  (26 labelled)
  → 2TeTi-4  gap=0.440 eV  best=4.219 eV  top50=0  top10%=0
Cycle  18: GP refit  (27 labelled)
  → 1PtSeTe-1  gap=1.092 eV  best=4.219 eV  top50=0  top10%=0
Cycle  19: GP refit  (28 labelled)
  → 2CrMoTe4-1  gap=0.980 eV  best=4.219 eV  top50=0  top10%=0
Cycle  20: GP refit  (29 labelled)
  → 1CrSTe-1  gap=0.820 eV  best=4.219 eV  top50=0  top10%=0
Cycle  21: full DKL retrain  (30 labelled)
GP warmup: 20 epochs on initial embeddings
Joint DKL training: 50 epochs
  Epoch 20/50  loss=-0.5245
  Epoch 40/50  loss=-0.8723
DKL training done in 0.5s
  → 1STeTi-2  gap=0.531 eV  best=4.219 eV  top50=0  top10%=0
Cycle  22: GP refit  (31 labelled)
  → 1SeTeTi-2  gap=0.600 eV  best=4.219 eV  top50=0  top10%=0
Cycle  23: GP refit  (32 labelled)
  → 1CrSeTe-1  gap=0.994 eV  best=4.219 eV  top50=0  top10%=0
Cycle  24: GP refit  (33 labelled)
  → 1BiFTe-1  gap=1.179 eV  best=4.219 eV  top50=0  top10%=0
Cycle  25: GP refit  (34 labelled)
  → 1BrTeTi-1  gap=0.763 eV  best=4.219 eV  top50=0  top10%=0
Cycle  26: full DKL retrain  (35 labelled)
GP warmup: 20 epochs on initial embeddings
Joint DKL training: 50 epochs
  Epoch 20/50  loss=-0.7760
  Epoch 40/50  loss=-0.9286
DKL training done in 0.4s
  → 4AsPdTe-1  gap=0.967 eV  best=4.219 eV  top50=0  top10%=0
Cycle  27: GP refit  (36 labelled)
  → 1BiBrTe-1  gap=1.159 eV  best=4.219 eV  top50=0  top10%=0
Cycle  28: GP refit  (37 labelled)
  → 1BiBrTe-2  gap=1.162 eV  best=4.219 eV  top50=0  top10%=0
Cycle  29: GP refit  (38 labelled)
  → 1BrCuGeTe-1  gap=1.540 eV  best=4.219 eV  top50=0  top10%=0
Cycle  30: GP refit  (39 labelled)
  → 2InSe-1  gap=2.055 eV  best=4.219 eV  top50=0  top10%=0
Cycle  31: full DKL retrain  (40 labelled)
GP warmup: 20 epochs on initial embeddings
Joint DKL training: 50 epochs
  Epoch 20/50  loss=-0.6718
  Epoch 40/50  loss=-0.8720
DKL training done in 0.6s
  → 1STeIn2-1  gap=1.141 eV  best=4.219 eV  top50=0  top10%=0
Cycle  32: GP refit  (41 labelled)
  → 1MoCu2Te4-1  gap=1.230 eV  best=4.219 eV  top50=0  top10%=0
Cycle  33: GP refit  (42 labelled)
  → 1AgCrP2Te6-1  gap=1.137 eV  best=4.219 eV  top50=0  top10%=0
Cycle  34: GP refit  (43 labelled)
  → 1TiS2-2  gap=2.015 eV  best=4.219 eV  top50=0  top10%=0
Cycle  35: GP refit  (44 labelled)
  → 1AgAlP2Te6-1  gap=1.065 eV  best=4.219 eV  top50=0  top10%=0
Cycle  36: full DKL retrain  (45 labelled)
GP warmup: 20 epochs on initial embeddings
Joint DKL training: 50 epochs
  Epoch 20/50  loss=-0.5375
  Epoch 40/50  loss=-0.8116
DKL training done in 0.5s
  → 2IrNbTe4-1  gap=0.033 eV  best=4.219 eV  top50=0  top10%=0
Cycle  37: GP refit  (46 labelled)
  → 2TeTl-2  gap=0.681 eV  best=4.219 eV  top50=0  top10%=0
Cycle  38: GP refit  (47 labelled)
  → 2InTe-1  gap=1.812 eV  best=4.219 eV  top50=0  top10%=0
Cycle  39: GP refit  (48 labelled)
  → 2PdTeS3-1  gap=1.818 eV  best=4.219 eV  top50=0  top10%=0
Cycle  40: GP refit  (49 labelled)
  → 1WCu2Te4-1  gap=1.488 eV  best=4.219 eV  top50=0  top10%=0
Cycle  41: full DKL retrain  (50 labelled)
GP warmup: 20 epochs on initial embeddings
Joint DKL training: 50 epochs
  Epoch 20/50  loss=-0.2724
  Epoch 40/50  loss=-0.5625
DKL training done in 0.6s
  → 2AlTe-1  gap=2.363 eV  best=4.219 eV  top50=0  top10%=0
Cycle  42: GP refit  (51 labelled)
  → 1IIrTe-1  gap=1.821 eV  best=4.219 eV  top50=0  top10%=0
Cycle  43: GP refit  (52 labelled)
  → 2BrIrTe-2  gap=1.869 eV  best=4.219 eV  top50=0  top10%=0
Cycle  44: GP refit  (53 labelled)
  → 1MoW3Te8-1  gap=1.220 eV  best=4.219 eV  top50=0  top10%=0
Cycle  45: GP refit  (54 labelled)
  → 2PbTe-1  gap=0.878 eV  best=4.219 eV  top50=0  top10%=0
Cycle  46: full DKL retrain  (55 labelled)
GP warmup: 20 epochs on initial embeddings
Joint DKL training: 50 epochs
  Epoch 20/50  loss=-0.2928
  Epoch 40/50  loss=-0.4677
DKL training done in 0.6s
  → 2FeTe2-1  gap=0.581 eV  best=4.219 eV  top50=0  top10%=0
Cycle  47: GP refit  (56 labelled)
  → 1GeTe-1  gap=1.994 eV  best=4.219 eV  top50=0  top10%=0
Cycle  48: GP refit  (57 labelled)
  → 2PdTeO3-2  gap=2.509 eV  best=4.219 eV  top50=0  top10%=0
Cycle  49: GP refit  (58 labelled)
  → 2V2O5-3  gap=3.877 eV  best=4.219 eV  top50=0  top10%=0
Cycle  50: GP refit  (59 labelled)
  → 1BiITe-2  gap=0.995 eV  best=4.219 eV  top50=0  top10%=0
Cycle  51: full DKL retrain  (60 labelled)
GP warmup: 20 epochs on initial embeddings
Joint DKL training: 50 epochs
  Epoch 20/50  loss=0.0231
  Epoch 40/50  loss=-0.3663
DKL training done in 0.5s
  → 2TeZr-4  gap=0.652 eV  best=4.219 eV  top50=0  top10%=0
Cycle  52: GP refit  (61 labelled)
  → 2SV-4  gap=0.642 eV  best=4.219 eV  top50=0  top10%=0
Cycle  53: GP refit  (62 labelled)
  → 1STeW-2  gap=0.205 eV  best=4.219 eV  top50=0  top10%=0
Cycle  54: GP refit  (63 labelled)
  → 1VSe2-1  gap=0.977 eV  best=4.219 eV  top50=0  top10%=0
Cycle  55: GP refit  (64 labelled)
  → 1STeW-1  gap=1.681 eV  best=4.219 eV  top50=0  top10%=0
Cycle  56: full DKL retrain  (65 labelled)
GP warmup: 20 epochs on initial embeddings
Joint DKL training: 50 epochs
  Epoch 20/50  loss=-0.1619
  Epoch 40/50  loss=-0.2756
DKL training done in 0.5s
  → 1MoSTe-2  gap=0.233 eV  best=4.219 eV  top50=0  top10%=0
Cycle  57: GP refit  (66 labelled)
  → 2SeTl-2  gap=0.891 eV  best=4.219 eV  top50=0  top10%=0
Cycle  58: GP refit  (67 labelled)
  → 1BiClTe-2  gap=1.151 eV  best=4.219 eV  top50=0  top10%=0
Cycle  59: GP refit  (68 labelled)
  → 4OBi2Se2-1  gap=1.736 eV  best=4.219 eV  top50=0  top10%=0
Cycle  60: GP refit  (69 labelled)
  → 1SeBi2S2-1  gap=0.923 eV  best=4.219 eV  top50=0  top10%=0
Cycle  61: full DKL retrain  (70 labelled)
GP warmup: 20 epochs on initial embeddings
Joint DKL training: 50 epochs
  Epoch 20/50  loss=-0.1372
  Epoch 40/50  loss=-0.2358
DKL training done in 0.5s
  → 2STl-2  gap=1.159 eV  best=4.219 eV  top50=0  top10%=0
Cycle  62: GP refit  (71 labelled)
  → 1MoSTe-1  gap=1.585 eV  best=4.219 eV  top50=0  top10%=0
Cycle  63: GP refit  (72 labelled)
  → 1ClCrTe-1  gap=1.108 eV  best=4.219 eV  top50=0  top10%=0
Cycle  64: GP refit  (73 labelled)
  → 1BiClTe-1  gap=1.198 eV  best=4.219 eV  top50=0  top10%=0
Cycle  65: GP refit  (74 labelled)
  → 2BiIn-1  gap=0.138 eV  best=4.219 eV  top50=0  top10%=0
Cycle  66: full DKL retrain  (75 labelled)
GP warmup: 20 epochs on initial embeddings
Joint DKL training: 50 epochs
  Epoch 20/50  loss=-0.2006
  Epoch 40/50  loss=-0.3455
DKL training done in 0.5s
  → 2TeV-4  gap=0.774 eV  best=4.219 eV  top50=0  top10%=0
Cycle  67: GP refit  (76 labelled)
  → 1BiITe-1  gap=0.929 eV  best=4.219 eV  top50=0  top10%=0
Cycle  68: GP refit  (77 labelled)
  → 1VTe2-1  gap=0.854 eV  best=4.219 eV  top50=0  top10%=0
Cycle  69: GP refit  (78 labelled)
  → 1BiBrS-2  gap=1.980 eV  best=4.219 eV  top50=0  top10%=0
Cycle  70: GP refit  (79 labelled)
  → 1SeTeW-1  gap=1.493 eV  best=4.219 eV  top50=0  top10%=0
Cycle  71: full DKL retrain  (80 labelled)
GP warmup: 20 epochs on initial embeddings
Joint DKL training: 50 epochs
  Epoch 20/50  loss=-0.3735
  Epoch 40/50  loss=-0.5349
DKL training done in 0.6s
  → 1ZrTe2-2  gap=0.836 eV  best=4.219 eV  top50=0  top10%=0
Cycle  72: GP refit  (81 labelled)
  → 1HfSSe-2  gap=1.645 eV  best=4.219 eV  top50=0  top10%=0
Cycle  73: GP refit  (82 labelled)
  → 1InP-1  gap=1.774 eV  best=4.219 eV  top50=0  top10%=0
Cycle  74: GP refit  (83 labelled)
  → 2AsITe-1  gap=0.417 eV  best=4.219 eV  top50=0  top10%=0
Cycle  75: GP refit  (84 labelled)
  → 1HfSe2-2  gap=1.626 eV  best=4.219 eV  top50=0  top10%=0
Cycle  76: full DKL retrain  (85 labelled)
GP warmup: 20 epochs on initial embeddings
Joint DKL training: 50 epochs
  Epoch 20/50  loss=-0.5067
  Epoch 40/50  loss=-0.6699
DKL training done in 0.5s
  → 2BaBi2S4-1  gap=2.313 eV  best=4.219 eV  top50=0  top10%=0
Cycle  77: GP refit  (86 labelled)
  → 2PbS-3  gap=0.673 eV  best=4.219 eV  top50=0  top10%=0
Cycle  78: GP refit  (87 labelled)
  → 2ITl-3  gap=2.762 eV  best=4.219 eV  top50=0  top10%=0
Cycle  79: GP refit  (88 labelled)
  → 1WAu2Te4-1  gap=0.792 eV  best=4.219 eV  top50=0  top10%=0
Cycle  80: GP refit  (89 labelled)
  → 1MoAu2Te4-1  gap=0.677 eV  best=4.219 eV  top50=0  top10%=0
Cycle  81: full DKL retrain  (90 labelled)
GP warmup: 20 epochs on initial embeddings
Joint DKL training: 50 epochs
  Epoch 20/50  loss=-0.2381
  Epoch 40/50  loss=-0.4208
DKL training done in 0.5s
  → 2AuTe-3  gap=0.078 eV  best=4.219 eV  top50=0  top10%=0
Cycle  82: GP refit  (91 labelled)
  → 1PbTe-1  gap=1.500 eV  best=4.219 eV  top50=0  top10%=0
Cycle  83: GP refit  (92 labelled)
  → 1BrCoTe-1  gap=1.810 eV  best=4.219 eV  top50=0  top10%=0
Cycle  84: GP refit  (93 labelled)
  → 1MoOTe-1  gap=0.867 eV  best=4.219 eV  top50=0  top10%=0
Cycle  85: GP refit  (94 labelled)
  → 1AsITe-1  gap=1.502 eV  best=4.219 eV  top50=0  top10%=0
Cycle  86: full DKL retrain  (95 labelled)
GP warmup: 20 epochs on initial embeddings
Joint DKL training: 50 epochs
  Epoch 20/50  loss=-0.6346
  Epoch 40/50  loss=-0.8084
DKL training done in 0.6s
  → 2AuSe-1  gap=1.561 eV  best=4.219 eV  top50=0  top10%=0
Cycle  87: GP refit  (96 labelled)
  → 1PbS2-1  gap=2.299 eV  best=4.219 eV  top50=0  top10%=0
Cycle  88: GP refit  (97 labelled)
  → 1AsBrTe-1  gap=1.839 eV  best=4.219 eV  top50=0  top10%=0
Cycle  89: GP refit  (98 labelled)
  → 2PtTeS3-1  gap=1.731 eV  best=4.219 eV  top50=0  top10%=0
Cycle  90: GP refit  (99 labelled)
  → 1AsClTe-1  gap=2.147 eV  best=4.219 eV  top50=0  top10%=0
Cycle  91: full DKL retrain  (100 labelled)
GP warmup: 20 epochs on initial embeddings
Joint DKL training: 50 epochs
  Epoch 20/50  loss=-0.4491
  Epoch 40/50  loss=-0.6455
DKL training done in 0.5s
  → 1HfZr3Te8-1  gap=0.766 eV  best=4.219 eV  top50=0  top10%=0
Cycle  92: GP refit  (101 labelled)
  → 4TiSe2-1  gap=0.036 eV  best=4.219 eV  top50=0  top10%=0
Cycle  93: GP refit  (102 labelled)
  → 1ZrTi3Se8-1  gap=1.563 eV  best=4.219 eV  top50=0  top10%=0
Cycle  94: GP refit  (103 labelled)
  → 2As2S3-4  gap=3.247 eV  best=4.219 eV  top50=0  top10%=0
Cycle  95: GP refit  (104 labelled)
  → 1GaInTe2-1  gap=1.532 eV  best=4.219 eV  top50=0  top10%=0
Cycle  96: full DKL retrain  (105 labelled)
GP warmup: 20 epochs on initial embeddings
Joint DKL training: 50 epochs
  Epoch 20/50  loss=-0.2865
  Epoch 40/50  loss=-0.4536
DKL training done in 0.6s
  → 2OsSe2-1  gap=1.389 eV  best=4.219 eV  top50=0  top10%=0
Cycle  97: GP refit  (106 labelled)
  → 1TiSe2-2  gap=1.460 eV  best=4.219 eV  top50=0  top10%=0
Cycle  98: GP refit  (107 labelled)
  → 1HfTi3Se8-1  gap=1.544 eV  best=4.219 eV  top50=0  top10%=0
Cycle  99: GP refit  (108 labelled)
  → 1HfSSe-1  gap=1.512 eV  best=4.219 eV  top50=0  top10%=0
Cycle 100: GP refit  (109 labelled)
  → 1TeNb3Br7-1  gap=1.436 eV  best=4.219 eV  top50=0  top10%=0
  dkl_finetune/seed16 → best_inwin=0.763 top50=14
BOLoop: 766 materials  |  direction=max  |  top-50 internal threshold=5.35  top-10% internal threshold=4.94
Init: 10 random labels  |  best (max) = 6.099
Cycle   1: full DKL retrain  (10 labelled)
GP warmup: 20 epochs on initial embeddings
/home/roy/Desktop/DKL-BO/venv/lib/python3.13/site-packages/torch/_compile.py:54: UserWarning: optimizer contains a parameter group with duplicate parameters; in future, this will cause an error; see github.com/pytorch/pytorch/issues/40967 for more information
  return disable_fn(*args, **kwargs)
Joint DKL training: 50 epochs
  Epoch 20/50  loss=2.3182
  Epoch 40/50  loss=2.1244
DKL training done in 0.5s
  → 1Ta3I8-1  gap=0.694 eV  best=6.099 eV  top50=0  top10%=0
Cycle   2: GP refit  (11 labelled)
  → 1SNb3I7-1  gap=1.235 eV  best=6.099 eV  top50=0  top10%=0
Cycle   3: GP refit  (12 labelled)
  → 1Nb3I8-1  gap=0.824 eV  best=6.099 eV  top50=0  top10%=0
Cycle   4: GP refit  (13 labelled)
  → 1ONb3I7-1  gap=0.952 eV  best=6.099 eV  top50=0  top10%=0
Cycle   5: GP refit  (14 labelled)
  → 2HfI2-1  gap=1.014 eV  best=6.099 eV  top50=0  top10%=0
Cycle   6: full DKL retrain  (15 labelled)
GP warmup: 20 epochs on initial embeddings
Joint DKL training: 50 epochs
  Epoch 20/50  loss=0.4728
  Epoch 40/50  loss=0.3129
DKL training done in 0.5s
  → 1HfI2-1  gap=1.022 eV  best=6.099 eV  top50=0  top10%=0
Cycle   7: GP refit  (16 labelled)
  → 1TiI2-2  gap=0.828 eV  best=6.099 eV  top50=0  top10%=0
Cycle   8: GP refit  (17 labelled)
  → 2RuTe2-1  gap=1.071 eV  best=6.099 eV  top50=0  top10%=0
Cycle   9: GP refit  (18 labelled)
  → 1CoITe-1  gap=0.971 eV  best=6.099 eV  top50=0  top10%=0
Cycle  10: GP refit  (19 labelled)
  → 1VTe2-1  gap=0.854 eV  best=6.099 eV  top50=0  top10%=0
Cycle  11: full DKL retrain  (20 labelled)
GP warmup: 20 epochs on initial embeddings
Joint DKL training: 50 epochs
  Epoch 20/50  loss=0.2602
  Epoch 40/50  loss=-0.1234
DKL training done in 0.5s
  → 2IrTaTe4-1  gap=0.119 eV  best=6.099 eV  top50=0  top10%=0
Cycle  12: GP refit  (21 labelled)
  → 1SeTeV-1  gap=0.831 eV  best=6.099 eV  top50=0  top10%=0
Cycle  13: GP refit  (22 labelled)
  → 1ZrI2-1  gap=1.038 eV  best=6.099 eV  top50=0  top10%=0
Cycle  14: GP refit  (23 labelled)
  → 2ZrI2-1  gap=0.889 eV  best=6.099 eV  top50=0  top10%=0
Cycle  15: GP refit  (24 labelled)
  → 2IRhSe-1  gap=1.725 eV  best=6.099 eV  top50=0  top10%=0
Cycle  16: full DKL retrain  (25 labelled)
GP warmup: 20 epochs on initial embeddings
Joint DKL training: 50 epochs
  Epoch 20/50  loss=0.1548
  Epoch 40/50  loss=0.0011
DKL training done in 0.6s
  → 1SeTeTi-2  gap=0.600 eV  best=6.099 eV  top50=0  top10%=0
Cycle  17: GP refit  (26 labelled)
  → 1SeTeW-1  gap=1.493 eV  best=6.099 eV  top50=0  top10%=0
Cycle  18: GP refit  (27 labelled)
  → 2BrIrTe-2  gap=1.869 eV  best=6.099 eV  top50=0  top10%=0
Cycle  19: GP refit  (28 labelled)
  → 2IIrS-2  gap=1.749 eV  best=6.099 eV  top50=0  top10%=0
Cycle  20: GP refit  (29 labelled)
  → 1SeTeZr-2  gap=0.783 eV  best=6.099 eV  top50=0  top10%=0
Cycle  21: full DKL retrain  (30 labelled)
GP warmup: 20 epochs on initial embeddings
Joint DKL training: 50 epochs
  Epoch 20/50  loss=0.0664
  Epoch 40/50  loss=-0.0821
DKL training done in 0.4s
  → 1ZrSe2-2  gap=1.684 eV  best=6.099 eV  top50=0  top10%=0
Cycle  22: GP refit  (31 labelled)
  → 1STeTi-2  gap=0.531 eV  best=6.099 eV  top50=0  top10%=0
Cycle  23: GP refit  (32 labelled)
  → 1HfSe2-2  gap=1.626 eV  best=6.099 eV  top50=0  top10%=0
Cycle  24: GP refit  (33 labelled)
  → 1IIrTe-1  gap=1.821 eV  best=6.099 eV  top50=0  top10%=0
Cycle  25: GP refit  (34 labelled)
  → 1BrTeTi-1  gap=0.763 eV  best=6.099 eV  top50=0  top10%=0
Cycle  26: full DKL retrain  (35 labelled)
GP warmup: 20 epochs on initial embeddings
Joint DKL training: 50 epochs
  Epoch 20/50  loss=0.0575
  Epoch 40/50  loss=-0.0798
DKL training done in 0.5s
  → 2NbOI2-1  gap=1.845 eV  best=6.099 eV  top50=0  top10%=0
Cycle  27: GP refit  (36 labelled)
  → 2CrWTe4-1  gap=0.876 eV  best=6.099 eV  top50=0  top10%=0
Cycle  28: GP refit  (37 labelled)
  → 1HfSeTe-2  gap=0.637 eV  best=6.099 eV  top50=0  top10%=0
Cycle  29: GP refit  (38 labelled)
  → 2FeTe2-1  gap=0.581 eV  best=6.099 eV  top50=0  top10%=0
Cycle  30: GP refit  (39 labelled)
  → 4TiSe2-1  gap=0.036 eV  best=6.099 eV  top50=0  top10%=0
Cycle  31: full DKL retrain  (40 labelled)
GP warmup: 20 epochs on initial embeddings
Joint DKL training: 50 epochs
  Epoch 20/50  loss=0.1168
  Epoch 40/50  loss=-0.1072
DKL training done in 0.6s
  → 1WMo3Se8-1  gap=1.785 eV  best=6.099 eV  top50=0  top10%=0
Cycle  32: GP refit  (41 labelled)
  → 1SSeTi-2  gap=1.342 eV  best=6.099 eV  top50=0  top10%=0
Cycle  33: GP refit  (42 labelled)
  → 1BrITi-1  gap=1.037 eV  best=6.099 eV  top50=0  top10%=0
Cycle  34: GP refit  (43 labelled)
  → 1CrW3Te8-1  gap=0.937 eV  best=6.099 eV  top50=0  top10%=0
Cycle  35: GP refit  (44 labelled)
  → 1ISbTe-2  gap=1.442 eV  best=6.099 eV  top50=0  top10%=0
Cycle  36: full DKL retrain  (45 labelled)
GP warmup: 20 epochs on initial embeddings
Joint DKL training: 50 epochs
  Epoch 20/50  loss=-0.1507
  Epoch 40/50  loss=-0.3238
DKL training done in 0.5s
  → 2OsTe2-1  gap=1.379 eV  best=6.099 eV  top50=0  top10%=0
Cycle  37: GP refit  (46 labelled)
  → 2SeZr-4  gap=0.355 eV  best=6.099 eV  top50=0  top10%=0
Cycle  38: GP refit  (47 labelled)
  → 1MoW3Te8-1  gap=1.220 eV  best=6.099 eV  top50=0  top10%=0
Cycle  39: GP refit  (48 labelled)
  → 2MoS2-1  gap=0.069 eV  best=6.099 eV  top50=0  top10%=0
Cycle  40: GP refit  (49 labelled)
  → 1FeHfI6-1  gap=2.795 eV  best=6.099 eV  top50=0  top10%=0
Cycle  41: full DKL retrain  (50 labelled)
GP warmup: 20 epochs on initial embeddings
Joint DKL training: 50 epochs
  Epoch 20/50  loss=0.0679
  Epoch 40/50  loss=-0.0894
DKL training done in 0.6s
  → 4NbS3-2  gap=1.030 eV  best=6.099 eV  top50=0  top10%=0
Cycle  42: GP refit  (51 labelled)
  → 1MoS2-1  gap=2.087 eV  best=6.099 eV  top50=0  top10%=0
Cycle  43: GP refit  (52 labelled)
  → 1MoCu2Te4-1  gap=1.230 eV  best=6.099 eV  top50=0  top10%=0
Cycle  44: GP refit  (53 labelled)
  → 4TaS3-1  gap=0.823 eV  best=6.099 eV  top50=0  top10%=0
Cycle  45: GP refit  (54 labelled)
  → 1TiS2-2  gap=2.015 eV  best=6.099 eV  top50=0  top10%=0
Cycle  46: full DKL retrain  (55 labelled)
GP warmup: 20 epochs on initial embeddings
Joint DKL training: 50 epochs
  Epoch 20/50  loss=0.2200
  Epoch 40/50  loss=0.0478
DKL training done in 0.5s
  → 1MoOSe-1  gap=1.512 eV  best=6.099 eV  top50=0  top10%=0
Cycle  47: GP refit  (56 labelled)
  → 2INbO2-1  gap=2.295 eV  best=6.099 eV  top50=0  top10%=0
Cycle  48: GP refit  (57 labelled)
  → 1BrSSb-1  gap=1.838 eV  best=6.099 eV  top50=0  top10%=0
Cycle  49: GP refit  (58 labelled)
  → 1MnNbSe4-1  gap=0.598 eV  best=6.099 eV  top50=0  top10%=0
Cycle  50: GP refit  (59 labelled)
  → 1BSb-1  gap=0.551 eV  best=6.099 eV  top50=0  top10%=0
Cycle  51: full DKL retrain  (60 labelled)
GP warmup: 20 epochs on initial embeddings
Joint DKL training: 50 epochs
  Epoch 20/50  loss=0.0470
  Epoch 40/50  loss=-0.1687
DKL training done in 0.5s
  → 1ClITi-1  gap=1.187 eV  best=6.099 eV  top50=0  top10%=0
Cycle  52: GP refit  (61 labelled)
  → 2MoWTe4-1  gap=1.279 eV  best=6.099 eV  top50=0  top10%=0
Cycle  53: GP refit  (62 labelled)
  → 1HfSTe-2  gap=0.481 eV  best=6.099 eV  top50=0  top10%=0
Cycle  54: GP refit  (63 labelled)
  → 1ClHfI-1  gap=1.295 eV  best=6.099 eV  top50=0  top10%=0
Cycle  55: GP refit  (64 labelled)
  → 1BrHfI-1  gap=1.157 eV  best=6.099 eV  top50=0  top10%=0
Cycle  56: full DKL retrain  (65 labelled)
GP warmup: 20 epochs on initial embeddings
Joint DKL training: 50 epochs
  Epoch 20/50  loss=-0.2102
  Epoch 40/50  loss=-0.3887
DKL training done in 0.6s
  → 2FeSe2-1  gap=1.053 eV  best=6.099 eV  top50=0  top10%=0
Cycle  57: GP refit  (66 labelled)
  → 1PtSeMn2S5-1  gap=1.467 eV  best=6.099 eV  top50=0  top10%=0
Cycle  58: GP refit  (67 labelled)
  → 2TiCl2-1  gap=0.997 eV  best=6.099 eV  top50=0  top10%=0
Cycle  59: GP refit  (68 labelled)
  → 2SrSb2O4-1  gap=4.358 eV  best=6.099 eV  top50=0  top10%=0
Cycle  60: GP refit  (69 labelled)
  → 1BrCoSe-1  gap=2.153 eV  best=6.099 eV  top50=0  top10%=0
Cycle  61: full DKL retrain  (70 labelled)
GP warmup: 20 epochs on initial embeddings
Joint DKL training: 50 epochs
  Epoch 20/50  loss=-0.0016
  Epoch 40/50  loss=-0.1762
DKL training done in 0.5s
  → 1CrSSe-1  gap=1.241 eV  best=6.099 eV  top50=0  top10%=0
Cycle  62: GP refit  (71 labelled)
  → 1CrSe2-1  gap=1.128 eV  best=6.099 eV  top50=0  top10%=0
Cycle  63: GP refit  (72 labelled)
  → 1BrIZr-1  gap=1.174 eV  best=6.099 eV  top50=0  top10%=0
Cycle  64: GP refit  (73 labelled)
  → 1WMo3Te8-1  gap=1.326 eV  best=6.099 eV  top50=0  top10%=0
Cycle  65: GP refit  (74 labelled)
  → 1TiSe2-2  gap=1.460 eV  best=6.099 eV  top50=0  top10%=0
Cycle  66: full DKL retrain  (75 labelled)
GP warmup: 20 epochs on initial embeddings
Joint DKL training: 50 epochs
  Epoch 20/50  loss=-0.1186
  Epoch 40/50  loss=-0.3387
DKL training done in 0.6s
  → 2RuSe2-1  gap=1.595 eV  best=6.099 eV  top50=0  top10%=0
Cycle  67: GP refit  (76 labelled)
  → 1WCu2Te4-1  gap=1.488 eV  best=6.099 eV  top50=0  top10%=0
Cycle  68: GP refit  (77 labelled)
  → 1OTeW-1  gap=1.209 eV  best=6.099 eV  top50=0  top10%=0
Cycle  69: GP refit  (78 labelled)
  → 1ClIZr-1  gap=1.317 eV  best=6.099 eV  top50=0  top10%=0
Cycle  70: GP refit  (79 labelled)
  → 1HfTe2-2  gap=0.665 eV  best=6.099 eV  top50=0  top10%=0
Cycle  71: full DKL retrain  (80 labelled)
GP warmup: 20 epochs on initial embeddings
Joint DKL training: 50 epochs
  Epoch 20/50  loss=-0.3302
  Epoch 40/50  loss=-0.4819
DKL training done in 0.6s
  → 1MoTe2-1  gap=1.370 eV  best=6.099 eV  top50=0  top10%=0
Cycle  72: GP refit  (81 labelled)
  → 1BrCoTe-1  gap=1.810 eV  best=6.099 eV  top50=0  top10%=0
Cycle  73: GP refit  (82 labelled)
  → 1OScHf3N3Br4-1  gap=4.148 eV  best=6.099 eV  top50=0  top10%=0
Cycle  74: GP refit  (83 labelled)
  → 1SeTa3I7-1  gap=1.256 eV  best=6.099 eV  top50=0  top10%=0
Cycle  75: GP refit  (84 labelled)
  → 2RhSe-3  gap=0.337 eV  best=6.099 eV  top50=0  top10%=0
Cycle  76: full DKL retrain  (85 labelled)
GP warmup: 20 epochs on initial embeddings
Joint DKL training: 50 epochs
  Epoch 20/50  loss=0.0215
  Epoch 40/50  loss=-0.1640
DKL training done in 0.5s
  → 1TeTa3I7-1  gap=1.223 eV  best=6.099 eV  top50=0  top10%=0
Cycle  77: GP refit  (86 labelled)
  → 1STeW-2  gap=0.205 eV  best=6.099 eV  top50=0  top10%=0
Cycle  78: GP refit  (87 labelled)
  → 2MoSe2-1  gap=0.108 eV  best=6.099 eV  top50=0  top10%=0
Cycle  79: GP refit  (88 labelled)
  → 1N2O2Hf3-1  gap=0.508 eV  best=6.099 eV  top50=0  top10%=0
Cycle  80: GP refit  (89 labelled)
  → 1STa3I7-1  gap=1.295 eV  best=6.099 eV  top50=0  top10%=0
Cycle  81: full DKL retrain  (90 labelled)
GP warmup: 20 epochs on initial embeddings
Joint DKL training: 50 epochs
  Epoch 20/50  loss=-0.1634
  Epoch 40/50  loss=-0.2859
DKL training done in 0.6s
  → 1CrMo3Te8-1  gap=1.105 eV  best=6.099 eV  top50=0  top10%=0
Cycle  82: GP refit  (91 labelled)
  → 1MoSTe-1  gap=1.585 eV  best=6.099 eV  top50=0  top10%=0
Cycle  83: GP refit  (92 labelled)
  → 2IMnSbSe2-2  gap=0.701 eV  best=6.099 eV  top50=0  top10%=0
Cycle  84: GP refit  (93 labelled)
  → 1SSeZr-1  gap=1.514 eV  best=6.099 eV  top50=0  top10%=0
Cycle  85: GP refit  (94 labelled)
  → 2AgSe-1  gap=1.179 eV  best=6.099 eV  top50=0  top10%=0
Cycle  86: full DKL retrain  (95 labelled)
GP warmup: 20 epochs on initial embeddings
Joint DKL training: 50 epochs
  Epoch 20/50  loss=-0.3981
  Epoch 40/50  loss=-0.5048
DKL training done in 0.5s
  → 2TiO2-1  gap=5.342 eV  best=6.099 eV  top50=0  top10%=1
Cycle  87: GP refit  (96 labelled)
  → 2GaI-1  gap=2.399 eV  best=6.099 eV  top50=0  top10%=1
Cycle  88: GP refit  (97 labelled)
  → 1MoOTe-1  gap=0.867 eV  best=6.099 eV  top50=0  top10%=1
Cycle  89: GP refit  (98 labelled)
  → 1HfTi3Se8-1  gap=1.544 eV  best=6.099 eV  top50=0  top10%=1
Cycle  90: GP refit  (99 labelled)
  → 1ZrTi3Se8-1  gap=1.563 eV  best=6.099 eV  top50=0  top10%=1
Cycle  91: full DKL retrain  (100 labelled)
GP warmup: 20 epochs on initial embeddings
Joint DKL training: 50 epochs
  Epoch 20/50  loss=0.2317
  Epoch 40/50  loss=0.1469
DKL training done in 0.6s
  → 1WAg2S4-1  gap=2.482 eV  best=6.099 eV  top50=0  top10%=1
Cycle  92: GP refit  (101 labelled)
  → 1MoAu2Se4-1  gap=1.247 eV  best=6.099 eV  top50=0  top10%=1
Cycle  93: GP refit  (102 labelled)
  → 2OsSe2-1  gap=1.389 eV  best=6.099 eV  top50=0  top10%=1
Cycle  94: GP refit  (103 labelled)
  → 1WCu2Se4-1  gap=2.444 eV  best=6.099 eV  top50=0  top10%=1
Cycle  95: GP refit  (104 labelled)
  → 1InSb-1  gap=0.945 eV  best=6.099 eV  top50=0  top10%=1
Cycle  96: full DKL retrain  (105 labelled)
GP warmup: 20 epochs on initial embeddings
Joint DKL training: 50 epochs
  Epoch 20/50  loss=0.2306
  Epoch 40/50  loss=-0.0202
DKL training done in 0.6s
  → 2IRb-1  gap=4.613 eV  best=6.099 eV  top50=0  top10%=1
Cycle  97: GP refit  (106 labelled)
  → 1SeNb3Br7-1  gap=1.477 eV  best=6.099 eV  top50=0  top10%=1
Cycle  98: GP refit  (107 labelled)
  → 1TeNb3Br7-1  gap=1.436 eV  best=6.099 eV  top50=0  top10%=1
Cycle  99: GP refit  (108 labelled)
  → 1STeW-1  gap=1.681 eV  best=6.099 eV  top50=0  top10%=1
Cycle 100: GP refit  (109 labelled)
  → 1SNb3Br7-1  gap=1.525 eV  best=6.099 eV  top50=0  top10%=1
  dkl_finetune/seed17 → best_inwin=0.701 top50=11
BOLoop: 766 materials  |  direction=max  |  top-50 internal threshold=5.35  top-10% internal threshold=4.94
Init: 10 random labels  |  best (max) = 1.877
Cycle   1: full DKL retrain  (10 labelled)
GP warmup: 20 epochs on initial embeddings
/home/roy/Desktop/DKL-BO/venv/lib/python3.13/site-packages/torch/_compile.py:54: UserWarning: optimizer contains a parameter group with duplicate parameters; in future, this will cause an error; see github.com/pytorch/pytorch/issues/40967 for more information
  return disable_fn(*args, **kwargs)
Joint DKL training: 50 epochs
  Epoch 20/50  loss=0.9247
  Epoch 40/50  loss=0.8291
DKL training done in 0.3s
  → 1CdI2-3  gap=2.295 eV  best=2.295 eV  top50=0  top10%=0
Cycle   2: GP refit  (11 labelled)
  → 1FeHfI6-1  gap=2.795 eV  best=2.795 eV  top50=0  top10%=0
Cycle   3: GP refit  (12 labelled)
  → 1PdZrI6-1  gap=1.341 eV  best=2.795 eV  top50=0  top10%=0
Cycle   4: GP refit  (13 labelled)
  → 1HfPdI6-1  gap=1.368 eV  best=2.795 eV  top50=0  top10%=0
Cycle   5: GP refit  (14 labelled)
  → 1FeI2-3  gap=0.020 eV  best=2.795 eV  top50=0  top10%=0
Cycle   6: full DKL retrain  (15 labelled)
GP warmup: 20 epochs on initial embeddings
Joint DKL training: 50 epochs
  Epoch 20/50  loss=0.7694
  Epoch 40/50  loss=0.5018
DKL training done in 0.5s
  → 1MoAu2Se4-1  gap=1.247 eV  best=2.795 eV  top50=0  top10%=0
Cycle   7: GP refit  (16 labelled)
  → 2BrMnSbS2-2  gap=1.201 eV  best=2.795 eV  top50=0  top10%=0
Cycle   8: GP refit  (17 labelled)
  → 2P2Se3-2  gap=2.700 eV  best=2.795 eV  top50=0  top10%=0
Cycle   9: GP refit  (18 labelled)
  → 1WAg2S4-1  gap=2.482 eV  best=2.795 eV  top50=0  top10%=0
Cycle  10: GP refit  (19 labelled)
  → 1PtSeMn2S5-1  gap=1.467 eV  best=2.795 eV  top50=0  top10%=0
Cycle  11: full DKL retrain  (20 labelled)
GP warmup: 20 epochs on initial embeddings
Joint DKL training: 50 epochs
  Epoch 20/50  loss=-0.0054
  Epoch 40/50  loss=-0.1624
DKL training done in 0.6s
  → 1HgSe-1  gap=0.423 eV  best=2.795 eV  top50=0  top10%=0
Cycle  12: GP refit  (21 labelled)
  → 2PbS-3  gap=0.673 eV  best=2.795 eV  top50=0  top10%=0
Cycle  13: GP refit  (22 labelled)
  → 1WAu2Se4-1  gap=1.415 eV  best=2.795 eV  top50=0  top10%=0
Cycle  14: GP refit  (23 labelled)
  → 1HgS-1  gap=0.724 eV  best=2.795 eV  top50=0  top10%=0
Cycle  15: GP refit  (24 labelled)
  → 1ScH2-1  gap=0.549 eV  best=2.795 eV  top50=0  top10%=0
Cycle  16: full DKL retrain  (25 labelled)
GP warmup: 20 epochs on initial embeddings
Joint DKL training: 50 epochs
  Epoch 20/50  loss=-0.1843
  Epoch 40/50  loss=-0.3299
DKL training done in 0.5s
  → 1ScSe2-2  gap=1.490 eV  best=2.795 eV  top50=0  top10%=0
Cycle  17: GP refit  (26 labelled)
  → 2IrNbTe4-1  gap=0.033 eV  best=2.795 eV  top50=0  top10%=0
Cycle  18: GP refit  (27 labelled)
  → 2BaBi2S4-1  gap=2.313 eV  best=2.795 eV  top50=0  top10%=0
Cycle  19: GP refit  (28 labelled)
  → 1AsIn-1  gap=1.234 eV  best=2.795 eV  top50=0  top10%=0
Cycle  20: GP refit  (29 labelled)
  → 4HgSe-1  gap=0.937 eV  best=2.795 eV  top50=0  top10%=0
Cycle  21: full DKL retrain  (30 labelled)
GP warmup: 20 epochs on initial embeddings
Joint DKL training: 50 epochs
  Epoch 20/50  loss=-0.1107
  Epoch 40/50  loss=-0.2687
DKL training done in 0.5s
  → 1ISbTe-2  gap=1.442 eV  best=2.795 eV  top50=0  top10%=0
Cycle  22: GP refit  (31 labelled)
  → 2ClMnSbS2-2  gap=1.242 eV  best=2.795 eV  top50=0  top10%=0
Cycle  23: GP refit  (32 labelled)
  → 1ClSbTe-2  gap=1.891 eV  best=2.795 eV  top50=0  top10%=0
Cycle  24: GP refit  (33 labelled)
  → 2AgTe-3  gap=0.756 eV  best=2.795 eV  top50=0  top10%=0
Cycle  25: GP refit  (34 labelled)
  → 1BSb-1  gap=0.551 eV  best=2.795 eV  top50=0  top10%=0
Cycle  26: full DKL retrain  (35 labelled)
GP warmup: 20 epochs on initial embeddings
Joint DKL training: 50 epochs
  Epoch 20/50  loss=-0.4903
  Epoch 40/50  loss=-0.6818
DKL training done in 0.6s
  → 2IIrTe-2  gap=1.671 eV  best=2.795 eV  top50=0  top10%=0
Cycle  27: GP refit  (36 labelled)
  → 2HNaTe-1  gap=3.492 eV  best=3.492 eV  top50=0  top10%=0
Cycle  28: GP refit  (37 labelled)
  → 1MoSSe-1  gap=1.949 eV  best=3.492 eV  top50=0  top10%=0
Cycle  29: GP refit  (38 labelled)
  → 2AgF-3  gap=2.475 eV  best=3.492 eV  top50=0  top10%=0
Cycle  30: GP refit  (39 labelled)
  → 1AgCrP2Te6-1  gap=1.137 eV  best=3.492 eV  top50=0  top10%=0
Cycle  31: full DKL retrain  (40 labelled)
GP warmup: 20 epochs on initial embeddings
Joint DKL training: 50 epochs
  Epoch 20/50  loss=0.0042
  Epoch 40/50  loss=-0.3597
DKL training done in 0.4s
  → 2AgTe-2  gap=0.242 eV  best=3.492 eV  top50=0  top10%=0
Cycle  32: GP refit  (41 labelled)
  → 1SeTeV-1  gap=0.831 eV  best=3.492 eV  top50=0  top10%=0
Cycle  33: GP refit  (42 labelled)
  → 1ScO2-2  gap=3.769 eV  best=3.769 eV  top50=0  top10%=0
Cycle  34: GP refit  (43 labelled)
  → 2SeV-4  gap=0.788 eV  best=3.769 eV  top50=0  top10%=0
Cycle  35: GP refit  (44 labelled)
  → 4IOSc-1  gap=3.350 eV  best=3.769 eV  top50=0  top10%=0
Cycle  36: full DKL retrain  (45 labelled)
GP warmup: 20 epochs on initial embeddings
Joint DKL training: 50 epochs
  Epoch 20/50  loss=0.3426
  Epoch 40/50  loss=-0.1396
DKL training done in 0.6s
  → 1Br2Se2Pb3-1  gap=1.452 eV  best=3.769 eV  top50=0  top10%=0
Cycle  37: GP refit  (46 labelled)
  → 2ClIn-5  gap=2.997 eV  best=3.769 eV  top50=0  top10%=0
Cycle  38: GP refit  (47 labelled)
  → 2SV-4  gap=0.642 eV  best=3.769 eV  top50=0  top10%=0
Cycle  39: GP refit  (48 labelled)
  → 1TeNb3I7-1  gap=1.241 eV  best=3.769 eV  top50=0  top10%=0
Cycle  40: GP refit  (49 labelled)
  → 1PbI2-2  gap=2.404 eV  best=3.769 eV  top50=0  top10%=0
Cycle  41: full DKL retrain  (50 labelled)
GP warmup: 20 epochs on initial embeddings
Joint DKL training: 50 epochs
  Epoch 20/50  loss=0.1848
  Epoch 40/50  loss=-0.2837
DKL training done in 0.5s
  → 2CrNbTe5-1  gap=0.029 eV  best=3.769 eV  top50=0  top10%=0
Cycle  42: GP refit  (51 labelled)
  → 2IrTaTe4-1  gap=0.119 eV  best=3.769 eV  top50=0  top10%=0
Cycle  43: GP refit  (52 labelled)
  → 2AgI-2  gap=2.922 eV  best=3.769 eV  top50=0  top10%=0
Cycle  44: GP refit  (53 labelled)
  → 2AuSe-1  gap=1.561 eV  best=3.769 eV  top50=0  top10%=0
Cycle  45: GP refit  (54 labelled)
  → 1AlAs-1  gap=2.028 eV  best=3.769 eV  top50=0  top10%=0
Cycle  46: full DKL retrain  (55 labelled)
GP warmup: 20 epochs on initial embeddings
Joint DKL training: 50 epochs
  Epoch 20/50  loss=0.2580
  Epoch 40/50  loss=-0.0813
DKL training done in 0.6s
  → 1ScS2-2  gap=1.890 eV  best=3.769 eV  top50=0  top10%=0
Cycle  47: GP refit  (56 labelled)
  → 1AgAlP2Te6-1  gap=1.065 eV  best=3.769 eV  top50=0  top10%=0
Cycle  48: GP refit  (57 labelled)
  → 2InSe-1  gap=2.055 eV  best=3.769 eV  top50=0  top10%=0
Cycle  49: GP refit  (58 labelled)
  → 1BrClGe2Se2-1  gap=2.697 eV  best=3.769 eV  top50=0  top10%=0
Cycle  50: GP refit  (59 labelled)
  → 1GeBi2Se2I4-1  gap=1.419 eV  best=3.769 eV  top50=0  top10%=0
Cycle  51: full DKL retrain  (60 labelled)
GP warmup: 20 epochs on initial embeddings
Joint DKL training: 50 epochs
  Epoch 20/50  loss=0.5644
  Epoch 40/50  loss=0.1953
DKL training done in 0.7s
  → 1VSe2-1  gap=0.977 eV  best=3.769 eV  top50=0  top10%=0
Cycle  52: GP refit  (61 labelled)
  → 1CoITe-1  gap=0.971 eV  best=3.769 eV  top50=0  top10%=0
Cycle  53: GP refit  (62 labelled)
  → 1CrTe2-2  gap=0.869 eV  best=3.769 eV  top50=0  top10%=0
Cycle  54: GP refit  (63 labelled)
  → 1WCr3Te8-1  gap=0.841 eV  best=3.769 eV  top50=0  top10%=0
Cycle  55: GP refit  (64 labelled)
  → 2CrWTe4-1  gap=0.876 eV  best=3.769 eV  top50=0  top10%=0
Cycle  56: full DKL retrain  (65 labelled)
GP warmup: 20 epochs on initial embeddings
Joint DKL training: 50 epochs
  Epoch 20/50  loss=0.0135
  Epoch 40/50  loss=-0.4107
DKL training done in 0.5s
  → 1CrW3Te8-1  gap=0.937 eV  best=3.769 eV  top50=0  top10%=0
Cycle  57: GP refit  (66 labelled)
  → 1MoCr3Te8-1  gap=0.893 eV  best=3.769 eV  top50=0  top10%=0
Cycle  58: GP refit  (67 labelled)
  → 1WTe2-1  gap=1.141 eV  best=3.769 eV  top50=0  top10%=0
Cycle  59: GP refit  (68 labelled)
  → 2CrMoTe4-1  gap=0.980 eV  best=3.769 eV  top50=0  top10%=0
Cycle  60: GP refit  (69 labelled)
  → 1BrCoTe-1  gap=1.810 eV  best=3.769 eV  top50=0  top10%=0
Cycle  61: full DKL retrain  (70 labelled)
GP warmup: 20 epochs on initial embeddings
Joint DKL training: 50 epochs
  Epoch 20/50  loss=-0.1557
  Epoch 40/50  loss=-0.3256
DKL training done in 0.5s
  → 1BiISe-1  gap=1.216 eV  best=3.769 eV  top50=0  top10%=0
Cycle  62: GP refit  (71 labelled)
  → 2IRhTe-2  gap=1.432 eV  best=3.769 eV  top50=0  top10%=0
Cycle  63: GP refit  (72 labelled)
  → 1CrMo3Te8-1  gap=1.105 eV  best=3.769 eV  top50=0  top10%=0
Cycle  64: GP refit  (73 labelled)
  → 1MoW3Te8-1  gap=1.220 eV  best=3.769 eV  top50=0  top10%=0
Cycle  65: GP refit  (74 labelled)
  → 1PbS-1  gap=2.593 eV  best=3.769 eV  top50=0  top10%=0
Cycle  66: full DKL retrain  (75 labelled)
GP warmup: 20 epochs on initial embeddings
Joint DKL training: 50 epochs
  Epoch 20/50  loss=-0.2692
  Epoch 40/50  loss=-0.4951
DKL training done in 0.6s
  → 1CrISe-1  gap=1.596 eV  best=3.769 eV  top50=0  top10%=0
Cycle  67: GP refit  (76 labelled)
  → 1CrSeTe-1  gap=0.994 eV  best=3.769 eV  top50=0  top10%=0
Cycle  68: GP refit  (77 labelled)
  → 1CrSTe-1  gap=0.820 eV  best=3.769 eV  top50=0  top10%=0
Cycle  69: GP refit  (78 labelled)
  → 1CrHS2-1  gap=2.800 eV  best=3.769 eV  top50=0  top10%=0
Cycle  70: GP refit  (79 labelled)
  → 1STeW-2  gap=0.205 eV  best=3.769 eV  top50=0  top10%=0
Cycle  71: full DKL retrain  (80 labelled)
GP warmup: 20 epochs on initial embeddings
Joint DKL training: 50 epochs
  Epoch 20/50  loss=-0.1246
  Epoch 40/50  loss=-0.4250
DKL training done in 0.6s
  → 1MoSTe-2  gap=0.233 eV  best=3.769 eV  top50=0  top10%=0
Cycle  72: GP refit  (81 labelled)
  → 4TiSe2-1  gap=0.036 eV  best=3.769 eV  top50=0  top10%=0
Cycle  73: GP refit  (82 labelled)
  → 1BiIS-2  gap=1.178 eV  best=3.769 eV  top50=0  top10%=0
Cycle  74: GP refit  (83 labelled)
  → 1HfSSe-1  gap=1.512 eV  best=3.769 eV  top50=0  top10%=0
Cycle  75: GP refit  (84 labelled)
  → 1SSeZr-1  gap=1.514 eV  best=3.769 eV  top50=0  top10%=0
Cycle  76: full DKL retrain  (85 labelled)
GP warmup: 20 epochs on initial embeddings
Joint DKL training: 50 epochs
  Epoch 20/50  loss=-0.0971
  Epoch 40/50  loss=-0.5387
DKL training done in 0.5s
  → 1SSeTi-2  gap=1.342 eV  best=3.769 eV  top50=0  top10%=0
Cycle  77: GP refit  (86 labelled)
  → 1HfI2-1  gap=1.022 eV  best=3.769 eV  top50=0  top10%=0
Cycle  78: GP refit  (87 labelled)
  → 1ISbTe-1  gap=1.322 eV  best=3.769 eV  top50=0  top10%=0
Cycle  79: GP refit  (88 labelled)
  → 1CoLiAs2Se6-1  gap=1.175 eV  best=3.769 eV  top50=0  top10%=0
Cycle  80: GP refit  (89 labelled)
  → 4AsPdSe-1  gap=1.283 eV  best=3.769 eV  top50=0  top10%=0
Cycle  81: full DKL retrain  (90 labelled)
GP warmup: 20 epochs on initial embeddings
Joint DKL training: 50 epochs
  Epoch 20/50  loss=-0.3335
  Epoch 40/50  loss=-0.6685
DKL training done in 0.5s
  → 1NiPd3Se8-1  gap=0.702 eV  best=3.769 eV  top50=0  top10%=0
Cycle  82: GP refit  (91 labelled)
  → 4AsPdS-1  gap=1.501 eV  best=3.769 eV  top50=0  top10%=0
Cycle  83: GP refit  (92 labelled)
  → 4AsLiS2-2  gap=1.883 eV  best=3.769 eV  top50=0  top10%=0
Cycle  84: GP refit  (93 labelled)
  → 1ZrTi3Se8-1  gap=1.563 eV  best=3.769 eV  top50=0  top10%=0
Cycle  85: GP refit  (94 labelled)
  → 1MoSTe-1  gap=1.585 eV  best=3.769 eV  top50=0  top10%=0
Cycle  86: full DKL retrain  (95 labelled)
GP warmup: 20 epochs on initial embeddings
Joint DKL training: 50 epochs
  Epoch 20/50  loss=-0.0701
  Epoch 40/50  loss=-0.4472
DKL training done in 0.5s
  → 1STeTi-2  gap=0.531 eV  best=3.769 eV  top50=0  top10%=0
Cycle  87: GP refit  (96 labelled)
  → 2FRhTe-1  gap=2.115 eV  best=3.769 eV  top50=0  top10%=0
Cycle  88: GP refit  (97 labelled)
  → 2HfI2-1  gap=1.014 eV  best=3.769 eV  top50=0  top10%=0
Cycle  89: GP refit  (98 labelled)
  → 1SeHf2I5-1  gap=0.972 eV  best=3.769 eV  top50=0  top10%=0
Cycle  90: GP refit  (99 labelled)
  → 1MnNbSe4-1  gap=0.598 eV  best=3.769 eV  top50=0  top10%=0
Cycle  91: full DKL retrain  (100 labelled)
GP warmup: 20 epochs on initial embeddings
Joint DKL training: 50 epochs
  Epoch 20/50  loss=0.0392
  Epoch 40/50  loss=-0.3729
DKL training done in 0.5s
  → 1BrTeTi-1  gap=0.763 eV  best=3.769 eV  top50=0  top10%=0
Cycle  92: GP refit  (101 labelled)
  → 1SeBi2S2-1  gap=0.923 eV  best=3.769 eV  top50=0  top10%=0
Cycle  93: GP refit  (102 labelled)
  → 1HfSTe-2  gap=0.481 eV  best=3.769 eV  top50=0  top10%=0
Cycle  94: GP refit  (103 labelled)
  → 1STeZr-2  gap=0.672 eV  best=3.769 eV  top50=0  top10%=0
Cycle  95: GP refit  (104 labelled)
  → 1SeTeZr-2  gap=0.783 eV  best=3.769 eV  top50=0  top10%=0
Cycle  96: full DKL retrain  (105 labelled)
GP warmup: 20 epochs on initial embeddings
Joint DKL training: 50 epochs
  Epoch 20/50  loss=-0.2319
  Epoch 40/50  loss=-0.6154
DKL training done in 0.6s
  → 1STeW-1  gap=1.681 eV  best=3.769 eV  top50=0  top10%=0
Cycle  97: GP refit  (106 labelled)
  → 1TiI2-2  gap=0.828 eV  best=3.769 eV  top50=0  top10%=0
Cycle  98: GP refit  (107 labelled)
  → 1SeTeTi-2  gap=0.600 eV  best=3.769 eV  top50=0  top10%=0
Cycle  99: GP refit  (108 labelled)
  → 2TeTi-4  gap=0.440 eV  best=3.769 eV  top50=0  top10%=0
Cycle 100: GP refit  (109 labelled)
  → 1HgTe-1  gap=0.279 eV  best=3.769 eV  top50=0  top10%=0
  dkl_finetune/seed18 → best_inwin=0.702 top50=13
BOLoop: 766 materials  |  direction=max  |  top-50 internal threshold=5.35  top-10% internal threshold=4.94
Init: 10 random labels  |  best (max) = 6.553
Cycle   1: full DKL retrain  (10 labelled)
GP warmup: 20 epochs on initial embeddings
/home/roy/Desktop/DKL-BO/venv/lib/python3.13/site-packages/torch/_compile.py:54: UserWarning: optimizer contains a parameter group with duplicate parameters; in future, this will cause an error; see github.com/pytorch/pytorch/issues/40967 for more information
  return disable_fn(*args, **kwargs)
Joint DKL training: 50 epochs
  Epoch 20/50  loss=2.3528
  Epoch 40/50  loss=2.1679
DKL training done in 0.5s
  → 1ClSSb-2  gap=2.321 eV  best=6.553 eV  top50=0  top10%=0
Cycle   2: GP refit  (11 labelled)
  → 1STeW-1  gap=1.681 eV  best=6.553 eV  top50=0  top10%=0
Cycle   3: GP refit  (12 labelled)
  → 1TiSe2-2  gap=1.460 eV  best=6.553 eV  top50=0  top10%=0
Cycle   4: GP refit  (13 labelled)
  → 1HfTi3Se8-1  gap=1.544 eV  best=6.553 eV  top50=0  top10%=0
Cycle   5: GP refit  (14 labelled)
  → 1ZrTi3Se8-1  gap=1.563 eV  best=6.553 eV  top50=0  top10%=0
Cycle   6: full DKL retrain  (15 labelled)
GP warmup: 20 epochs on initial embeddings
Joint DKL training: 50 epochs
  Epoch 20/50  loss=0.9661
  Epoch 40/50  loss=0.8666
DKL training done in 0.5s
  → 1TiHf3Te8-1  gap=0.688 eV  best=6.553 eV  top50=0  top10%=0
Cycle   7: GP refit  (16 labelled)
  → 1TiZr3Te8-1  gap=0.793 eV  best=6.553 eV  top50=0  top10%=0
Cycle   8: GP refit  (17 labelled)
  → 1MoSTe-1  gap=1.585 eV  best=6.553 eV  top50=0  top10%=0
Cycle   9: GP refit  (18 labelled)
  → 1CrTe2-2  gap=0.869 eV  best=6.553 eV  top50=0  top10%=0
Cycle  10: GP refit  (19 labelled)
  → 2CrNbTe5-1  gap=0.029 eV  best=6.553 eV  top50=0  top10%=0
Cycle  11: full DKL retrain  (20 labelled)
GP warmup: 20 epochs on initial embeddings
Joint DKL training: 50 epochs
  Epoch 20/50  loss=0.3178
  Epoch 40/50  loss=0.1357
DKL training done in 0.5s
  → 1WCr3Te8-1  gap=0.841 eV  best=6.553 eV  top50=0  top10%=0
Cycle  12: GP refit  (21 labelled)
  → 2CrWTe4-1  gap=0.876 eV  best=6.553 eV  top50=0  top10%=0
Cycle  13: GP refit  (22 labelled)
  → 2CrMoTe4-1  gap=0.980 eV  best=6.553 eV  top50=0  top10%=0
Cycle  14: GP refit  (23 labelled)
  → 1CrW3Te8-1  gap=0.937 eV  best=6.553 eV  top50=0  top10%=0
Cycle  15: GP refit  (24 labelled)
  → 1WTe2-1  gap=1.141 eV  best=6.553 eV  top50=0  top10%=0
Cycle  16: full DKL retrain  (25 labelled)
GP warmup: 20 epochs on initial embeddings
Joint DKL training: 50 epochs
  Epoch 20/50  loss=-0.1954
  Epoch 40/50  loss=-0.6213
DKL training done in 0.5s
  → 1MoCr3Te8-1  gap=0.893 eV  best=6.553 eV  top50=0  top10%=0
Cycle  17: GP refit  (26 labelled)
  → 4NbS3-2  gap=1.030 eV  best=6.553 eV  top50=0  top10%=0
Cycle  18: GP refit  (27 labelled)
  → 1AgAlP2Te6-1  gap=1.065 eV  best=6.553 eV  top50=0  top10%=0
Cycle  19: GP refit  (28 labelled)
  → 1AgCrP2Te6-1  gap=1.137 eV  best=6.553 eV  top50=0  top10%=0
Cycle  20: GP refit  (29 labelled)
  → 1CrMo3Te8-1  gap=1.105 eV  best=6.553 eV  top50=0  top10%=0
Cycle  21: full DKL retrain  (30 labelled)
GP warmup: 20 epochs on initial embeddings
Joint DKL training: 50 epochs
  Epoch 20/50  loss=-0.5295
  Epoch 40/50  loss=-0.7348
DKL training done in 0.5s
  → 2TeV-4  gap=0.774 eV  best=6.553 eV  top50=0  top10%=0
Cycle  22: GP refit  (31 labelled)
  → 1ISbTe-2  gap=1.442 eV  best=6.553 eV  top50=0  top10%=0
Cycle  23: GP refit  (32 labelled)
  → 2FeTe2-1  gap=0.581 eV  best=6.553 eV  top50=0  top10%=0
Cycle  24: GP refit  (33 labelled)
  → 1HfTe2-2  gap=0.665 eV  best=6.553 eV  top50=0  top10%=0
Cycle  25: GP refit  (34 labelled)
  → 1ZrHf3Te8-1  gap=0.690 eV  best=6.553 eV  top50=0  top10%=0
Cycle  26: full DKL retrain  (35 labelled)
GP warmup: 20 epochs on initial embeddings
Joint DKL training: 50 epochs
  Epoch 20/50  loss=-0.4979
  Epoch 40/50  loss=-0.6500
DKL training done in 0.5s
  → 2HfZrTe4-1  gap=0.717 eV  best=6.553 eV  top50=0  top10%=0
Cycle  27: GP refit  (36 labelled)
  → 1SeTeV-1  gap=0.831 eV  best=6.553 eV  top50=0  top10%=0
Cycle  28: GP refit  (37 labelled)
  → 1HfZr3Te8-1  gap=0.766 eV  best=6.553 eV  top50=0  top10%=0
Cycle  29: GP refit  (38 labelled)
  → 1ZrTe2-2  gap=0.836 eV  best=6.553 eV  top50=0  top10%=0
Cycle  30: GP refit  (39 labelled)
  → 2AgTe-2  gap=0.242 eV  best=6.553 eV  top50=0  top10%=0
Cycle  31: full DKL retrain  (40 labelled)
GP warmup: 20 epochs on initial embeddings
Joint DKL training: 50 epochs
  Epoch 20/50  loss=-0.7969
  Epoch 40/50  loss=-0.9394
DKL training done in 0.5s
  → 1PbTe-1  gap=1.500 eV  best=6.553 eV  top50=0  top10%=0
Cycle  32: GP refit  (41 labelled)
  → 1WAg2Te4-1  gap=1.318 eV  best=6.553 eV  top50=0  top10%=0
Cycle  33: GP refit  (42 labelled)
  → 2PdTeS3-1  gap=1.818 eV  best=6.553 eV  top50=0  top10%=0
Cycle  34: GP refit  (43 labelled)
  → 1MoW3Te8-1  gap=1.220 eV  best=6.553 eV  top50=0  top10%=0
Cycle  35: GP refit  (44 labelled)
  → 2MoWTe4-1  gap=1.279 eV  best=6.553 eV  top50=0  top10%=0
Cycle  36: full DKL retrain  (45 labelled)
GP warmup: 20 epochs on initial embeddings
Joint DKL training: 50 epochs
  Epoch 20/50  loss=-0.3396
  Epoch 40/50  loss=-0.5525
DKL training done in 0.6s
  → 1SeBi2S2-1  gap=0.923 eV  best=6.553 eV  top50=0  top10%=0
Cycle  37: GP refit  (46 labelled)
  → 2PbTe-1  gap=0.878 eV  best=6.553 eV  top50=0  top10%=0
Cycle  38: GP refit  (47 labelled)
  → 1BiFTe-1  gap=1.179 eV  best=6.553 eV  top50=0  top10%=0
Cycle  39: GP refit  (48 labelled)
  → 2IrNbS4-1  gap=1.253 eV  best=6.553 eV  top50=0  top10%=0
Cycle  40: GP refit  (49 labelled)
  → 1WMo3Te8-1  gap=1.326 eV  best=6.553 eV  top50=0  top10%=0
Cycle  41: full DKL retrain  (50 labelled)
GP warmup: 20 epochs on initial embeddings
Joint DKL training: 50 epochs
  Epoch 20/50  loss=-0.8600
  Epoch 40/50  loss=-1.0080
DKL training done in 0.6s
  → 1HfSTe-2  gap=0.481 eV  best=6.553 eV  top50=0  top10%=0
Cycle  42: GP refit  (51 labelled)
  → 2AgS-1  gap=1.557 eV  best=6.553 eV  top50=0  top10%=0
Cycle  43: GP refit  (52 labelled)
  → 1TiS2-2  gap=2.015 eV  best=6.553 eV  top50=0  top10%=0
Cycle  44: GP refit  (53 labelled)
  → 1MoTe2-1  gap=1.370 eV  best=6.553 eV  top50=0  top10%=0
Cycle  45: GP refit  (54 labelled)
  → 1STeZr-2  gap=0.672 eV  best=6.553 eV  top50=0  top10%=0
Cycle  46: full DKL retrain  (55 labelled)
GP warmup: 20 epochs on initial embeddings
Joint DKL training: 50 epochs
  Epoch 20/50  loss=-0.1991
  Epoch 40/50  loss=-0.3933
DKL training done in 0.5s
  → 2TeTi-4  gap=0.440 eV  best=6.553 eV  top50=0  top10%=0
Cycle  47: GP refit  (56 labelled)
  → 1SeTeZr-2  gap=0.783 eV  best=6.553 eV  top50=0  top10%=0
Cycle  48: GP refit  (57 labelled)
  → 2TeZr-4  gap=0.652 eV  best=6.553 eV  top50=0  top10%=0
Cycle  49: GP refit  (58 labelled)
  → 1MnNbSe4-1  gap=0.598 eV  best=6.553 eV  top50=0  top10%=0
Cycle  50: GP refit  (59 labelled)
  → 1CrSeTe-1  gap=0.994 eV  best=6.553 eV  top50=0  top10%=0
Cycle  51: full DKL retrain  (60 labelled)
GP warmup: 20 epochs on initial embeddings
Joint DKL training: 50 epochs
  Epoch 20/50  loss=-0.3173
  Epoch 40/50  loss=-0.5311
DKL training done in 0.5s
  → 1BrTeTi-1  gap=0.763 eV  best=6.553 eV  top50=0  top10%=0
Cycle  52: GP refit  (61 labelled)
  → 1CrSTe-1  gap=0.820 eV  best=6.553 eV  top50=0  top10%=0
Cycle  53: GP refit  (62 labelled)
  → 1PtSeTe-1  gap=1.092 eV  best=6.553 eV  top50=0  top10%=0
Cycle  54: GP refit  (63 labelled)
  → 1BiClTe-2  gap=1.151 eV  best=6.553 eV  top50=0  top10%=0
Cycle  55: GP refit  (64 labelled)
  → 1ClSbTe-2  gap=1.891 eV  best=6.553 eV  top50=0  top10%=0
Cycle  56: full DKL retrain  (65 labelled)
GP warmup: 20 epochs on initial embeddings
Joint DKL training: 50 epochs
  Epoch 20/50  loss=-0.4335
  Epoch 40/50  loss=-0.6314
DKL training done in 0.6s
  → 2FK-1  gap=7.022 eV  best=7.022 eV  top50=1  top10%=1
Cycle  57: GP refit  (66 labelled)
  → 1BiBrTe-2  gap=1.162 eV  best=7.022 eV  top50=1  top10%=1
Cycle  58: GP refit  (67 labelled)
  → 2AgTe-3  gap=0.756 eV  best=7.022 eV  top50=1  top10%=1
Cycle  59: GP refit  (68 labelled)
  → 1BiITe-2  gap=0.995 eV  best=7.022 eV  top50=1  top10%=1
Cycle  60: GP refit  (69 labelled)
  → 1HfSe2-2  gap=1.626 eV  best=7.022 eV  top50=1  top10%=1
Cycle  61: full DKL retrain  (70 labelled)
GP warmup: 20 epochs on initial embeddings
Joint DKL training: 50 epochs
  Epoch 20/50  loss=0.1317
  Epoch 40/50  loss=-0.0001
DKL training done in 0.5s
  → 1HfSeTe-2  gap=0.637 eV  best=7.022 eV  top50=1  top10%=1
Cycle  62: GP refit  (71 labelled)
  → 2AlTe-1  gap=2.363 eV  best=7.022 eV  top50=1  top10%=1
Cycle  63: GP refit  (72 labelled)
  → 1PtSeMn2S5-1  gap=1.467 eV  best=7.022 eV  top50=1  top10%=1
Cycle  64: GP refit  (73 labelled)
  → 2BrMnSbS2-2  gap=1.201 eV  best=7.022 eV  top50=1  top10%=1
Cycle  65: GP refit  (74 labelled)
  → 2PbS-1  gap=1.806 eV  best=7.022 eV  top50=1  top10%=1
Cycle  66: full DKL retrain  (75 labelled)
GP warmup: 20 epochs on initial embeddings
Joint DKL training: 50 epochs
  Epoch 20/50  loss=-0.3007
  Epoch 40/50  loss=-0.5081
DKL training done in 0.5s
  → 2IMnSbSe2-2  gap=0.701 eV  best=7.022 eV  top50=1  top10%=1
Cycle  67: GP refit  (76 labelled)
  → 1TeNb3I7-1  gap=1.241 eV  best=7.022 eV  top50=1  top10%=1
Cycle  68: GP refit  (77 labelled)
  → 2AgSe-1  gap=1.179 eV  best=7.022 eV  top50=1  top10%=1
Cycle  69: GP refit  (78 labelled)
  → 2ClMnSbS2-2  gap=1.242 eV  best=7.022 eV  top50=1  top10%=1
Cycle  70: GP refit  (79 labelled)
  → 1CoITe-1  gap=0.971 eV  best=7.022 eV  top50=1  top10%=1
Cycle  71: full DKL retrain  (80 labelled)
GP warmup: 20 epochs on initial embeddings
Joint DKL training: 50 epochs
  Epoch 20/50  loss=-0.7483
  Epoch 40/50  loss=-0.8707
DKL training done in 0.6s
  → 2OsO2-1  gap=1.005 eV  best=7.022 eV  top50=1  top10%=1
Cycle  72: GP refit  (81 labelled)
  → 1BiITe-1  gap=0.929 eV  best=7.022 eV  top50=1  top10%=1
Cycle  73: GP refit  (82 labelled)
  → 1BrCoTe-1  gap=1.810 eV  best=7.022 eV  top50=1  top10%=1
Cycle  74: GP refit  (83 labelled)
  → 4OBi2Se2-1  gap=1.736 eV  best=7.022 eV  top50=1  top10%=1
Cycle  75: GP refit  (84 labelled)
  → 1OBi2S2-1  gap=1.179 eV  best=7.022 eV  top50=1  top10%=1
Cycle  76: full DKL retrain  (85 labelled)
GP warmup: 20 epochs on initial embeddings
Joint DKL training: 50 epochs
  Epoch 20/50  loss=-0.6453
  Epoch 40/50  loss=-0.7933
DKL training done in 0.6s
  → 2IrTaTe4-1  gap=0.119 eV  best=7.022 eV  top50=1  top10%=1
Cycle  77: GP refit  (86 labelled)
  → 1ISbTe-1  gap=1.322 eV  best=7.022 eV  top50=1  top10%=1
Cycle  78: GP refit  (87 labelled)
  → 1IIrTe-1  gap=1.821 eV  best=7.022 eV  top50=1  top10%=1
Cycle  79: GP refit  (88 labelled)
  → 1SNb3I7-1  gap=1.235 eV  best=7.022 eV  top50=1  top10%=1
Cycle  80: GP refit  (89 labelled)
  → 1AsITe-2  gap=0.872 eV  best=7.022 eV  top50=1  top10%=1
Cycle  81: full DKL retrain  (90 labelled)
GP warmup: 20 epochs on initial embeddings
Joint DKL training: 50 epochs
  Epoch 20/50  loss=-0.5511
  Epoch 40/50  loss=-0.7208
DKL training done in 0.6s
  → 1AsBrTe-2  gap=1.662 eV  best=7.022 eV  top50=1  top10%=1
Cycle  82: GP refit  (91 labelled)
  → 1AsITe-1  gap=1.502 eV  best=7.022 eV  top50=1  top10%=1
Cycle  83: GP refit  (92 labelled)
  → 1AsClTe-2  gap=1.824 eV  best=7.022 eV  top50=1  top10%=1
Cycle  84: GP refit  (93 labelled)
  → 1VSe2-1  gap=0.977 eV  best=7.022 eV  top50=1  top10%=1
Cycle  85: GP refit  (94 labelled)
  → 2SeV-4  gap=0.788 eV  best=7.022 eV  top50=1  top10%=1
Cycle  86: full DKL retrain  (95 labelled)
GP warmup: 20 epochs on initial embeddings
Joint DKL training: 50 epochs
  Epoch 20/50  loss=-0.5891
  Epoch 40/50  loss=-0.7507
DKL training done in 0.5s
  → 2SV-4  gap=0.642 eV  best=7.022 eV  top50=1  top10%=1
Cycle  87: GP refit  (96 labelled)
  → 2RuSe2-1  gap=1.595 eV  best=7.022 eV  top50=1  top10%=1
Cycle  88: GP refit  (97 labelled)
  → 1ISSb-1  gap=1.782 eV  best=7.022 eV  top50=1  top10%=1
Cycle  89: GP refit  (98 labelled)
  → 1BiISe-2  gap=1.189 eV  best=7.022 eV  top50=1  top10%=1
Cycle  90: GP refit  (99 labelled)
  → 1ONb3I7-1  gap=0.952 eV  best=7.022 eV  top50=1  top10%=1
Cycle  91: full DKL retrain  (100 labelled)
GP warmup: 20 epochs on initial embeddings
Joint DKL training: 50 epochs
  Epoch 20/50  loss=-0.6948
  Epoch 40/50  loss=-0.8456
DKL training done in 0.6s
  → 1TeTa3I7-1  gap=1.223 eV  best=7.022 eV  top50=1  top10%=1
Cycle  92: GP refit  (101 labelled)
  → 4TaS3-1  gap=0.823 eV  best=7.022 eV  top50=1  top10%=1
Cycle  93: GP refit  (102 labelled)
  → 1Nb3I8-1  gap=0.824 eV  best=7.022 eV  top50=1  top10%=1
Cycle  94: GP refit  (103 labelled)
  → 2RhTaS4-1  gap=1.231 eV  best=7.022 eV  top50=1  top10%=1
Cycle  95: GP refit  (104 labelled)
  → 1SeTa3I7-1  gap=1.256 eV  best=7.022 eV  top50=1  top10%=1
Cycle  96: full DKL retrain  (105 labelled)
GP warmup: 20 epochs on initial embeddings
Joint DKL training: 50 epochs
  Epoch 20/50  loss=-0.8149
  Epoch 40/50  loss=-0.9437
DKL training done in 0.6s
  → 1VTe2-1  gap=0.854 eV  best=7.022 eV  top50=1  top10%=1
Cycle  97: GP refit  (106 labelled)
  → 2NbOI2-1  gap=1.845 eV  best=7.022 eV  top50=1  top10%=1
Cycle  98: GP refit  (107 labelled)
  → 1Ta3I8-1  gap=0.694 eV  best=7.022 eV  top50=1  top10%=1
Cycle  99: GP refit  (108 labelled)
  → 1STa3I7-1  gap=1.295 eV  best=7.022 eV  top50=1  top10%=1
Cycle 100: GP refit  (109 labelled)
  → 1BrIV-1  gap=3.500 eV  best=7.022 eV  top50=1  top10%=1
  dkl_finetune/seed19 → best_inwin=0.701 top50=21
BOLoop: 766 materials  |  direction=max  |  top-50 internal threshold=5.35  top-10% internal threshold=4.94
Init: 10 random labels  |  best (max) = 3.731
Cycle   1: full DKL retrain  (10 labelled)
GP warmup: 20 epochs on initial embeddings
/home/roy/Desktop/DKL-BO/venv/lib/python3.13/site-packages/torch/_compile.py:54: UserWarning: optimizer contains a parameter group with duplicate parameters; in future, this will cause an error; see github.com/pytorch/pytorch/issues/40967 for more information
  return disable_fn(*args, **kwargs)
Joint DKL training: 50 epochs
  Epoch 20/50  loss=1.2640
  Epoch 40/50  loss=1.1576
DKL training done in 0.5s
  → 2AgAuCl4-1  gap=2.332 eV  best=3.731 eV  top50=0  top10%=0
Cycle   2: GP refit  (11 labelled)
  → 1CrMo3Te8-1  gap=1.105 eV  best=3.731 eV  top50=0  top10%=0
Cycle   3: GP refit  (12 labelled)
  → 1WMo3Te8-1  gap=1.326 eV  best=3.731 eV  top50=0  top10%=0
Cycle   4: GP refit  (13 labelled)
  → 2MoWTe4-1  gap=1.279 eV  best=3.731 eV  top50=0  top10%=0
Cycle   5: GP refit  (14 labelled)
  → 1MoW3Te8-1  gap=1.220 eV  best=3.731 eV  top50=0  top10%=0
Cycle   6: full DKL retrain  (15 labelled)
GP warmup: 20 epochs on initial embeddings
Joint DKL training: 50 epochs
  Epoch 20/50  loss=0.5496
  Epoch 40/50  loss=0.2679
DKL training done in 0.5s
  → 1CrW3Te8-1  gap=0.937 eV  best=3.731 eV  top50=0  top10%=0
Cycle   7: GP refit  (16 labelled)
  → 2TiZrTe4-1  gap=0.744 eV  best=3.731 eV  top50=0  top10%=0
Cycle   8: GP refit  (17 labelled)
  → 1ZrTe2-2  gap=0.836 eV  best=3.731 eV  top50=0  top10%=0
Cycle   9: GP refit  (18 labelled)
  → 1TiZr3Te8-1  gap=0.793 eV  best=3.731 eV  top50=0  top10%=0
Cycle  10: GP refit  (19 labelled)
  → 2HfBr2-1  gap=1.334 eV  best=3.731 eV  top50=0  top10%=0
Cycle  11: full DKL retrain  (20 labelled)
GP warmup: 20 epochs on initial embeddings
Joint DKL training: 50 epochs
  Epoch 20/50  loss=1.3687
  Epoch 40/50  loss=-1.5402
DKL training done in 0.5s
  → 2HfZrTe4-1  gap=0.717 eV  best=3.731 eV  top50=0  top10%=0
Cycle  12: GP refit  (21 labelled)
  → 1HfZr3Te8-1  gap=0.766 eV  best=3.731 eV  top50=0  top10%=0
Cycle  13: GP refit  (22 labelled)
  → 2TeTi-4  gap=0.440 eV  best=3.731 eV  top50=0  top10%=0
Cycle  14: GP refit  (23 labelled)
  → 1ClCrTe-1  gap=1.108 eV  best=3.731 eV  top50=0  top10%=0
Cycle  15: GP refit  (24 labelled)
  → 1BrTeTi-1  gap=0.763 eV  best=3.731 eV  top50=0  top10%=0
Cycle  16: full DKL retrain  (25 labelled)
GP warmup: 20 epochs on initial embeddings
Joint DKL training: 50 epochs
  Epoch 20/50  loss=-0.0564
  Epoch 40/50  loss=-1.1313
DKL training done in 0.5s
  → 1STeZr-2  gap=0.672 eV  best=3.731 eV  top50=0  top10%=0
Cycle  17: GP refit  (26 labelled)
  → 2PtTeS3-1  gap=1.731 eV  best=3.731 eV  top50=0  top10%=0
Cycle  18: GP refit  (27 labelled)
  → 1HfI2-1  gap=1.022 eV  best=3.731 eV  top50=0  top10%=0
Cycle  19: GP refit  (28 labelled)
  → 1SeTeTi-2  gap=0.600 eV  best=3.731 eV  top50=0  top10%=0
Cycle  20: GP refit  (29 labelled)
  → 1HfSeTe-2  gap=0.637 eV  best=3.731 eV  top50=0  top10%=0
Cycle  21: full DKL retrain  (30 labelled)
GP warmup: 20 epochs on initial embeddings
Joint DKL training: 50 epochs
  Epoch 20/50  loss=-0.4430
  Epoch 40/50  loss=-0.8449
DKL training done in 0.5s
  → 2CrWTe4-1  gap=0.876 eV  best=3.731 eV  top50=0  top10%=0
Cycle  22: GP refit  (31 labelled)
  → 1AgCrP2Se6-1  gap=1.789 eV  best=3.731 eV  top50=0  top10%=0
Cycle  23: GP refit  (32 labelled)
  → 1HfSTe-2  gap=0.481 eV  best=3.731 eV  top50=0  top10%=0
Cycle  24: GP refit  (33 labelled)
  → 1SeBi2S2-1  gap=0.923 eV  best=3.731 eV  top50=0  top10%=0
Cycle  25: GP refit  (34 labelled)
  → 2CrMoTe4-1  gap=0.980 eV  best=3.731 eV  top50=0  top10%=0
Cycle  26: full DKL retrain  (35 labelled)
GP warmup: 20 epochs on initial embeddings
Joint DKL training: 50 epochs
  Epoch 20/50  loss=-0.5352
  Epoch 40/50  loss=-0.7211
DKL training done in 0.5s
  → 1MoCr3Te8-1  gap=0.893 eV  best=3.731 eV  top50=0  top10%=0
Cycle  27: GP refit  (36 labelled)
  → 1WCr3Te8-1  gap=0.841 eV  best=3.731 eV  top50=0  top10%=0
Cycle  28: GP refit  (37 labelled)
  → 1VTe2-1  gap=0.854 eV  best=3.731 eV  top50=0  top10%=0
Cycle  29: GP refit  (38 labelled)
  → 1SSeZr-2  gap=1.777 eV  best=3.731 eV  top50=0  top10%=0
Cycle  30: GP refit  (39 labelled)
  → 2AgTe-2  gap=0.242 eV  best=3.731 eV  top50=0  top10%=0
Cycle  31: full DKL retrain  (40 labelled)
GP warmup: 20 epochs on initial embeddings
Joint DKL training: 50 epochs
  Epoch 20/50  loss=0.0654
  Epoch 40/50  loss=-0.6947
DKL training done in 0.5s
  → 2CrNbTe5-1  gap=0.029 eV  best=3.731 eV  top50=0  top10%=0
Cycle  32: GP refit  (41 labelled)
  → 1SeTeZr-2  gap=0.783 eV  best=3.731 eV  top50=0  top10%=0
Cycle  33: GP refit  (42 labelled)
  → 2FeTe2-1  gap=0.581 eV  best=3.731 eV  top50=0  top10%=0
Cycle  34: GP refit  (43 labelled)
  → 1SeTeV-1  gap=0.831 eV  best=3.731 eV  top50=0  top10%=0
Cycle  35: GP refit  (44 labelled)
  → 1BiFTe-1  gap=1.179 eV  best=3.731 eV  top50=0  top10%=0
Cycle  36: full DKL retrain  (45 labelled)
GP warmup: 20 epochs on initial embeddings
Joint DKL training: 50 epochs
  Epoch 20/50  loss=-0.2991
  Epoch 40/50  loss=-0.4226
DKL training done in 0.5s
  → 1AgCrP2Te6-1  gap=1.137 eV  best=3.731 eV  top50=0  top10%=0
Cycle  37: GP refit  (46 labelled)
  → 1BiBrTe-2  gap=1.162 eV  best=3.731 eV  top50=0  top10%=0
Cycle  38: GP refit  (47 labelled)
  → 1HfSSe-1  gap=1.512 eV  best=3.731 eV  top50=0  top10%=0
Cycle  39: GP refit  (48 labelled)
  → 1GaInTe2-1  gap=1.532 eV  best=3.731 eV  top50=0  top10%=0
Cycle  40: GP refit  (49 labelled)
  → 1HfSSe-2  gap=1.645 eV  best=3.731 eV  top50=0  top10%=0
Cycle  41: full DKL retrain  (50 labelled)
GP warmup: 20 epochs on initial embeddings
Joint DKL training: 50 epochs
  Epoch 20/50  loss=-0.4626
  Epoch 40/50  loss=-0.6655
DKL training done in 0.6s
  → 1SNb3I7-1  gap=1.235 eV  best=3.731 eV  top50=0  top10%=0
Cycle  42: GP refit  (51 labelled)
  → 1TeNb3I7-1  gap=1.241 eV  best=3.731 eV  top50=0  top10%=0
Cycle  43: GP refit  (52 labelled)
  → 1TeNb3Cl7-1  gap=1.542 eV  best=3.731 eV  top50=0  top10%=0
Cycle  44: GP refit  (53 labelled)
  → 2IrNbS4-1  gap=1.253 eV  best=3.731 eV  top50=0  top10%=0
Cycle  45: GP refit  (54 labelled)
  → 1BrISCd2-1  gap=1.715 eV  best=3.731 eV  top50=0  top10%=0
Cycle  46: full DKL retrain  (55 labelled)
GP warmup: 20 epochs on initial embeddings
Joint DKL training: 50 epochs
  Epoch 20/50  loss=-0.6984
  Epoch 40/50  loss=-0.8805
DKL training done in 0.5s
  → 4TaS3-1  gap=0.823 eV  best=3.731 eV  top50=0  top10%=0
Cycle  47: GP refit  (56 labelled)
  → 1WAg2Te4-1  gap=1.318 eV  best=3.731 eV  top50=0  top10%=0
Cycle  48: GP refit  (57 labelled)
  → 1Ta3I8-1  gap=0.694 eV  best=3.731 eV  top50=0  top10%=0
Cycle  49: GP refit  (58 labelled)
  → 1ClHfI-1  gap=1.295 eV  best=3.731 eV  top50=0  top10%=0
Cycle  50: GP refit  (59 labelled)
  → 2IrTaS4-1  gap=1.331 eV  best=3.731 eV  top50=0  top10%=0
Cycle  51: full DKL retrain  (60 labelled)
GP warmup: 20 epochs on initial embeddings
Joint DKL training: 50 epochs
  Epoch 20/50  loss=-0.7978
  Epoch 40/50  loss=-0.9914
DKL training done in 0.6s
  → 1STa3Br7-1  gap=1.510 eV  best=3.731 eV  top50=0  top10%=0
Cycle  52: GP refit  (61 labelled)
  → 2FRb-1  gap=6.553 eV  best=6.553 eV  top50=1  top10%=1
Cycle  53: GP refit  (62 labelled)
  → 1CrSTe-1  gap=0.820 eV  best=6.553 eV  top50=1  top10%=1
Cycle  54: GP refit  (63 labelled)
  → 1CrSeTe-1  gap=0.994 eV  best=6.553 eV  top50=1  top10%=1
Cycle  55: GP refit  (64 labelled)
  → 2RuSe2-1  gap=1.595 eV  best=6.553 eV  top50=1  top10%=1
Cycle  56: full DKL retrain  (65 labelled)
GP warmup: 20 epochs on initial embeddings
Joint DKL training: 50 epochs
  Epoch 20/50  loss=0.1420
  Epoch 40/50  loss=-0.1692
DKL training done in 0.6s
  → 1BiIS-2  gap=1.178 eV  best=6.553 eV  top50=1  top10%=1
Cycle  57: GP refit  (66 labelled)
  → 2TeZr-4  gap=0.652 eV  best=6.553 eV  top50=1  top10%=1
Cycle  58: GP refit  (67 labelled)
  → 2RuS2-1  gap=1.583 eV  best=6.553 eV  top50=1  top10%=1
Cycle  59: GP refit  (68 labelled)
  → 1BiClTe-2  gap=1.151 eV  best=6.553 eV  top50=1  top10%=1
Cycle  60: GP refit  (69 labelled)
  → 1STeW-2  gap=0.205 eV  best=6.553 eV  top50=1  top10%=1
Cycle  61: full DKL retrain  (70 labelled)
GP warmup: 20 epochs on initial embeddings
Joint DKL training: 50 epochs
  Epoch 20/50  loss=-0.4712
  Epoch 40/50  loss=-0.6469
DKL training done in 0.6s
  → 1AgInP2S6-1  gap=2.365 eV  best=6.553 eV  top50=1  top10%=1
Cycle  62: GP refit  (71 labelled)
  → 1Nb3I8-1  gap=0.824 eV  best=6.553 eV  top50=1  top10%=1
Cycle  63: GP refit  (72 labelled)
  → 1WTe2-1  gap=1.141 eV  best=6.553 eV  top50=1  top10%=1
Cycle  64: GP refit  (73 labelled)
  → 1CoITe-1  gap=0.971 eV  best=6.553 eV  top50=1  top10%=1
Cycle  65: GP refit  (74 labelled)
  → 1InN-1  gap=1.565 eV  best=6.553 eV  top50=1  top10%=1
Cycle  66: full DKL retrain  (75 labelled)
GP warmup: 20 epochs on initial embeddings
Joint DKL training: 50 epochs
  Epoch 20/50  loss=-0.3153
  Epoch 40/50  loss=-0.5037
DKL training done in 0.6s
  → 1STeW-1  gap=1.681 eV  best=6.553 eV  top50=1  top10%=1
Cycle  67: GP refit  (76 labelled)
  → 1BiITe-2  gap=0.995 eV  best=6.553 eV  top50=1  top10%=1
Cycle  68: GP refit  (77 labelled)
  → 1MoSTe-2  gap=0.233 eV  best=6.553 eV  top50=1  top10%=1
Cycle  69: GP refit  (78 labelled)
  → 1SeTeW-1  gap=1.493 eV  best=6.553 eV  top50=1  top10%=1
Cycle  70: GP refit  (79 labelled)
  → 2AgO-1  gap=1.126 eV  best=6.553 eV  top50=1  top10%=1
Cycle  71: full DKL retrain  (80 labelled)
GP warmup: 20 epochs on initial embeddings
Joint DKL training: 50 epochs
  Epoch 20/50  loss=-0.4969
  Epoch 40/50  loss=-0.6963
DKL training done in 0.6s
  → 2IIrS-2  gap=1.749 eV  best=6.553 eV  top50=1  top10%=1
Cycle  72: GP refit  (81 labelled)
  → 2GaTe-1  gap=1.862 eV  best=6.553 eV  top50=1  top10%=1
Cycle  73: GP refit  (82 labelled)
  → 1IIrTe-1  gap=1.821 eV  best=6.553 eV  top50=1  top10%=1
Cycle  74: GP refit  (83 labelled)
  → 2AgF-3  gap=2.475 eV  best=6.553 eV  top50=1  top10%=1
Cycle  75: GP refit  (84 labelled)
  → 2HfI2-1  gap=1.014 eV  best=6.553 eV  top50=1  top10%=1
Cycle  76: full DKL retrain  (85 labelled)
GP warmup: 20 epochs on initial embeddings
Joint DKL training: 50 epochs
  Epoch 20/50  loss=-0.3369
  Epoch 40/50  loss=-0.5388
DKL training done in 0.6s
  → 2IrNbTe4-1  gap=0.033 eV  best=6.553 eV  top50=1  top10%=1
Cycle  77: GP refit  (86 labelled)
  → 1BrCoTe-1  gap=1.810 eV  best=6.553 eV  top50=1  top10%=1
Cycle  78: GP refit  (87 labelled)
  → 2BaBi2S4-1  gap=2.313 eV  best=6.553 eV  top50=1  top10%=1
Cycle  79: GP refit  (88 labelled)
  → 2BiIn-1  gap=0.138 eV  best=6.553 eV  top50=1  top10%=1
Cycle  80: GP refit  (89 labelled)
  → 1STa3I7-1  gap=1.295 eV  best=6.553 eV  top50=1  top10%=1
Cycle  81: full DKL retrain  (90 labelled)
GP warmup: 20 epochs on initial embeddings
Joint DKL training: 50 epochs
  Epoch 20/50  loss=-0.1996
  Epoch 40/50  loss=-0.3553
DKL training done in 0.6s
  → 2AgBr-3  gap=3.092 eV  best=6.553 eV  top50=1  top10%=1
Cycle  82: GP refit  (91 labelled)
  → 2AgCl-7  gap=3.462 eV  best=6.553 eV  top50=1  top10%=1
Cycle  83: GP refit  (92 labelled)
  → 2TiCl2-1  gap=0.997 eV  best=6.553 eV  top50=1  top10%=1
Cycle  84: GP refit  (93 labelled)
  → 1VSe2-1  gap=0.977 eV  best=6.553 eV  top50=1  top10%=1
Cycle  85: GP refit  (94 labelled)
  → 1CrSe2-1  gap=1.128 eV  best=6.553 eV  top50=1  top10%=1
Cycle  86: full DKL retrain  (95 labelled)
GP warmup: 20 epochs on initial embeddings
Joint DKL training: 50 epochs
  Epoch 20/50  loss=0.1456
  Epoch 40/50  loss=-0.0023
DKL training done in 0.5s
  → 2AgSe-1  gap=1.179 eV  best=6.553 eV  top50=1  top10%=1
Cycle  87: GP refit  (96 labelled)
  → 1CdGaInS4-1  gap=1.340 eV  best=6.553 eV  top50=1  top10%=1
Cycle  88: GP refit  (97 labelled)
  → 1BiFS-1  gap=2.255 eV  best=6.553 eV  top50=1  top10%=1
Cycle  89: GP refit  (98 labelled)
  → 4AsNiS-1  gap=1.507 eV  best=6.553 eV  top50=1  top10%=1
Cycle  90: GP refit  (99 labelled)
  → 1AgScP2Se6-1  gap=2.775 eV  best=6.553 eV  top50=1  top10%=1
Cycle  91: full DKL retrain  (100 labelled)
GP warmup: 20 epochs on initial embeddings
Joint DKL training: 50 epochs
  Epoch 20/50  loss=-0.0973
  Epoch 40/50  loss=-0.2458
DKL training done in 0.6s
  → 3RuSCl2-1  gap=1.131 eV  best=6.553 eV  top50=1  top10%=1
Cycle  92: GP refit  (101 labelled)
  → 1AuInCl2S2-1  gap=2.584 eV  best=6.553 eV  top50=1  top10%=1
Cycle  93: GP refit  (102 labelled)
  → 2TiBr2-1  gap=0.817 eV  best=6.553 eV  top50=1  top10%=1
Cycle  94: GP refit  (103 labelled)
  → 1BiISe-2  gap=1.189 eV  best=6.553 eV  top50=1  top10%=1
Cycle  95: GP refit  (104 labelled)
  → 1TeTa3I7-1  gap=1.223 eV  best=6.553 eV  top50=1  top10%=1
Cycle  96: full DKL retrain  (105 labelled)
GP warmup: 20 epochs on initial embeddings
Joint DKL training: 50 epochs
  Epoch 20/50  loss=-0.2039
  Epoch 40/50  loss=-0.3847
DKL training done in 0.5s
  → 2TeTl-2  gap=0.681 eV  best=6.553 eV  top50=1  top10%=1
Cycle  97: GP refit  (106 labelled)
  → 1AsIS-1  gap=1.950 eV  best=6.553 eV  top50=1  top10%=1
Cycle  98: GP refit  (107 labelled)
  → 1OBi2S2-1  gap=1.179 eV  best=6.553 eV  top50=1  top10%=1
Cycle  99: GP refit  (108 labelled)
  → 1AgAlAs2Se6-1  gap=1.577 eV  best=6.553 eV  top50=1  top10%=1
Cycle 100: GP refit  (109 labelled)
  → 1TiI2-2  gap=0.828 eV  best=6.553 eV  top50=1  top10%=1
  dkl_finetune/seed20 → best_inwin=0.717 top50=17
BOLoop: 766 materials  |  direction=max  |  top-50 internal threshold=5.35  top-10% internal threshold=4.94
Init: 10 random labels  |  best (max) = 5.324
Cycle   1: full DKL retrain  (10 labelled)
GP warmup: 20 epochs on initial embeddings
/home/roy/Desktop/DKL-BO/venv/lib/python3.13/site-packages/torch/_compile.py:54: UserWarning: optimizer contains a parameter group with duplicate parameters; in future, this will cause an error; see github.com/pytorch/pytorch/issues/40967 for more information
  return disable_fn(*args, **kwargs)
Joint DKL training: 50 epochs
  Epoch 20/50  loss=1.7341
  Epoch 40/50  loss=1.6199
DKL training done in 0.5s
  → 4LiPS2-1  gap=2.290 eV  best=5.324 eV  top50=0  top10%=0
Cycle   2: GP refit  (11 labelled)
  → 2V2O5-3  gap=3.877 eV  best=5.324 eV  top50=0  top10%=0
Cycle   3: GP refit  (12 labelled)
  → 1CoNaP2S6-1  gap=1.851 eV  best=5.324 eV  top50=0  top10%=0
Cycle   4: GP refit  (13 labelled)
  → 1AgAlP2S6-1  gap=3.132 eV  best=5.324 eV  top50=0  top10%=0
Cycle   5: GP refit  (14 labelled)
  → 2PtTeS3-1  gap=1.731 eV  best=5.324 eV  top50=0  top10%=0
Cycle   6: full DKL retrain  (15 labelled)
GP warmup: 20 epochs on initial embeddings
Joint DKL training: 50 epochs
  Epoch 20/50  loss=1.1876
  Epoch 40/50  loss=1.0186
DKL training done in 0.7s
  → 2ClCu-4  gap=3.657 eV  best=5.324 eV  top50=0  top10%=0
Cycle   7: GP refit  (16 labelled)
  → 4NbS3-2  gap=1.030 eV  best=5.324 eV  top50=0  top10%=0
Cycle   8: GP refit  (17 labelled)
  → 2NiTeS3-1  gap=1.567 eV  best=5.324 eV  top50=0  top10%=0
Cycle   9: GP refit  (18 labelled)
  → 2PdTeS3-1  gap=1.818 eV  best=5.324 eV  top50=0  top10%=0
Cycle  10: GP refit  (19 labelled)
  → 1MoOS-1  gap=1.831 eV  best=5.324 eV  top50=0  top10%=0
Cycle  11: full DKL retrain  (20 labelled)
GP warmup: 20 epochs on initial embeddings
Joint DKL training: 50 epochs
  Epoch 20/50  loss=0.4124
  Epoch 40/50  loss=0.3054
DKL training done in 0.6s
  → 2RhTaS4-1  gap=1.231 eV  best=5.324 eV  top50=0  top10%=0
Cycle  12: GP refit  (21 labelled)
  → 1MoS2-1  gap=2.087 eV  best=5.324 eV  top50=0  top10%=0
Cycle  13: GP refit  (22 labelled)
  → 1BrISCd2-1  gap=1.715 eV  best=5.324 eV  top50=0  top10%=0
Cycle  14: GP refit  (23 labelled)
  → 1CrHS2-1  gap=2.800 eV  best=5.324 eV  top50=0  top10%=0
Cycle  15: GP refit  (24 labelled)
  → 1FeHfI6-1  gap=2.795 eV  best=5.324 eV  top50=0  top10%=0
Cycle  16: full DKL retrain  (25 labelled)
GP warmup: 20 epochs on initial embeddings
Joint DKL training: 50 epochs
  Epoch 20/50  loss=0.8253
  Epoch 40/50  loss=-0.1739
DKL training done in 0.5s
  → 4TaS3-1  gap=0.823 eV  best=5.324 eV  top50=0  top10%=0
Cycle  17: GP refit  (26 labelled)
  → 1MnNbSe4-1  gap=0.598 eV  best=5.324 eV  top50=0  top10%=0
Cycle  18: GP refit  (27 labelled)
  → 2RhSe-3  gap=0.337 eV  best=5.324 eV  top50=0  top10%=0
Cycle  19: GP refit  (28 labelled)
  → 2IrNbS4-1  gap=1.253 eV  best=5.324 eV  top50=0  top10%=0
Cycle  20: GP refit  (29 labelled)
  → 1BrCoTe-1  gap=1.810 eV  best=5.324 eV  top50=0  top10%=0
Cycle  21: full DKL retrain  (30 labelled)
GP warmup: 20 epochs on initial embeddings
Joint DKL training: 50 epochs
  Epoch 20/50  loss=-0.5744
  Epoch 40/50  loss=-0.9852
DKL training done in 0.4s
  → 2CrWSe4-1  gap=1.203 eV  best=5.324 eV  top50=0  top10%=0
Cycle  22: GP refit  (31 labelled)
  → 1IRhSe-1  gap=1.425 eV  best=5.324 eV  top50=0  top10%=0
Cycle  23: GP refit  (32 labelled)
  → 2ORh-2  gap=0.062 eV  best=5.324 eV  top50=0  top10%=0
Cycle  24: GP refit  (33 labelled)
  → 1Se3Ni4S5-1  gap=0.610 eV  best=5.324 eV  top50=0  top10%=0
Cycle  25: GP refit  (34 labelled)
  → 2FRhS-1  gap=2.175 eV  best=5.324 eV  top50=0  top10%=0
Cycle  26: full DKL retrain  (35 labelled)
GP warmup: 20 epochs on initial embeddings
Joint DKL training: 50 epochs
  Epoch 20/50  loss=1.0194
  Epoch 40/50  loss=-0.6178
DKL training done in 0.6s
  → 1HfSe2-2  gap=1.626 eV  best=5.324 eV  top50=0  top10%=0
Cycle  27: GP refit  (36 labelled)
  → 1SeNi2S3-1  gap=1.350 eV  best=5.324 eV  top50=0  top10%=0
Cycle  28: GP refit  (37 labelled)
  → 1CrSe2-1  gap=1.128 eV  best=5.324 eV  top50=0  top10%=0
Cycle  29: GP refit  (38 labelled)
  → 1Cd2Mn3O8-1  gap=3.208 eV  best=5.324 eV  top50=0  top10%=0
Cycle  30: GP refit  (39 labelled)
  → 2FeS2-1  gap=1.331 eV  best=5.324 eV  top50=0  top10%=0
Cycle  31: full DKL retrain  (40 labelled)
GP warmup: 20 epochs on initial embeddings
Joint DKL training: 50 epochs
  Epoch 20/50  loss=0.8162
  Epoch 40/50  loss=-0.2657
DKL training done in 0.6s
  → 1BrCoSe-1  gap=2.153 eV  best=5.324 eV  top50=0  top10%=0
Cycle  32: GP refit  (41 labelled)
  → 2FeSe2-1  gap=1.053 eV  best=5.324 eV  top50=0  top10%=0
Cycle  33: GP refit  (42 labelled)
  → 2IrS-3  gap=0.713 eV  best=5.324 eV  top50=0  top10%=0
Cycle  34: GP refit  (43 labelled)
  → 2ClRhS-1  gap=2.270 eV  best=5.324 eV  top50=0  top10%=0
Cycle  35: GP refit  (44 labelled)
  → 1CrW3Se8-1  gap=1.333 eV  best=5.324 eV  top50=0  top10%=0
Cycle  36: full DKL retrain  (45 labelled)
GP warmup: 20 epochs on initial embeddings
Joint DKL training: 50 epochs
  Epoch 20/50  loss=1.7453
  Epoch 40/50  loss=0.0432
DKL training done in 0.5s
  → 1OSeW-1  gap=2.004 eV  best=5.324 eV  top50=0  top10%=0
Cycle  37: GP refit  (46 labelled)
  → 1CrSSe-1  gap=1.241 eV  best=5.324 eV  top50=0  top10%=0
Cycle  38: GP refit  (47 labelled)
  → 2IrTaS4-1  gap=1.331 eV  best=5.324 eV  top50=0  top10%=0
Cycle  39: GP refit  (48 labelled)
  → 2IRhSe-1  gap=1.725 eV  best=5.324 eV  top50=0  top10%=0
Cycle  40: GP refit  (49 labelled)
  → 2CrWS4-1  gap=1.442 eV  best=5.324 eV  top50=0  top10%=0
Cycle  41: full DKL retrain  (50 labelled)
GP warmup: 20 epochs on initial embeddings
Joint DKL training: 50 epochs
  Epoch 20/50  loss=1.0940
  Epoch 40/50  loss=0.0122
DKL training done in 0.5s
  → 1CrS2-1  gap=1.351 eV  best=5.324 eV  top50=0  top10%=0
Cycle  42: GP refit  (51 labelled)
  → 1CrMo3Se8-1  gap=1.432 eV  best=5.324 eV  top50=0  top10%=0
Cycle  43: GP refit  (52 labelled)
  → 2IRhS-2  gap=1.665 eV  best=5.324 eV  top50=0  top10%=0
Cycle  44: GP refit  (53 labelled)
  → 2IrO-2  gap=0.230 eV  best=5.324 eV  top50=0  top10%=0
Cycle  45: GP refit  (54 labelled)
  → 1CdGaInS4-1  gap=1.340 eV  best=5.324 eV  top50=0  top10%=0
Cycle  46: full DKL retrain  (55 labelled)
GP warmup: 20 epochs on initial embeddings
Joint DKL training: 50 epochs
  Epoch 20/50  loss=-0.2347
  Epoch 40/50  loss=-0.6002
DKL training done in 0.5s
  → 2InS-1  gap=2.431 eV  best=5.324 eV  top50=0  top10%=0
Cycle  47: GP refit  (56 labelled)
  → 1MoCr3Te8-1  gap=0.893 eV  best=5.324 eV  top50=0  top10%=0
Cycle  48: GP refit  (57 labelled)
  → 1CrTe2-2  gap=0.869 eV  best=5.324 eV  top50=0  top10%=0
Cycle  49: GP refit  (58 labelled)
  → 1WCr3Te8-1  gap=0.841 eV  best=5.324 eV  top50=0  top10%=0
Cycle  50: GP refit  (59 labelled)
  → 2CrMoTe4-1  gap=0.980 eV  best=5.324 eV  top50=0  top10%=0
Cycle  51: full DKL retrain  (60 labelled)
GP warmup: 20 epochs on initial embeddings
Joint DKL training: 50 epochs
  Epoch 20/50  loss=-0.3757
  Epoch 40/50  loss=-0.6648
DKL training done in 0.6s
  → 2CrWTe4-1  gap=0.876 eV  best=5.324 eV  top50=0  top10%=0
Cycle  52: GP refit  (61 labelled)
  → 2CrNbTe5-1  gap=0.029 eV  best=5.324 eV  top50=0  top10%=0
Cycle  53: GP refit  (62 labelled)
  → 1CrW3Te8-1  gap=0.937 eV  best=5.324 eV  top50=0  top10%=0
Cycle  54: GP refit  (63 labelled)
  → 1HfSeTe-2  gap=0.637 eV  best=5.324 eV  top50=0  top10%=0
Cycle  55: GP refit  (64 labelled)
  → 2TeTi-4  gap=0.440 eV  best=5.324 eV  top50=0  top10%=0
Cycle  56: full DKL retrain  (65 labelled)
GP warmup: 20 epochs on initial embeddings
Joint DKL training: 50 epochs
  Epoch 20/50  loss=-0.5663
  Epoch 40/50  loss=-0.7677
DKL training done in 0.6s
  → 1SeTeTi-2  gap=0.600 eV  best=5.324 eV  top50=0  top10%=0
Cycle  57: GP refit  (66 labelled)
  → 1HfSTe-2  gap=0.481 eV  best=5.324 eV  top50=0  top10%=0
Cycle  58: GP refit  (67 labelled)
  → 1STeTi-2  gap=0.531 eV  best=5.324 eV  top50=0  top10%=0
Cycle  59: GP refit  (68 labelled)
  → 2IrTaTe4-1  gap=0.119 eV  best=5.324 eV  top50=0  top10%=0
Cycle  60: GP refit  (69 labelled)
  → 2OsTe2-1  gap=1.379 eV  best=5.324 eV  top50=0  top10%=0
Cycle  61: full DKL retrain  (70 labelled)
GP warmup: 20 epochs on initial embeddings
Joint DKL training: 50 epochs
  Epoch 20/50  loss=-0.4159
  Epoch 40/50  loss=-0.6681
DKL training done in 0.5s
  → 1SeTeZr-2  gap=0.783 eV  best=5.324 eV  top50=0  top10%=0
Cycle  62: GP refit  (71 labelled)
  → 1BrTeTi-1  gap=0.763 eV  best=5.324 eV  top50=0  top10%=0
Cycle  63: GP refit  (72 labelled)
  → 1HfZr3Te8-1  gap=0.766 eV  best=5.324 eV  top50=0  top10%=0
Cycle  64: GP refit  (73 labelled)
  → 1ZrTe2-2  gap=0.836 eV  best=5.324 eV  top50=0  top10%=0
Cycle  65: GP refit  (74 labelled)
  → 2FeTe2-1  gap=0.581 eV  best=5.324 eV  top50=0  top10%=0
Cycle  66: full DKL retrain  (75 labelled)
GP warmup: 20 epochs on initial embeddings
Joint DKL training: 50 epochs
  Epoch 20/50  loss=-0.8737
  Epoch 40/50  loss=-1.1152
DKL training done in 0.4s
  → 2HfZrTe4-1  gap=0.717 eV  best=5.324 eV  top50=0  top10%=0
Cycle  67: GP refit  (76 labelled)
  → 1TiZr3Te8-1  gap=0.793 eV  best=5.324 eV  top50=0  top10%=0
Cycle  68: GP refit  (77 labelled)
  → 1BiITe-2  gap=0.995 eV  best=5.324 eV  top50=0  top10%=0
Cycle  69: GP refit  (78 labelled)
  → 1GaInTe2-1  gap=1.532 eV  best=5.324 eV  top50=0  top10%=0
Cycle  70: GP refit  (79 labelled)
  → 1STeIn2-1  gap=1.141 eV  best=5.324 eV  top50=0  top10%=0
Cycle  71: full DKL retrain  (80 labelled)
GP warmup: 20 epochs on initial embeddings
Joint DKL training: 50 epochs
  Epoch 20/50  loss=-1.1062
  Epoch 40/50  loss=-1.3847
DKL training done in 0.5s
  → 1CrSeTe-1  gap=0.994 eV  best=5.324 eV  top50=0  top10%=0
Cycle  72: GP refit  (81 labelled)
  → 1STeW-1  gap=1.681 eV  best=5.324 eV  top50=0  top10%=0
Cycle  73: GP refit  (82 labelled)
  → 1IIrTe-1  gap=1.821 eV  best=5.324 eV  top50=0  top10%=0
Cycle  74: GP refit  (83 labelled)
  → 1CrMo3Te8-1  gap=1.105 eV  best=5.324 eV  top50=0  top10%=0
Cycle  75: GP refit  (84 labelled)
  → 1CrSTe-1  gap=0.820 eV  best=5.324 eV  top50=0  top10%=0
Cycle  76: full DKL retrain  (85 labelled)
GP warmup: 20 epochs on initial embeddings
Joint DKL training: 50 epochs
  Epoch 20/50  loss=-0.9149
  Epoch 40/50  loss=-1.1886
DKL training done in 0.6s
  → 2TeZr-4  gap=0.652 eV  best=5.324 eV  top50=0  top10%=0
Cycle  77: GP refit  (86 labelled)
  → 2MoWTe4-1  gap=1.279 eV  best=5.324 eV  top50=0  top10%=0
Cycle  78: GP refit  (87 labelled)
  → 2TeTl-2  gap=0.681 eV  best=5.324 eV  top50=0  top10%=0
Cycle  79: GP refit  (88 labelled)
  → 1MoSTe-1  gap=1.585 eV  best=5.324 eV  top50=0  top10%=0
Cycle  80: GP refit  (89 labelled)
  → 2RuTe2-1  gap=1.071 eV  best=5.324 eV  top50=0  top10%=0
Cycle  81: full DKL retrain  (90 labelled)
GP warmup: 20 epochs on initial embeddings
Joint DKL training: 50 epochs
  Epoch 20/50  loss=-1.0996
  Epoch 40/50  loss=-1.4013
DKL training done in 0.6s
  → 2TiZrTe4-1  gap=0.744 eV  best=5.324 eV  top50=0  top10%=0
Cycle  82: GP refit  (91 labelled)
  → 4BiLiO2-1  gap=3.784 eV  best=5.324 eV  top50=0  top10%=0
Cycle  83: GP refit  (92 labelled)
  → 1PdPt3O8-1  gap=2.448 eV  best=5.324 eV  top50=0  top10%=0
Cycle  84: GP refit  (93 labelled)
  → 1ClCrTe-1  gap=1.108 eV  best=5.324 eV  top50=0  top10%=0
Cycle  85: GP refit  (94 labelled)
  → 1VTe2-1  gap=0.854 eV  best=5.324 eV  top50=0  top10%=0
Cycle  86: full DKL retrain  (95 labelled)
GP warmup: 20 epochs on initial embeddings
Joint DKL training: 50 epochs
  Epoch 20/50  loss=-0.6047
  Epoch 40/50  loss=-1.0017
DKL training done in 0.6s
  → 1SeTeV-1  gap=0.831 eV  best=5.324 eV  top50=0  top10%=0
Cycle  87: GP refit  (96 labelled)
  → 1WMo3Te8-1  gap=1.326 eV  best=5.324 eV  top50=0  top10%=0
Cycle  88: GP refit  (97 labelled)
  → 2HNaTe-1  gap=3.492 eV  best=5.324 eV  top50=0  top10%=0
Cycle  89: GP refit  (98 labelled)
  → 1TiSe2-2  gap=1.460 eV  best=5.324 eV  top50=0  top10%=0
Cycle  90: GP refit  (99 labelled)
  → 1NiPdS4-1  gap=1.153 eV  best=5.324 eV  top50=0  top10%=0
Cycle  91: full DKL retrain  (100 labelled)
GP warmup: 20 epochs on initial embeddings
Joint DKL training: 50 epochs
  Epoch 20/50  loss=-0.7879
  Epoch 40/50  loss=-1.0797
DKL training done in 0.6s
  → 1NiPd3Se8-1  gap=0.702 eV  best=5.324 eV  top50=0  top10%=0
Cycle  92: GP refit  (101 labelled)
  → 1MoW3Te8-1  gap=1.220 eV  best=5.324 eV  top50=0  top10%=0
Cycle  93: GP refit  (102 labelled)
  → 1WTe2-1  gap=1.141 eV  best=5.324 eV  top50=0  top10%=0
Cycle  94: GP refit  (103 labelled)
  → 2TeV-4  gap=0.774 eV  best=5.324 eV  top50=0  top10%=0
Cycle  95: GP refit  (104 labelled)
  → 1AgCrP2Te6-1  gap=1.137 eV  best=5.324 eV  top50=0  top10%=0
Cycle  96: full DKL retrain  (105 labelled)
GP warmup: 20 epochs on initial embeddings
Joint DKL training: 50 epochs
  Epoch 20/50  loss=-1.1300
  Epoch 40/50  loss=-1.3549
DKL training done in 0.6s
  → 1ISbTe-2  gap=1.442 eV  best=5.324 eV  top50=0  top10%=0
Cycle  97: GP refit  (106 labelled)
  → 2SeTl-2  gap=0.891 eV  best=5.324 eV  top50=0  top10%=0
Cycle  98: GP refit  (107 labelled)
  → 2GaSe-1  gap=2.506 eV  best=5.324 eV  top50=0  top10%=0
Cycle  99: GP refit  (108 labelled)
  → 1MoTe2-1  gap=1.370 eV  best=5.324 eV  top50=0  top10%=0
Cycle 100: GP refit  (109 labelled)
  → 1AsITe-2  gap=0.872 eV  best=5.324 eV  top50=0  top10%=0
  dkl_finetune/seed21 → best_inwin=0.702 top50=20
BOLoop: 766 materials  |  direction=max  |  top-50 internal threshold=5.35  top-10% internal threshold=4.94
Init: 10 random labels  |  best (max) = 5.515
Cycle   1: full DKL retrain  (10 labelled)
GP warmup: 20 epochs on initial embeddings
/home/roy/Desktop/DKL-BO/venv/lib/python3.13/site-packages/torch/_compile.py:54: UserWarning: optimizer contains a parameter group with duplicate parameters; in future, this will cause an error; see github.com/pytorch/pytorch/issues/40967 for more information
  return disable_fn(*args, **kwargs)
Joint DKL training: 50 epochs
  Epoch 20/50  loss=2.0564
  Epoch 40/50  loss=1.9159
DKL training done in 0.5s
  → 1SeTa3I7-1  gap=1.256 eV  best=5.515 eV  top50=0  top10%=0
Cycle   2: GP refit  (11 labelled)
  → 1STa3I7-1  gap=1.295 eV  best=5.515 eV  top50=0  top10%=0
Cycle   3: GP refit  (12 labelled)
  → 1AgAlP2Se6-1  gap=2.339 eV  best=5.515 eV  top50=0  top10%=0
Cycle   4: GP refit  (13 labelled)
  → 1AgScP2Se6-1  gap=2.775 eV  best=5.515 eV  top50=0  top10%=0
Cycle   5: GP refit  (14 labelled)
  → 1PdZnP2Se6-1  gap=0.796 eV  best=5.515 eV  top50=0  top10%=0
Cycle   6: full DKL retrain  (15 labelled)
GP warmup: 20 epochs on initial embeddings
Joint DKL training: 50 epochs
  Epoch 20/50  loss=0.6219
  Epoch 40/50  loss=0.4984
DKL training done in 0.5s
  → 2IMnSbSe2-2  gap=0.701 eV  best=5.515 eV  top50=0  top10%=0
Cycle   7: GP refit  (16 labelled)
  → 2IIrSe-2  gap=1.857 eV  best=5.515 eV  top50=0  top10%=0
Cycle   8: GP refit  (17 labelled)
  → 1AgCrP2Te6-1  gap=1.137 eV  best=5.515 eV  top50=0  top10%=0
Cycle   9: GP refit  (18 labelled)
  → 1Nb3I8-1  gap=0.824 eV  best=5.515 eV  top50=0  top10%=0
Cycle  10: GP refit  (19 labelled)
  → 1TeNb3I7-1  gap=1.241 eV  best=5.515 eV  top50=0  top10%=0
Cycle  11: full DKL retrain  (20 labelled)
GP warmup: 20 epochs on initial embeddings
Joint DKL training: 50 epochs
  Epoch 20/50  loss=0.2987
  Epoch 40/50  loss=-0.3916
DKL training done in 0.5s
  → 2TeZr-4  gap=0.652 eV  best=5.515 eV  top50=0  top10%=0
Cycle  12: GP refit  (21 labelled)
  → 2SeZn-2  gap=3.054 eV  best=5.515 eV  top50=0  top10%=0
Cycle  13: GP refit  (22 labelled)
  → 2NbOI2-1  gap=1.845 eV  best=5.515 eV  top50=0  top10%=0
Cycle  14: GP refit  (23 labelled)
  → 2AuS-1  gap=2.010 eV  best=5.515 eV  top50=0  top10%=0
Cycle  15: GP refit  (24 labelled)
  → 1HfSeTe-2  gap=0.637 eV  best=5.515 eV  top50=0  top10%=0
Cycle  16: full DKL retrain  (25 labelled)
GP warmup: 20 epochs on initial embeddings
Joint DKL training: 50 epochs
  Epoch 20/50  loss=0.0312
  Epoch 40/50  loss=-0.2661
DKL training done in 0.5s
  → 1HfI2-1  gap=1.022 eV  best=5.515 eV  top50=0  top10%=0
Cycle  17: GP refit  (26 labelled)
  → 1AsITe-2  gap=0.872 eV  best=5.515 eV  top50=0  top10%=0
Cycle  18: GP refit  (27 labelled)
  → 2ClMnSbS2-2  gap=1.242 eV  best=5.515 eV  top50=0  top10%=0
Cycle  19: GP refit  (28 labelled)
  → 1ZrI2-1  gap=1.038 eV  best=5.515 eV  top50=0  top10%=0
Cycle  20: GP refit  (29 labelled)
  → 1ZnI2-3  gap=1.644 eV  best=5.515 eV  top50=0  top10%=0
Cycle  21: full DKL retrain  (30 labelled)
GP warmup: 20 epochs on initial embeddings
Joint DKL training: 50 epochs
  Epoch 20/50  loss=0.2094
  Epoch 40/50  loss=-0.5918
DKL training done in 0.5s
  → 2IRhTe-2  gap=1.432 eV  best=5.515 eV  top50=0  top10%=0
Cycle  22: GP refit  (31 labelled)
  → 1ISbSe-2  gap=1.592 eV  best=5.515 eV  top50=0  top10%=0
Cycle  23: GP refit  (32 labelled)
  → 2TeV-4  gap=0.774 eV  best=5.515 eV  top50=0  top10%=0
Cycle  24: GP refit  (33 labelled)
  → 1WCu2Te4-1  gap=1.488 eV  best=5.515 eV  top50=0  top10%=0
Cycle  25: GP refit  (34 labelled)
  → 4AsPtS-1  gap=2.061 eV  best=5.515 eV  top50=0  top10%=0
Cycle  26: full DKL retrain  (35 labelled)
GP warmup: 20 epochs on initial embeddings
Joint DKL training: 50 epochs
  Epoch 20/50  loss=-0.4435
  Epoch 40/50  loss=-0.5804
DKL training done in 0.5s
  → 1PtSeTe-1  gap=1.092 eV  best=5.515 eV  top50=0  top10%=0
Cycle  27: GP refit  (36 labelled)
  → 1HfSTe-2  gap=0.481 eV  best=5.515 eV  top50=0  top10%=0
Cycle  28: GP refit  (37 labelled)
  → 1STeZr-2  gap=0.672 eV  best=5.515 eV  top50=0  top10%=0
Cycle  29: GP refit  (38 labelled)
  → 1MoCu2Te4-1  gap=1.230 eV  best=5.515 eV  top50=0  top10%=0
Cycle  30: GP refit  (39 labelled)
  → 2AuTe-3  gap=0.078 eV  best=5.515 eV  top50=0  top10%=0
Cycle  31: full DKL retrain  (40 labelled)
GP warmup: 20 epochs on initial embeddings
Joint DKL training: 50 epochs
  Epoch 20/50  loss=-0.2693
  Epoch 40/50  loss=-0.4958
DKL training done in 0.4s
  → 1WS2-1  gap=2.055 eV  best=5.515 eV  top50=0  top10%=0
Cycle  32: GP refit  (41 labelled)
  → 1SSeW-1  gap=1.911 eV  best=5.515 eV  top50=0  top10%=0
Cycle  33: GP refit  (42 labelled)
  → 1WAg2Te4-1  gap=1.318 eV  best=5.515 eV  top50=0  top10%=0
Cycle  34: GP refit  (43 labelled)
  → 1GeTe-1  gap=1.994 eV  best=5.515 eV  top50=0  top10%=0
Cycle  35: GP refit  (44 labelled)
  → 2HfI2-1  gap=1.014 eV  best=5.515 eV  top50=0  top10%=0
Cycle  36: full DKL retrain  (45 labelled)
GP warmup: 20 epochs on initial embeddings
Joint DKL training: 50 epochs
  Epoch 20/50  loss=-0.1140
  Epoch 40/50  loss=-0.2409
DKL training done in 0.6s
  → 1STeW-2  gap=0.205 eV  best=5.515 eV  top50=0  top10%=0
Cycle  37: GP refit  (46 labelled)
  → 1IIrTe-1  gap=1.821 eV  best=5.515 eV  top50=0  top10%=0
Cycle  38: GP refit  (47 labelled)
  → 1MoW3Se8-1  gap=1.749 eV  best=5.515 eV  top50=0  top10%=0
Cycle  39: GP refit  (48 labelled)
  → 2MoWS4-1  gap=2.062 eV  best=5.515 eV  top50=0  top10%=0
Cycle  40: GP refit  (49 labelled)
  → 2IIrTe-2  gap=1.671 eV  best=5.515 eV  top50=0  top10%=0
Cycle  41: full DKL retrain  (50 labelled)
GP warmup: 20 epochs on initial embeddings
Joint DKL training: 50 epochs
  Epoch 20/50  loss=-0.0108
  Epoch 40/50  loss=-0.2672
DKL training done in 0.4s
  → 1ClHfI-1  gap=1.295 eV  best=5.515 eV  top50=0  top10%=0
Cycle  42: GP refit  (51 labelled)
  → 1MnNbSe4-1  gap=0.598 eV  best=5.515 eV  top50=0  top10%=0
Cycle  43: GP refit  (52 labelled)
  → 1WAu2Se4-1  gap=1.415 eV  best=5.515 eV  top50=0  top10%=0
Cycle  44: GP refit  (53 labelled)
  → 1BiITe-2  gap=0.995 eV  best=5.515 eV  top50=0  top10%=0
Cycle  45: GP refit  (54 labelled)
  → 2RuS2-1  gap=1.583 eV  best=5.515 eV  top50=0  top10%=0
Cycle  46: full DKL retrain  (55 labelled)
GP warmup: 20 epochs on initial embeddings
Joint DKL training: 50 epochs
  Epoch 20/50  loss=-0.3659
  Epoch 40/50  loss=-0.5764
DKL training done in 0.5s
  → 1ISbTe-2  gap=1.442 eV  best=5.515 eV  top50=0  top10%=0
Cycle  47: GP refit  (56 labelled)
  → 2AsITe-1  gap=0.417 eV  best=5.515 eV  top50=0  top10%=0
Cycle  48: GP refit  (57 labelled)
  → 1MoSe2-1  gap=1.804 eV  best=5.515 eV  top50=0  top10%=0
Cycle  49: GP refit  (58 labelled)
  → 1BrTeTi-1  gap=0.763 eV  best=5.515 eV  top50=0  top10%=0
Cycle  50: GP refit  (59 labelled)
  → 1ClITi-1  gap=1.187 eV  best=5.515 eV  top50=0  top10%=0
Cycle  51: full DKL retrain  (60 labelled)
GP warmup: 20 epochs on initial embeddings
Joint DKL training: 50 epochs
  Epoch 20/50  loss=-0.1338
  Epoch 40/50  loss=-0.4205
DKL training done in 0.6s
  → 2RuSe2-1  gap=1.595 eV  best=5.515 eV  top50=0  top10%=0
Cycle  52: GP refit  (61 labelled)
  → 1WAu2Te4-1  gap=0.792 eV  best=5.515 eV  top50=0  top10%=0
Cycle  53: GP refit  (62 labelled)
  → 1SnTe-1  gap=2.089 eV  best=5.515 eV  top50=0  top10%=0
Cycle  54: GP refit  (63 labelled)
  → 1HfSSe-1  gap=1.512 eV  best=5.515 eV  top50=0  top10%=0
Cycle  55: GP refit  (64 labelled)
  → 1AsITe-1  gap=1.502 eV  best=5.515 eV  top50=0  top10%=0
Cycle  56: full DKL retrain  (65 labelled)
GP warmup: 20 epochs on initial embeddings
Joint DKL training: 50 epochs
  Epoch 20/50  loss=-0.4150
  Epoch 40/50  loss=-0.6035
DKL training done in 0.6s
  → 1CrSeTe-1  gap=0.994 eV  best=5.515 eV  top50=0  top10%=0
Cycle  57: GP refit  (66 labelled)
  → 4NbS3-2  gap=1.030 eV  best=5.515 eV  top50=0  top10%=0
Cycle  58: GP refit  (67 labelled)
  → 2IrTaS4-1  gap=1.331 eV  best=5.515 eV  top50=0  top10%=0
Cycle  59: GP refit  (68 labelled)
  → 2ZrI2-1  gap=0.889 eV  best=5.515 eV  top50=0  top10%=0
Cycle  60: GP refit  (69 labelled)
  → 2IrNbS4-1  gap=1.253 eV  best=5.515 eV  top50=0  top10%=0
Cycle  61: full DKL retrain  (70 labelled)
GP warmup: 20 epochs on initial embeddings
Joint DKL training: 50 epochs
  Epoch 20/50  loss=-0.7363
  Epoch 40/50  loss=-1.0406
DKL training done in 0.6s
  → 1MoAu2Se4-1  gap=1.247 eV  best=5.515 eV  top50=0  top10%=0
Cycle  62: GP refit  (71 labelled)
  → 1MoSTe-1  gap=1.585 eV  best=5.515 eV  top50=0  top10%=0
Cycle  63: GP refit  (72 labelled)
  → 1CrMo3Te8-1  gap=1.105 eV  best=5.515 eV  top50=0  top10%=0
Cycle  64: GP refit  (73 labelled)
  → 2NiTeS3-1  gap=1.567 eV  best=5.515 eV  top50=0  top10%=0
Cycle  65: GP refit  (74 labelled)
  → 4AuI2-1  gap=0.880 eV  best=5.515 eV  top50=0  top10%=0
Cycle  66: full DKL retrain  (75 labelled)
GP warmup: 20 epochs on initial embeddings
Joint DKL training: 50 epochs
  Epoch 20/50  loss=-0.7029
  Epoch 40/50  loss=-0.8904
DKL training done in 0.5s
  → 1ZrSe2-2  gap=1.684 eV  best=5.515 eV  top50=0  top10%=0
Cycle  67: GP refit  (76 labelled)
  → 1WTe2-1  gap=1.141 eV  best=5.515 eV  top50=0  top10%=0
Cycle  68: GP refit  (77 labelled)
  → 1CrW3Te8-1  gap=0.937 eV  best=5.515 eV  top50=0  top10%=0
Cycle  69: GP refit  (78 labelled)
  → 2BiIn-1  gap=0.138 eV  best=5.515 eV  top50=0  top10%=0
Cycle  70: GP refit  (79 labelled)
  → 1MoW3Te8-1  gap=1.220 eV  best=5.515 eV  top50=0  top10%=0
Cycle  71: full DKL retrain  (80 labelled)
GP warmup: 20 epochs on initial embeddings
Joint DKL training: 50 epochs
  Epoch 20/50  loss=-0.7064
  Epoch 40/50  loss=-0.8733
DKL training done in 0.5s
  → 1SeTeZr-2  gap=0.783 eV  best=5.515 eV  top50=0  top10%=0
Cycle  72: GP refit  (81 labelled)
  → 2CrWTe4-1  gap=0.876 eV  best=5.515 eV  top50=0  top10%=0
Cycle  73: GP refit  (82 labelled)
  → 1Br2Se2Pb3-1  gap=1.452 eV  best=5.515 eV  top50=0  top10%=0
Cycle  74: GP refit  (83 labelled)
  → 2ClK-2  gap=6.136 eV  best=6.136 eV  top50=1  top10%=1
Cycle  75: GP refit  (84 labelled)
  → 1BrClS4I6In8-1  gap=1.965 eV  best=6.136 eV  top50=1  top10%=1
Cycle  76: full DKL retrain  (85 labelled)
GP warmup: 20 epochs on initial embeddings
Joint DKL training: 50 epochs
  Epoch 20/50  loss=-0.2567
  Epoch 40/50  loss=-0.9106
DKL training done in 0.5s
  → 2OsS2-1  gap=1.387 eV  best=6.136 eV  top50=1  top10%=1
Cycle  77: GP refit  (86 labelled)
  → 1CrSTe-1  gap=0.820 eV  best=6.136 eV  top50=1  top10%=1
Cycle  78: GP refit  (87 labelled)
  → 1HgTe-1  gap=0.279 eV  best=6.136 eV  top50=1  top10%=1
Cycle  79: GP refit  (88 labelled)
  → 1MoAu2S4-1  gap=1.621 eV  best=6.136 eV  top50=1  top10%=1
Cycle  80: GP refit  (89 labelled)
  → 2CrMoTe4-1  gap=0.980 eV  best=6.136 eV  top50=1  top10%=1
Cycle  81: full DKL retrain  (90 labelled)
GP warmup: 20 epochs on initial embeddings
Joint DKL training: 50 epochs
  Epoch 20/50  loss=-0.7499
  Epoch 40/50  loss=-0.9065
DKL training done in 0.6s
  → 1PdZrI6-1  gap=1.341 eV  best=6.136 eV  top50=1  top10%=1
Cycle  82: GP refit  (91 labelled)
  → 1C2O2Zr3-1  gap=0.961 eV  best=6.136 eV  top50=1  top10%=1
Cycle  83: GP refit  (92 labelled)
  → 1PbTe-1  gap=1.500 eV  best=6.136 eV  top50=1  top10%=1
Cycle  84: GP refit  (93 labelled)
  → 1CoITe-1  gap=0.971 eV  best=6.136 eV  top50=1  top10%=1
Cycle  85: GP refit  (94 labelled)
  → 1AsClTe-2  gap=1.824 eV  best=6.136 eV  top50=1  top10%=1
Cycle  86: full DKL retrain  (95 labelled)
GP warmup: 20 epochs on initial embeddings
Joint DKL training: 50 epochs
  Epoch 20/50  loss=-0.8337
  Epoch 40/50  loss=-1.0173
DKL training done in 0.5s
  → 4TaS3-1  gap=0.823 eV  best=6.136 eV  top50=1  top10%=1
Cycle  87: GP refit  (96 labelled)
  → 2HKS-2  gap=4.369 eV  best=6.136 eV  top50=1  top10%=1
Cycle  88: GP refit  (97 labelled)
  → 1C2O2Hf3-1  gap=0.917 eV  best=6.136 eV  top50=1  top10%=1
Cycle  89: GP refit  (98 labelled)
  → 1HfSe2-2  gap=1.626 eV  best=6.136 eV  top50=1  top10%=1
Cycle  90: GP refit  (99 labelled)
  → 1TiSe2-2  gap=1.460 eV  best=6.136 eV  top50=1  top10%=1
Cycle  91: full DKL retrain  (100 labelled)
GP warmup: 20 epochs on initial embeddings
Joint DKL training: 50 epochs
  Epoch 20/50  loss=-0.6209
  Epoch 40/50  loss=-0.7498
DKL training done in 0.6s
  → 1IPd2Cl5-1  gap=1.393 eV  best=6.136 eV  top50=1  top10%=1
Cycle  92: GP refit  (101 labelled)
  → 2AuBr-2  gap=1.222 eV  best=6.136 eV  top50=1  top10%=1
Cycle  93: GP refit  (102 labelled)
  → 2GaI-1  gap=2.399 eV  best=6.136 eV  top50=1  top10%=1
Cycle  94: GP refit  (103 labelled)
  → 2PbTe-1  gap=0.878 eV  best=6.136 eV  top50=1  top10%=1
Cycle  95: GP refit  (104 labelled)
  → 2OsSe2-1  gap=1.389 eV  best=6.136 eV  top50=1  top10%=1
Cycle  96: full DKL retrain  (105 labelled)
GP warmup: 20 epochs on initial embeddings
Joint DKL training: 50 epochs
  Epoch 20/50  loss=-0.7713
  Epoch 40/50  loss=-0.9639
DKL training done in 0.5s
  → 2CoBi2I2O3-1  gap=2.811 eV  best=6.136 eV  top50=1  top10%=1
Cycle  97: GP refit  (106 labelled)
  → 2MoWTe4-1  gap=1.279 eV  best=6.136 eV  top50=1  top10%=1
Cycle  98: GP refit  (107 labelled)
  → 2SeZr-4  gap=0.355 eV  best=6.136 eV  top50=1  top10%=1
Cycle  99: GP refit  (108 labelled)
  → 1WMo3Te8-1  gap=1.326 eV  best=6.136 eV  top50=1  top10%=1
Cycle 100: GP refit  (109 labelled)
  → 1BiISe-2  gap=1.189 eV  best=6.136 eV  top50=1  top10%=1
  dkl_finetune/seed22 → best_inwin=0.701 top50=14
BOLoop: 766 materials  |  direction=max  |  top-50 internal threshold=5.35  top-10% internal threshold=4.94
Init: 10 random labels  |  best (max) = 4.523
Cycle   1: full DKL retrain  (10 labelled)
GP warmup: 20 epochs on initial embeddings
/home/roy/Desktop/DKL-BO/venv/lib/python3.13/site-packages/torch/_compile.py:54: UserWarning: optimizer contains a parameter group with duplicate parameters; in future, this will cause an error; see github.com/pytorch/pytorch/issues/40967 for more information
  return disable_fn(*args, **kwargs)
Joint DKL training: 50 epochs
  Epoch 20/50  loss=1.5868
  Epoch 40/50  loss=1.4691
DKL training done in 0.6s
  → 1ClITi-1  gap=1.187 eV  best=4.523 eV  top50=0  top10%=0
Cycle   2: GP refit  (11 labelled)
  → 1BrClTi-1  gap=1.297 eV  best=4.523 eV  top50=0  top10%=0
Cycle   3: GP refit  (12 labelled)
  → 1HfZr3Te8-1  gap=0.766 eV  best=4.523 eV  top50=0  top10%=0
Cycle   4: GP refit  (13 labelled)
  → 2HfZrTe4-1  gap=0.717 eV  best=4.523 eV  top50=0  top10%=0
Cycle   5: GP refit  (14 labelled)
  → 1AsISe-2  gap=1.052 eV  best=4.523 eV  top50=0  top10%=0
Cycle   6: full DKL retrain  (15 labelled)
GP warmup: 20 epochs on initial embeddings
Joint DKL training: 50 epochs
  Epoch 20/50  loss=-0.3286
  Epoch 40/50  loss=-0.5125
DKL training done in 0.5s
  → 1PtSeTe-1  gap=1.092 eV  best=4.523 eV  top50=0  top10%=0
Cycle   7: GP refit  (16 labelled)
  → 2BrIrTe-2  gap=1.869 eV  best=4.523 eV  top50=0  top10%=0
Cycle   8: GP refit  (17 labelled)
  → 1HfSTe-2  gap=0.481 eV  best=4.523 eV  top50=0  top10%=0
Cycle   9: GP refit  (18 labelled)
  → 1HfS2-2  gap=2.038 eV  best=4.523 eV  top50=0  top10%=0
Cycle  10: GP refit  (19 labelled)
  → 1STeZr-2  gap=0.672 eV  best=4.523 eV  top50=0  top10%=0
Cycle  11: full DKL retrain  (20 labelled)
GP warmup: 20 epochs on initial embeddings
Joint DKL training: 50 epochs
  Epoch 20/50  loss=0.8651
  Epoch 40/50  loss=-0.0355
DKL training done in 0.4s
  → 2IrSe-3  gap=0.822 eV  best=4.523 eV  top50=0  top10%=0
Cycle  12: GP refit  (21 labelled)
  → 2FIrSe-1  gap=2.172 eV  best=4.523 eV  top50=0  top10%=0
Cycle  13: GP refit  (22 labelled)
  → 1CoITe-1  gap=0.971 eV  best=4.523 eV  top50=0  top10%=0
Cycle  14: GP refit  (23 labelled)
  → 2BrRhTe-1  gap=1.965 eV  best=4.523 eV  top50=0  top10%=0
Cycle  15: GP refit  (24 labelled)
  → 1AgTlP2Se6-1  gap=0.901 eV  best=4.523 eV  top50=0  top10%=0
Cycle  16: full DKL retrain  (25 labelled)
GP warmup: 20 epochs on initial embeddings
Joint DKL training: 50 epochs
  Epoch 20/50  loss=0.6386
  Epoch 40/50  loss=-0.1087
DKL training done in 0.5s
  → 1IRhSe-1  gap=1.425 eV  best=4.523 eV  top50=0  top10%=0
Cycle  17: GP refit  (26 labelled)
  → 1AgScP2Se6-1  gap=2.775 eV  best=4.523 eV  top50=0  top10%=0
Cycle  18: GP refit  (27 labelled)
  → 1ZrI2-1  gap=1.038 eV  best=4.523 eV  top50=0  top10%=0
Cycle  19: GP refit  (28 labelled)
  → 2IrTaTe4-1  gap=0.119 eV  best=4.523 eV  top50=0  top10%=0
Cycle  20: GP refit  (29 labelled)
  → 2HfI2-1  gap=1.014 eV  best=4.523 eV  top50=0  top10%=0
Cycle  21: full DKL retrain  (30 labelled)
GP warmup: 20 epochs on initial embeddings
Joint DKL training: 50 epochs
  Epoch 20/50  loss=0.5804
  Epoch 40/50  loss=0.1885
DKL training done in 0.6s
  → 1AgInP2Se6-1  gap=1.707 eV  best=4.523 eV  top50=0  top10%=0
Cycle  22: GP refit  (31 labelled)
  → 4AsPdSe-1  gap=1.283 eV  best=4.523 eV  top50=0  top10%=0
Cycle  23: GP refit  (32 labelled)
  → 1TiI2-2  gap=0.828 eV  best=4.523 eV  top50=0  top10%=0
Cycle  24: GP refit  (33 labelled)
  → 4AsPdTe-1  gap=0.967 eV  best=4.523 eV  top50=0  top10%=0
Cycle  25: GP refit  (34 labelled)
  → 1Ta3Br8-1  gap=0.821 eV  best=4.523 eV  top50=0  top10%=0
Cycle  26: full DKL retrain  (35 labelled)
GP warmup: 20 epochs on initial embeddings
Joint DKL training: 50 epochs
  Epoch 20/50  loss=0.0390
  Epoch 40/50  loss=-0.1983
DKL training done in 0.4s
  → 1ZrBr2-1  gap=1.276 eV  best=4.523 eV  top50=0  top10%=0
Cycle  27: GP refit  (36 labelled)
  → 1HfI2-1  gap=1.022 eV  best=4.523 eV  top50=0  top10%=0
Cycle  28: GP refit  (37 labelled)
  → 2FeTe2-1  gap=0.581 eV  best=4.523 eV  top50=0  top10%=0
Cycle  29: GP refit  (38 labelled)
  → 1BrIZr-1  gap=1.174 eV  best=4.523 eV  top50=0  top10%=0
Cycle  30: GP refit  (39 labelled)
  → 2FeSe2-1  gap=1.053 eV  best=4.523 eV  top50=0  top10%=0
Cycle  31: full DKL retrain  (40 labelled)
GP warmup: 20 epochs on initial embeddings
Joint DKL training: 50 epochs
  Epoch 20/50  loss=-0.3014
  Epoch 40/50  loss=-0.5578
DKL training done in 0.6s
  → 1MoSTe-2  gap=0.233 eV  best=4.523 eV  top50=0  top10%=0
Cycle  32: GP refit  (41 labelled)
  → 1BrITi-1  gap=1.037 eV  best=4.523 eV  top50=0  top10%=0
Cycle  33: GP refit  (42 labelled)
  → 1BrHfI-1  gap=1.157 eV  best=4.523 eV  top50=0  top10%=0
Cycle  34: GP refit  (43 labelled)
  → 1TiBr2-1  gap=1.166 eV  best=4.523 eV  top50=0  top10%=0
Cycle  35: GP refit  (44 labelled)
  → 1N2O2Zr3-1  gap=0.616 eV  best=4.523 eV  top50=0  top10%=0
Cycle  36: full DKL retrain  (45 labelled)
GP warmup: 20 epochs on initial embeddings
Joint DKL training: 50 epochs
  Epoch 20/50  loss=-0.4635
  Epoch 40/50  loss=-0.5998
DKL training done in 0.4s
  → 1STa3Br7-1  gap=1.510 eV  best=4.523 eV  top50=0  top10%=0
Cycle  37: GP refit  (46 labelled)
  → 2RuS2-1  gap=1.583 eV  best=4.523 eV  top50=0  top10%=0
Cycle  38: GP refit  (47 labelled)
  → 2SeZr-4  gap=0.355 eV  best=4.523 eV  top50=0  top10%=0
Cycle  39: GP refit  (48 labelled)
  → 1HfSSe-1  gap=1.512 eV  best=4.523 eV  top50=0  top10%=0
Cycle  40: GP refit  (49 labelled)
  → 1SSeZr-1  gap=1.514 eV  best=4.523 eV  top50=0  top10%=0
Cycle  41: full DKL retrain  (50 labelled)
GP warmup: 20 epochs on initial embeddings
Joint DKL training: 50 epochs
  Epoch 20/50  loss=-0.2963
  Epoch 40/50  loss=-0.4593
DKL training done in 0.6s
  → 2IrNbTe4-1  gap=0.033 eV  best=4.523 eV  top50=0  top10%=0
Cycle  42: GP refit  (51 labelled)
  → 2ZrI2-1  gap=0.889 eV  best=4.523 eV  top50=0  top10%=0
Cycle  43: GP refit  (52 labelled)
  → 1SeTa3Br7-1  gap=1.452 eV  best=4.523 eV  top50=0  top10%=0
Cycle  44: GP refit  (53 labelled)
  → 2TiCl2-1  gap=0.997 eV  best=4.523 eV  top50=0  top10%=0
Cycle  45: GP refit  (54 labelled)
  → 1BrClS4I6In8-1  gap=1.965 eV  best=4.523 eV  top50=0  top10%=0
Cycle  46: full DKL retrain  (55 labelled)
GP warmup: 20 epochs on initial embeddings
Joint DKL training: 50 epochs
  Epoch 20/50  loss=-0.2404
  Epoch 40/50  loss=-0.4558
DKL training done in 0.6s
  → 1C2F2S2Zr3-1  gap=0.025 eV  best=4.523 eV  top50=0  top10%=0
Cycle  47: GP refit  (56 labelled)
  → 1AsITe-1  gap=1.502 eV  best=4.523 eV  top50=0  top10%=0
Cycle  48: GP refit  (57 labelled)
  → 1TeTa3Br7-1  gap=1.397 eV  best=4.523 eV  top50=0  top10%=0
Cycle  49: GP refit  (58 labelled)
  → 2MoS2-1  gap=0.069 eV  best=4.523 eV  top50=0  top10%=0
Cycle  50: GP refit  (59 labelled)
  → 1HfBr2-1  gap=1.226 eV  best=4.523 eV  top50=0  top10%=0
Cycle  51: full DKL retrain  (60 labelled)
GP warmup: 20 epochs on initial embeddings
Joint DKL training: 50 epochs
  Epoch 20/50  loss=-0.3237
  Epoch 40/50  loss=-0.4618
DKL training done in 0.7s
  → 1SeNb3Br7-1  gap=1.477 eV  best=4.523 eV  top50=0  top10%=0
Cycle  52: GP refit  (61 labelled)
  → 1Nb3Br8-1  gap=0.985 eV  best=4.523 eV  top50=0  top10%=0
Cycle  53: GP refit  (62 labelled)
  → 2OsS2-1  gap=1.387 eV  best=4.523 eV  top50=0  top10%=0
Cycle  54: GP refit  (63 labelled)
  → 2ClCu-4  gap=3.657 eV  best=4.523 eV  top50=0  top10%=0
Cycle  55: GP refit  (64 labelled)
  → 1BrCuGeTe-1  gap=1.540 eV  best=4.523 eV  top50=0  top10%=0
Cycle  56: full DKL retrain  (65 labelled)
GP warmup: 20 epochs on initial embeddings
Joint DKL training: 50 epochs
  Epoch 20/50  loss=-0.3256
  Epoch 40/50  loss=-0.4181
DKL training done in 0.6s
  → 2TiBr2-1  gap=0.817 eV  best=4.523 eV  top50=0  top10%=0
Cycle  57: GP refit  (66 labelled)
  → 2IrNbS4-1  gap=1.253 eV  best=4.523 eV  top50=0  top10%=0
Cycle  58: GP refit  (67 labelled)
  → 2RhTaS4-1  gap=1.231 eV  best=4.523 eV  top50=0  top10%=0
Cycle  59: GP refit  (68 labelled)
  → 1BaI2-2  gap=4.274 eV  best=4.523 eV  top50=0  top10%=0
Cycle  60: GP refit  (69 labelled)
  → 1N2O2Hf3-1  gap=0.508 eV  best=4.523 eV  top50=0  top10%=0
Cycle  61: full DKL retrain  (70 labelled)
GP warmup: 20 epochs on initial embeddings
Joint DKL training: 50 epochs
  Epoch 20/50  loss=-0.1931
  Epoch 40/50  loss=-0.3648
DKL training done in 0.5s
  → 2AgSe-1  gap=1.179 eV  best=4.523 eV  top50=0  top10%=0
Cycle  62: GP refit  (71 labelled)
  → 1AsClSe-2  gap=2.371 eV  best=4.523 eV  top50=0  top10%=0
Cycle  63: GP refit  (72 labelled)
  → 1Nb3I8-1  gap=0.824 eV  best=4.523 eV  top50=0  top10%=0
Cycle  64: GP refit  (73 labelled)
  → 1Ta3I8-1  gap=0.694 eV  best=4.523 eV  top50=0  top10%=0
Cycle  65: GP refit  (74 labelled)
  → 1CSiH2-1  gap=4.871 eV  best=4.871 eV  top50=0  top10%=0
Cycle  66: full DKL retrain  (75 labelled)
GP warmup: 20 epochs on initial embeddings
Joint DKL training: 50 epochs
  Epoch 20/50  loss=-0.0810
  Epoch 40/50  loss=-0.1708
DKL training done in 0.5s
  → 1SeTeV-1  gap=0.831 eV  best=4.871 eV  top50=0  top10%=0
Cycle  67: GP refit  (76 labelled)
  → 1CrTe2-2  gap=0.869 eV  best=4.871 eV  top50=0  top10%=0
Cycle  68: GP refit  (77 labelled)
  → 1CrSe2-1  gap=1.128 eV  best=4.871 eV  top50=0  top10%=0
Cycle  69: GP refit  (78 labelled)
  → 1CrSeTe-1  gap=0.994 eV  best=4.871 eV  top50=0  top10%=0
Cycle  70: GP refit  (79 labelled)
  → 2CrNbTe5-1  gap=0.029 eV  best=4.871 eV  top50=0  top10%=0
Cycle  71: full DKL retrain  (80 labelled)
GP warmup: 20 epochs on initial embeddings
Joint DKL training: 50 epochs
  Epoch 20/50  loss=-0.1554
  Epoch 40/50  loss=-0.3072
DKL training done in 0.6s
  → 1HfPdI6-1  gap=1.368 eV  best=4.871 eV  top50=0  top10%=0
Cycle  72: GP refit  (81 labelled)
  → 1WAu2O4-2  gap=4.436 eV  best=4.871 eV  top50=0  top10%=0
Cycle  73: GP refit  (82 labelled)
  → 2AgTe-3  gap=0.756 eV  best=4.871 eV  top50=0  top10%=0
Cycle  74: GP refit  (83 labelled)
  → 1TeNb3Br7-1  gap=1.436 eV  best=4.871 eV  top50=0  top10%=0
Cycle  75: GP refit  (84 labelled)
  → 1BrCoTe-1  gap=1.810 eV  best=4.871 eV  top50=0  top10%=0
Cycle  76: full DKL retrain  (85 labelled)
GP warmup: 20 epochs on initial embeddings
Joint DKL training: 50 epochs
  Epoch 20/50  loss=0.1550
  Epoch 40/50  loss=0.0195
DKL training done in 0.6s
  → 1OSTi-1  gap=1.777 eV  best=4.871 eV  top50=0  top10%=0
Cycle  77: GP refit  (86 labelled)
  → 1OSeW-1  gap=2.004 eV  best=4.871 eV  top50=0  top10%=0
Cycle  78: GP refit  (87 labelled)
  → 1SSeW-1  gap=1.911 eV  best=4.871 eV  top50=0  top10%=0
Cycle  79: GP refit  (88 labelled)
  → 1WCu2Te4-1  gap=1.488 eV  best=4.871 eV  top50=0  top10%=0
Cycle  80: GP refit  (89 labelled)
  → 2CrWSe4-1  gap=1.203 eV  best=4.871 eV  top50=0  top10%=0
Cycle  81: full DKL retrain  (90 labelled)
GP warmup: 20 epochs on initial embeddings
Joint DKL training: 50 epochs
  Epoch 20/50  loss=-0.2053
  Epoch 40/50  loss=-0.3450
DKL training done in 0.6s
  → 1VTe2-1  gap=0.854 eV  best=4.871 eV  top50=0  top10%=0
Cycle  82: GP refit  (91 labelled)
  → 1WCr3Te8-1  gap=0.841 eV  best=4.871 eV  top50=0  top10%=0
Cycle  83: GP refit  (92 labelled)
  → 1MoS2-1  gap=2.087 eV  best=4.871 eV  top50=0  top10%=0
Cycle  84: GP refit  (93 labelled)
  → 1VSe2-1  gap=0.977 eV  best=4.871 eV  top50=0  top10%=0
Cycle  85: GP refit  (94 labelled)
  → 2CrWTe4-1  gap=0.876 eV  best=4.871 eV  top50=0  top10%=0
Cycle  86: full DKL retrain  (95 labelled)
GP warmup: 20 epochs on initial embeddings
Joint DKL training: 50 epochs
  Epoch 20/50  loss=-0.2685
  Epoch 40/50  loss=-0.3641
DKL training done in 0.6s
  → 1MoOSe-1  gap=1.512 eV  best=4.871 eV  top50=0  top10%=0
Cycle  87: GP refit  (96 labelled)
  → 2BiIn-1  gap=0.138 eV  best=4.871 eV  top50=0  top10%=0
Cycle  88: GP refit  (97 labelled)
  → 1AsITe-2  gap=0.872 eV  best=4.871 eV  top50=0  top10%=0
Cycle  89: GP refit  (98 labelled)
  → 1CrW3Te8-1  gap=0.937 eV  best=4.871 eV  top50=0  top10%=0
Cycle  90: GP refit  (99 labelled)
  → 1MoW3Se8-1  gap=1.749 eV  best=4.871 eV  top50=0  top10%=0
Cycle  91: full DKL retrain  (100 labelled)
GP warmup: 20 epochs on initial embeddings
Joint DKL training: 50 epochs
  Epoch 20/50  loss=-0.3350
  Epoch 40/50  loss=-0.4858
DKL training done in 0.5s
  → 1HfSSe-2  gap=1.645 eV  best=4.871 eV  top50=0  top10%=0
Cycle  92: GP refit  (101 labelled)
  → 1CrISe-1  gap=1.596 eV  best=4.871 eV  top50=0  top10%=0
Cycle  93: GP refit  (102 labelled)
  → 1ONb3I7-1  gap=0.952 eV  best=4.871 eV  top50=0  top10%=0
Cycle  94: GP refit  (103 labelled)
  → 1SSeZr-2  gap=1.777 eV  best=4.871 eV  top50=0  top10%=0
Cycle  95: GP refit  (104 labelled)
  → 1MoSe2-1  gap=1.804 eV  best=4.871 eV  top50=0  top10%=0
Cycle  96: full DKL retrain  (105 labelled)
GP warmup: 20 epochs on initial embeddings
Joint DKL training: 50 epochs
  Epoch 20/50  loss=-0.1400
  Epoch 40/50  loss=-0.2624
DKL training done in 0.6s
  → 1HfSe2-2  gap=1.626 eV  best=4.871 eV  top50=0  top10%=0
Cycle  97: GP refit  (106 labelled)
  → 1AgCrAs2Se6-1  gap=1.270 eV  best=4.871 eV  top50=0  top10%=0
Cycle  98: GP refit  (107 labelled)
  → 1ZrSe2-2  gap=1.684 eV  best=4.871 eV  top50=0  top10%=0
Cycle  99: GP refit  (108 labelled)
  → 2CoCl2Sb2O3-1  gap=3.522 eV  best=4.871 eV  top50=0  top10%=0
Cycle 100: GP refit  (109 labelled)
  → 1CrSTe-1  gap=0.820 eV  best=4.871 eV  top50=0  top10%=0
  dkl_finetune/seed23 → best_inwin=0.717 top50=17
BOLoop: 766 materials  |  direction=max  |  top-50 internal threshold=5.35  top-10% internal threshold=4.94
Init: 10 random labels  |  best (max) = 5.363
Cycle   1: full DKL retrain  (10 labelled)
GP warmup: 20 epochs on initial embeddings
/home/roy/Desktop/DKL-BO/venv/lib/python3.13/site-packages/torch/_compile.py:54: UserWarning: optimizer contains a parameter group with duplicate parameters; in future, this will cause an error; see github.com/pytorch/pytorch/issues/40967 for more information
  return disable_fn(*args, **kwargs)
Joint DKL training: 50 epochs
  Epoch 20/50  loss=1.8193
  Epoch 40/50  loss=1.6783
DKL training done in 0.6s
  → 1CrMo3Se8-1  gap=1.432 eV  best=5.363 eV  top50=0  top10%=0
Cycle   2: GP refit  (11 labelled)
  → 1AsIS-2  gap=0.810 eV  best=5.363 eV  top50=0  top10%=0
Cycle   3: GP refit  (12 labelled)
  → 2PdTeS3-1  gap=1.818 eV  best=5.363 eV  top50=0  top10%=0
Cycle   4: GP refit  (13 labelled)
  → 1MoSSe-1  gap=1.949 eV  best=5.363 eV  top50=0  top10%=0
Cycle   5: GP refit  (14 labelled)
  → 1NiPd3Se8-1  gap=0.702 eV  best=5.363 eV  top50=0  top10%=0
Cycle   6: full DKL retrain  (15 labelled)
GP warmup: 20 epochs on initial embeddings
Joint DKL training: 50 epochs
  Epoch 20/50  loss=0.6166
  Epoch 40/50  loss=0.4354
DKL training done in 0.5s
  → 1AgAlAs2Se6-1  gap=1.577 eV  best=5.363 eV  top50=0  top10%=0
Cycle   7: GP refit  (16 labelled)
  → 1IIrTe-1  gap=1.821 eV  best=5.363 eV  top50=0  top10%=0
Cycle   8: GP refit  (17 labelled)
  → 1AsBrTe-2  gap=1.662 eV  best=5.363 eV  top50=0  top10%=0
Cycle   9: GP refit  (18 labelled)
  → 4AsPdS-1  gap=1.501 eV  best=5.363 eV  top50=0  top10%=0
Cycle  10: GP refit  (19 labelled)
  → 1TiI2-2  gap=0.828 eV  best=5.363 eV  top50=0  top10%=0
Cycle  11: full DKL retrain  (20 labelled)
GP warmup: 20 epochs on initial embeddings
Joint DKL training: 50 epochs
  Epoch 20/50  loss=0.4998
  Epoch 40/50  loss=0.3543
DKL training done in 0.5s
  → 1HfI2-1  gap=1.022 eV  best=5.363 eV  top50=0  top10%=0
Cycle  12: GP refit  (21 labelled)
  → 1AsClSe-1  gap=2.060 eV  best=5.363 eV  top50=0  top10%=0
Cycle  13: GP refit  (22 labelled)
  → 1Se3Ni4S5-1  gap=0.610 eV  best=5.363 eV  top50=0  top10%=0
Cycle  14: GP refit  (23 labelled)
  → 1AsIS-1  gap=1.950 eV  best=5.363 eV  top50=0  top10%=0
Cycle  15: GP refit  (24 labelled)
  → 2RuTe2-1  gap=1.071 eV  best=5.363 eV  top50=0  top10%=0
Cycle  16: full DKL retrain  (25 labelled)
GP warmup: 20 epochs on initial embeddings
Joint DKL training: 50 epochs
  Epoch 20/50  loss=0.5476
  Epoch 40/50  loss=0.3607
DKL training done in 0.5s
  → 1NiSSeZr-1  gap=1.881 eV  best=5.363 eV  top50=0  top10%=0
Cycle  17: GP refit  (26 labelled)
  → 1AgMoBr4-1  gap=2.166 eV  best=5.363 eV  top50=0  top10%=0
Cycle  18: GP refit  (27 labelled)
  → 1ClHfI-1  gap=1.295 eV  best=5.363 eV  top50=0  top10%=0
Cycle  19: GP refit  (28 labelled)
  → 1Nb3Br8-1  gap=0.985 eV  best=5.363 eV  top50=0  top10%=0
Cycle  20: GP refit  (29 labelled)
  → 1NiPdS4-1  gap=1.153 eV  best=5.363 eV  top50=0  top10%=0
Cycle  21: full DKL retrain  (30 labelled)
GP warmup: 20 epochs on initial embeddings
Joint DKL training: 50 epochs
  Epoch 20/50  loss=0.3784
  Epoch 40/50  loss=0.1668
DKL training done in 0.4s
  → 2AgTe-2  gap=0.242 eV  best=5.363 eV  top50=0  top10%=0
Cycle  22: GP refit  (31 labelled)
  → 2OsS2-1  gap=1.387 eV  best=5.363 eV  top50=0  top10%=0
Cycle  23: GP refit  (32 labelled)
  → 4AsPdSe-1  gap=1.283 eV  best=5.363 eV  top50=0  top10%=0
Cycle  24: GP refit  (33 labelled)
  → 2FeTe2-1  gap=0.581 eV  best=5.363 eV  top50=0  top10%=0
Cycle  25: GP refit  (34 labelled)
  → 1SeNb3Br7-1  gap=1.477 eV  best=5.363 eV  top50=0  top10%=0
Cycle  26: full DKL retrain  (35 labelled)
GP warmup: 20 epochs on initial embeddings
Joint DKL training: 50 epochs
  Epoch 20/50  loss=-0.1210
  Epoch 40/50  loss=-0.2740
DKL training done in 0.5s
  → 2FeSe2-1  gap=1.053 eV  best=5.363 eV  top50=0  top10%=0
Cycle  27: GP refit  (36 labelled)
  → 4AsPdTe-1  gap=0.967 eV  best=5.363 eV  top50=0  top10%=0
Cycle  28: GP refit  (37 labelled)
  → 1CoITe-1  gap=0.971 eV  best=5.363 eV  top50=0  top10%=0
Cycle  29: GP refit  (38 labelled)
  → 1SNb3F7-1  gap=1.872 eV  best=5.363 eV  top50=0  top10%=0
Cycle  30: GP refit  (39 labelled)
  → 1VSe2-1  gap=0.977 eV  best=5.363 eV  top50=0  top10%=0
Cycle  31: full DKL retrain  (40 labelled)
GP warmup: 20 epochs on initial embeddings
Joint DKL training: 50 epochs
  Epoch 20/50  loss=-0.2328
  Epoch 40/50  loss=-0.3952
DKL training done in 0.4s
  → 1ClITi-1  gap=1.187 eV  best=5.363 eV  top50=0  top10%=0
Cycle  32: GP refit  (41 labelled)
  → 2OW-1  gap=0.132 eV  best=5.363 eV  top50=0  top10%=0
Cycle  33: GP refit  (42 labelled)
  → 2CrNbTe5-1  gap=0.029 eV  best=5.363 eV  top50=0  top10%=0
Cycle  34: GP refit  (43 labelled)
  → 2NbOI2-1  gap=1.845 eV  best=5.363 eV  top50=0  top10%=0
Cycle  35: GP refit  (44 labelled)
  → 4AsNiS-1  gap=1.507 eV  best=5.363 eV  top50=0  top10%=0
Cycle  36: full DKL retrain  (45 labelled)
GP warmup: 20 epochs on initial embeddings
Joint DKL training: 50 epochs
  Epoch 20/50  loss=0.0088
  Epoch 40/50  loss=-0.1624
DKL training done in 0.6s
  → 1C2O2Hf3-1  gap=0.917 eV  best=5.363 eV  top50=0  top10%=0
Cycle  37: GP refit  (46 labelled)
  → 1CrMo3Te8-1  gap=1.105 eV  best=5.363 eV  top50=0  top10%=0
Cycle  38: GP refit  (47 labelled)
  → 1TeNb3Br7-1  gap=1.436 eV  best=5.363 eV  top50=0  top10%=0
Cycle  39: GP refit  (48 labelled)
  → 1BrClNi-1  gap=3.508 eV  best=5.363 eV  top50=0  top10%=0
Cycle  40: GP refit  (49 labelled)
  → 1NiCl2N2H4C6-1  gap=2.638 eV  best=5.363 eV  top50=0  top10%=0
Cycle  41: full DKL retrain  (50 labelled)
GP warmup: 20 epochs on initial embeddings
Joint DKL training: 50 epochs
  Epoch 20/50  loss=0.4365
  Epoch 40/50  loss=0.1698
DKL training done in 0.6s
  → 4TiSe2-1  gap=0.036 eV  best=5.363 eV  top50=0  top10%=0
Cycle  42: GP refit  (51 labelled)
  → 1BrITi-1  gap=1.037 eV  best=5.363 eV  top50=0  top10%=0
Cycle  43: GP refit  (52 labelled)
  → 2SNi2Se3-1  gap=0.440 eV  best=5.363 eV  top50=0  top10%=0
Cycle  44: GP refit  (53 labelled)
  → 1WCr3Te8-1  gap=0.841 eV  best=5.363 eV  top50=0  top10%=0
Cycle  45: GP refit  (54 labelled)
  → 1FeI2-3  gap=0.020 eV  best=5.363 eV  top50=0  top10%=0
Cycle  46: full DKL retrain  (55 labelled)
GP warmup: 20 epochs on initial embeddings
Joint DKL training: 50 epochs
  Epoch 20/50  loss=0.3633
  Epoch 40/50  loss=0.2325
DKL training done in 0.5s
  → 1AsITe-2  gap=0.872 eV  best=5.363 eV  top50=0  top10%=0
Cycle  47: GP refit  (56 labelled)
  → 1C2F2S2Zr3-1  gap=0.025 eV  best=5.363 eV  top50=0  top10%=0
Cycle  48: GP refit  (57 labelled)
  → 1HfTe2-2  gap=0.665 eV  best=5.363 eV  top50=0  top10%=0
Cycle  49: GP refit  (58 labelled)
  → 2IrTaTe4-1  gap=0.119 eV  best=5.363 eV  top50=0  top10%=0
Cycle  50: GP refit  (59 labelled)
  → 1HfSeTe-2  gap=0.637 eV  best=5.363 eV  top50=0  top10%=0
Cycle  51: full DKL retrain  (60 labelled)
GP warmup: 20 epochs on initial embeddings
Joint DKL training: 50 epochs
  Epoch 20/50  loss=0.2998
  Epoch 40/50  loss=0.1581
DKL training done in 0.5s
  → 1SSeTi-2  gap=1.342 eV  best=5.363 eV  top50=0  top10%=0
Cycle  52: GP refit  (61 labelled)
  → 1WCu2S4-1  gap=2.994 eV  best=5.363 eV  top50=0  top10%=0
Cycle  53: GP refit  (62 labelled)
  → 1BrIZr-1  gap=1.174 eV  best=5.363 eV  top50=0  top10%=0
Cycle  54: GP refit  (63 labelled)
  → 1HfSTe-2  gap=0.481 eV  best=5.363 eV  top50=0  top10%=0
Cycle  55: GP refit  (64 labelled)
  → 1IRhSe-1  gap=1.425 eV  best=5.363 eV  top50=0  top10%=0
Cycle  56: full DKL retrain  (65 labelled)
GP warmup: 20 epochs on initial embeddings
Joint DKL training: 50 epochs
  Epoch 20/50  loss=0.2283
  Epoch 40/50  loss=0.1057
DKL training done in 0.6s
  → 2ZrI2-1  gap=0.889 eV  best=5.363 eV  top50=0  top10%=0
Cycle  57: GP refit  (66 labelled)
  → 1MoOTe-1  gap=0.867 eV  best=5.363 eV  top50=0  top10%=0
Cycle  58: GP refit  (67 labelled)
  → 2OsSe2-1  gap=1.389 eV  best=5.363 eV  top50=0  top10%=0
Cycle  59: GP refit  (68 labelled)
  → 4NbS3-2  gap=1.030 eV  best=5.363 eV  top50=0  top10%=0
Cycle  60: GP refit  (69 labelled)
  → 1HfSe2-2  gap=1.626 eV  best=5.363 eV  top50=0  top10%=0
Cycle  61: full DKL retrain  (70 labelled)
GP warmup: 20 epochs on initial embeddings
Joint DKL training: 50 epochs
  Epoch 20/50  loss=-0.0727
  Epoch 40/50  loss=-0.1927
DKL training done in 0.6s
  → 1BrTeTi-1  gap=0.763 eV  best=5.363 eV  top50=0  top10%=0
Cycle  62: GP refit  (71 labelled)
  → 2MoWS4-1  gap=2.062 eV  best=5.363 eV  top50=0  top10%=0
Cycle  63: GP refit  (72 labelled)
  → 2MoSe2-1  gap=0.108 eV  best=5.363 eV  top50=0  top10%=0
Cycle  64: GP refit  (73 labelled)
  → 1MoSe2-1  gap=1.804 eV  best=5.363 eV  top50=0  top10%=0
Cycle  65: GP refit  (74 labelled)
  → 4AgF2-2  gap=1.637 eV  best=5.363 eV  top50=0  top10%=0
Cycle  66: full DKL retrain  (75 labelled)
GP warmup: 20 epochs on initial embeddings
Joint DKL training: 50 epochs
  Epoch 20/50  loss=-0.0093
  Epoch 40/50  loss=-0.2273
DKL training done in 0.6s
  → 1ClIZr-1  gap=1.317 eV  best=5.363 eV  top50=0  top10%=0
Cycle  67: GP refit  (76 labelled)
  → 2TeV-4  gap=0.774 eV  best=5.363 eV  top50=0  top10%=0
Cycle  68: GP refit  (77 labelled)
  → 2MoWSe4-1  gap=1.749 eV  best=5.363 eV  top50=0  top10%=0
Cycle  69: GP refit  (78 labelled)
  → 1CSiF2-1  gap=3.306 eV  best=5.363 eV  top50=0  top10%=0
Cycle  70: GP refit  (79 labelled)
  → 1MoTe2-1  gap=1.370 eV  best=5.363 eV  top50=0  top10%=0
Cycle  71: full DKL retrain  (80 labelled)
GP warmup: 20 epochs on initial embeddings
Joint DKL training: 50 epochs
  Epoch 20/50  loss=0.0378
  Epoch 40/50  loss=-0.1879
DKL training done in 0.5s
  → 1AgInP2Se6-1  gap=1.707 eV  best=5.363 eV  top50=0  top10%=0
Cycle  72: GP refit  (81 labelled)
  → 1MoCr3Te8-1  gap=0.893 eV  best=5.363 eV  top50=0  top10%=0
Cycle  73: GP refit  (82 labelled)
  → 1CrTe2-2  gap=0.869 eV  best=5.363 eV  top50=0  top10%=0
Cycle  74: GP refit  (83 labelled)
  → 1AgScP2Se6-1  gap=2.775 eV  best=5.363 eV  top50=0  top10%=0
Cycle  75: GP refit  (84 labelled)
  → 1MoSTe-1  gap=1.585 eV  best=5.363 eV  top50=0  top10%=0
Cycle  76: full DKL retrain  (85 labelled)
GP warmup: 20 epochs on initial embeddings
Joint DKL training: 50 epochs
  Epoch 20/50  loss=-0.1401
  Epoch 40/50  loss=-0.3068
DKL training done in 0.5s
  → 2MoWTe4-1  gap=1.279 eV  best=5.363 eV  top50=0  top10%=0
Cycle  77: GP refit  (86 labelled)
  → 1CrSTe-1  gap=0.820 eV  best=5.363 eV  top50=0  top10%=0
Cycle  78: GP refit  (87 labelled)
  → 2CrMoTe4-1  gap=0.980 eV  best=5.363 eV  top50=0  top10%=0
Cycle  79: GP refit  (88 labelled)
  → 1SeNi2S3-1  gap=1.350 eV  best=5.363 eV  top50=0  top10%=0
Cycle  80: GP refit  (89 labelled)
  → 2FeS2-1  gap=1.331 eV  best=5.363 eV  top50=0  top10%=0
Cycle  81: full DKL retrain  (90 labelled)
GP warmup: 20 epochs on initial embeddings
Joint DKL training: 50 epochs
  Epoch 20/50  loss=-0.2618
  Epoch 40/50  loss=-0.4839
DKL training done in 0.6s
  → 1CrSeTe-1  gap=0.994 eV  best=5.363 eV  top50=0  top10%=0
Cycle  82: GP refit  (91 labelled)
  → 1MoW3Te8-1  gap=1.220 eV  best=5.363 eV  top50=0  top10%=0
Cycle  83: GP refit  (92 labelled)
  → 1SeTeW-1  gap=1.493 eV  best=5.363 eV  top50=0  top10%=0
Cycle  84: GP refit  (93 labelled)
  → 2HfI2-1  gap=1.014 eV  best=5.363 eV  top50=0  top10%=0
Cycle  85: GP refit  (94 labelled)
  → 1WTe2-1  gap=1.141 eV  best=5.363 eV  top50=0  top10%=0
Cycle  86: full DKL retrain  (95 labelled)
GP warmup: 20 epochs on initial embeddings
Joint DKL training: 50 epochs
  Epoch 20/50  loss=-0.4507
  Epoch 40/50  loss=-0.6336
DKL training done in 0.5s
  → 2IrNbS4-1  gap=1.253 eV  best=5.363 eV  top50=0  top10%=0
Cycle  87: GP refit  (96 labelled)
  → 1CrW3Te8-1  gap=0.937 eV  best=5.363 eV  top50=0  top10%=0
Cycle  88: GP refit  (97 labelled)
  → 1FeZrI6-1  gap=2.598 eV  best=5.363 eV  top50=0  top10%=0
Cycle  89: GP refit  (98 labelled)
  → 1STeW-1  gap=1.681 eV  best=5.363 eV  top50=0  top10%=0
Cycle  90: GP refit  (99 labelled)
  → 2HNaS-1  gap=4.588 eV  best=5.363 eV  top50=0  top10%=0
Cycle  91: full DKL retrain  (100 labelled)
GP warmup: 20 epochs on initial embeddings
Joint DKL training: 50 epochs
  Epoch 20/50  loss=-0.2002
  Epoch 40/50  loss=-0.3595
DKL training done in 0.6s
  → 1Nb3I8-1  gap=0.824 eV  best=5.363 eV  top50=0  top10%=0
Cycle  92: GP refit  (101 labelled)
  → 1STa3I7-1  gap=1.295 eV  best=5.363 eV  top50=0  top10%=0
Cycle  93: GP refit  (102 labelled)
  → 1PdSe2-2  gap=0.266 eV  best=5.363 eV  top50=0  top10%=0
Cycle  94: GP refit  (103 labelled)
  → 2TiCl2-1  gap=0.997 eV  best=5.363 eV  top50=0  top10%=0
Cycle  95: GP refit  (104 labelled)
  → 1WCu2Te4-1  gap=1.488 eV  best=5.363 eV  top50=0  top10%=0
Cycle  96: full DKL retrain  (105 labelled)
GP warmup: 20 epochs on initial embeddings
Joint DKL training: 50 epochs
  Epoch 20/50  loss=-0.5225
  Epoch 40/50  loss=-0.6841
DKL training done in 0.6s
  → 1ZrI2-1  gap=1.038 eV  best=5.363 eV  top50=0  top10%=0
Cycle  97: GP refit  (106 labelled)
  → 1TeTa3I7-1  gap=1.223 eV  best=5.363 eV  top50=0  top10%=0
Cycle  98: GP refit  (107 labelled)
  → 1SNb3I7-1  gap=1.235 eV  best=5.363 eV  top50=0  top10%=0
Cycle  99: GP refit  (108 labelled)
  → 1WAu2S4-1  gap=1.827 eV  best=5.363 eV  top50=0  top10%=0
Cycle 100: GP refit  (109 labelled)
  → 2AsITe-1  gap=0.417 eV  best=5.363 eV  top50=0  top10%=0
  dkl_finetune/seed24 → best_inwin=0.702 top50=13
BOLoop: 766 materials  |  direction=max  |  top-50 internal threshold=5.35  top-10% internal threshold=4.94
Init: 10 random labels  |  best (max) = 3.985
Cycle   1: full DKL retrain  (10 labelled)
GP warmup: 20 epochs on initial embeddings
/home/roy/Desktop/DKL-BO/venv/lib/python3.13/site-packages/torch/_compile.py:54: UserWarning: optimizer contains a parameter group with duplicate parameters; in future, this will cause an error; see github.com/pytorch/pytorch/issues/40967 for more information
  return disable_fn(*args, **kwargs)
Joint DKL training: 50 epochs
  Epoch 20/50  loss=1.2719
  Epoch 40/50  loss=1.1547
DKL training done in 0.5s
  → 2RhTaS4-1  gap=1.231 eV  best=3.985 eV  top50=0  top10%=0
Cycle   2: GP refit  (11 labelled)
  → 1BrCoTe-1  gap=1.810 eV  best=3.985 eV  top50=0  top10%=0
Cycle   3: GP refit  (12 labelled)
  → 1NiPd3Se8-1  gap=0.702 eV  best=3.985 eV  top50=0  top10%=0
Cycle   4: GP refit  (13 labelled)
  → 1NiPdS4-1  gap=1.153 eV  best=3.985 eV  top50=0  top10%=0
Cycle   5: GP refit  (14 labelled)
  → 1AgCrP2S6-1  gap=2.012 eV  best=3.985 eV  top50=0  top10%=0
Cycle   6: full DKL retrain  (15 labelled)
GP warmup: 20 epochs on initial embeddings
Joint DKL training: 50 epochs
  Epoch 20/50  loss=-0.1230
  Epoch 40/50  loss=-0.1859
DKL training done in 0.3s
  → 2FeTe2-1  gap=0.581 eV  best=3.985 eV  top50=0  top10%=0
Cycle   7: GP refit  (16 labelled)
  → 2ClRhS-1  gap=2.270 eV  best=3.985 eV  top50=0  top10%=0
Cycle   8: GP refit  (17 labelled)
  → 1Se3Ni4S5-1  gap=0.610 eV  best=3.985 eV  top50=0  top10%=0
Cycle   9: GP refit  (18 labelled)
  → 2ClRhSe-1  gap=2.271 eV  best=3.985 eV  top50=0  top10%=0
Cycle  10: GP refit  (19 labelled)
  → 1PtSSe-1  gap=2.017 eV  best=3.985 eV  top50=0  top10%=0
Cycle  11: full DKL retrain  (20 labelled)
GP warmup: 20 epochs on initial embeddings
Joint DKL training: 50 epochs
  Epoch 20/50  loss=0.1554
  Epoch 40/50  loss=-0.4719
DKL training done in 0.3s
  → 2FeS2-1  gap=1.331 eV  best=3.985 eV  top50=0  top10%=0
Cycle  12: GP refit  (21 labelled)
  → 2GaSe-1  gap=2.506 eV  best=3.985 eV  top50=0  top10%=0
Cycle  13: GP refit  (22 labelled)
  → 1MoS2-1  gap=2.087 eV  best=3.985 eV  top50=0  top10%=0
Cycle  14: GP refit  (23 labelled)
  → 2RuTe2-1  gap=1.071 eV  best=3.985 eV  top50=0  top10%=0
Cycle  15: GP refit  (24 labelled)
  → 2MoSe2-1  gap=0.108 eV  best=3.985 eV  top50=0  top10%=0
Cycle  16: full DKL retrain  (25 labelled)
GP warmup: 20 epochs on initial embeddings
Joint DKL training: 50 epochs
  Epoch 20/50  loss=0.3136
  Epoch 40/50  loss=-0.1484
DKL training done in 0.3s
  → 1SeTeTi-2  gap=0.600 eV  best=3.985 eV  top50=0  top10%=0
Cycle  17: GP refit  (26 labelled)
  → 1ZrSe2-2  gap=1.684 eV  best=3.985 eV  top50=0  top10%=0
Cycle  18: GP refit  (27 labelled)
  → 1ZrTi3Se8-1  gap=1.563 eV  best=3.985 eV  top50=0  top10%=0
Cycle  19: GP refit  (28 labelled)
  → 2FRhSe-1  gap=2.223 eV  best=3.985 eV  top50=0  top10%=0
Cycle  20: GP refit  (29 labelled)
  → 1CrHS2-1  gap=2.800 eV  best=3.985 eV  top50=0  top10%=0
Cycle  21: full DKL retrain  (30 labelled)
GP warmup: 20 epochs on initial embeddings
Joint DKL training: 50 epochs
  Epoch 20/50  loss=2.0094
  Epoch 40/50  loss=0.3844
DKL training done in 0.3s
  → 2FIrSe-1  gap=2.172 eV  best=3.985 eV  top50=0  top10%=0
Cycle  22: GP refit  (31 labelled)
  → 1CoLiAs2Se6-1  gap=1.175 eV  best=3.985 eV  top50=0  top10%=0
Cycle  23: GP refit  (32 labelled)
  → 1NiSSeZr-1  gap=1.881 eV  best=3.985 eV  top50=0  top10%=0
Cycle  24: GP refit  (33 labelled)
  → 4NiPSe-1  gap=2.021 eV  best=3.985 eV  top50=0  top10%=0
Cycle  25: GP refit  (34 labelled)
  → 2CrWS4-1  gap=1.442 eV  best=3.985 eV  top50=0  top10%=0
Cycle  26: full DKL retrain  (35 labelled)
GP warmup: 20 epochs on initial embeddings
Joint DKL training: 50 epochs
  Epoch 20/50  loss=0.6699
  Epoch 40/50  loss=0.1778
DKL training done in 0.3s
  → 2OsS2-1  gap=1.387 eV  best=3.985 eV  top50=0  top10%=0
Cycle  27: GP refit  (36 labelled)
  → 1SSeTi-2  gap=1.342 eV  best=3.985 eV  top50=0  top10%=0
Cycle  28: GP refit  (37 labelled)
  → 1BrCoSe-1  gap=2.153 eV  best=3.985 eV  top50=0  top10%=0
Cycle  29: GP refit  (38 labelled)
  → 1CrS2-1  gap=1.351 eV  best=3.985 eV  top50=0  top10%=0
Cycle  30: GP refit  (39 labelled)
  → 2RuS2-1  gap=1.583 eV  best=3.985 eV  top50=0  top10%=0
Cycle  31: full DKL retrain  (40 labelled)
GP warmup: 20 epochs on initial embeddings
Joint DKL training: 50 epochs
  Epoch 20/50  loss=0.1119
  Epoch 40/50  loss=0.0333
DKL training done in 0.3s
  → 1HfSeTe-2  gap=0.637 eV  best=3.985 eV  top50=0  top10%=0
Cycle  32: GP refit  (41 labelled)
  → 1MnNbSe4-1  gap=0.598 eV  best=3.985 eV  top50=0  top10%=0
Cycle  33: GP refit  (42 labelled)
  → 1SeTeZr-2  gap=0.783 eV  best=3.985 eV  top50=0  top10%=0
Cycle  34: GP refit  (43 labelled)
  → 1AsClTe-2  gap=1.824 eV  best=3.985 eV  top50=0  top10%=0
Cycle  35: GP refit  (44 labelled)
  → 2SeZn-2  gap=3.054 eV  best=3.985 eV  top50=0  top10%=0
Cycle  36: full DKL retrain  (45 labelled)
GP warmup: 20 epochs on initial embeddings
Joint DKL training: 50 epochs
  Epoch 20/50  loss=0.5341
  Epoch 40/50  loss=0.0508
DKL training done in 0.4s
  → 2HLiO-1  gap=5.612 eV  best=5.612 eV  top50=1  top10%=1
Cycle  37: GP refit  (46 labelled)
  → 1SSeZr-1  gap=1.514 eV  best=5.612 eV  top50=1  top10%=1
Cycle  38: GP refit  (47 labelled)
  → 1PtSnS4-1  gap=2.122 eV  best=5.612 eV  top50=1  top10%=1
Cycle  39: GP refit  (48 labelled)
  → 1HfSSe-1  gap=1.512 eV  best=5.612 eV  top50=1  top10%=1
Cycle  40: GP refit  (49 labelled)
  → 2IrNbS4-1  gap=1.253 eV  best=5.612 eV  top50=1  top10%=1
Cycle  41: full DKL retrain  (50 labelled)
GP warmup: 20 epochs on initial embeddings
Joint DKL training: 50 epochs
  Epoch 20/50  loss=1.5150
  Epoch 40/50  loss=0.3021
DKL training done in 0.3s
  → 2ClIrTe-2  gap=2.050 eV  best=5.612 eV  top50=1  top10%=1
Cycle  42: GP refit  (51 labelled)
  → 1VSe2-1  gap=0.977 eV  best=5.612 eV  top50=1  top10%=1
Cycle  43: GP refit  (52 labelled)
  → 1HfSSe-2  gap=1.645 eV  best=5.612 eV  top50=1  top10%=1
Cycle  44: GP refit  (53 labelled)
  → 2IrTaS4-1  gap=1.331 eV  best=5.612 eV  top50=1  top10%=1
Cycle  45: GP refit  (54 labelled)
  → 2CuSe-4  gap=1.116 eV  best=5.612 eV  top50=1  top10%=1
Cycle  46: full DKL retrain  (55 labelled)
GP warmup: 20 epochs on initial embeddings
Joint DKL training: 50 epochs
  Epoch 20/50  loss=0.9697
  Epoch 40/50  loss=0.2758
DKL training done in 0.4s
  → 2TeV-4  gap=0.774 eV  best=5.612 eV  top50=1  top10%=1
Cycle  47: GP refit  (56 labelled)
  → 2IRhTe-2  gap=1.432 eV  best=5.612 eV  top50=1  top10%=1
Cycle  48: GP refit  (57 labelled)
  → 2OsSe2-1  gap=1.389 eV  best=5.612 eV  top50=1  top10%=1
Cycle  49: GP refit  (58 labelled)
  → 1AgCrAs2Se6-1  gap=1.270 eV  best=5.612 eV  top50=1  top10%=1
Cycle  50: GP refit  (59 labelled)
  → 1WCu2Se4-1  gap=2.444 eV  best=5.612 eV  top50=1  top10%=1
Cycle  51: full DKL retrain  (60 labelled)
GP warmup: 20 epochs on initial embeddings
Joint DKL training: 50 epochs
  Epoch 20/50  loss=1.5570
  Epoch 40/50  loss=0.2448
DKL training done in 0.3s
  → 1PdSe2-2  gap=0.266 eV  best=5.612 eV  top50=1  top10%=1
Cycle  52: GP refit  (61 labelled)
  → 1HfSTe-2  gap=0.481 eV  best=5.612 eV  top50=1  top10%=1
Cycle  53: GP refit  (62 labelled)
  → 4AsPdTe-1  gap=0.967 eV  best=5.612 eV  top50=1  top10%=1
Cycle  54: GP refit  (63 labelled)
  → 1BrTeTi-1  gap=0.763 eV  best=5.612 eV  top50=1  top10%=1
Cycle  55: GP refit  (64 labelled)
  → 1ClScTe-1  gap=1.807 eV  best=5.612 eV  top50=1  top10%=1
Cycle  56: full DKL retrain  (65 labelled)
GP warmup: 20 epochs on initial embeddings
Joint DKL training: 50 epochs
  Epoch 20/50  loss=0.1581
  Epoch 40/50  loss=-0.1283
DKL training done in 0.4s
  → 2OsTe2-1  gap=1.379 eV  best=5.612 eV  top50=1  top10%=1
Cycle  57: GP refit  (66 labelled)
  → 2FeSe2-1  gap=1.053 eV  best=5.612 eV  top50=1  top10%=1
Cycle  58: GP refit  (67 labelled)
  → 2WSe2-1  gap=0.118 eV  best=5.612 eV  top50=1  top10%=1
Cycle  59: GP refit  (68 labelled)
  → 2NiTeS3-1  gap=1.567 eV  best=5.612 eV  top50=1  top10%=1
Cycle  60: GP refit  (69 labelled)
  → 1ScSe2-2  gap=1.490 eV  best=5.612 eV  top50=1  top10%=1
Cycle  61: full DKL retrain  (70 labelled)
GP warmup: 20 epochs on initial embeddings
Joint DKL training: 50 epochs
  Epoch 20/50  loss=-0.0057
  Epoch 40/50  loss=-0.3150
DKL training done in 0.3s
  → 2IrTaTe4-1  gap=0.119 eV  best=5.612 eV  top50=1  top10%=1
Cycle  62: GP refit  (71 labelled)
  → 1InN-1  gap=1.565 eV  best=5.612 eV  top50=1  top10%=1
Cycle  63: GP refit  (72 labelled)
  → 1GeSe-1  gap=2.915 eV  best=5.612 eV  top50=1  top10%=1
Cycle  64: GP refit  (73 labelled)
  → 1STeZr-2  gap=0.672 eV  best=5.612 eV  top50=1  top10%=1
Cycle  65: GP refit  (74 labelled)
  → 1AgCrP2Te6-1  gap=1.137 eV  best=5.612 eV  top50=1  top10%=1
Cycle  66: full DKL retrain  (75 labelled)
GP warmup: 20 epochs on initial embeddings
Joint DKL training: 50 epochs
  Epoch 20/50  loss=-0.0289
  Epoch 40/50  loss=-0.3428
DKL training done in 0.3s
  → 2HKO-1  gap=4.501 eV  best=5.612 eV  top50=1  top10%=1
Cycle  67: GP refit  (76 labelled)
  → 1ZrTe2-2  gap=0.836 eV  best=5.612 eV  top50=1  top10%=1
Cycle  68: GP refit  (77 labelled)
  → 1HfZr3Te8-1  gap=0.766 eV  best=5.612 eV  top50=1  top10%=1
Cycle  69: GP refit  (78 labelled)
  → 1TeTa3F7-1  gap=1.702 eV  best=5.612 eV  top50=1  top10%=1
Cycle  70: GP refit  (79 labelled)
  → 1STa3F7-1  gap=1.799 eV  best=5.612 eV  top50=1  top10%=1
Cycle  71: full DKL retrain  (80 labelled)
GP warmup: 20 epochs on initial embeddings
Joint DKL training: 50 epochs
  Epoch 20/50  loss=-0.1037
  Epoch 40/50  loss=-0.4189
DKL training done in 0.4s
  → 2TeZr-4  gap=0.652 eV  best=5.612 eV  top50=1  top10%=1
Cycle  72: GP refit  (81 labelled)
  → 2FIrS-2  gap=2.104 eV  best=5.612 eV  top50=1  top10%=1
Cycle  73: GP refit  (82 labelled)
  → 2RuSe2-1  gap=1.595 eV  best=5.612 eV  top50=1  top10%=1
Cycle  74: GP refit  (83 labelled)
  → 1CoLiP2Se6-1  gap=2.004 eV  best=5.612 eV  top50=1  top10%=1
Cycle  75: GP refit  (84 labelled)
  → 1CrISe-1  gap=1.596 eV  best=5.612 eV  top50=1  top10%=1
Cycle  76: full DKL retrain  (85 labelled)
GP warmup: 20 epochs on initial embeddings
Joint DKL training: 50 epochs
  Epoch 20/50  loss=0.0669
  Epoch 40/50  loss=-0.1558
DKL training done in 0.3s
  → 2HfZrTe4-1  gap=0.717 eV  best=5.612 eV  top50=1  top10%=1
Cycle  77: GP refit  (86 labelled)
  → 1BrISCd2-1  gap=1.715 eV  best=5.612 eV  top50=1  top10%=1
Cycle  78: GP refit  (87 labelled)
  → 2HInTeS4-1  gap=2.900 eV  best=5.612 eV  top50=1  top10%=1
Cycle  79: GP refit  (88 labelled)
  → 2GaS-1  gap=3.197 eV  best=5.612 eV  top50=1  top10%=1
Cycle  80: GP refit  (89 labelled)
  → 1AsBrTe-2  gap=1.662 eV  best=5.612 eV  top50=1  top10%=1
Cycle  81: full DKL retrain  (90 labelled)
GP warmup: 20 epochs on initial embeddings
Joint DKL training: 50 epochs
  Epoch 20/50  loss=-0.0028
  Epoch 40/50  loss=-0.3801
DKL training done in 0.3s
  → 2FRhS-1  gap=2.175 eV  best=5.612 eV  top50=1  top10%=1
Cycle  82: GP refit  (91 labelled)
  → 1CoNaAs2Se6-1  gap=1.295 eV  best=5.612 eV  top50=1  top10%=1
Cycle  83: GP refit  (92 labelled)
  → 2GaO-1  gap=2.472 eV  best=5.612 eV  top50=1  top10%=1
Cycle  84: GP refit  (93 labelled)
  → 1CoLiP2S6-1  gap=2.395 eV  best=5.612 eV  top50=1  top10%=1
Cycle  85: GP refit  (94 labelled)
  → 4TaS3-1  gap=0.823 eV  best=5.612 eV  top50=1  top10%=1
Cycle  86: full DKL retrain  (95 labelled)
GP warmup: 20 epochs on initial embeddings
Joint DKL training: 50 epochs
  Epoch 20/50  loss=0.0170
  Epoch 40/50  loss=-0.3383
DKL training done in 0.3s
  → 4NbS3-2  gap=1.030 eV  best=5.612 eV  top50=1  top10%=1
Cycle  87: GP refit  (96 labelled)
  → 2CrMoTe4-1  gap=0.980 eV  best=5.612 eV  top50=1  top10%=1
Cycle  88: GP refit  (97 labelled)
  → 1MoW3Te8-1  gap=1.220 eV  best=5.612 eV  top50=1  top10%=1
Cycle  89: GP refit  (98 labelled)
  → 1CrW3Te8-1  gap=0.937 eV  best=5.612 eV  top50=1  top10%=1
Cycle  90: GP refit  (99 labelled)
  → 2CrWTe4-1  gap=0.876 eV  best=5.612 eV  top50=1  top10%=1
Cycle  91: full DKL retrain  (100 labelled)
GP warmup: 20 epochs on initial embeddings
Joint DKL training: 50 epochs
  Epoch 20/50  loss=-0.5653
  Epoch 40/50  loss=-0.9389
DKL training done in 0.3s
  → 1WCr3Te8-1  gap=0.841 eV  best=5.612 eV  top50=1  top10%=1
Cycle  92: GP refit  (101 labelled)
  → 1CrTe2-2  gap=0.869 eV  best=5.612 eV  top50=1  top10%=1
Cycle  93: GP refit  (102 labelled)
  → 1MoCr3Te8-1  gap=0.893 eV  best=5.612 eV  top50=1  top10%=1
Cycle  94: GP refit  (103 labelled)
  → 1SeTeW-1  gap=1.493 eV  best=5.612 eV  top50=1  top10%=1
Cycle  95: GP refit  (104 labelled)
  → 1MoSSe-1  gap=1.949 eV  best=5.612 eV  top50=1  top10%=1
Cycle  96: full DKL retrain  (105 labelled)
GP warmup: 20 epochs on initial embeddings
Joint DKL training: 50 epochs
  Epoch 20/50  loss=0.2302
  Epoch 40/50  loss=-0.4162
DKL training done in 0.3s
  → 1WTe2-1  gap=1.141 eV  best=5.612 eV  top50=1  top10%=1
Cycle  97: GP refit  (106 labelled)
  → 1SSeW-1  gap=1.911 eV  best=5.612 eV  top50=1  top10%=1
Cycle  98: GP refit  (107 labelled)
  → 1CrMo3Te8-1  gap=1.105 eV  best=5.612 eV  top50=1  top10%=1
Cycle  99: GP refit  (108 labelled)
  → 1CrSeTe-1  gap=0.994 eV  best=5.612 eV  top50=1  top10%=1
Cycle 100: GP refit  (109 labelled)
  → 2PdTeS3-1  gap=1.818 eV  best=5.612 eV  top50=1  top10%=1
  dkl_finetune/seed25 → best_inwin=0.702 top50=12
BOLoop: 766 materials  |  direction=max  |  top-50 internal threshold=5.35  top-10% internal threshold=4.94
Init: 10 random labels  |  best (max) = 4.453
Cycle   1: full DKL retrain  (10 labelled)
GP warmup: 20 epochs on initial embeddings
/home/roy/Desktop/DKL-BO/venv/lib/python3.13/site-packages/torch/_compile.py:54: UserWarning: optimizer contains a parameter group with duplicate parameters; in future, this will cause an error; see github.com/pytorch/pytorch/issues/40967 for more information
  return disable_fn(*args, **kwargs)
Joint DKL training: 50 epochs
  Epoch 20/50  loss=1.5965
  Epoch 40/50  loss=1.4634
DKL training done in 0.3s
  → 1WMo3Te8-1  gap=1.326 eV  best=4.453 eV  top50=0  top10%=0
Cycle   2: GP refit  (11 labelled)
  → 1CrW3Te8-1  gap=0.937 eV  best=4.453 eV  top50=0  top10%=0
Cycle   3: GP refit  (12 labelled)
  → 1CrMo3Te8-1  gap=1.105 eV  best=4.453 eV  top50=0  top10%=0
Cycle   4: GP refit  (13 labelled)
  → 2CrWTe4-1  gap=0.876 eV  best=4.453 eV  top50=0  top10%=0
Cycle   5: GP refit  (14 labelled)
  → 2CrMoTe4-1  gap=0.980 eV  best=4.453 eV  top50=0  top10%=0
Cycle   6: full DKL retrain  (15 labelled)
GP warmup: 20 epochs on initial embeddings
Joint DKL training: 50 epochs
  Epoch 20/50  loss=0.0712
  Epoch 40/50  loss=-0.2588
DKL training done in 0.3s
  → 2CrNbTe5-1  gap=0.029 eV  best=4.453 eV  top50=0  top10%=0
Cycle   7: GP refit  (16 labelled)
  → 1WCu2Te4-1  gap=1.488 eV  best=4.453 eV  top50=0  top10%=0
Cycle   8: GP refit  (17 labelled)
  → 1HfZr3Te8-1  gap=0.766 eV  best=4.453 eV  top50=0  top10%=0
Cycle   9: GP refit  (18 labelled)
  → 2HfTiTe4-1  gap=0.692 eV  best=4.453 eV  top50=0  top10%=0
Cycle  10: GP refit  (19 labelled)
  → 2TiZrTe4-1  gap=0.744 eV  best=4.453 eV  top50=0  top10%=0
Cycle  11: full DKL retrain  (20 labelled)
GP warmup: 20 epochs on initial embeddings
Joint DKL training: 50 epochs
  Epoch 20/50  loss=0.0945
  Epoch 40/50  loss=-0.2230
DKL training done in 0.4s
  → 1ZrTi3Te8-1  gap=0.722 eV  best=4.453 eV  top50=0  top10%=0
Cycle  12: GP refit  (21 labelled)
  → 2IRhTe-2  gap=1.432 eV  best=4.453 eV  top50=0  top10%=0
Cycle  13: GP refit  (22 labelled)
  → 1SnS2-3  gap=1.455 eV  best=4.453 eV  top50=0  top10%=0
Cycle  14: GP refit  (23 labelled)
  → 1AgTlP2Se6-1  gap=0.901 eV  best=4.453 eV  top50=0  top10%=0
Cycle  15: GP refit  (24 labelled)
  → 1AgInP2Se6-1  gap=1.707 eV  best=4.453 eV  top50=0  top10%=0
Cycle  16: full DKL retrain  (25 labelled)
GP warmup: 20 epochs on initial embeddings
Joint DKL training: 50 epochs
  Epoch 20/50  loss=-0.0329
  Epoch 40/50  loss=-0.1702
DKL training done in 0.3s
  → 1AgAlP2Te6-1  gap=1.065 eV  best=4.453 eV  top50=0  top10%=0
Cycle  17: GP refit  (26 labelled)
  → 2AuSe-1  gap=1.561 eV  best=4.453 eV  top50=0  top10%=0
Cycle  18: GP refit  (27 labelled)
  → 1Nb3I8-1  gap=0.824 eV  best=4.453 eV  top50=0  top10%=0
Cycle  19: GP refit  (28 labelled)
  → 1NiPd3Se8-1  gap=0.702 eV  best=4.453 eV  top50=0  top10%=0
Cycle  20: GP refit  (29 labelled)
  → 1HfSTe-2  gap=0.481 eV  best=4.453 eV  top50=0  top10%=0
Cycle  21: full DKL retrain  (30 labelled)
GP warmup: 20 epochs on initial embeddings
Joint DKL training: 50 epochs
  Epoch 20/50  loss=-0.2645
  Epoch 40/50  loss=-0.4132
DKL training done in 0.3s
  → 2PdTeS3-1  gap=1.818 eV  best=4.453 eV  top50=0  top10%=0
Cycle  22: GP refit  (31 labelled)
  → 1AgCrP2Te6-1  gap=1.137 eV  best=4.453 eV  top50=0  top10%=0
Cycle  23: GP refit  (32 labelled)
  → 2PtTeS3-1  gap=1.731 eV  best=4.453 eV  top50=0  top10%=0
Cycle  24: GP refit  (33 labelled)
  → 1CoITe-1  gap=0.971 eV  best=4.453 eV  top50=0  top10%=0
Cycle  25: GP refit  (34 labelled)
  → 1SeTeZr-2  gap=0.783 eV  best=4.453 eV  top50=0  top10%=0
Cycle  26: full DKL retrain  (35 labelled)
GP warmup: 20 epochs on initial embeddings
Joint DKL training: 50 epochs
  Epoch 20/50  loss=-0.0903
  Epoch 40/50  loss=-0.2647
DKL training done in 0.3s
  → 1IIrTe-1  gap=1.821 eV  best=4.453 eV  top50=0  top10%=0
Cycle  27: GP refit  (36 labelled)
  → 1ZrSe2-2  gap=1.684 eV  best=4.453 eV  top50=0  top10%=0
Cycle  28: GP refit  (37 labelled)
  → 1CrISe-1  gap=1.596 eV  best=4.453 eV  top50=0  top10%=0
Cycle  29: GP refit  (38 labelled)
  → 1SSeSn-1  gap=1.476 eV  best=4.453 eV  top50=0  top10%=0
Cycle  30: GP refit  (39 labelled)
  → 2AgTe-2  gap=0.242 eV  best=4.453 eV  top50=0  top10%=0
Cycle  31: full DKL retrain  (40 labelled)
GP warmup: 20 epochs on initial embeddings
Joint DKL training: 50 epochs
  Epoch 20/50  loss=-0.0450
  Epoch 40/50  loss=-0.1479
DKL training done in 0.3s
  → 1HfI2-1  gap=1.022 eV  best=4.453 eV  top50=0  top10%=0
Cycle  32: GP refit  (41 labelled)
  → 2NiTeS3-1  gap=1.567 eV  best=4.453 eV  top50=0  top10%=0
Cycle  33: GP refit  (42 labelled)
  → 2HfI2-1  gap=1.014 eV  best=4.453 eV  top50=0  top10%=0
Cycle  34: GP refit  (43 labelled)
  → 1SI2Pb2-1  gap=1.567 eV  best=4.453 eV  top50=0  top10%=0
Cycle  35: GP refit  (44 labelled)
  → 2RuSe2-1  gap=1.595 eV  best=4.453 eV  top50=0  top10%=0
Cycle  36: full DKL retrain  (45 labelled)
GP warmup: 20 epochs on initial embeddings
Joint DKL training: 50 epochs
  Epoch 20/50  loss=-0.2679
  Epoch 40/50  loss=-0.4148
DKL training done in 0.3s
  → 1SNb3I7-1  gap=1.235 eV  best=4.453 eV  top50=0  top10%=0
Cycle  37: GP refit  (46 labelled)
  → 1ZrTe2-2  gap=0.836 eV  best=4.453 eV  top50=0  top10%=0
Cycle  38: GP refit  (47 labelled)
  → 1NiSSeZr-1  gap=1.881 eV  best=4.453 eV  top50=0  top10%=0
Cycle  39: GP refit  (48 labelled)
  → 1TeNb3Br7-1  gap=1.436 eV  best=4.453 eV  top50=0  top10%=0
Cycle  40: GP refit  (49 labelled)
  → 1PtSSe-1  gap=2.017 eV  best=4.453 eV  top50=0  top10%=0
Cycle  41: full DKL retrain  (50 labelled)
GP warmup: 20 epochs on initial embeddings
Joint DKL training: 50 epochs
  Epoch 20/50  loss=-0.1118
  Epoch 40/50  loss=-0.2484
DKL training done in 0.3s
  → 2RuTe2-1  gap=1.071 eV  best=4.453 eV  top50=0  top10%=0
Cycle  42: GP refit  (51 labelled)
  → 1HfSSe-2  gap=1.645 eV  best=4.453 eV  top50=0  top10%=0
Cycle  43: GP refit  (52 labelled)
  → 2CuSe-4  gap=1.116 eV  best=4.453 eV  top50=0  top10%=0
Cycle  44: GP refit  (53 labelled)
  → 2CsF-1  gap=6.059 eV  best=6.059 eV  top50=1  top10%=1
Cycle  45: GP refit  (54 labelled)
  → 1CrSeTe-1  gap=0.994 eV  best=6.059 eV  top50=1  top10%=1
Cycle  46: full DKL retrain  (55 labelled)
GP warmup: 20 epochs on initial embeddings
Joint DKL training: 50 epochs
  Epoch 20/50  loss=0.1830
  Epoch 40/50  loss=-0.0011
DKL training done in 0.3s
  → 1STeTi-2  gap=0.531 eV  best=6.059 eV  top50=1  top10%=1
Cycle  47: GP refit  (56 labelled)
  → 1BrITl2-1  gap=2.587 eV  best=6.059 eV  top50=1  top10%=1
Cycle  48: GP refit  (57 labelled)
  → 1HfSe2-2  gap=1.626 eV  best=6.059 eV  top50=1  top10%=1
Cycle  49: GP refit  (58 labelled)
  → 2CuI-2  gap=3.552 eV  best=6.059 eV  top50=1  top10%=1
Cycle  50: GP refit  (59 labelled)
  → 1PdSe2-2  gap=0.266 eV  best=6.059 eV  top50=1  top10%=1
Cycle  51: full DKL retrain  (60 labelled)
GP warmup: 20 epochs on initial embeddings
Joint DKL training: 50 epochs
  Epoch 20/50  loss=0.4011
  Epoch 40/50  loss=0.1855
DKL training done in 0.3s
  → 1WTe2-1  gap=1.141 eV  best=6.059 eV  top50=1  top10%=1
Cycle  52: GP refit  (61 labelled)
  → 1STeZr-2  gap=0.672 eV  best=6.059 eV  top50=1  top10%=1
Cycle  53: GP refit  (62 labelled)
  → 2OsTe2-1  gap=1.379 eV  best=6.059 eV  top50=1  top10%=1
Cycle  54: GP refit  (63 labelled)
  → 1SeTeW-1  gap=1.493 eV  best=6.059 eV  top50=1  top10%=1
Cycle  55: GP refit  (64 labelled)
  → 4AsPdSe-1  gap=1.283 eV  best=6.059 eV  top50=1  top10%=1
Cycle  56: full DKL retrain  (65 labelled)
GP warmup: 20 epochs on initial embeddings
Joint DKL training: 50 epochs
  Epoch 20/50  loss=-0.0389
  Epoch 40/50  loss=-0.2504
DKL training done in 0.3s
  → 1PtSeTe-1  gap=1.092 eV  best=6.059 eV  top50=1  top10%=1
Cycle  57: GP refit  (66 labelled)
  → 4PPdSe-1  gap=1.963 eV  best=6.059 eV  top50=1  top10%=1
Cycle  58: GP refit  (67 labelled)
  → 1TeNb3I7-1  gap=1.241 eV  best=6.059 eV  top50=1  top10%=1
Cycle  59: GP refit  (68 labelled)
  → 1Br2Se2Pb3-1  gap=1.452 eV  best=6.059 eV  top50=1  top10%=1
Cycle  60: GP refit  (69 labelled)
  → 4AsNiS-1  gap=1.507 eV  best=6.059 eV  top50=1  top10%=1
Cycle  61: full DKL retrain  (70 labelled)
GP warmup: 20 epochs on initial embeddings
Joint DKL training: 50 epochs
  Epoch 20/50  loss=-0.1366
  Epoch 40/50  loss=-0.3604
DKL training done in 0.3s
  → 1BrTeTi-1  gap=0.763 eV  best=6.059 eV  top50=1  top10%=1
Cycle  62: GP refit  (71 labelled)
  → 1AgCrAs2Se6-1  gap=1.270 eV  best=6.059 eV  top50=1  top10%=1
Cycle  63: GP refit  (72 labelled)
  → 1CrSTe-1  gap=0.820 eV  best=6.059 eV  top50=1  top10%=1
Cycle  64: GP refit  (73 labelled)
  → 2PbSe-1  gap=1.312 eV  best=6.059 eV  top50=1  top10%=1
Cycle  65: GP refit  (74 labelled)
  → 1AsISe-2  gap=1.052 eV  best=6.059 eV  top50=1  top10%=1
Cycle  66: full DKL retrain  (75 labelled)
GP warmup: 20 epochs on initial embeddings
Joint DKL training: 50 epochs
  Epoch 20/50  loss=-0.6219
  Epoch 40/50  loss=-0.8617
DKL training done in 0.3s
  → 1MoCr3Te8-1  gap=0.893 eV  best=6.059 eV  top50=1  top10%=1
Cycle  67: GP refit  (76 labelled)
  → 2AgCrP2S6-1  gap=2.715 eV  best=6.059 eV  top50=1  top10%=1
Cycle  68: GP refit  (77 labelled)
  → 1AsIS-2  gap=0.810 eV  best=6.059 eV  top50=1  top10%=1
Cycle  69: GP refit  (78 labelled)
  → 1CdInTlS4-1  gap=1.127 eV  best=6.059 eV  top50=1  top10%=1
Cycle  70: GP refit  (79 labelled)
  → 1AsBrTe-2  gap=1.662 eV  best=6.059 eV  top50=1  top10%=1
Cycle  71: full DKL retrain  (80 labelled)
GP warmup: 20 epochs on initial embeddings
Joint DKL training: 50 epochs
  Epoch 20/50  loss=-0.3386
  Epoch 40/50  loss=-0.5316
DKL training done in 0.3s
  → 1TiI2-2  gap=0.828 eV  best=6.059 eV  top50=1  top10%=1
Cycle  72: GP refit  (81 labelled)
  → 1PdZrI6-1  gap=1.341 eV  best=6.059 eV  top50=1  top10%=1
Cycle  73: GP refit  (82 labelled)
  → 1SnI2-2  gap=2.504 eV  best=6.059 eV  top50=1  top10%=1
Cycle  74: GP refit  (83 labelled)
  → 1BrITi-1  gap=1.037 eV  best=6.059 eV  top50=1  top10%=1
Cycle  75: GP refit  (84 labelled)
  → 2NbOI2-1  gap=1.845 eV  best=6.059 eV  top50=1  top10%=1
Cycle  76: full DKL retrain  (85 labelled)
GP warmup: 20 epochs on initial embeddings
Joint DKL training: 50 epochs
  Epoch 20/50  loss=-0.2807
  Epoch 40/50  loss=-0.4772
DKL training done in 0.3s
  → 1WAg2S4-1  gap=2.482 eV  best=6.059 eV  top50=1  top10%=1
Cycle  77: GP refit  (86 labelled)
  → 2FeTe2-1  gap=0.581 eV  best=6.059 eV  top50=1  top10%=1
Cycle  78: GP refit  (87 labelled)
  → 1BrHfI-1  gap=1.157 eV  best=6.059 eV  top50=1  top10%=1
Cycle  79: GP refit  (88 labelled)
  → 2PbTe-1  gap=0.878 eV  best=6.059 eV  top50=1  top10%=1
Cycle  80: GP refit  (89 labelled)
  → 4AsPdTe-1  gap=0.967 eV  best=6.059 eV  top50=1  top10%=1
Cycle  81: full DKL retrain  (90 labelled)
GP warmup: 20 epochs on initial embeddings
Joint DKL training: 50 epochs
  Epoch 20/50  loss=-0.4420
  Epoch 40/50  loss=-0.6360
DKL training done in 0.3s
  → 1HfSeTe-2  gap=0.637 eV  best=6.059 eV  top50=1  top10%=1
Cycle  82: GP refit  (91 labelled)
  → 1WCr3Te8-1  gap=0.841 eV  best=6.059 eV  top50=1  top10%=1
Cycle  83: GP refit  (92 labelled)
  → 1MoAu2Te4-1  gap=0.677 eV  best=6.059 eV  top50=1  top10%=1
Cycle  84: GP refit  (93 labelled)
  → 1MoCu2Te4-1  gap=1.230 eV  best=6.059 eV  top50=1  top10%=1
Cycle  85: GP refit  (94 labelled)
  → 2TeTl-2  gap=0.681 eV  best=6.059 eV  top50=1  top10%=1
Cycle  86: full DKL retrain  (95 labelled)
GP warmup: 20 epochs on initial embeddings
Joint DKL training: 50 epochs
  Epoch 20/50  loss=-0.9106
  Epoch 40/50  loss=-1.1155
DKL training done in 0.3s
  → 1WAu2Te4-1  gap=0.792 eV  best=6.059 eV  top50=1  top10%=1
Cycle  87: GP refit  (96 labelled)
  → 4AsPtS-1  gap=2.061 eV  best=6.059 eV  top50=1  top10%=1
Cycle  88: GP refit  (97 labelled)
  → 1MoAu2Se4-1  gap=1.247 eV  best=6.059 eV  top50=1  top10%=1
Cycle  89: GP refit  (98 labelled)
  → 2IrTaTe4-1  gap=0.119 eV  best=6.059 eV  top50=1  top10%=1
Cycle  90: GP refit  (99 labelled)
  → 1HfSSe-1  gap=1.512 eV  best=6.059 eV  top50=1  top10%=1
Cycle  91: full DKL retrain  (100 labelled)
GP warmup: 20 epochs on initial embeddings
Joint DKL training: 50 epochs
  Epoch 20/50  loss=-0.7123
  Epoch 40/50  loss=-0.8933
DKL training done in 0.3s
  → 1SeTeTi-2  gap=0.600 eV  best=6.059 eV  top50=1  top10%=1
Cycle  92: GP refit  (101 labelled)
  → 1AgAlAs2Se6-1  gap=1.577 eV  best=6.059 eV  top50=1  top10%=1
Cycle  93: GP refit  (102 labelled)
  → 1AlISe-1  gap=2.186 eV  best=6.059 eV  top50=1  top10%=1
Cycle  94: GP refit  (103 labelled)
  → 1TiZr3Te8-1  gap=0.793 eV  best=6.059 eV  top50=1  top10%=1
Cycle  95: GP refit  (104 labelled)
  → 1STeW-1  gap=1.681 eV  best=6.059 eV  top50=1  top10%=1
Cycle  96: full DKL retrain  (105 labelled)
GP warmup: 20 epochs on initial embeddings
Joint DKL training: 50 epochs
  Epoch 20/50  loss=-0.5661
  Epoch 40/50  loss=-0.7742
DKL training done in 0.3s
  → 1NiZrI6-1  gap=2.561 eV  best=6.059 eV  top50=1  top10%=1
Cycle  97: GP refit  (106 labelled)
  → 1PbTe-1  gap=1.500 eV  best=6.059 eV  top50=1  top10%=1
Cycle  98: GP refit  (107 labelled)
  → 1MnNbSe4-1  gap=0.598 eV  best=6.059 eV  top50=1  top10%=1
Cycle  99: GP refit  (108 labelled)
  → 1MoTe2-1  gap=1.370 eV  best=6.059 eV  top50=1  top10%=1
Cycle 100: GP refit  (109 labelled)
  → 2PbS-3  gap=0.673 eV  best=6.059 eV  top50=1  top10%=1
  dkl_finetune/seed26 → best_inwin=0.702 top50=18
BOLoop: 766 materials  |  direction=max  |  top-50 internal threshold=5.35  top-10% internal threshold=4.94
Init: 10 random labels  |  best (max) = 5.770
Cycle   1: full DKL retrain  (10 labelled)
GP warmup: 20 epochs on initial embeddings
/home/roy/Desktop/DKL-BO/venv/lib/python3.13/site-packages/torch/_compile.py:54: UserWarning: optimizer contains a parameter group with duplicate parameters; in future, this will cause an error; see github.com/pytorch/pytorch/issues/40967 for more information
  return disable_fn(*args, **kwargs)
Joint DKL training: 50 epochs
  Epoch 20/50  loss=1.8365
  Epoch 40/50  loss=1.7439
DKL training done in 0.3s
  → 1STa3I7-1  gap=1.295 eV  best=5.770 eV  top50=0  top10%=0
Cycle   2: GP refit  (11 labelled)
  → 1TiBr2-1  gap=1.166 eV  best=5.770 eV  top50=0  top10%=0
Cycle   3: GP refit  (12 labelled)
  → 1ClITi-1  gap=1.187 eV  best=5.770 eV  top50=0  top10%=0
Cycle   4: GP refit  (13 labelled)
  → 1BrCuGeTe-1  gap=1.540 eV  best=5.770 eV  top50=0  top10%=0
Cycle   5: GP refit  (14 labelled)
  → 1BrITi-1  gap=1.037 eV  best=5.770 eV  top50=0  top10%=0
Cycle   6: full DKL retrain  (15 labelled)
GP warmup: 20 epochs on initial embeddings
Joint DKL training: 50 epochs
  Epoch 20/50  loss=-0.3631
  Epoch 40/50  loss=-0.5435
DKL training done in 0.3s
  → 1BiClS-2  gap=2.271 eV  best=5.770 eV  top50=0  top10%=0
Cycle   7: GP refit  (16 labelled)
  → 1SI2Pb2-1  gap=1.567 eV  best=5.770 eV  top50=0  top10%=0
Cycle   8: GP refit  (17 labelled)
  → 2BrCu-3  gap=3.475 eV  best=5.770 eV  top50=0  top10%=0
Cycle   9: GP refit  (18 labelled)
  → 1ZnI2-3  gap=1.644 eV  best=5.770 eV  top50=0  top10%=0
Cycle  10: GP refit  (19 labelled)
  → 1AsIS-2  gap=0.810 eV  best=5.770 eV  top50=0  top10%=0
Cycle  11: full DKL retrain  (20 labelled)
GP warmup: 20 epochs on initial embeddings
Joint DKL training: 50 epochs
  Epoch 20/50  loss=1.1665
  Epoch 40/50  loss=-0.0865
DKL training done in 0.3s
  → 1AsIS-1  gap=1.950 eV  best=5.770 eV  top50=0  top10%=0
Cycle  12: GP refit  (21 labelled)
  → 1TiI2-2  gap=0.828 eV  best=5.770 eV  top50=0  top10%=0
Cycle  13: GP refit  (22 labelled)
  → 1BiBrSe-2  gap=1.742 eV  best=5.770 eV  top50=0  top10%=0
Cycle  14: GP refit  (23 labelled)
  → 1TiS2-2  gap=2.015 eV  best=5.770 eV  top50=0  top10%=0
Cycle  15: GP refit  (24 labelled)
  → 1BiISe-2  gap=1.189 eV  best=5.770 eV  top50=0  top10%=0
Cycle  16: full DKL retrain  (25 labelled)
GP warmup: 20 epochs on initial embeddings
Joint DKL training: 50 epochs
  Epoch 20/50  loss=1.8618
  Epoch 40/50  loss=0.7300
DKL training done in 0.3s
  → 1ClSbSe-2  gap=2.290 eV  best=5.770 eV  top50=0  top10%=0
Cycle  17: GP refit  (26 labelled)
  → 1AsITe-2  gap=0.872 eV  best=5.770 eV  top50=0  top10%=0
Cycle  18: GP refit  (27 labelled)
  → 1BrSbSe-2  gap=2.037 eV  best=5.770 eV  top50=0  top10%=0
Cycle  19: GP refit  (28 labelled)
  → 2IMnSbSe2-2  gap=0.701 eV  best=5.770 eV  top50=0  top10%=0
Cycle  20: GP refit  (29 labelled)
  → 2HgNa2I4-1  gap=2.857 eV  best=5.770 eV  top50=0  top10%=0
Cycle  21: full DKL retrain  (30 labelled)
GP warmup: 20 epochs on initial embeddings
Joint DKL training: 50 epochs
  Epoch 20/50  loss=0.7447
  Epoch 40/50  loss=0.5537
DKL training done in 0.3s
  → 4AsPdTe-1  gap=0.967 eV  best=5.770 eV  top50=0  top10%=0
Cycle  22: GP refit  (31 labelled)
  → 1AsClTe-2  gap=1.824 eV  best=5.770 eV  top50=0  top10%=0
Cycle  23: GP refit  (32 labelled)
  → 1SeTa3I7-1  gap=1.256 eV  best=5.770 eV  top50=0  top10%=0
Cycle  24: GP refit  (33 labelled)
  → 1WAg2Te4-1  gap=1.318 eV  best=5.770 eV  top50=0  top10%=0
Cycle  25: GP refit  (34 labelled)
  → 1AsBrTe-2  gap=1.662 eV  best=5.770 eV  top50=0  top10%=0
Cycle  26: full DKL retrain  (35 labelled)
GP warmup: 20 epochs on initial embeddings
Joint DKL training: 50 epochs
  Epoch 20/50  loss=0.4408
  Epoch 40/50  loss=0.3047
DKL training done in 0.3s
  → 2AgTe-2  gap=0.242 eV  best=5.770 eV  top50=0  top10%=0
Cycle  27: GP refit  (36 labelled)
  → 1AsITe-1  gap=1.502 eV  best=5.770 eV  top50=0  top10%=0
Cycle  28: GP refit  (37 labelled)
  → 2AgTe-3  gap=0.756 eV  best=5.770 eV  top50=0  top10%=0
Cycle  29: GP refit  (38 labelled)
  → 2AsITe-1  gap=0.417 eV  best=5.770 eV  top50=0  top10%=0
Cycle  30: GP refit  (39 labelled)
  → 1BiFTe-1  gap=1.179 eV  best=5.770 eV  top50=0  top10%=0
Cycle  31: full DKL retrain  (40 labelled)
GP warmup: 20 epochs on initial embeddings
Joint DKL training: 50 epochs
  Epoch 20/50  loss=0.5146
  Epoch 40/50  loss=0.3107
DKL training done in 0.3s
  → 4AsPdSe-1  gap=1.283 eV  best=5.770 eV  top50=0  top10%=0
Cycle  32: GP refit  (41 labelled)
  → 1AsISe-2  gap=1.052 eV  best=5.770 eV  top50=0  top10%=0
Cycle  33: GP refit  (42 labelled)
  → 1BrTeTi-1  gap=0.763 eV  best=5.770 eV  top50=0  top10%=0
Cycle  34: GP refit  (43 labelled)
  → 1ZrI2-1  gap=1.038 eV  best=5.770 eV  top50=0  top10%=0
Cycle  35: GP refit  (44 labelled)
  → 1PdSe2-2  gap=0.266 eV  best=5.770 eV  top50=0  top10%=0
Cycle  36: full DKL retrain  (45 labelled)
GP warmup: 20 epochs on initial embeddings
Joint DKL training: 50 epochs
  Epoch 20/50  loss=0.2527
  Epoch 40/50  loss=0.0523
DKL training done in 0.3s
  → 1BiISe-1  gap=1.216 eV  best=5.770 eV  top50=0  top10%=0
Cycle  37: GP refit  (46 labelled)
  → 1NiPd3Se8-1  gap=0.702 eV  best=5.770 eV  top50=0  top10%=0
Cycle  38: GP refit  (47 labelled)
  → 1ZrTe2-2  gap=0.836 eV  best=5.770 eV  top50=0  top10%=0
Cycle  39: GP refit  (48 labelled)
  → 2TeZr-4  gap=0.652 eV  best=5.770 eV  top50=0  top10%=0
Cycle  40: GP refit  (49 labelled)
  → 1BiITe-1  gap=0.929 eV  best=5.770 eV  top50=0  top10%=0
Cycle  41: full DKL retrain  (50 labelled)
GP warmup: 20 epochs on initial embeddings
Joint DKL training: 50 epochs
  Epoch 20/50  loss=-0.1172
  Epoch 40/50  loss=-0.3080
DKL training done in 0.3s
  → 1HfZr3Te8-1  gap=0.766 eV  best=5.770 eV  top50=0  top10%=0
Cycle  42: GP refit  (51 labelled)
  → 1SeTeZr-2  gap=0.783 eV  best=5.770 eV  top50=0  top10%=0
Cycle  43: GP refit  (52 labelled)
  → 2CrMoTe4-1  gap=0.980 eV  best=5.770 eV  top50=0  top10%=0
Cycle  44: GP refit  (53 labelled)
  → 1CrMo3Te8-1  gap=1.105 eV  best=5.770 eV  top50=0  top10%=0
Cycle  45: GP refit  (54 labelled)
  → 1HfTi3Te8-1  gap=0.724 eV  best=5.770 eV  top50=0  top10%=0
Cycle  46: full DKL retrain  (55 labelled)
GP warmup: 20 epochs on initial embeddings
Joint DKL training: 50 epochs
  Epoch 20/50  loss=-0.2675
  Epoch 40/50  loss=-0.5316
DKL training done in 0.3s
  → 1MoAu2Te4-1  gap=0.677 eV  best=5.770 eV  top50=0  top10%=0
Cycle  47: GP refit  (56 labelled)
  → 2IrTaTe4-1  gap=0.119 eV  best=5.770 eV  top50=0  top10%=0
Cycle  48: GP refit  (57 labelled)
  → 2IrNbTe4-1  gap=0.033 eV  best=5.770 eV  top50=0  top10%=0
Cycle  49: GP refit  (58 labelled)
  → 1CoITe-1  gap=0.971 eV  best=5.770 eV  top50=0  top10%=0
Cycle  50: GP refit  (59 labelled)
  → 2RuSe2-1  gap=1.595 eV  best=5.770 eV  top50=0  top10%=0
Cycle  51: full DKL retrain  (60 labelled)
GP warmup: 20 epochs on initial embeddings
Joint DKL training: 50 epochs
  Epoch 20/50  loss=-0.1534
  Epoch 40/50  loss=-0.3776
DKL training done in 0.3s
  → 2SeV-4  gap=0.788 eV  best=5.770 eV  top50=0  top10%=0
Cycle  52: GP refit  (61 labelled)
  → 1MnNbSe4-1  gap=0.598 eV  best=5.770 eV  top50=0  top10%=0
Cycle  53: GP refit  (62 labelled)
  → 2OsSe2-1  gap=1.389 eV  best=5.770 eV  top50=0  top10%=0
Cycle  54: GP refit  (63 labelled)
  → 2HfTiTe4-1  gap=0.692 eV  best=5.770 eV  top50=0  top10%=0
Cycle  55: GP refit  (64 labelled)
  → 1GeTe-1  gap=1.994 eV  best=5.770 eV  top50=0  top10%=0
Cycle  56: full DKL retrain  (65 labelled)
GP warmup: 20 epochs on initial embeddings
Joint DKL training: 50 epochs
  Epoch 20/50  loss=-0.6313
  Epoch 40/50  loss=-0.8116
DKL training done in 0.3s
  → 2HfZrTe4-1  gap=0.717 eV  best=5.770 eV  top50=0  top10%=0
Cycle  57: GP refit  (66 labelled)
  → 1STeZr-2  gap=0.672 eV  best=5.770 eV  top50=0  top10%=0
Cycle  58: GP refit  (67 labelled)
  → 1CrTe2-2  gap=0.869 eV  best=5.770 eV  top50=0  top10%=0
Cycle  59: GP refit  (68 labelled)
  → 1TiHf3Te8-1  gap=0.688 eV  best=5.770 eV  top50=0  top10%=0
Cycle  60: GP refit  (69 labelled)
  → 1STeTi-2  gap=0.531 eV  best=5.770 eV  top50=0  top10%=0
Cycle  61: full DKL retrain  (70 labelled)
GP warmup: 20 epochs on initial embeddings
Joint DKL training: 50 epochs
  Epoch 20/50  loss=-0.8638
  Epoch 40/50  loss=-1.1372
DKL training done in 0.3s
  → 1STeIn2-1  gap=1.141 eV  best=5.770 eV  top50=0  top10%=0
Cycle  62: GP refit  (71 labelled)
  → 2SV-4  gap=0.642 eV  best=5.770 eV  top50=0  top10%=0
Cycle  63: GP refit  (72 labelled)
  → 1HfTe2-2  gap=0.665 eV  best=5.770 eV  top50=0  top10%=0
Cycle  64: GP refit  (73 labelled)
  → 1SeTeTi-2  gap=0.600 eV  best=5.770 eV  top50=0  top10%=0
Cycle  65: GP refit  (74 labelled)
  → 1MoCr3Te8-1  gap=0.893 eV  best=5.770 eV  top50=0  top10%=0
Cycle  66: full DKL retrain  (75 labelled)
GP warmup: 20 epochs on initial embeddings
Joint DKL training: 50 epochs
  Epoch 20/50  loss=-0.8475
  Epoch 40/50  loss=-1.0939
DKL training done in 0.3s
  → 1HfSeTe-2  gap=0.637 eV  best=5.770 eV  top50=0  top10%=0
Cycle  67: GP refit  (76 labelled)
  → 1WCr3Te8-1  gap=0.841 eV  best=5.770 eV  top50=0  top10%=0
Cycle  68: GP refit  (77 labelled)
  → 1CrSTe-1  gap=0.820 eV  best=5.770 eV  top50=0  top10%=0
Cycle  69: GP refit  (78 labelled)
  → 2PdTeS3-1  gap=1.818 eV  best=5.770 eV  top50=0  top10%=0
Cycle  70: GP refit  (79 labelled)
  → 1WAu2Te4-1  gap=0.792 eV  best=5.770 eV  top50=0  top10%=0
Cycle  71: full DKL retrain  (80 labelled)
GP warmup: 20 epochs on initial embeddings
Joint DKL training: 50 epochs
  Epoch 20/50  loss=-0.8580
  Epoch 40/50  loss=-1.0856
DKL training done in 0.3s
  → 1CrSeTe-1  gap=0.994 eV  best=5.770 eV  top50=0  top10%=0
Cycle  72: GP refit  (81 labelled)
  → 2CrWTe4-1  gap=0.876 eV  best=5.770 eV  top50=0  top10%=0
Cycle  73: GP refit  (82 labelled)
  → 1TiZr3Te8-1  gap=0.793 eV  best=5.770 eV  top50=0  top10%=0
Cycle  74: GP refit  (83 labelled)
  → 1VSe2-1  gap=0.977 eV  best=5.770 eV  top50=0  top10%=0
Cycle  75: GP refit  (84 labelled)
  → 1CrW3Te8-1  gap=0.937 eV  best=5.770 eV  top50=0  top10%=0
Cycle  76: full DKL retrain  (85 labelled)
GP warmup: 20 epochs on initial embeddings
Joint DKL training: 50 epochs
  Epoch 20/50  loss=-1.2590
  Epoch 40/50  loss=-1.4856
DKL training done in 0.3s
  → 2OsTe2-1  gap=1.379 eV  best=5.770 eV  top50=0  top10%=0
Cycle  77: GP refit  (86 labelled)
  → 2FeTe2-1  gap=0.581 eV  best=5.770 eV  top50=0  top10%=0
Cycle  78: GP refit  (87 labelled)
  → 2RuTe2-1  gap=1.071 eV  best=5.770 eV  top50=0  top10%=0
Cycle  79: GP refit  (88 labelled)
  → 1MoCu2Te4-1  gap=1.230 eV  best=5.770 eV  top50=0  top10%=0
Cycle  80: GP refit  (89 labelled)
  → 1WTe2-1  gap=1.141 eV  best=5.770 eV  top50=0  top10%=0
Cycle  81: full DKL retrain  (90 labelled)
GP warmup: 20 epochs on initial embeddings
Joint DKL training: 50 epochs
  Epoch 20/50  loss=-0.9547
  Epoch 40/50  loss=-1.1617
DKL training done in 0.3s
  → 2AgI-2  gap=2.922 eV  best=5.770 eV  top50=0  top10%=0
Cycle  82: GP refit  (91 labelled)
  → 2TeV-4  gap=0.774 eV  best=5.770 eV  top50=0  top10%=0
Cycle  83: GP refit  (92 labelled)
  → 1MoAu2Se4-1  gap=1.247 eV  best=5.770 eV  top50=0  top10%=0
Cycle  84: GP refit  (93 labelled)
  → 2FeSe2-1  gap=1.053 eV  best=5.770 eV  top50=0  top10%=0
Cycle  85: GP refit  (94 labelled)
  → 1GaInTe2-1  gap=1.532 eV  best=5.770 eV  top50=0  top10%=0
Cycle  86: full DKL retrain  (95 labelled)
GP warmup: 20 epochs on initial embeddings
Joint DKL training: 50 epochs
  Epoch 20/50  loss=-0.4216
  Epoch 40/50  loss=-0.6723
DKL training done in 0.3s
  → 2TiZrTe4-1  gap=0.744 eV  best=5.770 eV  top50=0  top10%=0
Cycle  87: GP refit  (96 labelled)
  → 1HfI2-1  gap=1.022 eV  best=5.770 eV  top50=0  top10%=0
Cycle  88: GP refit  (97 labelled)
  → 1MoW3Te8-1  gap=1.220 eV  best=5.770 eV  top50=0  top10%=0
Cycle  89: GP refit  (98 labelled)
  → 2ZrI2-1  gap=0.889 eV  best=5.770 eV  top50=0  top10%=0
Cycle  90: GP refit  (99 labelled)
  → 2InTe-1  gap=1.812 eV  best=5.770 eV  top50=0  top10%=0
Cycle  91: full DKL retrain  (100 labelled)
GP warmup: 20 epochs on initial embeddings
Joint DKL training: 50 epochs
  Epoch 20/50  loss=-0.8536
  Epoch 40/50  loss=-1.1823
DKL training done in 0.3s
  → 1TeNb3I7-1  gap=1.241 eV  best=5.770 eV  top50=0  top10%=0
Cycle  92: GP refit  (101 labelled)
  → 2AuSe-1  gap=1.561 eV  best=5.770 eV  top50=0  top10%=0
Cycle  93: GP refit  (102 labelled)
  → 1PtSeTe-1  gap=1.092 eV  best=5.770 eV  top50=0  top10%=0
Cycle  94: GP refit  (103 labelled)
  → 4TiSe2-1  gap=0.036 eV  best=5.770 eV  top50=0  top10%=0
Cycle  95: GP refit  (104 labelled)
  → 2MoWTe4-1  gap=1.279 eV  best=5.770 eV  top50=0  top10%=0
Cycle  96: full DKL retrain  (105 labelled)
GP warmup: 20 epochs on initial embeddings
Joint DKL training: 50 epochs
  Epoch 20/50  loss=-0.6505
  Epoch 40/50  loss=-0.8486
DKL training done in 0.3s
  → 2AuTe-3  gap=0.078 eV  best=5.770 eV  top50=0  top10%=0
Cycle  97: GP refit  (106 labelled)
  → 2RhTaS4-1  gap=1.231 eV  best=5.770 eV  top50=0  top10%=0
Cycle  98: GP refit  (107 labelled)
  → 1SnTe-1  gap=2.089 eV  best=5.770 eV  top50=0  top10%=0
Cycle  99: GP refit  (108 labelled)
  → 2HTeLi3S4-1  gap=2.992 eV  best=5.770 eV  top50=0  top10%=0
Cycle 100: GP refit  (109 labelled)
  → 2HfI2-1  gap=1.014 eV  best=5.770 eV  top50=0  top10%=0
  dkl_finetune/seed27 → best_inwin=0.701 top50=23
BOLoop: 766 materials  |  direction=max  |  top-50 internal threshold=5.35  top-10% internal threshold=4.94
Init: 10 random labels  |  best (max) = 4.344
Cycle   1: full DKL retrain  (10 labelled)
GP warmup: 20 epochs on initial embeddings
/home/roy/Desktop/DKL-BO/venv/lib/python3.13/site-packages/torch/_compile.py:54: UserWarning: optimizer contains a parameter group with duplicate parameters; in future, this will cause an error; see github.com/pytorch/pytorch/issues/40967 for more information
  return disable_fn(*args, **kwargs)
Joint DKL training: 50 epochs
  Epoch 20/50  loss=1.5882
  Epoch 40/50  loss=1.4527
DKL training done in 0.3s
  → 1SeTa3F7-1  gap=1.735 eV  best=4.344 eV  top50=0  top10%=0
Cycle   2: GP refit  (11 labelled)
  → 2CuF-2  gap=0.477 eV  best=4.344 eV  top50=0  top10%=0
Cycle   3: GP refit  (12 labelled)
  → 1SeNb3Cl7-1  gap=1.601 eV  best=4.344 eV  top50=0  top10%=0
Cycle   4: GP refit  (13 labelled)
  → 1GeBr2-2  gap=3.333 eV  best=4.344 eV  top50=0  top10%=0
Cycle   5: GP refit  (14 labelled)
  → 1STa3Br7-1  gap=1.510 eV  best=4.344 eV  top50=0  top10%=0
Cycle   6: full DKL retrain  (15 labelled)
GP warmup: 20 epochs on initial embeddings
Joint DKL training: 50 epochs
  Epoch 20/50  loss=0.8197
  Epoch 40/50  loss=0.6752
DKL training done in 0.3s
  → 1TeTa3Br7-1  gap=1.397 eV  best=4.344 eV  top50=0  top10%=0
Cycle   7: GP refit  (16 labelled)
  → 1SeTa3Br7-1  gap=1.452 eV  best=4.344 eV  top50=0  top10%=0
Cycle   8: GP refit  (17 labelled)
  → 1ONb3Br7-1  gap=1.441 eV  best=4.344 eV  top50=0  top10%=0
Cycle   9: GP refit  (18 labelled)
  → 1WAu2S4-1  gap=1.827 eV  best=4.344 eV  top50=0  top10%=0
Cycle  10: GP refit  (19 labelled)
  → 4AsPdTe-1  gap=0.967 eV  best=4.344 eV  top50=0  top10%=0
Cycle  11: full DKL retrain  (20 labelled)
GP warmup: 20 epochs on initial embeddings
Joint DKL training: 50 epochs
  Epoch 20/50  loss=0.3615
  Epoch 40/50  loss=0.2525
DKL training done in 0.3s
  → 1TeNb3Br7-1  gap=1.436 eV  best=4.344 eV  top50=0  top10%=0
Cycle  12: GP refit  (21 labelled)
  → 1Nb3Br8-1  gap=0.985 eV  best=4.344 eV  top50=0  top10%=0
Cycle  13: GP refit  (22 labelled)
  → 1SeNb3Br7-1  gap=1.477 eV  best=4.344 eV  top50=0  top10%=0
Cycle  14: GP refit  (23 labelled)
  → 1ONb3I7-1  gap=0.952 eV  best=4.344 eV  top50=0  top10%=0
Cycle  15: GP refit  (24 labelled)
  → 1Ta3I8-1  gap=0.694 eV  best=4.344 eV  top50=0  top10%=0
Cycle  16: full DKL retrain  (25 labelled)
GP warmup: 20 epochs on initial embeddings
Joint DKL training: 50 epochs
  Epoch 20/50  loss=0.3307
  Epoch 40/50  loss=0.0952
DKL training done in 0.3s
  → 1HfMnI6-1  gap=2.788 eV  best=4.344 eV  top50=0  top10%=0
Cycle  17: GP refit  (26 labelled)
  → 1MoCu2Te4-1  gap=1.230 eV  best=4.344 eV  top50=0  top10%=0
Cycle  18: GP refit  (27 labelled)
  → 4PPdSe-1  gap=1.963 eV  best=4.344 eV  top50=0  top10%=0
Cycle  19: GP refit  (28 labelled)
  → 1ScI2-2  gap=0.573 eV  best=4.344 eV  top50=0  top10%=0
Cycle  20: GP refit  (29 labelled)
  → 1WCu2Te4-1  gap=1.488 eV  best=4.344 eV  top50=0  top10%=0
Cycle  21: full DKL retrain  (30 labelled)
GP warmup: 20 epochs on initial embeddings
Joint DKL training: 50 epochs
  Epoch 20/50  loss=0.5023
  Epoch 40/50  loss=0.3113
DKL training done in 0.3s
  → 4AsPdS-1  gap=1.501 eV  best=4.344 eV  top50=0  top10%=0
Cycle  22: GP refit  (31 labelled)
  → 2SSc-4  gap=0.981 eV  best=4.344 eV  top50=0  top10%=0
Cycle  23: GP refit  (32 labelled)
  → 1AsISe-1  gap=1.685 eV  best=4.344 eV  top50=0  top10%=0
Cycle  24: GP refit  (33 labelled)
  → 4AsPdSe-1  gap=1.283 eV  best=4.344 eV  top50=0  top10%=0
Cycle  25: GP refit  (34 labelled)
  → 1CdCl2N2C4H4-1  gap=3.619 eV  best=4.344 eV  top50=0  top10%=0
Cycle  26: full DKL retrain  (35 labelled)
GP warmup: 20 epochs on initial embeddings
Joint DKL training: 50 epochs
  Epoch 20/50  loss=0.1494
  Epoch 40/50  loss=-0.0624
DKL training done in 0.3s
  → 4AuI2-1  gap=0.880 eV  best=4.344 eV  top50=0  top10%=0
Cycle  27: GP refit  (36 labelled)
  → 1ScCl2-1  gap=0.736 eV  best=4.344 eV  top50=0  top10%=0
Cycle  28: GP refit  (37 labelled)
  → 2AuTe-3  gap=0.078 eV  best=4.344 eV  top50=0  top10%=0
Cycle  29: GP refit  (38 labelled)
  → 2AuSe-1  gap=1.561 eV  best=4.344 eV  top50=0  top10%=0
Cycle  30: GP refit  (39 labelled)
  → 2AuS-1  gap=2.010 eV  best=4.344 eV  top50=0  top10%=0
Cycle  31: full DKL retrain  (40 labelled)
GP warmup: 20 epochs on initial embeddings
Joint DKL training: 50 epochs
  Epoch 20/50  loss=0.2007
  Epoch 40/50  loss=0.0761
DKL training done in 0.3s
  → 1ClScTe-1  gap=1.807 eV  best=4.344 eV  top50=0  top10%=0
Cycle  32: GP refit  (41 labelled)
  → 1AsBrTe-2  gap=1.662 eV  best=4.344 eV  top50=0  top10%=0
Cycle  33: GP refit  (42 labelled)
  → 1AsITe-2  gap=0.872 eV  best=4.344 eV  top50=0  top10%=0
Cycle  34: GP refit  (43 labelled)
  → 1STa3I7-1  gap=1.295 eV  best=4.344 eV  top50=0  top10%=0
Cycle  35: GP refit  (44 labelled)
  → 1SeTa3I7-1  gap=1.256 eV  best=4.344 eV  top50=0  top10%=0
Cycle  36: full DKL retrain  (45 labelled)
GP warmup: 20 epochs on initial embeddings
Joint DKL training: 50 epochs
  Epoch 20/50  loss=0.1080
  Epoch 40/50  loss=0.0181
DKL training done in 0.3s
  → 1SNb3I7-1  gap=1.235 eV  best=4.344 eV  top50=0  top10%=0
Cycle  37: GP refit  (46 labelled)
  → 1TeTa3I7-1  gap=1.223 eV  best=4.344 eV  top50=0  top10%=0
Cycle  38: GP refit  (47 labelled)
  → 1InSb-1  gap=0.945 eV  best=4.344 eV  top50=0  top10%=0
Cycle  39: GP refit  (48 labelled)
  → 1TeNb3I7-1  gap=1.241 eV  best=4.344 eV  top50=0  top10%=0
Cycle  40: GP refit  (49 labelled)
  → 2CuSe-4  gap=1.116 eV  best=4.344 eV  top50=0  top10%=0
Cycle  41: full DKL retrain  (50 labelled)
GP warmup: 20 epochs on initial embeddings
Joint DKL training: 50 epochs
  Epoch 20/50  loss=-0.1142
  Epoch 40/50  loss=-0.2291
DKL training done in 0.3s
  → 1Nb3I8-1  gap=0.824 eV  best=4.344 eV  top50=0  top10%=0
Cycle  42: GP refit  (51 labelled)
  → 1STeIn2-1  gap=1.141 eV  best=4.344 eV  top50=0  top10%=0
Cycle  43: GP refit  (52 labelled)
  → 1GaInTe2-1  gap=1.532 eV  best=4.344 eV  top50=0  top10%=0
Cycle  44: GP refit  (53 labelled)
  → 1ScBr2-1  gap=0.757 eV  best=4.344 eV  top50=0  top10%=0
Cycle  45: GP refit  (54 labelled)
  → 1AsClTe-2  gap=1.824 eV  best=4.344 eV  top50=0  top10%=0
Cycle  46: full DKL retrain  (55 labelled)
GP warmup: 20 epochs on initial embeddings
Joint DKL training: 50 epochs
  Epoch 20/50  loss=-0.2589
  Epoch 40/50  loss=-0.3655
DKL training done in 0.3s
  → 2CsF-1  gap=6.059 eV  best=6.059 eV  top50=1  top10%=1
Cycle  47: GP refit  (56 labelled)
  → 2AuCl-4  gap=0.777 eV  best=6.059 eV  top50=1  top10%=1
Cycle  48: GP refit  (57 labelled)
  → 2NbOI2-1  gap=1.845 eV  best=6.059 eV  top50=1  top10%=1
Cycle  49: GP refit  (58 labelled)
  → 1AuInF4-1  gap=2.106 eV  best=6.059 eV  top50=1  top10%=1
Cycle  50: GP refit  (59 labelled)
  → 1BrClS4I6In8-1  gap=1.965 eV  best=6.059 eV  top50=1  top10%=1
Cycle  51: full DKL retrain  (60 labelled)
GP warmup: 20 epochs on initial embeddings
Joint DKL training: 50 epochs
  Epoch 20/50  loss=0.3791
  Epoch 40/50  loss=0.2334
DKL training done in 0.3s
  → 2InTe-1  gap=1.812 eV  best=6.059 eV  top50=1  top10%=1
Cycle  52: GP refit  (61 labelled)
  → 2BiIn-1  gap=0.138 eV  best=6.059 eV  top50=1  top10%=1
Cycle  53: GP refit  (62 labelled)
  → 1ScSe2-2  gap=1.490 eV  best=6.059 eV  top50=1  top10%=1
Cycle  54: GP refit  (63 labelled)
  → 2ClScBr2-1  gap=4.935 eV  best=6.059 eV  top50=1  top10%=1
Cycle  55: GP refit  (64 labelled)
  → 1InNbBr6-1  gap=1.473 eV  best=6.059 eV  top50=1  top10%=1
Cycle  56: full DKL retrain  (65 labelled)
GP warmup: 20 epochs on initial embeddings
Joint DKL training: 50 epochs
  Epoch 20/50  loss=0.7229
  Epoch 40/50  loss=0.5360
DKL training done in 0.3s
  → 4AsNiS-1  gap=1.507 eV  best=6.059 eV  top50=1  top10%=1
Cycle  57: GP refit  (66 labelled)
  → 4AsPtS-1  gap=2.061 eV  best=6.059 eV  top50=1  top10%=1
Cycle  58: GP refit  (67 labelled)
  → 4NiPSe-1  gap=2.021 eV  best=6.059 eV  top50=1  top10%=1
Cycle  59: GP refit  (68 labelled)
  → 1MoTe2-1  gap=1.370 eV  best=6.059 eV  top50=1  top10%=1
Cycle  60: GP refit  (69 labelled)
  → 1TeTa3Cl7-1  gap=1.510 eV  best=6.059 eV  top50=1  top10%=1
Cycle  61: full DKL retrain  (70 labelled)
GP warmup: 20 epochs on initial embeddings
Joint DKL training: 50 epochs
  Epoch 20/50  loss=0.5700
  Epoch 40/50  loss=0.3865
DKL training done in 0.3s
  → 1C2O2Zr3-1  gap=0.961 eV  best=6.059 eV  top50=1  top10%=1
Cycle  62: GP refit  (71 labelled)
  → 1MnNbSe4-1  gap=0.598 eV  best=6.059 eV  top50=1  top10%=1
Cycle  63: GP refit  (72 labelled)
  → 2OSc-1  gap=1.194 eV  best=6.059 eV  top50=1  top10%=1
Cycle  64: GP refit  (73 labelled)
  → 1C2F2S2Zr3-1  gap=0.025 eV  best=6.059 eV  top50=1  top10%=1
Cycle  65: GP refit  (74 labelled)
  → 1MoAu2Te4-1  gap=0.677 eV  best=6.059 eV  top50=1  top10%=1
Cycle  66: full DKL retrain  (75 labelled)
GP warmup: 20 epochs on initial embeddings
Joint DKL training: 50 epochs
  Epoch 20/50  loss=0.3206
  Epoch 40/50  loss=0.1368
DKL training done in 0.3s
  → 1BrCuGeTe-1  gap=1.540 eV  best=6.059 eV  top50=1  top10%=1
Cycle  67: GP refit  (76 labelled)
  → 1AsB-1  gap=1.188 eV  best=6.059 eV  top50=1  top10%=1
Cycle  68: GP refit  (77 labelled)
  → 1BrIZr-1  gap=1.174 eV  best=6.059 eV  top50=1  top10%=1
Cycle  69: GP refit  (78 labelled)
  → 2AuO-1  gap=0.865 eV  best=6.059 eV  top50=1  top10%=1
Cycle  70: GP refit  (79 labelled)
  → 1ZrI2-1  gap=1.038 eV  best=6.059 eV  top50=1  top10%=1
Cycle  71: full DKL retrain  (80 labelled)
GP warmup: 20 epochs on initial embeddings
Joint DKL training: 50 epochs
  Epoch 20/50  loss=0.2723
  Epoch 40/50  loss=-0.0513
DKL training done in 0.3s
  → 1WMo3Te8-1  gap=1.326 eV  best=6.059 eV  top50=1  top10%=1
Cycle  72: GP refit  (81 labelled)
  → 2MoWTe4-1  gap=1.279 eV  best=6.059 eV  top50=1  top10%=1
Cycle  73: GP refit  (82 labelled)
  → 1MoW3Te8-1  gap=1.220 eV  best=6.059 eV  top50=1  top10%=1
Cycle  74: GP refit  (83 labelled)
  → 1WTe2-1  gap=1.141 eV  best=6.059 eV  top50=1  top10%=1
Cycle  75: GP refit  (84 labelled)
  → 1WAu2Te4-1  gap=0.792 eV  best=6.059 eV  top50=1  top10%=1
Cycle  76: full DKL retrain  (85 labelled)
GP warmup: 20 epochs on initial embeddings
Joint DKL training: 50 epochs
  Epoch 20/50  loss=0.1232
  Epoch 40/50  loss=-0.1500
DKL training done in 0.3s
  → 1MoAu2Se4-1  gap=1.247 eV  best=6.059 eV  top50=1  top10%=1
Cycle  77: GP refit  (86 labelled)
  → 1TeNb3F7-1  gap=1.719 eV  best=6.059 eV  top50=1  top10%=1
Cycle  78: GP refit  (87 labelled)
  → 1SeNb3F7-1  gap=1.807 eV  best=6.059 eV  top50=1  top10%=1
Cycle  79: GP refit  (88 labelled)
  → 2TeZr-4  gap=0.652 eV  best=6.059 eV  top50=1  top10%=1
Cycle  80: GP refit  (89 labelled)
  → 2ZrI2-1  gap=0.889 eV  best=6.059 eV  top50=1  top10%=1
Cycle  81: full DKL retrain  (90 labelled)
GP warmup: 20 epochs on initial embeddings
Joint DKL training: 50 epochs
  Epoch 20/50  loss=-0.0261
  Epoch 40/50  loss=-0.2042
DKL training done in 0.3s
  → 1ClIZr-1  gap=1.317 eV  best=6.059 eV  top50=1  top10%=1
Cycle  82: GP refit  (91 labelled)
  → 1ZrBr2-1  gap=1.276 eV  best=6.059 eV  top50=1  top10%=1
Cycle  83: GP refit  (92 labelled)
  → 2InPS3-1  gap=1.395 eV  best=6.059 eV  top50=1  top10%=1
Cycle  84: GP refit  (93 labelled)
  → 1SeTeW-1  gap=1.493 eV  best=6.059 eV  top50=1  top10%=1
Cycle  85: GP refit  (94 labelled)
  → 1AuInCl2S2-1  gap=2.584 eV  best=6.059 eV  top50=1  top10%=1
Cycle  86: full DKL retrain  (95 labelled)
GP warmup: 20 epochs on initial embeddings
Joint DKL training: 50 epochs
  Epoch 20/50  loss=-0.1484
  Epoch 40/50  loss=-0.2857
DKL training done in 0.3s
  → 2OW-1  gap=0.132 eV  best=6.059 eV  top50=1  top10%=1
Cycle  87: GP refit  (96 labelled)
  → 1CSiH2-1  gap=4.871 eV  best=6.059 eV  top50=1  top10%=1
Cycle  88: GP refit  (97 labelled)
  → 4NbS3-2  gap=1.030 eV  best=6.059 eV  top50=1  top10%=1
Cycle  89: GP refit  (98 labelled)
  → 1AsISe-2  gap=1.052 eV  best=6.059 eV  top50=1  top10%=1
Cycle  90: GP refit  (99 labelled)
  → 1AsITe-1  gap=1.502 eV  best=6.059 eV  top50=1  top10%=1
Cycle  91: full DKL retrain  (100 labelled)
GP warmup: 20 epochs on initial embeddings
Joint DKL training: 50 epochs
  Epoch 20/50  loss=0.1732
  Epoch 40/50  loss=0.0412
DKL training done in 0.4s
  → 1WAu2Se4-1  gap=1.415 eV  best=6.059 eV  top50=1  top10%=1
Cycle  92: GP refit  (101 labelled)
  → 1OTeW-1  gap=1.209 eV  best=6.059 eV  top50=1  top10%=1
Cycle  93: GP refit  (102 labelled)
  → 1OSeW-1  gap=2.004 eV  best=6.059 eV  top50=1  top10%=1
Cycle  94: GP refit  (103 labelled)
  → 2SeZr-4  gap=0.355 eV  best=6.059 eV  top50=1  top10%=1
Cycle  95: GP refit  (104 labelled)
  → 1WSe2-1  gap=1.730 eV  best=6.059 eV  top50=1  top10%=1
Cycle  96: full DKL retrain  (105 labelled)
GP warmup: 20 epochs on initial embeddings
Joint DKL training: 50 epochs
  Epoch 20/50  loss=0.0105
  Epoch 40/50  loss=-0.1760
DKL training done in 0.3s
  → 1Nb3Cl8-1  gap=0.912 eV  best=6.059 eV  top50=1  top10%=1
Cycle  97: GP refit  (106 labelled)
  → 1C2O2Hf3-1  gap=0.917 eV  best=6.059 eV  top50=1  top10%=1
Cycle  98: GP refit  (107 labelled)
  → 1AgInP2S6-1  gap=2.365 eV  best=6.059 eV  top50=1  top10%=1
Cycle  99: GP refit  (108 labelled)
  → 1AsIS-2  gap=0.810 eV  best=6.059 eV  top50=1  top10%=1
Cycle 100: GP refit  (109 labelled)
  → 2InSe-1  gap=2.055 eV  best=6.059 eV  top50=1  top10%=1
  dkl_finetune/seed28 → best_inwin=0.736 top50=10
BOLoop: 766 materials  |  direction=max  |  top-50 internal threshold=5.35  top-10% internal threshold=4.94
Init: 10 random labels  |  best (max) = 6.385
Cycle   1: full DKL retrain  (10 labelled)
GP warmup: 20 epochs on initial embeddings
/home/roy/Desktop/DKL-BO/venv/lib/python3.13/site-packages/torch/_compile.py:54: UserWarning: optimizer contains a parameter group with duplicate parameters; in future, this will cause an error; see github.com/pytorch/pytorch/issues/40967 for more information
  return disable_fn(*args, **kwargs)
Joint DKL training: 50 epochs
  Epoch 20/50  loss=2.3586
  Epoch 40/50  loss=2.1897
DKL training done in 0.3s
  → 1AsBrTe-1  gap=1.839 eV  best=6.385 eV  top50=0  top10%=0
Cycle   2: GP refit  (11 labelled)
  → 2ZrCl2-1  gap=1.161 eV  best=6.385 eV  top50=0  top10%=0
Cycle   3: GP refit  (12 labelled)
  → 1ClITi-1  gap=1.187 eV  best=6.385 eV  top50=0  top10%=0
Cycle   4: GP refit  (13 labelled)
  → 1AsClSe-2  gap=2.371 eV  best=6.385 eV  top50=0  top10%=0
Cycle   5: GP refit  (14 labelled)
  → 1BiFTe-1  gap=1.179 eV  best=6.385 eV  top50=0  top10%=0
Cycle   6: full DKL retrain  (15 labelled)
GP warmup: 20 epochs on initial embeddings
Joint DKL training: 50 epochs
  Epoch 20/50  loss=0.3525
  Epoch 40/50  loss=0.2443
DKL training done in 0.3s
  → 1ClSbSe-2  gap=2.290 eV  best=6.385 eV  top50=0  top10%=0
Cycle   7: GP refit  (16 labelled)
  → 2PbTe-1  gap=0.878 eV  best=6.385 eV  top50=0  top10%=0
Cycle   8: GP refit  (17 labelled)
  → 1HfSTe-2  gap=0.481 eV  best=6.385 eV  top50=0  top10%=0
Cycle   9: GP refit  (18 labelled)
  → 1IIrTe-1  gap=1.821 eV  best=6.385 eV  top50=0  top10%=0
Cycle  10: GP refit  (19 labelled)
  → 1GeTe-1  gap=1.994 eV  best=6.385 eV  top50=0  top10%=0
Cycle  11: full DKL retrain  (20 labelled)
GP warmup: 20 epochs on initial embeddings
Joint DKL training: 50 epochs
  Epoch 20/50  loss=0.7182
  Epoch 40/50  loss=0.4158
DKL training done in 0.3s
  → 2IrTaTe4-1  gap=0.119 eV  best=6.385 eV  top50=0  top10%=0
Cycle  12: GP refit  (21 labelled)
  → 1BiFS-1  gap=2.255 eV  best=6.385 eV  top50=0  top10%=0
Cycle  13: GP refit  (22 labelled)
  → 1ZrBr2-1  gap=1.276 eV  best=6.385 eV  top50=0  top10%=0
Cycle  14: GP refit  (23 labelled)
  → 2ZrBr2-1  gap=1.140 eV  best=6.385 eV  top50=0  top10%=0
Cycle  15: GP refit  (24 labelled)
  → 1BrSSb-2  gap=2.028 eV  best=6.385 eV  top50=0  top10%=0
Cycle  16: full DKL retrain  (25 labelled)
GP warmup: 20 epochs on initial embeddings
Joint DKL training: 50 epochs
  Epoch 20/50  loss=0.5235
  Epoch 40/50  loss=0.3973
DKL training done in 0.3s
  → 1BiBrS-1  gap=1.600 eV  best=6.385 eV  top50=0  top10%=0
Cycle  17: GP refit  (26 labelled)
  → 1BiClS-1  gap=1.745 eV  best=6.385 eV  top50=0  top10%=0
Cycle  18: GP refit  (27 labelled)
  → 1HfSSe-2  gap=1.645 eV  best=6.385 eV  top50=0  top10%=0
Cycle  19: GP refit  (28 labelled)
  → 1SSeTi-2  gap=1.342 eV  best=6.385 eV  top50=0  top10%=0
Cycle  20: GP refit  (29 labelled)
  → 1HfSe2-2  gap=1.626 eV  best=6.385 eV  top50=0  top10%=0
Cycle  21: full DKL retrain  (30 labelled)
GP warmup: 20 epochs on initial embeddings
Joint DKL training: 50 epochs
  Epoch 20/50  loss=0.1634
  Epoch 40/50  loss=0.0165
DKL training done in 0.3s
  → 1BiClTe-1  gap=1.198 eV  best=6.385 eV  top50=0  top10%=0
Cycle  22: GP refit  (31 labelled)
  → 1BiBrTe-1  gap=1.159 eV  best=6.385 eV  top50=0  top10%=0
Cycle  23: GP refit  (32 labelled)
  → 1BiBrTe-2  gap=1.162 eV  best=6.385 eV  top50=0  top10%=0
Cycle  24: GP refit  (33 labelled)
  → 1BiClTe-2  gap=1.151 eV  best=6.385 eV  top50=0  top10%=0
Cycle  25: GP refit  (34 labelled)
  → 1AgAlP2Te6-1  gap=1.065 eV  best=6.385 eV  top50=0  top10%=0
Cycle  26: full DKL retrain  (35 labelled)
GP warmup: 20 epochs on initial embeddings
Joint DKL training: 50 epochs
  Epoch 20/50  loss=-0.2645
  Epoch 40/50  loss=-0.4415
DKL training done in 0.3s
  → 1SSeZr-1  gap=1.514 eV  best=6.385 eV  top50=0  top10%=0
Cycle  27: GP refit  (36 labelled)
  → 2SeZr-4  gap=0.355 eV  best=6.385 eV  top50=0  top10%=0
Cycle  28: GP refit  (37 labelled)
  → 1AgCrP2Te6-1  gap=1.137 eV  best=6.385 eV  top50=0  top10%=0
Cycle  29: GP refit  (38 labelled)
  → 4TiSe2-1  gap=0.036 eV  best=6.385 eV  top50=0  top10%=0
Cycle  30: GP refit  (39 labelled)
  → 1ClSbTe-1  gap=1.866 eV  best=6.385 eV  top50=0  top10%=0
Cycle  31: full DKL retrain  (40 labelled)
GP warmup: 20 epochs on initial embeddings
Joint DKL training: 50 epochs
  Epoch 20/50  loss=0.1468
  Epoch 40/50  loss=0.0180
DKL training done in 0.3s
  → 2CrNbTe5-1  gap=0.029 eV  best=6.385 eV  top50=0  top10%=0
Cycle  32: GP refit  (41 labelled)
  → 2HfBr2-1  gap=1.334 eV  best=6.385 eV  top50=0  top10%=0
Cycle  33: GP refit  (42 labelled)
  → 2TeV-4  gap=0.774 eV  best=6.385 eV  top50=0  top10%=0
Cycle  34: GP refit  (43 labelled)
  → 1HfBr2-1  gap=1.226 eV  best=6.385 eV  top50=0  top10%=0
Cycle  35: GP refit  (44 labelled)
  → 1HfSSe-1  gap=1.512 eV  best=6.385 eV  top50=0  top10%=0
Cycle  36: full DKL retrain  (45 labelled)
GP warmup: 20 epochs on initial embeddings
Joint DKL training: 50 epochs
  Epoch 20/50  loss=0.0704
  Epoch 40/50  loss=-0.0579
DKL training done in 0.3s
  → 1ZrTi3Se8-1  gap=1.563 eV  best=6.385 eV  top50=0  top10%=0
Cycle  37: GP refit  (46 labelled)
  → 1ClCrTe-1  gap=1.108 eV  best=6.385 eV  top50=0  top10%=0
Cycle  38: GP refit  (47 labelled)
  → 1TiBr2-1  gap=1.166 eV  best=6.385 eV  top50=0  top10%=0
Cycle  39: GP refit  (48 labelled)
  → 1TiSe2-2  gap=1.460 eV  best=6.385 eV  top50=0  top10%=0
Cycle  40: GP refit  (49 labelled)
  → 1Ta3Br8-1  gap=0.821 eV  best=6.385 eV  top50=0  top10%=0
Cycle  41: full DKL retrain  (50 labelled)
GP warmup: 20 epochs on initial embeddings
Joint DKL training: 50 epochs
  Epoch 20/50  loss=-0.0674
  Epoch 40/50  loss=-0.2034
DKL training done in 0.3s
  → 1TeTa3Cl7-1  gap=1.510 eV  best=6.385 eV  top50=0  top10%=0
Cycle  42: GP refit  (51 labelled)
  → 1SNb3Br7-1  gap=1.525 eV  best=6.385 eV  top50=0  top10%=0
Cycle  43: GP refit  (52 labelled)
  → 1TeTa3I7-1  gap=1.223 eV  best=6.385 eV  top50=0  top10%=0
Cycle  44: GP refit  (53 labelled)
  → 1ONb3Br7-1  gap=1.441 eV  best=6.385 eV  top50=0  top10%=0
Cycle  45: GP refit  (54 labelled)
  → 1SeTa3Br7-1  gap=1.452 eV  best=6.385 eV  top50=0  top10%=0
Cycle  46: full DKL retrain  (55 labelled)
GP warmup: 20 epochs on initial embeddings
Joint DKL training: 50 epochs
  Epoch 20/50  loss=-0.1998
  Epoch 40/50  loss=-0.3276
DKL training done in 0.3s
  → 1TeTa3Br7-1  gap=1.397 eV  best=6.385 eV  top50=0  top10%=0
Cycle  47: GP refit  (56 labelled)
  → 2IMnSbSe2-2  gap=0.701 eV  best=6.385 eV  top50=0  top10%=0
Cycle  48: GP refit  (57 labelled)
  → 1AlN-1  gap=4.048 eV  best=6.385 eV  top50=0  top10%=0
Cycle  49: GP refit  (58 labelled)
  → 2AuI-3  gap=1.592 eV  best=6.385 eV  top50=0  top10%=0
Cycle  50: GP refit  (59 labelled)
  → 1WCu2Te4-1  gap=1.488 eV  best=6.385 eV  top50=0  top10%=0
Cycle  51: full DKL retrain  (60 labelled)
GP warmup: 20 epochs on initial embeddings
Joint DKL training: 50 epochs
  Epoch 20/50  loss=-0.0094
  Epoch 40/50  loss=-0.1079
DKL training done in 0.3s
  → 1CrSTe-1  gap=0.820 eV  best=6.385 eV  top50=0  top10%=0
Cycle  52: GP refit  (61 labelled)
  → 1BiITe-2  gap=0.995 eV  best=6.385 eV  top50=0  top10%=0
Cycle  53: GP refit  (62 labelled)
  → 1HfI2-1  gap=1.022 eV  best=6.385 eV  top50=0  top10%=0
Cycle  54: GP refit  (63 labelled)
  → 2HfI2-1  gap=1.014 eV  best=6.385 eV  top50=0  top10%=0
Cycle  55: GP refit  (64 labelled)
  → 1BrHfI-1  gap=1.157 eV  best=6.385 eV  top50=0  top10%=0
Cycle  56: full DKL retrain  (65 labelled)
GP warmup: 20 epochs on initial embeddings
Joint DKL training: 50 epochs
  Epoch 20/50  loss=-0.3331
  Epoch 40/50  loss=-0.4207
DKL training done in 0.3s
  → 2ZrI2-1  gap=0.889 eV  best=6.385 eV  top50=0  top10%=0
Cycle  57: GP refit  (66 labelled)
  → 1ZrI2-1  gap=1.038 eV  best=6.385 eV  top50=0  top10%=0
Cycle  58: GP refit  (67 labelled)
  → 1BrIZr-1  gap=1.174 eV  best=6.385 eV  top50=0  top10%=0
Cycle  59: GP refit  (68 labelled)
  → 1TiI2-2  gap=0.828 eV  best=6.385 eV  top50=0  top10%=0
Cycle  60: GP refit  (69 labelled)
  → 1BrITi-1  gap=1.037 eV  best=6.385 eV  top50=0  top10%=0
Cycle  61: full DKL retrain  (70 labelled)
GP warmup: 20 epochs on initial embeddings
Joint DKL training: 50 epochs
  Epoch 20/50  loss=-0.4652
  Epoch 40/50  loss=-0.5388
DKL training done in 0.3s
  → 2RuTe2-1  gap=1.071 eV  best=6.385 eV  top50=0  top10%=0
Cycle  62: GP refit  (71 labelled)
  → 2AlTe-1  gap=2.363 eV  best=6.385 eV  top50=0  top10%=0
Cycle  63: GP refit  (72 labelled)
  → 1MnZrBr6-1  gap=3.584 eV  best=6.385 eV  top50=0  top10%=0
Cycle  64: GP refit  (73 labelled)
  → 2AgSe-1  gap=1.179 eV  best=6.385 eV  top50=0  top10%=0
Cycle  65: GP refit  (74 labelled)
  → 1ClIZr-1  gap=1.317 eV  best=6.385 eV  top50=0  top10%=0
Cycle  66: full DKL retrain  (75 labelled)
GP warmup: 20 epochs on initial embeddings
Joint DKL training: 50 epochs
  Epoch 20/50  loss=0.0949
  Epoch 40/50  loss=-0.0676
DKL training done in 0.4s
  → 1ISbTe-2  gap=1.442 eV  best=6.385 eV  top50=0  top10%=0
Cycle  67: GP refit  (76 labelled)
  → 1STeW-1  gap=1.681 eV  best=6.385 eV  top50=0  top10%=0
Cycle  68: GP refit  (77 labelled)
  → 2TiBr2-1  gap=0.817 eV  best=6.385 eV  top50=0  top10%=0
Cycle  69: GP refit  (78 labelled)
  → 1ClHfI-1  gap=1.295 eV  best=6.385 eV  top50=0  top10%=0
Cycle  70: GP refit  (79 labelled)
  → 1WAg2Te4-1  gap=1.318 eV  best=6.385 eV  top50=0  top10%=0
Cycle  71: full DKL retrain  (80 labelled)
GP warmup: 20 epochs on initial embeddings
Joint DKL training: 50 epochs
  Epoch 20/50  loss=-0.1798
  Epoch 40/50  loss=-0.3112
DKL training done in 0.3s
  → 2FeTe2-1  gap=0.581 eV  best=6.385 eV  top50=0  top10%=0
Cycle  72: GP refit  (81 labelled)
  → 1WTe2-1  gap=1.141 eV  best=6.385 eV  top50=0  top10%=0
Cycle  73: GP refit  (82 labelled)
  → 2CuI-2  gap=3.552 eV  best=6.385 eV  top50=0  top10%=0
Cycle  74: GP refit  (83 labelled)
  → 1MoW3Te8-1  gap=1.220 eV  best=6.385 eV  top50=0  top10%=0
Cycle  75: GP refit  (84 labelled)
  → 2OsTe2-1  gap=1.379 eV  best=6.385 eV  top50=0  top10%=0
Cycle  76: full DKL retrain  (85 labelled)
GP warmup: 20 epochs on initial embeddings
Joint DKL training: 50 epochs
  Epoch 20/50  loss=-0.0829
  Epoch 40/50  loss=-0.2131
DKL training done in 0.4s
  → 1SeTeV-1  gap=0.831 eV  best=6.385 eV  top50=0  top10%=0
Cycle  77: GP refit  (86 labelled)
  → 4TaS3-1  gap=0.823 eV  best=6.385 eV  top50=0  top10%=0
Cycle  78: GP refit  (87 labelled)
  → 2CoBi2I2O3-1  gap=2.811 eV  best=6.385 eV  top50=0  top10%=0
Cycle  79: GP refit  (88 labelled)
  → 2BiHgIO2-1  gap=2.659 eV  best=6.385 eV  top50=0  top10%=0
Cycle  80: GP refit  (89 labelled)
  → 1Nb3I8-1  gap=0.824 eV  best=6.385 eV  top50=0  top10%=0
Cycle  81: full DKL retrain  (90 labelled)
GP warmup: 20 epochs on initial embeddings
Joint DKL training: 50 epochs
  Epoch 20/50  loss=-0.0016
  Epoch 40/50  loss=-0.2068
DKL training done in 0.4s
  → 2AgTe-3  gap=0.756 eV  best=6.385 eV  top50=0  top10%=0
Cycle  82: GP refit  (91 labelled)
  → 2TiCl2-1  gap=0.997 eV  best=6.385 eV  top50=0  top10%=0
Cycle  83: GP refit  (92 labelled)
  → 2PbSe-1  gap=1.312 eV  best=6.385 eV  top50=0  top10%=0
Cycle  84: GP refit  (93 labelled)
  → 1BiBrSe-1  gap=1.363 eV  best=6.385 eV  top50=0  top10%=0
Cycle  85: GP refit  (94 labelled)
  → 2BiIn-1  gap=0.138 eV  best=6.385 eV  top50=0  top10%=0
Cycle  86: full DKL retrain  (95 labelled)
GP warmup: 20 epochs on initial embeddings
Joint DKL training: 50 epochs
  Epoch 20/50  loss=-0.3954
  Epoch 40/50  loss=-0.4996
DKL training done in 0.4s
  → 2CrMoTe4-1  gap=0.980 eV  best=6.385 eV  top50=0  top10%=0
Cycle  87: GP refit  (96 labelled)
  → 1NiSSeZr-1  gap=1.881 eV  best=6.385 eV  top50=0  top10%=0
Cycle  88: GP refit  (97 labelled)
  → 1TeNb3Br7-1  gap=1.436 eV  best=6.385 eV  top50=0  top10%=0
Cycle  89: GP refit  (98 labelled)
  → 1SeBi2S2-1  gap=0.923 eV  best=6.385 eV  top50=0  top10%=0
Cycle  90: GP refit  (99 labelled)
  → 1TeNb3Cl7-1  gap=1.542 eV  best=6.385 eV  top50=0  top10%=0
Cycle  91: full DKL retrain  (100 labelled)
GP warmup: 20 epochs on initial embeddings
Joint DKL training: 50 epochs
  Epoch 20/50  loss=-0.4547
  Epoch 40/50  loss=-0.5495
DKL training done in 0.4s
  → 4NiPSe-1  gap=2.021 eV  best=6.385 eV  top50=0  top10%=0
Cycle  92: GP refit  (101 labelled)
  → 4NiPS-1  gap=2.172 eV  best=6.385 eV  top50=0  top10%=0
Cycle  93: GP refit  (102 labelled)
  → 4AsNiS-1  gap=1.507 eV  best=6.385 eV  top50=0  top10%=0
Cycle  94: GP refit  (103 labelled)
  → 1Ta3I8-1  gap=0.694 eV  best=6.385 eV  top50=0  top10%=0
Cycle  95: GP refit  (104 labelled)
  → 1BrClZr-1  gap=1.397 eV  best=6.385 eV  top50=0  top10%=0
Cycle  96: full DKL retrain  (105 labelled)
GP warmup: 20 epochs on initial embeddings
Joint DKL training: 50 epochs
  Epoch 20/50  loss=-0.3237
  Epoch 40/50  loss=-0.4405
DKL training done in 0.3s
  → 1OBi2S2-1  gap=1.179 eV  best=6.385 eV  top50=0  top10%=0
Cycle  97: GP refit  (106 labelled)
  → 2AgTe-2  gap=0.242 eV  best=6.385 eV  top50=0  top10%=0
Cycle  98: GP refit  (107 labelled)
  → 1BiITe-1  gap=0.929 eV  best=6.385 eV  top50=0  top10%=0
Cycle  99: GP refit  (108 labelled)
  → 2AgBr-3  gap=3.092 eV  best=6.385 eV  top50=0  top10%=0
Cycle 100: GP refit  (109 labelled)
  → 1SeTa3I7-1  gap=1.256 eV  best=6.385 eV  top50=0  top10%=0
  dkl_finetune/seed29 → best_inwin=0.701 top50=12
RandomBaseline: 10 init labels  |  best gap = 5.635 eV
RandomBaseline done  |  best=8.573 eV  top50=7  top10%=12
  random/seed0 → best_inwin=0.702 top50=10
RandomBaseline: 10 init labels  |  best gap = 3.745 eV
RandomBaseline done  |  best=6.553 eV  top50=4  top10%=9
  random/seed1 → best_inwin=0.713 top50=9
RandomBaseline: 10 init labels  |  best gap = 4.709 eV
RandomBaseline done  |  best=7.022 eV  top50=5  top10%=10
  random/seed2 → best_inwin=0.724 top50=7
RandomBaseline: 10 init labels  |  best gap = 4.523 eV
RandomBaseline done  |  best=7.351 eV  top50=8  top10%=9
  random/seed3 → best_inwin=0.766 top50=6
RandomBaseline: 10 init labels  |  best gap = 3.271 eV
RandomBaseline done  |  best=7.587 eV  top50=8  top10%=13
  random/seed4 → best_inwin=0.722 top50=11
RandomBaseline: 10 init labels  |  best gap = 3.781 eV
RandomBaseline done  |  best=7.022 eV  top50=4  top10%=8
  random/seed5 → best_inwin=0.718 top50=9
RandomBaseline: 10 init labels  |  best gap = 5.612 eV
RandomBaseline done  |  best=7.022 eV  top50=8  top10%=10
  random/seed6 → best_inwin=0.713 top50=7
RandomBaseline: 10 init labels  |  best gap = 5.363 eV
RandomBaseline done  |  best=8.573 eV  top50=5  top10%=5
  random/seed7 → best_inwin=0.755 top50=9
RandomBaseline: 10 init labels  |  best gap = 5.386 eV
RandomBaseline done  |  best=6.616 eV  top50=4  top10%=8
  random/seed8 → best_inwin=0.788 top50=7
RandomBaseline: 10 init labels  |  best gap = 2.795 eV
RandomBaseline done  |  best=7.004 eV  top50=11  top10%=14
  random/seed9 → best_inwin=0.809 top50=3
RandomBaseline: 10 init labels  |  best gap = 5.105 eV
RandomBaseline done  |  best=6.795 eV  top50=7  top10%=10
  random/seed10 → best_inwin=0.722 top50=6
RandomBaseline: 10 init labels  |  best gap = 3.513 eV
RandomBaseline done  |  best=6.136 eV  top50=7  top10%=12
  random/seed11 → best_inwin=0.744 top50=5
RandomBaseline: 10 init labels  |  best gap = 7.351 eV
RandomBaseline done  |  best=7.351 eV  top50=6  top10%=12
  random/seed12 → best_inwin=0.701 top50=5
RandomBaseline: 10 init labels  |  best gap = 4.438 eV
RandomBaseline done  |  best=8.177 eV  top50=7  top10%=11
  random/seed13 → best_inwin=0.702 top50=6
RandomBaseline: 10 init labels  |  best gap = 5.379 eV
RandomBaseline done  |  best=8.681 eV  top50=7  top10%=7
  random/seed14 → best_inwin=0.702 top50=9
RandomBaseline: 10 init labels  |  best gap = 4.226 eV
RandomBaseline done  |  best=8.177 eV  top50=6  top10%=7
  random/seed15 → best_inwin=0.701 top50=8
RandomBaseline: 10 init labels  |  best gap = 4.219 eV
RandomBaseline done  |  best=6.616 eV  top50=6  top10%=9
  random/seed16 → best_inwin=0.756 top50=9
RandomBaseline: 10 init labels  |  best gap = 6.099 eV
RandomBaseline done  |  best=6.181 eV  top50=5  top10%=10
  random/seed17 → best_inwin=0.713 top50=5
RandomBaseline: 10 init labels  |  best gap = 1.877 eV
RandomBaseline done  |  best=8.681 eV  top50=12  top10%=18
  random/seed18 → best_inwin=0.717 top50=4
RandomBaseline: 10 init labels  |  best gap = 6.553 eV
RandomBaseline done  |  best=6.553 eV  top50=2  top10%=4
  random/seed19 → best_inwin=0.717 top50=8
RandomBaseline: 10 init labels  |  best gap = 3.731 eV
RandomBaseline done  |  best=7.351 eV  top50=12  top10%=13
  random/seed20 → best_inwin=0.736 top50=8
RandomBaseline: 10 init labels  |  best gap = 5.324 eV
RandomBaseline done  |  best=7.022 eV  top50=7  top10%=9
  random/seed21 → best_inwin=0.717 top50=3
RandomBaseline: 10 init labels  |  best gap = 5.515 eV
RandomBaseline done  |  best=6.384 eV  top50=5  top10%=7
  random/seed22 → best_inwin=0.854 top50=3
RandomBaseline: 10 init labels  |  best gap = 4.523 eV
RandomBaseline done  |  best=8.681 eV  top50=10  top10%=12
  random/seed23 → best_inwin=0.702 top50=5
RandomBaseline: 10 init labels  |  best gap = 5.363 eV
RandomBaseline done  |  best=8.573 eV  top50=6  top10%=12
  random/seed24 → best_inwin=0.713 top50=4
RandomBaseline: 10 init labels  |  best gap = 3.985 eV
RandomBaseline done  |  best=8.681 eV  top50=8  top10%=9
  random/seed25 → best_inwin=0.724 top50=4
RandomBaseline: 10 init labels  |  best gap = 4.453 eV
RandomBaseline done  |  best=8.681 eV  top50=11  top10%=13
  random/seed26 → best_inwin=0.702 top50=5
RandomBaseline: 10 init labels  |  best gap = 5.770 eV
RandomBaseline done  |  best=7.587 eV  top50=7  top10%=11
  random/seed27 → best_inwin=0.724 top50=5
RandomBaseline: 10 init labels  |  best gap = 4.344 eV
RandomBaseline done  |  best=6.795 eV  top50=4  top10%=5
  random/seed28 → best_inwin=0.713 top50=8
RandomBaseline: 10 init labels  |  best gap = 6.385 eV
RandomBaseline done  |  best=8.573 eV  top50=6  top10%=10
  random/seed29 → best_inwin=0.722 top50=3
runs written=120 skipped=0. Summarizing…

================================================================
WINDOW-MIN SEARCH (0.7–3.0 eV) — finals (mean over seeds), ★=p<0.05 vs Std-GP
================================================================

  best_inwin_gap  (lower is better)
    Standard GP                  0.74
    DKL (frozen)                 0.72  ★ p=0.031 (-0.02 vs Std-GP)
    DKL (fine-tuned, live)       0.71  ★ p=0.002 (-0.03 vs Std-GP)
    Random                       0.73    p=0.232 (-0.01 vs Std-GP)

  cumul_top50  (higher is better)
    Standard GP                  9.93
    DKL (frozen)                12.40  ★ p=0.016 (+2.47 vs Std-GP)
    DKL (fine-tuned, live)      16.13  ★ p=0.000 (+6.20 vs Std-GP)
    Random                       6.37  ★ p=0.003 (-3.57 vs Std-GP)

  Crossover cycle (DKL mean overtakes & stays better than Std-GP):
    DKL (frozen)             on best_inwin_gap   → cycle 26
    DKL (fine-tuned, live)   on best_inwin_gap   → cycle 1
    DKL (frozen)             on cumul_top50      → cycle 8
    DKL (fine-tuned, live)   on cumul_top50      → cycle 6

Saved → winmin_summary.csv, winmin_stats.csv, winmin_crossover.csv, plots/winmin_*.png
