### FINETUNE ###
Pool=3131 | seeds=10 cycles=100 device=cuda | method=dkl_finetune
BOLoop: 3131 materials  |  direction=max  |  top-50 internal threshold=7.50  top-10% internal threshold=4.43
Init: 10 random labels  |  best (max) = 4.584
Cycle   1: full DKL retrain  (10 labelled)
GP warmup: 20 epochs on initial embeddings
/home/roy/software/anaconda3/lib/python3.13/site-packages/torch/_compile.py:32: UserWarning: optimizer contains a parameter group with duplicate parameters; in future, this will cause an error; see github.com/pytorch/pytorch/issues/40967 for more information
  return disable_fn(*args, **kwargs)
Joint DKL training: 50 epochs
  Epoch 20/50  loss=1.9575
  Epoch 40/50  loss=1.7041
DKL training done in 1.1s
  → SM-3883  gap=4.031 eV  best=4.584 eV  top50=0  top10%=0
Cycle   2: GP refit  (11 labelled)
  → SM-14342  gap=2.525 eV  best=4.584 eV  top50=0  top10%=0
Cycle   3: GP refit  (12 labelled)
  → SM-15157  gap=2.206 eV  best=4.584 eV  top50=0  top10%=0
Cycle   4: GP refit  (13 labelled)
  → SM-17009  gap=3.754 eV  best=4.584 eV  top50=0  top10%=0
Cycle   5: GP refit  (14 labelled)
  → SM-7859  gap=3.280 eV  best=4.584 eV  top50=0  top10%=0
Cycle   6: full DKL retrain  (15 labelled)
GP warmup: 20 epochs on initial embeddings
Joint DKL training: 50 epochs
  Epoch 20/50  loss=1.0445
  Epoch 40/50  loss=0.8741
DKL training done in 0.5s
  → SM-2345  gap=8.379 eV  best=8.379 eV  top50=1  top10%=1
Cycle   7: GP refit  (16 labelled)
  → SM-19332  gap=6.548 eV  best=8.379 eV  top50=1  top10%=2
Cycle   8: GP refit  (17 labelled)
  → SM-20253  gap=5.285 eV  best=8.379 eV  top50=1  top10%=3
Cycle   9: GP refit  (18 labelled)
  → SM-15657  gap=4.766 eV  best=8.379 eV  top50=1  top10%=4
Cycle  10: GP refit  (19 labelled)
  → SM-13065  gap=4.655 eV  best=8.379 eV  top50=1  top10%=5
Cycle  11: full DKL retrain  (20 labelled)
GP warmup: 20 epochs on initial embeddings
Joint DKL training: 50 epochs
  Epoch 20/50  loss=0.8390
  Epoch 40/50  loss=0.6398
DKL training done in 0.4s
  → SM-14145  gap=7.408 eV  best=8.379 eV  top50=1  top10%=6
Cycle  12: GP refit  (21 labelled)
  → SM-936  gap=9.168 eV  best=9.168 eV  top50=2  top10%=7
Cycle  13: GP refit  (22 labelled)
  → SM-6115  gap=3.579 eV  best=9.168 eV  top50=2  top10%=7
Cycle  14: GP refit  (23 labelled)
  → SM-19442  gap=9.063 eV  best=9.168 eV  top50=3  top10%=8
Cycle  15: GP refit  (24 labelled)
  → SM-919  gap=9.698 eV  best=9.698 eV  top50=4  top10%=9
Cycle  16: full DKL retrain  (25 labelled)
GP warmup: 20 epochs on initial embeddings
Joint DKL training: 50 epochs
  Epoch 20/50  loss=3.2836
  Epoch 40/50  loss=0.3155
DKL training done in 0.5s
  → SM-19112  gap=7.731 eV  best=9.698 eV  top50=5  top10%=10
Cycle  17: GP refit  (26 labelled)
  → SM-19165  gap=8.884 eV  best=9.698 eV  top50=6  top10%=11
Cycle  18: GP refit  (27 labelled)
  → SM-14116  gap=8.968 eV  best=9.698 eV  top50=7  top10%=12
Cycle  19: GP refit  (28 labelled)
  → SM-5003  gap=19.720 eV  best=19.720 eV  top50=8  top10%=13
Cycle  20: GP refit  (29 labelled)
  → SM-3507  gap=2.390 eV  best=19.720 eV  top50=8  top10%=13
Cycle  21: full DKL retrain  (30 labelled)
GP warmup: 20 epochs on initial embeddings
Joint DKL training: 50 epochs
  Epoch 20/50  loss=16.2811
  Epoch 40/50  loss=5.4745
DKL training done in 0.5s
  → SM-1276  gap=4.556 eV  best=19.720 eV  top50=8  top10%=14
Cycle  22: GP refit  (31 labelled)
  → SM-13705  gap=5.386 eV  best=19.720 eV  top50=8  top10%=15
Cycle  23: GP refit  (32 labelled)
  → SM-14179  gap=5.683 eV  best=19.720 eV  top50=8  top10%=16
Cycle  24: GP refit  (33 labelled)
  → SM-19709  gap=2.756 eV  best=19.720 eV  top50=8  top10%=16
Cycle  25: GP refit  (34 labelled)
  → SM-3970  gap=2.362 eV  best=19.720 eV  top50=8  top10%=16
Cycle  26: full DKL retrain  (35 labelled)
GP warmup: 20 epochs on initial embeddings
Joint DKL training: 50 epochs
  Epoch 20/50  loss=20.7047
  Epoch 40/50  loss=3.2544
DKL training done in 0.5s
  → SM-13680  gap=7.677 eV  best=19.720 eV  top50=9  top10%=17
Cycle  27: GP refit  (36 labelled)
  → SM-14409  gap=0.649 eV  best=19.720 eV  top50=9  top10%=17
Cycle  28: GP refit  (37 labelled)
  → SM-19810  gap=1.374 eV  best=19.720 eV  top50=9  top10%=17
Cycle  29: GP refit  (38 labelled)
  → SM-256  gap=2.577 eV  best=19.720 eV  top50=9  top10%=17
Cycle  30: GP refit  (39 labelled)
  → SM-877  gap=7.311 eV  best=19.720 eV  top50=9  top10%=18
Cycle  31: full DKL retrain  (40 labelled)
GP warmup: 20 epochs on initial embeddings
Joint DKL training: 50 epochs
  Epoch 20/50  loss=1.2548
  Epoch 40/50  loss=0.6948
DKL training done in 0.5s
  → SM-3955  gap=6.861 eV  best=19.720 eV  top50=9  top10%=19
Cycle  32: GP refit  (41 labelled)
  → SM-10681  gap=2.588 eV  best=19.720 eV  top50=9  top10%=19
Cycle  33: GP refit  (42 labelled)
  → SM-20105  gap=1.692 eV  best=19.720 eV  top50=9  top10%=19
Cycle  34: GP refit  (43 labelled)
  → SM-5002  gap=20.302 eV  best=20.302 eV  top50=10  top10%=20
Cycle  35: GP refit  (44 labelled)
  → SM-20226  gap=0.057 eV  best=20.302 eV  top50=10  top10%=20
Cycle  36: full DKL retrain  (45 labelled)
GP warmup: 20 epochs on initial embeddings
Joint DKL training: 50 epochs
  Epoch 20/50  loss=2.3194
  Epoch 40/50  loss=1.4251
DKL training done in 0.6s
  → SM-4426  gap=0.612 eV  best=20.302 eV  top50=10  top10%=20
Cycle  37: GP refit  (46 labelled)
  → SM-10685  gap=1.935 eV  best=20.302 eV  top50=10  top10%=20
Cycle  38: GP refit  (47 labelled)
  → SM-10686  gap=2.250 eV  best=20.302 eV  top50=10  top10%=20
Cycle  39: GP refit  (48 labelled)
  → SM-10689  gap=1.508 eV  best=20.302 eV  top50=10  top10%=20
Cycle  40: GP refit  (49 labelled)
  → SM-19412  gap=6.526 eV  best=20.302 eV  top50=10  top10%=21
Cycle  41: full DKL retrain  (50 labelled)
GP warmup: 20 epochs on initial embeddings
Joint DKL training: 50 epochs
  Epoch 20/50  loss=1.5294
  Epoch 40/50  loss=0.9895
DKL training done in 0.4s
  → SM-13119  gap=4.700 eV  best=20.302 eV  top50=10  top10%=22
Cycle  42: GP refit  (51 labelled)
  → SM-2125  gap=2.520 eV  best=20.302 eV  top50=10  top10%=22
Cycle  43: GP refit  (52 labelled)
  → SM-4883  gap=3.945 eV  best=20.302 eV  top50=10  top10%=22
Cycle  44: GP refit  (53 labelled)
  → SM-12860  gap=5.040 eV  best=20.302 eV  top50=10  top10%=23
Cycle  45: GP refit  (54 labelled)
  → SM-10691  gap=2.235 eV  best=20.302 eV  top50=10  top10%=23
Cycle  46: full DKL retrain  (55 labelled)
GP warmup: 20 epochs on initial embeddings
Joint DKL training: 50 epochs
  Epoch 20/50  loss=0.7766
  Epoch 40/50  loss=0.2943
DKL training done in 0.5s
  → SM-10692  gap=2.348 eV  best=20.302 eV  top50=10  top10%=23
Cycle  47: GP refit  (56 labelled)
  → SM-10693  gap=2.327 eV  best=20.302 eV  top50=10  top10%=23
Cycle  48: GP refit  (57 labelled)
  → SM-10694  gap=2.065 eV  best=20.302 eV  top50=10  top10%=23
Cycle  49: GP refit  (58 labelled)
  → SM-10695  gap=2.136 eV  best=20.302 eV  top50=10  top10%=23
Cycle  50: GP refit  (59 labelled)
  → SM-10696  gap=1.430 eV  best=20.302 eV  top50=10  top10%=23
Cycle  51: full DKL retrain  (60 labelled)
GP warmup: 20 epochs on initial embeddings
Joint DKL training: 50 epochs
  Epoch 20/50  loss=0.6151
  Epoch 40/50  loss=0.1320
DKL training done in 0.4s
  → SM-16985  gap=0.237 eV  best=20.302 eV  top50=10  top10%=23
Cycle  52: GP refit  (61 labelled)
  → SM-20107  gap=3.013 eV  best=20.302 eV  top50=10  top10%=23
Cycle  53: GP refit  (62 labelled)
  → SM-2127  gap=2.450 eV  best=20.302 eV  top50=10  top10%=23
Cycle  54: GP refit  (63 labelled)
  → SM-13579  gap=1.013 eV  best=20.302 eV  top50=10  top10%=23
Cycle  55: GP refit  (64 labelled)
  → SM-10706  gap=1.068 eV  best=20.302 eV  top50=10  top10%=23
Cycle  56: full DKL retrain  (65 labelled)
GP warmup: 20 epochs on initial embeddings
Joint DKL training: 50 epochs
  Epoch 20/50  loss=1.3615
  Epoch 40/50  loss=0.5505
DKL training done in 0.5s
  → SM-16994  gap=4.042 eV  best=20.302 eV  top50=10  top10%=23
Cycle  57: GP refit  (66 labelled)
  → SM-16995  gap=3.951 eV  best=20.302 eV  top50=10  top10%=23
Cycle  58: GP refit  (67 labelled)
  → SM-16996  gap=3.050 eV  best=20.302 eV  top50=10  top10%=23
Cycle  59: GP refit  (68 labelled)
  → SM-4895  gap=2.544 eV  best=20.302 eV  top50=10  top10%=23
Cycle  60: GP refit  (69 labelled)
  → SM-10709  gap=3.827 eV  best=20.302 eV  top50=10  top10%=23
Cycle  61: full DKL retrain  (70 labelled)
GP warmup: 20 epochs on initial embeddings
Joint DKL training: 50 epochs
  Epoch 20/50  loss=0.9439
  Epoch 40/50  loss=0.4572
DKL training done in 0.5s
  → SM-3942  gap=4.286 eV  best=20.302 eV  top50=10  top10%=23
Cycle  62: GP refit  (71 labelled)
  → SM-17806  gap=3.372 eV  best=20.302 eV  top50=10  top10%=23
Cycle  63: GP refit  (72 labelled)
  → SM-18465  gap=4.334 eV  best=20.302 eV  top50=10  top10%=23
Cycle  64: GP refit  (73 labelled)
  → SM-3771  gap=2.183 eV  best=20.302 eV  top50=10  top10%=23
Cycle  65: GP refit  (74 labelled)
  → SM-2411  gap=4.924 eV  best=20.302 eV  top50=10  top10%=24
Cycle  66: full DKL retrain  (75 labelled)
GP warmup: 20 epochs on initial embeddings
Joint DKL training: 50 epochs
  Epoch 20/50  loss=0.4088
  Epoch 40/50  loss=0.0239
DKL training done in 0.5s
  → SM-588  gap=1.824 eV  best=20.302 eV  top50=10  top10%=24
Cycle  67: GP refit  (76 labelled)
  → SM-17809  gap=0.021 eV  best=20.302 eV  top50=10  top10%=24
Cycle  68: GP refit  (77 labelled)
  → SM-17004  gap=4.404 eV  best=20.302 eV  top50=10  top10%=24
Cycle  69: GP refit  (78 labelled)
  → SM-10717  gap=4.439 eV  best=20.302 eV  top50=10  top10%=25
Cycle  70: GP refit  (79 labelled)
  → SM-17810  gap=2.749 eV  best=20.302 eV  top50=10  top10%=25
Cycle  71: full DKL retrain  (80 labelled)
GP warmup: 20 epochs on initial embeddings
Joint DKL training: 50 epochs
  Epoch 20/50  loss=0.8657
  Epoch 40/50  loss=0.5356
DKL training done in 0.3s
  → SM-10718  gap=2.313 eV  best=20.302 eV  top50=10  top10%=25
Cycle  72: GP refit  (81 labelled)
  → SM-17007  gap=2.052 eV  best=20.302 eV  top50=10  top10%=25
Cycle  73: GP refit  (82 labelled)
  → SM-17008  gap=3.746 eV  best=20.302 eV  top50=10  top10%=25
Cycle  74: GP refit  (83 labelled)
  → SM-10722  gap=2.491 eV  best=20.302 eV  top50=10  top10%=25
Cycle  75: GP refit  (84 labelled)
  → SM-17010  gap=1.282 eV  best=20.302 eV  top50=10  top10%=25
Cycle  76: full DKL retrain  (85 labelled)
GP warmup: 20 epochs on initial embeddings
Joint DKL training: 50 epochs
  Epoch 20/50  loss=0.9232
  Epoch 40/50  loss=0.5905
DKL training done in 0.4s
  → SM-20460  gap=4.929 eV  best=20.302 eV  top50=10  top10%=26
Cycle  77: GP refit  (86 labelled)
  → SM-15823  gap=1.399 eV  best=20.302 eV  top50=10  top10%=26
Cycle  78: GP refit  (87 labelled)
  → SM-1294  gap=2.375 eV  best=20.302 eV  top50=10  top10%=26
Cycle  79: GP refit  (88 labelled)
  → SM-10730  gap=2.780 eV  best=20.302 eV  top50=10  top10%=26
Cycle  80: GP refit  (89 labelled)
  → SM-2128  gap=2.811 eV  best=20.302 eV  top50=10  top10%=26
Cycle  81: full DKL retrain  (90 labelled)
GP warmup: 20 epochs on initial embeddings
Joint DKL training: 50 epochs
  Epoch 20/50  loss=0.6361
  Epoch 40/50  loss=0.2205
DKL training done in 0.5s
  → SM-20316  gap=1.189 eV  best=20.302 eV  top50=10  top10%=26
Cycle  82: GP refit  (91 labelled)
  → SM-1771  gap=2.811 eV  best=20.302 eV  top50=10  top10%=26
Cycle  83: GP refit  (92 labelled)
  → SM-10731  gap=2.312 eV  best=20.302 eV  top50=10  top10%=26
Cycle  84: GP refit  (93 labelled)
  → SM-13583  gap=2.040 eV  best=20.302 eV  top50=10  top10%=26
Cycle  85: GP refit  (94 labelled)
  → SM-10732  gap=2.138 eV  best=20.302 eV  top50=10  top10%=26
Cycle  86: full DKL retrain  (95 labelled)
GP warmup: 20 epochs on initial embeddings
Joint DKL training: 50 epochs
  Epoch 20/50  loss=0.7094
  Epoch 40/50  loss=0.3646
DKL training done in 0.6s
  → SM-12950  gap=1.751 eV  best=20.302 eV  top50=10  top10%=26
Cycle  87: GP refit  (96 labelled)
  → SM-2274  gap=3.719 eV  best=20.302 eV  top50=10  top10%=26
Cycle  88: GP refit  (97 labelled)
  → SM-2129  gap=2.897 eV  best=20.302 eV  top50=10  top10%=26
Cycle  89: GP refit  (98 labelled)
  → SM-20313  gap=0.189 eV  best=20.302 eV  top50=10  top10%=26
Cycle  90: GP refit  (99 labelled)
  → SM-996  gap=4.549 eV  best=20.302 eV  top50=10  top10%=27
Cycle  91: full DKL retrain  (100 labelled)
GP warmup: 20 epochs on initial embeddings
Joint DKL training: 50 epochs
  Epoch 20/50  loss=1.1268
  Epoch 40/50  loss=0.8642
DKL training done in 0.6s
  → SM-19344  gap=4.048 eV  best=20.302 eV  top50=10  top10%=27
Cycle  92: GP refit  (101 labelled)
  → SM-5606  gap=2.807 eV  best=20.302 eV  top50=10  top10%=27
Cycle  93: GP refit  (102 labelled)
  → SM-958  gap=10.324 eV  best=20.302 eV  top50=11  top10%=28
Cycle  94: GP refit  (103 labelled)
  → SM-7134  gap=5.311 eV  best=20.302 eV  top50=11  top10%=29
Cycle  95: GP refit  (104 labelled)
  → SM-19228  gap=9.023 eV  best=20.302 eV  top50=12  top10%=30
Cycle  96: full DKL retrain  (105 labelled)
GP warmup: 20 epochs on initial embeddings
Joint DKL training: 50 epochs
  Epoch 20/50  loss=1.2952
  Epoch 40/50  loss=0.9759
DKL training done in 0.6s
  → SM-7534  gap=1.341 eV  best=20.302 eV  top50=12  top10%=30
Cycle  97: GP refit  (106 labelled)
  → SM-19340  gap=2.652 eV  best=20.302 eV  top50=12  top10%=30
Cycle  98: GP refit  (107 labelled)
  → SM-159  gap=5.294 eV  best=20.302 eV  top50=12  top10%=31
Cycle  99: GP refit  (108 labelled)
  → SM-5314  gap=3.773 eV  best=20.302 eV  top50=12  top10%=31
Cycle 100: GP refit  (109 labelled)
  → SM-1081  gap=2.304 eV  best=20.302 eV  top50=12  top10%=31
  gap_max/seed0 → best=20.302 top50=12 top10%=31
BOLoop: 3131 materials  |  direction=max  |  top-50 internal threshold=7.50  top-10% internal threshold=4.43
Init: 10 random labels  |  best (max) = 8.707
Cycle   1: full DKL retrain  (10 labelled)
GP warmup: 20 epochs on initial embeddings
/home/roy/software/anaconda3/lib/python3.13/site-packages/torch/_compile.py:32: UserWarning: optimizer contains a parameter group with duplicate parameters; in future, this will cause an error; see github.com/pytorch/pytorch/issues/40967 for more information
  return disable_fn(*args, **kwargs)
Joint DKL training: 50 epochs
  Epoch 20/50  loss=3.0918
  Epoch 40/50  loss=2.8111
DKL training done in 0.4s
  → SM-19449  gap=8.323 eV  best=8.707 eV  top50=1  top10%=1
Cycle   2: GP refit  (11 labelled)
  → SM-960  gap=5.651 eV  best=8.707 eV  top50=1  top10%=2
Cycle   3: GP refit  (12 labelled)
  → SM-15928  gap=3.822 eV  best=8.707 eV  top50=1  top10%=2
Cycle   4: GP refit  (13 labelled)
  → SM-20347  gap=7.697 eV  best=8.707 eV  top50=2  top10%=3
Cycle   5: GP refit  (14 labelled)
  → SM-940  gap=9.881 eV  best=9.881 eV  top50=3  top10%=4
Cycle   6: full DKL retrain  (15 labelled)
GP warmup: 20 epochs on initial embeddings
Joint DKL training: 50 epochs
  Epoch 20/50  loss=2.0540
  Epoch 40/50  loss=1.9073
DKL training done in 0.4s
  → SM-928  gap=9.701 eV  best=9.881 eV  top50=4  top10%=5
Cycle   7: GP refit  (16 labelled)
  → SM-19446  gap=9.069 eV  best=9.881 eV  top50=5  top10%=6
Cycle   8: GP refit  (17 labelled)
  → SM-6438  gap=5.325 eV  best=9.881 eV  top50=5  top10%=7
Cycle   9: GP refit  (18 labelled)
  → SM-893  gap=2.987 eV  best=9.881 eV  top50=5  top10%=7
Cycle  10: GP refit  (19 labelled)
  → SM-19384  gap=4.847 eV  best=9.881 eV  top50=5  top10%=8
Cycle  11: full DKL retrain  (20 labelled)
GP warmup: 20 epochs on initial embeddings
Joint DKL training: 50 epochs
  Epoch 20/50  loss=1.6084
  Epoch 40/50  loss=1.0687
DKL training done in 0.4s
  → SM-19498  gap=4.814 eV  best=9.881 eV  top50=5  top10%=9
Cycle  12: GP refit  (21 labelled)
  → SM-5014  gap=15.496 eV  best=15.496 eV  top50=6  top10%=10
Cycle  13: GP refit  (22 labelled)
  → SM-5015  gap=15.528 eV  best=15.528 eV  top50=7  top10%=11
Cycle  14: GP refit  (23 labelled)
  → SM-969  gap=5.519 eV  best=15.528 eV  top50=7  top10%=12
Cycle  15: GP refit  (24 labelled)
  → SM-20332  gap=8.573 eV  best=15.528 eV  top50=8  top10%=13
Cycle  16: full DKL retrain  (25 labelled)
GP warmup: 20 epochs on initial embeddings
Joint DKL training: 50 epochs
  Epoch 20/50  loss=1.9613
  Epoch 40/50  loss=1.2368
DKL training done in 0.5s
  → SM-5013  gap=14.425 eV  best=15.528 eV  top50=9  top10%=14
Cycle  17: GP refit  (26 labelled)
  → SM-20222  gap=2.080 eV  best=15.528 eV  top50=9  top10%=14
Cycle  18: GP refit  (27 labelled)
  → SM-19485  gap=0.019 eV  best=15.528 eV  top50=9  top10%=14
Cycle  19: GP refit  (28 labelled)
  → SM-5003  gap=19.720 eV  best=19.720 eV  top50=10  top10%=15
Cycle  20: GP refit  (29 labelled)
  → SM-5002  gap=20.302 eV  best=20.302 eV  top50=11  top10%=16
Cycle  21: full DKL retrain  (30 labelled)
GP warmup: 20 epochs on initial embeddings
Joint DKL training: 50 epochs
  Epoch 20/50  loss=2.6930
  Epoch 40/50  loss=1.8476
DKL training done in 0.6s
  → SM-13720  gap=0.458 eV  best=20.302 eV  top50=11  top10%=16
Cycle  22: GP refit  (31 labelled)
  → SM-19487  gap=0.024 eV  best=20.302 eV  top50=11  top10%=16
Cycle  23: GP refit  (32 labelled)
  → SM-2838  gap=3.952 eV  best=20.302 eV  top50=11  top10%=16
Cycle  24: GP refit  (33 labelled)
  → SM-12901  gap=3.016 eV  best=20.302 eV  top50=11  top10%=16
Cycle  25: GP refit  (34 labelled)
  → SM-13685  gap=6.797 eV  best=20.302 eV  top50=11  top10%=17
Cycle  26: full DKL retrain  (35 labelled)
GP warmup: 20 epochs on initial embeddings
Joint DKL training: 50 epochs
  Epoch 20/50  loss=4.3549
  Epoch 40/50  loss=1.8684
DKL training done in 0.5s
  → SM-20518  gap=4.023 eV  best=20.302 eV  top50=11  top10%=17
Cycle  27: GP refit  (36 labelled)
  → SM-3507  gap=2.390 eV  best=20.302 eV  top50=11  top10%=17
Cycle  28: GP refit  (37 labelled)
  → SM-19982  gap=2.225 eV  best=20.302 eV  top50=11  top10%=17
Cycle  29: GP refit  (38 labelled)
  → SM-3483  gap=3.326 eV  best=20.302 eV  top50=11  top10%=17
Cycle  30: GP refit  (39 labelled)
  → SM-20232  gap=4.135 eV  best=20.302 eV  top50=11  top10%=17
Cycle  31: full DKL retrain  (40 labelled)
GP warmup: 20 epochs on initial embeddings
Joint DKL training: 50 epochs
  Epoch 20/50  loss=2.5060
  Epoch 40/50  loss=1.8398
DKL training done in 0.4s
  → SM-996  gap=4.549 eV  best=20.302 eV  top50=11  top10%=18
Cycle  32: GP refit  (41 labelled)
  → SM-527  gap=1.560 eV  best=20.302 eV  top50=11  top10%=18
Cycle  33: GP refit  (42 labelled)
  → SM-19383  gap=2.399 eV  best=20.302 eV  top50=11  top10%=18
Cycle  34: GP refit  (43 labelled)
  → SM-14533  gap=3.745 eV  best=20.302 eV  top50=11  top10%=18
Cycle  35: GP refit  (44 labelled)
  → SM-3028  gap=0.687 eV  best=20.302 eV  top50=11  top10%=18
Cycle  36: full DKL retrain  (45 labelled)
GP warmup: 20 epochs on initial embeddings
Joint DKL training: 50 epochs
  Epoch 20/50  loss=1.9107
  Epoch 40/50  loss=1.5815
DKL training done in 0.4s
  → SM-5314  gap=3.773 eV  best=20.302 eV  top50=11  top10%=18
Cycle  37: GP refit  (46 labelled)
  → SM-12527  gap=4.539 eV  best=20.302 eV  top50=11  top10%=19
Cycle  38: GP refit  (47 labelled)
  → SM-435  gap=0.246 eV  best=20.302 eV  top50=11  top10%=19
Cycle  39: GP refit  (48 labelled)
  → SM-10681  gap=2.588 eV  best=20.302 eV  top50=11  top10%=19
Cycle  40: GP refit  (49 labelled)
  → SM-17540  gap=2.507 eV  best=20.302 eV  top50=11  top10%=19
Cycle  41: full DKL retrain  (50 labelled)
GP warmup: 20 epochs on initial embeddings
Joint DKL training: 50 epochs
  Epoch 20/50  loss=1.6354
  Epoch 40/50  loss=1.3439
DKL training done in 0.5s
  → SM-7998  gap=0.513 eV  best=20.302 eV  top50=11  top10%=19
Cycle  42: GP refit  (51 labelled)
  → SM-20105  gap=1.692 eV  best=20.302 eV  top50=11  top10%=19
Cycle  43: GP refit  (52 labelled)
  → SM-10685  gap=1.935 eV  best=20.302 eV  top50=11  top10%=19
Cycle  44: GP refit  (53 labelled)
  → SM-10686  gap=2.250 eV  best=20.302 eV  top50=11  top10%=19
Cycle  45: GP refit  (54 labelled)
  → SM-19148  gap=3.846 eV  best=20.302 eV  top50=11  top10%=19
Cycle  46: full DKL retrain  (55 labelled)
GP warmup: 20 epochs on initial embeddings
Joint DKL training: 50 epochs
  Epoch 20/50  loss=1.4545
  Epoch 40/50  loss=1.1498
DKL training done in 0.5s
  → SM-12860  gap=5.040 eV  best=20.302 eV  top50=11  top10%=20
Cycle  47: GP refit  (56 labelled)
  → SM-10689  gap=1.508 eV  best=20.302 eV  top50=11  top10%=20
Cycle  48: GP refit  (57 labelled)
  → SM-2125  gap=2.520 eV  best=20.302 eV  top50=11  top10%=20
Cycle  49: GP refit  (58 labelled)
  → SM-4883  gap=3.945 eV  best=20.302 eV  top50=11  top10%=20
Cycle  50: GP refit  (59 labelled)
  → SM-19543  gap=3.109 eV  best=20.302 eV  top50=11  top10%=20
Cycle  51: full DKL retrain  (60 labelled)
GP warmup: 20 epochs on initial embeddings
Joint DKL training: 50 epochs
  Epoch 20/50  loss=1.3619
  Epoch 40/50  loss=1.1475
DKL training done in 0.6s
  → SM-19481  gap=3.185 eV  best=20.302 eV  top50=11  top10%=20
Cycle  52: GP refit  (61 labelled)
  → SM-10691  gap=2.235 eV  best=20.302 eV  top50=11  top10%=20
Cycle  53: GP refit  (62 labelled)
  → SM-10692  gap=2.348 eV  best=20.302 eV  top50=11  top10%=20
Cycle  54: GP refit  (63 labelled)
  → SM-19876  gap=6.007 eV  best=20.302 eV  top50=11  top10%=21
Cycle  55: GP refit  (64 labelled)
  → SM-3440  gap=3.675 eV  best=20.302 eV  top50=11  top10%=21
Cycle  56: full DKL retrain  (65 labelled)
GP warmup: 20 epochs on initial embeddings
Joint DKL training: 50 epochs
  Epoch 20/50  loss=1.1955
  Epoch 40/50  loss=0.8357
DKL training done in 0.5s
  → SM-19816  gap=4.433 eV  best=20.302 eV  top50=11  top10%=22
Cycle  57: GP refit  (66 labelled)
  → SM-10693  gap=2.327 eV  best=20.302 eV  top50=11  top10%=22
Cycle  58: GP refit  (67 labelled)
  → SM-10694  gap=2.065 eV  best=20.302 eV  top50=11  top10%=22
Cycle  59: GP refit  (68 labelled)
  → SM-4638  gap=2.234 eV  best=20.302 eV  top50=11  top10%=22
Cycle  60: GP refit  (69 labelled)
  → SM-11498  gap=2.290 eV  best=20.302 eV  top50=11  top10%=22
Cycle  61: full DKL retrain  (70 labelled)
GP warmup: 20 epochs on initial embeddings
Joint DKL training: 50 epochs
  Epoch 20/50  loss=0.8597
  Epoch 40/50  loss=0.5701
DKL training done in 0.5s
  → SM-6311  gap=0.756 eV  best=20.302 eV  top50=11  top10%=22
Cycle  62: GP refit  (71 labelled)
  → SM-10695  gap=2.136 eV  best=20.302 eV  top50=11  top10%=22
Cycle  63: GP refit  (72 labelled)
  → SM-10696  gap=1.430 eV  best=20.302 eV  top50=11  top10%=22
Cycle  64: GP refit  (73 labelled)
  → SM-16985  gap=0.237 eV  best=20.302 eV  top50=11  top10%=22
Cycle  65: GP refit  (74 labelled)
  → SM-20107  gap=3.013 eV  best=20.302 eV  top50=11  top10%=22
Cycle  66: full DKL retrain  (75 labelled)
GP warmup: 20 epochs on initial embeddings
Joint DKL training: 50 epochs
  Epoch 20/50  loss=0.6654
  Epoch 40/50  loss=0.3130
DKL training done in 0.4s
  → SM-2127  gap=2.450 eV  best=20.302 eV  top50=11  top10%=22
Cycle  67: GP refit  (76 labelled)
  → SM-13579  gap=1.013 eV  best=20.302 eV  top50=11  top10%=22
Cycle  68: GP refit  (77 labelled)
  → SM-10706  gap=1.068 eV  best=20.302 eV  top50=11  top10%=22
Cycle  69: GP refit  (78 labelled)
  → SM-16994  gap=4.042 eV  best=20.302 eV  top50=11  top10%=22
Cycle  70: GP refit  (79 labelled)
  → SM-20226  gap=0.057 eV  best=20.302 eV  top50=11  top10%=22
Cycle  71: full DKL retrain  (80 labelled)
GP warmup: 20 epochs on initial embeddings
Joint DKL training: 50 epochs
  Epoch 20/50  loss=1.5212
  Epoch 40/50  loss=1.2061
DKL training done in 0.5s
  → SM-841  gap=4.528 eV  best=20.302 eV  top50=11  top10%=23
Cycle  72: GP refit  (81 labelled)
  → SM-705  gap=2.461 eV  best=20.302 eV  top50=11  top10%=23
Cycle  73: GP refit  (82 labelled)
  → SM-256  gap=2.577 eV  best=20.302 eV  top50=11  top10%=23
Cycle  74: GP refit  (83 labelled)
  → SM-16062  gap=1.465 eV  best=20.302 eV  top50=11  top10%=23
Cycle  75: GP refit  (84 labelled)
  → SM-19151  gap=3.267 eV  best=20.302 eV  top50=11  top10%=23
Cycle  76: full DKL retrain  (85 labelled)
GP warmup: 20 epochs on initial embeddings
Joint DKL training: 50 epochs
  Epoch 20/50  loss=1.2871
  Epoch 40/50  loss=0.9949
DKL training done in 0.5s
  → SM-3951  gap=6.774 eV  best=20.302 eV  top50=11  top10%=24
Cycle  77: GP refit  (86 labelled)
  → SM-19188  gap=3.856 eV  best=20.302 eV  top50=11  top10%=24
Cycle  78: GP refit  (87 labelled)
  → SM-16995  gap=3.951 eV  best=20.302 eV  top50=11  top10%=24
Cycle  79: GP refit  (88 labelled)
  → SM-16996  gap=3.050 eV  best=20.302 eV  top50=11  top10%=24
Cycle  80: GP refit  (89 labelled)
  → SM-5606  gap=2.807 eV  best=20.302 eV  top50=11  top10%=24
Cycle  81: full DKL retrain  (90 labelled)
GP warmup: 20 epochs on initial embeddings
Joint DKL training: 50 epochs
  Epoch 20/50  loss=0.7296
  Epoch 40/50  loss=0.4280
DKL training done in 0.5s
  → SM-4895  gap=2.544 eV  best=20.302 eV  top50=11  top10%=24
Cycle  82: GP refit  (91 labelled)
  → SM-10709  gap=3.827 eV  best=20.302 eV  top50=11  top10%=24
Cycle  83: GP refit  (92 labelled)
  → SM-6542  gap=6.834 eV  best=20.302 eV  top50=11  top10%=25
Cycle  84: GP refit  (93 labelled)
  → SM-17368  gap=2.687 eV  best=20.302 eV  top50=11  top10%=25
Cycle  85: GP refit  (94 labelled)
  → SM-10262  gap=2.577 eV  best=20.302 eV  top50=11  top10%=25
Cycle  86: full DKL retrain  (95 labelled)
GP warmup: 20 epochs on initial embeddings
Joint DKL training: 50 epochs
  Epoch 20/50  loss=1.1541
  Epoch 40/50  loss=0.8122
DKL training done in 0.6s
  → SM-19344  gap=4.048 eV  best=20.302 eV  top50=11  top10%=25
Cycle  87: GP refit  (96 labelled)
  → SM-3942  gap=4.286 eV  best=20.302 eV  top50=11  top10%=25
Cycle  88: GP refit  (97 labelled)
  → SM-17806  gap=3.372 eV  best=20.302 eV  top50=11  top10%=25
Cycle  89: GP refit  (98 labelled)
  → SM-17334  gap=1.905 eV  best=20.302 eV  top50=11  top10%=25
Cycle  90: GP refit  (99 labelled)
  → SM-18465  gap=4.334 eV  best=20.302 eV  top50=11  top10%=25
Cycle  91: full DKL retrain  (100 labelled)
GP warmup: 20 epochs on initial embeddings
Joint DKL training: 50 epochs
  Epoch 20/50  loss=0.5579
  Epoch 40/50  loss=0.5239
DKL training done in 0.5s
  → SM-3771  gap=2.183 eV  best=20.302 eV  top50=11  top10%=25
Cycle  92: GP refit  (101 labelled)
  → SM-2411  gap=4.924 eV  best=20.302 eV  top50=11  top10%=26
Cycle  93: GP refit  (102 labelled)
  → SM-588  gap=1.824 eV  best=20.302 eV  top50=11  top10%=26
Cycle  94: GP refit  (103 labelled)
  → SM-17809  gap=0.021 eV  best=20.302 eV  top50=11  top10%=26
Cycle  95: GP refit  (104 labelled)
  → SM-17004  gap=4.404 eV  best=20.302 eV  top50=11  top10%=26
Cycle  96: full DKL retrain  (105 labelled)
GP warmup: 20 epochs on initial embeddings
Joint DKL training: 50 epochs
  Epoch 20/50  loss=1.2165
  Epoch 40/50  loss=0.9081
DKL training done in 0.4s
  → SM-4430  gap=1.240 eV  best=20.302 eV  top50=11  top10%=26
Cycle  97: GP refit  (106 labelled)
  → SM-506  gap=4.826 eV  best=20.302 eV  top50=11  top10%=27
Cycle  98: GP refit  (107 labelled)
  → SM-1627  gap=1.242 eV  best=20.302 eV  top50=11  top10%=27
Cycle  99: GP refit  (108 labelled)
  → SM-1015  gap=1.289 eV  best=20.302 eV  top50=11  top10%=27
Cycle 100: GP refit  (109 labelled)
  → SM-1316  gap=0.323 eV  best=20.302 eV  top50=11  top10%=27
  gap_max/seed1 → best=20.302 top50=11 top10%=27
BOLoop: 3131 materials  |  direction=max  |  top-50 internal threshold=7.50  top-10% internal threshold=4.43
Init: 10 random labels  |  best (max) = 8.198
Cycle   1: full DKL retrain  (10 labelled)
GP warmup: 20 epochs on initial embeddings
/home/roy/software/anaconda3/lib/python3.13/site-packages/torch/_compile.py:32: UserWarning: optimizer contains a parameter group with duplicate parameters; in future, this will cause an error; see github.com/pytorch/pytorch/issues/40967 for more information
  return disable_fn(*args, **kwargs)
Joint DKL training: 50 epochs
  Epoch 20/50  loss=3.0091
  Epoch 40/50  loss=2.6298
DKL training done in 0.4s
  → SM-19225  gap=8.129 eV  best=8.198 eV  top50=1  top10%=1
Cycle   2: GP refit  (11 labelled)
  → SM-19408  gap=1.627 eV  best=8.198 eV  top50=1  top10%=1
Cycle   3: GP refit  (12 labelled)
  → SM-1998  gap=3.012 eV  best=8.198 eV  top50=1  top10%=1
Cycle   4: GP refit  (13 labelled)
  → SM-2348  gap=4.345 eV  best=8.198 eV  top50=1  top10%=1
Cycle   5: GP refit  (14 labelled)
  → SM-10730  gap=2.780 eV  best=8.198 eV  top50=1  top10%=1
Cycle   6: full DKL retrain  (15 labelled)
GP warmup: 20 epochs on initial embeddings
Joint DKL training: 50 epochs
  Epoch 20/50  loss=1.7850
  Epoch 40/50  loss=1.7079
DKL training done in 0.5s
  → SM-11593  gap=2.568 eV  best=8.198 eV  top50=1  top10%=1
Cycle   7: GP refit  (16 labelled)
  → SM-19222  gap=8.028 eV  best=8.198 eV  top50=2  top10%=2
Cycle   8: GP refit  (17 labelled)
  → SM-19223  gap=8.002 eV  best=8.198 eV  top50=3  top10%=3
Cycle   9: GP refit  (18 labelled)
  → SM-19332  gap=6.548 eV  best=8.198 eV  top50=3  top10%=4
Cycle  10: GP refit  (19 labelled)
  → SM-19372  gap=1.190 eV  best=8.198 eV  top50=3  top10%=4
Cycle  11: full DKL retrain  (20 labelled)
GP warmup: 20 epochs on initial embeddings
Joint DKL training: 50 epochs
  Epoch 20/50  loss=1.3645
  Epoch 40/50  loss=1.1086
DKL training done in 0.5s
  → SM-19481  gap=3.185 eV  best=8.198 eV  top50=3  top10%=4
Cycle  12: GP refit  (21 labelled)
  → SM-873  gap=10.044 eV  best=10.044 eV  top50=4  top10%=5
Cycle  13: GP refit  (22 labelled)
  → SM-18232  gap=3.837 eV  best=10.044 eV  top50=4  top10%=5
Cycle  14: GP refit  (23 labelled)
  → SM-20253  gap=5.285 eV  best=10.044 eV  top50=4  top10%=6
Cycle  15: GP refit  (24 labelled)
  → SM-958  gap=10.324 eV  best=10.324 eV  top50=5  top10%=7
Cycle  16: full DKL retrain  (25 labelled)
GP warmup: 20 epochs on initial embeddings
Joint DKL training: 50 epochs
  Epoch 20/50  loss=11.5293
  Epoch 40/50  loss=1.1056
DKL training done in 0.5s
  → SM-6713  gap=0.192 eV  best=10.324 eV  top50=5  top10%=7
Cycle  17: GP refit  (26 labelled)
  → SM-17264  gap=1.017 eV  best=10.324 eV  top50=5  top10%=7
Cycle  18: GP refit  (27 labelled)
  → SM-4992  gap=10.281 eV  best=10.324 eV  top50=6  top10%=8
Cycle  19: GP refit  (28 labelled)
  → SM-5439  gap=0.416 eV  best=10.324 eV  top50=6  top10%=8
Cycle  20: GP refit  (29 labelled)
  → SM-17582  gap=3.981 eV  best=10.324 eV  top50=6  top10%=8
Cycle  21: full DKL retrain  (30 labelled)
GP warmup: 20 epochs on initial embeddings
Joint DKL training: 50 epochs
  Epoch 20/50  loss=4.0586
  Epoch 40/50  loss=1.7158
DKL training done in 0.4s
  → SM-19259  gap=2.664 eV  best=10.324 eV  top50=6  top10%=8
Cycle  22: GP refit  (31 labelled)
  → SM-20460  gap=4.929 eV  best=10.324 eV  top50=6  top10%=9
Cycle  23: GP refit  (32 labelled)
  → SM-20313  gap=0.189 eV  best=10.324 eV  top50=6  top10%=9
Cycle  24: GP refit  (33 labelled)
  → SM-19770  gap=7.587 eV  best=10.324 eV  top50=7  top10%=10
Cycle  25: GP refit  (34 labelled)
  → SM-19983  gap=2.546 eV  best=10.324 eV  top50=7  top10%=10
Cycle  26: full DKL retrain  (35 labelled)
GP warmup: 20 epochs on initial embeddings
Joint DKL training: 50 epochs
  Epoch 20/50  loss=3.4566
  Epoch 40/50  loss=1.5890
DKL training done in 0.4s
  → SM-1891  gap=3.504 eV  best=10.324 eV  top50=7  top10%=10
Cycle  27: GP refit  (36 labelled)
  → SM-996  gap=4.549 eV  best=10.324 eV  top50=7  top10%=11
Cycle  28: GP refit  (37 labelled)
  → SM-19810  gap=1.374 eV  best=10.324 eV  top50=7  top10%=11
Cycle  29: GP refit  (38 labelled)
  → SM-539  gap=2.543 eV  best=10.324 eV  top50=7  top10%=11
Cycle  30: GP refit  (39 labelled)
  → SM-1276  gap=4.556 eV  best=10.324 eV  top50=7  top10%=12
Cycle  31: full DKL retrain  (40 labelled)
GP warmup: 20 epochs on initial embeddings
Joint DKL training: 50 epochs
  Epoch 20/50  loss=1.3703
  Epoch 40/50  loss=1.0721
DKL training done in 0.4s
  → SM-7136  gap=9.597 eV  best=10.324 eV  top50=8  top10%=13
Cycle  32: GP refit  (41 labelled)
  → SM-6442  gap=8.542 eV  best=10.324 eV  top50=9  top10%=14
Cycle  33: GP refit  (42 labelled)
  → SM-11095  gap=3.822 eV  best=10.324 eV  top50=9  top10%=14
Cycle  34: GP refit  (43 labelled)
  → SM-20232  gap=4.135 eV  best=10.324 eV  top50=9  top10%=14
Cycle  35: GP refit  (44 labelled)
  → SM-16304  gap=8.070 eV  best=10.324 eV  top50=10  top10%=15
Cycle  36: full DKL retrain  (45 labelled)
GP warmup: 20 epochs on initial embeddings
Joint DKL training: 50 epochs
  Epoch 20/50  loss=3.1249
  Epoch 40/50  loss=1.7015
DKL training done in 0.4s
  → SM-13802  gap=6.641 eV  best=10.324 eV  top50=10  top10%=16
Cycle  37: GP refit  (46 labelled)
  → SM-955  gap=7.001 eV  best=10.324 eV  top50=10  top10%=17
Cycle  38: GP refit  (47 labelled)
  → SM-11044  gap=2.943 eV  best=10.324 eV  top50=10  top10%=17
Cycle  39: GP refit  (48 labelled)
  → SM-6115  gap=3.579 eV  best=10.324 eV  top50=10  top10%=17
Cycle  40: GP refit  (49 labelled)
  → SM-11620  gap=3.041 eV  best=10.324 eV  top50=10  top10%=17
Cycle  41: full DKL retrain  (50 labelled)
GP warmup: 20 epochs on initial embeddings
Joint DKL training: 50 epochs
  Epoch 20/50  loss=4.1433
  Epoch 40/50  loss=1.7028
DKL training done in 0.5s
  → SM-7534  gap=1.341 eV  best=10.324 eV  top50=10  top10%=17
Cycle  42: GP refit  (51 labelled)
  → SM-14945  gap=5.606 eV  best=10.324 eV  top50=10  top10%=18
Cycle  43: GP refit  (52 labelled)
  → SM-886  gap=3.469 eV  best=10.324 eV  top50=10  top10%=18
Cycle  44: GP refit  (53 labelled)
  → SM-13828  gap=8.150 eV  best=10.324 eV  top50=11  top10%=19
Cycle  45: GP refit  (54 labelled)
  → SM-11868  gap=4.897 eV  best=10.324 eV  top50=11  top10%=20
Cycle  46: full DKL retrain  (55 labelled)
GP warmup: 20 epochs on initial embeddings
Joint DKL training: 50 epochs
  Epoch 20/50  loss=1.4688
  Epoch 40/50  loss=1.1462
DKL training done in 0.5s
  → SM-12860  gap=5.040 eV  best=10.324 eV  top50=11  top10%=21
Cycle  47: GP refit  (56 labelled)
  → SM-4638  gap=2.234 eV  best=10.324 eV  top50=11  top10%=21
Cycle  48: GP refit  (57 labelled)
  → SM-11616  gap=4.086 eV  best=10.324 eV  top50=11  top10%=21
Cycle  49: GP refit  (58 labelled)
  → SM-20043  gap=3.107 eV  best=10.324 eV  top50=11  top10%=21
Cycle  50: GP refit  (59 labelled)
  → SM-13061  gap=3.488 eV  best=10.324 eV  top50=11  top10%=21
Cycle  51: full DKL retrain  (60 labelled)
GP warmup: 20 epochs on initial embeddings
Joint DKL training: 50 epochs
  Epoch 20/50  loss=1.3105
  Epoch 40/50  loss=0.8857
DKL training done in 0.5s
  → SM-3805  gap=2.583 eV  best=10.324 eV  top50=11  top10%=21
Cycle  52: GP refit  (61 labelled)
  → SM-870  gap=7.472 eV  best=10.324 eV  top50=11  top10%=22
Cycle  53: GP refit  (62 labelled)
  → SM-5003  gap=19.720 eV  best=19.720 eV  top50=12  top10%=23
Cycle  54: GP refit  (63 labelled)
  → SM-19498  gap=4.814 eV  best=19.720 eV  top50=12  top10%=24
Cycle  55: GP refit  (64 labelled)
  → SM-3507  gap=2.390 eV  best=19.720 eV  top50=12  top10%=24
Cycle  56: full DKL retrain  (65 labelled)
GP warmup: 20 epochs on initial embeddings
Joint DKL training: 50 epochs
  Epoch 20/50  loss=1.2743
  Epoch 40/50  loss=0.9142
DKL training done in 0.4s
  → SM-5038  gap=9.232 eV  best=19.720 eV  top50=13  top10%=25
Cycle  57: GP refit  (66 labelled)
  → SM-10681  gap=2.588 eV  best=19.720 eV  top50=13  top10%=25
Cycle  58: GP refit  (67 labelled)
  → SM-20105  gap=1.692 eV  best=19.720 eV  top50=13  top10%=25
Cycle  59: GP refit  (68 labelled)
  → SM-10685  gap=1.935 eV  best=19.720 eV  top50=13  top10%=25
Cycle  60: GP refit  (69 labelled)
  → SM-10686  gap=2.250 eV  best=19.720 eV  top50=13  top10%=25
Cycle  61: full DKL retrain  (70 labelled)
GP warmup: 20 epochs on initial embeddings
Joint DKL training: 50 epochs
  Epoch 20/50  loss=0.8052
  Epoch 40/50  loss=0.3347
DKL training done in 0.5s
  → SM-5002  gap=20.302 eV  best=20.302 eV  top50=14  top10%=26
Cycle  62: GP refit  (71 labelled)
  → SM-960  gap=5.651 eV  best=20.302 eV  top50=14  top10%=27
Cycle  63: GP refit  (72 labelled)
  → SM-10689  gap=1.508 eV  best=20.302 eV  top50=14  top10%=27
Cycle  64: GP refit  (73 labelled)
  → SM-2125  gap=2.520 eV  best=20.302 eV  top50=14  top10%=27
Cycle  65: GP refit  (74 labelled)
  → SM-4883  gap=3.945 eV  best=20.302 eV  top50=14  top10%=27
Cycle  66: full DKL retrain  (75 labelled)
GP warmup: 20 epochs on initial embeddings
Joint DKL training: 50 epochs
  Epoch 20/50  loss=1.6103
  Epoch 40/50  loss=1.1415
DKL training done in 0.6s
  → SM-19485  gap=0.019 eV  best=20.302 eV  top50=14  top10%=27
Cycle  67: GP refit  (76 labelled)
  → SM-19816  gap=4.433 eV  best=20.302 eV  top50=14  top10%=28
Cycle  68: GP refit  (77 labelled)
  → SM-10691  gap=2.235 eV  best=20.302 eV  top50=14  top10%=28
Cycle  69: GP refit  (78 labelled)
  → SM-6542  gap=6.834 eV  best=20.302 eV  top50=14  top10%=29
Cycle  70: GP refit  (79 labelled)
  → SM-2838  gap=3.952 eV  best=20.302 eV  top50=14  top10%=29
Cycle  71: full DKL retrain  (80 labelled)
GP warmup: 20 epochs on initial embeddings
Joint DKL training: 50 epochs
  Epoch 20/50  loss=0.8662
  Epoch 40/50  loss=0.3862
DKL training done in 0.5s
  → SM-10692  gap=2.348 eV  best=20.302 eV  top50=14  top10%=29
Cycle  72: GP refit  (81 labelled)
  → SM-10693  gap=2.327 eV  best=20.302 eV  top50=14  top10%=29
Cycle  73: GP refit  (82 labelled)
  → SM-10694  gap=2.065 eV  best=20.302 eV  top50=14  top10%=29
Cycle  74: GP refit  (83 labelled)
  → SM-10695  gap=2.136 eV  best=20.302 eV  top50=14  top10%=29
Cycle  75: GP refit  (84 labelled)
  → SM-10696  gap=1.430 eV  best=20.302 eV  top50=14  top10%=29
Cycle  76: full DKL retrain  (85 labelled)
GP warmup: 20 epochs on initial embeddings
Joint DKL training: 50 epochs
  Epoch 20/50  loss=0.3756
  Epoch 40/50  loss=-0.0942
DKL training done in 0.6s
  → SM-16985  gap=0.237 eV  best=20.302 eV  top50=14  top10%=29
Cycle  77: GP refit  (86 labelled)
  → SM-4291  gap=0.683 eV  best=20.302 eV  top50=14  top10%=29
Cycle  78: GP refit  (87 labelled)
  → SM-20107  gap=3.013 eV  best=20.302 eV  top50=14  top10%=29
Cycle  79: GP refit  (88 labelled)
  → SM-2127  gap=2.450 eV  best=20.302 eV  top50=14  top10%=29
Cycle  80: GP refit  (89 labelled)
  → SM-13579  gap=1.013 eV  best=20.302 eV  top50=14  top10%=29
Cycle  81: full DKL retrain  (90 labelled)
GP warmup: 20 epochs on initial embeddings
Joint DKL training: 50 epochs
  Epoch 20/50  loss=1.2716
  Epoch 40/50  loss=0.8549
DKL training done in 0.6s
  → SM-10706  gap=1.068 eV  best=20.302 eV  top50=14  top10%=29
Cycle  82: GP refit  (91 labelled)
  → SM-16994  gap=4.042 eV  best=20.302 eV  top50=14  top10%=29
Cycle  83: GP refit  (92 labelled)
  → SM-16995  gap=3.951 eV  best=20.302 eV  top50=14  top10%=29
Cycle  84: GP refit  (93 labelled)
  → SM-16996  gap=3.050 eV  best=20.302 eV  top50=14  top10%=29
Cycle  85: GP refit  (94 labelled)
  → SM-4895  gap=2.544 eV  best=20.302 eV  top50=14  top10%=29
Cycle  86: full DKL retrain  (95 labelled)
GP warmup: 20 epochs on initial embeddings
Joint DKL training: 50 epochs
  Epoch 20/50  loss=0.5294
  Epoch 40/50  loss=0.0269
DKL training done in 0.4s
  → SM-10709  gap=3.827 eV  best=20.302 eV  top50=14  top10%=29
Cycle  87: GP refit  (96 labelled)
  → SM-3942  gap=4.286 eV  best=20.302 eV  top50=14  top10%=29
Cycle  88: GP refit  (97 labelled)
  → SM-17806  gap=3.372 eV  best=20.302 eV  top50=14  top10%=29
Cycle  89: GP refit  (98 labelled)
  → SM-18465  gap=4.334 eV  best=20.302 eV  top50=14  top10%=29
Cycle  90: GP refit  (99 labelled)
  → SM-3771  gap=2.183 eV  best=20.302 eV  top50=14  top10%=29
Cycle  91: full DKL retrain  (100 labelled)
GP warmup: 20 epochs on initial embeddings
Joint DKL training: 50 epochs
  Epoch 20/50  loss=0.7785
  Epoch 40/50  loss=0.2071
DKL training done in 0.5s
  → SM-2411  gap=4.924 eV  best=20.302 eV  top50=14  top10%=30
Cycle  92: GP refit  (101 labelled)
  → SM-588  gap=1.824 eV  best=20.302 eV  top50=14  top10%=30
Cycle  93: GP refit  (102 labelled)
  → SM-17809  gap=0.021 eV  best=20.302 eV  top50=14  top10%=30
Cycle  94: GP refit  (103 labelled)
  → SM-17004  gap=4.404 eV  best=20.302 eV  top50=14  top10%=30
Cycle  95: GP refit  (104 labelled)
  → SM-10717  gap=4.439 eV  best=20.302 eV  top50=14  top10%=31
Cycle  96: full DKL retrain  (105 labelled)
GP warmup: 20 epochs on initial embeddings
Joint DKL training: 50 epochs
  Epoch 20/50  loss=1.2506
  Epoch 40/50  loss=0.7248
DKL training done in 0.5s
  → SM-19104  gap=4.708 eV  best=20.302 eV  top50=14  top10%=32
Cycle  97: GP refit  (106 labelled)
  → SM-17810  gap=2.749 eV  best=20.302 eV  top50=14  top10%=32
Cycle  98: GP refit  (107 labelled)
  → SM-10718  gap=2.313 eV  best=20.302 eV  top50=14  top10%=32
Cycle  99: GP refit  (108 labelled)
  → SM-492  gap=3.040 eV  best=20.302 eV  top50=14  top10%=32
Cycle 100: GP refit  (109 labelled)
  → SM-4262  gap=2.209 eV  best=20.302 eV  top50=14  top10%=32
  gap_max/seed2 → best=20.302 top50=14 top10%=32
BOLoop: 3131 materials  |  direction=max  |  top-50 internal threshold=7.50  top-10% internal threshold=4.43
Init: 10 random labels  |  best (max) = 8.323
Cycle   1: full DKL retrain  (10 labelled)
GP warmup: 20 epochs on initial embeddings
/home/roy/software/anaconda3/lib/python3.13/site-packages/torch/_compile.py:32: UserWarning: optimizer contains a parameter group with duplicate parameters; in future, this will cause an error; see github.com/pytorch/pytorch/issues/40967 for more information
  return disable_fn(*args, **kwargs)
Joint DKL training: 50 epochs
  Epoch 20/50  loss=2.8854
  Epoch 40/50  loss=2.6452
DKL training done in 0.5s
  → SM-20347  gap=7.697 eV  best=8.323 eV  top50=1  top10%=1
Cycle   2: GP refit  (11 labelled)
  → SM-943  gap=8.707 eV  best=8.707 eV  top50=2  top10%=2
Cycle   3: GP refit  (12 labelled)
  → SM-19384  gap=4.847 eV  best=8.707 eV  top50=2  top10%=3
Cycle   4: GP refit  (13 labelled)
  → SM-14156  gap=5.911 eV  best=8.707 eV  top50=2  top10%=4
Cycle   5: GP refit  (14 labelled)
  → SM-940  gap=9.881 eV  best=9.881 eV  top50=3  top10%=5
Cycle   6: full DKL retrain  (15 labelled)
GP warmup: 20 epochs on initial embeddings
Joint DKL training: 50 epochs
  Epoch 20/50  loss=1.5971
  Epoch 40/50  loss=1.4187
DKL training done in 0.6s
  → SM-6383  gap=4.133 eV  best=9.881 eV  top50=3  top10%=5
Cycle   7: GP refit  (16 labelled)
  → SM-919  gap=9.698 eV  best=9.881 eV  top50=4  top10%=6
Cycle   8: GP refit  (17 labelled)
  → SM-19442  gap=9.063 eV  best=9.881 eV  top50=5  top10%=7
Cycle   9: GP refit  (18 labelled)
  → SM-19412  gap=6.526 eV  best=9.881 eV  top50=5  top10%=8
Cycle  10: GP refit  (19 labelled)
  → SM-19446  gap=9.069 eV  best=9.881 eV  top50=6  top10%=9
Cycle  11: full DKL retrain  (20 labelled)
GP warmup: 20 epochs on initial embeddings
Joint DKL training: 50 epochs
  Epoch 20/50  loss=1.4045
  Epoch 40/50  loss=1.0156
DKL training done in 0.4s
  → SM-6442  gap=8.542 eV  best=9.881 eV  top50=7  top10%=10
Cycle  12: GP refit  (21 labelled)
  → SM-5003  gap=19.720 eV  best=19.720 eV  top50=8  top10%=11
Cycle  13: GP refit  (22 labelled)
  → SM-256  gap=2.577 eV  best=19.720 eV  top50=8  top10%=11
Cycle  14: GP refit  (23 labelled)
  → SM-7136  gap=9.597 eV  best=19.720 eV  top50=9  top10%=12
Cycle  15: GP refit  (24 labelled)
  → SM-5419  gap=2.057 eV  best=19.720 eV  top50=9  top10%=12
Cycle  16: full DKL retrain  (25 labelled)
GP warmup: 20 epochs on initial embeddings
Joint DKL training: 50 epochs
  Epoch 20/50  loss=2.1116
  Epoch 40/50  loss=1.9007
DKL training done in 0.4s
  → SM-3955  gap=6.861 eV  best=19.720 eV  top50=9  top10%=13
Cycle  17: GP refit  (26 labelled)
  → SM-3507  gap=2.390 eV  best=19.720 eV  top50=9  top10%=13
Cycle  18: GP refit  (27 labelled)
  → SM-10681  gap=2.588 eV  best=19.720 eV  top50=9  top10%=13
Cycle  19: GP refit  (28 labelled)
  → SM-20105  gap=1.692 eV  best=19.720 eV  top50=9  top10%=13
Cycle  20: GP refit  (29 labelled)
  → SM-10685  gap=1.935 eV  best=19.720 eV  top50=9  top10%=13
Cycle  21: full DKL retrain  (30 labelled)
GP warmup: 20 epochs on initial embeddings
Joint DKL training: 50 epochs
  Epoch 20/50  loss=1.4194
  Epoch 40/50  loss=1.1753
DKL training done in 0.4s
  → SM-5002  gap=20.302 eV  best=20.302 eV  top50=10  top10%=14
Cycle  22: GP refit  (31 labelled)
  → SM-10686  gap=2.250 eV  best=20.302 eV  top50=10  top10%=14
Cycle  23: GP refit  (32 labelled)
  → SM-10689  gap=1.508 eV  best=20.302 eV  top50=10  top10%=14
Cycle  24: GP refit  (33 labelled)
  → SM-2125  gap=2.520 eV  best=20.302 eV  top50=10  top10%=14
Cycle  25: GP refit  (34 labelled)
  → SM-4883  gap=3.945 eV  best=20.302 eV  top50=10  top10%=14
Cycle  26: full DKL retrain  (35 labelled)
GP warmup: 20 epochs on initial embeddings
Joint DKL training: 50 epochs
  Epoch 20/50  loss=1.2474
  Epoch 40/50  loss=1.0568
DKL training done in 0.6s
  → SM-654  gap=1.960 eV  best=20.302 eV  top50=10  top10%=14
Cycle  27: GP refit  (36 labelled)
  → SM-10691  gap=2.235 eV  best=20.302 eV  top50=10  top10%=14
Cycle  28: GP refit  (37 labelled)
  → SM-4349  gap=1.588 eV  best=20.302 eV  top50=10  top10%=14
Cycle  29: GP refit  (38 labelled)
  → SM-10692  gap=2.348 eV  best=20.302 eV  top50=10  top10%=14
Cycle  30: GP refit  (39 labelled)
  → SM-10693  gap=2.327 eV  best=20.302 eV  top50=10  top10%=14
Cycle  31: full DKL retrain  (40 labelled)
GP warmup: 20 epochs on initial embeddings
Joint DKL training: 50 epochs
  Epoch 20/50  loss=1.3526
  Epoch 40/50  loss=1.1394
DKL training done in 0.4s
  → SM-709  gap=1.476 eV  best=20.302 eV  top50=10  top10%=14
Cycle  32: GP refit  (41 labelled)
  → SM-688  gap=1.470 eV  best=20.302 eV  top50=10  top10%=14
Cycle  33: GP refit  (42 labelled)
  → SM-10694  gap=2.065 eV  best=20.302 eV  top50=10  top10%=14
Cycle  34: GP refit  (43 labelled)
  → SM-10695  gap=2.136 eV  best=20.302 eV  top50=10  top10%=14
Cycle  35: GP refit  (44 labelled)
  → SM-10696  gap=1.430 eV  best=20.302 eV  top50=10  top10%=14
Cycle  36: full DKL retrain  (45 labelled)
GP warmup: 20 epochs on initial embeddings
Joint DKL training: 50 epochs
  Epoch 20/50  loss=1.0473
  Epoch 40/50  loss=0.8049
DKL training done in 0.5s
  → SM-1563  gap=0.181 eV  best=20.302 eV  top50=10  top10%=14
Cycle  37: GP refit  (46 labelled)
  → SM-636  gap=1.426 eV  best=20.302 eV  top50=10  top10%=14
Cycle  38: GP refit  (47 labelled)
  → SM-16985  gap=0.237 eV  best=20.302 eV  top50=10  top10%=14
Cycle  39: GP refit  (48 labelled)
  → SM-4665  gap=4.164 eV  best=20.302 eV  top50=10  top10%=14
Cycle  40: GP refit  (49 labelled)
  → SM-5015  gap=15.528 eV  best=20.302 eV  top50=11  top10%=15
Cycle  41: full DKL retrain  (50 labelled)
GP warmup: 20 epochs on initial embeddings
Joint DKL training: 50 epochs
  Epoch 20/50  loss=1.1914
  Epoch 40/50  loss=0.9553
DKL training done in 0.4s
  → SM-5013  gap=14.425 eV  best=20.302 eV  top50=12  top10%=16
Cycle  42: GP refit  (51 labelled)
  → SM-20107  gap=3.013 eV  best=20.302 eV  top50=12  top10%=16
Cycle  43: GP refit  (52 labelled)
  → SM-2127  gap=2.450 eV  best=20.302 eV  top50=12  top10%=16
Cycle  44: GP refit  (53 labelled)
  → SM-5014  gap=15.496 eV  best=20.302 eV  top50=13  top10%=17
Cycle  45: GP refit  (54 labelled)
  → SM-938  gap=5.700 eV  best=20.302 eV  top50=13  top10%=18
Cycle  46: full DKL retrain  (55 labelled)
GP warmup: 20 epochs on initial embeddings
Joint DKL training: 50 epochs
  Epoch 20/50  loss=1.0505
  Epoch 40/50  loss=0.8703
DKL training done in 0.4s
  → SM-13579  gap=1.013 eV  best=20.302 eV  top50=13  top10%=18
Cycle  47: GP refit  (56 labelled)
  → SM-10706  gap=1.068 eV  best=20.302 eV  top50=13  top10%=18
Cycle  48: GP refit  (57 labelled)
  → SM-16994  gap=4.042 eV  best=20.302 eV  top50=13  top10%=18
Cycle  49: GP refit  (58 labelled)
  → SM-16995  gap=3.951 eV  best=20.302 eV  top50=13  top10%=18
Cycle  50: GP refit  (59 labelled)
  → SM-16996  gap=3.050 eV  best=20.302 eV  top50=13  top10%=18
Cycle  51: full DKL retrain  (60 labelled)
GP warmup: 20 epochs on initial embeddings
Joint DKL training: 50 epochs
  Epoch 20/50  loss=0.8180
  Epoch 40/50  loss=0.5961
DKL training done in 0.5s
  → SM-4895  gap=2.544 eV  best=20.302 eV  top50=13  top10%=18
Cycle  52: GP refit  (61 labelled)
  → SM-10709  gap=3.827 eV  best=20.302 eV  top50=13  top10%=18
Cycle  53: GP refit  (62 labelled)
  → SM-3942  gap=4.286 eV  best=20.302 eV  top50=13  top10%=18
Cycle  54: GP refit  (63 labelled)
  → SM-17806  gap=3.372 eV  best=20.302 eV  top50=13  top10%=18
Cycle  55: GP refit  (64 labelled)
  → SM-18465  gap=4.334 eV  best=20.302 eV  top50=13  top10%=18
Cycle  56: full DKL retrain  (65 labelled)
GP warmup: 20 epochs on initial embeddings
Joint DKL training: 50 epochs
  Epoch 20/50  loss=0.5883
  Epoch 40/50  loss=0.4585
DKL training done in 0.5s
  → SM-3771  gap=2.183 eV  best=20.302 eV  top50=13  top10%=18
Cycle  57: GP refit  (66 labelled)
  → SM-2411  gap=4.924 eV  best=20.302 eV  top50=13  top10%=19
Cycle  58: GP refit  (67 labelled)
  → SM-588  gap=1.824 eV  best=20.302 eV  top50=13  top10%=19
Cycle  59: GP refit  (68 labelled)
  → SM-17809  gap=0.021 eV  best=20.302 eV  top50=13  top10%=19
Cycle  60: GP refit  (69 labelled)
  → SM-17004  gap=4.404 eV  best=20.302 eV  top50=13  top10%=19
Cycle  61: full DKL retrain  (70 labelled)
GP warmup: 20 epochs on initial embeddings
Joint DKL training: 50 epochs
  Epoch 20/50  loss=0.5334
  Epoch 40/50  loss=0.3946
DKL training done in 0.6s
  → SM-17313  gap=3.055 eV  best=20.302 eV  top50=13  top10%=19
Cycle  62: GP refit  (71 labelled)
  → SM-10717  gap=4.439 eV  best=20.302 eV  top50=13  top10%=20
Cycle  63: GP refit  (72 labelled)
  → SM-17810  gap=2.749 eV  best=20.302 eV  top50=13  top10%=20
Cycle  64: GP refit  (73 labelled)
  → SM-10718  gap=2.313 eV  best=20.302 eV  top50=13  top10%=20
Cycle  65: GP refit  (74 labelled)
  → SM-17007  gap=2.052 eV  best=20.302 eV  top50=13  top10%=20
Cycle  66: full DKL retrain  (75 labelled)
GP warmup: 20 epochs on initial embeddings
Joint DKL training: 50 epochs
  Epoch 20/50  loss=0.6605
  Epoch 40/50  loss=0.4858
DKL training done in 0.5s
  → SM-17008  gap=3.746 eV  best=20.302 eV  top50=13  top10%=20
Cycle  67: GP refit  (76 labelled)
  → SM-12987  gap=3.470 eV  best=20.302 eV  top50=13  top10%=20
Cycle  68: GP refit  (77 labelled)
  → SM-10722  gap=2.491 eV  best=20.302 eV  top50=13  top10%=20
Cycle  69: GP refit  (78 labelled)
  → SM-17009  gap=3.754 eV  best=20.302 eV  top50=13  top10%=20
Cycle  70: GP refit  (79 labelled)
  → SM-17010  gap=1.282 eV  best=20.302 eV  top50=13  top10%=20
Cycle  71: full DKL retrain  (80 labelled)
GP warmup: 20 epochs on initial embeddings
Joint DKL training: 50 epochs
  Epoch 20/50  loss=0.3862
  Epoch 40/50  loss=0.2539
DKL training done in 0.4s
  → SM-18032  gap=3.002 eV  best=20.302 eV  top50=13  top10%=20
Cycle  72: GP refit  (81 labelled)
  → SM-15823  gap=1.399 eV  best=20.302 eV  top50=13  top10%=20
Cycle  73: GP refit  (82 labelled)
  → SM-10730  gap=2.780 eV  best=20.302 eV  top50=13  top10%=20
Cycle  74: GP refit  (83 labelled)
  → SM-2128  gap=2.811 eV  best=20.302 eV  top50=13  top10%=20
Cycle  75: GP refit  (84 labelled)
  → SM-1771  gap=2.811 eV  best=20.302 eV  top50=13  top10%=20
Cycle  76: full DKL retrain  (85 labelled)
GP warmup: 20 epochs on initial embeddings
Joint DKL training: 50 epochs
  Epoch 20/50  loss=0.4405
  Epoch 40/50  loss=0.2738
DKL training done in 0.4s
  → SM-10731  gap=2.312 eV  best=20.302 eV  top50=13  top10%=20
Cycle  77: GP refit  (86 labelled)
  → SM-13583  gap=2.040 eV  best=20.302 eV  top50=13  top10%=20
Cycle  78: GP refit  (87 labelled)
  → SM-10732  gap=2.138 eV  best=20.302 eV  top50=13  top10%=20
Cycle  79: GP refit  (88 labelled)
  → SM-159  gap=5.294 eV  best=20.302 eV  top50=13  top10%=21
Cycle  80: GP refit  (89 labelled)
  → SM-12950  gap=1.751 eV  best=20.302 eV  top50=13  top10%=21
Cycle  81: full DKL retrain  (90 labelled)
GP warmup: 20 epochs on initial embeddings
Joint DKL training: 50 epochs
  Epoch 20/50  loss=0.6547
  Epoch 40/50  loss=0.4397
DKL training done in 0.4s
  → SM-799  gap=1.440 eV  best=20.302 eV  top50=13  top10%=21
Cycle  82: GP refit  (91 labelled)
  → SM-16487  gap=2.948 eV  best=20.302 eV  top50=13  top10%=21
Cycle  83: GP refit  (92 labelled)
  → SM-6004  gap=2.983 eV  best=20.302 eV  top50=13  top10%=21
Cycle  84: GP refit  (93 labelled)
  → SM-2274  gap=3.719 eV  best=20.302 eV  top50=13  top10%=21
Cycle  85: GP refit  (94 labelled)
  → SM-679  gap=1.011 eV  best=20.302 eV  top50=13  top10%=21
Cycle  86: full DKL retrain  (95 labelled)
GP warmup: 20 epochs on initial embeddings
Joint DKL training: 50 epochs
  Epoch 20/50  loss=0.4654
  Epoch 40/50  loss=0.1860
DKL training done in 1.1s
  → SM-19456  gap=1.845 eV  best=20.302 eV  top50=13  top10%=21
Cycle  87: GP refit  (96 labelled)
  → SM-7511  gap=0.215 eV  best=20.302 eV  top50=13  top10%=21
Cycle  88: GP refit  (97 labelled)
  → SM-2129  gap=2.897 eV  best=20.302 eV  top50=13  top10%=21
Cycle  89: GP refit  (98 labelled)
  → SM-1772  gap=3.338 eV  best=20.302 eV  top50=13  top10%=21
Cycle  90: GP refit  (99 labelled)
  → SM-2130  gap=2.949 eV  best=20.302 eV  top50=13  top10%=21
Cycle  91: full DKL retrain  (100 labelled)
GP warmup: 20 epochs on initial embeddings
Joint DKL training: 50 epochs
  Epoch 20/50  loss=0.3043
  Epoch 40/50  loss=0.0472
DKL training done in 0.9s
  → SM-4853  gap=2.241 eV  best=20.302 eV  top50=13  top10%=21
Cycle  92: GP refit  (101 labelled)
  → SM-693  gap=1.625 eV  best=20.302 eV  top50=13  top10%=21
Cycle  93: GP refit  (102 labelled)
  → SM-17014  gap=2.256 eV  best=20.302 eV  top50=13  top10%=21
Cycle  94: GP refit  (103 labelled)
  → SM-12860  gap=5.040 eV  best=20.302 eV  top50=13  top10%=22
Cycle  95: GP refit  (104 labelled)
  → SM-4943  gap=1.766 eV  best=20.302 eV  top50=13  top10%=22
Cycle  96: full DKL retrain  (105 labelled)
GP warmup: 20 epochs on initial embeddings
Joint DKL training: 50 epochs
  Epoch 20/50  loss=-0.0389
  Epoch 40/50  loss=-0.3511
DKL training done in 1.0s
  → SM-10733  gap=2.936 eV  best=20.302 eV  top50=13  top10%=22
Cycle  97: GP refit  (106 labelled)
  → SM-15953  gap=0.646 eV  best=20.302 eV  top50=13  top10%=22
Cycle  98: GP refit  (107 labelled)
  → SM-7116  gap=2.604 eV  best=20.302 eV  top50=13  top10%=22
Cycle  99: GP refit  (108 labelled)
  → SM-12351  gap=2.053 eV  best=20.302 eV  top50=13  top10%=22
Cycle 100: GP refit  (109 labelled)
  → SM-20253  gap=5.285 eV  best=20.302 eV  top50=13  top10%=23
  gap_max/seed3 → best=20.302 top50=13 top10%=23
BOLoop: 3131 materials  |  direction=max  |  top-50 internal threshold=7.50  top-10% internal threshold=4.43
Init: 10 random labels  |  best (max) = 8.379
Cycle   1: full DKL retrain  (10 labelled)
GP warmup: 20 epochs on initial embeddings
/home/roy/software/anaconda3/lib/python3.13/site-packages/torch/_compile.py:32: UserWarning: optimizer contains a parameter group with duplicate parameters; in future, this will cause an error; see github.com/pytorch/pytorch/issues/40967 for more information
  return disable_fn(*args, **kwargs)
Joint DKL training: 50 epochs
  Epoch 20/50  loss=3.3359
  Epoch 40/50  loss=2.6615
DKL training done in 0.4s
  → SM-15657  gap=4.766 eV  best=8.379 eV  top50=0  top10%=1
Cycle   2: GP refit  (11 labelled)
  → SM-14673  gap=3.027 eV  best=8.379 eV  top50=0  top10%=1
Cycle   3: GP refit  (12 labelled)
  → SM-867  gap=3.986 eV  best=8.379 eV  top50=0  top10%=1
Cycle   4: GP refit  (13 labelled)
  → SM-15981  gap=4.648 eV  best=8.379 eV  top50=0  top10%=2
Cycle   5: GP refit  (14 labelled)
  → SM-6437  gap=5.791 eV  best=8.379 eV  top50=0  top10%=3
Cycle   6: full DKL retrain  (15 labelled)
GP warmup: 20 epochs on initial embeddings
Joint DKL training: 50 epochs
  Epoch 20/50  loss=1.8293
  Epoch 40/50  loss=1.7480
DKL training done in 0.5s
  → SM-19552  gap=4.908 eV  best=8.379 eV  top50=0  top10%=4
Cycle   7: GP refit  (16 labelled)
  → SM-1991  gap=8.851 eV  best=8.851 eV  top50=1  top10%=5
Cycle   8: GP refit  (17 labelled)
  → SM-919  gap=9.698 eV  best=9.698 eV  top50=2  top10%=6
Cycle   9: GP refit  (18 labelled)
  → SM-1196  gap=4.533 eV  best=9.698 eV  top50=2  top10%=7
Cycle  10: GP refit  (19 labelled)
  → SM-943  gap=8.707 eV  best=9.698 eV  top50=3  top10%=8
Cycle  11: full DKL retrain  (20 labelled)
GP warmup: 20 epochs on initial embeddings
Joint DKL training: 50 epochs
  Epoch 20/50  loss=1.3351
  Epoch 40/50  loss=1.1154
DKL training done in 0.4s
  → SM-5003  gap=19.720 eV  best=19.720 eV  top50=4  top10%=9
Cycle  12: GP refit  (21 labelled)
  → SM-20226  gap=0.057 eV  best=19.720 eV  top50=4  top10%=9
Cycle  13: GP refit  (22 labelled)
  → SM-4424  gap=1.221 eV  best=19.720 eV  top50=4  top10%=9
Cycle  14: GP refit  (23 labelled)
  → SM-5606  gap=2.807 eV  best=19.720 eV  top50=4  top10%=9
Cycle  15: GP refit  (24 labelled)
  → SM-936  gap=9.168 eV  best=19.720 eV  top50=5  top10%=10
Cycle  16: full DKL retrain  (25 labelled)
GP warmup: 20 epochs on initial embeddings
Joint DKL training: 50 epochs
  Epoch 20/50  loss=1.7811
  Epoch 40/50  loss=1.4409
DKL training done in 0.5s
  → SM-3507  gap=2.390 eV  best=19.720 eV  top50=5  top10%=10
Cycle  17: GP refit  (26 labelled)
  → SM-10681  gap=2.588 eV  best=19.720 eV  top50=5  top10%=10
Cycle  18: GP refit  (27 labelled)
  → SM-20105  gap=1.692 eV  best=19.720 eV  top50=5  top10%=10
Cycle  19: GP refit  (28 labelled)
  → SM-10685  gap=1.935 eV  best=19.720 eV  top50=5  top10%=10
Cycle  20: GP refit  (29 labelled)
  → SM-10686  gap=2.250 eV  best=19.720 eV  top50=5  top10%=10
Cycle  21: full DKL retrain  (30 labelled)
GP warmup: 20 epochs on initial embeddings
Joint DKL training: 50 epochs
  Epoch 20/50  loss=2.1326
  Epoch 40/50  loss=1.0248
DKL training done in 0.5s
  → SM-159  gap=5.294 eV  best=19.720 eV  top50=5  top10%=11
Cycle  22: GP refit  (31 labelled)
  → SM-10689  gap=1.508 eV  best=19.720 eV  top50=5  top10%=11
Cycle  23: GP refit  (32 labelled)
  → SM-2125  gap=2.520 eV  best=19.720 eV  top50=5  top10%=11
Cycle  24: GP refit  (33 labelled)
  → SM-4883  gap=3.945 eV  best=19.720 eV  top50=5  top10%=11
Cycle  25: GP refit  (34 labelled)
  → SM-10691  gap=2.235 eV  best=19.720 eV  top50=5  top10%=11
Cycle  26: full DKL retrain  (35 labelled)
GP warmup: 20 epochs on initial embeddings
Joint DKL training: 50 epochs
  Epoch 20/50  loss=0.8401
  Epoch 40/50  loss=0.6246
DKL training done in 0.6s
  → SM-5002  gap=20.302 eV  best=20.302 eV  top50=6  top10%=12
Cycle  27: GP refit  (36 labelled)
  → SM-10692  gap=2.348 eV  best=20.302 eV  top50=6  top10%=12
Cycle  28: GP refit  (37 labelled)
  → SM-10693  gap=2.327 eV  best=20.302 eV  top50=6  top10%=12
Cycle  29: GP refit  (38 labelled)
  → SM-10694  gap=2.065 eV  best=20.302 eV  top50=6  top10%=12
Cycle  30: GP refit  (39 labelled)
  → SM-10695  gap=2.136 eV  best=20.302 eV  top50=6  top10%=12
Cycle  31: full DKL retrain  (40 labelled)
GP warmup: 20 epochs on initial embeddings
Joint DKL training: 50 epochs
  Epoch 20/50  loss=0.6959
  Epoch 40/50  loss=0.4763
DKL training done in 0.4s
  → SM-135  gap=2.080 eV  best=20.302 eV  top50=6  top10%=12
Cycle  32: GP refit  (41 labelled)
  → SM-10696  gap=1.430 eV  best=20.302 eV  top50=6  top10%=12
Cycle  33: GP refit  (42 labelled)
  → SM-16985  gap=0.237 eV  best=20.302 eV  top50=6  top10%=12
Cycle  34: GP refit  (43 labelled)
  → SM-20107  gap=3.013 eV  best=20.302 eV  top50=6  top10%=12
Cycle  35: GP refit  (44 labelled)
  → SM-2127  gap=2.450 eV  best=20.302 eV  top50=6  top10%=12
Cycle  36: full DKL retrain  (45 labelled)
GP warmup: 20 epochs on initial embeddings
Joint DKL training: 50 epochs
  Epoch 20/50  loss=1.3552
  Epoch 40/50  loss=0.9225
DKL training done in 0.4s
  → SM-13579  gap=1.013 eV  best=20.302 eV  top50=6  top10%=12
Cycle  37: GP refit  (46 labelled)
  → SM-10706  gap=1.068 eV  best=20.302 eV  top50=6  top10%=12
Cycle  38: GP refit  (47 labelled)
  → SM-16994  gap=4.042 eV  best=20.302 eV  top50=6  top10%=12
Cycle  39: GP refit  (48 labelled)
  → SM-16995  gap=3.951 eV  best=20.302 eV  top50=6  top10%=12
Cycle  40: GP refit  (49 labelled)
  → SM-16996  gap=3.050 eV  best=20.302 eV  top50=6  top10%=12
Cycle  41: full DKL retrain  (50 labelled)
GP warmup: 20 epochs on initial embeddings
Joint DKL training: 50 epochs
  Epoch 20/50  loss=0.8205
  Epoch 40/50  loss=0.5804
DKL training done in 0.4s
  → SM-4895  gap=2.544 eV  best=20.302 eV  top50=6  top10%=12
Cycle  42: GP refit  (51 labelled)
  → SM-10709  gap=3.827 eV  best=20.302 eV  top50=6  top10%=12
Cycle  43: GP refit  (52 labelled)
  → SM-20347  gap=7.697 eV  best=20.302 eV  top50=7  top10%=13
Cycle  44: GP refit  (53 labelled)
  → SM-3942  gap=4.286 eV  best=20.302 eV  top50=7  top10%=13
Cycle  45: GP refit  (54 labelled)
  → SM-17806  gap=3.372 eV  best=20.302 eV  top50=7  top10%=13
Cycle  46: full DKL retrain  (55 labelled)
GP warmup: 20 epochs on initial embeddings
Joint DKL training: 50 epochs
  Epoch 20/50  loss=1.1002
  Epoch 40/50  loss=0.8409
DKL training done in 0.5s
  → SM-18465  gap=4.334 eV  best=20.302 eV  top50=7  top10%=13
Cycle  47: GP refit  (56 labelled)
  → SM-3771  gap=2.183 eV  best=20.302 eV  top50=7  top10%=13
Cycle  48: GP refit  (57 labelled)
  → SM-2411  gap=4.924 eV  best=20.302 eV  top50=7  top10%=14
Cycle  49: GP refit  (58 labelled)
  → SM-588  gap=1.824 eV  best=20.302 eV  top50=7  top10%=14
Cycle  50: GP refit  (59 labelled)
  → SM-17809  gap=0.021 eV  best=20.302 eV  top50=7  top10%=14
Cycle  51: full DKL retrain  (60 labelled)
GP warmup: 20 epochs on initial embeddings
Joint DKL training: 50 epochs
  Epoch 20/50  loss=0.6394
  Epoch 40/50  loss=0.4376
DKL training done in 0.6s
  → SM-488  gap=4.198 eV  best=20.302 eV  top50=7  top10%=14
Cycle  52: GP refit  (61 labelled)
  → SM-17004  gap=4.404 eV  best=20.302 eV  top50=7  top10%=14
Cycle  53: GP refit  (62 labelled)
  → SM-10717  gap=4.439 eV  best=20.302 eV  top50=7  top10%=15
Cycle  54: GP refit  (63 labelled)
  → SM-17810  gap=2.749 eV  best=20.302 eV  top50=7  top10%=15
Cycle  55: GP refit  (64 labelled)
  → SM-10718  gap=2.313 eV  best=20.302 eV  top50=7  top10%=15
Cycle  56: full DKL retrain  (65 labelled)
GP warmup: 20 epochs on initial embeddings
Joint DKL training: 50 epochs
  Epoch 20/50  loss=0.4814
  Epoch 40/50  loss=0.2916
DKL training done in 0.5s
  → SM-17007  gap=2.052 eV  best=20.302 eV  top50=7  top10%=15
Cycle  57: GP refit  (66 labelled)
  → SM-17008  gap=3.746 eV  best=20.302 eV  top50=7  top10%=15
Cycle  58: GP refit  (67 labelled)
  → SM-10722  gap=2.491 eV  best=20.302 eV  top50=7  top10%=15
Cycle  59: GP refit  (68 labelled)
  → SM-17009  gap=3.754 eV  best=20.302 eV  top50=7  top10%=15
Cycle  60: GP refit  (69 labelled)
  → SM-17010  gap=1.282 eV  best=20.302 eV  top50=7  top10%=15
Cycle  61: full DKL retrain  (70 labelled)
GP warmup: 20 epochs on initial embeddings
Joint DKL training: 50 epochs
  Epoch 20/50  loss=0.3146
  Epoch 40/50  loss=0.1443
DKL training done in 0.6s
  → SM-15823  gap=1.399 eV  best=20.302 eV  top50=7  top10%=15
Cycle  62: GP refit  (71 labelled)
  → SM-10730  gap=2.780 eV  best=20.302 eV  top50=7  top10%=15
Cycle  63: GP refit  (72 labelled)
  → SM-2128  gap=2.811 eV  best=20.302 eV  top50=7  top10%=15
Cycle  64: GP refit  (73 labelled)
  → SM-1771  gap=2.811 eV  best=20.302 eV  top50=7  top10%=15
Cycle  65: GP refit  (74 labelled)
  → SM-10731  gap=2.312 eV  best=20.302 eV  top50=7  top10%=15
Cycle  66: full DKL retrain  (75 labelled)
GP warmup: 20 epochs on initial embeddings
Joint DKL training: 50 epochs
  Epoch 20/50  loss=0.5603
  Epoch 40/50  loss=0.2663
DKL training done in 0.4s
  → SM-476  gap=2.712 eV  best=20.302 eV  top50=7  top10%=15
Cycle  67: GP refit  (76 labelled)
  → SM-13583  gap=2.040 eV  best=20.302 eV  top50=7  top10%=15
Cycle  68: GP refit  (77 labelled)
  → SM-10732  gap=2.138 eV  best=20.302 eV  top50=7  top10%=15
Cycle  69: GP refit  (78 labelled)
  → SM-12950  gap=1.751 eV  best=20.302 eV  top50=7  top10%=15
Cycle  70: GP refit  (79 labelled)
  → SM-2274  gap=3.719 eV  best=20.302 eV  top50=7  top10%=15
Cycle  71: full DKL retrain  (80 labelled)
GP warmup: 20 epochs on initial embeddings
Joint DKL training: 50 epochs
  Epoch 20/50  loss=0.3982
  Epoch 40/50  loss=0.1795
DKL training done in 0.4s
  → SM-2129  gap=2.897 eV  best=20.302 eV  top50=7  top10%=15
Cycle  72: GP refit  (81 labelled)
  → SM-1772  gap=3.338 eV  best=20.302 eV  top50=7  top10%=15
Cycle  73: GP refit  (82 labelled)
  → SM-2130  gap=2.949 eV  best=20.302 eV  top50=7  top10%=15
Cycle  74: GP refit  (83 labelled)
  → SM-4853  gap=2.241 eV  best=20.302 eV  top50=7  top10%=15
Cycle  75: GP refit  (84 labelled)
  → SM-17014  gap=2.256 eV  best=20.302 eV  top50=7  top10%=15
Cycle  76: full DKL retrain  (85 labelled)
GP warmup: 20 epochs on initial embeddings
Joint DKL training: 50 epochs
  Epoch 20/50  loss=0.4550
  Epoch 40/50  loss=0.2332
DKL training done in 0.5s
  → SM-4225  gap=2.074 eV  best=20.302 eV  top50=7  top10%=15
Cycle  77: GP refit  (86 labelled)
  → SM-10733  gap=2.936 eV  best=20.302 eV  top50=7  top10%=15
Cycle  78: GP refit  (87 labelled)
  → SM-15953  gap=0.646 eV  best=20.302 eV  top50=7  top10%=15
Cycle  79: GP refit  (88 labelled)
  → SM-4884  gap=1.653 eV  best=20.302 eV  top50=7  top10%=15
Cycle  80: GP refit  (89 labelled)
  → SM-10735  gap=1.390 eV  best=20.302 eV  top50=7  top10%=15
Cycle  81: full DKL retrain  (90 labelled)
GP warmup: 20 epochs on initial embeddings
Joint DKL training: 50 epochs
  Epoch 20/50  loss=0.2961
  Epoch 40/50  loss=0.0634
DKL training done in 0.6s
  → SM-18959  gap=2.888 eV  best=20.302 eV  top50=7  top10%=15
Cycle  82: GP refit  (91 labelled)
  → SM-20112  gap=2.638 eV  best=20.302 eV  top50=7  top10%=15
Cycle  83: GP refit  (92 labelled)
  → SM-10741  gap=1.844 eV  best=20.302 eV  top50=7  top10%=15
Cycle  84: GP refit  (93 labelled)
  → SM-11095  gap=3.822 eV  best=20.302 eV  top50=7  top10%=15
Cycle  85: GP refit  (94 labelled)
  → SM-10742  gap=2.230 eV  best=20.302 eV  top50=7  top10%=15
Cycle  86: full DKL retrain  (95 labelled)
GP warmup: 20 epochs on initial embeddings
Joint DKL training: 50 epochs
  Epoch 20/50  loss=0.1896
  Epoch 40/50  loss=-0.0110
DKL training done in 0.5s
  → SM-5111  gap=2.510 eV  best=20.302 eV  top50=7  top10%=15
Cycle  87: GP refit  (96 labelled)
  → SM-265  gap=2.525 eV  best=20.302 eV  top50=7  top10%=15
Cycle  88: GP refit  (97 labelled)
  → SM-17022  gap=2.249 eV  best=20.302 eV  top50=7  top10%=15
Cycle  89: GP refit  (98 labelled)
  → SM-17023  gap=3.667 eV  best=20.302 eV  top50=7  top10%=15
Cycle  90: GP refit  (99 labelled)
  → SM-17024  gap=3.666 eV  best=20.302 eV  top50=7  top10%=15
Cycle  91: full DKL retrain  (100 labelled)
GP warmup: 20 epochs on initial embeddings
Joint DKL training: 50 epochs
  Epoch 20/50  loss=0.2778
  Epoch 40/50  loss=0.0911
DKL training done in 0.5s
  → SM-10743  gap=2.089 eV  best=20.302 eV  top50=7  top10%=15
Cycle  92: GP refit  (101 labelled)
  → SM-10744  gap=1.387 eV  best=20.302 eV  top50=7  top10%=15
Cycle  93: GP refit  (102 labelled)
  → SM-17029  gap=1.434 eV  best=20.302 eV  top50=7  top10%=15
Cycle  94: GP refit  (103 labelled)
  → SM-4938  gap=2.474 eV  best=20.302 eV  top50=7  top10%=15
Cycle  95: GP refit  (104 labelled)
  → SM-10753  gap=3.058 eV  best=20.302 eV  top50=7  top10%=15
Cycle  96: full DKL retrain  (105 labelled)
GP warmup: 20 epochs on initial embeddings
Joint DKL training: 50 epochs
  Epoch 20/50  loss=-0.1261
  Epoch 40/50  loss=-0.4083
DKL training done in 0.5s
  → SM-10754  gap=2.875 eV  best=20.302 eV  top50=7  top10%=15
Cycle  97: GP refit  (106 labelled)
  → SM-10756  gap=2.444 eV  best=20.302 eV  top50=7  top10%=15
Cycle  98: GP refit  (107 labelled)
  → SM-16130  gap=0.871 eV  best=20.302 eV  top50=7  top10%=15
Cycle  99: GP refit  (108 labelled)
  → SM-13591  gap=0.360 eV  best=20.302 eV  top50=7  top10%=15
Cycle 100: GP refit  (109 labelled)
  → SM-17039  gap=3.325 eV  best=20.302 eV  top50=7  top10%=15
  gap_max/seed4 → best=20.302 top50=7 top10%=15
BOLoop: 3131 materials  |  direction=max  |  top-50 internal threshold=7.50  top-10% internal threshold=4.43
Init: 10 random labels  |  best (max) = 3.811
Cycle   1: full DKL retrain  (10 labelled)
GP warmup: 20 epochs on initial embeddings
/home/roy/software/anaconda3/lib/python3.13/site-packages/torch/_compile.py:32: UserWarning: optimizer contains a parameter group with duplicate parameters; in future, this will cause an error; see github.com/pytorch/pytorch/issues/40967 for more information
  return disable_fn(*args, **kwargs)
Joint DKL training: 50 epochs
  Epoch 20/50  loss=1.6021
  Epoch 40/50  loss=1.3165
DKL training done in 0.3s
  → SM-10320  gap=3.961 eV  best=3.961 eV  top50=0  top10%=0
Cycle   2: GP refit  (11 labelled)
  → SM-5744  gap=3.533 eV  best=3.961 eV  top50=0  top10%=0
Cycle   3: GP refit  (12 labelled)
  → SM-12206  gap=2.335 eV  best=3.961 eV  top50=0  top10%=0
Cycle   4: GP refit  (13 labelled)
  → SM-9080  gap=3.247 eV  best=3.961 eV  top50=0  top10%=0
Cycle   5: GP refit  (14 labelled)
  → SM-13728  gap=6.061 eV  best=6.061 eV  top50=0  top10%=1
Cycle   6: full DKL retrain  (15 labelled)
GP warmup: 20 epochs on initial embeddings
Joint DKL training: 50 epochs
  Epoch 20/50  loss=1.2989
  Epoch 40/50  loss=0.9218
DKL training done in 0.4s
  → SM-15566  gap=0.103 eV  best=6.061 eV  top50=0  top10%=1
Cycle   7: GP refit  (16 labelled)
  → SM-20226  gap=0.057 eV  best=6.061 eV  top50=0  top10%=1
Cycle   8: GP refit  (17 labelled)
  → SM-19109  gap=2.690 eV  best=6.061 eV  top50=0  top10%=1
Cycle   9: GP refit  (18 labelled)
  → SM-18308  gap=6.295 eV  best=6.295 eV  top50=0  top10%=2
Cycle  10: GP refit  (19 labelled)
  → SM-19517  gap=1.192 eV  best=6.295 eV  top50=0  top10%=2
Cycle  11: full DKL retrain  (20 labelled)
GP warmup: 20 epochs on initial embeddings
Joint DKL training: 50 epochs
  Epoch 20/50  loss=0.6317
  Epoch 40/50  loss=0.5282
DKL training done in 0.5s
  → SM-799  gap=1.440 eV  best=6.295 eV  top50=0  top10%=2
Cycle  12: GP refit  (21 labelled)
  → SM-6713  gap=0.192 eV  best=6.295 eV  top50=0  top10%=2
Cycle  13: GP refit  (22 labelled)
  → SM-19332  gap=6.548 eV  best=6.548 eV  top50=0  top10%=3
Cycle  14: GP refit  (23 labelled)
  → SM-19228  gap=9.023 eV  best=9.023 eV  top50=1  top10%=4
Cycle  15: GP refit  (24 labelled)
  → SM-3970  gap=2.362 eV  best=9.023 eV  top50=1  top10%=4
Cycle  16: full DKL retrain  (25 labelled)
GP warmup: 20 epochs on initial embeddings
Joint DKL training: 50 epochs
  Epoch 20/50  loss=1.8506
  Epoch 40/50  loss=0.8006
DKL training done in 0.6s
  → SM-19225  gap=8.129 eV  best=9.023 eV  top50=2  top10%=5
Cycle  17: GP refit  (26 labelled)
  → SM-11686  gap=3.701 eV  best=9.023 eV  top50=2  top10%=5
Cycle  18: GP refit  (27 labelled)
  → SM-19352  gap=2.490 eV  best=9.023 eV  top50=2  top10%=5
Cycle  19: GP refit  (28 labelled)
  → SM-5003  gap=19.720 eV  best=19.720 eV  top50=3  top10%=6
Cycle  20: GP refit  (29 labelled)
  → SM-20232  gap=4.135 eV  best=19.720 eV  top50=3  top10%=6
Cycle  21: full DKL retrain  (30 labelled)
GP warmup: 20 epochs on initial embeddings
Joint DKL training: 50 epochs
  Epoch 20/50  loss=3.7194
  Epoch 40/50  loss=2.4145
DKL training done in 0.6s
  → SM-3955  gap=6.861 eV  best=19.720 eV  top50=3  top10%=7
Cycle  22: GP refit  (31 labelled)
  → SM-19344  gap=4.048 eV  best=19.720 eV  top50=3  top10%=7
Cycle  23: GP refit  (32 labelled)
  → SM-14945  gap=5.606 eV  best=19.720 eV  top50=3  top10%=8
Cycle  24: GP refit  (33 labelled)
  → SM-1276  gap=4.556 eV  best=19.720 eV  top50=3  top10%=9
Cycle  25: GP refit  (34 labelled)
  → SM-6442  gap=8.542 eV  best=19.720 eV  top50=4  top10%=10
Cycle  26: full DKL retrain  (35 labelled)
GP warmup: 20 epochs on initial embeddings
Joint DKL training: 50 epochs
  Epoch 20/50  loss=2.7999
  Epoch 40/50  loss=1.4470
DKL training done in 0.5s
  → SM-996  gap=4.549 eV  best=19.720 eV  top50=4  top10%=11
Cycle  27: GP refit  (36 labelled)
  → SM-3507  gap=2.390 eV  best=19.720 eV  top50=4  top10%=11
Cycle  28: GP refit  (37 labelled)
  → SM-10681  gap=2.588 eV  best=19.720 eV  top50=4  top10%=11
Cycle  29: GP refit  (38 labelled)
  → SM-20105  gap=1.692 eV  best=19.720 eV  top50=4  top10%=11
Cycle  30: GP refit  (39 labelled)
  → SM-10685  gap=1.935 eV  best=19.720 eV  top50=4  top10%=11
Cycle  31: full DKL retrain  (40 labelled)
GP warmup: 20 epochs on initial embeddings
Joint DKL training: 50 epochs
  Epoch 20/50  loss=2.7053
  Epoch 40/50  loss=1.5501
DKL training done in 0.4s
  → SM-19481  gap=3.185 eV  best=19.720 eV  top50=4  top10%=11
Cycle  32: GP refit  (41 labelled)
  → SM-10686  gap=2.250 eV  best=19.720 eV  top50=4  top10%=11
Cycle  33: GP refit  (42 labelled)
  → SM-19148  gap=3.846 eV  best=19.720 eV  top50=4  top10%=11
Cycle  34: GP refit  (43 labelled)
  → SM-10689  gap=1.508 eV  best=19.720 eV  top50=4  top10%=11
Cycle  35: GP refit  (44 labelled)
  → SM-2125  gap=2.520 eV  best=19.720 eV  top50=4  top10%=11
Cycle  36: full DKL retrain  (45 labelled)
GP warmup: 20 epochs on initial embeddings
Joint DKL training: 50 epochs
  Epoch 20/50  loss=1.3072
  Epoch 40/50  loss=0.6845
DKL training done in 0.3s
  → SM-5002  gap=20.302 eV  best=20.302 eV  top50=5  top10%=12
Cycle  37: GP refit  (46 labelled)
  → SM-7136  gap=9.597 eV  best=20.302 eV  top50=6  top10%=13
Cycle  38: GP refit  (47 labelled)
  → SM-4883  gap=3.945 eV  best=20.302 eV  top50=6  top10%=13
Cycle  39: GP refit  (48 labelled)
  → SM-10691  gap=2.235 eV  best=20.302 eV  top50=6  top10%=13
Cycle  40: GP refit  (49 labelled)
  → SM-256  gap=2.577 eV  best=20.302 eV  top50=6  top10%=13
Cycle  41: full DKL retrain  (50 labelled)
GP warmup: 20 epochs on initial embeddings
Joint DKL training: 50 epochs
  Epoch 20/50  loss=1.0064
  Epoch 40/50  loss=0.5384
DKL training done in 0.5s
  → SM-10692  gap=2.348 eV  best=20.302 eV  top50=6  top10%=13
Cycle  42: GP refit  (51 labelled)
  → SM-10693  gap=2.327 eV  best=20.302 eV  top50=6  top10%=13
Cycle  43: GP refit  (52 labelled)
  → SM-10694  gap=2.065 eV  best=20.302 eV  top50=6  top10%=13
Cycle  44: GP refit  (53 labelled)
  → SM-10695  gap=2.136 eV  best=20.302 eV  top50=6  top10%=13
Cycle  45: GP refit  (54 labelled)
  → SM-10696  gap=1.430 eV  best=20.302 eV  top50=6  top10%=13
Cycle  46: full DKL retrain  (55 labelled)
GP warmup: 20 epochs on initial embeddings
Joint DKL training: 50 epochs
  Epoch 20/50  loss=0.9529
  Epoch 40/50  loss=0.3368
DKL training done in 0.5s
  → SM-16985  gap=0.237 eV  best=20.302 eV  top50=6  top10%=13
Cycle  47: GP refit  (56 labelled)
  → SM-20107  gap=3.013 eV  best=20.302 eV  top50=6  top10%=13
Cycle  48: GP refit  (57 labelled)
  → SM-2127  gap=2.450 eV  best=20.302 eV  top50=6  top10%=13
Cycle  49: GP refit  (58 labelled)
  → SM-13579  gap=1.013 eV  best=20.302 eV  top50=6  top10%=13
Cycle  50: GP refit  (59 labelled)
  → SM-10706  gap=1.068 eV  best=20.302 eV  top50=6  top10%=13
Cycle  51: full DKL retrain  (60 labelled)
GP warmup: 20 epochs on initial embeddings
Joint DKL training: 50 epochs
  Epoch 20/50  loss=0.8590
  Epoch 40/50  loss=0.6083
DKL training done in 0.6s
  → SM-16994  gap=4.042 eV  best=20.302 eV  top50=6  top10%=13
Cycle  52: GP refit  (61 labelled)
  → SM-16995  gap=3.951 eV  best=20.302 eV  top50=6  top10%=13
Cycle  53: GP refit  (62 labelled)
  → SM-16996  gap=3.050 eV  best=20.302 eV  top50=6  top10%=13
Cycle  54: GP refit  (63 labelled)
  → SM-4895  gap=2.544 eV  best=20.302 eV  top50=6  top10%=13
Cycle  55: GP refit  (64 labelled)
  → SM-10709  gap=3.827 eV  best=20.302 eV  top50=6  top10%=13
Cycle  56: full DKL retrain  (65 labelled)
GP warmup: 20 epochs on initial embeddings
Joint DKL training: 50 epochs
  Epoch 20/50  loss=1.1496
  Epoch 40/50  loss=0.7606
DKL training done in 0.6s
  → SM-19222  gap=8.028 eV  best=20.302 eV  top50=7  top10%=14
Cycle  57: GP refit  (66 labelled)
  → SM-3942  gap=4.286 eV  best=20.302 eV  top50=7  top10%=14
Cycle  58: GP refit  (67 labelled)
  → SM-17806  gap=3.372 eV  best=20.302 eV  top50=7  top10%=14
Cycle  59: GP refit  (68 labelled)
  → SM-18465  gap=4.334 eV  best=20.302 eV  top50=7  top10%=14
Cycle  60: GP refit  (69 labelled)
  → SM-6239  gap=0.740 eV  best=20.302 eV  top50=7  top10%=14
Cycle  61: full DKL retrain  (70 labelled)
GP warmup: 20 epochs on initial embeddings
Joint DKL training: 50 epochs
  Epoch 20/50  loss=1.0237
  Epoch 40/50  loss=0.7099
DKL training done in 0.5s
  → SM-19151  gap=3.267 eV  best=20.302 eV  top50=7  top10%=14
Cycle  62: GP refit  (71 labelled)
  → SM-3771  gap=2.183 eV  best=20.302 eV  top50=7  top10%=14
Cycle  63: GP refit  (72 labelled)
  → SM-2411  gap=4.924 eV  best=20.302 eV  top50=7  top10%=15
Cycle  64: GP refit  (73 labelled)
  → SM-588  gap=1.824 eV  best=20.302 eV  top50=7  top10%=15
Cycle  65: GP refit  (74 labelled)
  → SM-17809  gap=0.021 eV  best=20.302 eV  top50=7  top10%=15
Cycle  66: full DKL retrain  (75 labelled)
GP warmup: 20 epochs on initial embeddings
Joint DKL training: 50 epochs
  Epoch 20/50  loss=0.8886
  Epoch 40/50  loss=0.6765
DKL training done in 0.4s
  → SM-506  gap=4.826 eV  best=20.302 eV  top50=7  top10%=16
Cycle  67: GP refit  (76 labelled)
  → SM-17004  gap=4.404 eV  best=20.302 eV  top50=7  top10%=16
Cycle  68: GP refit  (77 labelled)
  → SM-10717  gap=4.439 eV  best=20.302 eV  top50=7  top10%=17
Cycle  69: GP refit  (78 labelled)
  → SM-4992  gap=10.281 eV  best=20.302 eV  top50=8  top10%=18
Cycle  70: GP refit  (79 labelled)
  → SM-17810  gap=2.749 eV  best=20.302 eV  top50=8  top10%=18
Cycle  71: full DKL retrain  (80 labelled)
GP warmup: 20 epochs on initial embeddings
Joint DKL training: 50 epochs
  Epoch 20/50  loss=0.7532
  Epoch 40/50  loss=0.3181
DKL training done in 0.4s
  → SM-10718  gap=2.313 eV  best=20.302 eV  top50=8  top10%=18
Cycle  72: GP refit  (81 labelled)
  → SM-17007  gap=2.052 eV  best=20.302 eV  top50=8  top10%=18
Cycle  73: GP refit  (82 labelled)
  → SM-17008  gap=3.746 eV  best=20.302 eV  top50=8  top10%=18
Cycle  74: GP refit  (83 labelled)
  → SM-10722  gap=2.491 eV  best=20.302 eV  top50=8  top10%=18
Cycle  75: GP refit  (84 labelled)
  → SM-17009  gap=3.754 eV  best=20.302 eV  top50=8  top10%=18
Cycle  76: full DKL retrain  (85 labelled)
GP warmup: 20 epochs on initial embeddings
Joint DKL training: 50 epochs
  Epoch 20/50  loss=1.4942
  Epoch 40/50  loss=1.1631
DKL training done in 0.5s
  → SM-19488  gap=0.061 eV  best=20.302 eV  top50=8  top10%=18
Cycle  77: GP refit  (86 labelled)
  → SM-18713  gap=1.012 eV  best=20.302 eV  top50=8  top10%=18
Cycle  78: GP refit  (87 labelled)
  → SM-20460  gap=4.929 eV  best=20.302 eV  top50=8  top10%=19
Cycle  79: GP refit  (88 labelled)
  → SM-8745  gap=1.419 eV  best=20.302 eV  top50=8  top10%=19
Cycle  80: GP refit  (89 labelled)
  → SM-17010  gap=1.282 eV  best=20.302 eV  top50=8  top10%=19
Cycle  81: full DKL retrain  (90 labelled)
GP warmup: 20 epochs on initial embeddings
Joint DKL training: 50 epochs
  Epoch 20/50  loss=1.0076
  Epoch 40/50  loss=0.6381
DKL training done in 0.5s
  → SM-16652  gap=3.633 eV  best=20.302 eV  top50=8  top10%=19
Cycle  82: GP refit  (91 labelled)
  → SM-15823  gap=1.399 eV  best=20.302 eV  top50=8  top10%=19
Cycle  83: GP refit  (92 labelled)
  → SM-10730  gap=2.780 eV  best=20.302 eV  top50=8  top10%=19
Cycle  84: GP refit  (93 labelled)
  → SM-2128  gap=2.811 eV  best=20.302 eV  top50=8  top10%=19
Cycle  85: GP refit  (94 labelled)
  → SM-1771  gap=2.811 eV  best=20.302 eV  top50=8  top10%=19
Cycle  86: full DKL retrain  (95 labelled)
GP warmup: 20 epochs on initial embeddings
Joint DKL training: 50 epochs
  Epoch 20/50  loss=0.5722
  Epoch 40/50  loss=0.2414
DKL training done in 0.5s
  → SM-18683  gap=0.556 eV  best=20.302 eV  top50=8  top10%=19
Cycle  87: GP refit  (96 labelled)
  → SM-10731  gap=2.312 eV  best=20.302 eV  top50=8  top10%=19
Cycle  88: GP refit  (97 labelled)
  → SM-13583  gap=2.040 eV  best=20.302 eV  top50=8  top10%=19
Cycle  89: GP refit  (98 labelled)
  → SM-10732  gap=2.138 eV  best=20.302 eV  top50=8  top10%=19
Cycle  90: GP refit  (99 labelled)
  → SM-15062  gap=1.575 eV  best=20.302 eV  top50=8  top10%=19
Cycle  91: full DKL retrain  (100 labelled)
GP warmup: 20 epochs on initial embeddings
Joint DKL training: 50 epochs
  Epoch 20/50  loss=0.2910
  Epoch 40/50  loss=-0.0936
DKL training done in 0.4s
  → SM-12950  gap=1.751 eV  best=20.302 eV  top50=8  top10%=19
Cycle  92: GP refit  (101 labelled)
  → SM-2274  gap=3.719 eV  best=20.302 eV  top50=8  top10%=19
Cycle  93: GP refit  (102 labelled)
  → SM-20253  gap=5.285 eV  best=20.302 eV  top50=8  top10%=20
Cycle  94: GP refit  (103 labelled)
  → SM-2129  gap=2.897 eV  best=20.302 eV  top50=8  top10%=20
Cycle  95: GP refit  (104 labelled)
  → SM-492  gap=3.040 eV  best=20.302 eV  top50=8  top10%=20
Cycle  96: full DKL retrain  (105 labelled)
GP warmup: 20 epochs on initial embeddings
Joint DKL training: 50 epochs
  Epoch 20/50  loss=0.8745
  Epoch 40/50  loss=0.4652
DKL training done in 0.4s
  → SM-3235  gap=0.101 eV  best=20.302 eV  top50=8  top10%=20
Cycle  97: GP refit  (106 labelled)
  → SM-1772  gap=3.338 eV  best=20.302 eV  top50=8  top10%=20
Cycle  98: GP refit  (107 labelled)
  → SM-2130  gap=2.949 eV  best=20.302 eV  top50=8  top10%=20
Cycle  99: GP refit  (108 labelled)
  → SM-19408  gap=1.627 eV  best=20.302 eV  top50=8  top10%=20
Cycle 100: GP refit  (109 labelled)
  → SM-2266  gap=2.346 eV  best=20.302 eV  top50=8  top10%=20
  gap_max/seed5 → best=20.302 top50=8 top10%=20
BOLoop: 3131 materials  |  direction=max  |  top-50 internal threshold=7.50  top-10% internal threshold=4.43
Init: 10 random labels  |  best (max) = 5.106
Cycle   1: full DKL retrain  (10 labelled)
GP warmup: 20 epochs on initial embeddings
/home/roy/software/anaconda3/lib/python3.13/site-packages/torch/_compile.py:32: UserWarning: optimizer contains a parameter group with duplicate parameters; in future, this will cause an error; see github.com/pytorch/pytorch/issues/40967 for more information
  return disable_fn(*args, **kwargs)
Joint DKL training: 50 epochs
  Epoch 20/50  loss=1.8200
  Epoch 40/50  loss=1.7214
DKL training done in 0.4s
  → SM-12161  gap=3.639 eV  best=5.106 eV  top50=0  top10%=0
Cycle   2: GP refit  (11 labelled)
  → SM-14732  gap=3.934 eV  best=5.106 eV  top50=0  top10%=0
Cycle   3: GP refit  (12 labelled)
  → SM-13036  gap=3.043 eV  best=5.106 eV  top50=0  top10%=0
Cycle   4: GP refit  (13 labelled)
  → SM-19988  gap=4.139 eV  best=5.106 eV  top50=0  top10%=0
Cycle   5: GP refit  (14 labelled)
  → SM-12931  gap=3.769 eV  best=5.106 eV  top50=0  top10%=0
Cycle   6: full DKL retrain  (15 labelled)
GP warmup: 20 epochs on initial embeddings
Joint DKL training: 50 epochs
  Epoch 20/50  loss=1.1448
  Epoch 40/50  loss=1.0532
DKL training done in 0.5s
  → SM-18574  gap=1.621 eV  best=5.106 eV  top50=0  top10%=0
Cycle   7: GP refit  (16 labelled)
  → SM-3440  gap=3.675 eV  best=5.106 eV  top50=0  top10%=0
Cycle   8: GP refit  (17 labelled)
  → SM-16214  gap=0.891 eV  best=5.106 eV  top50=0  top10%=0
Cycle   9: GP refit  (18 labelled)
  → SM-19424  gap=4.172 eV  best=5.106 eV  top50=0  top10%=0
Cycle  10: GP refit  (19 labelled)
  → SM-10247  gap=3.159 eV  best=5.106 eV  top50=0  top10%=0
Cycle  11: full DKL retrain  (20 labelled)
GP warmup: 20 epochs on initial embeddings
Joint DKL training: 50 epochs
  Epoch 20/50  loss=1.0530
  Epoch 40/50  loss=0.9540
DKL training done in 0.6s
  → SM-647  gap=1.469 eV  best=5.106 eV  top50=0  top10%=0
Cycle  12: GP refit  (21 labelled)
  → SM-12878  gap=2.199 eV  best=5.106 eV  top50=0  top10%=0
Cycle  13: GP refit  (22 labelled)
  → SM-13571  gap=2.741 eV  best=5.106 eV  top50=0  top10%=0
Cycle  14: GP refit  (23 labelled)
  → SM-19518  gap=2.260 eV  best=5.106 eV  top50=0  top10%=0
Cycle  15: GP refit  (24 labelled)
  → SM-4679  gap=3.733 eV  best=5.106 eV  top50=0  top10%=0
Cycle  16: full DKL retrain  (25 labelled)
GP warmup: 20 epochs on initial embeddings
Joint DKL training: 50 epochs
  Epoch 20/50  loss=0.9981
  Epoch 40/50  loss=0.8809
DKL training done in 0.5s
  → SM-13802  gap=6.641 eV  best=6.641 eV  top50=0  top10%=1
Cycle  17: GP refit  (26 labelled)
  → SM-13718  gap=6.302 eV  best=6.641 eV  top50=0  top10%=2
Cycle  18: GP refit  (27 labelled)
  → SM-15718  gap=3.381 eV  best=6.641 eV  top50=0  top10%=2
Cycle  19: GP refit  (28 labelled)
  → SM-16067  gap=7.224 eV  best=7.224 eV  top50=0  top10%=3
Cycle  20: GP refit  (29 labelled)
  → SM-17246  gap=3.396 eV  best=7.224 eV  top50=0  top10%=3
Cycle  21: full DKL retrain  (30 labelled)
GP warmup: 20 epochs on initial embeddings
Joint DKL training: 50 epochs
  Epoch 20/50  loss=0.9475
  Epoch 40/50  loss=0.5546
DKL training done in 0.5s
  → SM-11526  gap=3.534 eV  best=7.224 eV  top50=0  top10%=3
Cycle  22: GP refit  (31 labelled)
  → SM-6115  gap=3.579 eV  best=7.224 eV  top50=0  top10%=3
Cycle  23: GP refit  (32 labelled)
  → SM-256  gap=2.577 eV  best=7.224 eV  top50=0  top10%=3
Cycle  24: GP refit  (33 labelled)
  → SM-11620  gap=3.041 eV  best=7.224 eV  top50=0  top10%=3
Cycle  25: GP refit  (34 labelled)
  → SM-13714  gap=5.929 eV  best=7.224 eV  top50=0  top10%=4
Cycle  26: full DKL retrain  (35 labelled)
GP warmup: 20 epochs on initial embeddings
Joint DKL training: 50 epochs
  Epoch 20/50  loss=0.7116
  Epoch 40/50  loss=0.3690
DKL training done in 0.4s
  → SM-16487  gap=2.948 eV  best=7.224 eV  top50=0  top10%=4
Cycle  27: GP refit  (36 labelled)
  → SM-12527  gap=4.539 eV  best=7.224 eV  top50=0  top10%=5
Cycle  28: GP refit  (37 labelled)
  → SM-19816  gap=4.433 eV  best=7.224 eV  top50=0  top10%=6
Cycle  29: GP refit  (38 labelled)
  → SM-5003  gap=19.720 eV  best=19.720 eV  top50=1  top10%=7
Cycle  30: GP refit  (39 labelled)
  → SM-5038  gap=9.232 eV  best=19.720 eV  top50=2  top10%=8
Cycle  31: full DKL retrain  (40 labelled)
GP warmup: 20 epochs on initial embeddings
Joint DKL training: 50 epochs
  Epoch 20/50  loss=1.9946
  Epoch 40/50  loss=1.6970
DKL training done in 0.5s
  → SM-5606  gap=2.807 eV  best=19.720 eV  top50=2  top10%=8
Cycle  32: GP refit  (41 labelled)
  → SM-4665  gap=4.164 eV  best=19.720 eV  top50=2  top10%=8
Cycle  33: GP refit  (42 labelled)
  → SM-3951  gap=6.774 eV  best=19.720 eV  top50=2  top10%=9
Cycle  34: GP refit  (43 labelled)
  → SM-6542  gap=6.834 eV  best=19.720 eV  top50=2  top10%=10
Cycle  35: GP refit  (44 labelled)
  → SM-14179  gap=5.683 eV  best=19.720 eV  top50=2  top10%=11
Cycle  36: full DKL retrain  (45 labelled)
GP warmup: 20 epochs on initial embeddings
Joint DKL training: 50 epochs
  Epoch 20/50  loss=4.2122
  Epoch 40/50  loss=1.7074
DKL training done in 0.5s
  → SM-3842  gap=1.019 eV  best=19.720 eV  top50=2  top10%=11
Cycle  37: GP refit  (46 labelled)
  → SM-19557  gap=2.570 eV  best=19.720 eV  top50=2  top10%=11
Cycle  38: GP refit  (47 labelled)
  → SM-5314  gap=3.773 eV  best=19.720 eV  top50=2  top10%=11
Cycle  39: GP refit  (48 labelled)
  → SM-1563  gap=0.181 eV  best=19.720 eV  top50=2  top10%=11
Cycle  40: GP refit  (49 labelled)
  → SM-159  gap=5.294 eV  best=19.720 eV  top50=2  top10%=12
Cycle  41: full DKL retrain  (50 labelled)
GP warmup: 20 epochs on initial embeddings
Joint DKL training: 50 epochs
  Epoch 20/50  loss=6.9153
  Epoch 40/50  loss=1.5978
DKL training done in 0.5s
  → SM-5002  gap=20.302 eV  best=20.302 eV  top50=3  top10%=13
Cycle  42: GP refit  (51 labelled)
  → SM-960  gap=5.651 eV  best=20.302 eV  top50=3  top10%=14
Cycle  43: GP refit  (52 labelled)
  → SM-886  gap=3.469 eV  best=20.302 eV  top50=3  top10%=14
Cycle  44: GP refit  (53 labelled)
  → SM-5126  gap=0.516 eV  best=20.302 eV  top50=3  top10%=14
Cycle  45: GP refit  (54 labelled)
  → SM-11540  gap=1.014 eV  best=20.302 eV  top50=3  top10%=14
Cycle  46: full DKL retrain  (55 labelled)
GP warmup: 20 epochs on initial embeddings
Joint DKL training: 50 epochs
  Epoch 20/50  loss=2.1296
  Epoch 40/50  loss=1.6137
DKL training done in 0.4s
  → SM-20347  gap=7.697 eV  best=20.302 eV  top50=4  top10%=15
Cycle  47: GP refit  (56 labelled)
  → SM-2277  gap=4.837 eV  best=20.302 eV  top50=4  top10%=16
Cycle  48: GP refit  (57 labelled)
  → SM-894  gap=2.978 eV  best=20.302 eV  top50=4  top10%=16
Cycle  49: GP refit  (58 labelled)
  → SM-8486  gap=0.370 eV  best=20.302 eV  top50=4  top10%=16
Cycle  50: GP refit  (59 labelled)
  → SM-19496  gap=5.760 eV  best=20.302 eV  top50=4  top10%=17
Cycle  51: full DKL retrain  (60 labelled)
GP warmup: 20 epochs on initial embeddings
Joint DKL training: 50 epochs
  Epoch 20/50  loss=2.0841
  Epoch 40/50  loss=1.6104
DKL training done in 0.4s
  → SM-14200  gap=4.027 eV  best=20.302 eV  top50=4  top10%=17
Cycle  52: GP refit  (61 labelled)
  → SM-3507  gap=2.390 eV  best=20.302 eV  top50=4  top10%=17
Cycle  53: GP refit  (62 labelled)
  → SM-8747  gap=3.356 eV  best=20.302 eV  top50=4  top10%=17
Cycle  54: GP refit  (63 labelled)
  → SM-20226  gap=0.057 eV  best=20.302 eV  top50=4  top10%=17
Cycle  55: GP refit  (64 labelled)
  → SM-940  gap=9.881 eV  best=20.302 eV  top50=5  top10%=18
Cycle  56: full DKL retrain  (65 labelled)
GP warmup: 20 epochs on initial embeddings
Joint DKL training: 50 epochs
  Epoch 20/50  loss=1.4044
  Epoch 40/50  loss=0.9288
DKL training done in 0.6s
  → SM-3955  gap=6.861 eV  best=20.302 eV  top50=5  top10%=19
Cycle  57: GP refit  (66 labelled)
  → SM-20105  gap=1.692 eV  best=20.302 eV  top50=5  top10%=19
Cycle  58: GP refit  (67 labelled)
  → SM-10685  gap=1.935 eV  best=20.302 eV  top50=5  top10%=19
Cycle  59: GP refit  (68 labelled)
  → SM-10686  gap=2.250 eV  best=20.302 eV  top50=5  top10%=19
Cycle  60: GP refit  (69 labelled)
  → SM-10689  gap=1.508 eV  best=20.302 eV  top50=5  top10%=19
Cycle  61: full DKL retrain  (70 labelled)
GP warmup: 20 epochs on initial embeddings
Joint DKL training: 50 epochs
  Epoch 20/50  loss=1.2619
  Epoch 40/50  loss=0.9640
DKL training done in 0.5s
  → SM-2125  gap=2.520 eV  best=20.302 eV  top50=5  top10%=19
Cycle  62: GP refit  (71 labelled)
  → SM-943  gap=8.707 eV  best=20.302 eV  top50=6  top10%=20
Cycle  63: GP refit  (72 labelled)
  → SM-4883  gap=3.945 eV  best=20.302 eV  top50=6  top10%=20
Cycle  64: GP refit  (73 labelled)
  → SM-19446  gap=9.069 eV  best=20.302 eV  top50=7  top10%=21
Cycle  65: GP refit  (74 labelled)
  → SM-6551  gap=4.554 eV  best=20.302 eV  top50=7  top10%=22
Cycle  66: full DKL retrain  (75 labelled)
GP warmup: 20 epochs on initial embeddings
Joint DKL training: 50 epochs
  Epoch 20/50  loss=0.8419
  Epoch 40/50  loss=0.6211
DKL training done in 0.6s
  → SM-19498  gap=4.814 eV  best=20.302 eV  top50=7  top10%=23
Cycle  67: GP refit  (76 labelled)
  → SM-10691  gap=2.235 eV  best=20.302 eV  top50=7  top10%=23
Cycle  68: GP refit  (77 labelled)
  → SM-10692  gap=2.348 eV  best=20.302 eV  top50=7  top10%=23
Cycle  69: GP refit  (78 labelled)
  → SM-10693  gap=2.327 eV  best=20.302 eV  top50=7  top10%=23
Cycle  70: GP refit  (79 labelled)
  → SM-4030  gap=3.821 eV  best=20.302 eV  top50=7  top10%=23
Cycle  71: full DKL retrain  (80 labelled)
GP warmup: 20 epochs on initial embeddings
Joint DKL training: 50 epochs
  Epoch 20/50  loss=1.0986
  Epoch 40/50  loss=0.8023
DKL training done in 0.5s
  → SM-10694  gap=2.065 eV  best=20.302 eV  top50=7  top10%=23
Cycle  72: GP refit  (81 labelled)
  → SM-10695  gap=2.136 eV  best=20.302 eV  top50=7  top10%=23
Cycle  73: GP refit  (82 labelled)
  → SM-5031  gap=0.694 eV  best=20.302 eV  top50=7  top10%=23
Cycle  74: GP refit  (83 labelled)
  → SM-17726  gap=2.694 eV  best=20.302 eV  top50=7  top10%=23
Cycle  75: GP refit  (84 labelled)
  → SM-6237  gap=0.454 eV  best=20.302 eV  top50=7  top10%=23
Cycle  76: full DKL retrain  (85 labelled)
GP warmup: 20 epochs on initial embeddings
Joint DKL training: 50 epochs
  Epoch 20/50  loss=0.5499
  Epoch 40/50  loss=0.2660
DKL training done in 0.5s
  → SM-10696  gap=1.430 eV  best=20.302 eV  top50=7  top10%=23
Cycle  77: GP refit  (86 labelled)
  → SM-16985  gap=0.237 eV  best=20.302 eV  top50=7  top10%=23
Cycle  78: GP refit  (87 labelled)
  → SM-20107  gap=3.013 eV  best=20.302 eV  top50=7  top10%=23
Cycle  79: GP refit  (88 labelled)
  → SM-2127  gap=2.450 eV  best=20.302 eV  top50=7  top10%=23
Cycle  80: GP refit  (89 labelled)
  → SM-13579  gap=1.013 eV  best=20.302 eV  top50=7  top10%=23
Cycle  81: full DKL retrain  (90 labelled)
GP warmup: 20 epochs on initial embeddings
Joint DKL training: 50 epochs
  Epoch 20/50  loss=1.2046
  Epoch 40/50  loss=0.9557
DKL training done in 0.5s
  → SM-7041  gap=2.363 eV  best=20.302 eV  top50=7  top10%=23
Cycle  82: GP refit  (91 labelled)
  → SM-5276  gap=3.553 eV  best=20.302 eV  top50=7  top10%=23
Cycle  83: GP refit  (92 labelled)
  → SM-10706  gap=1.068 eV  best=20.302 eV  top50=7  top10%=23
Cycle  84: GP refit  (93 labelled)
  → SM-16994  gap=4.042 eV  best=20.302 eV  top50=7  top10%=23
Cycle  85: GP refit  (94 labelled)
  → SM-3068  gap=0.818 eV  best=20.302 eV  top50=7  top10%=23
Cycle  86: full DKL retrain  (95 labelled)
GP warmup: 20 epochs on initial embeddings
Joint DKL training: 50 epochs
  Epoch 20/50  loss=0.5053
  Epoch 40/50  loss=0.1262
DKL training done in 0.4s
  → SM-16995  gap=3.951 eV  best=20.302 eV  top50=7  top10%=23
Cycle  87: GP refit  (96 labelled)
  → SM-16996  gap=3.050 eV  best=20.302 eV  top50=7  top10%=23
Cycle  88: GP refit  (97 labelled)
  → SM-4895  gap=2.544 eV  best=20.302 eV  top50=7  top10%=23
Cycle  89: GP refit  (98 labelled)
  → SM-10709  gap=3.827 eV  best=20.302 eV  top50=7  top10%=23
Cycle  90: GP refit  (99 labelled)
  → SM-2838  gap=3.952 eV  best=20.302 eV  top50=7  top10%=23
Cycle  91: full DKL retrain  (100 labelled)
GP warmup: 20 epochs on initial embeddings
Joint DKL training: 50 epochs
  Epoch 20/50  loss=1.2738
  Epoch 40/50  loss=0.8397
DKL training done in 0.5s
  → SM-5249  gap=0.118 eV  best=20.302 eV  top50=7  top10%=23
Cycle  92: GP refit  (101 labelled)
  → SM-4027  gap=3.387 eV  best=20.302 eV  top50=7  top10%=23
Cycle  93: GP refit  (102 labelled)
  → SM-3942  gap=4.286 eV  best=20.302 eV  top50=7  top10%=23
Cycle  94: GP refit  (103 labelled)
  → SM-17806  gap=3.372 eV  best=20.302 eV  top50=7  top10%=23
Cycle  95: GP refit  (104 labelled)
  → SM-105  gap=0.138 eV  best=20.302 eV  top50=7  top10%=23
Cycle  96: full DKL retrain  (105 labelled)
GP warmup: 20 epochs on initial embeddings
Joint DKL training: 50 epochs
  Epoch 20/50  loss=0.4479
  Epoch 40/50  loss=0.1331
DKL training done in 0.6s
  → SM-18465  gap=4.334 eV  best=20.302 eV  top50=7  top10%=23
Cycle  97: GP refit  (106 labelled)
  → SM-3771  gap=2.183 eV  best=20.302 eV  top50=7  top10%=23
Cycle  98: GP refit  (107 labelled)
  → SM-2411  gap=4.924 eV  best=20.302 eV  top50=7  top10%=24
Cycle  99: GP refit  (108 labelled)
  → SM-4019  gap=3.311 eV  best=20.302 eV  top50=7  top10%=24
Cycle 100: GP refit  (109 labelled)
  → SM-17549  gap=2.455 eV  best=20.302 eV  top50=7  top10%=24
  gap_max/seed6 → best=20.302 top50=7 top10%=24
BOLoop: 3131 materials  |  direction=max  |  top-50 internal threshold=7.50  top-10% internal threshold=4.43
Init: 10 random labels  |  best (max) = 6.964
Cycle   1: full DKL retrain  (10 labelled)
GP warmup: 20 epochs on initial embeddings
/home/roy/software/anaconda3/lib/python3.13/site-packages/torch/_compile.py:32: UserWarning: optimizer contains a parameter group with duplicate parameters; in future, this will cause an error; see github.com/pytorch/pytorch/issues/40967 for more information
  return disable_fn(*args, **kwargs)
Joint DKL training: 50 epochs
  Epoch 20/50  loss=2.3768
  Epoch 40/50  loss=2.1513
DKL training done in 0.5s
  → SM-12568  gap=2.998 eV  best=6.964 eV  top50=0  top10%=0
Cycle   2: GP refit  (11 labelled)
  → SM-11620  gap=3.041 eV  best=6.964 eV  top50=0  top10%=0
Cycle   3: GP refit  (12 labelled)
  → SM-14945  gap=5.606 eV  best=6.964 eV  top50=0  top10%=1
Cycle   4: GP refit  (13 labelled)
  → SM-12860  gap=5.040 eV  best=6.964 eV  top50=0  top10%=2
Cycle   5: GP refit  (14 labelled)
  → SM-20460  gap=4.929 eV  best=6.964 eV  top50=0  top10%=3
Cycle   6: full DKL retrain  (15 labelled)
GP warmup: 20 epochs on initial embeddings
Joint DKL training: 50 epochs
  Epoch 20/50  loss=1.6846
  Epoch 40/50  loss=1.5369
DKL training done in 0.5s
  → SM-19340  gap=2.652 eV  best=6.964 eV  top50=0  top10%=3
Cycle   7: GP refit  (16 labelled)
  → SM-19408  gap=1.627 eV  best=6.964 eV  top50=0  top10%=3
Cycle   8: GP refit  (17 labelled)
  → SM-239  gap=4.687 eV  best=6.964 eV  top50=0  top10%=4
Cycle   9: GP refit  (18 labelled)
  → SM-20226  gap=0.057 eV  best=6.964 eV  top50=0  top10%=4
Cycle  10: GP refit  (19 labelled)
  → SM-1294  gap=2.375 eV  best=6.964 eV  top50=0  top10%=4
Cycle  11: full DKL retrain  (20 labelled)
GP warmup: 20 epochs on initial embeddings
Joint DKL training: 50 epochs
  Epoch 20/50  loss=1.4912
  Epoch 40/50  loss=1.3263
DKL training done in 0.5s
  → SM-20231  gap=0.113 eV  best=6.964 eV  top50=0  top10%=4
Cycle  12: GP refit  (21 labelled)
  → SM-1531  gap=2.707 eV  best=6.964 eV  top50=0  top10%=4
Cycle  13: GP refit  (22 labelled)
  → SM-17334  gap=1.905 eV  best=6.964 eV  top50=0  top10%=4
Cycle  14: GP refit  (23 labelled)
  → SM-1351  gap=5.045 eV  best=6.964 eV  top50=0  top10%=5
Cycle  15: GP refit  (24 labelled)
  → SM-19683  gap=3.097 eV  best=6.964 eV  top50=0  top10%=5
Cycle  16: full DKL retrain  (25 labelled)
GP warmup: 20 epochs on initial embeddings
Joint DKL training: 50 epochs
  Epoch 20/50  loss=1.4727
  Epoch 40/50  loss=1.2834
DKL training done in 0.4s
  → SM-13451  gap=4.836 eV  best=6.964 eV  top50=0  top10%=6
Cycle  17: GP refit  (26 labelled)
  → SM-3955  gap=6.861 eV  best=6.964 eV  top50=0  top10%=7
Cycle  18: GP refit  (27 labelled)
  → SM-13198  gap=3.926 eV  best=6.964 eV  top50=0  top10%=7
Cycle  19: GP refit  (28 labelled)
  → SM-969  gap=5.519 eV  best=6.964 eV  top50=0  top10%=8
Cycle  20: GP refit  (29 labelled)
  → SM-19188  gap=3.856 eV  best=6.964 eV  top50=0  top10%=8
Cycle  21: full DKL retrain  (30 labelled)
GP warmup: 20 epochs on initial embeddings
Joint DKL training: 50 epochs
  Epoch 20/50  loss=1.3279
  Epoch 40/50  loss=1.0003
DKL training done in 0.5s
  → SM-16389  gap=1.611 eV  best=6.964 eV  top50=0  top10%=8
Cycle  22: GP refit  (31 labelled)
  → SM-19966  gap=1.530 eV  best=6.964 eV  top50=0  top10%=8
Cycle  23: GP refit  (32 labelled)
  → SM-5003  gap=19.720 eV  best=19.720 eV  top50=1  top10%=9
Cycle  24: GP refit  (33 labelled)
  → SM-19684  gap=5.074 eV  best=19.720 eV  top50=1  top10%=10
Cycle  25: GP refit  (34 labelled)
  → SM-15022  gap=5.307 eV  best=19.720 eV  top50=1  top10%=11
Cycle  26: full DKL retrain  (35 labelled)
GP warmup: 20 epochs on initial embeddings
Joint DKL training: 50 epochs
  Epoch 20/50  loss=2.0803
  Epoch 40/50  loss=1.7959
DKL training done in 0.5s
  → SM-19344  gap=4.048 eV  best=19.720 eV  top50=1  top10%=11
Cycle  27: GP refit  (36 labelled)
  → SM-6445  gap=0.888 eV  best=19.720 eV  top50=1  top10%=11
Cycle  28: GP refit  (37 labelled)
  → SM-919  gap=9.698 eV  best=19.720 eV  top50=2  top10%=12
Cycle  29: GP refit  (38 labelled)
  → SM-159  gap=5.294 eV  best=19.720 eV  top50=2  top10%=13
Cycle  30: GP refit  (39 labelled)
  → SM-5038  gap=9.232 eV  best=19.720 eV  top50=3  top10%=14
Cycle  31: full DKL retrain  (40 labelled)
GP warmup: 20 epochs on initial embeddings
Joint DKL training: 50 epochs
  Epoch 20/50  loss=1.7562
  Epoch 40/50  loss=1.4385
DKL training done in 0.6s
  → SM-1276  gap=4.556 eV  best=19.720 eV  top50=3  top10%=15
Cycle  32: GP refit  (41 labelled)
  → SM-6115  gap=3.579 eV  best=19.720 eV  top50=3  top10%=15
Cycle  33: GP refit  (42 labelled)
  → SM-13705  gap=5.386 eV  best=19.720 eV  top50=3  top10%=16
Cycle  34: GP refit  (43 labelled)
  → SM-6442  gap=8.542 eV  best=19.720 eV  top50=4  top10%=17
Cycle  35: GP refit  (44 labelled)
  → SM-1392  gap=4.817 eV  best=19.720 eV  top50=4  top10%=18
Cycle  36: full DKL retrain  (45 labelled)
GP warmup: 20 epochs on initial embeddings
Joint DKL training: 50 epochs
  Epoch 20/50  loss=4.4874
  Epoch 40/50  loss=1.7681
DKL training done in 0.4s
  → SM-5314  gap=3.773 eV  best=19.720 eV  top50=4  top10%=18
Cycle  37: GP refit  (46 labelled)
  → SM-135  gap=2.080 eV  best=19.720 eV  top50=4  top10%=18
Cycle  38: GP refit  (47 labelled)
  → SM-4030  gap=3.821 eV  best=19.720 eV  top50=4  top10%=18
Cycle  39: GP refit  (48 labelled)
  → SM-4019  gap=3.311 eV  best=19.720 eV  top50=4  top10%=18
Cycle  40: GP refit  (49 labelled)
  → SM-3935  gap=3.872 eV  best=19.720 eV  top50=4  top10%=18
Cycle  41: full DKL retrain  (50 labelled)
GP warmup: 20 epochs on initial embeddings
Joint DKL training: 50 epochs
  Epoch 20/50  loss=1.9276
  Epoch 40/50  loss=1.5480
DKL training done in 0.5s
  → SM-5002  gap=20.302 eV  best=20.302 eV  top50=5  top10%=19
Cycle  42: GP refit  (51 labelled)
  → SM-7653  gap=2.137 eV  best=20.302 eV  top50=5  top10%=19
Cycle  43: GP refit  (52 labelled)
  → SM-5210  gap=3.787 eV  best=20.302 eV  top50=5  top10%=19
Cycle  44: GP refit  (53 labelled)
  → SM-19329  gap=3.475 eV  best=20.302 eV  top50=5  top10%=19
Cycle  45: GP refit  (54 labelled)
  → SM-13214  gap=4.867 eV  best=20.302 eV  top50=5  top10%=20
Cycle  46: full DKL retrain  (55 labelled)
GP warmup: 20 epochs on initial embeddings
Joint DKL training: 50 epochs
  Epoch 20/50  loss=1.6128
  Epoch 40/50  loss=1.2500
DKL training done in 0.3s
  → SM-14179  gap=5.683 eV  best=20.302 eV  top50=5  top10%=21
Cycle  47: GP refit  (56 labelled)
  → SM-5606  gap=2.807 eV  best=20.302 eV  top50=5  top10%=21
Cycle  48: GP refit  (57 labelled)
  → SM-3951  gap=6.774 eV  best=20.302 eV  top50=5  top10%=22
Cycle  49: GP refit  (58 labelled)
  → SM-7542  gap=1.543 eV  best=20.302 eV  top50=5  top10%=22
Cycle  50: GP refit  (59 labelled)
  → SM-3507  gap=2.390 eV  best=20.302 eV  top50=5  top10%=22
Cycle  51: full DKL retrain  (60 labelled)
GP warmup: 20 epochs on initial embeddings
Joint DKL training: 50 epochs
  Epoch 20/50  loss=1.9679
  Epoch 40/50  loss=1.7119
DKL training done in 0.4s
  → SM-8751  gap=2.365 eV  best=20.302 eV  top50=5  top10%=22
Cycle  52: GP refit  (61 labelled)
  → SM-13263  gap=5.152 eV  best=20.302 eV  top50=5  top10%=23
Cycle  53: GP refit  (62 labelled)
  → SM-10681  gap=2.588 eV  best=20.302 eV  top50=5  top10%=23
Cycle  54: GP refit  (63 labelled)
  → SM-19137  gap=6.041 eV  best=20.302 eV  top50=5  top10%=24
Cycle  55: GP refit  (64 labelled)
  → SM-5330  gap=0.375 eV  best=20.302 eV  top50=5  top10%=24
Cycle  56: full DKL retrain  (65 labelled)
GP warmup: 20 epochs on initial embeddings
Joint DKL training: 50 epochs
  Epoch 20/50  loss=1.8877
  Epoch 40/50  loss=1.7367
DKL training done in 0.4s
  → SM-6081  gap=0.588 eV  best=20.302 eV  top50=5  top10%=24
Cycle  57: GP refit  (66 labelled)
  → SM-7534  gap=1.341 eV  best=20.302 eV  top50=5  top10%=24
Cycle  58: GP refit  (67 labelled)
  → SM-6891  gap=2.404 eV  best=20.302 eV  top50=5  top10%=24
Cycle  59: GP refit  (68 labelled)
  → SM-1244  gap=1.994 eV  best=20.302 eV  top50=5  top10%=24
Cycle  60: GP refit  (69 labelled)
  → SM-17540  gap=2.507 eV  best=20.302 eV  top50=5  top10%=24
Cycle  61: full DKL retrain  (70 labelled)
GP warmup: 20 epochs on initial embeddings
Joint DKL training: 50 epochs
  Epoch 20/50  loss=1.1723
  Epoch 40/50  loss=0.7508
DKL training done in 0.5s
  → SM-20105  gap=1.692 eV  best=20.302 eV  top50=5  top10%=24
Cycle  62: GP refit  (71 labelled)
  → SM-10685  gap=1.935 eV  best=20.302 eV  top50=5  top10%=24
Cycle  63: GP refit  (72 labelled)
  → SM-10686  gap=2.250 eV  best=20.302 eV  top50=5  top10%=24
Cycle  64: GP refit  (73 labelled)
  → SM-19679  gap=1.858 eV  best=20.302 eV  top50=5  top10%=24
Cycle  65: GP refit  (74 labelled)
  → SM-10689  gap=1.508 eV  best=20.302 eV  top50=5  top10%=24
Cycle  66: full DKL retrain  (75 labelled)
GP warmup: 20 epochs on initial embeddings
Joint DKL training: 50 epochs
  Epoch 20/50  loss=0.8990
  Epoch 40/50  loss=0.6108
DKL training done in 0.5s
  → SM-2125  gap=2.520 eV  best=20.302 eV  top50=5  top10%=24
Cycle  67: GP refit  (76 labelled)
  → SM-4883  gap=3.945 eV  best=20.302 eV  top50=5  top10%=24
Cycle  68: GP refit  (77 labelled)
  → SM-10691  gap=2.235 eV  best=20.302 eV  top50=5  top10%=24
Cycle  69: GP refit  (78 labelled)
  → SM-10692  gap=2.348 eV  best=20.302 eV  top50=5  top10%=24
Cycle  70: GP refit  (79 labelled)
  → SM-1364  gap=0.323 eV  best=20.302 eV  top50=5  top10%=24
Cycle  71: full DKL retrain  (80 labelled)
GP warmup: 20 epochs on initial embeddings
Joint DKL training: 50 epochs
  Epoch 20/50  loss=1.2266
  Epoch 40/50  loss=0.7455
DKL training done in 0.5s
  → SM-10693  gap=2.327 eV  best=20.302 eV  top50=5  top10%=24
Cycle  72: GP refit  (81 labelled)
  → SM-10694  gap=2.065 eV  best=20.302 eV  top50=5  top10%=24
Cycle  73: GP refit  (82 labelled)
  → SM-10695  gap=2.136 eV  best=20.302 eV  top50=5  top10%=24
Cycle  74: GP refit  (83 labelled)
  → SM-1290  gap=1.967 eV  best=20.302 eV  top50=5  top10%=24
Cycle  75: GP refit  (84 labelled)
  → SM-4424  gap=1.221 eV  best=20.302 eV  top50=5  top10%=24
Cycle  76: full DKL retrain  (85 labelled)
GP warmup: 20 epochs on initial embeddings
Joint DKL training: 50 epochs
  Epoch 20/50  loss=0.8826
  Epoch 40/50  loss=0.5591
DKL training done in 0.4s
  → SM-10696  gap=1.430 eV  best=20.302 eV  top50=5  top10%=24
Cycle  77: GP refit  (86 labelled)
  → SM-16985  gap=0.237 eV  best=20.302 eV  top50=5  top10%=24
Cycle  78: GP refit  (87 labelled)
  → SM-9883  gap=1.464 eV  best=20.302 eV  top50=5  top10%=24
Cycle  79: GP refit  (88 labelled)
  → SM-20107  gap=3.013 eV  best=20.302 eV  top50=5  top10%=24
Cycle  80: GP refit  (89 labelled)
  → SM-2127  gap=2.450 eV  best=20.302 eV  top50=5  top10%=24
Cycle  81: full DKL retrain  (90 labelled)
GP warmup: 20 epochs on initial embeddings
Joint DKL training: 50 epochs
  Epoch 20/50  loss=1.4563
  Epoch 40/50  loss=1.0896
DKL training done in 0.5s
  → SM-13695  gap=2.744 eV  best=20.302 eV  top50=5  top10%=24
Cycle  82: GP refit  (91 labelled)
  → SM-943  gap=8.707 eV  best=20.302 eV  top50=6  top10%=25
Cycle  83: GP refit  (92 labelled)
  → SM-13579  gap=1.013 eV  best=20.302 eV  top50=6  top10%=25
Cycle  84: GP refit  (93 labelled)
  → SM-4417  gap=0.541 eV  best=20.302 eV  top50=6  top10%=25
Cycle  85: GP refit  (94 labelled)
  → SM-19708  gap=4.455 eV  best=20.302 eV  top50=6  top10%=26
Cycle  86: full DKL retrain  (95 labelled)
GP warmup: 20 epochs on initial embeddings
Joint DKL training: 50 epochs
  Epoch 20/50  loss=0.7748
  Epoch 40/50  loss=0.3044
DKL training done in 0.5s
  → SM-10706  gap=1.068 eV  best=20.302 eV  top50=6  top10%=26
Cycle  87: GP refit  (96 labelled)
  → SM-16994  gap=4.042 eV  best=20.302 eV  top50=6  top10%=26
Cycle  88: GP refit  (97 labelled)
  → SM-1274  gap=3.684 eV  best=20.302 eV  top50=6  top10%=26
Cycle  89: GP refit  (98 labelled)
  → SM-3143  gap=2.930 eV  best=20.302 eV  top50=6  top10%=26
Cycle  90: GP refit  (99 labelled)
  → SM-19709  gap=2.756 eV  best=20.302 eV  top50=6  top10%=26
Cycle  91: full DKL retrain  (100 labelled)
GP warmup: 20 epochs on initial embeddings
Joint DKL training: 50 epochs
  Epoch 20/50  loss=0.9454
  Epoch 40/50  loss=0.5815
DKL training done in 0.5s
  → SM-16995  gap=3.951 eV  best=20.302 eV  top50=6  top10%=26
Cycle  92: GP refit  (101 labelled)
  → SM-16996  gap=3.050 eV  best=20.302 eV  top50=6  top10%=26
Cycle  93: GP refit  (102 labelled)
  → SM-4895  gap=2.544 eV  best=20.302 eV  top50=6  top10%=26
Cycle  94: GP refit  (103 labelled)
  → SM-10709  gap=3.827 eV  best=20.302 eV  top50=6  top10%=26
Cycle  95: GP refit  (104 labelled)
  → SM-10165  gap=2.239 eV  best=20.302 eV  top50=6  top10%=26
Cycle  96: full DKL retrain  (105 labelled)
GP warmup: 20 epochs on initial embeddings
Joint DKL training: 50 epochs
  Epoch 20/50  loss=1.0776
  Epoch 40/50  loss=0.7673
DKL training done in 0.6s
  → SM-588  gap=1.824 eV  best=20.302 eV  top50=6  top10%=26
Cycle  97: GP refit  (106 labelled)
  → SM-6767  gap=1.379 eV  best=20.302 eV  top50=6  top10%=26
Cycle  98: GP refit  (107 labelled)
  → SM-3942  gap=4.286 eV  best=20.302 eV  top50=6  top10%=26
Cycle  99: GP refit  (108 labelled)
  → SM-17806  gap=3.372 eV  best=20.302 eV  top50=6  top10%=26
Cycle 100: GP refit  (109 labelled)
  → SM-18465  gap=4.334 eV  best=20.302 eV  top50=6  top10%=26
  gap_max/seed7 → best=20.302 top50=6 top10%=26
BOLoop: 3131 materials  |  direction=max  |  top-50 internal threshold=7.50  top-10% internal threshold=4.43
Init: 10 random labels  |  best (max) = 4.929
Cycle   1: full DKL retrain  (10 labelled)
GP warmup: 20 epochs on initial embeddings
/home/roy/software/anaconda3/lib/python3.13/site-packages/torch/_compile.py:32: UserWarning: optimizer contains a parameter group with duplicate parameters; in future, this will cause an error; see github.com/pytorch/pytorch/issues/40967 for more information
  return disable_fn(*args, **kwargs)
Joint DKL training: 50 epochs
  Epoch 20/50  loss=1.9549
  Epoch 40/50  loss=1.7233
DKL training done in 0.5s
  → SM-16322  gap=3.813 eV  best=4.929 eV  top50=0  top10%=0
Cycle   2: GP refit  (11 labelled)
  → SM-12968  gap=2.400 eV  best=4.929 eV  top50=0  top10%=0
Cycle   3: GP refit  (12 labelled)
  → SM-13526  gap=2.490 eV  best=4.929 eV  top50=0  top10%=0
Cycle   4: GP refit  (13 labelled)
  → SM-11057  gap=3.432 eV  best=4.929 eV  top50=0  top10%=0
Cycle   5: GP refit  (14 labelled)
  → SM-16277  gap=4.767 eV  best=4.929 eV  top50=0  top10%=1
Cycle   6: full DKL retrain  (15 labelled)
GP warmup: 20 epochs on initial embeddings
Joint DKL training: 50 epochs
  Epoch 20/50  loss=1.1185
  Epoch 40/50  loss=0.9934
DKL training done in 0.4s
  → SM-7042  gap=1.721 eV  best=4.929 eV  top50=0  top10%=1
Cycle   7: GP refit  (16 labelled)
  → SM-15556  gap=2.283 eV  best=4.929 eV  top50=0  top10%=1
Cycle   8: GP refit  (17 labelled)
  → SM-11686  gap=3.701 eV  best=4.929 eV  top50=0  top10%=1
Cycle   9: GP refit  (18 labelled)
  → SM-1294  gap=2.375 eV  best=4.929 eV  top50=0  top10%=1
Cycle  10: GP refit  (19 labelled)
  → SM-19481  gap=3.185 eV  best=4.929 eV  top50=0  top10%=1
Cycle  11: full DKL retrain  (20 labelled)
GP warmup: 20 epochs on initial embeddings
Joint DKL training: 50 epochs
  Epoch 20/50  loss=0.7686
  Epoch 40/50  loss=0.5732
DKL training done in 0.5s
  → SM-6004  gap=2.983 eV  best=4.929 eV  top50=0  top10%=1
Cycle  12: GP refit  (21 labelled)
  → SM-246  gap=4.832 eV  best=4.929 eV  top50=0  top10%=2
Cycle  13: GP refit  (22 labelled)
  → SM-17420  gap=3.611 eV  best=4.929 eV  top50=0  top10%=2
Cycle  14: GP refit  (23 labelled)
  → SM-4272  gap=5.177 eV  best=5.177 eV  top50=0  top10%=3
Cycle  15: GP refit  (24 labelled)
  → SM-7543  gap=2.363 eV  best=5.177 eV  top50=0  top10%=3
Cycle  16: full DKL retrain  (25 labelled)
GP warmup: 20 epochs on initial embeddings
Joint DKL training: 50 epochs
  Epoch 20/50  loss=0.4199
  Epoch 40/50  loss=0.3035
DKL training done in 0.6s
  → SM-4269  gap=1.151 eV  best=5.177 eV  top50=0  top10%=3
Cycle  17: GP refit  (26 labelled)
  → SM-4430  gap=1.240 eV  best=5.177 eV  top50=0  top10%=3
Cycle  18: GP refit  (27 labelled)
  → SM-19332  gap=6.548 eV  best=6.548 eV  top50=0  top10%=4
Cycle  19: GP refit  (28 labelled)
  → SM-16867  gap=2.930 eV  best=6.548 eV  top50=0  top10%=4
Cycle  20: GP refit  (29 labelled)
  → SM-6438  gap=5.325 eV  best=6.548 eV  top50=0  top10%=5
Cycle  21: full DKL retrain  (30 labelled)
GP warmup: 20 epochs on initial embeddings
Joint DKL training: 50 epochs
  Epoch 20/50  loss=0.9187
  Epoch 40/50  loss=0.6253
DKL training done in 0.5s
  → SM-1534  gap=1.635 eV  best=6.548 eV  top50=0  top10%=5
Cycle  22: GP refit  (31 labelled)
  → SM-15369  gap=4.638 eV  best=6.548 eV  top50=0  top10%=6
Cycle  23: GP refit  (32 labelled)
  → SM-13053  gap=3.284 eV  best=6.548 eV  top50=0  top10%=6
Cycle  24: GP refit  (33 labelled)
  → SM-3971  gap=2.303 eV  best=6.548 eV  top50=0  top10%=6
Cycle  25: GP refit  (34 labelled)
  → SM-222  gap=1.838 eV  best=6.548 eV  top50=0  top10%=6
Cycle  26: full DKL retrain  (35 labelled)
GP warmup: 20 epochs on initial embeddings
Joint DKL training: 50 epochs
  Epoch 20/50  loss=1.0033
  Epoch 40/50  loss=0.7049
DKL training done in 0.5s
  → SM-20226  gap=0.057 eV  best=6.548 eV  top50=0  top10%=6
Cycle  27: GP refit  (36 labelled)
  → SM-6049  gap=2.881 eV  best=6.548 eV  top50=0  top10%=6
Cycle  28: GP refit  (37 labelled)
  → SM-159  gap=5.294 eV  best=6.548 eV  top50=0  top10%=7
Cycle  29: GP refit  (38 labelled)
  → SM-19148  gap=3.846 eV  best=6.548 eV  top50=0  top10%=7
Cycle  30: GP refit  (39 labelled)
  → SM-18092  gap=2.855 eV  best=6.548 eV  top50=0  top10%=7
Cycle  31: full DKL retrain  (40 labelled)
GP warmup: 20 epochs on initial embeddings
Joint DKL training: 50 epochs
  Epoch 20/50  loss=1.4253
  Epoch 40/50  loss=0.7554
DKL training done in 0.4s
  → SM-4038  gap=2.731 eV  best=6.548 eV  top50=0  top10%=7
Cycle  32: GP refit  (41 labelled)
  → SM-958  gap=10.324 eV  best=10.324 eV  top50=1  top10%=8
Cycle  33: GP refit  (42 labelled)
  → SM-6442  gap=8.542 eV  best=10.324 eV  top50=2  top10%=9
Cycle  34: GP refit  (43 labelled)
  → SM-256  gap=2.577 eV  best=10.324 eV  top50=2  top10%=9
Cycle  35: GP refit  (44 labelled)
  → SM-919  gap=9.698 eV  best=10.324 eV  top50=3  top10%=10
Cycle  36: full DKL retrain  (45 labelled)
GP warmup: 20 epochs on initial embeddings
Joint DKL training: 50 epochs
  Epoch 20/50  loss=5.3917
  Epoch 40/50  loss=1.4520
DKL training done in 0.5s
  → SM-1276  gap=4.556 eV  best=10.324 eV  top50=3  top10%=11
Cycle  37: GP refit  (46 labelled)
  → SM-19451  gap=8.633 eV  best=10.324 eV  top50=4  top10%=12
Cycle  38: GP refit  (47 labelled)
  → SM-873  gap=10.044 eV  best=10.324 eV  top50=5  top10%=13
Cycle  39: GP refit  (48 labelled)
  → SM-6443  gap=3.685 eV  best=10.324 eV  top50=5  top10%=13
Cycle  40: GP refit  (49 labelled)
  → SM-870  gap=7.472 eV  best=10.324 eV  top50=5  top10%=14
Cycle  41: full DKL retrain  (50 labelled)
GP warmup: 20 epochs on initial embeddings
Joint DKL training: 50 epochs
  Epoch 20/50  loss=8.1275
  Epoch 40/50  loss=3.0886
DKL training done in 0.5s
  → SM-20318  gap=1.098 eV  best=10.324 eV  top50=5  top10%=14
Cycle  42: GP refit  (51 labelled)
  → SM-5003  gap=19.720 eV  best=19.720 eV  top50=6  top10%=15
Cycle  43: GP refit  (52 labelled)
  → SM-3955  gap=6.861 eV  best=19.720 eV  top50=6  top10%=16
Cycle  44: GP refit  (53 labelled)
  → SM-461  gap=0.272 eV  best=19.720 eV  top50=6  top10%=16
Cycle  45: GP refit  (54 labelled)
  → SM-965  gap=7.870 eV  best=19.720 eV  top50=7  top10%=17
Cycle  46: full DKL retrain  (55 labelled)
GP warmup: 20 epochs on initial embeddings
Joint DKL training: 50 epochs
  Epoch 20/50  loss=1.7613
  Epoch 40/50  loss=1.4393
DKL training done in 0.5s
  → SM-4665  gap=4.164 eV  best=19.720 eV  top50=7  top10%=17
Cycle  47: GP refit  (56 labelled)
  → SM-969  gap=5.519 eV  best=19.720 eV  top50=7  top10%=18
Cycle  48: GP refit  (57 labelled)
  → SM-7136  gap=9.597 eV  best=19.720 eV  top50=8  top10%=19
Cycle  49: GP refit  (58 labelled)
  → SM-894  gap=2.978 eV  best=19.720 eV  top50=8  top10%=19
Cycle  50: GP refit  (59 labelled)
  → SM-3507  gap=2.390 eV  best=19.720 eV  top50=8  top10%=19
Cycle  51: full DKL retrain  (60 labelled)
GP warmup: 20 epochs on initial embeddings
Joint DKL training: 50 epochs
  Epoch 20/50  loss=1.6309
  Epoch 40/50  loss=1.2480
DKL training done in 0.5s
  → SM-10681  gap=2.588 eV  best=19.720 eV  top50=8  top10%=19
Cycle  52: GP refit  (61 labelled)
  → SM-20043  gap=3.107 eV  best=19.720 eV  top50=8  top10%=19
Cycle  53: GP refit  (62 labelled)
  → SM-2838  gap=3.952 eV  best=19.720 eV  top50=8  top10%=19
Cycle  54: GP refit  (63 labelled)
  → SM-15742  gap=4.516 eV  best=19.720 eV  top50=8  top10%=20
Cycle  55: GP refit  (64 labelled)
  → SM-3805  gap=2.583 eV  best=19.720 eV  top50=8  top10%=20
Cycle  56: full DKL retrain  (65 labelled)
GP warmup: 20 epochs on initial embeddings
Joint DKL training: 50 epochs
  Epoch 20/50  loss=1.3481
  Epoch 40/50  loss=1.0306
DKL training done in 0.6s
  → SM-5002  gap=20.302 eV  best=20.302 eV  top50=9  top10%=21
Cycle  57: GP refit  (66 labelled)
  → SM-20105  gap=1.692 eV  best=20.302 eV  top50=9  top10%=21
Cycle  58: GP refit  (67 labelled)
  → SM-19435  gap=0.898 eV  best=20.302 eV  top50=9  top10%=21
Cycle  59: GP refit  (68 labelled)
  → SM-16813  gap=4.363 eV  best=20.302 eV  top50=9  top10%=21
Cycle  60: GP refit  (69 labelled)
  → SM-1401  gap=2.500 eV  best=20.302 eV  top50=9  top10%=21
Cycle  61: full DKL retrain  (70 labelled)
GP warmup: 20 epochs on initial embeddings
Joint DKL training: 50 epochs
  Epoch 20/50  loss=1.5178
  Epoch 40/50  loss=1.2138
DKL training done in 0.5s
  → SM-654  gap=1.960 eV  best=20.302 eV  top50=9  top10%=21
Cycle  62: GP refit  (71 labelled)
  → SM-10685  gap=1.935 eV  best=20.302 eV  top50=9  top10%=21
Cycle  63: GP refit  (72 labelled)
  → SM-10686  gap=2.250 eV  best=20.302 eV  top50=9  top10%=21
Cycle  64: GP refit  (73 labelled)
  → SM-10689  gap=1.508 eV  best=20.302 eV  top50=9  top10%=21
Cycle  65: GP refit  (74 labelled)
  → SM-2125  gap=2.520 eV  best=20.302 eV  top50=9  top10%=21
Cycle  66: full DKL retrain  (75 labelled)
GP warmup: 20 epochs on initial embeddings
Joint DKL training: 50 epochs
  Epoch 20/50  loss=1.2136
  Epoch 40/50  loss=0.8601
DKL training done in 0.4s
  → SM-4883  gap=3.945 eV  best=20.302 eV  top50=9  top10%=21
Cycle  67: GP refit  (76 labelled)
  → SM-10691  gap=2.235 eV  best=20.302 eV  top50=9  top10%=21
Cycle  68: GP refit  (77 labelled)
  → SM-10692  gap=2.348 eV  best=20.302 eV  top50=9  top10%=21
Cycle  69: GP refit  (78 labelled)
  → SM-10693  gap=2.327 eV  best=20.302 eV  top50=9  top10%=21
Cycle  70: GP refit  (79 labelled)
  → SM-10694  gap=2.065 eV  best=20.302 eV  top50=9  top10%=21
Cycle  71: full DKL retrain  (80 labelled)
GP warmup: 20 epochs on initial embeddings
Joint DKL training: 50 epochs
  Epoch 20/50  loss=1.1070
  Epoch 40/50  loss=0.7639
DKL training done in 0.4s
  → SM-10695  gap=2.136 eV  best=20.302 eV  top50=9  top10%=21
Cycle  72: GP refit  (81 labelled)
  → SM-10696  gap=1.430 eV  best=20.302 eV  top50=9  top10%=21
Cycle  73: GP refit  (82 labelled)
  → SM-16985  gap=0.237 eV  best=20.302 eV  top50=9  top10%=21
Cycle  74: GP refit  (83 labelled)
  → SM-20107  gap=3.013 eV  best=20.302 eV  top50=9  top10%=21
Cycle  75: GP refit  (84 labelled)
  → SM-2127  gap=2.450 eV  best=20.302 eV  top50=9  top10%=21
Cycle  76: full DKL retrain  (85 labelled)
GP warmup: 20 epochs on initial embeddings
Joint DKL training: 50 epochs
  Epoch 20/50  loss=0.9422
  Epoch 40/50  loss=0.6426
DKL training done in 0.5s
  → SM-13579  gap=1.013 eV  best=20.302 eV  top50=9  top10%=21
Cycle  77: GP refit  (86 labelled)
  → SM-10706  gap=1.068 eV  best=20.302 eV  top50=9  top10%=21
Cycle  78: GP refit  (87 labelled)
  → SM-16994  gap=4.042 eV  best=20.302 eV  top50=9  top10%=21
Cycle  79: GP refit  (88 labelled)
  → SM-16995  gap=3.951 eV  best=20.302 eV  top50=9  top10%=21
Cycle  80: GP refit  (89 labelled)
  → SM-4986  gap=1.024 eV  best=20.302 eV  top50=9  top10%=21
Cycle  81: full DKL retrain  (90 labelled)
GP warmup: 20 epochs on initial embeddings
Joint DKL training: 50 epochs
  Epoch 20/50  loss=1.0286
  Epoch 40/50  loss=0.7128
DKL training done in 0.5s
  → SM-16996  gap=3.050 eV  best=20.302 eV  top50=9  top10%=21
Cycle  82: GP refit  (91 labelled)
  → SM-4895  gap=2.544 eV  best=20.302 eV  top50=9  top10%=21
Cycle  83: GP refit  (92 labelled)
  → SM-10709  gap=3.827 eV  best=20.302 eV  top50=9  top10%=21
Cycle  84: GP refit  (93 labelled)
  → SM-5330  gap=0.375 eV  best=20.302 eV  top50=9  top10%=21
Cycle  85: GP refit  (94 labelled)
  → SM-3942  gap=4.286 eV  best=20.302 eV  top50=9  top10%=21
Cycle  86: full DKL retrain  (95 labelled)
GP warmup: 20 epochs on initial embeddings
Joint DKL training: 50 epochs
  Epoch 20/50  loss=0.8133
  Epoch 40/50  loss=0.4885
DKL training done in 0.6s
  → SM-17806  gap=3.372 eV  best=20.302 eV  top50=9  top10%=21
Cycle  87: GP refit  (96 labelled)
  → SM-18465  gap=4.334 eV  best=20.302 eV  top50=9  top10%=21
Cycle  88: GP refit  (97 labelled)
  → SM-3771  gap=2.183 eV  best=20.302 eV  top50=9  top10%=21
Cycle  89: GP refit  (98 labelled)
  → SM-2411  gap=4.924 eV  best=20.302 eV  top50=9  top10%=22
Cycle  90: GP refit  (99 labelled)
  → SM-588  gap=1.824 eV  best=20.302 eV  top50=9  top10%=22
Cycle  91: full DKL retrain  (100 labelled)
GP warmup: 20 epochs on initial embeddings
Joint DKL training: 50 epochs
  Epoch 20/50  loss=0.8457
  Epoch 40/50  loss=0.5122
DKL training done in 0.5s
  → SM-17809  gap=0.021 eV  best=20.302 eV  top50=9  top10%=22
Cycle  92: GP refit  (101 labelled)
  → SM-17004  gap=4.404 eV  best=20.302 eV  top50=9  top10%=22
Cycle  93: GP refit  (102 labelled)
  → SM-4992  gap=10.281 eV  best=20.302 eV  top50=10  top10%=23
Cycle  94: GP refit  (103 labelled)
  → SM-9322  gap=2.094 eV  best=20.302 eV  top50=10  top10%=23
Cycle  95: GP refit  (104 labelled)
  → SM-6808  gap=3.562 eV  best=20.302 eV  top50=10  top10%=23
Cycle  96: full DKL retrain  (105 labelled)
GP warmup: 20 epochs on initial embeddings
Joint DKL training: 50 epochs
  Epoch 20/50  loss=0.8512
  Epoch 40/50  loss=0.4869
DKL training done in 0.4s
  → SM-6311  gap=0.756 eV  best=20.302 eV  top50=10  top10%=23
Cycle  97: GP refit  (106 labelled)
  → SM-10397  gap=0.228 eV  best=20.302 eV  top50=10  top10%=23
Cycle  98: GP refit  (107 labelled)
  → SM-16540  gap=0.582 eV  best=20.302 eV  top50=10  top10%=23
Cycle  99: GP refit  (108 labelled)
  → SM-4435  gap=0.924 eV  best=20.302 eV  top50=10  top10%=23
Cycle 100: GP refit  (109 labelled)
  → SM-10717  gap=4.439 eV  best=20.302 eV  top50=10  top10%=24
  gap_max/seed8 → best=20.302 top50=10 top10%=24
BOLoop: 3131 materials  |  direction=max  |  top-50 internal threshold=7.50  top-10% internal threshold=4.43
Init: 10 random labels  |  best (max) = 5.736
Cycle   1: full DKL retrain  (10 labelled)
GP warmup: 20 epochs on initial embeddings
/home/roy/software/anaconda3/lib/python3.13/site-packages/torch/_compile.py:32: UserWarning: optimizer contains a parameter group with duplicate parameters; in future, this will cause an error; see github.com/pytorch/pytorch/issues/40967 for more information
  return disable_fn(*args, **kwargs)
Joint DKL training: 50 epochs
  Epoch 20/50  loss=1.9910
  Epoch 40/50  loss=1.8269
DKL training done in 0.5s
  → SM-16186  gap=6.601 eV  best=6.601 eV  top50=0  top10%=1
Cycle   2: GP refit  (11 labelled)
  → SM-11643  gap=3.726 eV  best=6.601 eV  top50=0  top10%=1
Cycle   3: GP refit  (12 labelled)
  → SM-11050  gap=2.565 eV  best=6.601 eV  top50=0  top10%=1
Cycle   4: GP refit  (13 labelled)
  → SM-14174  gap=5.392 eV  best=6.601 eV  top50=0  top10%=2
Cycle   5: GP refit  (14 labelled)
  → SM-13905  gap=3.728 eV  best=6.601 eV  top50=0  top10%=2
Cycle   6: full DKL retrain  (15 labelled)
GP warmup: 20 epochs on initial embeddings
Joint DKL training: 50 epochs
  Epoch 20/50  loss=1.2125
  Epoch 40/50  loss=1.1114
DKL training done in 0.5s
  → SM-16784  gap=2.626 eV  best=6.601 eV  top50=0  top10%=2
Cycle   7: GP refit  (16 labelled)
  → SM-15729  gap=6.964 eV  best=6.964 eV  top50=0  top10%=3
Cycle   8: GP refit  (17 labelled)
  → SM-16361  gap=6.324 eV  best=6.964 eV  top50=0  top10%=4
Cycle   9: GP refit  (18 labelled)
  → SM-13250  gap=3.349 eV  best=6.964 eV  top50=0  top10%=4
Cycle  10: GP refit  (19 labelled)
  → SM-1007  gap=2.822 eV  best=6.964 eV  top50=0  top10%=4
Cycle  11: full DKL retrain  (20 labelled)
GP warmup: 20 epochs on initial embeddings
Joint DKL training: 50 epochs
  Epoch 20/50  loss=1.2937
  Epoch 40/50  loss=1.0556
DKL training done in 0.6s
  → SM-6551  gap=4.554 eV  best=6.964 eV  top50=0  top10%=5
Cycle  12: GP refit  (21 labelled)
  → SM-12117  gap=4.357 eV  best=6.964 eV  top50=0  top10%=5
Cycle  13: GP refit  (22 labelled)
  → SM-15056  gap=4.329 eV  best=6.964 eV  top50=0  top10%=5
Cycle  14: GP refit  (23 labelled)
  → SM-14187  gap=2.928 eV  best=6.964 eV  top50=0  top10%=5
Cycle  15: GP refit  (24 labelled)
  → SM-16257  gap=6.376 eV  best=6.964 eV  top50=0  top10%=6
Cycle  16: full DKL retrain  (25 labelled)
GP warmup: 20 epochs on initial embeddings
Joint DKL training: 50 epochs
  Epoch 20/50  loss=6.0617
  Epoch 40/50  loss=1.7675
DKL training done in 0.5s
  → SM-16302  gap=0.717 eV  best=6.964 eV  top50=0  top10%=6
Cycle  17: GP refit  (26 labelled)
  → SM-20154  gap=3.915 eV  best=6.964 eV  top50=0  top10%=6
Cycle  18: GP refit  (27 labelled)
  → SM-12532  gap=3.647 eV  best=6.964 eV  top50=0  top10%=6
Cycle  19: GP refit  (28 labelled)
  → SM-11095  gap=3.822 eV  best=6.964 eV  top50=0  top10%=6
Cycle  20: GP refit  (29 labelled)
  → SM-13080  gap=2.616 eV  best=6.964 eV  top50=0  top10%=6
Cycle  21: full DKL retrain  (30 labelled)
GP warmup: 20 epochs on initial embeddings
Joint DKL training: 50 epochs
  Epoch 20/50  loss=5.9979
  Epoch 40/50  loss=1.7592
DKL training done in 0.5s
  → SM-13733  gap=3.316 eV  best=6.964 eV  top50=0  top10%=6
Cycle  22: GP refit  (31 labelled)
  → SM-16198  gap=4.134 eV  best=6.964 eV  top50=0  top10%=6
Cycle  23: GP refit  (32 labelled)
  → SM-3574  gap=4.370 eV  best=6.964 eV  top50=0  top10%=6
Cycle  24: GP refit  (33 labelled)
  → SM-10793  gap=2.978 eV  best=6.964 eV  top50=0  top10%=6
Cycle  25: GP refit  (34 labelled)
  → SM-2105  gap=7.310 eV  best=7.310 eV  top50=0  top10%=7
Cycle  26: full DKL retrain  (35 labelled)
GP warmup: 20 epochs on initial embeddings
Joint DKL training: 50 epochs
  Epoch 20/50  loss=1.4291
  Epoch 40/50  loss=1.1173
DKL training done in 0.4s
  → SM-1771  gap=2.811 eV  best=7.310 eV  top50=0  top10%=7
Cycle  27: GP refit  (36 labelled)
  → SM-2292  gap=3.632 eV  best=7.310 eV  top50=0  top10%=7
Cycle  28: GP refit  (37 labelled)
  → SM-18371  gap=5.062 eV  best=7.310 eV  top50=0  top10%=8
Cycle  29: GP refit  (38 labelled)
  → SM-2405  gap=1.126 eV  best=7.310 eV  top50=0  top10%=8
Cycle  30: GP refit  (39 labelled)
  → SM-16300  gap=5.323 eV  best=7.310 eV  top50=0  top10%=9
Cycle  31: full DKL retrain  (40 labelled)
GP warmup: 20 epochs on initial embeddings
Joint DKL training: 50 epochs
  Epoch 20/50  loss=1.5088
  Epoch 40/50  loss=1.2888
DKL training done in 0.4s
  → SM-13214  gap=4.867 eV  best=7.310 eV  top50=0  top10%=10
Cycle  32: GP refit  (41 labelled)
  → SM-13276  gap=2.523 eV  best=7.310 eV  top50=0  top10%=10
Cycle  33: GP refit  (42 labelled)
  → SM-7136  gap=9.597 eV  best=9.597 eV  top50=1  top10%=11
Cycle  34: GP refit  (43 labelled)
  → SM-15657  gap=4.766 eV  best=9.597 eV  top50=1  top10%=12
Cycle  35: GP refit  (44 labelled)
  → SM-6442  gap=8.542 eV  best=9.597 eV  top50=2  top10%=13
Cycle  36: full DKL retrain  (45 labelled)
GP warmup: 20 epochs on initial embeddings
Joint DKL training: 50 epochs
  Epoch 20/50  loss=5.4736
  Epoch 40/50  loss=2.0910
DKL training done in 0.5s
  → SM-15718  gap=3.381 eV  best=9.597 eV  top50=2  top10%=13
Cycle  37: GP refit  (46 labelled)
  → SM-13802  gap=6.641 eV  best=9.597 eV  top50=2  top10%=14
Cycle  38: GP refit  (47 labelled)
  → SM-5038  gap=9.232 eV  best=9.597 eV  top50=3  top10%=15
Cycle  39: GP refit  (48 labelled)
  → SM-19344  gap=4.048 eV  best=9.597 eV  top50=3  top10%=15
Cycle  40: GP refit  (49 labelled)
  → SM-8762  gap=3.624 eV  best=9.597 eV  top50=3  top10%=15
Cycle  41: full DKL retrain  (50 labelled)
GP warmup: 20 epochs on initial embeddings
Joint DKL training: 50 epochs
  Epoch 20/50  loss=1.4676
  Epoch 40/50  loss=1.1624
DKL training done in 0.5s
  → SM-3951  gap=6.774 eV  best=9.597 eV  top50=3  top10%=16
Cycle  42: GP refit  (51 labelled)
  → SM-13714  gap=5.929 eV  best=9.597 eV  top50=3  top10%=17
Cycle  43: GP refit  (52 labelled)
  → SM-6115  gap=3.579 eV  best=9.597 eV  top50=3  top10%=17
Cycle  44: GP refit  (53 labelled)
  → SM-2552  gap=4.442 eV  best=9.597 eV  top50=3  top10%=18
Cycle  45: GP refit  (54 labelled)
  → SM-11620  gap=3.041 eV  best=9.597 eV  top50=3  top10%=18
Cycle  46: full DKL retrain  (55 labelled)
GP warmup: 20 epochs on initial embeddings
Joint DKL training: 50 epochs
  Epoch 20/50  loss=0.8820
  Epoch 40/50  loss=0.4976
DKL training done in 0.5s
  → SM-13705  gap=5.386 eV  best=9.597 eV  top50=3  top10%=19
Cycle  47: GP refit  (56 labelled)
  → SM-8720  gap=3.482 eV  best=9.597 eV  top50=3  top10%=19
Cycle  48: GP refit  (57 labelled)
  → SM-11868  gap=4.897 eV  best=9.597 eV  top50=3  top10%=20
Cycle  49: GP refit  (58 labelled)
  → SM-8751  gap=2.365 eV  best=9.597 eV  top50=3  top10%=20
Cycle  50: GP refit  (59 labelled)
  → SM-3955  gap=6.861 eV  best=9.597 eV  top50=3  top10%=21
Cycle  51: full DKL retrain  (60 labelled)
GP warmup: 20 epochs on initial embeddings
Joint DKL training: 50 epochs
  Epoch 20/50  loss=1.2102
  Epoch 40/50  loss=0.5606
DKL training done in 0.5s
  → SM-20226  gap=0.057 eV  best=9.597 eV  top50=3  top10%=21
Cycle  52: GP refit  (61 labelled)
  → SM-1296  gap=1.221 eV  best=9.597 eV  top50=3  top10%=21
Cycle  53: GP refit  (62 labelled)
  → SM-14200  gap=4.027 eV  best=9.597 eV  top50=3  top10%=21
Cycle  54: GP refit  (63 labelled)
  → SM-15022  gap=5.307 eV  best=9.597 eV  top50=3  top10%=22
Cycle  55: GP refit  (64 labelled)
  → SM-5606  gap=2.807 eV  best=9.597 eV  top50=3  top10%=22
Cycle  56: full DKL retrain  (65 labelled)
GP warmup: 20 epochs on initial embeddings
Joint DKL training: 50 epochs
  Epoch 20/50  loss=0.9792
  Epoch 40/50  loss=0.5817
DKL training done in 0.3s
  → SM-13718  gap=6.302 eV  best=9.597 eV  top50=3  top10%=23
Cycle  57: GP refit  (66 labelled)
  → SM-5314  gap=3.773 eV  best=9.597 eV  top50=3  top10%=23
Cycle  58: GP refit  (67 labelled)
  → SM-16067  gap=7.224 eV  best=9.597 eV  top50=3  top10%=24
Cycle  59: GP refit  (68 labelled)
  → SM-13079  gap=3.902 eV  best=9.597 eV  top50=3  top10%=24
Cycle  60: GP refit  (69 labelled)
  → SM-20222  gap=2.080 eV  best=9.597 eV  top50=3  top10%=24
Cycle  61: full DKL retrain  (70 labelled)
GP warmup: 20 epochs on initial embeddings
Joint DKL training: 50 epochs
  Epoch 20/50  loss=2.1728
  Epoch 40/50  loss=1.2515
DKL training done in 0.4s
  → SM-16648  gap=3.673 eV  best=9.597 eV  top50=3  top10%=24
Cycle  62: GP refit  (71 labelled)
  → SM-256  gap=2.577 eV  best=9.597 eV  top50=3  top10%=24
Cycle  63: GP refit  (72 labelled)
  → SM-17675  gap=3.049 eV  best=9.597 eV  top50=3  top10%=24
Cycle  64: GP refit  (73 labelled)
  → SM-700  gap=2.352 eV  best=9.597 eV  top50=3  top10%=24
Cycle  65: GP refit  (74 labelled)
  → SM-13877  gap=1.751 eV  best=9.597 eV  top50=3  top10%=24
Cycle  66: full DKL retrain  (75 labelled)
GP warmup: 20 epochs on initial embeddings
Joint DKL training: 50 epochs
  Epoch 20/50  loss=0.8927
  Epoch 40/50  loss=0.4242
DKL training done in 0.5s
  → SM-5210  gap=3.787 eV  best=9.597 eV  top50=3  top10%=24
Cycle  67: GP refit  (76 labelled)
  → SM-4424  gap=1.221 eV  best=9.597 eV  top50=3  top10%=24
Cycle  68: GP refit  (77 labelled)
  → SM-1293  gap=2.043 eV  best=9.597 eV  top50=3  top10%=24
Cycle  69: GP refit  (78 labelled)
  → SM-6542  gap=6.834 eV  best=9.597 eV  top50=3  top10%=25
Cycle  70: GP refit  (79 labelled)
  → SM-14179  gap=5.683 eV  best=9.597 eV  top50=3  top10%=26
Cycle  71: full DKL retrain  (80 labelled)
GP warmup: 20 epochs on initial embeddings
Joint DKL training: 50 epochs
  Epoch 20/50  loss=0.9260
  Epoch 40/50  loss=0.4858
DKL training done in 0.5s
  → SM-2838  gap=3.952 eV  best=9.597 eV  top50=3  top10%=26
Cycle  72: GP refit  (81 labelled)
  → SM-2411  gap=4.924 eV  best=9.597 eV  top50=3  top10%=27
Cycle  73: GP refit  (82 labelled)
  → SM-19995  gap=4.145 eV  best=9.597 eV  top50=3  top10%=27
Cycle  74: GP refit  (83 labelled)
  → SM-20232  gap=4.135 eV  best=9.597 eV  top50=3  top10%=27
Cycle  75: GP refit  (84 labelled)
  → SM-6311  gap=0.756 eV  best=9.597 eV  top50=3  top10%=27
Cycle  76: full DKL retrain  (85 labelled)
GP warmup: 20 epochs on initial embeddings
Joint DKL training: 50 epochs
  Epoch 20/50  loss=0.3511
  Epoch 40/50  loss=-0.0420
DKL training done in 0.5s
  → SM-5003  gap=19.720 eV  best=19.720 eV  top50=4  top10%=28
Cycle  77: GP refit  (86 labelled)
  → SM-5174  gap=6.565 eV  best=19.720 eV  top50=4  top10%=29
Cycle  78: GP refit  (87 labelled)
  → SM-3507  gap=2.390 eV  best=19.720 eV  top50=4  top10%=29
Cycle  79: GP refit  (88 labelled)
  → SM-10681  gap=2.588 eV  best=19.720 eV  top50=4  top10%=29
Cycle  80: GP refit  (89 labelled)
  → SM-20105  gap=1.692 eV  best=19.720 eV  top50=4  top10%=29
Cycle  81: full DKL retrain  (90 labelled)
GP warmup: 20 epochs on initial embeddings
Joint DKL training: 50 epochs
  Epoch 20/50  loss=1.4866
  Epoch 40/50  loss=0.9915
DKL training done in 0.5s
  → SM-4661  gap=3.964 eV  best=19.720 eV  top50=4  top10%=29
Cycle  82: GP refit  (91 labelled)
  → SM-628  gap=2.946 eV  best=19.720 eV  top50=4  top10%=29
Cycle  83: GP refit  (92 labelled)
  → SM-19228  gap=9.023 eV  best=19.720 eV  top50=5  top10%=30
Cycle  84: GP refit  (93 labelled)
  → SM-5307  gap=2.961 eV  best=19.720 eV  top50=5  top10%=30
Cycle  85: GP refit  (94 labelled)
  → SM-4692  gap=2.235 eV  best=19.720 eV  top50=5  top10%=30
Cycle  86: full DKL retrain  (95 labelled)
GP warmup: 20 epochs on initial embeddings
Joint DKL training: 50 epochs
  Epoch 20/50  loss=1.2898
  Epoch 40/50  loss=0.8774
DKL training done in 0.5s
  → SM-10685  gap=1.935 eV  best=19.720 eV  top50=5  top10%=30
Cycle  87: GP refit  (96 labelled)
  → SM-10686  gap=2.250 eV  best=19.720 eV  top50=5  top10%=30
Cycle  88: GP refit  (97 labelled)
  → SM-10689  gap=1.508 eV  best=19.720 eV  top50=5  top10%=30
Cycle  89: GP refit  (98 labelled)
  → SM-2125  gap=2.520 eV  best=19.720 eV  top50=5  top10%=30
Cycle  90: GP refit  (99 labelled)
  → SM-20231  gap=0.113 eV  best=19.720 eV  top50=5  top10%=30
Cycle  91: full DKL retrain  (100 labelled)
GP warmup: 20 epochs on initial embeddings
Joint DKL training: 50 epochs
  Epoch 20/50  loss=0.8698
  Epoch 40/50  loss=0.3523
DKL training done in 0.5s
  → SM-1185  gap=0.100 eV  best=19.720 eV  top50=5  top10%=30
Cycle  92: GP refit  (101 labelled)
  → SM-1276  gap=4.556 eV  best=19.720 eV  top50=5  top10%=31
Cycle  93: GP refit  (102 labelled)
  → SM-4883  gap=3.945 eV  best=19.720 eV  top50=5  top10%=31
Cycle  94: GP refit  (103 labelled)
  → SM-10691  gap=2.235 eV  best=19.720 eV  top50=5  top10%=31
Cycle  95: GP refit  (104 labelled)
  → SM-17334  gap=1.905 eV  best=19.720 eV  top50=5  top10%=31
Cycle  96: full DKL retrain  (105 labelled)
GP warmup: 20 epochs on initial embeddings
Joint DKL training: 50 epochs
  Epoch 20/50  loss=0.8405
  Epoch 40/50  loss=0.3652
DKL training done in 0.5s
  → SM-10692  gap=2.348 eV  best=19.720 eV  top50=5  top10%=31
Cycle  97: GP refit  (106 labelled)
  → SM-10693  gap=2.327 eV  best=19.720 eV  top50=5  top10%=31
Cycle  98: GP refit  (107 labelled)
  → SM-10694  gap=2.065 eV  best=19.720 eV  top50=5  top10%=31
Cycle  99: GP refit  (108 labelled)
  → SM-10695  gap=2.136 eV  best=19.720 eV  top50=5  top10%=31
Cycle 100: GP refit  (109 labelled)
  → SM-10696  gap=1.430 eV  best=19.720 eV  top50=5  top10%=31
  gap_max/seed9 → best=19.720 top50=5 top10%=31
  [gap_max] done
BOLoop: 3131 materials  |  direction=min  |  top-50 internal threshold=-0.19  top-10% internal threshold=-0.96
Init: 10 random labels  |  best (min) = 0.430
Cycle   1: full DKL retrain  (10 labelled)
GP warmup: 20 epochs on initial embeddings
/home/roy/software/anaconda3/lib/python3.13/site-packages/torch/_compile.py:32: UserWarning: optimizer contains a parameter group with duplicate parameters; in future, this will cause an error; see github.com/pytorch/pytorch/issues/40967 for more information
  return disable_fn(*args, **kwargs)
Joint DKL training: 50 epochs
  Epoch 20/50  loss=1.9575
  Epoch 40/50  loss=1.7041
DKL training done in 0.4s
  → SM-8657  gap=0.092 eV  best=0.092 eV  top50=1  top10%=1
Cycle   2: GP refit  (11 labelled)
  → SM-8993  gap=1.686 eV  best=0.092 eV  top50=1  top10%=1
Cycle   3: GP refit  (12 labelled)
  → SM-4291  gap=0.683 eV  best=0.092 eV  top50=1  top10%=2
Cycle   4: GP refit  (13 labelled)
  → SM-13695  gap=2.744 eV  best=0.092 eV  top50=1  top10%=2
Cycle   5: GP refit  (14 labelled)
  → SM-4440  gap=0.363 eV  best=0.092 eV  top50=1  top10%=3
Cycle   6: full DKL retrain  (15 labelled)
GP warmup: 20 epochs on initial embeddings
Joint DKL training: 50 epochs
  Epoch 20/50  loss=1.0691
  Epoch 40/50  loss=0.8909
DKL training done in 0.4s
  → SM-14405  gap=0.960 eV  best=0.092 eV  top50=1  top10%=3
Cycle   7: GP refit  (16 labelled)
  → SM-5031  gap=0.694 eV  best=0.092 eV  top50=1  top10%=4
Cycle   8: GP refit  (17 labelled)
  → SM-1734  gap=0.156 eV  best=0.092 eV  top50=2  top10%=5
Cycle   9: GP refit  (18 labelled)
  → SM-7092  gap=0.749 eV  best=0.092 eV  top50=2  top10%=6
Cycle  10: GP refit  (19 labelled)
  → SM-10295  gap=1.462 eV  best=0.092 eV  top50=2  top10%=6
Cycle  11: full DKL retrain  (20 labelled)
GP warmup: 20 epochs on initial embeddings
Joint DKL training: 50 epochs
  Epoch 20/50  loss=0.4241
  Epoch 40/50  loss=0.1277
DKL training done in 0.4s
  → SM-20258  gap=1.208 eV  best=0.092 eV  top50=2  top10%=6
Cycle  12: GP refit  (21 labelled)
  → SM-16813  gap=4.363 eV  best=0.092 eV  top50=2  top10%=6
Cycle  13: GP refit  (22 labelled)
  → SM-4428  gap=0.507 eV  best=0.092 eV  top50=2  top10%=7
Cycle  14: GP refit  (23 labelled)
  → SM-4426  gap=0.612 eV  best=0.092 eV  top50=2  top10%=8
Cycle  15: GP refit  (24 labelled)
  → SM-8265  gap=0.622 eV  best=0.092 eV  top50=2  top10%=9
Cycle  16: full DKL retrain  (25 labelled)
GP warmup: 20 epochs on initial embeddings
Joint DKL training: 50 epochs
  Epoch 20/50  loss=0.3488
  Epoch 40/50  loss=0.1742
DKL training done in 0.4s
  → SM-5584  gap=0.733 eV  best=0.092 eV  top50=2  top10%=10
Cycle  17: GP refit  (26 labelled)
  → SM-2411  gap=4.924 eV  best=0.092 eV  top50=2  top10%=10
Cycle  18: GP refit  (27 labelled)
  → SM-13877  gap=1.751 eV  best=0.092 eV  top50=2  top10%=10
Cycle  19: GP refit  (28 labelled)
  → SM-17241  gap=0.331 eV  best=0.092 eV  top50=2  top10%=11
Cycle  20: GP refit  (29 labelled)
  → SM-19478  gap=0.568 eV  best=0.092 eV  top50=2  top10%=12
Cycle  21: full DKL retrain  (30 labelled)
GP warmup: 20 epochs on initial embeddings
Joint DKL training: 50 epochs
  Epoch 20/50  loss=-0.1348
  Epoch 40/50  loss=-0.2677
DKL training done in 0.5s
  → SM-8573  gap=0.710 eV  best=0.092 eV  top50=2  top10%=13
Cycle  22: GP refit  (31 labelled)
  → SM-17990  gap=0.627 eV  best=0.092 eV  top50=2  top10%=14
Cycle  23: GP refit  (32 labelled)
  → SM-1514  gap=0.856 eV  best=0.092 eV  top50=2  top10%=15
Cycle  24: GP refit  (33 labelled)
  → SM-14868  gap=1.126 eV  best=0.092 eV  top50=2  top10%=15
Cycle  25: GP refit  (34 labelled)
  → SM-8597  gap=0.892 eV  best=0.092 eV  top50=2  top10%=16
Cycle  26: full DKL retrain  (35 labelled)
GP warmup: 20 epochs on initial embeddings
Joint DKL training: 50 epochs
  Epoch 20/50  loss=-0.0504
  Epoch 40/50  loss=-0.2184
DKL training done in 0.4s
  → SM-1652  gap=1.253 eV  best=0.092 eV  top50=2  top10%=16
Cycle  27: GP refit  (36 labelled)
  → SM-4350  gap=0.593 eV  best=0.092 eV  top50=2  top10%=17
Cycle  28: GP refit  (37 labelled)
  → SM-1648  gap=0.649 eV  best=0.092 eV  top50=2  top10%=18
Cycle  29: GP refit  (38 labelled)
  → SM-4423  gap=1.045 eV  best=0.092 eV  top50=2  top10%=18
Cycle  30: GP refit  (39 labelled)
  → SM-4438  gap=0.534 eV  best=0.092 eV  top50=2  top10%=19
Cycle  31: full DKL retrain  (40 labelled)
GP warmup: 20 epochs on initial embeddings
Joint DKL training: 50 epochs
  Epoch 20/50  loss=-0.1026
  Epoch 40/50  loss=-0.2252
DKL training done in 0.5s
  → SM-10629  gap=0.154 eV  best=0.092 eV  top50=3  top10%=20
Cycle  32: GP refit  (41 labelled)
  → SM-688  gap=1.470 eV  best=0.092 eV  top50=3  top10%=20
Cycle  33: GP refit  (42 labelled)
  → SM-8918  gap=1.236 eV  best=0.092 eV  top50=3  top10%=20
Cycle  34: GP refit  (43 labelled)
  → SM-656  gap=1.106 eV  best=0.092 eV  top50=3  top10%=20
Cycle  35: GP refit  (44 labelled)
  → SM-10630  gap=0.908 eV  best=0.092 eV  top50=3  top10%=21
Cycle  36: full DKL retrain  (45 labelled)
GP warmup: 20 epochs on initial embeddings
Joint DKL training: 50 epochs
  Epoch 20/50  loss=-0.0301
  Epoch 40/50  loss=-0.1486
DKL training done in 0.6s
  → SM-8448  gap=0.838 eV  best=0.092 eV  top50=3  top10%=22
Cycle  37: GP refit  (46 labelled)
  → SM-7457  gap=0.461 eV  best=0.092 eV  top50=3  top10%=23
Cycle  38: GP refit  (47 labelled)
  → SM-10564  gap=1.109 eV  best=0.092 eV  top50=3  top10%=23
Cycle  39: GP refit  (48 labelled)
  → SM-10463  gap=0.408 eV  best=0.092 eV  top50=3  top10%=24
Cycle  40: GP refit  (49 labelled)
  → SM-10631  gap=0.655 eV  best=0.092 eV  top50=3  top10%=25
Cycle  41: full DKL retrain  (50 labelled)
GP warmup: 20 epochs on initial embeddings
Joint DKL training: 50 epochs
  Epoch 20/50  loss=-0.2911
  Epoch 40/50  loss=-0.4599
DKL training done in 0.6s
  → SM-20318  gap=1.098 eV  best=0.092 eV  top50=3  top10%=25
Cycle  42: GP refit  (51 labelled)
  → SM-20313  gap=0.189 eV  best=0.092 eV  top50=3  top10%=26
Cycle  43: GP refit  (52 labelled)
  → SM-20316  gap=1.189 eV  best=0.092 eV  top50=3  top10%=26
Cycle  44: GP refit  (53 labelled)
  → SM-14645  gap=0.802 eV  best=0.092 eV  top50=3  top10%=27
Cycle  45: GP refit  (54 labelled)
  → SM-8534  gap=0.273 eV  best=0.092 eV  top50=3  top10%=28
Cycle  46: full DKL retrain  (55 labelled)
GP warmup: 20 epochs on initial embeddings
Joint DKL training: 50 epochs
  Epoch 20/50  loss=-0.1874
  Epoch 40/50  loss=-0.3620
DKL training done in 0.4s
  → SM-10032  gap=0.458 eV  best=0.092 eV  top50=3  top10%=29
Cycle  47: GP refit  (56 labelled)
  → SM-14529  gap=0.568 eV  best=0.092 eV  top50=3  top10%=30
Cycle  48: GP refit  (57 labelled)
  → SM-14979  gap=0.909 eV  best=0.092 eV  top50=3  top10%=31
Cycle  49: GP refit  (58 labelled)
  → SM-20354  gap=0.907 eV  best=0.092 eV  top50=3  top10%=32
Cycle  50: GP refit  (59 labelled)
  → SM-17118  gap=0.859 eV  best=0.092 eV  top50=3  top10%=33
Cycle  51: full DKL retrain  (60 labelled)
GP warmup: 20 epochs on initial embeddings
Joint DKL training: 50 epochs
  Epoch 20/50  loss=-0.4008
  Epoch 40/50  loss=-0.5410
DKL training done in 0.5s
  → SM-16919  gap=0.680 eV  best=0.092 eV  top50=3  top10%=34
Cycle  52: GP refit  (61 labelled)
  → SM-6081  gap=0.588 eV  best=0.092 eV  top50=3  top10%=35
Cycle  53: GP refit  (62 labelled)
  → SM-7534  gap=1.341 eV  best=0.092 eV  top50=3  top10%=35
Cycle  54: GP refit  (63 labelled)
  → SM-14507  gap=1.359 eV  best=0.092 eV  top50=3  top10%=35
Cycle  55: GP refit  (64 labelled)
  → SM-4434  gap=0.879 eV  best=0.092 eV  top50=3  top10%=36
Cycle  56: full DKL retrain  (65 labelled)
GP warmup: 20 epochs on initial embeddings
Joint DKL training: 50 epochs
  Epoch 20/50  loss=-0.4945
  Epoch 40/50  loss=-0.6326
DKL training done in 0.4s
  → SM-10474  gap=0.635 eV  best=0.092 eV  top50=3  top10%=37
Cycle  57: GP refit  (66 labelled)
  → SM-10355  gap=1.135 eV  best=0.092 eV  top50=3  top10%=37
Cycle  58: GP refit  (67 labelled)
  → SM-14004  gap=0.459 eV  best=0.092 eV  top50=3  top10%=38
Cycle  59: GP refit  (68 labelled)
  → SM-14619  gap=1.000 eV  best=0.092 eV  top50=3  top10%=38
Cycle  60: GP refit  (69 labelled)
  → SM-6311  gap=0.756 eV  best=0.092 eV  top50=3  top10%=39
Cycle  61: full DKL retrain  (70 labelled)
GP warmup: 20 epochs on initial embeddings
Joint DKL training: 50 epochs
  Epoch 20/50  loss=-0.6989
  Epoch 40/50  loss=-0.8617
DKL training done in 0.5s
  → SM-9543  gap=0.988 eV  best=0.092 eV  top50=3  top10%=39
Cycle  62: GP refit  (71 labelled)
  → SM-14632  gap=0.480 eV  best=0.092 eV  top50=3  top10%=40
Cycle  63: GP refit  (72 labelled)
  → SM-19827  gap=4.199 eV  best=0.092 eV  top50=3  top10%=40
Cycle  64: GP refit  (73 labelled)
  → SM-18172  gap=1.312 eV  best=0.092 eV  top50=3  top10%=40
Cycle  65: GP refit  (74 labelled)
  → SM-1431  gap=0.056 eV  best=0.056 eV  top50=4  top10%=41
Cycle  66: full DKL retrain  (75 labelled)
GP warmup: 20 epochs on initial embeddings
Joint DKL training: 50 epochs
  Epoch 20/50  loss=0.0172
  Epoch 40/50  loss=-0.4278
DKL training done in 0.5s
  → SM-6265  gap=0.023 eV  best=0.023 eV  top50=5  top10%=42
Cycle  67: GP refit  (76 labelled)
  → SM-17394  gap=0.225 eV  best=0.023 eV  top50=5  top10%=43
Cycle  68: GP refit  (77 labelled)
  → SM-17393  gap=0.289 eV  best=0.023 eV  top50=5  top10%=44
Cycle  69: GP refit  (78 labelled)
  → SM-5329  gap=0.638 eV  best=0.023 eV  top50=5  top10%=45
Cycle  70: GP refit  (79 labelled)
  → SM-5277  gap=3.022 eV  best=0.023 eV  top50=5  top10%=45
Cycle  71: full DKL retrain  (80 labelled)
GP warmup: 20 epochs on initial embeddings
Joint DKL training: 50 epochs
  Epoch 20/50  loss=0.0717
  Epoch 40/50  loss=-0.5604
DKL training done in 0.5s
  → SM-14300  gap=1.525 eV  best=0.023 eV  top50=5  top10%=45
Cycle  72: GP refit  (81 labelled)
  → SM-10489  gap=0.053 eV  best=0.023 eV  top50=6  top10%=46
Cycle  73: GP refit  (82 labelled)
  → SM-16985  gap=0.237 eV  best=0.023 eV  top50=6  top10%=47
Cycle  74: GP refit  (83 labelled)
  → SM-14610  gap=0.696 eV  best=0.023 eV  top50=6  top10%=48
Cycle  75: GP refit  (84 labelled)
  → SM-17515  gap=1.309 eV  best=0.023 eV  top50=6  top10%=48
Cycle  76: full DKL retrain  (85 labelled)
GP warmup: 20 epochs on initial embeddings
Joint DKL training: 50 epochs
  Epoch 20/50  loss=-0.3303
  Epoch 40/50  loss=-0.5322
DKL training done in 0.4s
  → SM-10397  gap=0.228 eV  best=0.023 eV  top50=6  top10%=49
Cycle  77: GP refit  (86 labelled)
  → SM-10672  gap=0.219 eV  best=0.023 eV  top50=6  top10%=50
Cycle  78: GP refit  (87 labelled)
  → SM-17055  gap=0.819 eV  best=0.023 eV  top50=6  top10%=51
Cycle  79: GP refit  (88 labelled)
  → SM-10673  gap=0.417 eV  best=0.023 eV  top50=6  top10%=52
Cycle  80: GP refit  (89 labelled)
  → SM-14493  gap=0.611 eV  best=0.023 eV  top50=6  top10%=53
Cycle  81: full DKL retrain  (90 labelled)
GP warmup: 20 epochs on initial embeddings
Joint DKL training: 50 epochs
  Epoch 20/50  loss=-0.7360
  Epoch 40/50  loss=-0.9246
DKL training done in 0.4s
  → SM-8920  gap=1.219 eV  best=0.023 eV  top50=6  top10%=53
Cycle  82: GP refit  (91 labelled)
  → SM-1509  gap=0.986 eV  best=0.023 eV  top50=6  top10%=53
Cycle  83: GP refit  (92 labelled)
  → SM-10589  gap=2.077 eV  best=0.023 eV  top50=6  top10%=53
Cycle  84: GP refit  (93 labelled)
  → SM-14081  gap=0.291 eV  best=0.023 eV  top50=6  top10%=54
Cycle  85: GP refit  (94 labelled)
  → SM-17536  gap=0.552 eV  best=0.023 eV  top50=6  top10%=55
Cycle  86: full DKL retrain  (95 labelled)
GP warmup: 20 epochs on initial embeddings
Joint DKL training: 50 epochs
  Epoch 20/50  loss=-0.4873
  Epoch 40/50  loss=-0.7169
DKL training done in 0.4s
  → SM-6515  gap=0.263 eV  best=0.023 eV  top50=6  top10%=56
Cycle  87: GP refit  (96 labelled)
  → SM-1627  gap=1.242 eV  best=0.023 eV  top50=6  top10%=56
Cycle  88: GP refit  (97 labelled)
  → SM-18389  gap=0.863 eV  best=0.023 eV  top50=6  top10%=57
Cycle  89: GP refit  (98 labelled)
  → SM-10640  gap=0.035 eV  best=0.023 eV  top50=7  top10%=58
Cycle  90: GP refit  (99 labelled)
  → SM-14094  gap=0.268 eV  best=0.023 eV  top50=7  top10%=59
Cycle  91: full DKL retrain  (100 labelled)
GP warmup: 20 epochs on initial embeddings
Joint DKL training: 50 epochs
  Epoch 20/50  loss=-0.5127
  Epoch 40/50  loss=-0.7302
DKL training done in 0.5s
  → SM-1565  gap=1.213 eV  best=0.023 eV  top50=7  top10%=59
Cycle  92: GP refit  (101 labelled)
  → SM-4288  gap=0.958 eV  best=0.023 eV  top50=7  top10%=59
Cycle  93: GP refit  (102 labelled)
  → SM-7178  gap=0.579 eV  best=0.023 eV  top50=7  top10%=60
Cycle  94: GP refit  (103 labelled)
  → SM-16800  gap=1.073 eV  best=0.023 eV  top50=7  top10%=60
Cycle  95: GP refit  (104 labelled)
  → SM-17295  gap=1.240 eV  best=0.023 eV  top50=7  top10%=60
Cycle  96: full DKL retrain  (105 labelled)
GP warmup: 20 epochs on initial embeddings
Joint DKL training: 50 epochs
  Epoch 20/50  loss=-0.8408
  Epoch 40/50  loss=-1.0301
DKL training done in 0.6s
  → SM-3507  gap=2.390 eV  best=0.023 eV  top50=7  top10%=60
Cycle  97: GP refit  (106 labelled)
  → SM-5330  gap=0.375 eV  best=0.023 eV  top50=7  top10%=61
Cycle  98: GP refit  (107 labelled)
  → SM-8242  gap=0.648 eV  best=0.023 eV  top50=7  top10%=62
Cycle  99: GP refit  (108 labelled)
  → SM-19064  gap=0.153 eV  best=0.023 eV  top50=8  top10%=63
Cycle 100: GP refit  (109 labelled)
  → SM-105  gap=0.138 eV  best=0.023 eV  top50=9  top10%=64
  gap_min/seed0 → best=0.023 top50=9 top10%=64
BOLoop: 3131 materials  |  direction=min  |  top-50 internal threshold=-0.19  top-10% internal threshold=-0.96
Init: 10 random labels  |  best (min) = 0.219
Cycle   1: full DKL retrain  (10 labelled)
GP warmup: 20 epochs on initial embeddings
/home/roy/software/anaconda3/lib/python3.13/site-packages/torch/_compile.py:32: UserWarning: optimizer contains a parameter group with duplicate parameters; in future, this will cause an error; see github.com/pytorch/pytorch/issues/40967 for more information
  return disable_fn(*args, **kwargs)
Joint DKL training: 50 epochs
  Epoch 20/50  loss=3.0918
  Epoch 40/50  loss=2.8111
DKL training done in 0.5s
  → SM-8806  gap=0.790 eV  best=0.219 eV  top50=0  top10%=1
Cycle   2: GP refit  (11 labelled)
  → SM-8920  gap=1.219 eV  best=0.219 eV  top50=0  top10%=1
Cycle   3: GP refit  (12 labelled)
  → SM-8341  gap=1.056 eV  best=0.219 eV  top50=0  top10%=1
Cycle   4: GP refit  (13 labelled)
  → SM-17557  gap=0.465 eV  best=0.219 eV  top50=0  top10%=2
Cycle   5: GP refit  (14 labelled)
  → SM-12140  gap=1.221 eV  best=0.219 eV  top50=0  top10%=2
Cycle   6: full DKL retrain  (15 labelled)
GP warmup: 20 epochs on initial embeddings
Joint DKL training: 50 epochs
  Epoch 20/50  loss=1.3061
  Epoch 40/50  loss=1.1971
DKL training done in 0.4s
  → SM-7334  gap=0.767 eV  best=0.219 eV  top50=0  top10%=3
Cycle   7: GP refit  (16 labelled)
  → SM-10397  gap=0.228 eV  best=0.219 eV  top50=0  top10%=4
Cycle   8: GP refit  (17 labelled)
  → SM-10673  gap=0.417 eV  best=0.219 eV  top50=0  top10%=5
Cycle   9: GP refit  (18 labelled)
  → SM-17055  gap=0.819 eV  best=0.219 eV  top50=0  top10%=6
Cycle  10: GP refit  (19 labelled)
  → SM-6232  gap=0.164 eV  best=0.164 eV  top50=1  top10%=7
Cycle  11: full DKL retrain  (20 labelled)
GP warmup: 20 epochs on initial embeddings
Joint DKL training: 50 epochs
  Epoch 20/50  loss=0.3992
  Epoch 40/50  loss=0.2266
DKL training done in 0.4s
  → SM-6239  gap=0.740 eV  best=0.164 eV  top50=1  top10%=8
Cycle  12: GP refit  (21 labelled)
  → SM-1643  gap=0.798 eV  best=0.164 eV  top50=1  top10%=9
Cycle  13: GP refit  (22 labelled)
  → SM-1502  gap=0.318 eV  best=0.164 eV  top50=1  top10%=10
Cycle  14: GP refit  (23 labelled)
  → SM-7027  gap=3.278 eV  best=0.164 eV  top50=1  top10%=10
Cycle  15: GP refit  (24 labelled)
  → SM-18777  gap=0.274 eV  best=0.164 eV  top50=1  top10%=11
Cycle  16: full DKL retrain  (25 labelled)
GP warmup: 20 epochs on initial embeddings
Joint DKL training: 50 epochs
  Epoch 20/50  loss=1.6197
  Epoch 40/50  loss=0.3451
DKL training done in 0.4s
  → SM-1753  gap=0.022 eV  best=0.022 eV  top50=2  top10%=12
Cycle  17: GP refit  (26 labelled)
  → SM-4292  gap=1.133 eV  best=0.022 eV  top50=2  top10%=12
Cycle  18: GP refit  (27 labelled)
  → SM-20226  gap=0.057 eV  best=0.022 eV  top50=3  top10%=13
Cycle  19: GP refit  (28 labelled)
  → SM-1627  gap=1.242 eV  best=0.022 eV  top50=3  top10%=13
Cycle  20: GP refit  (29 labelled)
  → SM-4421  gap=0.700 eV  best=0.022 eV  top50=3  top10%=14
Cycle  21: full DKL retrain  (30 labelled)
GP warmup: 20 epochs on initial embeddings
Joint DKL training: 50 epochs
  Epoch 20/50  loss=0.4058
  Epoch 40/50  loss=0.2437
DKL training done in 0.4s
  → SM-5439  gap=0.416 eV  best=0.022 eV  top50=3  top10%=15
Cycle  22: GP refit  (31 labelled)
  → SM-1401  gap=2.500 eV  best=0.022 eV  top50=3  top10%=15
Cycle  23: GP refit  (32 labelled)
  → SM-9094  gap=1.096 eV  best=0.022 eV  top50=3  top10%=15
Cycle  24: GP refit  (33 labelled)
  → SM-5440  gap=0.155 eV  best=0.022 eV  top50=4  top10%=16
Cycle  25: GP refit  (34 labelled)
  → SM-13654  gap=1.032 eV  best=0.022 eV  top50=4  top10%=16
Cycle  26: full DKL retrain  (35 labelled)
GP warmup: 20 epochs on initial embeddings
Joint DKL training: 50 epochs
  Epoch 20/50  loss=0.6126
  Epoch 40/50  loss=0.4577
DKL training done in 0.5s
  → SM-9277  gap=0.584 eV  best=0.022 eV  top50=4  top10%=17
Cycle  27: GP refit  (36 labelled)
  → SM-5224  gap=0.427 eV  best=0.022 eV  top50=4  top10%=18
Cycle  28: GP refit  (37 labelled)
  → SM-4448  gap=0.736 eV  best=0.022 eV  top50=4  top10%=19
Cycle  29: GP refit  (38 labelled)
  → SM-8893  gap=2.480 eV  best=0.022 eV  top50=4  top10%=19
Cycle  30: GP refit  (39 labelled)
  → SM-9351  gap=1.030 eV  best=0.022 eV  top50=4  top10%=19
Cycle  31: full DKL retrain  (40 labelled)
GP warmup: 20 epochs on initial embeddings
Joint DKL training: 50 epochs
  Epoch 20/50  loss=0.6288
  Epoch 40/50  loss=0.5673
DKL training done in 0.4s
  → SM-1690  gap=0.022 eV  best=0.022 eV  top50=5  top10%=20
Cycle  32: GP refit  (41 labelled)
  → SM-14094  gap=0.268 eV  best=0.022 eV  top50=5  top10%=21
Cycle  33: GP refit  (42 labelled)
  → SM-14645  gap=0.802 eV  best=0.022 eV  top50=5  top10%=22
Cycle  34: GP refit  (43 labelled)
  → SM-14081  gap=0.291 eV  best=0.022 eV  top50=5  top10%=23
Cycle  35: GP refit  (44 labelled)
  → SM-4438  gap=0.534 eV  best=0.022 eV  top50=5  top10%=24
Cycle  36: full DKL retrain  (45 labelled)
GP warmup: 20 epochs on initial embeddings
Joint DKL training: 50 epochs
  Epoch 20/50  loss=0.4607
  Epoch 40/50  loss=0.3143
DKL training done in 0.4s
  → SM-1556  gap=0.550 eV  best=0.022 eV  top50=5  top10%=25
Cycle  37: GP refit  (46 labelled)
  → SM-4426  gap=0.612 eV  best=0.022 eV  top50=5  top10%=26
Cycle  38: GP refit  (47 labelled)
  → SM-10653  gap=1.488 eV  best=0.022 eV  top50=5  top10%=26
Cycle  39: GP refit  (48 labelled)
  → SM-4440  gap=0.363 eV  best=0.022 eV  top50=5  top10%=27
Cycle  40: GP refit  (49 labelled)
  → SM-4446  gap=0.430 eV  best=0.022 eV  top50=5  top10%=28
Cycle  41: full DKL retrain  (50 labelled)
GP warmup: 20 epochs on initial embeddings
Joint DKL training: 50 epochs
  Epoch 20/50  loss=0.3636
  Epoch 40/50  loss=0.2943
DKL training done in 0.4s
  → SM-1734  gap=0.156 eV  best=0.022 eV  top50=6  top10%=29
Cycle  42: GP refit  (51 labelled)
  → SM-7092  gap=0.749 eV  best=0.022 eV  top50=6  top10%=30
Cycle  43: GP refit  (52 labelled)
  → SM-11326  gap=1.101 eV  best=0.022 eV  top50=6  top10%=30
Cycle  44: GP refit  (53 labelled)
  → SM-4450  gap=0.681 eV  best=0.022 eV  top50=6  top10%=31
Cycle  45: GP refit  (54 labelled)
  → SM-17118  gap=0.859 eV  best=0.022 eV  top50=6  top10%=32
Cycle  46: full DKL retrain  (55 labelled)
GP warmup: 20 epochs on initial embeddings
Joint DKL training: 50 epochs
  Epoch 20/50  loss=0.1988
  Epoch 40/50  loss=0.0517
DKL training done in 0.4s
  → SM-4435  gap=0.924 eV  best=0.022 eV  top50=6  top10%=33
Cycle  47: GP refit  (56 labelled)
  → SM-5031  gap=0.694 eV  best=0.022 eV  top50=6  top10%=34
Cycle  48: GP refit  (57 labelled)
  → SM-4424  gap=1.221 eV  best=0.022 eV  top50=6  top10%=34
Cycle  49: GP refit  (58 labelled)
  → SM-4428  gap=0.507 eV  best=0.022 eV  top50=6  top10%=35
Cycle  50: GP refit  (59 labelled)
  → SM-14493  gap=0.611 eV  best=0.022 eV  top50=6  top10%=36
Cycle  51: full DKL retrain  (60 labelled)
GP warmup: 20 epochs on initial embeddings
Joint DKL training: 50 epochs
  Epoch 20/50  loss=0.2106
  Epoch 40/50  loss=-0.0257
DKL training done in 0.4s
  → SM-4434  gap=0.879 eV  best=0.022 eV  top50=6  top10%=37
Cycle  52: GP refit  (61 labelled)
  → SM-10629  gap=0.154 eV  best=0.022 eV  top50=7  top10%=38
Cycle  53: GP refit  (62 labelled)
  → SM-14406  gap=1.499 eV  best=0.022 eV  top50=7  top10%=38
Cycle  54: GP refit  (63 labelled)
  → SM-14631  gap=0.136 eV  best=0.022 eV  top50=8  top10%=39
Cycle  55: GP refit  (64 labelled)
  → SM-18184  gap=0.704 eV  best=0.022 eV  top50=8  top10%=40
Cycle  56: full DKL retrain  (65 labelled)
GP warmup: 20 epochs on initial embeddings
Joint DKL training: 50 epochs
  Epoch 20/50  loss=0.0693
  Epoch 40/50  loss=-0.0664
DKL training done in 0.4s
  → SM-14397  gap=0.073 eV  best=0.022 eV  top50=9  top10%=41
Cycle  57: GP refit  (66 labelled)
  → SM-8265  gap=0.622 eV  best=0.022 eV  top50=9  top10%=42
Cycle  58: GP refit  (67 labelled)
  → SM-10640  gap=0.035 eV  best=0.022 eV  top50=10  top10%=43
Cycle  59: GP refit  (68 labelled)
  → SM-8657  gap=0.092 eV  best=0.022 eV  top50=11  top10%=44
Cycle  60: GP refit  (69 labelled)
  → SM-14507  gap=1.359 eV  best=0.022 eV  top50=11  top10%=44
Cycle  61: full DKL retrain  (70 labelled)
GP warmup: 20 epochs on initial embeddings
Joint DKL training: 50 epochs
  Epoch 20/50  loss=-0.0570
  Epoch 40/50  loss=-0.2443
DKL training done in 0.5s
  → SM-6237  gap=0.454 eV  best=0.022 eV  top50=11  top10%=45
Cycle  62: GP refit  (71 labelled)
  → SM-19478  gap=0.568 eV  best=0.022 eV  top50=11  top10%=46
Cycle  63: GP refit  (72 labelled)
  → SM-1514  gap=0.856 eV  best=0.022 eV  top50=11  top10%=47
Cycle  64: GP refit  (73 labelled)
  → SM-14428  gap=0.790 eV  best=0.022 eV  top50=11  top10%=48
Cycle  65: GP refit  (74 labelled)
  → SM-20258  gap=1.208 eV  best=0.022 eV  top50=11  top10%=48
Cycle  66: full DKL retrain  (75 labelled)
GP warmup: 20 epochs on initial embeddings
Joint DKL training: 50 epochs
  Epoch 20/50  loss=-0.3653
  Epoch 40/50  loss=-0.4882
DKL training done in 0.4s
  → SM-8448  gap=0.838 eV  best=0.022 eV  top50=11  top10%=49
Cycle  67: GP refit  (76 labelled)
  → SM-14004  gap=0.459 eV  best=0.022 eV  top50=11  top10%=50
Cycle  68: GP refit  (77 labelled)
  → SM-8597  gap=0.892 eV  best=0.022 eV  top50=11  top10%=51
Cycle  69: GP refit  (78 labelled)
  → SM-4430  gap=1.240 eV  best=0.022 eV  top50=11  top10%=51
Cycle  70: GP refit  (79 labelled)
  → SM-14529  gap=0.568 eV  best=0.022 eV  top50=11  top10%=52
Cycle  71: full DKL retrain  (80 labelled)
GP warmup: 20 epochs on initial embeddings
Joint DKL training: 50 epochs
  Epoch 20/50  loss=-0.4835
  Epoch 40/50  loss=-0.5808
DKL training done in 0.4s
  → SM-8958  gap=2.083 eV  best=0.022 eV  top50=11  top10%=52
Cycle  72: GP refit  (81 labelled)
  → SM-10631  gap=0.655 eV  best=0.022 eV  top50=11  top10%=53
Cycle  73: GP refit  (82 labelled)
  → SM-7448  gap=0.566 eV  best=0.022 eV  top50=11  top10%=54
Cycle  74: GP refit  (83 labelled)
  → SM-17556  gap=0.673 eV  best=0.022 eV  top50=11  top10%=55
Cycle  75: GP refit  (84 labelled)
  → SM-1642  gap=0.640 eV  best=0.022 eV  top50=11  top10%=56
Cycle  76: full DKL retrain  (85 labelled)
GP warmup: 20 epochs on initial embeddings
Joint DKL training: 50 epochs
  Epoch 20/50  loss=-0.5199
  Epoch 40/50  loss=-0.6788
DKL training done in 0.4s
  → SM-12734  gap=1.240 eV  best=0.022 eV  top50=11  top10%=56
Cycle  77: GP refit  (86 labelled)
  → SM-1015  gap=1.289 eV  best=0.022 eV  top50=11  top10%=56
Cycle  78: GP refit  (87 labelled)
  → SM-10630  gap=0.908 eV  best=0.022 eV  top50=11  top10%=57
Cycle  79: GP refit  (88 labelled)
  → SM-14979  gap=0.909 eV  best=0.022 eV  top50=11  top10%=58
Cycle  80: GP refit  (89 labelled)
  → SM-4291  gap=0.683 eV  best=0.022 eV  top50=11  top10%=59
Cycle  81: full DKL retrain  (90 labelled)
GP warmup: 20 epochs on initial embeddings
Joint DKL training: 50 epochs
  Epoch 20/50  loss=-0.4933
  Epoch 40/50  loss=-0.6141
DKL training done in 0.4s
  → SM-17241  gap=0.331 eV  best=0.022 eV  top50=11  top10%=60
Cycle  82: GP refit  (91 labelled)
  → SM-17303  gap=0.343 eV  best=0.022 eV  top50=11  top10%=61
Cycle  83: GP refit  (92 labelled)
  → SM-8259  gap=0.282 eV  best=0.022 eV  top50=11  top10%=62
Cycle  84: GP refit  (93 labelled)
  → SM-17990  gap=0.627 eV  best=0.022 eV  top50=11  top10%=63
Cycle  85: GP refit  (94 labelled)
  → SM-1419  gap=1.519 eV  best=0.022 eV  top50=11  top10%=63
Cycle  86: full DKL retrain  (95 labelled)
GP warmup: 20 epochs on initial embeddings
Joint DKL training: 50 epochs
  Epoch 20/50  loss=-0.4204
  Epoch 40/50  loss=-0.5209
DKL training done in 0.4s
  → SM-5330  gap=0.375 eV  best=0.022 eV  top50=11  top10%=64
Cycle  87: GP refit  (96 labelled)
  → SM-4350  gap=0.593 eV  best=0.022 eV  top50=11  top10%=65
Cycle  88: GP refit  (97 labelled)
  → SM-16228  gap=0.698 eV  best=0.022 eV  top50=11  top10%=66
Cycle  89: GP refit  (98 labelled)
  → SM-8993  gap=1.686 eV  best=0.022 eV  top50=11  top10%=66
Cycle  90: GP refit  (99 labelled)
  → SM-1605  gap=1.697 eV  best=0.022 eV  top50=11  top10%=66
Cycle  91: full DKL retrain  (100 labelled)
GP warmup: 20 epochs on initial embeddings
Joint DKL training: 50 epochs
  Epoch 20/50  loss=-0.2218
  Epoch 40/50  loss=-0.3341
DKL training done in 0.5s
  → SM-6311  gap=0.756 eV  best=0.022 eV  top50=11  top10%=67
Cycle  92: GP refit  (101 labelled)
  → SM-1648  gap=0.649 eV  best=0.022 eV  top50=11  top10%=68
Cycle  93: GP refit  (102 labelled)
  → SM-1652  gap=1.253 eV  best=0.022 eV  top50=11  top10%=68
Cycle  94: GP refit  (103 labelled)
  → SM-6741  gap=0.118 eV  best=0.022 eV  top50=12  top10%=69
Cycle  95: GP refit  (104 labelled)
  → SM-16080  gap=0.744 eV  best=0.022 eV  top50=12  top10%=70
Cycle  96: full DKL retrain  (105 labelled)
GP warmup: 20 epochs on initial embeddings
Joint DKL training: 50 epochs
  Epoch 20/50  loss=-0.3821
  Epoch 40/50  loss=-0.5220
DKL training done in 0.4s
  → SM-480  gap=0.707 eV  best=0.022 eV  top50=12  top10%=71
Cycle  97: GP refit  (106 labelled)
  → SM-10589  gap=2.077 eV  best=0.022 eV  top50=12  top10%=71
Cycle  98: GP refit  (107 labelled)
  → SM-13695  gap=2.744 eV  best=0.022 eV  top50=12  top10%=71
Cycle  99: GP refit  (108 labelled)
  → SM-13517  gap=0.807 eV  best=0.022 eV  top50=12  top10%=72
Cycle 100: GP refit  (109 labelled)
  → SM-6081  gap=0.588 eV  best=0.022 eV  top50=12  top10%=73
  gap_min/seed1 → best=0.022 top50=12 top10%=73
BOLoop: 3131 materials  |  direction=min  |  top-50 internal threshold=-0.19  top-10% internal threshold=-0.96
Init: 10 random labels  |  best (min) = 0.427
Cycle   1: full DKL retrain  (10 labelled)
GP warmup: 20 epochs on initial embeddings
/home/roy/software/anaconda3/lib/python3.13/site-packages/torch/_compile.py:32: UserWarning: optimizer contains a parameter group with duplicate parameters; in future, this will cause an error; see github.com/pytorch/pytorch/issues/40967 for more information
  return disable_fn(*args, **kwargs)
Joint DKL training: 50 epochs
  Epoch 20/50  loss=3.0091
  Epoch 40/50  loss=2.6298
DKL training done in 0.3s
  → SM-1690  gap=0.022 eV  best=0.022 eV  top50=1  top10%=1
Cycle   2: GP refit  (11 labelled)
  → SM-17395  gap=0.057 eV  best=0.022 eV  top50=2  top10%=2
Cycle   3: GP refit  (12 labelled)
  → SM-14631  gap=0.136 eV  best=0.022 eV  top50=3  top10%=3
Cycle   4: GP refit  (13 labelled)
  → SM-17303  gap=0.343 eV  best=0.022 eV  top50=3  top10%=4
Cycle   5: GP refit  (14 labelled)
  → SM-17394  gap=0.225 eV  best=0.022 eV  top50=3  top10%=5
Cycle   6: full DKL retrain  (15 labelled)
GP warmup: 20 epochs on initial embeddings
Joint DKL training: 50 epochs
  Epoch 20/50  loss=1.2103
  Epoch 40/50  loss=1.1030
DKL training done in 0.4s
  → SM-256  gap=2.577 eV  best=0.022 eV  top50=3  top10%=5
Cycle   7: GP refit  (16 labelled)
  → SM-14916  gap=0.394 eV  best=0.022 eV  top50=3  top10%=6
Cycle   8: GP refit  (17 labelled)
  → SM-18000  gap=1.375 eV  best=0.022 eV  top50=3  top10%=6
Cycle   9: GP refit  (18 labelled)
  → SM-701  gap=1.733 eV  best=0.022 eV  top50=3  top10%=6
Cycle  10: GP refit  (19 labelled)
  → SM-10640  gap=0.035 eV  best=0.022 eV  top50=4  top10%=7
Cycle  11: full DKL retrain  (20 labelled)
GP warmup: 20 epochs on initial embeddings
Joint DKL training: 50 epochs
  Epoch 20/50  loss=0.8193
  Epoch 40/50  loss=0.4873
DKL training done in 0.4s
  → SM-4428  gap=0.507 eV  best=0.022 eV  top50=4  top10%=8
Cycle  12: GP refit  (21 labelled)
  → SM-12472  gap=1.218 eV  best=0.022 eV  top50=4  top10%=8
Cycle  13: GP refit  (22 labelled)
  → SM-5499  gap=1.152 eV  best=0.022 eV  top50=4  top10%=8
Cycle  14: GP refit  (23 labelled)
  → SM-7092  gap=0.749 eV  best=0.022 eV  top50=4  top10%=9
Cycle  15: GP refit  (24 labelled)
  → SM-10631  gap=0.655 eV  best=0.022 eV  top50=4  top10%=10
Cycle  16: full DKL retrain  (25 labelled)
GP warmup: 20 epochs on initial embeddings
Joint DKL training: 50 epochs
  Epoch 20/50  loss=0.1960
  Epoch 40/50  loss=-0.0512
DKL training done in 0.5s
  → SM-4421  gap=0.700 eV  best=0.022 eV  top50=4  top10%=11
Cycle  17: GP refit  (26 labelled)
  → SM-18267  gap=0.848 eV  best=0.022 eV  top50=4  top10%=12
Cycle  18: GP refit  (27 labelled)
  → SM-5031  gap=0.694 eV  best=0.022 eV  top50=4  top10%=13
Cycle  19: GP refit  (28 labelled)
  → SM-9351  gap=1.030 eV  best=0.022 eV  top50=4  top10%=13
Cycle  20: GP refit  (29 labelled)
  → SM-15968  gap=0.831 eV  best=0.022 eV  top50=4  top10%=14
Cycle  21: full DKL retrain  (30 labelled)
GP warmup: 20 epochs on initial embeddings
Joint DKL training: 50 epochs
  Epoch 20/50  loss=0.0039
  Epoch 40/50  loss=-0.3111
DKL training done in 0.5s
  → SM-6265  gap=0.023 eV  best=0.022 eV  top50=5  top10%=15
Cycle  22: GP refit  (31 labelled)
  → SM-1431  gap=0.056 eV  best=0.022 eV  top50=6  top10%=16
Cycle  23: GP refit  (32 labelled)
  → SM-6239  gap=0.740 eV  best=0.022 eV  top50=6  top10%=17
Cycle  24: GP refit  (33 labelled)
  → SM-5251  gap=1.172 eV  best=0.022 eV  top50=6  top10%=17
Cycle  25: GP refit  (34 labelled)
  → SM-6081  gap=0.588 eV  best=0.022 eV  top50=6  top10%=18
Cycle  26: full DKL retrain  (35 labelled)
GP warmup: 20 epochs on initial embeddings
Joint DKL training: 50 epochs
  Epoch 20/50  loss=0.0324
  Epoch 40/50  loss=-0.5731
DKL training done in 0.5s
  → SM-11259  gap=1.605 eV  best=0.022 eV  top50=6  top10%=18
Cycle  27: GP refit  (36 labelled)
  → SM-14753  gap=0.041 eV  best=0.022 eV  top50=7  top10%=19
Cycle  28: GP refit  (37 labelled)
  → SM-17242  gap=0.674 eV  best=0.022 eV  top50=7  top10%=20
Cycle  29: GP refit  (38 labelled)
  → SM-9277  gap=0.584 eV  best=0.022 eV  top50=7  top10%=21
Cycle  30: GP refit  (39 labelled)
  → SM-17393  gap=0.289 eV  best=0.022 eV  top50=7  top10%=22
Cycle  31: full DKL retrain  (40 labelled)
GP warmup: 20 epochs on initial embeddings
Joint DKL training: 50 epochs
  Epoch 20/50  loss=0.0665
  Epoch 40/50  loss=-0.4427
DKL training done in 0.4s
  → SM-1655  gap=1.686 eV  best=0.022 eV  top50=7  top10%=22
Cycle  32: GP refit  (41 labelled)
  → SM-18184  gap=0.704 eV  best=0.022 eV  top50=7  top10%=23
Cycle  33: GP refit  (42 labelled)
  → SM-4444  gap=1.211 eV  best=0.022 eV  top50=7  top10%=23
Cycle  34: GP refit  (43 labelled)
  → SM-1400  gap=0.601 eV  best=0.022 eV  top50=7  top10%=24
Cycle  35: GP refit  (44 labelled)
  → SM-6449  gap=1.144 eV  best=0.022 eV  top50=7  top10%=24
Cycle  36: full DKL retrain  (45 labelled)
GP warmup: 20 epochs on initial embeddings
Joint DKL training: 50 epochs
  Epoch 20/50  loss=0.7936
  Epoch 40/50  loss=0.3119
DKL training done in 0.4s
  → SM-4435  gap=0.924 eV  best=0.022 eV  top50=7  top10%=25
Cycle  37: GP refit  (46 labelled)
  → SM-1661  gap=0.080 eV  best=0.022 eV  top50=8  top10%=26
Cycle  38: GP refit  (47 labelled)
  → SM-17229  gap=1.470 eV  best=0.022 eV  top50=8  top10%=26
Cycle  39: GP refit  (48 labelled)
  → SM-14405  gap=0.960 eV  best=0.022 eV  top50=8  top10%=26
Cycle  40: GP refit  (49 labelled)
  → SM-16228  gap=0.698 eV  best=0.022 eV  top50=8  top10%=27
Cycle  41: full DKL retrain  (50 labelled)
GP warmup: 20 epochs on initial embeddings
Joint DKL training: 50 epochs
  Epoch 20/50  loss=0.2574
  Epoch 40/50  loss=0.0269
DKL training done in 0.5s
  → SM-105  gap=0.138 eV  best=0.022 eV  top50=9  top10%=28
Cycle  42: GP refit  (51 labelled)
  → SM-7178  gap=0.579 eV  best=0.022 eV  top50=9  top10%=29
Cycle  43: GP refit  (52 labelled)
  → SM-19064  gap=0.153 eV  best=0.022 eV  top50=10  top10%=30
Cycle  44: GP refit  (53 labelled)
  → SM-4350  gap=0.593 eV  best=0.022 eV  top50=10  top10%=31
Cycle  45: GP refit  (54 labelled)
  → SM-11078  gap=2.540 eV  best=0.022 eV  top50=10  top10%=31
Cycle  46: full DKL retrain  (55 labelled)
GP warmup: 20 epochs on initial embeddings
Joint DKL training: 50 epochs
  Epoch 20/50  loss=0.1491
  Epoch 40/50  loss=-0.1182
DKL training done in 0.5s
  → SM-4426  gap=0.612 eV  best=0.022 eV  top50=10  top10%=32
Cycle  47: GP refit  (56 labelled)
  → SM-7881  gap=3.800 eV  best=0.022 eV  top50=10  top10%=32
Cycle  48: GP refit  (57 labelled)
  → SM-14748  gap=1.148 eV  best=0.022 eV  top50=10  top10%=32
Cycle  49: GP refit  (58 labelled)
  → SM-5249  gap=0.118 eV  best=0.022 eV  top50=11  top10%=33
Cycle  50: GP refit  (59 labelled)
  → SM-1734  gap=0.156 eV  best=0.022 eV  top50=12  top10%=34
Cycle  51: full DKL retrain  (60 labelled)
GP warmup: 20 epochs on initial embeddings
Joint DKL training: 50 epochs
  Epoch 20/50  loss=0.1379
  Epoch 40/50  loss=-0.0786
DKL training done in 0.5s
  → SM-6741  gap=0.118 eV  best=0.022 eV  top50=13  top10%=35
Cycle  52: GP refit  (61 labelled)
  → SM-17265  gap=0.586 eV  best=0.022 eV  top50=13  top10%=36
Cycle  53: GP refit  (62 labelled)
  → SM-17536  gap=0.552 eV  best=0.022 eV  top50=13  top10%=37
Cycle  54: GP refit  (63 labelled)
  → SM-17515  gap=1.309 eV  best=0.022 eV  top50=13  top10%=37
Cycle  55: GP refit  (64 labelled)
  → SM-20258  gap=1.208 eV  best=0.022 eV  top50=13  top10%=37
Cycle  56: full DKL retrain  (65 labelled)
GP warmup: 20 epochs on initial embeddings
Joint DKL training: 50 epochs
  Epoch 20/50  loss=0.0981
  Epoch 40/50  loss=-0.1877
DKL training done in 0.6s
  → SM-8265  gap=0.622 eV  best=0.022 eV  top50=13  top10%=38
Cycle  57: GP refit  (66 labelled)
  → SM-13750  gap=2.117 eV  best=0.022 eV  top50=13  top10%=38
Cycle  58: GP refit  (67 labelled)
  → SM-4434  gap=0.879 eV  best=0.022 eV  top50=13  top10%=39
Cycle  59: GP refit  (68 labelled)
  → SM-17118  gap=0.859 eV  best=0.022 eV  top50=13  top10%=40
Cycle  60: GP refit  (69 labelled)
  → SM-6232  gap=0.164 eV  best=0.022 eV  top50=14  top10%=41
Cycle  61: full DKL retrain  (70 labelled)
GP warmup: 20 epochs on initial embeddings
Joint DKL training: 50 epochs
  Epoch 20/50  loss=0.3041
  Epoch 40/50  loss=0.1041
DKL training done in 0.4s
  → SM-7457  gap=0.461 eV  best=0.022 eV  top50=14  top10%=42
Cycle  62: GP refit  (71 labelled)
  → SM-19178  gap=1.932 eV  best=0.022 eV  top50=14  top10%=42
Cycle  63: GP refit  (72 labelled)
  → SM-7534  gap=1.341 eV  best=0.022 eV  top50=14  top10%=42
Cycle  64: GP refit  (73 labelled)
  → SM-17238  gap=1.497 eV  best=0.022 eV  top50=14  top10%=42
Cycle  65: GP refit  (74 labelled)
  → SM-4438  gap=0.534 eV  best=0.022 eV  top50=14  top10%=43
Cycle  66: full DKL retrain  (75 labelled)
GP warmup: 20 epochs on initial embeddings
Joint DKL training: 50 epochs
  Epoch 20/50  loss=0.2650
  Epoch 40/50  loss=0.0937
DKL training done in 0.4s
  → SM-17119  gap=2.484 eV  best=0.022 eV  top50=14  top10%=43
Cycle  67: GP refit  (76 labelled)
  → SM-10463  gap=0.408 eV  best=0.022 eV  top50=14  top10%=44
Cycle  68: GP refit  (77 labelled)
  → SM-18777  gap=0.274 eV  best=0.022 eV  top50=14  top10%=45
Cycle  69: GP refit  (78 labelled)
  → SM-14610  gap=0.696 eV  best=0.022 eV  top50=14  top10%=46
Cycle  70: GP refit  (79 labelled)
  → SM-4448  gap=0.736 eV  best=0.022 eV  top50=14  top10%=47
Cycle  71: full DKL retrain  (80 labelled)
GP warmup: 20 epochs on initial embeddings
Joint DKL training: 50 epochs
  Epoch 20/50  loss=0.0909
  Epoch 40/50  loss=-0.1665
DKL training done in 1.5s
  → SM-10489  gap=0.053 eV  best=0.022 eV  top50=15  top10%=48
Cycle  72: GP refit  (81 labelled)
  → SM-11454  gap=1.315 eV  best=0.022 eV  top50=15  top10%=48
Cycle  73: GP refit  (82 labelled)
  → SM-11415  gap=2.493 eV  best=0.022 eV  top50=15  top10%=48
Cycle  74: GP refit  (83 labelled)
  → SM-17551  gap=1.434 eV  best=0.022 eV  top50=15  top10%=48
Cycle  75: GP refit  (84 labelled)
  → SM-7027  gap=3.278 eV  best=0.022 eV  top50=15  top10%=48
Cycle  76: full DKL retrain  (85 labelled)
GP warmup: 20 epochs on initial embeddings
Joint DKL training: 50 epochs
  Epoch 20/50  loss=0.2661
  Epoch 40/50  loss=0.0367
DKL training done in 1.5s
  → SM-20226  gap=0.057 eV  best=0.022 eV  top50=16  top10%=49
Cycle  77: GP refit  (86 labelled)
  → SM-17181  gap=0.606 eV  best=0.022 eV  top50=16  top10%=50
Cycle  78: GP refit  (87 labelled)
  → SM-1617  gap=1.111 eV  best=0.022 eV  top50=16  top10%=50
Cycle  79: GP refit  (88 labelled)
  → SM-4446  gap=0.430 eV  best=0.022 eV  top50=16  top10%=51
Cycle  80: GP refit  (89 labelled)
  → SM-8657  gap=0.092 eV  best=0.022 eV  top50=17  top10%=52
Cycle  81: full DKL retrain  (90 labelled)
GP warmup: 20 epochs on initial embeddings
Joint DKL training: 50 epochs
  Epoch 20/50  loss=-0.1508
  Epoch 40/50  loss=-0.3432
DKL training done in 0.4s
  → SM-18389  gap=0.863 eV  best=0.022 eV  top50=17  top10%=53
Cycle  82: GP refit  (91 labelled)
  → SM-16084  gap=0.794 eV  best=0.022 eV  top50=17  top10%=54
Cycle  83: GP refit  (92 labelled)
  → SM-4440  gap=0.363 eV  best=0.022 eV  top50=17  top10%=55
Cycle  84: GP refit  (93 labelled)
  → SM-14428  gap=0.790 eV  best=0.022 eV  top50=17  top10%=56
Cycle  85: GP refit  (94 labelled)
  → SM-8242  gap=0.648 eV  best=0.022 eV  top50=17  top10%=57
Cycle  86: full DKL retrain  (95 labelled)
GP warmup: 20 epochs on initial embeddings
Joint DKL training: 50 epochs
  Epoch 20/50  loss=-0.3768
  Epoch 40/50  loss=-0.5419
DKL training done in 0.4s
  → SM-14583  gap=1.423 eV  best=0.022 eV  top50=17  top10%=57
Cycle  87: GP refit  (96 labelled)
  → SM-20300  gap=3.154 eV  best=0.022 eV  top50=17  top10%=57
Cycle  88: GP refit  (97 labelled)
  → SM-17557  gap=0.465 eV  best=0.022 eV  top50=17  top10%=58
Cycle  89: GP refit  (98 labelled)
  → SM-10629  gap=0.154 eV  best=0.022 eV  top50=18  top10%=59
Cycle  90: GP refit  (99 labelled)
  → SM-11326  gap=1.101 eV  best=0.022 eV  top50=18  top10%=59
Cycle  91: full DKL retrain  (100 labelled)
GP warmup: 20 epochs on initial embeddings
Joint DKL training: 50 epochs
  Epoch 20/50  loss=-0.0413
  Epoch 40/50  loss=-0.2696
DKL training done in 0.4s
  → SM-14645  gap=0.802 eV  best=0.022 eV  top50=18  top10%=60
Cycle  92: GP refit  (101 labelled)
  → SM-9321  gap=0.943 eV  best=0.022 eV  top50=18  top10%=61
Cycle  93: GP refit  (102 labelled)
  → SM-18172  gap=1.312 eV  best=0.022 eV  top50=18  top10%=61
Cycle  94: GP refit  (103 labelled)
  → SM-9287  gap=3.100 eV  best=0.022 eV  top50=18  top10%=61
Cycle  95: GP refit  (104 labelled)
  → SM-13785  gap=0.789 eV  best=0.022 eV  top50=18  top10%=62
Cycle  96: full DKL retrain  (105 labelled)
GP warmup: 20 epochs on initial embeddings
Joint DKL training: 50 epochs
  Epoch 20/50  loss=-0.1783
  Epoch 40/50  loss=-0.3951
DKL training done in 0.4s
  → SM-700  gap=2.352 eV  best=0.022 eV  top50=18  top10%=62
Cycle  97: GP refit  (106 labelled)
  → SM-16949  gap=2.998 eV  best=0.022 eV  top50=18  top10%=62
Cycle  98: GP refit  (107 labelled)
  → SM-9923  gap=1.022 eV  best=0.022 eV  top50=18  top10%=62
Cycle  99: GP refit  (108 labelled)
  → SM-14979  gap=0.909 eV  best=0.022 eV  top50=18  top10%=63
Cycle 100: GP refit  (109 labelled)
  → SM-16500  gap=3.302 eV  best=0.022 eV  top50=18  top10%=63
  gap_min/seed2 → best=0.022 top50=18 top10%=63
BOLoop: 3131 materials  |  direction=min  |  top-50 internal threshold=-0.19  top-10% internal threshold=-0.96
Init: 10 random labels  |  best (min) = 0.072
Cycle   1: full DKL retrain  (10 labelled)
GP warmup: 20 epochs on initial embeddings
/home/roy/software/anaconda3/lib/python3.13/site-packages/torch/_compile.py:32: UserWarning: optimizer contains a parameter group with duplicate parameters; in future, this will cause an error; see github.com/pytorch/pytorch/issues/40967 for more information
  return disable_fn(*args, **kwargs)
Joint DKL training: 50 epochs
  Epoch 20/50  loss=2.8854
  Epoch 40/50  loss=2.6452
DKL training done in 0.5s
  → SM-11005  gap=1.389 eV  best=0.072 eV  top50=0  top10%=0
Cycle   2: GP refit  (11 labelled)
  → SM-20313  gap=0.189 eV  best=0.072 eV  top50=0  top10%=1
Cycle   3: GP refit  (12 labelled)
  → SM-6713  gap=0.192 eV  best=0.072 eV  top50=0  top10%=2
Cycle   4: GP refit  (13 labelled)
  → SM-5329  gap=0.638 eV  best=0.072 eV  top50=0  top10%=3
Cycle   5: GP refit  (14 labelled)
  → SM-10892  gap=3.014 eV  best=0.072 eV  top50=0  top10%=3
Cycle   6: full DKL retrain  (15 labelled)
GP warmup: 20 epochs on initial embeddings
Joint DKL training: 50 epochs
  Epoch 20/50  loss=1.2847
  Epoch 40/50  loss=1.1520
DKL training done in 0.6s
  → SM-4345  gap=1.307 eV  best=0.072 eV  top50=0  top10%=3
Cycle   7: GP refit  (16 labelled)
  → SM-645  gap=1.354 eV  best=0.072 eV  top50=0  top10%=3
Cycle   8: GP refit  (17 labelled)
  → SM-1655  gap=1.686 eV  best=0.072 eV  top50=0  top10%=3
Cycle   9: GP refit  (18 labelled)
  → SM-4430  gap=1.240 eV  best=0.072 eV  top50=0  top10%=3
Cycle  10: GP refit  (19 labelled)
  → SM-19151  gap=3.267 eV  best=0.072 eV  top50=0  top10%=3
Cycle  11: full DKL retrain  (20 labelled)
GP warmup: 20 epochs on initial embeddings
Joint DKL training: 50 epochs
  Epoch 20/50  loss=1.0220
  Epoch 40/50  loss=0.7197
DKL training done in 0.3s
  → SM-20318  gap=1.098 eV  best=0.072 eV  top50=0  top10%=3
Cycle  12: GP refit  (21 labelled)
  → SM-18201  gap=0.435 eV  best=0.072 eV  top50=0  top10%=4
Cycle  13: GP refit  (22 labelled)
  → SM-677  gap=2.070 eV  best=0.072 eV  top50=0  top10%=4
Cycle  14: GP refit  (23 labelled)
  → SM-20316  gap=1.189 eV  best=0.072 eV  top50=0  top10%=4
Cycle  15: GP refit  (24 labelled)
  → SM-17180  gap=1.016 eV  best=0.072 eV  top50=0  top10%=4
Cycle  16: full DKL retrain  (25 labelled)
GP warmup: 20 epochs on initial embeddings
Joint DKL training: 50 epochs
  Epoch 20/50  loss=0.8173
  Epoch 40/50  loss=0.5716
DKL training done in 0.5s
  → SM-5210  gap=3.787 eV  best=0.072 eV  top50=0  top10%=4
Cycle  17: GP refit  (26 labelled)
  → SM-16214  gap=0.891 eV  best=0.072 eV  top50=0  top10%=5
Cycle  18: GP refit  (27 labelled)
  → SM-14632  gap=0.480 eV  best=0.072 eV  top50=0  top10%=6
Cycle  19: GP refit  (28 labelled)
  → SM-20134  gap=1.296 eV  best=0.072 eV  top50=0  top10%=6
Cycle  20: GP refit  (29 labelled)
  → SM-15751  gap=0.039 eV  best=0.039 eV  top50=1  top10%=7
Cycle  21: full DKL retrain  (30 labelled)
GP warmup: 20 epochs on initial embeddings
Joint DKL training: 50 epochs
  Epoch 20/50  loss=0.5982
  Epoch 40/50  loss=0.4118
DKL training done in 0.4s
  → SM-1551  gap=0.158 eV  best=0.039 eV  top50=2  top10%=8
Cycle  22: GP refit  (31 labelled)
  → SM-12198  gap=2.420 eV  best=0.039 eV  top50=2  top10%=8
Cycle  23: GP refit  (32 labelled)
  → SM-4254  gap=0.354 eV  best=0.039 eV  top50=2  top10%=9
Cycle  24: GP refit  (33 labelled)
  → SM-15785  gap=0.160 eV  best=0.039 eV  top50=3  top10%=10
Cycle  25: GP refit  (34 labelled)
  → SM-8001  gap=0.505 eV  best=0.039 eV  top50=3  top10%=11
Cycle  26: full DKL retrain  (35 labelled)
GP warmup: 20 epochs on initial embeddings
Joint DKL training: 50 epochs
  Epoch 20/50  loss=0.6081
  Epoch 40/50  loss=0.1678
DKL training done in 0.5s
  → SM-8685  gap=0.885 eV  best=0.039 eV  top50=3  top10%=12
Cycle  27: GP refit  (36 labelled)
  → SM-5584  gap=0.733 eV  best=0.039 eV  top50=3  top10%=13
Cycle  28: GP refit  (37 labelled)
  → SM-13564  gap=0.410 eV  best=0.039 eV  top50=3  top10%=14
Cycle  29: GP refit  (38 labelled)
  → SM-14889  gap=0.139 eV  best=0.039 eV  top50=4  top10%=15
Cycle  30: GP refit  (39 labelled)
  → SM-4348  gap=0.970 eV  best=0.039 eV  top50=4  top10%=15
Cycle  31: full DKL retrain  (40 labelled)
GP warmup: 20 epochs on initial embeddings
Joint DKL training: 50 epochs
  Epoch 20/50  loss=-0.1854
  Epoch 40/50  loss=-0.3809
DKL training done in 0.5s
  → SM-14748  gap=1.148 eV  best=0.039 eV  top50=4  top10%=15
Cycle  32: GP refit  (41 labelled)
  → SM-6311  gap=0.756 eV  best=0.039 eV  top50=4  top10%=16
Cycle  33: GP refit  (42 labelled)
  → SM-19640  gap=2.079 eV  best=0.039 eV  top50=4  top10%=16
Cycle  34: GP refit  (43 labelled)
  → SM-4302  gap=1.806 eV  best=0.039 eV  top50=4  top10%=16
Cycle  35: GP refit  (44 labelled)
  → SM-6239  gap=0.740 eV  best=0.039 eV  top50=4  top10%=17
Cycle  36: full DKL retrain  (45 labelled)
GP warmup: 20 epochs on initial embeddings
Joint DKL training: 50 epochs
  Epoch 20/50  loss=0.0421
  Epoch 40/50  loss=-0.1622
DKL training done in 0.6s
  → SM-8017  gap=1.133 eV  best=0.039 eV  top50=4  top10%=17
Cycle  37: GP refit  (46 labelled)
  → SM-17993  gap=1.366 eV  best=0.039 eV  top50=4  top10%=17
Cycle  38: GP refit  (47 labelled)
  → SM-10474  gap=0.635 eV  best=0.039 eV  top50=4  top10%=18
Cycle  39: GP refit  (48 labelled)
  → SM-16800  gap=1.073 eV  best=0.039 eV  top50=4  top10%=18
Cycle  40: GP refit  (49 labelled)
  → SM-10032  gap=0.458 eV  best=0.039 eV  top50=4  top10%=19
Cycle  41: full DKL retrain  (50 labelled)
GP warmup: 20 epochs on initial embeddings
Joint DKL training: 50 epochs
  Epoch 20/50  loss=-0.0726
  Epoch 40/50  loss=-0.3340
DKL training done in 0.5s
  → SM-8448  gap=0.838 eV  best=0.039 eV  top50=4  top10%=20
Cycle  42: GP refit  (51 labelled)
  → SM-8534  gap=0.273 eV  best=0.039 eV  top50=4  top10%=21
Cycle  43: GP refit  (52 labelled)
  → SM-10611  gap=3.502 eV  best=0.039 eV  top50=4  top10%=21
Cycle  44: GP refit  (53 labelled)
  → SM-8597  gap=0.892 eV  best=0.039 eV  top50=4  top10%=22
Cycle  45: GP refit  (54 labelled)
  → SM-5216  gap=1.161 eV  best=0.039 eV  top50=4  top10%=22
Cycle  46: full DKL retrain  (55 labelled)
GP warmup: 20 epochs on initial embeddings
Joint DKL training: 50 epochs
  Epoch 20/50  loss=0.0203
  Epoch 40/50  loss=-0.2545
DKL training done in 0.4s
  → SM-7448  gap=0.566 eV  best=0.039 eV  top50=4  top10%=23
Cycle  47: GP refit  (56 labelled)
  → SM-1642  gap=0.640 eV  best=0.039 eV  top50=4  top10%=24
Cycle  48: GP refit  (57 labelled)
  → SM-16089  gap=0.796 eV  best=0.039 eV  top50=4  top10%=25
Cycle  49: GP refit  (58 labelled)
  → SM-10347  gap=1.824 eV  best=0.039 eV  top50=4  top10%=25
Cycle  50: GP refit  (59 labelled)
  → SM-14003  gap=1.028 eV  best=0.039 eV  top50=4  top10%=25
Cycle  51: full DKL retrain  (60 labelled)
GP warmup: 20 epochs on initial embeddings
Joint DKL training: 50 epochs
  Epoch 20/50  loss=-0.4322
  Epoch 40/50  loss=-0.6529
DKL training done in 0.4s
  → SM-5126  gap=0.516 eV  best=0.039 eV  top50=4  top10%=26
Cycle  52: GP refit  (61 labelled)
  → SM-5330  gap=0.375 eV  best=0.039 eV  top50=4  top10%=27
Cycle  53: GP refit  (62 labelled)
  → SM-14753  gap=0.041 eV  best=0.039 eV  top50=5  top10%=28
Cycle  54: GP refit  (63 labelled)
  → SM-17219  gap=1.555 eV  best=0.039 eV  top50=5  top10%=28
Cycle  55: GP refit  (64 labelled)
  → SM-18574  gap=1.621 eV  best=0.039 eV  top50=5  top10%=28
Cycle  56: full DKL retrain  (65 labelled)
GP warmup: 20 epochs on initial embeddings
Joint DKL training: 50 epochs
  Epoch 20/50  loss=-0.2225
  Epoch 40/50  loss=-0.4821
DKL training done in 0.5s
  → SM-14583  gap=1.423 eV  best=0.039 eV  top50=5  top10%=28
Cycle  57: GP refit  (66 labelled)
  → SM-6232  gap=0.164 eV  best=0.039 eV  top50=6  top10%=29
Cycle  58: GP refit  (67 labelled)
  → SM-6906  gap=0.442 eV  best=0.039 eV  top50=6  top10%=30
Cycle  59: GP refit  (68 labelled)
  → SM-11034  gap=1.042 eV  best=0.039 eV  top50=6  top10%=30
Cycle  60: GP refit  (69 labelled)
  → SM-3111  gap=0.857 eV  best=0.039 eV  top50=6  top10%=31
Cycle  61: full DKL retrain  (70 labelled)
GP warmup: 20 epochs on initial embeddings
Joint DKL training: 50 epochs
  Epoch 20/50  loss=-0.1868
  Epoch 40/50  loss=-0.3791
DKL training done in 0.6s
  → SM-16497  gap=2.761 eV  best=0.039 eV  top50=6  top10%=31
Cycle  62: GP refit  (71 labelled)
  → SM-14540  gap=1.468 eV  best=0.039 eV  top50=6  top10%=31
Cycle  63: GP refit  (72 labelled)
  → SM-17459  gap=2.897 eV  best=0.039 eV  top50=6  top10%=31
Cycle  64: GP refit  (73 labelled)
  → SM-15758  gap=1.985 eV  best=0.039 eV  top50=6  top10%=31
Cycle  65: GP refit  (74 labelled)
  → SM-1643  gap=0.798 eV  best=0.039 eV  top50=6  top10%=32
Cycle  66: full DKL retrain  (75 labelled)
GP warmup: 20 epochs on initial embeddings
Joint DKL training: 50 epochs
  Epoch 20/50  loss=0.0530
  Epoch 40/50  loss=-0.0412
DKL training done in 0.5s
  → SM-14610  gap=0.696 eV  best=0.039 eV  top50=6  top10%=33
Cycle  67: GP refit  (76 labelled)
  → SM-8573  gap=0.710 eV  best=0.039 eV  top50=6  top10%=34
Cycle  68: GP refit  (77 labelled)
  → SM-3068  gap=0.818 eV  best=0.039 eV  top50=6  top10%=35
Cycle  69: GP refit  (78 labelled)
  → SM-4335  gap=1.083 eV  best=0.039 eV  top50=6  top10%=35
Cycle  70: GP refit  (79 labelled)
  → SM-17303  gap=0.343 eV  best=0.039 eV  top50=6  top10%=36
Cycle  71: full DKL retrain  (80 labelled)
GP warmup: 20 epochs on initial embeddings
Joint DKL training: 50 epochs
  Epoch 20/50  loss=-0.2780
  Epoch 40/50  loss=-0.4856
DKL training done in 0.4s
  → SM-17536  gap=0.552 eV  best=0.039 eV  top50=6  top10%=37
Cycle  72: GP refit  (81 labelled)
  → SM-17597  gap=3.072 eV  best=0.039 eV  top50=6  top10%=37
Cycle  73: GP refit  (82 labelled)
  → SM-16985  gap=0.237 eV  best=0.039 eV  top50=6  top10%=38
Cycle  74: GP refit  (83 labelled)
  → SM-10855  gap=1.552 eV  best=0.039 eV  top50=6  top10%=38
Cycle  75: GP refit  (84 labelled)
  → SM-16228  gap=0.698 eV  best=0.039 eV  top50=6  top10%=39
Cycle  76: full DKL retrain  (85 labelled)
GP warmup: 20 epochs on initial embeddings
Joint DKL training: 50 epochs
  Epoch 20/50  loss=-0.4215
  Epoch 40/50  loss=-0.6253
DKL training done in 0.5s
  → SM-1563  gap=0.181 eV  best=0.039 eV  top50=7  top10%=40
Cycle  77: GP refit  (86 labelled)
  → SM-17065  gap=0.892 eV  best=0.039 eV  top50=7  top10%=41
Cycle  78: GP refit  (87 labelled)
  → SM-4184  gap=2.834 eV  best=0.039 eV  top50=7  top10%=41
Cycle  79: GP refit  (88 labelled)
  → SM-10654  gap=0.834 eV  best=0.039 eV  top50=7  top10%=42
Cycle  80: GP refit  (89 labelled)
  → SM-17066  gap=0.630 eV  best=0.039 eV  top50=7  top10%=43
Cycle  81: full DKL retrain  (90 labelled)
GP warmup: 20 epochs on initial embeddings
Joint DKL training: 50 epochs
  Epoch 20/50  loss=-0.3644
  Epoch 40/50  loss=-0.7093
DKL training done in 0.4s
  → SM-3507  gap=2.390 eV  best=0.039 eV  top50=7  top10%=43
Cycle  82: GP refit  (91 labelled)
  → SM-11470  gap=1.766 eV  best=0.039 eV  top50=7  top10%=43
Cycle  83: GP refit  (92 labelled)
  → SM-11003  gap=1.398 eV  best=0.039 eV  top50=7  top10%=43
Cycle  84: GP refit  (93 labelled)
  → SM-9300  gap=1.975 eV  best=0.039 eV  top50=7  top10%=43
Cycle  85: GP refit  (94 labelled)
  → SM-11011  gap=1.232 eV  best=0.039 eV  top50=7  top10%=43
Cycle  86: full DKL retrain  (95 labelled)
GP warmup: 20 epochs on initial embeddings
Joint DKL training: 50 epochs
  Epoch 20/50  loss=-0.1653
  Epoch 40/50  loss=-0.3738
DKL training done in 0.4s
  → SM-16130  gap=0.871 eV  best=0.039 eV  top50=7  top10%=44
Cycle  87: GP refit  (96 labelled)
  → SM-13599  gap=1.005 eV  best=0.039 eV  top50=7  top10%=44
Cycle  88: GP refit  (97 labelled)
  → SM-8486  gap=0.370 eV  best=0.039 eV  top50=7  top10%=45
Cycle  89: GP refit  (98 labelled)
  → SM-17258  gap=1.535 eV  best=0.039 eV  top50=7  top10%=45
Cycle  90: GP refit  (99 labelled)
  → SM-18777  gap=0.274 eV  best=0.039 eV  top50=7  top10%=46
Cycle  91: full DKL retrain  (100 labelled)
GP warmup: 20 epochs on initial embeddings
Joint DKL training: 50 epochs
  Epoch 20/50  loss=-0.6029
  Epoch 40/50  loss=-0.8021
DKL training done in 0.4s
  → SM-7178  gap=0.579 eV  best=0.039 eV  top50=7  top10%=47
Cycle  92: GP refit  (101 labelled)
  → SM-10681  gap=2.588 eV  best=0.039 eV  top50=7  top10%=47
Cycle  93: GP refit  (102 labelled)
  → SM-20105  gap=1.692 eV  best=0.039 eV  top50=7  top10%=47
Cycle  94: GP refit  (103 labelled)
  → SM-6741  gap=0.118 eV  best=0.039 eV  top50=8  top10%=48
Cycle  95: GP refit  (104 labelled)
  → SM-435  gap=0.246 eV  best=0.039 eV  top50=8  top10%=49
Cycle  96: full DKL retrain  (105 labelled)
GP warmup: 20 epochs on initial embeddings
Joint DKL training: 50 epochs
  Epoch 20/50  loss=-0.6093
  Epoch 40/50  loss=-0.8941
DKL training done in 0.4s
  → SM-588  gap=1.824 eV  best=0.039 eV  top50=8  top10%=49
Cycle  97: GP refit  (106 labelled)
  → SM-10706  gap=1.068 eV  best=0.039 eV  top50=8  top10%=49
Cycle  98: GP refit  (107 labelled)
  → SM-13092  gap=0.907 eV  best=0.039 eV  top50=8  top10%=50
Cycle  99: GP refit  (108 labelled)
  → SM-6515  gap=0.263 eV  best=0.039 eV  top50=8  top10%=51
Cycle 100: GP refit  (109 labelled)
  → SM-507  gap=3.964 eV  best=0.039 eV  top50=8  top10%=51
  gap_min/seed3 → best=0.039 top50=8 top10%=51
BOLoop: 3131 materials  |  direction=min  |  top-50 internal threshold=-0.19  top-10% internal threshold=-0.96
Init: 10 random labels  |  best (min) = 0.856
Cycle   1: full DKL retrain  (10 labelled)
GP warmup: 20 epochs on initial embeddings
/home/roy/software/anaconda3/lib/python3.13/site-packages/torch/_compile.py:32: UserWarning: optimizer contains a parameter group with duplicate parameters; in future, this will cause an error; see github.com/pytorch/pytorch/issues/40967 for more information
  return disable_fn(*args, **kwargs)
Joint DKL training: 50 epochs
  Epoch 20/50  loss=3.3359
  Epoch 40/50  loss=2.6615
DKL training done in 0.5s
  → SM-10846  gap=1.368 eV  best=0.856 eV  top50=0  top10%=0
Cycle   2: GP refit  (11 labelled)
  → SM-17077  gap=2.206 eV  best=0.856 eV  top50=0  top10%=0
Cycle   3: GP refit  (12 labelled)
  → SM-19098  gap=1.777 eV  best=0.856 eV  top50=0  top10%=0
Cycle   4: GP refit  (13 labelled)
  → SM-16985  gap=0.237 eV  best=0.237 eV  top50=0  top10%=1
Cycle   5: GP refit  (14 labelled)
  → SM-17055  gap=0.819 eV  best=0.237 eV  top50=0  top10%=2
Cycle   6: full DKL retrain  (15 labelled)
GP warmup: 20 epochs on initial embeddings
Joint DKL training: 50 epochs
  Epoch 20/50  loss=1.3049
  Epoch 40/50  loss=1.2001
DKL training done in 0.5s
  → SM-17536  gap=0.552 eV  best=0.237 eV  top50=0  top10%=3
Cycle   7: GP refit  (16 labelled)
  → SM-6239  gap=0.740 eV  best=0.237 eV  top50=0  top10%=4
Cycle   8: GP refit  (17 labelled)
  → SM-17066  gap=0.630 eV  best=0.237 eV  top50=0  top10%=5
Cycle   9: GP refit  (18 labelled)
  → SM-1431  gap=0.056 eV  best=0.056 eV  top50=1  top10%=6
Cycle  10: GP refit  (19 labelled)
  → SM-6265  gap=0.023 eV  best=0.023 eV  top50=2  top10%=7
Cycle  11: full DKL retrain  (20 labelled)
GP warmup: 20 epochs on initial embeddings
Joint DKL training: 50 epochs
  Epoch 20/50  loss=0.4033
  Epoch 40/50  loss=0.2112
DKL training done in 0.5s
  → SM-20226  gap=0.057 eV  best=0.023 eV  top50=3  top10%=8
Cycle  12: GP refit  (21 labelled)
  → SM-17394  gap=0.225 eV  best=0.023 eV  top50=3  top10%=9
Cycle  13: GP refit  (22 labelled)
  → SM-5031  gap=0.694 eV  best=0.023 eV  top50=3  top10%=10
Cycle  14: GP refit  (23 labelled)
  → SM-996  gap=4.549 eV  best=0.023 eV  top50=3  top10%=10
Cycle  15: GP refit  (24 labelled)
  → SM-17515  gap=1.309 eV  best=0.023 eV  top50=3  top10%=10
Cycle  16: full DKL retrain  (25 labelled)
GP warmup: 20 epochs on initial embeddings
Joint DKL training: 50 epochs
  Epoch 20/50  loss=0.3993
  Epoch 40/50  loss=0.1061
DKL training done in 0.4s
  → SM-4288  gap=0.958 eV  best=0.023 eV  top50=3  top10%=10
Cycle  17: GP refit  (26 labelled)
  → SM-17209  gap=1.660 eV  best=0.023 eV  top50=3  top10%=10
Cycle  18: GP refit  (27 labelled)
  → SM-16084  gap=0.794 eV  best=0.023 eV  top50=3  top10%=11
Cycle  19: GP refit  (28 labelled)
  → SM-1509  gap=0.986 eV  best=0.023 eV  top50=3  top10%=11
Cycle  20: GP refit  (29 labelled)
  → SM-9037  gap=1.273 eV  best=0.023 eV  top50=3  top10%=11
Cycle  21: full DKL retrain  (30 labelled)
GP warmup: 20 epochs on initial embeddings
Joint DKL training: 50 epochs
  Epoch 20/50  loss=0.5526
  Epoch 40/50  loss=0.4114
DKL training done in 0.5s
  → SM-5224  gap=0.427 eV  best=0.023 eV  top50=3  top10%=12
Cycle  22: GP refit  (31 labelled)
  → SM-17393  gap=0.289 eV  best=0.023 eV  top50=3  top10%=13
Cycle  23: GP refit  (32 labelled)
  → SM-16146  gap=1.843 eV  best=0.023 eV  top50=3  top10%=13
Cycle  24: GP refit  (33 labelled)
  → SM-1563  gap=0.181 eV  best=0.023 eV  top50=4  top10%=14
Cycle  25: GP refit  (34 labelled)
  → SM-18389  gap=0.863 eV  best=0.023 eV  top50=4  top10%=15
Cycle  26: full DKL retrain  (35 labelled)
GP warmup: 20 epochs on initial embeddings
Joint DKL training: 50 epochs
  Epoch 20/50  loss=0.3302
  Epoch 40/50  loss=0.1400
DKL training done in 0.5s
  → SM-6232  gap=0.164 eV  best=0.023 eV  top50=5  top10%=16
Cycle  27: GP refit  (36 labelled)
  → SM-6741  gap=0.118 eV  best=0.023 eV  top50=6  top10%=17
Cycle  28: GP refit  (37 labelled)
  → SM-17095  gap=0.757 eV  best=0.023 eV  top50=6  top10%=18
Cycle  29: GP refit  (38 labelled)
  → SM-9983  gap=0.305 eV  best=0.023 eV  top50=6  top10%=19
Cycle  30: GP refit  (39 labelled)
  → SM-5499  gap=1.152 eV  best=0.023 eV  top50=6  top10%=19
Cycle  31: full DKL retrain  (40 labelled)
GP warmup: 20 epochs on initial embeddings
Joint DKL training: 50 epochs
  Epoch 20/50  loss=-0.0641
  Epoch 40/50  loss=-0.2563
DKL training done in 0.5s
  → SM-435  gap=0.246 eV  best=0.023 eV  top50=6  top10%=20
Cycle  32: GP refit  (41 labelled)
  → SM-6081  gap=0.588 eV  best=0.023 eV  top50=6  top10%=21
Cycle  33: GP refit  (42 labelled)
  → SM-17094  gap=0.672 eV  best=0.023 eV  top50=6  top10%=22
Cycle  34: GP refit  (43 labelled)
  → SM-1617  gap=1.111 eV  best=0.023 eV  top50=6  top10%=22
Cycle  35: GP refit  (44 labelled)
  → SM-1753  gap=0.022 eV  best=0.022 eV  top50=7  top10%=23
Cycle  36: full DKL retrain  (45 labelled)
GP warmup: 20 epochs on initial embeddings
Joint DKL training: 50 epochs
  Epoch 20/50  loss=-0.3041
  Epoch 40/50  loss=-0.4861
DKL training done in 0.5s
  → SM-105  gap=0.138 eV  best=0.022 eV  top50=8  top10%=24
Cycle  37: GP refit  (46 labelled)
  → SM-19064  gap=0.153 eV  best=0.022 eV  top50=9  top10%=25
Cycle  38: GP refit  (47 labelled)
  → SM-20258  gap=1.208 eV  best=0.022 eV  top50=9  top10%=25
Cycle  39: GP refit  (48 labelled)
  → SM-17069  gap=1.947 eV  best=0.022 eV  top50=9  top10%=25
Cycle  40: GP refit  (49 labelled)
  → SM-17065  gap=0.892 eV  best=0.022 eV  top50=9  top10%=26
Cycle  41: full DKL retrain  (50 labelled)
GP warmup: 20 epochs on initial embeddings
Joint DKL training: 50 epochs
  Epoch 20/50  loss=-0.0591
  Epoch 40/50  loss=-0.2589
DKL training done in 0.5s
  → SM-4440  gap=0.363 eV  best=0.022 eV  top50=9  top10%=27
Cycle  42: GP refit  (51 labelled)
  → SM-10673  gap=0.417 eV  best=0.022 eV  top50=9  top10%=28
Cycle  43: GP refit  (52 labelled)
  → SM-4446  gap=0.430 eV  best=0.022 eV  top50=9  top10%=29
Cycle  44: GP refit  (53 labelled)
  → SM-18187  gap=1.688 eV  best=0.022 eV  top50=9  top10%=29
Cycle  45: GP refit  (54 labelled)
  → SM-8657  gap=0.092 eV  best=0.022 eV  top50=10  top10%=30
Cycle  46: full DKL retrain  (55 labelled)
GP warmup: 20 epochs on initial embeddings
Joint DKL training: 50 epochs
  Epoch 20/50  loss=-0.0582
  Epoch 40/50  loss=-0.2714
DKL training done in 0.4s
  → SM-19478  gap=0.568 eV  best=0.022 eV  top50=10  top10%=31
Cycle  47: GP refit  (56 labelled)
  → SM-10672  gap=0.219 eV  best=0.022 eV  top50=10  top10%=32
Cycle  48: GP refit  (57 labelled)
  → SM-8806  gap=0.790 eV  best=0.022 eV  top50=10  top10%=33
Cycle  49: GP refit  (58 labelled)
  → SM-4448  gap=0.736 eV  best=0.022 eV  top50=10  top10%=34
Cycle  50: GP refit  (59 labelled)
  → SM-1514  gap=0.856 eV  best=0.022 eV  top50=10  top10%=35
Cycle  51: full DKL retrain  (60 labelled)
GP warmup: 20 epochs on initial embeddings
Joint DKL training: 50 epochs
  Epoch 20/50  loss=-0.2117
  Epoch 40/50  loss=-0.4960
DKL training done in 0.4s
  → SM-1015  gap=1.289 eV  best=0.022 eV  top50=10  top10%=35
Cycle  52: GP refit  (61 labelled)
  → SM-19178  gap=1.932 eV  best=0.022 eV  top50=10  top10%=35
Cycle  53: GP refit  (62 labelled)
  → SM-10397  gap=0.228 eV  best=0.022 eV  top50=10  top10%=36
Cycle  54: GP refit  (63 labelled)
  → SM-10629  gap=0.154 eV  best=0.022 eV  top50=11  top10%=37
Cycle  55: GP refit  (64 labelled)
  → SM-9923  gap=1.022 eV  best=0.022 eV  top50=11  top10%=37
Cycle  56: full DKL retrain  (65 labelled)
GP warmup: 20 epochs on initial embeddings
Joint DKL training: 50 epochs
  Epoch 20/50  loss=-0.0745
  Epoch 40/50  loss=-0.2082
DKL training done in 0.4s
  → SM-8265  gap=0.622 eV  best=0.022 eV  top50=11  top10%=38
Cycle  57: GP refit  (66 labelled)
  → SM-4428  gap=0.507 eV  best=0.022 eV  top50=11  top10%=39
Cycle  58: GP refit  (67 labelled)
  → SM-1690  gap=0.022 eV  best=0.022 eV  top50=12  top10%=40
Cycle  59: GP refit  (68 labelled)
  → SM-9277  gap=0.584 eV  best=0.022 eV  top50=12  top10%=41
Cycle  60: GP refit  (69 labelled)
  → SM-1627  gap=1.242 eV  best=0.022 eV  top50=12  top10%=41
Cycle  61: full DKL retrain  (70 labelled)
GP warmup: 20 epochs on initial embeddings
Joint DKL training: 50 epochs
  Epoch 20/50  loss=-0.3038
  Epoch 40/50  loss=-0.4450
DKL training done in 0.6s
  → SM-14631  gap=0.136 eV  best=0.022 eV  top50=13  top10%=42
Cycle  62: GP refit  (71 labelled)
  → SM-4421  gap=0.700 eV  best=0.022 eV  top50=13  top10%=43
Cycle  63: GP refit  (72 labelled)
  → SM-6237  gap=0.454 eV  best=0.022 eV  top50=13  top10%=44
Cycle  64: GP refit  (73 labelled)
  → SM-17155  gap=0.731 eV  best=0.022 eV  top50=13  top10%=45
Cycle  65: GP refit  (74 labelled)
  → SM-10631  gap=0.655 eV  best=0.022 eV  top50=13  top10%=46
Cycle  66: full DKL retrain  (75 labelled)
GP warmup: 20 epochs on initial embeddings
Joint DKL training: 50 epochs
  Epoch 20/50  loss=-0.5241
  Epoch 40/50  loss=-0.7483
DKL training done in 0.5s
  → SM-18184  gap=0.704 eV  best=0.022 eV  top50=13  top10%=47
Cycle  67: GP refit  (76 labelled)
  → SM-4401  gap=0.725 eV  best=0.022 eV  top50=13  top10%=48
Cycle  68: GP refit  (77 labelled)
  → SM-14428  gap=0.790 eV  best=0.022 eV  top50=13  top10%=49
Cycle  69: GP refit  (78 labelled)
  → SM-14094  gap=0.268 eV  best=0.022 eV  top50=13  top10%=50
Cycle  70: GP refit  (79 labelled)
  → SM-14081  gap=0.291 eV  best=0.022 eV  top50=13  top10%=51
Cycle  71: full DKL retrain  (80 labelled)
GP warmup: 20 epochs on initial embeddings
Joint DKL training: 50 epochs
  Epoch 20/50  loss=-0.6842
  Epoch 40/50  loss=-0.8544
DKL training done in 0.5s
  → SM-8920  gap=1.219 eV  best=0.022 eV  top50=13  top10%=51
Cycle  72: GP refit  (81 labelled)
  → SM-19904  gap=0.550 eV  best=0.022 eV  top50=13  top10%=52
Cycle  73: GP refit  (82 labelled)
  → SM-1556  gap=0.550 eV  best=0.022 eV  top50=13  top10%=53
Cycle  74: GP refit  (83 labelled)
  → SM-14507  gap=1.359 eV  best=0.022 eV  top50=13  top10%=53
Cycle  75: GP refit  (84 labelled)
  → SM-5439  gap=0.416 eV  best=0.022 eV  top50=13  top10%=54
Cycle  76: full DKL retrain  (85 labelled)
GP warmup: 20 epochs on initial embeddings
Joint DKL training: 50 epochs
  Epoch 20/50  loss=-0.5189
  Epoch 40/50  loss=-0.6906
DKL training done in 0.4s
  → SM-17556  gap=0.673 eV  best=0.022 eV  top50=13  top10%=55
Cycle  77: GP refit  (86 labelled)
  → SM-13654  gap=1.032 eV  best=0.022 eV  top50=13  top10%=55
Cycle  78: GP refit  (87 labelled)
  → SM-9094  gap=1.096 eV  best=0.022 eV  top50=13  top10%=55
Cycle  79: GP refit  (88 labelled)
  → SM-16130  gap=0.871 eV  best=0.022 eV  top50=13  top10%=56
Cycle  80: GP refit  (89 labelled)
  → SM-1643  gap=0.798 eV  best=0.022 eV  top50=13  top10%=57
Cycle  81: full DKL retrain  (90 labelled)
GP warmup: 20 epochs on initial embeddings
Joint DKL training: 50 epochs
  Epoch 20/50  loss=-0.6418
  Epoch 40/50  loss=-0.9822
DKL training done in 0.5s
  → SM-3507  gap=2.390 eV  best=0.022 eV  top50=13  top10%=57
Cycle  82: GP refit  (91 labelled)
  → SM-14397  gap=0.073 eV  best=0.022 eV  top50=14  top10%=58
Cycle  83: GP refit  (92 labelled)
  → SM-17086  gap=0.685 eV  best=0.022 eV  top50=14  top10%=59
Cycle  84: GP refit  (93 labelled)
  → SM-7448  gap=0.566 eV  best=0.022 eV  top50=14  top10%=60
Cycle  85: GP refit  (94 labelled)
  → SM-1642  gap=0.640 eV  best=0.022 eV  top50=14  top10%=61
Cycle  86: full DKL retrain  (95 labelled)
GP warmup: 20 epochs on initial embeddings
Joint DKL training: 50 epochs
  Epoch 20/50  loss=-0.5254
  Epoch 40/50  loss=-0.7636
DKL training done in 0.5s
  → SM-4430  gap=1.240 eV  best=0.022 eV  top50=14  top10%=61
Cycle  87: GP refit  (96 labelled)
  → SM-14004  gap=0.459 eV  best=0.022 eV  top50=14  top10%=62
Cycle  88: GP refit  (97 labelled)
  → SM-4423  gap=1.045 eV  best=0.022 eV  top50=14  top10%=62
Cycle  89: GP refit  (98 labelled)
  → SM-13599  gap=1.005 eV  best=0.022 eV  top50=14  top10%=62
Cycle  90: GP refit  (99 labelled)
  → SM-5330  gap=0.375 eV  best=0.022 eV  top50=14  top10%=63
Cycle  91: full DKL retrain  (100 labelled)
GP warmup: 20 epochs on initial embeddings
Joint DKL training: 50 epochs
  Epoch 20/50  loss=-0.6438
  Epoch 40/50  loss=-0.8700
DKL training done in 0.5s
  → SM-6311  gap=0.756 eV  best=0.022 eV  top50=14  top10%=64
Cycle  92: GP refit  (101 labelled)
  → SM-1655  gap=1.686 eV  best=0.022 eV  top50=14  top10%=64
Cycle  93: GP refit  (102 labelled)
  → SM-4435  gap=0.924 eV  best=0.022 eV  top50=14  top10%=65
Cycle  94: GP refit  (103 labelled)
  → SM-10630  gap=0.908 eV  best=0.022 eV  top50=14  top10%=66
Cycle  95: GP refit  (104 labelled)
  → SM-17221  gap=1.296 eV  best=0.022 eV  top50=14  top10%=66
Cycle  96: full DKL retrain  (105 labelled)
GP warmup: 20 epochs on initial embeddings
Joint DKL training: 50 epochs
  Epoch 20/50  loss=-0.9721
  Epoch 40/50  loss=-1.1153
DKL training done in 0.5s
  → SM-10681  gap=2.588 eV  best=0.022 eV  top50=14  top10%=66
Cycle  97: GP refit  (106 labelled)
  → SM-20105  gap=1.692 eV  best=0.022 eV  top50=14  top10%=66
Cycle  98: GP refit  (107 labelled)
  → SM-10685  gap=1.935 eV  best=0.022 eV  top50=14  top10%=66
Cycle  99: GP refit  (108 labelled)
  → SM-10693  gap=2.327 eV  best=0.022 eV  top50=14  top10%=66
Cycle 100: GP refit  (109 labelled)
  → SM-9982  gap=1.675 eV  best=0.022 eV  top50=14  top10%=66
  gap_min/seed4 → best=0.022 top50=14 top10%=66
BOLoop: 3131 materials  |  direction=min  |  top-50 internal threshold=-0.19  top-10% internal threshold=-0.96
Init: 10 random labels  |  best (min) = 1.281
Cycle   1: full DKL retrain  (10 labelled)
GP warmup: 20 epochs on initial embeddings
/home/roy/software/anaconda3/lib/python3.13/site-packages/torch/_compile.py:32: UserWarning: optimizer contains a parameter group with duplicate parameters; in future, this will cause an error; see github.com/pytorch/pytorch/issues/40967 for more information
  return disable_fn(*args, **kwargs)
Joint DKL training: 50 epochs
  Epoch 20/50  loss=1.6021
  Epoch 40/50  loss=1.3165
DKL training done in 0.5s
  → SM-7859  gap=3.280 eV  best=1.281 eV  top50=0  top10%=0
Cycle   2: GP refit  (11 labelled)
  → SM-8520  gap=1.404 eV  best=1.281 eV  top50=0  top10%=0
Cycle   3: GP refit  (12 labelled)
  → SM-14107  gap=2.987 eV  best=1.281 eV  top50=0  top10%=0
Cycle   4: GP refit  (13 labelled)
  → SM-19567  gap=1.427 eV  best=1.281 eV  top50=0  top10%=0
Cycle   5: GP refit  (14 labelled)
  → SM-19557  gap=2.570 eV  best=1.281 eV  top50=0  top10%=0
Cycle   6: full DKL retrain  (15 labelled)
GP warmup: 20 epochs on initial embeddings
Joint DKL training: 50 epochs
  Epoch 20/50  loss=0.6410
  Epoch 40/50  loss=0.4725
DKL training done in 0.4s
  → SM-13419  gap=2.906 eV  best=1.281 eV  top50=0  top10%=0
Cycle   7: GP refit  (16 labelled)
  → SM-17702  gap=1.331 eV  best=1.281 eV  top50=0  top10%=0
Cycle   8: GP refit  (17 labelled)
  → SM-16832  gap=3.617 eV  best=1.281 eV  top50=0  top10%=0
Cycle   9: GP refit  (18 labelled)
  → SM-1576  gap=0.075 eV  best=0.075 eV  top50=1  top10%=1
Cycle  10: GP refit  (19 labelled)
  → SM-14639  gap=2.501 eV  best=0.075 eV  top50=1  top10%=1
Cycle  11: full DKL retrain  (20 labelled)
GP warmup: 20 epochs on initial embeddings
Joint DKL training: 50 epochs
  Epoch 20/50  loss=0.9111
  Epoch 40/50  loss=0.2172
DKL training done in 0.5s
  → SM-10847  gap=1.377 eV  best=0.075 eV  top50=1  top10%=1
Cycle  12: GP refit  (21 labelled)
  → SM-506  gap=4.826 eV  best=0.075 eV  top50=1  top10%=1
Cycle  13: GP refit  (22 labelled)
  → SM-10816  gap=1.646 eV  best=0.075 eV  top50=1  top10%=1
Cycle  14: GP refit  (23 labelled)
  → SM-18706  gap=0.682 eV  best=0.075 eV  top50=1  top10%=2
Cycle  15: GP refit  (24 labelled)
  → SM-5773  gap=3.686 eV  best=0.075 eV  top50=1  top10%=2
Cycle  16: full DKL retrain  (25 labelled)
GP warmup: 20 epochs on initial embeddings
Joint DKL training: 50 epochs
  Epoch 20/50  loss=0.9082
  Epoch 40/50  loss=0.3517
DKL training done in 0.4s
  → SM-4438  gap=0.534 eV  best=0.075 eV  top50=1  top10%=3
Cycle  17: GP refit  (26 labelled)
  → SM-10489  gap=0.053 eV  best=0.053 eV  top50=2  top10%=4
Cycle  18: GP refit  (27 labelled)
  → SM-17065  gap=0.892 eV  best=0.053 eV  top50=2  top10%=5
Cycle  19: GP refit  (28 labelled)
  → SM-4446  gap=0.430 eV  best=0.053 eV  top50=2  top10%=6
Cycle  20: GP refit  (29 labelled)
  → SM-7436  gap=2.602 eV  best=0.053 eV  top50=2  top10%=6
Cycle  21: full DKL retrain  (30 labelled)
GP warmup: 20 epochs on initial embeddings
Joint DKL training: 50 epochs
  Epoch 20/50  loss=29.2578
  Epoch 40/50  loss=1.8155
DKL training done in 0.5s
  → SM-6894  gap=0.725 eV  best=0.053 eV  top50=2  top10%=7
Cycle  22: GP refit  (31 labelled)
  → SM-1509  gap=0.986 eV  best=0.053 eV  top50=2  top10%=7
Cycle  23: GP refit  (32 labelled)
  → SM-1481  gap=1.673 eV  best=0.053 eV  top50=2  top10%=7
Cycle  24: GP refit  (33 labelled)
  → SM-10295  gap=1.462 eV  best=0.053 eV  top50=2  top10%=7
Cycle  25: GP refit  (34 labelled)
  → SM-17512  gap=1.144 eV  best=0.053 eV  top50=2  top10%=7
Cycle  26: full DKL retrain  (35 labelled)
GP warmup: 20 epochs on initial embeddings
Joint DKL training: 50 epochs
  Epoch 20/50  loss=3.7248
  Epoch 40/50  loss=0.2474
DKL training done in 0.5s
  → SM-17055  gap=0.819 eV  best=0.053 eV  top50=2  top10%=8
Cycle  27: GP refit  (36 labelled)
  → SM-15971  gap=1.823 eV  best=0.053 eV  top50=2  top10%=8
Cycle  28: GP refit  (37 labelled)
  → SM-4292  gap=1.133 eV  best=0.053 eV  top50=2  top10%=8
Cycle  29: GP refit  (38 labelled)
  → SM-4291  gap=0.683 eV  best=0.053 eV  top50=2  top10%=9
Cycle  30: GP refit  (39 labelled)
  → SM-7178  gap=0.579 eV  best=0.053 eV  top50=2  top10%=10
Cycle  31: full DKL retrain  (40 labelled)
GP warmup: 20 epochs on initial embeddings
Joint DKL training: 50 epochs
  Epoch 20/50  loss=8.3909
  Epoch 40/50  loss=1.4020
DKL training done in 0.6s
  → SM-4401  gap=0.725 eV  best=0.053 eV  top50=2  top10%=11
Cycle  32: GP refit  (41 labelled)
  → SM-6445  gap=0.888 eV  best=0.053 eV  top50=2  top10%=12
Cycle  33: GP refit  (42 labelled)
  → SM-17775  gap=1.076 eV  best=0.053 eV  top50=2  top10%=12
Cycle  34: GP refit  (43 labelled)
  → SM-10672  gap=0.219 eV  best=0.053 eV  top50=2  top10%=13
Cycle  35: GP refit  (44 labelled)
  → SM-4424  gap=1.221 eV  best=0.053 eV  top50=2  top10%=13
Cycle  36: full DKL retrain  (45 labelled)
GP warmup: 20 epochs on initial embeddings
Joint DKL training: 50 epochs
  Epoch 20/50  loss=4.3822
  Epoch 40/50  loss=0.6116
DKL training done in 0.4s
  → SM-5499  gap=1.152 eV  best=0.053 eV  top50=2  top10%=13
Cycle  37: GP refit  (46 labelled)
  → SM-5003  gap=19.720 eV  best=0.053 eV  top50=2  top10%=13
Cycle  38: GP refit  (47 labelled)
  → SM-4254  gap=0.354 eV  best=0.053 eV  top50=2  top10%=14
Cycle  39: GP refit  (48 labelled)
  → SM-1565  gap=1.213 eV  best=0.053 eV  top50=2  top10%=14
Cycle  40: GP refit  (49 labelled)
  → SM-15277  gap=3.310 eV  best=0.053 eV  top50=2  top10%=14
Cycle  41: full DKL retrain  (50 labelled)
GP warmup: 20 epochs on initial embeddings
Joint DKL training: 50 epochs
  Epoch 20/50  loss=7.4384
  Epoch 40/50  loss=2.4993
DKL training done in 0.5s
  → SM-1391  gap=4.874 eV  best=0.053 eV  top50=2  top10%=14
Cycle  42: GP refit  (51 labelled)
  → SM-461  gap=0.272 eV  best=0.053 eV  top50=2  top10%=15
Cycle  43: GP refit  (52 labelled)
  → SM-14081  gap=0.291 eV  best=0.053 eV  top50=2  top10%=16
Cycle  44: GP refit  (53 labelled)
  → SM-12211  gap=1.461 eV  best=0.053 eV  top50=2  top10%=16
Cycle  45: GP refit  (54 labelled)
  → SM-5816  gap=1.256 eV  best=0.053 eV  top50=2  top10%=16
Cycle  46: full DKL retrain  (55 labelled)
GP warmup: 20 epochs on initial embeddings
Joint DKL training: 50 epochs
  Epoch 20/50  loss=1.2408
  Epoch 40/50  loss=0.8465
DKL training done in 0.5s
  → SM-6051  gap=1.777 eV  best=0.053 eV  top50=2  top10%=16
Cycle  47: GP refit  (56 labelled)
  → SM-4348  gap=0.970 eV  best=0.053 eV  top50=2  top10%=16
Cycle  48: GP refit  (57 labelled)
  → SM-20226  gap=0.057 eV  best=0.053 eV  top50=3  top10%=17
Cycle  49: GP refit  (58 labelled)
  → SM-10325  gap=1.264 eV  best=0.053 eV  top50=3  top10%=17
Cycle  50: GP refit  (59 labelled)
  → SM-5031  gap=0.694 eV  best=0.053 eV  top50=3  top10%=18
Cycle  51: full DKL retrain  (60 labelled)
GP warmup: 20 epochs on initial embeddings
Joint DKL training: 50 epochs
  Epoch 20/50  loss=0.5632
  Epoch 40/50  loss=0.0943
DKL training done in 0.5s
  → SM-16971  gap=0.248 eV  best=0.053 eV  top50=3  top10%=19
Cycle  52: GP refit  (61 labelled)
  → SM-19104  gap=4.708 eV  best=0.053 eV  top50=3  top10%=19
Cycle  53: GP refit  (62 labelled)
  → SM-239  gap=4.687 eV  best=0.053 eV  top50=3  top10%=19
Cycle  54: GP refit  (63 labelled)
  → SM-19109  gap=2.690 eV  best=0.053 eV  top50=3  top10%=19
Cycle  55: GP refit  (64 labelled)
  → SM-18713  gap=1.012 eV  best=0.053 eV  top50=3  top10%=19
Cycle  56: full DKL retrain  (65 labelled)
GP warmup: 20 epochs on initial embeddings
Joint DKL training: 50 epochs
  Epoch 20/50  loss=0.5820
  Epoch 40/50  loss=0.0087
DKL training done in 0.5s
  → SM-1339  gap=5.473 eV  best=0.053 eV  top50=3  top10%=19
Cycle  57: GP refit  (66 labelled)
  → SM-10564  gap=1.109 eV  best=0.053 eV  top50=3  top10%=19
Cycle  58: GP refit  (67 labelled)
  → SM-9864  gap=3.219 eV  best=0.053 eV  top50=3  top10%=19
Cycle  59: GP refit  (68 labelled)
  → SM-3951  gap=6.774 eV  best=0.053 eV  top50=3  top10%=19
Cycle  60: GP refit  (69 labelled)
  → SM-19141  gap=5.764 eV  best=0.053 eV  top50=3  top10%=19
Cycle  61: full DKL retrain  (70 labelled)
GP warmup: 20 epochs on initial embeddings
Joint DKL training: 50 epochs
  Epoch 20/50  loss=0.4855
  Epoch 40/50  loss=-0.0120
DKL training done in 0.6s
  → SM-20313  gap=0.189 eV  best=0.053 eV  top50=3  top10%=20
Cycle  62: GP refit  (71 labelled)
  → SM-6970  gap=0.423 eV  best=0.053 eV  top50=3  top10%=21
Cycle  63: GP refit  (72 labelled)
  → SM-20316  gap=1.189 eV  best=0.053 eV  top50=3  top10%=21
Cycle  64: GP refit  (73 labelled)
  → SM-256  gap=2.577 eV  best=0.053 eV  top50=3  top10%=21
Cycle  65: GP refit  (74 labelled)
  → SM-5329  gap=0.638 eV  best=0.053 eV  top50=3  top10%=22
Cycle  66: full DKL retrain  (75 labelled)
GP warmup: 20 epochs on initial embeddings
Joint DKL training: 50 epochs
  Epoch 20/50  loss=-0.0112
  Epoch 40/50  loss=-0.5566
DKL training done in 0.4s
  → SM-14610  gap=0.696 eV  best=0.053 eV  top50=3  top10%=23
Cycle  67: GP refit  (76 labelled)
  → SM-14397  gap=0.073 eV  best=0.053 eV  top50=4  top10%=24
Cycle  68: GP refit  (77 labelled)
  → SM-14004  gap=0.459 eV  best=0.053 eV  top50=4  top10%=25
Cycle  69: GP refit  (78 labelled)
  → SM-9543  gap=0.988 eV  best=0.053 eV  top50=4  top10%=25
Cycle  70: GP refit  (79 labelled)
  → SM-4992  gap=10.281 eV  best=0.053 eV  top50=4  top10%=25
Cycle  71: full DKL retrain  (80 labelled)
GP warmup: 20 epochs on initial embeddings
Joint DKL training: 50 epochs
  Epoch 20/50  loss=1.5894
  Epoch 40/50  loss=0.7670
DKL training done in 0.4s
  → SM-4430  gap=1.240 eV  best=0.053 eV  top50=4  top10%=25
Cycle  72: GP refit  (81 labelled)
  → SM-8069  gap=0.985 eV  best=0.053 eV  top50=4  top10%=25
Cycle  73: GP refit  (82 labelled)
  → SM-5330  gap=0.375 eV  best=0.053 eV  top50=4  top10%=26
Cycle  74: GP refit  (83 labelled)
  → SM-10387  gap=1.621 eV  best=0.053 eV  top50=4  top10%=26
Cycle  75: GP refit  (84 labelled)
  → SM-943  gap=8.707 eV  best=0.053 eV  top50=4  top10%=26
Cycle  76: full DKL retrain  (85 labelled)
GP warmup: 20 epochs on initial embeddings
Joint DKL training: 50 epochs
  Epoch 20/50  loss=0.1907
  Epoch 40/50  loss=-0.3998
DKL training done in 0.5s
  → SM-9561  gap=0.187 eV  best=0.053 eV  top50=5  top10%=27
Cycle  77: GP refit  (86 labelled)
  → SM-5002  gap=20.302 eV  best=0.053 eV  top50=5  top10%=27
Cycle  78: GP refit  (87 labelled)
  → SM-19329  gap=3.475 eV  best=0.053 eV  top50=5  top10%=27
Cycle  79: GP refit  (88 labelled)
  → SM-381  gap=4.902 eV  best=0.053 eV  top50=5  top10%=27
Cycle  80: GP refit  (89 labelled)
  → SM-2345  gap=8.379 eV  best=0.053 eV  top50=5  top10%=27
Cycle  81: full DKL retrain  (90 labelled)
GP warmup: 20 epochs on initial embeddings
Joint DKL training: 50 epochs
  Epoch 20/50  loss=0.6605
  Epoch 40/50  loss=0.0870
DKL training done in 0.6s
  → SM-938  gap=5.700 eV  best=0.053 eV  top50=5  top10%=27
Cycle  82: GP refit  (91 labelled)
  → SM-16130  gap=0.871 eV  best=0.053 eV  top50=5  top10%=28
Cycle  83: GP refit  (92 labelled)
  → SM-2837  gap=3.682 eV  best=0.053 eV  top50=5  top10%=28
Cycle  84: GP refit  (93 labelled)
  → SM-19188  gap=3.856 eV  best=0.053 eV  top50=5  top10%=28
Cycle  85: GP refit  (94 labelled)
  → SM-16985  gap=0.237 eV  best=0.053 eV  top50=5  top10%=29
Cycle  86: full DKL retrain  (95 labelled)
GP warmup: 20 epochs on initial embeddings
Joint DKL training: 50 epochs
  Epoch 20/50  loss=0.3136
  Epoch 40/50  loss=-0.2075
DKL training done in 0.6s
  → SM-159  gap=5.294 eV  best=0.053 eV  top50=5  top10%=29
Cycle  87: GP refit  (96 labelled)
  → SM-8486  gap=0.370 eV  best=0.053 eV  top50=5  top10%=30
Cycle  88: GP refit  (97 labelled)
  → SM-5731  gap=0.363 eV  best=0.053 eV  top50=5  top10%=31
Cycle  89: GP refit  (98 labelled)
  → SM-14764  gap=0.452 eV  best=0.053 eV  top50=5  top10%=32
Cycle  90: GP refit  (99 labelled)
  → SM-2833  gap=4.505 eV  best=0.053 eV  top50=5  top10%=32
Cycle  91: full DKL retrain  (100 labelled)
GP warmup: 20 epochs on initial embeddings
Joint DKL training: 50 epochs
  Epoch 20/50  loss=0.9781
  Epoch 40/50  loss=0.4646
DKL training done in 0.5s
  → SM-8534  gap=0.273 eV  best=0.053 eV  top50=5  top10%=33
Cycle  92: GP refit  (101 labelled)
  → SM-20468  gap=1.582 eV  best=0.053 eV  top50=5  top10%=33
Cycle  93: GP refit  (102 labelled)
  → SM-19708  gap=4.455 eV  best=0.053 eV  top50=5  top10%=33
Cycle  94: GP refit  (103 labelled)
  → SM-2838  gap=3.952 eV  best=0.053 eV  top50=5  top10%=33
Cycle  95: GP refit  (104 labelled)
  → SM-6442  gap=8.542 eV  best=0.053 eV  top50=5  top10%=33
Cycle  96: full DKL retrain  (105 labelled)
GP warmup: 20 epochs on initial embeddings
Joint DKL training: 50 epochs
  Epoch 20/50  loss=0.4303
  Epoch 40/50  loss=0.0398
DKL training done in 0.4s
  → SM-4805  gap=1.384 eV  best=0.053 eV  top50=5  top10%=33
Cycle  97: GP refit  (106 labelled)
  → SM-3805  gap=2.583 eV  best=0.053 eV  top50=5  top10%=33
Cycle  98: GP refit  (107 labelled)
  → SM-17549  gap=2.455 eV  best=0.053 eV  top50=5  top10%=33
Cycle  99: GP refit  (108 labelled)
  → SM-19228  gap=9.023 eV  best=0.053 eV  top50=5  top10%=33
Cycle 100: GP refit  (109 labelled)
  → SM-6437  gap=5.791 eV  best=0.053 eV  top50=5  top10%=33
  gap_min/seed5 → best=0.053 top50=5 top10%=33
BOLoop: 3131 materials  |  direction=min  |  top-50 internal threshold=-0.19  top-10% internal threshold=-0.96
Init: 10 random labels  |  best (min) = 1.269
Cycle   1: full DKL retrain  (10 labelled)
GP warmup: 20 epochs on initial embeddings
/home/roy/software/anaconda3/lib/python3.13/site-packages/torch/_compile.py:32: UserWarning: optimizer contains a parameter group with duplicate parameters; in future, this will cause an error; see github.com/pytorch/pytorch/issues/40967 for more information
  return disable_fn(*args, **kwargs)
Joint DKL training: 50 epochs
  Epoch 20/50  loss=1.8200
  Epoch 40/50  loss=1.7214
DKL training done in 0.4s
  → SM-17298  gap=1.115 eV  best=1.115 eV  top50=0  top10%=0
Cycle   2: GP refit  (11 labelled)
  → SM-8945  gap=3.061 eV  best=1.115 eV  top50=0  top10%=0
Cycle   3: GP refit  (12 labelled)
  → SM-222  gap=1.838 eV  best=1.115 eV  top50=0  top10%=0
Cycle   4: GP refit  (13 labelled)
  → SM-4262  gap=2.209 eV  best=1.115 eV  top50=0  top10%=0
Cycle   5: GP refit  (14 labelled)
  → SM-702  gap=2.709 eV  best=1.115 eV  top50=0  top10%=0
Cycle   6: full DKL retrain  (15 labelled)
GP warmup: 20 epochs on initial embeddings
Joint DKL training: 50 epochs
  Epoch 20/50  loss=1.3269
  Epoch 40/50  loss=1.3048
DKL training done in 0.4s
  → SM-5031  gap=0.694 eV  best=0.694 eV  top50=0  top10%=1
Cycle   7: GP refit  (16 labelled)
  → SM-1502  gap=0.318 eV  best=0.318 eV  top50=0  top10%=2
Cycle   8: GP refit  (17 labelled)
  → SM-10489  gap=0.053 eV  best=0.053 eV  top50=1  top10%=3
Cycle   9: GP refit  (18 labelled)
  → SM-4292  gap=1.133 eV  best=0.053 eV  top50=1  top10%=3
Cycle  10: GP refit  (19 labelled)
  → SM-17055  gap=0.819 eV  best=0.053 eV  top50=1  top10%=4
Cycle  11: full DKL retrain  (20 labelled)
GP warmup: 20 epochs on initial embeddings
Joint DKL training: 50 epochs
  Epoch 20/50  loss=1.0372
  Epoch 40/50  loss=0.8785
DKL training done in 0.5s
  → SM-266  gap=1.330 eV  best=0.053 eV  top50=1  top10%=4
Cycle  12: GP refit  (21 labelled)
  → SM-19555  gap=2.852 eV  best=0.053 eV  top50=1  top10%=4
Cycle  13: GP refit  (22 labelled)
  → SM-17242  gap=0.674 eV  best=0.053 eV  top50=1  top10%=5
Cycle  14: GP refit  (23 labelled)
  → SM-435  gap=0.246 eV  best=0.053 eV  top50=1  top10%=6
Cycle  15: GP refit  (24 labelled)
  → SM-7377  gap=0.271 eV  best=0.053 eV  top50=1  top10%=7
Cycle  16: full DKL retrain  (25 labelled)
GP warmup: 20 epochs on initial embeddings
Joint DKL training: 50 epochs
  Epoch 20/50  loss=1.2156
  Epoch 40/50  loss=0.6406
DKL training done in 0.6s
  → SM-17066  gap=0.630 eV  best=0.053 eV  top50=1  top10%=8
Cycle  17: GP refit  (26 labelled)
  → SM-4291  gap=0.683 eV  best=0.053 eV  top50=1  top10%=9
Cycle  18: GP refit  (27 labelled)
  → SM-17069  gap=1.947 eV  best=0.053 eV  top50=1  top10%=9
Cycle  19: GP refit  (28 labelled)
  → SM-8448  gap=0.838 eV  best=0.053 eV  top50=1  top10%=10
Cycle  20: GP refit  (29 labelled)
  → SM-14619  gap=1.000 eV  best=0.053 eV  top50=1  top10%=10
Cycle  21: full DKL retrain  (30 labelled)
GP warmup: 20 epochs on initial embeddings
Joint DKL training: 50 epochs
  Epoch 20/50  loss=0.3671
  Epoch 40/50  loss=0.1791
DKL training done in 0.5s
  → SM-7534  gap=1.341 eV  best=0.053 eV  top50=1  top10%=10
Cycle  22: GP refit  (31 labelled)
  → SM-5003  gap=19.720 eV  best=0.053 eV  top50=1  top10%=10
Cycle  23: GP refit  (32 labelled)
  → SM-1132  gap=2.499 eV  best=0.053 eV  top50=1  top10%=10
Cycle  24: GP refit  (33 labelled)
  → SM-9691  gap=3.648 eV  best=0.053 eV  top50=1  top10%=10
Cycle  25: GP refit  (34 labelled)
  → SM-18201  gap=0.435 eV  best=0.053 eV  top50=1  top10%=11
Cycle  26: full DKL retrain  (35 labelled)
GP warmup: 20 epochs on initial embeddings
Joint DKL training: 50 epochs
  Epoch 20/50  loss=3.3867
  Epoch 40/50  loss=1.4460
DKL training done in 0.4s
  → SM-10463  gap=0.408 eV  best=0.053 eV  top50=1  top10%=12
Cycle  27: GP refit  (36 labelled)
  → SM-20226  gap=0.057 eV  best=0.053 eV  top50=2  top10%=13
Cycle  28: GP refit  (37 labelled)
  → SM-5224  gap=0.427 eV  best=0.053 eV  top50=2  top10%=14
Cycle  29: GP refit  (38 labelled)
  → SM-1753  gap=0.022 eV  best=0.022 eV  top50=3  top10%=15
Cycle  30: GP refit  (39 labelled)
  → SM-6970  gap=0.423 eV  best=0.022 eV  top50=3  top10%=16
Cycle  31: full DKL retrain  (40 labelled)
GP warmup: 20 epochs on initial embeddings
Joint DKL training: 50 epochs
  Epoch 20/50  loss=0.4934
  Epoch 40/50  loss=-0.1132
DKL training done in 0.3s
  → SM-15035  gap=0.460 eV  best=0.022 eV  top50=3  top10%=17
Cycle  32: GP refit  (41 labelled)
  → SM-4444  gap=1.211 eV  best=0.022 eV  top50=3  top10%=17
Cycle  33: GP refit  (42 labelled)
  → SM-18267  gap=0.848 eV  best=0.022 eV  top50=3  top10%=18
Cycle  34: GP refit  (43 labelled)
  → SM-16130  gap=0.871 eV  best=0.022 eV  top50=3  top10%=19
Cycle  35: GP refit  (44 labelled)
  → SM-4426  gap=0.612 eV  best=0.022 eV  top50=3  top10%=20
Cycle  36: full DKL retrain  (45 labelled)
GP warmup: 20 epochs on initial embeddings
Joint DKL training: 50 epochs
  Epoch 20/50  loss=0.2624
  Epoch 40/50  loss=-0.1739
DKL training done in 0.5s
  → SM-1509  gap=0.986 eV  best=0.022 eV  top50=3  top10%=20
Cycle  37: GP refit  (46 labelled)
  → SM-13695  gap=2.744 eV  best=0.022 eV  top50=3  top10%=20
Cycle  38: GP refit  (47 labelled)
  → SM-19299  gap=3.218 eV  best=0.022 eV  top50=3  top10%=20
Cycle  39: GP refit  (48 labelled)
  → SM-13092  gap=0.907 eV  best=0.022 eV  top50=3  top10%=21
Cycle  40: GP refit  (49 labelled)
  → SM-3942  gap=4.286 eV  best=0.022 eV  top50=3  top10%=21
Cycle  41: full DKL retrain  (50 labelled)
GP warmup: 20 epochs on initial embeddings
Joint DKL training: 50 epochs
  Epoch 20/50  loss=4.1414
  Epoch 40/50  loss=1.9086
DKL training done in 0.5s
  → SM-9285  gap=3.434 eV  best=0.022 eV  top50=3  top10%=21
Cycle  42: GP refit  (51 labelled)
  → SM-4448  gap=0.736 eV  best=0.022 eV  top50=3  top10%=22
Cycle  43: GP refit  (52 labelled)
  → SM-6445  gap=0.888 eV  best=0.022 eV  top50=3  top10%=23
Cycle  44: GP refit  (53 labelled)
  → SM-12734  gap=1.240 eV  best=0.022 eV  top50=3  top10%=23
Cycle  45: GP refit  (54 labelled)
  → SM-20313  gap=0.189 eV  best=0.022 eV  top50=3  top10%=24
Cycle  46: full DKL retrain  (55 labelled)
GP warmup: 20 epochs on initial embeddings
Joint DKL training: 50 epochs
  Epoch 20/50  loss=1.0501
  Epoch 40/50  loss=0.4052
DKL training done in 0.5s
  → SM-5216  gap=1.161 eV  best=0.022 eV  top50=3  top10%=24
Cycle  47: GP refit  (56 labelled)
  → SM-1391  gap=4.874 eV  best=0.022 eV  top50=3  top10%=24
Cycle  48: GP refit  (57 labelled)
  → SM-1563  gap=0.181 eV  best=0.022 eV  top50=4  top10%=25
Cycle  49: GP refit  (58 labelled)
  → SM-14323  gap=2.376 eV  best=0.022 eV  top50=4  top10%=25
Cycle  50: GP refit  (59 labelled)
  → SM-11393  gap=2.518 eV  best=0.022 eV  top50=4  top10%=25
Cycle  51: full DKL retrain  (60 labelled)
GP warmup: 20 epochs on initial embeddings
Joint DKL training: 50 epochs
  Epoch 20/50  loss=1.5843
  Epoch 40/50  loss=0.9291
DKL training done in 0.5s
  → SM-1303  gap=0.504 eV  best=0.022 eV  top50=4  top10%=26
Cycle  52: GP refit  (61 labelled)
  → SM-5440  gap=0.155 eV  best=0.022 eV  top50=5  top10%=27
Cycle  53: GP refit  (62 labelled)
  → SM-20231  gap=0.113 eV  best=0.022 eV  top50=6  top10%=28
Cycle  54: GP refit  (63 labelled)
  → SM-19259  gap=2.664 eV  best=0.022 eV  top50=6  top10%=28
Cycle  55: GP refit  (64 labelled)
  → SM-19188  gap=3.856 eV  best=0.022 eV  top50=6  top10%=28
Cycle  56: full DKL retrain  (65 labelled)
GP warmup: 20 epochs on initial embeddings
Joint DKL training: 50 epochs
  Epoch 20/50  loss=0.5850
  Epoch 40/50  loss=0.1017
DKL training done in 0.4s
  → SM-1364  gap=0.323 eV  best=0.022 eV  top50=6  top10%=29
Cycle  57: GP refit  (66 labelled)
  → SM-15022  gap=5.307 eV  best=0.022 eV  top50=6  top10%=29
Cycle  58: GP refit  (67 labelled)
  → SM-16245  gap=2.789 eV  best=0.022 eV  top50=6  top10%=29
Cycle  59: GP refit  (68 labelled)
  → SM-9461  gap=4.353 eV  best=0.022 eV  top50=6  top10%=29
Cycle  60: GP refit  (69 labelled)
  → SM-19344  gap=4.048 eV  best=0.022 eV  top50=6  top10%=29
Cycle  61: full DKL retrain  (70 labelled)
GP warmup: 20 epochs on initial embeddings
Joint DKL training: 50 epochs
  Epoch 20/50  loss=0.7213
  Epoch 40/50  loss=0.3542
DKL training done in 0.4s
  → SM-19684  gap=5.074 eV  best=0.022 eV  top50=6  top10%=29
Cycle  62: GP refit  (71 labelled)
  → SM-159  gap=5.294 eV  best=0.022 eV  top50=6  top10%=29
Cycle  63: GP refit  (72 labelled)
  → SM-4038  gap=2.731 eV  best=0.022 eV  top50=6  top10%=29
Cycle  64: GP refit  (73 labelled)
  → SM-14645  gap=0.802 eV  best=0.022 eV  top50=6  top10%=30
Cycle  65: GP refit  (74 labelled)
  → SM-461  gap=0.272 eV  best=0.022 eV  top50=6  top10%=31
Cycle  66: full DKL retrain  (75 labelled)
GP warmup: 20 epochs on initial embeddings
Joint DKL training: 50 epochs
  Epoch 20/50  loss=0.8141
  Epoch 40/50  loss=0.4454
DKL training done in 0.5s
  → SM-19683  gap=3.097 eV  best=0.022 eV  top50=6  top10%=31
Cycle  67: GP refit  (76 labelled)
  → SM-5606  gap=2.807 eV  best=0.022 eV  top50=6  top10%=31
Cycle  68: GP refit  (77 labelled)
  → SM-5002  gap=20.302 eV  best=0.022 eV  top50=6  top10%=31
Cycle  69: GP refit  (78 labelled)
  → SM-19142  gap=1.921 eV  best=0.022 eV  top50=6  top10%=31
Cycle  70: GP refit  (79 labelled)
  → SM-16145  gap=2.235 eV  best=0.022 eV  top50=6  top10%=31
Cycle  71: full DKL retrain  (80 labelled)
GP warmup: 20 epochs on initial embeddings
Joint DKL training: 50 epochs
  Epoch 20/50  loss=0.2696
  Epoch 40/50  loss=-0.1674
DKL training done in 0.5s
  → SM-3951  gap=6.774 eV  best=0.022 eV  top50=6  top10%=31
Cycle  72: GP refit  (81 labelled)
  → SM-17334  gap=1.905 eV  best=0.022 eV  top50=6  top10%=31
Cycle  73: GP refit  (82 labelled)
  → SM-1339  gap=5.473 eV  best=0.022 eV  top50=6  top10%=31
Cycle  74: GP refit  (83 labelled)
  → SM-135  gap=2.080 eV  best=0.022 eV  top50=6  top10%=31
Cycle  75: GP refit  (84 labelled)
  → SM-6542  gap=6.834 eV  best=0.022 eV  top50=6  top10%=31
Cycle  76: full DKL retrain  (85 labelled)
GP warmup: 20 epochs on initial embeddings
Joint DKL training: 50 epochs
  Epoch 20/50  loss=1.6277
  Epoch 40/50  loss=0.9982
DKL training done in 0.5s
  → SM-256  gap=2.577 eV  best=0.022 eV  top50=6  top10%=31
Cycle  77: GP refit  (86 labelled)
  → SM-19816  gap=4.433 eV  best=0.022 eV  top50=6  top10%=31
Cycle  78: GP refit  (87 labelled)
  → SM-265  gap=2.525 eV  best=0.022 eV  top50=6  top10%=31
Cycle  79: GP refit  (88 labelled)
  → SM-16487  gap=2.948 eV  best=0.022 eV  top50=6  top10%=31
Cycle  80: GP refit  (89 labelled)
  → SM-19435  gap=0.898 eV  best=0.022 eV  top50=6  top10%=32
Cycle  81: full DKL retrain  (90 labelled)
GP warmup: 20 epochs on initial embeddings
Joint DKL training: 50 epochs
  Epoch 20/50  loss=0.8672
  Epoch 40/50  loss=0.4127
DKL training done in 0.5s
  → SM-7542  gap=1.543 eV  best=0.022 eV  top50=6  top10%=32
Cycle  82: GP refit  (91 labelled)
  → SM-1347  gap=4.650 eV  best=0.022 eV  top50=6  top10%=32
Cycle  83: GP refit  (92 labelled)
  → SM-16971  gap=0.248 eV  best=0.022 eV  top50=6  top10%=33
Cycle  84: GP refit  (93 labelled)
  → SM-13591  gap=0.360 eV  best=0.022 eV  top50=6  top10%=34
Cycle  85: GP refit  (94 labelled)
  → SM-3143  gap=2.930 eV  best=0.022 eV  top50=6  top10%=34
Cycle  86: full DKL retrain  (95 labelled)
GP warmup: 20 epochs on initial embeddings
Joint DKL training: 50 epochs
  Epoch 20/50  loss=0.1279
  Epoch 40/50  loss=-0.1205
DKL training done in 0.5s
  → SM-6515  gap=0.263 eV  best=0.022 eV  top50=6  top10%=35
Cycle  87: GP refit  (96 labelled)
  → SM-7457  gap=0.461 eV  best=0.022 eV  top50=6  top10%=36
Cycle  88: GP refit  (97 labelled)
  → SM-19228  gap=9.023 eV  best=0.022 eV  top50=6  top10%=36
Cycle  89: GP refit  (98 labelled)
  → SM-5307  gap=2.961 eV  best=0.022 eV  top50=6  top10%=36
Cycle  90: GP refit  (99 labelled)
  → SM-3955  gap=6.861 eV  best=0.022 eV  top50=6  top10%=36
Cycle  91: full DKL retrain  (100 labelled)
GP warmup: 20 epochs on initial embeddings
Joint DKL training: 50 epochs
  Epoch 20/50  loss=0.1208
  Epoch 40/50  loss=-0.3217
DKL training done in 0.4s
  → SM-7543  gap=2.363 eV  best=0.022 eV  top50=6  top10%=36
Cycle  92: GP refit  (101 labelled)
  → SM-13751  gap=0.397 eV  best=0.022 eV  top50=6  top10%=37
Cycle  93: GP refit  (102 labelled)
  → SM-19143  gap=6.488 eV  best=0.022 eV  top50=6  top10%=37
Cycle  94: GP refit  (103 labelled)
  → SM-588  gap=1.824 eV  best=0.022 eV  top50=6  top10%=37
Cycle  95: GP refit  (104 labelled)
  → SM-8486  gap=0.370 eV  best=0.022 eV  top50=6  top10%=38
Cycle  96: full DKL retrain  (105 labelled)
GP warmup: 20 epochs on initial embeddings
Joint DKL training: 50 epochs
  Epoch 20/50  loss=1.2178
  Epoch 40/50  loss=0.8802
DKL training done in 0.4s
  → SM-19139  gap=2.672 eV  best=0.022 eV  top50=6  top10%=38
Cycle  97: GP refit  (106 labelled)
  → SM-20518  gap=4.023 eV  best=0.022 eV  top50=6  top10%=38
Cycle  98: GP refit  (107 labelled)
  → SM-15538  gap=0.606 eV  best=0.022 eV  top50=6  top10%=39
Cycle  99: GP refit  (108 labelled)
  → SM-3970  gap=2.362 eV  best=0.022 eV  top50=6  top10%=39
Cycle 100: GP refit  (109 labelled)
  → SM-14409  gap=0.649 eV  best=0.022 eV  top50=6  top10%=40
  gap_min/seed6 → best=0.022 top50=6 top10%=40
BOLoop: 3131 materials  |  direction=min  |  top-50 internal threshold=-0.19  top-10% internal threshold=-0.96
Init: 10 random labels  |  best (min) = 0.315
Cycle   1: full DKL retrain  (10 labelled)
GP warmup: 20 epochs on initial embeddings
/home/roy/software/anaconda3/lib/python3.13/site-packages/torch/_compile.py:32: UserWarning: optimizer contains a parameter group with duplicate parameters; in future, this will cause an error; see github.com/pytorch/pytorch/issues/40967 for more information
  return disable_fn(*args, **kwargs)
Joint DKL training: 50 epochs
  Epoch 20/50  loss=2.3768
  Epoch 40/50  loss=2.1513
DKL training done in 0.5s
  → SM-5584  gap=0.733 eV  best=0.315 eV  top50=0  top10%=1
Cycle   2: GP refit  (11 labelled)
  → SM-18777  gap=0.274 eV  best=0.274 eV  top50=0  top10%=2
Cycle   3: GP refit  (12 labelled)
  → SM-14764  gap=0.452 eV  best=0.274 eV  top50=0  top10%=3
Cycle   4: GP refit  (13 labelled)
  → SM-8573  gap=0.710 eV  best=0.274 eV  top50=0  top10%=4
Cycle   5: GP refit  (14 labelled)
  → SM-4353  gap=1.408 eV  best=0.274 eV  top50=0  top10%=4
Cycle   6: full DKL retrain  (15 labelled)
GP warmup: 20 epochs on initial embeddings
Joint DKL training: 50 epochs
  Epoch 20/50  loss=1.0169
  Epoch 40/50  loss=0.8462
DKL training done in 0.5s
  → SM-5330  gap=0.375 eV  best=0.274 eV  top50=0  top10%=5
Cycle   7: GP refit  (16 labelled)
  → SM-6232  gap=0.164 eV  best=0.164 eV  top50=1  top10%=6
Cycle   8: GP refit  (17 labelled)
  → SM-3955  gap=6.861 eV  best=0.164 eV  top50=1  top10%=6
Cycle   9: GP refit  (18 labelled)
  → SM-4426  gap=0.612 eV  best=0.164 eV  top50=1  top10%=7
Cycle  10: GP refit  (19 labelled)
  → SM-16985  gap=0.237 eV  best=0.164 eV  top50=1  top10%=8
Cycle  11: full DKL retrain  (20 labelled)
GP warmup: 20 epochs on initial embeddings
Joint DKL training: 50 epochs
  Epoch 20/50  loss=0.6217
  Epoch 40/50  loss=-0.4207
DKL training done in 0.4s
  → SM-5224  gap=0.427 eV  best=0.164 eV  top50=1  top10%=9
Cycle  12: GP refit  (21 labelled)
  → SM-6741  gap=0.118 eV  best=0.118 eV  top50=2  top10%=10
Cycle  13: GP refit  (22 labelled)
  → SM-4430  gap=1.240 eV  best=0.118 eV  top50=2  top10%=10
Cycle  14: GP refit  (23 labelled)
  → SM-20226  gap=0.057 eV  best=0.057 eV  top50=3  top10%=11
Cycle  15: GP refit  (24 labelled)
  → SM-17536  gap=0.552 eV  best=0.057 eV  top50=3  top10%=12
Cycle  16: full DKL retrain  (25 labelled)
GP warmup: 20 epochs on initial embeddings
Joint DKL training: 50 epochs
  Epoch 20/50  loss=-0.3513
  Epoch 40/50  loss=-0.6532
DKL training done in 0.5s
  → SM-4421  gap=0.700 eV  best=0.057 eV  top50=3  top10%=13
Cycle  17: GP refit  (26 labelled)
  → SM-17310  gap=0.868 eV  best=0.057 eV  top50=3  top10%=14
Cycle  18: GP refit  (27 labelled)
  → SM-14493  gap=0.611 eV  best=0.057 eV  top50=3  top10%=15
Cycle  19: GP refit  (28 labelled)
  → SM-1753  gap=0.022 eV  best=0.022 eV  top50=4  top10%=16
Cycle  20: GP refit  (29 labelled)
  → SM-5111  gap=2.510 eV  best=0.022 eV  top50=4  top10%=16
Cycle  21: full DKL retrain  (30 labelled)
GP warmup: 20 epochs on initial embeddings
Joint DKL training: 50 epochs
  Epoch 20/50  loss=0.3574
  Epoch 40/50  loss=-0.3076
DKL training done in 0.3s
  → SM-14753  gap=0.041 eV  best=0.022 eV  top50=5  top10%=17
Cycle  22: GP refit  (31 labelled)
  → SM-20258  gap=1.208 eV  best=0.022 eV  top50=5  top10%=17
Cycle  23: GP refit  (32 labelled)
  → SM-16535  gap=0.658 eV  best=0.022 eV  top50=5  top10%=18
Cycle  24: GP refit  (33 labelled)
  → SM-4352  gap=0.719 eV  best=0.022 eV  top50=5  top10%=19
Cycle  25: GP refit  (34 labelled)
  → SM-6311  gap=0.756 eV  best=0.022 eV  top50=5  top10%=20
Cycle  26: full DKL retrain  (35 labelled)
GP warmup: 20 epochs on initial embeddings
Joint DKL training: 50 epochs
  Epoch 20/50  loss=-0.1753
  Epoch 40/50  loss=-0.4214
DKL training done in 0.4s
  → SM-6906  gap=0.442 eV  best=0.022 eV  top50=5  top10%=21
Cycle  27: GP refit  (36 labelled)
  → SM-14583  gap=1.423 eV  best=0.022 eV  top50=5  top10%=21
Cycle  28: GP refit  (37 labelled)
  → SM-1734  gap=0.156 eV  best=0.022 eV  top50=6  top10%=22
Cycle  29: GP refit  (38 labelled)
  → SM-10640  gap=0.035 eV  best=0.022 eV  top50=7  top10%=23
Cycle  30: GP refit  (39 labelled)
  → SM-9277  gap=0.584 eV  best=0.022 eV  top50=7  top10%=24
Cycle  31: full DKL retrain  (40 labelled)
GP warmup: 20 epochs on initial embeddings
Joint DKL training: 50 epochs
  Epoch 20/50  loss=0.1487
  Epoch 40/50  loss=-0.1080
DKL training done in 0.5s
  → SM-9983  gap=0.305 eV  best=0.022 eV  top50=7  top10%=25
Cycle  32: GP refit  (41 labelled)
  → SM-7092  gap=0.749 eV  best=0.022 eV  top50=7  top10%=26
Cycle  33: GP refit  (42 labelled)
  → SM-6239  gap=0.740 eV  best=0.022 eV  top50=7  top10%=27
Cycle  34: GP refit  (43 labelled)
  → SM-14748  gap=1.148 eV  best=0.022 eV  top50=7  top10%=27
Cycle  35: GP refit  (44 labelled)
  → SM-18184  gap=0.704 eV  best=0.022 eV  top50=7  top10%=28
Cycle  36: full DKL retrain  (45 labelled)
GP warmup: 20 epochs on initial embeddings
Joint DKL training: 50 epochs
  Epoch 20/50  loss=-0.2465
  Epoch 40/50  loss=-0.5211
DKL training done in 0.6s
  → SM-14397  gap=0.073 eV  best=0.022 eV  top50=8  top10%=29
Cycle  37: GP refit  (46 labelled)
  → SM-9923  gap=1.022 eV  best=0.022 eV  top50=8  top10%=29
Cycle  38: GP refit  (47 labelled)
  → SM-17303  gap=0.343 eV  best=0.022 eV  top50=8  top10%=30
Cycle  39: GP refit  (48 labelled)
  → SM-14610  gap=0.696 eV  best=0.022 eV  top50=8  top10%=31
Cycle  40: GP refit  (49 labelled)
  → SM-4448  gap=0.736 eV  best=0.022 eV  top50=8  top10%=32
Cycle  41: full DKL retrain  (50 labelled)
GP warmup: 20 epochs on initial embeddings
Joint DKL training: 50 epochs
  Epoch 20/50  loss=-0.3592
  Epoch 40/50  loss=-0.6931
DKL training done in 0.5s
  → SM-3507  gap=2.390 eV  best=0.022 eV  top50=8  top10%=32
Cycle  42: GP refit  (51 labelled)
  → SM-13726  gap=1.405 eV  best=0.022 eV  top50=8  top10%=32
Cycle  43: GP refit  (52 labelled)
  → SM-3023  gap=0.740 eV  best=0.022 eV  top50=8  top10%=33
Cycle  44: GP refit  (53 labelled)
  → SM-1690  gap=0.022 eV  best=0.022 eV  top50=9  top10%=34
Cycle  45: GP refit  (54 labelled)
  → SM-5329  gap=0.638 eV  best=0.022 eV  top50=9  top10%=35
Cycle  46: full DKL retrain  (55 labelled)
GP warmup: 20 epochs on initial embeddings
Joint DKL training: 50 epochs
  Epoch 20/50  loss=-0.2501
  Epoch 40/50  loss=-0.4524
DKL training done in 0.5s
  → SM-7448  gap=0.566 eV  best=0.022 eV  top50=9  top10%=36
Cycle  47: GP refit  (56 labelled)
  → SM-1642  gap=0.640 eV  best=0.022 eV  top50=9  top10%=37
Cycle  48: GP refit  (57 labelled)
  → SM-10672  gap=0.219 eV  best=0.022 eV  top50=9  top10%=38
Cycle  49: GP refit  (58 labelled)
  → SM-1643  gap=0.798 eV  best=0.022 eV  top50=9  top10%=39
Cycle  50: GP refit  (59 labelled)
  → SM-17172  gap=1.654 eV  best=0.022 eV  top50=9  top10%=39
Cycle  51: full DKL retrain  (60 labelled)
GP warmup: 20 epochs on initial embeddings
Joint DKL training: 50 epochs
  Epoch 20/50  loss=-0.4457
  Epoch 40/50  loss=-0.5927
DKL training done in 0.4s
  → SM-17055  gap=0.819 eV  best=0.022 eV  top50=9  top10%=40
Cycle  52: GP refit  (61 labelled)
  → SM-17557  gap=0.465 eV  best=0.022 eV  top50=9  top10%=41
Cycle  53: GP refit  (62 labelled)
  → SM-1015  gap=1.289 eV  best=0.022 eV  top50=9  top10%=41
Cycle  54: GP refit  (63 labelled)
  → SM-8265  gap=0.622 eV  best=0.022 eV  top50=9  top10%=42
Cycle  55: GP refit  (64 labelled)
  → SM-6970  gap=0.423 eV  best=0.022 eV  top50=9  top10%=43
Cycle  56: full DKL retrain  (65 labelled)
GP warmup: 20 epochs on initial embeddings
Joint DKL training: 50 epochs
  Epoch 20/50  loss=-0.4970
  Epoch 40/50  loss=-0.6235
DKL training done in 0.5s
  → SM-5272  gap=1.791 eV  best=0.022 eV  top50=9  top10%=43
Cycle  57: GP refit  (66 labelled)
  → SM-7027  gap=3.278 eV  best=0.022 eV  top50=9  top10%=43
Cycle  58: GP refit  (67 labelled)
  → SM-5249  gap=0.118 eV  best=0.022 eV  top50=10  top10%=44
Cycle  59: GP refit  (68 labelled)
  → SM-17600  gap=3.183 eV  best=0.022 eV  top50=10  top10%=44
Cycle  60: GP refit  (69 labelled)
  → SM-8259  gap=0.282 eV  best=0.022 eV  top50=10  top10%=45
Cycle  61: full DKL retrain  (70 labelled)
GP warmup: 20 epochs on initial embeddings
Joint DKL training: 50 epochs
  Epoch 20/50  loss=0.5720
  Epoch 40/50  loss=0.1120
DKL training done in 0.5s
  → SM-8242  gap=0.648 eV  best=0.022 eV  top50=10  top10%=46
Cycle  62: GP refit  (71 labelled)
  → SM-1418  gap=1.876 eV  best=0.022 eV  top50=10  top10%=46
Cycle  63: GP refit  (72 labelled)
  → SM-11259  gap=1.605 eV  best=0.022 eV  top50=10  top10%=46
Cycle  64: GP refit  (73 labelled)
  → SM-8341  gap=1.056 eV  best=0.022 eV  top50=10  top10%=46
Cycle  65: GP refit  (74 labelled)
  → SM-1502  gap=0.318 eV  best=0.022 eV  top50=10  top10%=47
Cycle  66: full DKL retrain  (75 labelled)
GP warmup: 20 epochs on initial embeddings
Joint DKL training: 50 epochs
  Epoch 20/50  loss=0.1393
  Epoch 40/50  loss=-0.0423
DKL training done in 0.5s
  → SM-1648  gap=0.649 eV  best=0.022 eV  top50=10  top10%=48
Cycle  67: GP refit  (76 labelled)
  → SM-1652  gap=1.253 eV  best=0.022 eV  top50=10  top10%=48
Cycle  68: GP refit  (77 labelled)
  → SM-1655  gap=1.686 eV  best=0.022 eV  top50=10  top10%=48
Cycle  69: GP refit  (78 labelled)
  → SM-14631  gap=0.136 eV  best=0.022 eV  top50=11  top10%=49
Cycle  70: GP refit  (79 labelled)
  → SM-4438  gap=0.534 eV  best=0.022 eV  top50=11  top10%=50
Cycle  71: full DKL retrain  (80 labelled)
GP warmup: 20 epochs on initial embeddings
Joint DKL training: 50 epochs
  Epoch 20/50  loss=-0.1406
  Epoch 40/50  loss=-0.2941
DKL training done in 0.5s
  → SM-14004  gap=0.459 eV  best=0.022 eV  top50=11  top10%=51
Cycle  72: GP refit  (81 labelled)
  → SM-16540  gap=0.582 eV  best=0.022 eV  top50=11  top10%=52
Cycle  73: GP refit  (82 labelled)
  → SM-14094  gap=0.268 eV  best=0.022 eV  top50=11  top10%=53
Cycle  74: GP refit  (83 labelled)
  → SM-17556  gap=0.673 eV  best=0.022 eV  top50=11  top10%=54
Cycle  75: GP refit  (84 labelled)
  → SM-12490  gap=2.915 eV  best=0.022 eV  top50=11  top10%=54
Cycle  76: full DKL retrain  (85 labelled)
GP warmup: 20 epochs on initial embeddings
Joint DKL training: 50 epochs
  Epoch 20/50  loss=-0.1951
  Epoch 40/50  loss=-0.4644
DKL training done in 0.6s
  → SM-14916  gap=0.394 eV  best=0.022 eV  top50=11  top10%=55
Cycle  77: GP refit  (86 labelled)
  → SM-5216  gap=1.161 eV  best=0.022 eV  top50=11  top10%=55
Cycle  78: GP refit  (87 labelled)
  → SM-18201  gap=0.435 eV  best=0.022 eV  top50=11  top10%=56
Cycle  79: GP refit  (88 labelled)
  → SM-7178  gap=0.579 eV  best=0.022 eV  top50=11  top10%=57
Cycle  80: GP refit  (89 labelled)
  → SM-10397  gap=0.228 eV  best=0.022 eV  top50=11  top10%=58
Cycle  81: full DKL retrain  (90 labelled)
GP warmup: 20 epochs on initial embeddings
Joint DKL training: 50 epochs
  Epoch 20/50  loss=-0.5206
  Epoch 40/50  loss=-0.7010
DKL training done in 0.5s
  → SM-14409  gap=0.649 eV  best=0.022 eV  top50=11  top10%=59
Cycle  82: GP refit  (91 labelled)
  → SM-13720  gap=0.458 eV  best=0.022 eV  top50=11  top10%=60
Cycle  83: GP refit  (92 labelled)
  → SM-10171  gap=0.639 eV  best=0.022 eV  top50=11  top10%=61
Cycle  84: GP refit  (93 labelled)
  → SM-20222  gap=2.080 eV  best=0.022 eV  top50=11  top10%=61
Cycle  85: GP refit  (94 labelled)
  → SM-16228  gap=0.698 eV  best=0.022 eV  top50=11  top10%=62
Cycle  86: full DKL retrain  (95 labelled)
GP warmup: 20 epochs on initial embeddings
Joint DKL training: 50 epochs
  Epoch 20/50  loss=-0.6686
  Epoch 40/50  loss=-0.8054
DKL training done in 0.5s
  → SM-14405  gap=0.960 eV  best=0.022 eV  top50=11  top10%=62
Cycle  87: GP refit  (96 labelled)
  → SM-14081  gap=0.291 eV  best=0.022 eV  top50=11  top10%=63
Cycle  88: GP refit  (97 labelled)
  → SM-16919  gap=0.680 eV  best=0.022 eV  top50=11  top10%=64
Cycle  89: GP refit  (98 labelled)
  → SM-14979  gap=0.909 eV  best=0.022 eV  top50=11  top10%=65
Cycle  90: GP refit  (99 labelled)
  → SM-14619  gap=1.000 eV  best=0.022 eV  top50=11  top10%=65
Cycle  91: full DKL retrain  (100 labelled)
GP warmup: 20 epochs on initial embeddings
Joint DKL training: 50 epochs
  Epoch 20/50  loss=-0.8303
  Epoch 40/50  loss=-0.9870
DKL training done in 0.6s
  → SM-1627  gap=1.242 eV  best=0.022 eV  top50=11  top10%=65
Cycle  92: GP refit  (101 labelled)
  → SM-17308  gap=0.696 eV  best=0.022 eV  top50=11  top10%=66
Cycle  93: GP refit  (102 labelled)
  → SM-17155  gap=0.731 eV  best=0.022 eV  top50=11  top10%=67
Cycle  94: GP refit  (103 labelled)
  → SM-4416  gap=1.311 eV  best=0.022 eV  top50=11  top10%=67
Cycle  95: GP refit  (104 labelled)
  → SM-8069  gap=0.985 eV  best=0.022 eV  top50=11  top10%=67
Cycle  96: full DKL retrain  (105 labelled)
GP warmup: 20 epochs on initial embeddings
Joint DKL training: 50 epochs
  Epoch 20/50  loss=-0.7696
  Epoch 40/50  loss=-0.9297
DKL training done in 0.5s
  → SM-14428  gap=0.790 eV  best=0.022 eV  top50=11  top10%=68
Cycle  97: GP refit  (106 labelled)
  → SM-9094  gap=1.096 eV  best=0.022 eV  top50=11  top10%=68
Cycle  98: GP refit  (107 labelled)
  → SM-14529  gap=0.568 eV  best=0.022 eV  top50=11  top10%=69
Cycle  99: GP refit  (108 labelled)
  → SM-17263  gap=1.010 eV  best=0.022 eV  top50=11  top10%=69
Cycle 100: GP refit  (109 labelled)
  → SM-4434  gap=0.879 eV  best=0.022 eV  top50=11  top10%=70
  gap_min/seed7 → best=0.022 top50=11 top10%=70
BOLoop: 3131 materials  |  direction=min  |  top-50 internal threshold=-0.19  top-10% internal threshold=-0.96
Init: 10 random labels  |  best (min) = 0.100
Cycle   1: full DKL retrain  (10 labelled)
GP warmup: 20 epochs on initial embeddings
/home/roy/software/anaconda3/lib/python3.13/site-packages/torch/_compile.py:32: UserWarning: optimizer contains a parameter group with duplicate parameters; in future, this will cause an error; see github.com/pytorch/pytorch/issues/40967 for more information
  return disable_fn(*args, **kwargs)
Joint DKL training: 50 epochs
  Epoch 20/50  loss=1.9549
  Epoch 40/50  loss=1.7233
DKL training done in 0.6s
  → SM-19874  gap=0.184 eV  best=0.100 eV  top50=1  top10%=1
Cycle   2: GP refit  (11 labelled)
  → SM-659  gap=0.729 eV  best=0.100 eV  top50=1  top10%=2
Cycle   3: GP refit  (12 labelled)
  → SM-256  gap=2.577 eV  best=0.100 eV  top50=1  top10%=2
Cycle   4: GP refit  (13 labelled)
  → SM-5126  gap=0.516 eV  best=0.100 eV  top50=1  top10%=3
Cycle   5: GP refit  (14 labelled)
  → SM-7178  gap=0.579 eV  best=0.100 eV  top50=1  top10%=4
Cycle   6: full DKL retrain  (15 labelled)
GP warmup: 20 epochs on initial embeddings
Joint DKL training: 50 epochs
  Epoch 20/50  loss=0.5066
  Epoch 40/50  loss=0.4002
DKL training done in 0.4s
  → SM-7534  gap=1.341 eV  best=0.100 eV  top50=1  top10%=4
Cycle   7: GP refit  (16 labelled)
  → SM-5003  gap=19.720 eV  best=0.100 eV  top50=1  top10%=4
Cycle   8: GP refit  (17 labelled)
  → SM-19799  gap=3.430 eV  best=0.100 eV  top50=1  top10%=4
Cycle   9: GP refit  (18 labelled)
  → SM-18201  gap=0.435 eV  best=0.100 eV  top50=1  top10%=5
Cycle  10: GP refit  (19 labelled)
  → SM-7377  gap=0.271 eV  best=0.100 eV  top50=1  top10%=6
Cycle  11: full DKL retrain  (20 labelled)
GP warmup: 20 epochs on initial embeddings
Joint DKL training: 50 epochs
  Epoch 20/50  loss=9.8975
  Epoch 40/50  loss=6.1821
DKL training done in 0.5s
  → SM-15538  gap=0.606 eV  best=0.100 eV  top50=1  top10%=7
Cycle  12: GP refit  (21 labelled)
  → SM-7457  gap=0.461 eV  best=0.100 eV  top50=1  top10%=8
Cycle  13: GP refit  (22 labelled)
  → SM-5002  gap=20.302 eV  best=0.100 eV  top50=1  top10%=8
Cycle  14: GP refit  (23 labelled)
  → SM-7998  gap=0.513 eV  best=0.100 eV  top50=1  top10%=9
Cycle  15: GP refit  (24 labelled)
  → SM-19498  gap=4.814 eV  best=0.100 eV  top50=1  top10%=9
Cycle  16: full DKL retrain  (25 labelled)
GP warmup: 20 epochs on initial embeddings
Joint DKL training: 50 epochs
  Epoch 20/50  loss=4.2196
  Epoch 40/50  loss=2.9063
DKL training done in 0.5s
  → SM-4700  gap=3.585 eV  best=0.100 eV  top50=1  top10%=9
Cycle  17: GP refit  (26 labelled)
  → SM-14409  gap=0.649 eV  best=0.100 eV  top50=1  top10%=10
Cycle  18: GP refit  (27 labelled)
  → SM-4459  gap=4.140 eV  best=0.100 eV  top50=1  top10%=10
Cycle  19: GP refit  (28 labelled)
  → SM-18713  gap=1.012 eV  best=0.100 eV  top50=1  top10%=10
Cycle  20: GP refit  (29 labelled)
  → SM-19825  gap=2.388 eV  best=0.100 eV  top50=1  top10%=10
Cycle  21: full DKL retrain  (30 labelled)
GP warmup: 20 epochs on initial embeddings
Joint DKL training: 50 epochs
  Epoch 20/50  loss=5.1539
  Epoch 40/50  loss=2.3001
DKL training done in 0.5s
  → SM-19435  gap=0.898 eV  best=0.100 eV  top50=1  top10%=11
Cycle  22: GP refit  (31 labelled)
  → SM-461  gap=0.272 eV  best=0.100 eV  top50=1  top10%=12
Cycle  23: GP refit  (32 labelled)
  → SM-19801  gap=3.948 eV  best=0.100 eV  top50=1  top10%=12
Cycle  24: GP refit  (33 labelled)
  → SM-19684  gap=5.074 eV  best=0.100 eV  top50=1  top10%=12
Cycle  25: GP refit  (34 labelled)
  → SM-5606  gap=2.807 eV  best=0.100 eV  top50=1  top10%=12
Cycle  26: full DKL retrain  (35 labelled)
GP warmup: 20 epochs on initial embeddings
Joint DKL training: 50 epochs
  Epoch 20/50  loss=2.4762
  Epoch 40/50  loss=1.4421
DKL training done in 0.4s
  → SM-10325  gap=1.264 eV  best=0.100 eV  top50=1  top10%=12
Cycle  27: GP refit  (36 labelled)
  → SM-3955  gap=6.861 eV  best=0.100 eV  top50=1  top10%=12
Cycle  28: GP refit  (37 labelled)
  → SM-7542  gap=1.543 eV  best=0.100 eV  top50=1  top10%=12
Cycle  29: GP refit  (38 labelled)
  → SM-647  gap=1.469 eV  best=0.100 eV  top50=1  top10%=12
Cycle  30: GP refit  (39 labelled)
  → SM-6115  gap=3.579 eV  best=0.100 eV  top50=1  top10%=12
Cycle  31: full DKL retrain  (40 labelled)
GP warmup: 20 epochs on initial embeddings
Joint DKL training: 50 epochs
  Epoch 20/50  loss=2.5485
  Epoch 40/50  loss=1.5117
DKL training done in 0.5s
  → SM-5210  gap=3.787 eV  best=0.100 eV  top50=1  top10%=12
Cycle  32: GP refit  (41 labelled)
  → SM-159  gap=5.294 eV  best=0.100 eV  top50=1  top10%=12
Cycle  33: GP refit  (42 labelled)
  → SM-20231  gap=0.113 eV  best=0.100 eV  top50=2  top10%=13
Cycle  34: GP refit  (43 labelled)
  → SM-5307  gap=2.961 eV  best=0.100 eV  top50=2  top10%=13
Cycle  35: GP refit  (44 labelled)
  → SM-4038  gap=2.731 eV  best=0.100 eV  top50=2  top10%=13
Cycle  36: full DKL retrain  (45 labelled)
GP warmup: 20 epochs on initial embeddings
Joint DKL training: 50 epochs
  Epoch 20/50  loss=1.3181
  Epoch 40/50  loss=0.7087
DKL training done in 0.4s
  → SM-8295  gap=3.216 eV  best=0.100 eV  top50=2  top10%=13
Cycle  37: GP refit  (46 labelled)
  → SM-19222  gap=8.028 eV  best=0.100 eV  top50=2  top10%=13
Cycle  38: GP refit  (47 labelled)
  → SM-4424  gap=1.221 eV  best=0.100 eV  top50=2  top10%=13
Cycle  39: GP refit  (48 labelled)
  → SM-15573  gap=2.580 eV  best=0.100 eV  top50=2  top10%=13
Cycle  40: GP refit  (49 labelled)
  → SM-16267  gap=6.546 eV  best=0.100 eV  top50=2  top10%=13
Cycle  41: full DKL retrain  (50 labelled)
GP warmup: 20 epochs on initial embeddings
Joint DKL training: 50 epochs
  Epoch 20/50  loss=1.9969
  Epoch 40/50  loss=1.2644
DKL training done in 0.4s
  → SM-19340  gap=2.652 eV  best=0.100 eV  top50=2  top10%=13
Cycle  42: GP refit  (51 labelled)
  → SM-679  gap=1.011 eV  best=0.100 eV  top50=2  top10%=13
Cycle  43: GP refit  (52 labelled)
  → SM-19488  gap=0.061 eV  best=0.061 eV  top50=3  top10%=14
Cycle  44: GP refit  (53 labelled)
  → SM-3674  gap=3.613 eV  best=0.061 eV  top50=3  top10%=14
Cycle  45: GP refit  (54 labelled)
  → SM-19485  gap=0.019 eV  best=0.019 eV  top50=4  top10%=15
Cycle  46: full DKL retrain  (55 labelled)
GP warmup: 20 epochs on initial embeddings
Joint DKL training: 50 epochs
  Epoch 20/50  loss=1.9017
  Epoch 40/50  loss=1.0785
DKL training done in 0.5s
  → SM-2838  gap=3.952 eV  best=0.019 eV  top50=4  top10%=15
Cycle  47: GP refit  (56 labelled)
  → SM-19228  gap=9.023 eV  best=0.019 eV  top50=4  top10%=15
Cycle  48: GP refit  (57 labelled)
  → SM-1276  gap=4.556 eV  best=0.019 eV  top50=4  top10%=15
Cycle  49: GP refit  (58 labelled)
  → SM-19344  gap=4.048 eV  best=0.019 eV  top50=4  top10%=15
Cycle  50: GP refit  (59 labelled)
  → SM-9941  gap=3.443 eV  best=0.019 eV  top50=4  top10%=15
Cycle  51: full DKL retrain  (60 labelled)
GP warmup: 20 epochs on initial embeddings
Joint DKL training: 50 epochs
  Epoch 20/50  loss=2.0417
  Epoch 40/50  loss=1.4138
DKL training done in 0.4s
  → SM-6292  gap=2.898 eV  best=0.019 eV  top50=4  top10%=15
Cycle  52: GP refit  (61 labelled)
  → SM-17334  gap=1.905 eV  best=0.019 eV  top50=4  top10%=15
Cycle  53: GP refit  (62 labelled)
  → SM-19143  gap=6.488 eV  best=0.019 eV  top50=4  top10%=15
Cycle  54: GP refit  (63 labelled)
  → SM-10222  gap=3.126 eV  best=0.019 eV  top50=4  top10%=15
Cycle  55: GP refit  (64 labelled)
  → SM-1007  gap=2.822 eV  best=0.019 eV  top50=4  top10%=15
Cycle  56: full DKL retrain  (65 labelled)
GP warmup: 20 epochs on initial embeddings
Joint DKL training: 50 epochs
  Epoch 20/50  loss=1.2428
  Epoch 40/50  loss=0.6790
DKL training done in 0.5s
  → SM-19188  gap=3.856 eV  best=0.019 eV  top50=4  top10%=15
Cycle  57: GP refit  (66 labelled)
  → SM-19171  gap=4.028 eV  best=0.019 eV  top50=4  top10%=15
Cycle  58: GP refit  (67 labelled)
  → SM-3842  gap=1.019 eV  best=0.019 eV  top50=4  top10%=15
Cycle  59: GP refit  (68 labelled)
  → SM-19163  gap=9.310 eV  best=0.019 eV  top50=4  top10%=15
Cycle  60: GP refit  (69 labelled)
  → SM-19112  gap=7.731 eV  best=0.019 eV  top50=4  top10%=15
Cycle  61: full DKL retrain  (70 labelled)
GP warmup: 20 epochs on initial embeddings
Joint DKL training: 50 epochs
  Epoch 20/50  loss=1.7730
  Epoch 40/50  loss=1.2502
DKL training done in 0.6s
  → SM-14179  gap=5.683 eV  best=0.019 eV  top50=4  top10%=15
Cycle  62: GP refit  (71 labelled)
  → SM-19487  gap=0.024 eV  best=0.019 eV  top50=5  top10%=16
Cycle  63: GP refit  (72 labelled)
  → SM-19481  gap=3.185 eV  best=0.019 eV  top50=5  top10%=16
Cycle  64: GP refit  (73 labelled)
  → SM-3923  gap=1.690 eV  best=0.019 eV  top50=5  top10%=16
Cycle  65: GP refit  (74 labelled)
  → SM-19816  gap=4.433 eV  best=0.019 eV  top50=5  top10%=16
Cycle  66: full DKL retrain  (75 labelled)
GP warmup: 20 epochs on initial embeddings
Joint DKL training: 50 epochs
  Epoch 20/50  loss=0.8566
  Epoch 40/50  loss=0.5076
DKL training done in 0.4s
  → SM-19832  gap=2.345 eV  best=0.019 eV  top50=5  top10%=16
Cycle  67: GP refit  (76 labelled)
  → SM-6542  gap=6.834 eV  best=0.019 eV  top50=5  top10%=16
Cycle  68: GP refit  (77 labelled)
  → SM-1003  gap=2.248 eV  best=0.019 eV  top50=5  top10%=16
Cycle  69: GP refit  (78 labelled)
  → SM-20332  gap=8.573 eV  best=0.019 eV  top50=5  top10%=16
Cycle  70: GP refit  (79 labelled)
  → SM-4665  gap=4.164 eV  best=0.019 eV  top50=5  top10%=16
Cycle  71: full DKL retrain  (80 labelled)
GP warmup: 20 epochs on initial embeddings
Joint DKL training: 50 epochs
  Epoch 20/50  loss=2.1929
  Epoch 40/50  loss=1.7217
DKL training done in 0.4s
  → SM-1274  gap=3.684 eV  best=0.019 eV  top50=5  top10%=16
Cycle  72: GP refit  (81 labelled)
  → SM-3053  gap=2.667 eV  best=0.019 eV  top50=5  top10%=16
Cycle  73: GP refit  (82 labelled)
  → SM-7436  gap=2.602 eV  best=0.019 eV  top50=5  top10%=16
Cycle  74: GP refit  (83 labelled)
  → SM-8762  gap=3.624 eV  best=0.019 eV  top50=5  top10%=16
Cycle  75: GP refit  (84 labelled)
  → SM-19299  gap=3.218 eV  best=0.019 eV  top50=5  top10%=16
Cycle  76: full DKL retrain  (85 labelled)
GP warmup: 20 epochs on initial embeddings
Joint DKL training: 50 epochs
  Epoch 20/50  loss=0.6715
  Epoch 40/50  loss=0.3992
DKL training done in 0.5s
  → SM-1113  gap=3.915 eV  best=0.019 eV  top50=5  top10%=16
Cycle  77: GP refit  (86 labelled)
  → SM-4563  gap=2.051 eV  best=0.019 eV  top50=5  top10%=16
Cycle  78: GP refit  (87 labelled)
  → SM-3877  gap=2.702 eV  best=0.019 eV  top50=5  top10%=16
Cycle  79: GP refit  (88 labelled)
  → SM-5014  gap=15.496 eV  best=0.019 eV  top50=5  top10%=16
Cycle  80: GP refit  (89 labelled)
  → SM-4775  gap=3.335 eV  best=0.019 eV  top50=5  top10%=16
Cycle  81: full DKL retrain  (90 labelled)
GP warmup: 20 epochs on initial embeddings
Joint DKL training: 50 epochs
  Epoch 20/50  loss=1.5460
  Epoch 40/50  loss=1.0387
DKL training done in 0.5s
  → SM-19709  gap=2.756 eV  best=0.019 eV  top50=5  top10%=16
Cycle  82: GP refit  (91 labelled)
  → SM-3805  gap=2.583 eV  best=0.019 eV  top50=5  top10%=16
Cycle  83: GP refit  (92 labelled)
  → SM-13435  gap=2.690 eV  best=0.019 eV  top50=5  top10%=16
Cycle  84: GP refit  (93 labelled)
  → SM-2411  gap=4.924 eV  best=0.019 eV  top50=5  top10%=16
Cycle  85: GP refit  (94 labelled)
  → SM-20232  gap=4.135 eV  best=0.019 eV  top50=5  top10%=16
Cycle  86: full DKL retrain  (95 labelled)
GP warmup: 20 epochs on initial embeddings
Joint DKL training: 50 epochs
  Epoch 20/50  loss=0.9674
  Epoch 40/50  loss=0.4636
DKL training done in 0.6s
  → SM-20563  gap=1.409 eV  best=0.019 eV  top50=5  top10%=16
Cycle  87: GP refit  (96 labelled)
  → SM-19810  gap=1.374 eV  best=0.019 eV  top50=5  top10%=16
Cycle  88: GP refit  (97 labelled)
  → SM-19770  gap=7.587 eV  best=0.019 eV  top50=5  top10%=16
Cycle  89: GP refit  (98 labelled)
  → SM-19471  gap=4.012 eV  best=0.019 eV  top50=5  top10%=16
Cycle  90: GP refit  (99 labelled)
  → SM-5013  gap=14.425 eV  best=0.019 eV  top50=5  top10%=16
Cycle  91: full DKL retrain  (100 labelled)
GP warmup: 20 epochs on initial embeddings
Joint DKL training: 50 epochs
  Epoch 20/50  loss=1.3676
  Epoch 40/50  loss=0.8001
DKL training done in 0.5s
  → SM-6767  gap=1.379 eV  best=0.019 eV  top50=5  top10%=16
Cycle  92: GP refit  (101 labelled)
  → SM-12620  gap=3.828 eV  best=0.019 eV  top50=5  top10%=16
Cycle  93: GP refit  (102 labelled)
  → SM-18862  gap=2.534 eV  best=0.019 eV  top50=5  top10%=16
Cycle  94: GP refit  (103 labelled)
  → SM-15221  gap=2.430 eV  best=0.019 eV  top50=5  top10%=16
Cycle  95: GP refit  (104 labelled)
  → SM-3939  gap=3.728 eV  best=0.019 eV  top50=5  top10%=16
Cycle  96: full DKL retrain  (105 labelled)
GP warmup: 20 epochs on initial embeddings
Joint DKL training: 50 epochs
  Epoch 20/50  loss=1.6391
  Epoch 40/50  loss=1.2665
DKL training done in 0.5s
  → SM-4444  gap=1.211 eV  best=0.019 eV  top50=5  top10%=16
Cycle  97: GP refit  (106 labelled)
  → SM-4225  gap=2.074 eV  best=0.019 eV  top50=5  top10%=16
Cycle  98: GP refit  (107 labelled)
  → SM-5031  gap=0.694 eV  best=0.019 eV  top50=5  top10%=17
Cycle  99: GP refit  (108 labelled)
  → SM-20226  gap=0.057 eV  best=0.019 eV  top50=6  top10%=18
Cycle 100: GP refit  (109 labelled)
  → SM-4992  gap=10.281 eV  best=0.019 eV  top50=6  top10%=18
  gap_min/seed8 → best=0.019 top50=6 top10%=18
BOLoop: 3131 materials  |  direction=min  |  top-50 internal threshold=-0.19  top-10% internal threshold=-0.96
Init: 10 random labels  |  best (min) = 0.525
Cycle   1: full DKL retrain  (10 labelled)
GP warmup: 20 epochs on initial embeddings
/home/roy/software/anaconda3/lib/python3.13/site-packages/torch/_compile.py:32: UserWarning: optimizer contains a parameter group with duplicate parameters; in future, this will cause an error; see github.com/pytorch/pytorch/issues/40967 for more information
  return disable_fn(*args, **kwargs)
Joint DKL training: 50 epochs
  Epoch 20/50  loss=1.9910
  Epoch 40/50  loss=1.8269
DKL training done in 0.4s
  → SM-17369  gap=3.441 eV  best=0.525 eV  top50=0  top10%=0
Cycle   2: GP refit  (11 labelled)
  → SM-4352  gap=0.719 eV  best=0.525 eV  top50=0  top10%=1
Cycle   3: GP refit  (12 labelled)
  → SM-10564  gap=1.109 eV  best=0.525 eV  top50=0  top10%=1
Cycle   4: GP refit  (13 labelled)
  → SM-4434  gap=0.879 eV  best=0.525 eV  top50=0  top10%=2
Cycle   5: GP refit  (14 labelled)
  → SM-17492  gap=1.131 eV  best=0.525 eV  top50=0  top10%=2
Cycle   6: full DKL retrain  (15 labelled)
GP warmup: 20 epochs on initial embeddings
Joint DKL training: 50 epochs
  Epoch 20/50  loss=1.4303
  Epoch 40/50  loss=1.3684
DKL training done in 0.5s
  → SM-7334  gap=0.767 eV  best=0.525 eV  top50=0  top10%=3
Cycle   7: GP refit  (16 labelled)
  → SM-1431  gap=0.056 eV  best=0.056 eV  top50=1  top10%=4
Cycle   8: GP refit  (17 labelled)
  → SM-6265  gap=0.023 eV  best=0.023 eV  top50=2  top10%=5
Cycle   9: GP refit  (18 labelled)
  → SM-10397  gap=0.228 eV  best=0.023 eV  top50=2  top10%=6
Cycle  10: GP refit  (19 labelled)
  → SM-17394  gap=0.225 eV  best=0.023 eV  top50=2  top10%=7
Cycle  11: full DKL retrain  (20 labelled)
GP warmup: 20 epochs on initial embeddings
Joint DKL training: 50 epochs
  Epoch 20/50  loss=1.1198
  Epoch 40/50  loss=1.0499
DKL training done in 0.5s
  → SM-16084  gap=0.794 eV  best=0.023 eV  top50=2  top10%=8
Cycle  12: GP refit  (21 labelled)
  → SM-5439  gap=0.416 eV  best=0.023 eV  top50=2  top10%=9
Cycle  13: GP refit  (22 labelled)
  → SM-18389  gap=0.863 eV  best=0.023 eV  top50=2  top10%=10
Cycle  14: GP refit  (23 labelled)
  → SM-17055  gap=0.819 eV  best=0.023 eV  top50=2  top10%=11
Cycle  15: GP refit  (24 labelled)
  → SM-14583  gap=1.423 eV  best=0.023 eV  top50=2  top10%=11
Cycle  16: full DKL retrain  (25 labelled)
GP warmup: 20 epochs on initial embeddings
Joint DKL training: 50 epochs
  Epoch 20/50  loss=1.0360
  Epoch 40/50  loss=0.8770
DKL training done in 0.5s
  → SM-17557  gap=0.465 eV  best=0.023 eV  top50=2  top10%=12
Cycle  17: GP refit  (26 labelled)
  → SM-17536  gap=0.552 eV  best=0.023 eV  top50=2  top10%=13
Cycle  18: GP refit  (27 labelled)
  → SM-4440  gap=0.363 eV  best=0.023 eV  top50=2  top10%=14
Cycle  19: GP refit  (28 labelled)
  → SM-4426  gap=0.612 eV  best=0.023 eV  top50=2  top10%=15
Cycle  20: GP refit  (29 labelled)
  → SM-1753  gap=0.022 eV  best=0.022 eV  top50=3  top10%=16
Cycle  21: full DKL retrain  (30 labelled)
GP warmup: 20 epochs on initial embeddings
Joint DKL training: 50 epochs
  Epoch 20/50  loss=0.3625
  Epoch 40/50  loss=0.1347
DKL training done in 0.5s
  → SM-20313  gap=0.189 eV  best=0.022 eV  top50=3  top10%=17
Cycle  22: GP refit  (31 labelled)
  → SM-17393  gap=0.289 eV  best=0.022 eV  top50=3  top10%=18
Cycle  23: GP refit  (32 labelled)
  → SM-19684  gap=5.074 eV  best=0.022 eV  top50=3  top10%=18
Cycle  24: GP refit  (33 labelled)
  → SM-996  gap=4.549 eV  best=0.022 eV  top50=3  top10%=18
Cycle  25: GP refit  (34 labelled)
  → SM-5031  gap=0.694 eV  best=0.022 eV  top50=3  top10%=19
Cycle  26: full DKL retrain  (35 labelled)
GP warmup: 20 epochs on initial embeddings
Joint DKL training: 50 epochs
  Epoch 20/50  loss=0.0529
  Epoch 40/50  loss=-0.5746
DKL training done in 0.4s
  → SM-20316  gap=1.189 eV  best=0.022 eV  top50=3  top10%=19
Cycle  27: GP refit  (36 labelled)
  → SM-1015  gap=1.289 eV  best=0.022 eV  top50=3  top10%=19
Cycle  28: GP refit  (37 labelled)
  → SM-18201  gap=0.435 eV  best=0.022 eV  top50=3  top10%=20
Cycle  29: GP refit  (38 labelled)
  → SM-5216  gap=1.161 eV  best=0.022 eV  top50=3  top10%=20
Cycle  30: GP refit  (39 labelled)
  → SM-8806  gap=0.790 eV  best=0.022 eV  top50=3  top10%=21
Cycle  31: full DKL retrain  (40 labelled)
GP warmup: 20 epochs on initial embeddings
Joint DKL training: 50 epochs
  Epoch 20/50  loss=0.3562
  Epoch 40/50  loss=-0.0974
DKL training done in 0.4s
  → SM-5249  gap=0.118 eV  best=0.022 eV  top50=4  top10%=22
Cycle  32: GP refit  (41 labelled)
  → SM-4423  gap=1.045 eV  best=0.022 eV  top50=4  top10%=22
Cycle  33: GP refit  (42 labelled)
  → SM-4446  gap=0.430 eV  best=0.022 eV  top50=4  top10%=23
Cycle  34: GP refit  (43 labelled)
  → SM-13785  gap=0.789 eV  best=0.022 eV  top50=4  top10%=24
Cycle  35: GP refit  (44 labelled)
  → SM-19725  gap=0.373 eV  best=0.022 eV  top50=4  top10%=25
Cycle  36: full DKL retrain  (45 labelled)
GP warmup: 20 epochs on initial embeddings
Joint DKL training: 50 epochs
  Epoch 20/50  loss=-0.0415
  Epoch 40/50  loss=-0.1788
DKL training done in 0.5s
  → SM-20578  gap=0.370 eV  best=0.022 eV  top50=4  top10%=26
Cycle  37: GP refit  (46 labelled)
  → SM-17308  gap=0.696 eV  best=0.022 eV  top50=4  top10%=27
Cycle  38: GP refit  (47 labelled)
  → SM-17405  gap=3.264 eV  best=0.022 eV  top50=4  top10%=27
Cycle  39: GP refit  (48 labelled)
  → SM-20318  gap=1.098 eV  best=0.022 eV  top50=4  top10%=27
Cycle  40: GP refit  (49 labelled)
  → SM-9094  gap=1.096 eV  best=0.022 eV  top50=4  top10%=27
Cycle  41: full DKL retrain  (50 labelled)
GP warmup: 20 epochs on initial embeddings
Joint DKL training: 50 epochs
  Epoch 20/50  loss=0.3157
  Epoch 40/50  loss=-0.0740
DKL training done in 0.5s
  → SM-17365  gap=1.357 eV  best=0.022 eV  top50=4  top10%=27
Cycle  42: GP refit  (51 labelled)
  → SM-5731  gap=0.363 eV  best=0.022 eV  top50=4  top10%=28
Cycle  43: GP refit  (52 labelled)
  → SM-16146  gap=1.843 eV  best=0.022 eV  top50=4  top10%=28
Cycle  44: GP refit  (53 labelled)
  → SM-5329  gap=0.638 eV  best=0.022 eV  top50=4  top10%=29
Cycle  45: GP refit  (54 labelled)
  → SM-677  gap=2.070 eV  best=0.022 eV  top50=4  top10%=29
Cycle  46: full DKL retrain  (55 labelled)
GP warmup: 20 epochs on initial embeddings
Joint DKL training: 50 epochs
  Epoch 20/50  loss=0.5231
  Epoch 40/50  loss=0.2756
DKL training done in 0.5s
  → SM-16540  gap=0.582 eV  best=0.022 eV  top50=4  top10%=30
Cycle  47: GP refit  (56 labelled)
  → SM-19770  gap=7.587 eV  best=0.022 eV  top50=4  top10%=30
Cycle  48: GP refit  (57 labelled)
  → SM-5251  gap=1.172 eV  best=0.022 eV  top50=4  top10%=30
Cycle  49: GP refit  (58 labelled)
  → SM-19178  gap=1.932 eV  best=0.022 eV  top50=4  top10%=30
Cycle  50: GP refit  (59 labelled)
  → SM-17515  gap=1.309 eV  best=0.022 eV  top50=4  top10%=30
Cycle  51: full DKL retrain  (60 labelled)
GP warmup: 20 epochs on initial embeddings
Joint DKL training: 50 epochs
  Epoch 20/50  loss=0.4495
  Epoch 40/50  loss=0.2809
DKL training done in 0.7s
  → SM-407  gap=1.662 eV  best=0.022 eV  top50=4  top10%=30
Cycle  52: GP refit  (61 labelled)
  → SM-17513  gap=0.573 eV  best=0.022 eV  top50=4  top10%=31
Cycle  53: GP refit  (62 labelled)
  → SM-4353  gap=1.408 eV  best=0.022 eV  top50=4  top10%=31
Cycle  54: GP refit  (63 labelled)
  → SM-6281  gap=2.415 eV  best=0.022 eV  top50=4  top10%=31
Cycle  55: GP refit  (64 labelled)
  → SM-4417  gap=0.541 eV  best=0.022 eV  top50=4  top10%=32
Cycle  56: full DKL retrain  (65 labelled)
GP warmup: 20 epochs on initial embeddings
Joint DKL training: 50 epochs
  Epoch 20/50  loss=0.5040
  Epoch 40/50  loss=0.3313
DKL training done in 0.5s
  → SM-4430  gap=1.240 eV  best=0.022 eV  top50=4  top10%=32
Cycle  57: GP refit  (66 labelled)
  → SM-4418  gap=0.581 eV  best=0.022 eV  top50=4  top10%=33
Cycle  58: GP refit  (67 labelled)
  → SM-4428  gap=0.507 eV  best=0.022 eV  top50=4  top10%=34
Cycle  59: GP refit  (68 labelled)
  → SM-9287  gap=3.100 eV  best=0.022 eV  top50=4  top10%=34
Cycle  60: GP refit  (69 labelled)
  → SM-4435  gap=0.924 eV  best=0.022 eV  top50=4  top10%=35
Cycle  61: full DKL retrain  (70 labelled)
GP warmup: 20 epochs on initial embeddings
Joint DKL training: 50 epochs
  Epoch 20/50  loss=0.4345
  Epoch 40/50  loss=0.2203
DKL training done in 0.4s
  → SM-4350  gap=0.593 eV  best=0.022 eV  top50=4  top10%=36
Cycle  62: GP refit  (71 labelled)
  → SM-18267  gap=0.848 eV  best=0.022 eV  top50=4  top10%=37
Cycle  63: GP refit  (72 labelled)
  → SM-19849  gap=1.961 eV  best=0.022 eV  top50=4  top10%=37
Cycle  64: GP refit  (73 labelled)
  → SM-1683  gap=1.024 eV  best=0.022 eV  top50=4  top10%=37
Cycle  65: GP refit  (74 labelled)
  → SM-4336  gap=1.133 eV  best=0.022 eV  top50=4  top10%=37
Cycle  66: full DKL retrain  (75 labelled)
GP warmup: 20 epochs on initial embeddings
Joint DKL training: 50 epochs
  Epoch 20/50  loss=0.2973
  Epoch 40/50  loss=0.1380
DKL training done in 0.5s
  → SM-14979  gap=0.909 eV  best=0.022 eV  top50=4  top10%=38
Cycle  67: GP refit  (76 labelled)
  → SM-17510  gap=1.528 eV  best=0.022 eV  top50=4  top10%=38
Cycle  68: GP refit  (77 labelled)
  → SM-14405  gap=0.960 eV  best=0.022 eV  top50=4  top10%=38
Cycle  69: GP refit  (78 labelled)
  → SM-17523  gap=1.337 eV  best=0.022 eV  top50=4  top10%=38
Cycle  70: GP refit  (79 labelled)
  → SM-7092  gap=0.749 eV  best=0.022 eV  top50=4  top10%=39
Cycle  71: full DKL retrain  (80 labelled)
GP warmup: 20 epochs on initial embeddings
Joint DKL training: 50 epochs
  Epoch 20/50  loss=0.0801
  Epoch 40/50  loss=-0.0224
DKL training done in 0.5s
  → SM-18574  gap=1.621 eV  best=0.022 eV  top50=4  top10%=39
Cycle  72: GP refit  (81 labelled)
  → SM-5126  gap=0.516 eV  best=0.022 eV  top50=4  top10%=40
Cycle  73: GP refit  (82 labelled)
  → SM-15968  gap=0.831 eV  best=0.022 eV  top50=4  top10%=41
Cycle  74: GP refit  (83 labelled)
  → SM-9322  gap=2.094 eV  best=0.022 eV  top50=4  top10%=41
Cycle  75: GP refit  (84 labelled)
  → SM-6449  gap=1.144 eV  best=0.022 eV  top50=4  top10%=41
Cycle  76: full DKL retrain  (85 labelled)
GP warmup: 20 epochs on initial embeddings
Joint DKL training: 50 epochs
  Epoch 20/50  loss=-0.0450
  Epoch 40/50  loss=-0.2269
DKL training done in 0.5s
  → SM-12352  gap=1.528 eV  best=0.022 eV  top50=4  top10%=41
Cycle  77: GP refit  (86 labelled)
  → SM-10295  gap=1.462 eV  best=0.022 eV  top50=4  top10%=41
Cycle  78: GP refit  (87 labelled)
  → SM-1006  gap=1.597 eV  best=0.022 eV  top50=4  top10%=41
Cycle  79: GP refit  (88 labelled)
  → SM-17368  gap=2.687 eV  best=0.022 eV  top50=4  top10%=41
Cycle  80: GP refit  (89 labelled)
  → SM-8265  gap=0.622 eV  best=0.022 eV  top50=4  top10%=42
Cycle  81: full DKL retrain  (90 labelled)
GP warmup: 20 epochs on initial embeddings
Joint DKL training: 50 epochs
  Epoch 20/50  loss=0.2910
  Epoch 40/50  loss=0.1660
DKL training done in 0.6s
  → SM-17556  gap=0.673 eV  best=0.022 eV  top50=4  top10%=43
Cycle  82: GP refit  (91 labelled)
  → SM-14081  gap=0.291 eV  best=0.022 eV  top50=4  top10%=44
Cycle  83: GP refit  (92 labelled)
  → SM-10629  gap=0.154 eV  best=0.022 eV  top50=5  top10%=45
Cycle  84: GP refit  (93 labelled)
  → SM-17118  gap=0.859 eV  best=0.022 eV  top50=5  top10%=46
Cycle  85: GP refit  (94 labelled)
  → SM-4438  gap=0.534 eV  best=0.022 eV  top50=5  top10%=47
Cycle  86: full DKL retrain  (95 labelled)
GP warmup: 20 epochs on initial embeddings
Joint DKL training: 50 epochs
  Epoch 20/50  loss=0.2562
  Epoch 40/50  loss=0.1492
DKL training done in 0.6s
  → SM-1617  gap=1.111 eV  best=0.022 eV  top50=5  top10%=47
Cycle  87: GP refit  (96 labelled)
  → SM-8920  gap=1.219 eV  best=0.022 eV  top50=5  top10%=47
Cycle  88: GP refit  (97 labelled)
  → SM-4348  gap=0.970 eV  best=0.022 eV  top50=5  top10%=47
Cycle  89: GP refit  (98 labelled)
  → SM-1661  gap=0.080 eV  best=0.022 eV  top50=6  top10%=48
Cycle  90: GP refit  (99 labelled)
  → SM-1655  gap=1.686 eV  best=0.022 eV  top50=6  top10%=48
Cycle  91: full DKL retrain  (100 labelled)
GP warmup: 20 epochs on initial embeddings
Joint DKL training: 50 epochs
  Epoch 20/50  loss=0.2314
  Epoch 40/50  loss=0.1032
DKL training done in 0.7s
  → SM-17265  gap=0.586 eV  best=0.022 eV  top50=6  top10%=49
Cycle  92: GP refit  (101 labelled)
  → SM-1481  gap=1.673 eV  best=0.022 eV  top50=6  top10%=49
Cycle  93: GP refit  (102 labelled)
  → SM-712  gap=0.647 eV  best=0.022 eV  top50=6  top10%=50
Cycle  94: GP refit  (103 labelled)
  → SM-791  gap=0.748 eV  best=0.022 eV  top50=6  top10%=51
Cycle  95: GP refit  (104 labelled)
  → SM-10672  gap=0.219 eV  best=0.022 eV  top50=6  top10%=52
Cycle  96: full DKL retrain  (105 labelled)
GP warmup: 20 epochs on initial embeddings
Joint DKL training: 50 epochs
  Epoch 20/50  loss=0.0524
  Epoch 40/50  loss=-0.1152
DKL training done in 0.4s
  → SM-709  gap=1.476 eV  best=0.022 eV  top50=6  top10%=52
Cycle  97: GP refit  (106 labelled)
  → SM-1652  gap=1.253 eV  best=0.022 eV  top50=6  top10%=52
Cycle  98: GP refit  (107 labelled)
  → SM-19555  gap=2.852 eV  best=0.022 eV  top50=6  top10%=52
Cycle  99: GP refit  (108 labelled)
  → SM-14619  gap=1.000 eV  best=0.022 eV  top50=6  top10%=52
Cycle 100: GP refit  (109 labelled)
  → SM-17990  gap=0.627 eV  best=0.022 eV  top50=6  top10%=53
  gap_min/seed9 → best=0.022 top50=6 top10%=53
  [gap_min] done
Runs written=20 skipped=0. Summarizing…

======================================================================
SNUMAT — DKL variants vs Std-GP vs Random (mean over seeds)
======================================================================

  gap_max
    method        |     best   top50  top10%
    ------------------------------------------
    std_gp        |   14.937    17.0    39.0
    dkl_frozen    |   20.302    20.5    44.5
    dkl_finetune  |   20.244     9.3    25.3
    random        |   10.223     1.9    10.6

  gap_min
    method        |     best   top50  top10%
    ------------------------------------------
    std_gp        |    0.028     9.9    52.0
    dkl_frozen    |    0.020    11.0    44.7
    dkl_finetune  |    0.027     9.5    53.1
    random        |    0.113     1.8    10.7

Saved → /home/roy/Desktop/DKL-BO/snumat_generalization/results/bo_finetune_summary.csv
### COLD ###
Pool=3131 | seeds=10 cycles=100 device=cuda | method=dkl_cold_live
BOLoop: 3131 materials  |  direction=max  |  top-50 internal threshold=7.50  top-10% internal threshold=4.43
Init: 10 random labels  |  best (max) = 4.584
Cycle   1: full DKL retrain  (10 labelled)
GP warmup: 20 epochs on initial embeddings
/home/roy/software/anaconda3/lib/python3.13/site-packages/torch/_compile.py:32: UserWarning: optimizer contains a parameter group with duplicate parameters; in future, this will cause an error; see github.com/pytorch/pytorch/issues/40967 for more information
  return disable_fn(*args, **kwargs)
Joint DKL training: 50 epochs
  Epoch 20/50  loss=1.7968
  Epoch 40/50  loss=1.6675
DKL training done in 0.9s
  → SM-12081  gap=3.697 eV  best=4.584 eV  top50=0  top10%=0
Cycle   2: GP refit  (11 labelled)
  → SM-20450  gap=3.896 eV  best=4.584 eV  top50=0  top10%=0
Cycle   3: GP refit  (12 labelled)
  → SM-11175  gap=4.105 eV  best=4.584 eV  top50=0  top10%=0
Cycle   4: GP refit  (13 labelled)
  → SM-12336  gap=0.981 eV  best=4.584 eV  top50=0  top10%=0
Cycle   5: GP refit  (14 labelled)
  → SM-16706  gap=1.584 eV  best=4.584 eV  top50=0  top10%=0
Cycle   6: full DKL retrain  (15 labelled)
GP warmup: 20 epochs on initial embeddings
Joint DKL training: 50 epochs
  Epoch 20/50  loss=1.1209
  Epoch 40/50  loss=0.7000
DKL training done in 0.5s
  → SM-20347  gap=7.697 eV  best=7.697 eV  top50=1  top10%=1
Cycle   7: GP refit  (16 labelled)
  → SM-960  gap=5.651 eV  best=7.697 eV  top50=1  top10%=2
Cycle   8: GP refit  (17 labelled)
  → SM-17288  gap=1.087 eV  best=7.697 eV  top50=1  top10%=2
Cycle   9: GP refit  (18 labelled)
  → SM-19449  gap=8.323 eV  best=8.323 eV  top50=2  top10%=3
Cycle  10: GP refit  (19 labelled)
  → SM-265  gap=2.525 eV  best=8.323 eV  top50=2  top10%=3
Cycle  11: full DKL retrain  (20 labelled)
GP warmup: 20 epochs on initial embeddings
Joint DKL training: 50 epochs
  Epoch 20/50  loss=1.4086
  Epoch 40/50  loss=0.9133
DKL training done in 0.4s
  → SM-6383  gap=4.133 eV  best=8.323 eV  top50=2  top10%=3
Cycle  12: GP refit  (21 labelled)
  → SM-1083  gap=6.710 eV  best=8.323 eV  top50=2  top10%=4
Cycle  13: GP refit  (22 labelled)
  → SM-5003  gap=19.720 eV  best=19.720 eV  top50=3  top10%=5
Cycle  14: GP refit  (23 labelled)
  → SM-3955  gap=6.861 eV  best=19.720 eV  top50=3  top10%=6
Cycle  15: GP refit  (24 labelled)
  → SM-6115  gap=3.579 eV  best=19.720 eV  top50=3  top10%=6
Cycle  16: full DKL retrain  (25 labelled)
GP warmup: 20 epochs on initial embeddings
Joint DKL training: 50 epochs
  Epoch 20/50  loss=6.3065
  Epoch 40/50  loss=2.6032
DKL training done in 0.3s
  → SM-19344  gap=4.048 eV  best=19.720 eV  top50=3  top10%=6
Cycle  17: GP refit  (26 labelled)
  → SM-19114  gap=0.715 eV  best=19.720 eV  top50=3  top10%=6
Cycle  18: GP refit  (27 labelled)
  → SM-6439  gap=3.301 eV  best=19.720 eV  top50=3  top10%=6
Cycle  19: GP refit  (28 labelled)
  → SM-5307  gap=2.961 eV  best=19.720 eV  top50=3  top10%=6
Cycle  20: GP refit  (29 labelled)
  → SM-3842  gap=1.019 eV  best=19.720 eV  top50=3  top10%=6
Cycle  21: full DKL retrain  (30 labelled)
GP warmup: 20 epochs on initial embeddings
Joint DKL training: 50 epochs
  Epoch 20/50  loss=7.3489
  Epoch 40/50  loss=2.4896
DKL training done in 0.3s
  → SM-256  gap=2.577 eV  best=19.720 eV  top50=3  top10%=6
Cycle  22: GP refit  (31 labelled)
  → SM-8069  gap=0.985 eV  best=19.720 eV  top50=3  top10%=6
Cycle  23: GP refit  (32 labelled)
  → SM-7092  gap=0.749 eV  best=19.720 eV  top50=3  top10%=6
Cycle  24: GP refit  (33 labelled)
  → SM-19456  gap=1.845 eV  best=19.720 eV  top50=3  top10%=6
Cycle  25: GP refit  (34 labelled)
  → SM-11914  gap=4.454 eV  best=19.720 eV  top50=3  top10%=7
Cycle  26: full DKL retrain  (35 labelled)
GP warmup: 20 epochs on initial embeddings
Joint DKL training: 50 epochs
  Epoch 20/50  loss=1.4461
  Epoch 40/50  loss=1.2098
DKL training done in 1.0s
  → SM-1276  gap=4.556 eV  best=19.720 eV  top50=3  top10%=8
Cycle  27: GP refit  (36 labelled)
  → SM-919  gap=9.698 eV  best=19.720 eV  top50=4  top10%=9
Cycle  28: GP refit  (37 labelled)
  → SM-5015  gap=15.528 eV  best=19.720 eV  top50=5  top10%=10
Cycle  29: GP refit  (38 labelled)
  → SM-943  gap=8.707 eV  best=19.720 eV  top50=6  top10%=11
Cycle  30: GP refit  (39 labelled)
  → SM-9352  gap=2.866 eV  best=19.720 eV  top50=6  top10%=11
Cycle  31: full DKL retrain  (40 labelled)
GP warmup: 20 epochs on initial embeddings
Joint DKL training: 50 epochs
  Epoch 20/50  loss=4.6135
  Epoch 40/50  loss=2.0137
DKL training done in 0.4s
  → SM-19446  gap=9.069 eV  best=19.720 eV  top50=7  top10%=12
Cycle  32: GP refit  (41 labelled)
  → SM-19384  gap=4.847 eV  best=19.720 eV  top50=7  top10%=13
Cycle  33: GP refit  (42 labelled)
  → SM-791  gap=0.748 eV  best=19.720 eV  top50=7  top10%=13
Cycle  34: GP refit  (43 labelled)
  → SM-7998  gap=0.513 eV  best=19.720 eV  top50=7  top10%=13
Cycle  35: GP refit  (44 labelled)
  → SM-18621  gap=3.727 eV  best=19.720 eV  top50=7  top10%=13
Cycle  36: full DKL retrain  (45 labelled)
GP warmup: 20 epochs on initial embeddings
Joint DKL training: 50 epochs
  Epoch 20/50  loss=2.5431
  Epoch 40/50  loss=1.7040
DKL training done in 0.4s
  → SM-3507  gap=2.390 eV  best=19.720 eV  top50=7  top10%=13
Cycle  37: GP refit  (46 labelled)
  → SM-1196  gap=4.533 eV  best=19.720 eV  top50=7  top10%=14
Cycle  38: GP refit  (47 labelled)
  → SM-3970  gap=2.362 eV  best=19.720 eV  top50=7  top10%=14
Cycle  39: GP refit  (48 labelled)
  → SM-10681  gap=2.588 eV  best=19.720 eV  top50=7  top10%=14
Cycle  40: GP refit  (49 labelled)
  → SM-5013  gap=14.425 eV  best=19.720 eV  top50=8  top10%=15
Cycle  41: full DKL retrain  (50 labelled)
GP warmup: 20 epochs on initial embeddings
Joint DKL training: 50 epochs
  Epoch 20/50  loss=2.3149
  Epoch 40/50  loss=1.7982
DKL training done in 0.4s
  → SM-969  gap=5.519 eV  best=19.720 eV  top50=8  top10%=16
Cycle  42: GP refit  (51 labelled)
  → SM-14930  gap=0.072 eV  best=19.720 eV  top50=8  top10%=16
Cycle  43: GP refit  (52 labelled)
  → SM-20226  gap=0.057 eV  best=19.720 eV  top50=8  top10%=16
Cycle  44: GP refit  (53 labelled)
  → SM-7178  gap=0.579 eV  best=19.720 eV  top50=8  top10%=16
Cycle  45: GP refit  (54 labelled)
  → SM-7515  gap=4.071 eV  best=19.720 eV  top50=8  top10%=16
Cycle  46: full DKL retrain  (55 labelled)
GP warmup: 20 epochs on initial embeddings
Joint DKL training: 50 epochs
  Epoch 20/50  loss=2.4212
  Epoch 40/50  loss=1.8799
DKL training done in 0.4s
  → SM-13718  gap=6.302 eV  best=19.720 eV  top50=8  top10%=17
Cycle  47: GP refit  (56 labelled)
  → SM-476  gap=2.712 eV  best=19.720 eV  top50=8  top10%=17
Cycle  48: GP refit  (57 labelled)
  → SM-7136  gap=9.597 eV  best=19.720 eV  top50=9  top10%=18
Cycle  49: GP refit  (58 labelled)
  → SM-958  gap=10.324 eV  best=19.720 eV  top50=10  top10%=19
Cycle  50: GP refit  (59 labelled)
  → SM-948  gap=3.615 eV  best=19.720 eV  top50=10  top10%=19
Cycle  51: full DKL retrain  (60 labelled)
GP warmup: 20 epochs on initial embeddings
Joint DKL training: 50 epochs
  Epoch 20/50  loss=1.7518
  Epoch 40/50  loss=2.3637
DKL training done in 0.4s
  → SM-5002  gap=20.302 eV  best=20.302 eV  top50=11  top10%=20
Cycle  52: GP refit  (61 labelled)
  → SM-20316  gap=1.189 eV  best=20.302 eV  top50=11  top10%=20
Cycle  53: GP refit  (62 labelled)
  → SM-19770  gap=7.587 eV  best=20.302 eV  top50=12  top10%=21
Cycle  54: GP refit  (63 labelled)
  → SM-8744  gap=2.952 eV  best=20.302 eV  top50=12  top10%=21
Cycle  55: GP refit  (64 labelled)
  → SM-20043  gap=3.107 eV  best=20.302 eV  top50=12  top10%=21
Cycle  56: full DKL retrain  (65 labelled)
GP warmup: 20 epochs on initial embeddings
Joint DKL training: 50 epochs
  Epoch 20/50  loss=1.7849
  Epoch 40/50  loss=1.4127
DKL training done in 0.5s
  → SM-14179  gap=5.683 eV  best=20.302 eV  top50=12  top10%=22
Cycle  57: GP refit  (66 labelled)
  → SM-16114  gap=0.761 eV  best=20.302 eV  top50=12  top10%=22
Cycle  58: GP refit  (67 labelled)
  → SM-18761  gap=3.143 eV  best=20.302 eV  top50=12  top10%=22
Cycle  59: GP refit  (68 labelled)
  → SM-894  gap=2.978 eV  best=20.302 eV  top50=12  top10%=22
Cycle  60: GP refit  (69 labelled)
  → SM-873  gap=10.044 eV  best=20.302 eV  top50=13  top10%=23
Cycle  61: full DKL retrain  (70 labelled)
GP warmup: 20 epochs on initial embeddings
Joint DKL training: 50 epochs
  Epoch 20/50  loss=1.6663
  Epoch 40/50  loss=1.2586
DKL training done in 0.6s
  → SM-20105  gap=1.692 eV  best=20.302 eV  top50=13  top10%=23
Cycle  62: GP refit  (71 labelled)
  → SM-3951  gap=6.774 eV  best=20.302 eV  top50=13  top10%=24
Cycle  63: GP refit  (72 labelled)
  → SM-19105  gap=4.692 eV  best=20.302 eV  top50=13  top10%=25
Cycle  64: GP refit  (73 labelled)
  → SM-20492  gap=7.315 eV  best=20.302 eV  top50=13  top10%=26
Cycle  65: GP refit  (74 labelled)
  → SM-20460  gap=4.929 eV  best=20.302 eV  top50=13  top10%=27
Cycle  66: full DKL retrain  (75 labelled)
GP warmup: 20 epochs on initial embeddings
Joint DKL training: 50 epochs
  Epoch 20/50  loss=1.3586
  Epoch 40/50  loss=0.8927
DKL training done in 0.7s
  → SM-435  gap=0.246 eV  best=20.302 eV  top50=13  top10%=27
Cycle  67: GP refit  (76 labelled)
  → SM-10685  gap=1.935 eV  best=20.302 eV  top50=13  top10%=27
Cycle  68: GP refit  (77 labelled)
  → SM-10686  gap=2.250 eV  best=20.302 eV  top50=13  top10%=27
Cycle  69: GP refit  (78 labelled)
  → SM-10689  gap=1.508 eV  best=20.302 eV  top50=13  top10%=27
Cycle  70: GP refit  (79 labelled)
  → SM-2125  gap=2.520 eV  best=20.302 eV  top50=13  top10%=27
Cycle  71: full DKL retrain  (80 labelled)
GP warmup: 20 epochs on initial embeddings
Joint DKL training: 50 epochs
  Epoch 20/50  loss=1.4924
  Epoch 40/50  loss=0.9411
DKL training done in 0.3s
  → SM-4883  gap=3.945 eV  best=20.302 eV  top50=13  top10%=27
Cycle  72: GP refit  (81 labelled)
  → SM-10691  gap=2.235 eV  best=20.302 eV  top50=13  top10%=27
Cycle  73: GP refit  (82 labelled)
  → SM-10692  gap=2.348 eV  best=20.302 eV  top50=13  top10%=27
Cycle  74: GP refit  (83 labelled)
  → SM-10693  gap=2.327 eV  best=20.302 eV  top50=13  top10%=27
Cycle  75: GP refit  (84 labelled)
  → SM-10694  gap=2.065 eV  best=20.302 eV  top50=13  top10%=27
Cycle  76: full DKL retrain  (85 labelled)
GP warmup: 20 epochs on initial embeddings
Joint DKL training: 50 epochs
  Epoch 20/50  loss=0.8092
  Epoch 40/50  loss=0.5459
DKL training done in 0.5s
  → SM-10695  gap=2.136 eV  best=20.302 eV  top50=13  top10%=27
Cycle  77: GP refit  (86 labelled)
  → SM-10696  gap=1.430 eV  best=20.302 eV  top50=13  top10%=27
Cycle  78: GP refit  (87 labelled)
  → SM-16985  gap=0.237 eV  best=20.302 eV  top50=13  top10%=27
Cycle  79: GP refit  (88 labelled)
  → SM-20107  gap=3.013 eV  best=20.302 eV  top50=13  top10%=27
Cycle  80: GP refit  (89 labelled)
  → SM-2127  gap=2.450 eV  best=20.302 eV  top50=13  top10%=27
Cycle  81: full DKL retrain  (90 labelled)
GP warmup: 20 epochs on initial embeddings
Joint DKL training: 50 epochs
  Epoch 20/50  loss=1.3432
  Epoch 40/50  loss=0.8553
DKL training done in 0.5s
  → SM-4259  gap=3.068 eV  best=20.302 eV  top50=13  top10%=27
Cycle  82: GP refit  (91 labelled)
  → SM-13579  gap=1.013 eV  best=20.302 eV  top50=13  top10%=27
Cycle  83: GP refit  (92 labelled)
  → SM-10706  gap=1.068 eV  best=20.302 eV  top50=13  top10%=27
Cycle  84: GP refit  (93 labelled)
  → SM-1290  gap=1.967 eV  best=20.302 eV  top50=13  top10%=27
Cycle  85: GP refit  (94 labelled)
  → SM-16994  gap=4.042 eV  best=20.302 eV  top50=13  top10%=27
Cycle  86: full DKL retrain  (95 labelled)
GP warmup: 20 epochs on initial embeddings
Joint DKL training: 50 epochs
  Epoch 20/50  loss=1.1233
  Epoch 40/50  loss=0.7180
DKL training done in 0.5s
  → SM-16995  gap=3.951 eV  best=20.302 eV  top50=13  top10%=27
Cycle  87: GP refit  (96 labelled)
  → SM-1481  gap=1.673 eV  best=20.302 eV  top50=13  top10%=27
Cycle  88: GP refit  (97 labelled)
  → SM-6442  gap=8.542 eV  best=20.302 eV  top50=14  top10%=28
Cycle  89: GP refit  (98 labelled)
  → SM-15973  gap=3.362 eV  best=20.302 eV  top50=14  top10%=28
Cycle  90: GP refit  (99 labelled)
  → SM-16996  gap=3.050 eV  best=20.302 eV  top50=14  top10%=28
Cycle  91: full DKL retrain  (100 labelled)
GP warmup: 20 epochs on initial embeddings
Joint DKL training: 50 epochs
  Epoch 20/50  loss=0.6049
  Epoch 40/50  loss=0.4046
DKL training done in 0.4s
  → SM-4895  gap=2.544 eV  best=20.302 eV  top50=14  top10%=28
Cycle  92: GP refit  (101 labelled)
  → SM-10709  gap=3.827 eV  best=20.302 eV  top50=14  top10%=28
Cycle  93: GP refit  (102 labelled)
  → SM-3942  gap=4.286 eV  best=20.302 eV  top50=14  top10%=28
Cycle  94: GP refit  (103 labelled)
  → SM-17806  gap=3.372 eV  best=20.302 eV  top50=14  top10%=28
Cycle  95: GP refit  (104 labelled)
  → SM-5014  gap=15.496 eV  best=20.302 eV  top50=15  top10%=29
Cycle  96: full DKL retrain  (105 labelled)
GP warmup: 20 epochs on initial embeddings
Joint DKL training: 50 epochs
  Epoch 20/50  loss=1.3424
  Epoch 40/50  loss=0.9474
DKL training done in 0.6s
  → SM-1563  gap=0.181 eV  best=20.302 eV  top50=15  top10%=29
Cycle  97: GP refit  (106 labelled)
  → SM-17088  gap=0.954 eV  best=20.302 eV  top50=15  top10%=29
Cycle  98: GP refit  (107 labelled)
  → SM-18465  gap=4.334 eV  best=20.302 eV  top50=15  top10%=29
Cycle  99: GP refit  (108 labelled)
  → SM-18574  gap=1.621 eV  best=20.302 eV  top50=15  top10%=29
Cycle 100: GP refit  (109 labelled)
  → SM-588  gap=1.824 eV  best=20.302 eV  top50=15  top10%=29
  gap_max/seed0 → best=20.302 top50=15 top10%=29
BOLoop: 3131 materials  |  direction=max  |  top-50 internal threshold=7.50  top-10% internal threshold=4.43
Init: 10 random labels  |  best (max) = 8.707
Cycle   1: full DKL retrain  (10 labelled)
GP warmup: 20 epochs on initial embeddings
/home/roy/software/anaconda3/lib/python3.13/site-packages/torch/_compile.py:32: UserWarning: optimizer contains a parameter group with duplicate parameters; in future, this will cause an error; see github.com/pytorch/pytorch/issues/40967 for more information
  return disable_fn(*args, **kwargs)
Joint DKL training: 50 epochs
  Epoch 20/50  loss=3.0319
  Epoch 40/50  loss=2.7776
DKL training done in 0.5s
  → SM-940  gap=9.881 eV  best=9.881 eV  top50=1  top10%=1
Cycle   2: GP refit  (11 labelled)
  → SM-9696  gap=1.980 eV  best=9.881 eV  top50=1  top10%=1
Cycle   3: GP refit  (12 labelled)
  → SM-1772  gap=3.338 eV  best=9.881 eV  top50=1  top10%=1
Cycle   4: GP refit  (13 labelled)
  → SM-2408  gap=7.416 eV  best=9.881 eV  top50=1  top10%=2
Cycle   5: GP refit  (14 labelled)
  → SM-15928  gap=3.822 eV  best=9.881 eV  top50=1  top10%=2
Cycle   6: full DKL retrain  (15 labelled)
GP warmup: 20 epochs on initial embeddings
Joint DKL training: 50 epochs
  Epoch 20/50  loss=2.0843
  Epoch 40/50  loss=2.0150
DKL training done in 0.5s
  → SM-6438  gap=5.325 eV  best=9.881 eV  top50=1  top10%=3
Cycle   7: GP refit  (16 labelled)
  → SM-2345  gap=8.379 eV  best=9.881 eV  top50=2  top10%=4
Cycle   8: GP refit  (17 labelled)
  → SM-893  gap=2.987 eV  best=9.881 eV  top50=2  top10%=4
Cycle   9: GP refit  (18 labelled)
  → SM-877  gap=7.311 eV  best=9.881 eV  top50=2  top10%=5
Cycle  10: GP refit  (19 labelled)
  → SM-12380  gap=3.066 eV  best=9.881 eV  top50=2  top10%=5
Cycle  11: full DKL retrain  (20 labelled)
GP warmup: 20 epochs on initial embeddings
Joint DKL training: 50 epochs
  Epoch 20/50  loss=1.3913
  Epoch 40/50  loss=1.2400
DKL training done in 0.4s
  → SM-13925  gap=4.491 eV  best=9.881 eV  top50=2  top10%=6
Cycle  12: GP refit  (21 labelled)
  → SM-19446  gap=9.069 eV  best=9.881 eV  top50=3  top10%=7
Cycle  13: GP refit  (22 labelled)
  → SM-2405  gap=1.126 eV  best=9.881 eV  top50=3  top10%=7
Cycle  14: GP refit  (23 labelled)
  → SM-1991  gap=8.851 eV  best=9.881 eV  top50=4  top10%=8
Cycle  15: GP refit  (24 labelled)
  → SM-19816  gap=4.433 eV  best=9.881 eV  top50=4  top10%=9
Cycle  16: full DKL retrain  (25 labelled)
GP warmup: 20 epochs on initial embeddings
Joint DKL training: 50 epochs
  Epoch 20/50  loss=1.5247
  Epoch 40/50  loss=1.2733
DKL training done in 0.4s
  → SM-5606  gap=2.807 eV  best=9.881 eV  top50=4  top10%=9
Cycle  17: GP refit  (26 labelled)
  → SM-20492  gap=7.315 eV  best=9.881 eV  top50=4  top10%=10
Cycle  18: GP refit  (27 labelled)
  → SM-6442  gap=8.542 eV  best=9.881 eV  top50=5  top10%=11
Cycle  19: GP refit  (28 labelled)
  → SM-13718  gap=6.302 eV  best=9.881 eV  top50=5  top10%=12
Cycle  20: GP refit  (29 labelled)
  → SM-20043  gap=3.107 eV  best=9.881 eV  top50=5  top10%=12
Cycle  21: full DKL retrain  (30 labelled)
GP warmup: 20 epochs on initial embeddings
Joint DKL training: 50 epochs
  Epoch 20/50  loss=1.3989
  Epoch 40/50  loss=1.1234
DKL training done in 0.4s
  → SM-3111  gap=0.857 eV  best=9.881 eV  top50=5  top10%=12
Cycle  22: GP refit  (31 labelled)
  → SM-11616  gap=4.086 eV  best=9.881 eV  top50=5  top10%=12
Cycle  23: GP refit  (32 labelled)
  → SM-936  gap=9.168 eV  best=9.881 eV  top50=6  top10%=13
Cycle  24: GP refit  (33 labelled)
  → SM-19442  gap=9.063 eV  best=9.881 eV  top50=7  top10%=14
Cycle  25: GP refit  (34 labelled)
  → SM-8296  gap=1.158 eV  best=9.881 eV  top50=7  top10%=14
Cycle  26: full DKL retrain  (35 labelled)
GP warmup: 20 epochs on initial embeddings
Joint DKL training: 50 epochs
  Epoch 20/50  loss=1.3214
  Epoch 40/50  loss=0.9137
DKL training done in 0.4s
  → SM-135  gap=2.080 eV  best=9.881 eV  top50=7  top10%=14
Cycle  27: GP refit  (36 labelled)
  → SM-3970  gap=2.362 eV  best=9.881 eV  top50=7  top10%=14
Cycle  28: GP refit  (37 labelled)
  → SM-960  gap=5.651 eV  best=9.881 eV  top50=7  top10%=15
Cycle  29: GP refit  (38 labelled)
  → SM-6443  gap=3.685 eV  best=9.881 eV  top50=7  top10%=15
Cycle  30: GP refit  (39 labelled)
  → SM-841  gap=4.528 eV  best=9.881 eV  top50=7  top10%=16
Cycle  31: full DKL retrain  (40 labelled)
GP warmup: 20 epochs on initial embeddings
Joint DKL training: 50 epochs
  Epoch 20/50  loss=1.0069
  Epoch 40/50  loss=0.6871
DKL training done in 0.5s
  → SM-6549  gap=3.079 eV  best=9.881 eV  top50=7  top10%=16
Cycle  32: GP refit  (41 labelled)
  → SM-6115  gap=3.579 eV  best=9.881 eV  top50=7  top10%=16
Cycle  33: GP refit  (42 labelled)
  → SM-3507  gap=2.390 eV  best=9.881 eV  top50=7  top10%=16
Cycle  34: GP refit  (43 labelled)
  → SM-13714  gap=5.929 eV  best=9.881 eV  top50=7  top10%=17
Cycle  35: GP refit  (44 labelled)
  → SM-13895  gap=6.660 eV  best=9.881 eV  top50=7  top10%=18
Cycle  36: full DKL retrain  (45 labelled)
GP warmup: 20 epochs on initial embeddings
Joint DKL training: 50 epochs
  Epoch 20/50  loss=0.9062
  Epoch 40/50  loss=0.3434
DKL training done in 0.4s
  → SM-18683  gap=0.556 eV  best=9.881 eV  top50=7  top10%=18
Cycle  37: GP refit  (46 labelled)
  → SM-5038  gap=9.232 eV  best=9.881 eV  top50=8  top10%=19
Cycle  38: GP refit  (47 labelled)
  → SM-3951  gap=6.774 eV  best=9.881 eV  top50=8  top10%=20
Cycle  39: GP refit  (48 labelled)
  → SM-6542  gap=6.834 eV  best=9.881 eV  top50=8  top10%=21
Cycle  40: GP refit  (49 labelled)
  → SM-13705  gap=5.386 eV  best=9.881 eV  top50=8  top10%=22
Cycle  41: full DKL retrain  (50 labelled)
GP warmup: 20 epochs on initial embeddings
Joint DKL training: 50 epochs
  Epoch 20/50  loss=6.1971
  Epoch 40/50  loss=2.1460
DKL training done in 0.5s
  → SM-19471  gap=4.012 eV  best=9.881 eV  top50=8  top10%=22
Cycle  42: GP refit  (51 labelled)
  → SM-13213  gap=4.986 eV  best=9.881 eV  top50=8  top10%=23
Cycle  43: GP refit  (52 labelled)
  → SM-12811  gap=3.934 eV  best=9.881 eV  top50=8  top10%=23
Cycle  44: GP refit  (53 labelled)
  → SM-14116  gap=8.968 eV  best=9.881 eV  top50=9  top10%=24
Cycle  45: GP refit  (54 labelled)
  → SM-2277  gap=4.837 eV  best=9.881 eV  top50=9  top10%=25
Cycle  46: full DKL retrain  (55 labelled)
GP warmup: 20 epochs on initial embeddings
Joint DKL training: 50 epochs
  Epoch 20/50  loss=1.6997
  Epoch 40/50  loss=1.2190
DKL training done in 0.3s
  → SM-8180  gap=3.189 eV  best=9.881 eV  top50=9  top10%=25
Cycle  47: GP refit  (56 labelled)
  → SM-12527  gap=4.539 eV  best=9.881 eV  top50=9  top10%=26
Cycle  48: GP refit  (57 labelled)
  → SM-14338  gap=5.031 eV  best=9.881 eV  top50=9  top10%=27
Cycle  49: GP refit  (58 labelled)
  → SM-19552  gap=4.908 eV  best=9.881 eV  top50=9  top10%=28
Cycle  50: GP refit  (59 labelled)
  → SM-15718  gap=3.381 eV  best=9.881 eV  top50=9  top10%=28
Cycle  51: full DKL retrain  (60 labelled)
GP warmup: 20 epochs on initial embeddings
Joint DKL training: 50 epochs
  Epoch 20/50  loss=2.2108
  Epoch 40/50  loss=1.3726
DKL training done in 0.4s
  → SM-12312  gap=1.969 eV  best=9.881 eV  top50=9  top10%=28
Cycle  52: GP refit  (61 labelled)
  → SM-5003  gap=19.720 eV  best=19.720 eV  top50=10  top10%=29
Cycle  53: GP refit  (62 labelled)
  → SM-17675  gap=3.049 eV  best=19.720 eV  top50=10  top10%=29
Cycle  54: GP refit  (63 labelled)
  → SM-14185  gap=4.361 eV  best=19.720 eV  top50=10  top10%=29
Cycle  55: GP refit  (64 labelled)
  → SM-18757  gap=0.801 eV  best=19.720 eV  top50=10  top10%=29
Cycle  56: full DKL retrain  (65 labelled)
GP warmup: 20 epochs on initial embeddings
Joint DKL training: 50 epochs
  Epoch 20/50  loss=0.9995
  Epoch 40/50  loss=0.5622
DKL training done in 0.5s
  → SM-3955  gap=6.861 eV  best=19.720 eV  top50=10  top10%=30
Cycle  57: GP refit  (66 labelled)
  → SM-10681  gap=2.588 eV  best=19.720 eV  top50=10  top10%=30
Cycle  58: GP refit  (67 labelled)
  → SM-20105  gap=1.692 eV  best=19.720 eV  top50=10  top10%=30
Cycle  59: GP refit  (68 labelled)
  → SM-10685  gap=1.935 eV  best=19.720 eV  top50=10  top10%=30
Cycle  60: GP refit  (69 labelled)
  → SM-10686  gap=2.250 eV  best=19.720 eV  top50=10  top10%=30
Cycle  61: full DKL retrain  (70 labelled)
GP warmup: 20 epochs on initial embeddings
Joint DKL training: 50 epochs
  Epoch 20/50  loss=1.9998
  Epoch 40/50  loss=1.6844
DKL training done in 0.5s
  → SM-5780  gap=1.377 eV  best=19.720 eV  top50=10  top10%=30
Cycle  62: GP refit  (71 labelled)
  → SM-1276  gap=4.556 eV  best=19.720 eV  top50=10  top10%=31
Cycle  63: GP refit  (72 labelled)
  → SM-5499  gap=1.152 eV  best=19.720 eV  top50=10  top10%=31
Cycle  64: GP refit  (73 labelled)
  → SM-1081  gap=2.304 eV  best=19.720 eV  top50=10  top10%=31
Cycle  65: GP refit  (74 labelled)
  → SM-16652  gap=3.633 eV  best=19.720 eV  top50=10  top10%=31
Cycle  66: full DKL retrain  (75 labelled)
GP warmup: 20 epochs on initial embeddings
Joint DKL training: 50 epochs
  Epoch 20/50  loss=1.6200
  Epoch 40/50  loss=1.1461
DKL training done in 0.6s
  → SM-4401  gap=0.725 eV  best=19.720 eV  top50=10  top10%=31
Cycle  67: GP refit  (76 labelled)
  → SM-10689  gap=1.508 eV  best=19.720 eV  top50=10  top10%=31
Cycle  68: GP refit  (77 labelled)
  → SM-2125  gap=2.520 eV  best=19.720 eV  top50=10  top10%=31
Cycle  69: GP refit  (78 labelled)
  → SM-4883  gap=3.945 eV  best=19.720 eV  top50=10  top10%=31
Cycle  70: GP refit  (79 labelled)
  → SM-10691  gap=2.235 eV  best=19.720 eV  top50=10  top10%=31
Cycle  71: full DKL retrain  (80 labelled)
GP warmup: 20 epochs on initial embeddings
Joint DKL training: 50 epochs
  Epoch 20/50  loss=1.1463
  Epoch 40/50  loss=0.7569
DKL training done in 0.5s
  → SM-10692  gap=2.348 eV  best=19.720 eV  top50=10  top10%=31
Cycle  72: GP refit  (81 labelled)
  → SM-10693  gap=2.327 eV  best=19.720 eV  top50=10  top10%=31
Cycle  73: GP refit  (82 labelled)
  → SM-10694  gap=2.065 eV  best=19.720 eV  top50=10  top10%=31
Cycle  74: GP refit  (83 labelled)
  → SM-10695  gap=2.136 eV  best=19.720 eV  top50=10  top10%=31
Cycle  75: GP refit  (84 labelled)
  → SM-10696  gap=1.430 eV  best=19.720 eV  top50=10  top10%=31
Cycle  76: full DKL retrain  (85 labelled)
GP warmup: 20 epochs on initial embeddings
Joint DKL training: 50 epochs
  Epoch 20/50  loss=1.0759
  Epoch 40/50  loss=0.7504
DKL training done in 0.4s
  → SM-5002  gap=20.302 eV  best=20.302 eV  top50=11  top10%=32
Cycle  77: GP refit  (86 labelled)
  → SM-16985  gap=0.237 eV  best=20.302 eV  top50=11  top10%=32
Cycle  78: GP refit  (87 labelled)
  → SM-20107  gap=3.013 eV  best=20.302 eV  top50=11  top10%=32
Cycle  79: GP refit  (88 labelled)
  → SM-2127  gap=2.450 eV  best=20.302 eV  top50=11  top10%=32
Cycle  80: GP refit  (89 labelled)
  → SM-1401  gap=2.500 eV  best=20.302 eV  top50=11  top10%=32
Cycle  81: full DKL retrain  (90 labelled)
GP warmup: 20 epochs on initial embeddings
Joint DKL training: 50 epochs
  Epoch 20/50  loss=0.9967
  Epoch 40/50  loss=0.4648
DKL training done in 0.5s
  → SM-13579  gap=1.013 eV  best=20.302 eV  top50=11  top10%=32
Cycle  82: GP refit  (91 labelled)
  → SM-5314  gap=3.773 eV  best=20.302 eV  top50=11  top10%=32
Cycle  83: GP refit  (92 labelled)
  → SM-10706  gap=1.068 eV  best=20.302 eV  top50=11  top10%=32
Cycle  84: GP refit  (93 labelled)
  → SM-5126  gap=0.516 eV  best=20.302 eV  top50=11  top10%=32
Cycle  85: GP refit  (94 labelled)
  → SM-17540  gap=2.507 eV  best=20.302 eV  top50=11  top10%=32
Cycle  86: full DKL retrain  (95 labelled)
GP warmup: 20 epochs on initial embeddings
Joint DKL training: 50 epochs
  Epoch 20/50  loss=0.9255
  Epoch 40/50  loss=0.6463
DKL training done in 0.6s
  → SM-1655  gap=1.686 eV  best=20.302 eV  top50=11  top10%=32
Cycle  87: GP refit  (96 labelled)
  → SM-16994  gap=4.042 eV  best=20.302 eV  top50=11  top10%=32
Cycle  88: GP refit  (97 labelled)
  → SM-16995  gap=3.951 eV  best=20.302 eV  top50=11  top10%=32
Cycle  89: GP refit  (98 labelled)
  → SM-16996  gap=3.050 eV  best=20.302 eV  top50=11  top10%=32
Cycle  90: GP refit  (99 labelled)
  → SM-476  gap=2.712 eV  best=20.302 eV  top50=11  top10%=32
Cycle  91: full DKL retrain  (100 labelled)
GP warmup: 20 epochs on initial embeddings
Joint DKL training: 50 epochs
  Epoch 20/50  loss=0.9817
  Epoch 40/50  loss=0.6561
DKL training done in 0.6s
  → SM-1753  gap=0.022 eV  best=20.302 eV  top50=11  top10%=32
Cycle  92: GP refit  (101 labelled)
  → SM-17308  gap=0.696 eV  best=20.302 eV  top50=11  top10%=32
Cycle  93: GP refit  (102 labelled)
  → SM-4895  gap=2.544 eV  best=20.302 eV  top50=11  top10%=32
Cycle  94: GP refit  (103 labelled)
  → SM-19383  gap=2.399 eV  best=20.302 eV  top50=11  top10%=32
Cycle  95: GP refit  (104 labelled)
  → SM-17172  gap=1.654 eV  best=20.302 eV  top50=11  top10%=32
Cycle  96: full DKL retrain  (105 labelled)
GP warmup: 20 epochs on initial embeddings
Joint DKL training: 50 epochs
  Epoch 20/50  loss=0.5240
  Epoch 40/50  loss=0.1675
DKL training done in 0.6s
  → SM-20226  gap=0.057 eV  best=20.302 eV  top50=11  top10%=32
Cycle  97: GP refit  (106 labelled)
  → SM-10709  gap=3.827 eV  best=20.302 eV  top50=11  top10%=32
Cycle  98: GP refit  (107 labelled)
  → SM-3942  gap=4.286 eV  best=20.302 eV  top50=11  top10%=32
Cycle  99: GP refit  (108 labelled)
  → SM-17806  gap=3.372 eV  best=20.302 eV  top50=11  top10%=32
Cycle 100: GP refit  (109 labelled)
  → SM-18465  gap=4.334 eV  best=20.302 eV  top50=11  top10%=32
  gap_max/seed1 → best=20.302 top50=11 top10%=32
BOLoop: 3131 materials  |  direction=max  |  top-50 internal threshold=7.50  top-10% internal threshold=4.43
Init: 10 random labels  |  best (max) = 8.198
Cycle   1: full DKL retrain  (10 labelled)
GP warmup: 20 epochs on initial embeddings
/home/roy/software/anaconda3/lib/python3.13/site-packages/torch/_compile.py:32: UserWarning: optimizer contains a parameter group with duplicate parameters; in future, this will cause an error; see github.com/pytorch/pytorch/issues/40967 for more information
  return disable_fn(*args, **kwargs)
Joint DKL training: 50 epochs
  Epoch 20/50  loss=2.8444
  Epoch 40/50  loss=2.6204
DKL training done in 0.4s
  → SM-19225  gap=8.129 eV  best=8.198 eV  top50=1  top10%=1
Cycle   2: GP refit  (11 labelled)
  → SM-11616  gap=4.086 eV  best=8.198 eV  top50=1  top10%=1
Cycle   3: GP refit  (12 labelled)
  → SM-11592  gap=2.509 eV  best=8.198 eV  top50=1  top10%=1
Cycle   4: GP refit  (13 labelled)
  → SM-841  gap=4.528 eV  best=8.198 eV  top50=1  top10%=2
Cycle   5: GP refit  (14 labelled)
  → SM-6442  gap=8.542 eV  best=8.542 eV  top50=2  top10%=3
Cycle   6: full DKL retrain  (15 labelled)
GP warmup: 20 epochs on initial embeddings
Joint DKL training: 50 epochs
  Epoch 20/50  loss=2.2381
  Epoch 40/50  loss=2.0573
DKL training done in 0.4s
  → SM-2150  gap=2.712 eV  best=8.542 eV  top50=2  top10%=3
Cycle   7: GP refit  (16 labelled)
  → SM-11694  gap=4.635 eV  best=8.542 eV  top50=2  top10%=4
Cycle   8: GP refit  (17 labelled)
  → SM-19332  gap=6.548 eV  best=8.542 eV  top50=2  top10%=5
Cycle   9: GP refit  (18 labelled)
  → SM-20350  gap=2.385 eV  best=8.542 eV  top50=2  top10%=5
Cycle  10: GP refit  (19 labelled)
  → SM-13080  gap=2.616 eV  best=8.542 eV  top50=2  top10%=5
Cycle  11: full DKL retrain  (20 labelled)
GP warmup: 20 epochs on initial embeddings
Joint DKL training: 50 epochs
  Epoch 20/50  loss=2.1453
  Epoch 40/50  loss=1.8034
DKL training done in 0.3s
  → SM-1808  gap=4.055 eV  best=8.542 eV  top50=2  top10%=5
Cycle  12: GP refit  (21 labelled)
  → SM-955  gap=7.001 eV  best=8.542 eV  top50=2  top10%=6
Cycle  13: GP refit  (22 labelled)
  → SM-4610  gap=3.801 eV  best=8.542 eV  top50=2  top10%=6
Cycle  14: GP refit  (23 labelled)
  → SM-4719  gap=3.132 eV  best=8.542 eV  top50=2  top10%=6
Cycle  15: GP refit  (24 labelled)
  → SM-1859  gap=3.884 eV  best=8.542 eV  top50=2  top10%=6
Cycle  16: full DKL retrain  (25 labelled)
GP warmup: 20 epochs on initial embeddings
Joint DKL training: 50 epochs
  Epoch 20/50  loss=1.6294
  Epoch 40/50  loss=1.4812
DKL training done in 0.5s
  → SM-8534  gap=0.273 eV  best=8.542 eV  top50=2  top10%=6
Cycle  17: GP refit  (26 labelled)
  → SM-11666  gap=4.216 eV  best=8.542 eV  top50=2  top10%=6
Cycle  18: GP refit  (27 labelled)
  → SM-13401  gap=4.708 eV  best=8.542 eV  top50=2  top10%=7
Cycle  19: GP refit  (28 labelled)
  → SM-1286  gap=2.694 eV  best=8.542 eV  top50=2  top10%=7
Cycle  20: GP refit  (29 labelled)
  → SM-5216  gap=1.161 eV  best=8.542 eV  top50=2  top10%=7
Cycle  21: full DKL retrain  (30 labelled)
GP warmup: 20 epochs on initial embeddings
Joint DKL training: 50 epochs
  Epoch 20/50  loss=1.1746
  Epoch 40/50  loss=1.0148
DKL training done in 0.4s
  → SM-996  gap=4.549 eV  best=8.542 eV  top50=2  top10%=8
Cycle  22: GP refit  (31 labelled)
  → SM-5003  gap=19.720 eV  best=19.720 eV  top50=3  top10%=9
Cycle  23: GP refit  (32 labelled)
  → SM-5606  gap=2.807 eV  best=19.720 eV  top50=3  top10%=9
Cycle  24: GP refit  (33 labelled)
  → SM-6449  gap=1.144 eV  best=19.720 eV  top50=3  top10%=9
Cycle  25: GP refit  (34 labelled)
  → SM-19228  gap=9.023 eV  best=19.720 eV  top50=4  top10%=10
Cycle  26: full DKL retrain  (35 labelled)
GP warmup: 20 epochs on initial embeddings
Joint DKL training: 50 epochs
  Epoch 20/50  loss=2.8751
  Epoch 40/50  loss=1.7397
DKL training done in 0.5s
  → SM-256  gap=2.577 eV  best=19.720 eV  top50=4  top10%=10
Cycle  27: GP refit  (36 labelled)
  → SM-20226  gap=0.057 eV  best=19.720 eV  top50=4  top10%=10
Cycle  28: GP refit  (37 labelled)
  → SM-294  gap=2.759 eV  best=19.720 eV  top50=4  top10%=10
Cycle  29: GP refit  (38 labelled)
  → SM-2411  gap=4.924 eV  best=19.720 eV  top50=4  top10%=11
Cycle  30: GP refit  (39 labelled)
  → SM-16648  gap=3.673 eV  best=19.720 eV  top50=4  top10%=11
Cycle  31: full DKL retrain  (40 labelled)
GP warmup: 20 epochs on initial embeddings
Joint DKL training: 50 epochs
  Epoch 20/50  loss=1.9343
  Epoch 40/50  loss=1.4457
DKL training done in 0.6s
  → SM-19832  gap=2.345 eV  best=19.720 eV  top50=4  top10%=11
Cycle  32: GP refit  (41 labelled)
  → SM-4019  gap=3.311 eV  best=19.720 eV  top50=4  top10%=11
Cycle  33: GP refit  (42 labelled)
  → SM-16813  gap=4.363 eV  best=19.720 eV  top50=4  top10%=11
Cycle  34: GP refit  (43 labelled)
  → SM-19487  gap=0.024 eV  best=19.720 eV  top50=4  top10%=11
Cycle  35: GP refit  (44 labelled)
  → SM-19116  gap=2.161 eV  best=19.720 eV  top50=4  top10%=11
Cycle  36: full DKL retrain  (45 labelled)
GP warmup: 20 epochs on initial embeddings
Joint DKL training: 50 epochs
  Epoch 20/50  loss=6.5005
  Epoch 40/50  loss=2.1834
DKL training done in 0.4s
  → SM-265  gap=2.525 eV  best=19.720 eV  top50=4  top10%=11
Cycle  37: GP refit  (46 labelled)
  → SM-4424  gap=1.221 eV  best=19.720 eV  top50=4  top10%=11
Cycle  38: GP refit  (47 labelled)
  → SM-20253  gap=5.285 eV  best=19.720 eV  top50=4  top10%=12
Cycle  39: GP refit  (48 labelled)
  → SM-14540  gap=1.468 eV  best=19.720 eV  top50=4  top10%=12
Cycle  40: GP refit  (49 labelled)
  → SM-326  gap=2.405 eV  best=19.720 eV  top50=4  top10%=12
Cycle  41: full DKL retrain  (50 labelled)
GP warmup: 20 epochs on initial embeddings
Joint DKL training: 50 epochs
  Epoch 20/50  loss=1.6145
  Epoch 40/50  loss=1.1918
DKL training done in 0.5s
  → SM-2838  gap=3.952 eV  best=19.720 eV  top50=4  top10%=12
Cycle  42: GP refit  (51 labelled)
  → SM-3842  gap=1.019 eV  best=19.720 eV  top50=4  top10%=12
Cycle  43: GP refit  (52 labelled)
  → SM-6542  gap=6.834 eV  best=19.720 eV  top50=4  top10%=13
Cycle  44: GP refit  (53 labelled)
  → SM-19485  gap=0.019 eV  best=19.720 eV  top50=4  top10%=13
Cycle  45: GP refit  (54 labelled)
  → SM-5002  gap=20.302 eV  best=20.302 eV  top50=5  top10%=14
Cycle  46: full DKL retrain  (55 labelled)
GP warmup: 20 epochs on initial embeddings
Joint DKL training: 50 epochs
  Epoch 20/50  loss=1.7067
  Epoch 40/50  loss=1.4506
DKL training done in 0.4s
  → SM-2624  gap=4.453 eV  best=20.302 eV  top50=5  top10%=15
Cycle  47: GP refit  (56 labelled)
  → SM-17675  gap=3.049 eV  best=20.302 eV  top50=5  top10%=15
Cycle  48: GP refit  (57 labelled)
  → SM-4830  gap=2.430 eV  best=20.302 eV  top50=5  top10%=15
Cycle  49: GP refit  (58 labelled)
  → SM-3510  gap=2.430 eV  best=20.302 eV  top50=5  top10%=15
Cycle  50: GP refit  (59 labelled)
  → SM-1276  gap=4.556 eV  best=20.302 eV  top50=5  top10%=16
Cycle  51: full DKL retrain  (60 labelled)
GP warmup: 20 epochs on initial embeddings
Joint DKL training: 50 epochs
  Epoch 20/50  loss=1.1893
  Epoch 40/50  loss=0.7820
DKL training done in 0.5s
  → SM-6115  gap=3.579 eV  best=20.302 eV  top50=5  top10%=16
Cycle  52: GP refit  (61 labelled)
  → SM-4725  gap=2.478 eV  best=20.302 eV  top50=5  top10%=16
Cycle  53: GP refit  (62 labelled)
  → SM-15022  gap=5.307 eV  best=20.302 eV  top50=5  top10%=17
Cycle  54: GP refit  (63 labelled)
  → SM-3955  gap=6.861 eV  best=20.302 eV  top50=5  top10%=18
Cycle  55: GP refit  (64 labelled)
  → SM-12527  gap=4.539 eV  best=20.302 eV  top50=5  top10%=19
Cycle  56: full DKL retrain  (65 labelled)
GP warmup: 20 epochs on initial embeddings
Joint DKL training: 50 epochs
  Epoch 20/50  loss=1.0348
  Epoch 40/50  loss=0.7244
DKL training done in 0.6s
  → SM-19188  gap=3.856 eV  best=20.302 eV  top50=5  top10%=19
Cycle  57: GP refit  (66 labelled)
  → SM-3507  gap=2.390 eV  best=20.302 eV  top50=5  top10%=19
Cycle  58: GP refit  (67 labelled)
  → SM-10681  gap=2.588 eV  best=20.302 eV  top50=5  top10%=19
Cycle  59: GP refit  (68 labelled)
  → SM-19481  gap=3.185 eV  best=20.302 eV  top50=5  top10%=19
Cycle  60: GP refit  (69 labelled)
  → SM-10213  gap=3.815 eV  best=20.302 eV  top50=5  top10%=19
Cycle  61: full DKL retrain  (70 labelled)
GP warmup: 20 epochs on initial embeddings
Joint DKL training: 50 epochs
  Epoch 20/50  loss=1.6523
  Epoch 40/50  loss=1.4489
DKL training done in 0.5s
  → SM-407  gap=1.662 eV  best=20.302 eV  top50=5  top10%=19
Cycle  62: GP refit  (71 labelled)
  → SM-12987  gap=3.470 eV  best=20.302 eV  top50=5  top10%=19
Cycle  63: GP refit  (72 labelled)
  → SM-18713  gap=1.012 eV  best=20.302 eV  top50=5  top10%=19
Cycle  64: GP refit  (73 labelled)
  → SM-1364  gap=0.323 eV  best=20.302 eV  top50=5  top10%=19
Cycle  65: GP refit  (74 labelled)
  → SM-17190  gap=3.009 eV  best=20.302 eV  top50=5  top10%=19
Cycle  66: full DKL retrain  (75 labelled)
GP warmup: 20 epochs on initial embeddings
Joint DKL training: 50 epochs
  Epoch 20/50  loss=1.3340
  Epoch 40/50  loss=0.9835
DKL training done in 0.4s
  → SM-20105  gap=1.692 eV  best=20.302 eV  top50=5  top10%=19
Cycle  67: GP refit  (76 labelled)
  → SM-19112  gap=7.731 eV  best=20.302 eV  top50=6  top10%=20
Cycle  68: GP refit  (77 labelled)
  → SM-10685  gap=1.935 eV  best=20.302 eV  top50=6  top10%=20
Cycle  69: GP refit  (78 labelled)
  → SM-10686  gap=2.250 eV  best=20.302 eV  top50=6  top10%=20
Cycle  70: GP refit  (79 labelled)
  → SM-10689  gap=1.508 eV  best=20.302 eV  top50=6  top10%=20
Cycle  71: full DKL retrain  (80 labelled)
GP warmup: 20 epochs on initial embeddings
Joint DKL training: 50 epochs
  Epoch 20/50  loss=1.0380
  Epoch 40/50  loss=0.6243
DKL training done in 0.4s
  → SM-19555  gap=2.852 eV  best=20.302 eV  top50=6  top10%=20
Cycle  72: GP refit  (81 labelled)
  → SM-2125  gap=2.520 eV  best=20.302 eV  top50=6  top10%=20
Cycle  73: GP refit  (82 labelled)
  → SM-3951  gap=6.774 eV  best=20.302 eV  top50=6  top10%=21
Cycle  74: GP refit  (83 labelled)
  → SM-4883  gap=3.945 eV  best=20.302 eV  top50=6  top10%=21
Cycle  75: GP refit  (84 labelled)
  → SM-13718  gap=6.302 eV  best=20.302 eV  top50=6  top10%=22
Cycle  76: full DKL retrain  (85 labelled)
GP warmup: 20 epochs on initial embeddings
Joint DKL training: 50 epochs
  Epoch 20/50  loss=1.3055
  Epoch 40/50  loss=0.7848
DKL training done in 0.5s
  → SM-10691  gap=2.235 eV  best=20.302 eV  top50=6  top10%=22
Cycle  77: GP refit  (86 labelled)
  → SM-19557  gap=2.570 eV  best=20.302 eV  top50=6  top10%=22
Cycle  78: GP refit  (87 labelled)
  → SM-14179  gap=5.683 eV  best=20.302 eV  top50=6  top10%=23
Cycle  79: GP refit  (88 labelled)
  → SM-4030  gap=3.821 eV  best=20.302 eV  top50=6  top10%=23
Cycle  80: GP refit  (89 labelled)
  → SM-11868  gap=4.897 eV  best=20.302 eV  top50=6  top10%=24
Cycle  81: full DKL retrain  (90 labelled)
GP warmup: 20 epochs on initial embeddings
Joint DKL training: 50 epochs
  Epoch 20/50  loss=1.3300
  Epoch 40/50  loss=0.9139
DKL training done in 0.5s
  → SM-10692  gap=2.348 eV  best=20.302 eV  top50=6  top10%=24
Cycle  82: GP refit  (91 labelled)
  → SM-10693  gap=2.327 eV  best=20.302 eV  top50=6  top10%=24
Cycle  83: GP refit  (92 labelled)
  → SM-10694  gap=2.065 eV  best=20.302 eV  top50=6  top10%=24
Cycle  84: GP refit  (93 labelled)
  → SM-16971  gap=0.248 eV  best=20.302 eV  top50=6  top10%=24
Cycle  85: GP refit  (94 labelled)
  → SM-10695  gap=2.136 eV  best=20.302 eV  top50=6  top10%=24
Cycle  86: full DKL retrain  (95 labelled)
GP warmup: 20 epochs on initial embeddings
Joint DKL training: 50 epochs
  Epoch 20/50  loss=0.9698
  Epoch 40/50  loss=0.6618
DKL training done in 0.6s
  → SM-10696  gap=1.430 eV  best=20.302 eV  top50=6  top10%=24
Cycle  87: GP refit  (96 labelled)
  → SM-16985  gap=0.237 eV  best=20.302 eV  top50=6  top10%=24
Cycle  88: GP refit  (97 labelled)
  → SM-20107  gap=3.013 eV  best=20.302 eV  top50=6  top10%=24
Cycle  89: GP refit  (98 labelled)
  → SM-19165  gap=8.884 eV  best=20.302 eV  top50=7  top10%=25
Cycle  90: GP refit  (99 labelled)
  → SM-3028  gap=0.687 eV  best=20.302 eV  top50=7  top10%=25
Cycle  91: full DKL retrain  (100 labelled)
GP warmup: 20 epochs on initial embeddings
Joint DKL training: 50 epochs
  Epoch 20/50  loss=0.7848
  Epoch 40/50  loss=0.5546
DKL training done in 0.5s
  → SM-2127  gap=2.450 eV  best=20.302 eV  top50=7  top10%=25
Cycle  92: GP refit  (101 labelled)
  → SM-13579  gap=1.013 eV  best=20.302 eV  top50=7  top10%=25
Cycle  93: GP refit  (102 labelled)
  → SM-10706  gap=1.068 eV  best=20.302 eV  top50=7  top10%=25
Cycle  94: GP refit  (103 labelled)
  → SM-16994  gap=4.042 eV  best=20.302 eV  top50=7  top10%=25
Cycle  95: GP refit  (104 labelled)
  → SM-12524  gap=2.251 eV  best=20.302 eV  top50=7  top10%=25
Cycle  96: full DKL retrain  (105 labelled)
GP warmup: 20 epochs on initial embeddings
Joint DKL training: 50 epochs
  Epoch 20/50  loss=1.3185
  Epoch 40/50  loss=0.9643
DKL training done in 0.5s
  → SM-16995  gap=3.951 eV  best=20.302 eV  top50=7  top10%=25
Cycle  97: GP refit  (106 labelled)
  → SM-10601  gap=3.378 eV  best=20.302 eV  top50=7  top10%=25
Cycle  98: GP refit  (107 labelled)
  → SM-16996  gap=3.050 eV  best=20.302 eV  top50=7  top10%=25
Cycle  99: GP refit  (108 labelled)
  → SM-4895  gap=2.544 eV  best=20.302 eV  top50=7  top10%=25
Cycle 100: GP refit  (109 labelled)
  → SM-10709  gap=3.827 eV  best=20.302 eV  top50=7  top10%=25
  gap_max/seed2 → best=20.302 top50=7 top10%=25
BOLoop: 3131 materials  |  direction=max  |  top-50 internal threshold=7.50  top-10% internal threshold=4.43
Init: 10 random labels  |  best (max) = 8.323
Cycle   1: full DKL retrain  (10 labelled)
GP warmup: 20 epochs on initial embeddings
/home/roy/software/anaconda3/lib/python3.13/site-packages/torch/_compile.py:32: UserWarning: optimizer contains a parameter group with duplicate parameters; in future, this will cause an error; see github.com/pytorch/pytorch/issues/40967 for more information
  return disable_fn(*args, **kwargs)
Joint DKL training: 50 epochs
  Epoch 20/50  loss=2.8519
  Epoch 40/50  loss=2.6426
DKL training done in 0.3s
  → SM-20347  gap=7.697 eV  best=8.323 eV  top50=1  top10%=1
Cycle   2: GP refit  (11 labelled)
  → SM-1991  gap=8.851 eV  best=8.851 eV  top50=2  top10%=2
Cycle   3: GP refit  (12 labelled)
  → SM-943  gap=8.707 eV  best=8.851 eV  top50=3  top10%=3
Cycle   4: GP refit  (13 labelled)
  → SM-928  gap=9.701 eV  best=9.701 eV  top50=4  top10%=4
Cycle   5: GP refit  (14 labelled)
  → SM-16508  gap=5.007 eV  best=9.701 eV  top50=4  top10%=5
Cycle   6: full DKL retrain  (15 labelled)
GP warmup: 20 epochs on initial embeddings
Joint DKL training: 50 epochs
  Epoch 20/50  loss=2.2719
  Epoch 40/50  loss=2.0098
DKL training done in 0.4s
  → SM-1276  gap=4.556 eV  best=9.701 eV  top50=4  top10%=6
Cycle   7: GP refit  (16 labelled)
  → SM-940  gap=9.881 eV  best=9.881 eV  top50=5  top10%=7
Cycle   8: GP refit  (17 labelled)
  → SM-951  gap=3.013 eV  best=9.881 eV  top50=5  top10%=7
Cycle   9: GP refit  (18 labelled)
  → SM-7134  gap=5.311 eV  best=9.881 eV  top50=5  top10%=8
Cycle  10: GP refit  (19 labelled)
  → SM-877  gap=7.311 eV  best=9.881 eV  top50=5  top10%=9
Cycle  11: full DKL retrain  (20 labelled)
GP warmup: 20 epochs on initial embeddings
Joint DKL training: 50 epochs
  Epoch 20/50  loss=1.5222
  Epoch 40/50  loss=1.4158
DKL training done in 0.4s
  → SM-19446  gap=9.069 eV  best=9.881 eV  top50=6  top10%=10
Cycle  12: GP refit  (21 labelled)
  → SM-5002  gap=20.302 eV  best=20.302 eV  top50=7  top10%=11
Cycle  13: GP refit  (22 labelled)
  → SM-19383  gap=2.399 eV  best=20.302 eV  top50=7  top10%=11
Cycle  14: GP refit  (23 labelled)
  → SM-4349  gap=1.588 eV  best=20.302 eV  top50=7  top10%=11
Cycle  15: GP refit  (24 labelled)
  → SM-20232  gap=4.135 eV  best=20.302 eV  top50=7  top10%=11
Cycle  16: full DKL retrain  (25 labelled)
GP warmup: 20 epochs on initial embeddings
Joint DKL training: 50 epochs
  Epoch 20/50  loss=2.0523
  Epoch 40/50  loss=1.7148
DKL training done in 0.5s
  → SM-13720  gap=0.458 eV  best=20.302 eV  top50=7  top10%=11
Cycle  17: GP refit  (26 labelled)
  → SM-5003  gap=19.720 eV  best=20.302 eV  top50=8  top10%=12
Cycle  18: GP refit  (27 labelled)
  → SM-476  gap=2.712 eV  best=20.302 eV  top50=8  top10%=12
Cycle  19: GP refit  (28 labelled)
  → SM-20226  gap=0.057 eV  best=20.302 eV  top50=8  top10%=12
Cycle  20: GP refit  (29 labelled)
  → SM-320  gap=1.796 eV  best=20.302 eV  top50=8  top10%=12
Cycle  21: full DKL retrain  (30 labelled)
GP warmup: 20 epochs on initial embeddings
Joint DKL training: 50 epochs
  Epoch 20/50  loss=1.7731
  Epoch 40/50  loss=1.4275
DKL training done in 0.6s
  → SM-3507  gap=2.390 eV  best=20.302 eV  top50=8  top10%=12
Cycle  22: GP refit  (31 labelled)
  → SM-10681  gap=2.588 eV  best=20.302 eV  top50=8  top10%=12
Cycle  23: GP refit  (32 labelled)
  → SM-20105  gap=1.692 eV  best=20.302 eV  top50=8  top10%=12
Cycle  24: GP refit  (33 labelled)
  → SM-10685  gap=1.935 eV  best=20.302 eV  top50=8  top10%=12
Cycle  25: GP refit  (34 labelled)
  → SM-10686  gap=2.250 eV  best=20.302 eV  top50=8  top10%=12
Cycle  26: full DKL retrain  (35 labelled)
GP warmup: 20 epochs on initial embeddings
Joint DKL training: 50 epochs
  Epoch 20/50  loss=1.5677
  Epoch 40/50  loss=1.2632
DKL training done in 0.5s
  → SM-10689  gap=1.508 eV  best=20.302 eV  top50=8  top10%=12
Cycle  27: GP refit  (36 labelled)
  → SM-2125  gap=2.520 eV  best=20.302 eV  top50=8  top10%=12
Cycle  28: GP refit  (37 labelled)
  → SM-4883  gap=3.945 eV  best=20.302 eV  top50=8  top10%=12
Cycle  29: GP refit  (38 labelled)
  → SM-435  gap=0.246 eV  best=20.302 eV  top50=8  top10%=12
Cycle  30: GP refit  (39 labelled)
  → SM-19442  gap=9.063 eV  best=20.302 eV  top50=9  top10%=13
Cycle  31: full DKL retrain  (40 labelled)
GP warmup: 20 epochs on initial embeddings
Joint DKL training: 50 epochs
  Epoch 20/50  loss=1.3817
  Epoch 40/50  loss=1.2244
DKL training done in 0.4s
  → SM-10691  gap=2.235 eV  best=20.302 eV  top50=9  top10%=13
Cycle  32: GP refit  (41 labelled)
  → SM-10692  gap=2.348 eV  best=20.302 eV  top50=9  top10%=13
Cycle  33: GP refit  (42 labelled)
  → SM-5440  gap=0.155 eV  best=20.302 eV  top50=9  top10%=13
Cycle  34: GP refit  (43 labelled)
  → SM-10693  gap=2.327 eV  best=20.302 eV  top50=9  top10%=13
Cycle  35: GP refit  (44 labelled)
  → SM-534  gap=1.475 eV  best=20.302 eV  top50=9  top10%=13
Cycle  36: full DKL retrain  (45 labelled)
GP warmup: 20 epochs on initial embeddings
Joint DKL training: 50 epochs
  Epoch 20/50  loss=1.4431
  Epoch 40/50  loss=1.2483
DKL training done in 0.5s
  → SM-256  gap=2.577 eV  best=20.302 eV  top50=9  top10%=13
Cycle  37: GP refit  (46 labelled)
  → SM-10694  gap=2.065 eV  best=20.302 eV  top50=9  top10%=13
Cycle  38: GP refit  (47 labelled)
  → SM-10695  gap=2.136 eV  best=20.302 eV  top50=9  top10%=13
Cycle  39: GP refit  (48 labelled)
  → SM-10696  gap=1.430 eV  best=20.302 eV  top50=9  top10%=13
Cycle  40: GP refit  (49 labelled)
  → SM-16985  gap=0.237 eV  best=20.302 eV  top50=9  top10%=13
Cycle  41: full DKL retrain  (50 labelled)
GP warmup: 20 epochs on initial embeddings
Joint DKL training: 50 epochs
  Epoch 20/50  loss=0.8614
  Epoch 40/50  loss=0.7070
DKL training done in 0.5s
  → SM-20107  gap=3.013 eV  best=20.302 eV  top50=9  top10%=13
Cycle  42: GP refit  (51 labelled)
  → SM-2127  gap=2.450 eV  best=20.302 eV  top50=9  top10%=13
Cycle  43: GP refit  (52 labelled)
  → SM-13579  gap=1.013 eV  best=20.302 eV  top50=9  top10%=13
Cycle  44: GP refit  (53 labelled)
  → SM-10706  gap=1.068 eV  best=20.302 eV  top50=9  top10%=13
Cycle  45: GP refit  (54 labelled)
  → SM-16994  gap=4.042 eV  best=20.302 eV  top50=9  top10%=13
Cycle  46: full DKL retrain  (55 labelled)
GP warmup: 20 epochs on initial embeddings
Joint DKL training: 50 epochs
  Epoch 20/50  loss=1.1004
  Epoch 40/50  loss=0.8878
DKL training done in 0.5s
  → SM-16995  gap=3.951 eV  best=20.302 eV  top50=9  top10%=13
Cycle  47: GP refit  (56 labelled)
  → SM-16996  gap=3.050 eV  best=20.302 eV  top50=9  top10%=13
Cycle  48: GP refit  (57 labelled)
  → SM-5031  gap=0.694 eV  best=20.302 eV  top50=9  top10%=13
Cycle  49: GP refit  (58 labelled)
  → SM-4895  gap=2.544 eV  best=20.302 eV  top50=9  top10%=13
Cycle  50: GP refit  (59 labelled)
  → SM-10709  gap=3.827 eV  best=20.302 eV  top50=9  top10%=13
Cycle  51: full DKL retrain  (60 labelled)
GP warmup: 20 epochs on initial embeddings
Joint DKL training: 50 epochs
  Epoch 20/50  loss=1.0213
  Epoch 40/50  loss=0.8388
DKL training done in 0.4s
  → SM-5606  gap=2.807 eV  best=20.302 eV  top50=9  top10%=13
Cycle  52: GP refit  (61 labelled)
  → SM-3942  gap=4.286 eV  best=20.302 eV  top50=9  top10%=13
Cycle  53: GP refit  (62 labelled)
  → SM-17806  gap=3.372 eV  best=20.302 eV  top50=9  top10%=13
Cycle  54: GP refit  (63 labelled)
  → SM-4019  gap=3.311 eV  best=20.302 eV  top50=9  top10%=13
Cycle  55: GP refit  (64 labelled)
  → SM-18574  gap=1.621 eV  best=20.302 eV  top50=9  top10%=13
Cycle  56: full DKL retrain  (65 labelled)
GP warmup: 20 epochs on initial embeddings
Joint DKL training: 50 epochs
  Epoch 20/50  loss=0.8571
  Epoch 40/50  loss=0.6638
DKL training done in 0.5s
  → SM-18465  gap=4.334 eV  best=20.302 eV  top50=9  top10%=13
Cycle  57: GP refit  (66 labelled)
  → SM-3771  gap=2.183 eV  best=20.302 eV  top50=9  top10%=13
Cycle  58: GP refit  (67 labelled)
  → SM-2411  gap=4.924 eV  best=20.302 eV  top50=9  top10%=14
Cycle  59: GP refit  (68 labelled)
  → SM-7534  gap=1.341 eV  best=20.302 eV  top50=9  top10%=14
Cycle  60: GP refit  (69 labelled)
  → SM-5038  gap=9.232 eV  best=20.302 eV  top50=10  top10%=15
Cycle  61: full DKL retrain  (70 labelled)
GP warmup: 20 epochs on initial embeddings
Joint DKL training: 50 epochs
  Epoch 20/50  loss=0.9011
  Epoch 40/50  loss=0.4833
DKL training done in 0.6s
  → SM-588  gap=1.824 eV  best=20.302 eV  top50=10  top10%=15
Cycle  62: GP refit  (71 labelled)
  → SM-17809  gap=0.021 eV  best=20.302 eV  top50=10  top10%=15
Cycle  63: GP refit  (72 labelled)
  → SM-17004  gap=4.404 eV  best=20.302 eV  top50=10  top10%=15
Cycle  64: GP refit  (73 labelled)
  → SM-10717  gap=4.439 eV  best=20.302 eV  top50=10  top10%=16
Cycle  65: GP refit  (74 labelled)
  → SM-17810  gap=2.749 eV  best=20.302 eV  top50=10  top10%=16
Cycle  66: full DKL retrain  (75 labelled)
GP warmup: 20 epochs on initial embeddings
Joint DKL training: 50 epochs
  Epoch 20/50  loss=0.5558
  Epoch 40/50  loss=0.3753
DKL training done in 0.4s
  → SM-1655  gap=1.686 eV  best=20.302 eV  top50=10  top10%=16
Cycle  67: GP refit  (76 labelled)
  → SM-10718  gap=2.313 eV  best=20.302 eV  top50=10  top10%=16
Cycle  68: GP refit  (77 labelled)
  → SM-17007  gap=2.052 eV  best=20.302 eV  top50=10  top10%=16
Cycle  69: GP refit  (78 labelled)
  → SM-17008  gap=3.746 eV  best=20.302 eV  top50=10  top10%=16
Cycle  70: GP refit  (79 labelled)
  → SM-10722  gap=2.491 eV  best=20.302 eV  top50=10  top10%=16
Cycle  71: full DKL retrain  (80 labelled)
GP warmup: 20 epochs on initial embeddings
Joint DKL training: 50 epochs
  Epoch 20/50  loss=0.3321
  Epoch 40/50  loss=0.1401
DKL training done in 0.4s
  → SM-17009  gap=3.754 eV  best=20.302 eV  top50=10  top10%=16
Cycle  72: GP refit  (81 labelled)
  → SM-17010  gap=1.282 eV  best=20.302 eV  top50=10  top10%=16
Cycle  73: GP refit  (82 labelled)
  → SM-15823  gap=1.399 eV  best=20.302 eV  top50=10  top10%=16
Cycle  74: GP refit  (83 labelled)
  → SM-10730  gap=2.780 eV  best=20.302 eV  top50=10  top10%=16
Cycle  75: GP refit  (84 labelled)
  → SM-2128  gap=2.811 eV  best=20.302 eV  top50=10  top10%=16
Cycle  76: full DKL retrain  (85 labelled)
GP warmup: 20 epochs on initial embeddings
Joint DKL training: 50 epochs
  Epoch 20/50  loss=0.0635
  Epoch 40/50  loss=-0.0659
DKL training done in 0.5s
  → SM-1771  gap=2.811 eV  best=20.302 eV  top50=10  top10%=16
Cycle  77: GP refit  (86 labelled)
  → SM-10731  gap=2.312 eV  best=20.302 eV  top50=10  top10%=16
Cycle  78: GP refit  (87 labelled)
  → SM-13583  gap=2.040 eV  best=20.302 eV  top50=10  top10%=16
Cycle  79: GP refit  (88 labelled)
  → SM-10732  gap=2.138 eV  best=20.302 eV  top50=10  top10%=16
Cycle  80: GP refit  (89 labelled)
  → SM-12950  gap=1.751 eV  best=20.302 eV  top50=10  top10%=16
Cycle  81: full DKL retrain  (90 labelled)
GP warmup: 20 epochs on initial embeddings
Joint DKL training: 50 epochs
  Epoch 20/50  loss=0.1333
  Epoch 40/50  loss=-0.0075
DKL training done in 0.6s
  → SM-2274  gap=3.719 eV  best=20.302 eV  top50=10  top10%=16
Cycle  82: GP refit  (91 labelled)
  → SM-2129  gap=2.897 eV  best=20.302 eV  top50=10  top10%=16
Cycle  83: GP refit  (92 labelled)
  → SM-1772  gap=3.338 eV  best=20.302 eV  top50=10  top10%=16
Cycle  84: GP refit  (93 labelled)
  → SM-2130  gap=2.949 eV  best=20.302 eV  top50=10  top10%=16
Cycle  85: GP refit  (94 labelled)
  → SM-4853  gap=2.241 eV  best=20.302 eV  top50=10  top10%=16
Cycle  86: full DKL retrain  (95 labelled)
GP warmup: 20 epochs on initial embeddings
Joint DKL training: 50 epochs
  Epoch 20/50  loss=0.2348
  Epoch 40/50  loss=0.1144
DKL training done in 0.5s
  → SM-17014  gap=2.256 eV  best=20.302 eV  top50=10  top10%=16
Cycle  87: GP refit  (96 labelled)
  → SM-10733  gap=2.936 eV  best=20.302 eV  top50=10  top10%=16
Cycle  88: GP refit  (97 labelled)
  → SM-15953  gap=0.646 eV  best=20.302 eV  top50=10  top10%=16
Cycle  89: GP refit  (98 labelled)
  → SM-4884  gap=1.653 eV  best=20.302 eV  top50=10  top10%=16
Cycle  90: GP refit  (99 labelled)
  → SM-10735  gap=1.390 eV  best=20.302 eV  top50=10  top10%=16
Cycle  91: full DKL retrain  (100 labelled)
GP warmup: 20 epochs on initial embeddings
Joint DKL training: 50 epochs
  Epoch 20/50  loss=0.2781
  Epoch 40/50  loss=0.1217
DKL training done in 0.6s
  → SM-18959  gap=2.888 eV  best=20.302 eV  top50=10  top10%=16
Cycle  92: GP refit  (101 labelled)
  → SM-20112  gap=2.638 eV  best=20.302 eV  top50=10  top10%=16
Cycle  93: GP refit  (102 labelled)
  → SM-10741  gap=1.844 eV  best=20.302 eV  top50=10  top10%=16
Cycle  94: GP refit  (103 labelled)
  → SM-10742  gap=2.230 eV  best=20.302 eV  top50=10  top10%=16
Cycle  95: GP refit  (104 labelled)
  → SM-5111  gap=2.510 eV  best=20.302 eV  top50=10  top10%=16
Cycle  96: full DKL retrain  (105 labelled)
GP warmup: 20 epochs on initial embeddings
Joint DKL training: 50 epochs
  Epoch 20/50  loss=0.2487
  Epoch 40/50  loss=0.1108
DKL training done in 0.5s
  → SM-265  gap=2.525 eV  best=20.302 eV  top50=10  top10%=16
Cycle  97: GP refit  (106 labelled)
  → SM-17022  gap=2.249 eV  best=20.302 eV  top50=10  top10%=16
Cycle  98: GP refit  (107 labelled)
  → SM-17023  gap=3.667 eV  best=20.302 eV  top50=10  top10%=16
Cycle  99: GP refit  (108 labelled)
  → SM-17024  gap=3.666 eV  best=20.302 eV  top50=10  top10%=16
Cycle 100: GP refit  (109 labelled)
  → SM-10743  gap=2.089 eV  best=20.302 eV  top50=10  top10%=16
  gap_max/seed3 → best=20.302 top50=10 top10%=16
BOLoop: 3131 materials  |  direction=max  |  top-50 internal threshold=7.50  top-10% internal threshold=4.43
Init: 10 random labels  |  best (max) = 8.379
Cycle   1: full DKL retrain  (10 labelled)
GP warmup: 20 epochs on initial embeddings
/home/roy/software/anaconda3/lib/python3.13/site-packages/torch/_compile.py:32: UserWarning: optimizer contains a parameter group with duplicate parameters; in future, this will cause an error; see github.com/pytorch/pytorch/issues/40967 for more information
  return disable_fn(*args, **kwargs)
Joint DKL training: 50 epochs
  Epoch 20/50  loss=2.8406
  Epoch 40/50  loss=2.6221
DKL training done in 0.5s
  → SM-6443  gap=3.685 eV  best=8.379 eV  top50=0  top10%=0
Cycle   2: GP refit  (11 labelled)
  → SM-866  gap=5.994 eV  best=8.379 eV  top50=0  top10%=1
Cycle   3: GP refit  (12 labelled)
  → SM-893  gap=2.987 eV  best=8.379 eV  top50=0  top10%=1
Cycle   4: GP refit  (13 labelled)
  → SM-943  gap=8.707 eV  best=8.707 eV  top50=1  top10%=2
Cycle   5: GP refit  (14 labelled)
  → SM-20347  gap=7.697 eV  best=8.707 eV  top50=2  top10%=3
Cycle   6: full DKL retrain  (15 labelled)
GP warmup: 20 epochs on initial embeddings
Joint DKL training: 50 epochs
  Epoch 20/50  loss=2.0994
  Epoch 40/50  loss=2.0392
DKL training done in 0.4s
  → SM-5003  gap=19.720 eV  best=19.720 eV  top50=3  top10%=4
Cycle   7: GP refit  (16 labelled)
  → SM-5606  gap=2.807 eV  best=19.720 eV  top50=3  top10%=4
Cycle   8: GP refit  (17 labelled)
  → SM-1753  gap=0.022 eV  best=19.720 eV  top50=3  top10%=4
Cycle   9: GP refit  (18 labelled)
  → SM-256  gap=2.577 eV  best=19.720 eV  top50=3  top10%=4
Cycle  10: GP refit  (19 labelled)
  → SM-13714  gap=5.929 eV  best=19.720 eV  top50=3  top10%=5
Cycle  11: full DKL retrain  (20 labelled)
GP warmup: 20 epochs on initial embeddings
Joint DKL training: 50 epochs
  Epoch 20/50  loss=2.4411
  Epoch 40/50  loss=2.3286
DKL training done in 0.5s
  → SM-381  gap=4.902 eV  best=19.720 eV  top50=3  top10%=6
Cycle  12: GP refit  (21 labelled)
  → SM-19384  gap=4.847 eV  best=19.720 eV  top50=3  top10%=7
Cycle  13: GP refit  (22 labelled)
  → SM-3507  gap=2.390 eV  best=19.720 eV  top50=3  top10%=7
Cycle  14: GP refit  (23 labelled)
  → SM-16055  gap=4.625 eV  best=19.720 eV  top50=3  top10%=8
Cycle  15: GP refit  (24 labelled)
  → SM-5307  gap=2.961 eV  best=19.720 eV  top50=3  top10%=8
Cycle  16: full DKL retrain  (25 labelled)
GP warmup: 20 epochs on initial embeddings
Joint DKL training: 50 epochs
  Epoch 20/50  loss=2.0444
  Epoch 40/50  loss=1.4871
DKL training done in 0.5s
  → SM-10681  gap=2.588 eV  best=19.720 eV  top50=3  top10%=8
Cycle  17: GP refit  (26 labelled)
  → SM-159  gap=5.294 eV  best=19.720 eV  top50=3  top10%=9
Cycle  18: GP refit  (27 labelled)
  → SM-20105  gap=1.692 eV  best=19.720 eV  top50=3  top10%=9
Cycle  19: GP refit  (28 labelled)
  → SM-10685  gap=1.935 eV  best=19.720 eV  top50=3  top10%=9
Cycle  20: GP refit  (29 labelled)
  → SM-10686  gap=2.250 eV  best=19.720 eV  top50=3  top10%=9
Cycle  21: full DKL retrain  (30 labelled)
GP warmup: 20 epochs on initial embeddings
Joint DKL training: 50 epochs
  Epoch 20/50  loss=1.2986
  Epoch 40/50  loss=1.0082
DKL training done in 0.5s
  → SM-5002  gap=20.302 eV  best=20.302 eV  top50=4  top10%=10
Cycle  22: GP refit  (31 labelled)
  → SM-10689  gap=1.508 eV  best=20.302 eV  top50=4  top10%=10
Cycle  23: GP refit  (32 labelled)
  → SM-2125  gap=2.520 eV  best=20.302 eV  top50=4  top10%=10
Cycle  24: GP refit  (33 labelled)
  → SM-4883  gap=3.945 eV  best=20.302 eV  top50=4  top10%=10
Cycle  25: GP refit  (34 labelled)
  → SM-948  gap=3.615 eV  best=20.302 eV  top50=4  top10%=10
Cycle  26: full DKL retrain  (35 labelled)
GP warmup: 20 epochs on initial embeddings
Joint DKL training: 50 epochs
  Epoch 20/50  loss=1.6043
  Epoch 40/50  loss=1.2529
DKL training done in 0.5s
  → SM-10691  gap=2.235 eV  best=20.302 eV  top50=4  top10%=10
Cycle  27: GP refit  (36 labelled)
  → SM-4019  gap=3.311 eV  best=20.302 eV  top50=4  top10%=10
Cycle  28: GP refit  (37 labelled)
  → SM-1481  gap=1.673 eV  best=20.302 eV  top50=4  top10%=10
Cycle  29: GP refit  (38 labelled)
  → SM-19548  gap=3.754 eV  best=20.302 eV  top50=4  top10%=10
Cycle  30: GP refit  (39 labelled)
  → SM-4423  gap=1.045 eV  best=20.302 eV  top50=4  top10%=10
Cycle  31: full DKL retrain  (40 labelled)
GP warmup: 20 epochs on initial embeddings
Joint DKL training: 50 epochs
  Epoch 20/50  loss=0.9610
  Epoch 40/50  loss=0.6668
DKL training done in 0.4s
  → SM-6713  gap=0.192 eV  best=20.302 eV  top50=4  top10%=10
Cycle  32: GP refit  (41 labelled)
  → SM-10692  gap=2.348 eV  best=20.302 eV  top50=4  top10%=10
Cycle  33: GP refit  (42 labelled)
  → SM-12881  gap=3.238 eV  best=20.302 eV  top50=4  top10%=10
Cycle  34: GP refit  (43 labelled)
  → SM-10693  gap=2.327 eV  best=20.302 eV  top50=4  top10%=10
Cycle  35: GP refit  (44 labelled)
  → SM-919  gap=9.698 eV  best=20.302 eV  top50=5  top10%=11
Cycle  36: full DKL retrain  (45 labelled)
GP warmup: 20 epochs on initial embeddings
Joint DKL training: 50 epochs
  Epoch 20/50  loss=1.4666
  Epoch 40/50  loss=1.0971
DKL training done in 0.4s
  → SM-17403  gap=1.771 eV  best=20.302 eV  top50=5  top10%=11
Cycle  37: GP refit  (46 labelled)
  → SM-19188  gap=3.856 eV  best=20.302 eV  top50=5  top10%=11
Cycle  38: GP refit  (47 labelled)
  → SM-20226  gap=0.057 eV  best=20.302 eV  top50=5  top10%=11
Cycle  39: GP refit  (48 labelled)
  → SM-19344  gap=4.048 eV  best=20.302 eV  top50=5  top10%=11
Cycle  40: GP refit  (49 labelled)
  → SM-1276  gap=4.556 eV  best=20.302 eV  top50=5  top10%=12
Cycle  41: full DKL retrain  (50 labelled)
GP warmup: 20 epochs on initial embeddings
Joint DKL training: 50 epochs
  Epoch 20/50  loss=1.0514
  Epoch 40/50  loss=0.7041
DKL training done in 0.4s
  → SM-10694  gap=2.065 eV  best=20.302 eV  top50=5  top10%=12
Cycle  42: GP refit  (51 labelled)
  → SM-7457  gap=0.461 eV  best=20.302 eV  top50=5  top10%=12
Cycle  43: GP refit  (52 labelled)
  → SM-7534  gap=1.341 eV  best=20.302 eV  top50=5  top10%=12
Cycle  44: GP refit  (53 labelled)
  → SM-14529  gap=0.568 eV  best=20.302 eV  top50=5  top10%=12
Cycle  45: GP refit  (54 labelled)
  → SM-7092  gap=0.749 eV  best=20.302 eV  top50=5  top10%=12
Cycle  46: full DKL retrain  (55 labelled)
GP warmup: 20 epochs on initial embeddings
Joint DKL training: 50 epochs
  Epoch 20/50  loss=1.1530
  Epoch 40/50  loss=0.5651
DKL training done in 0.6s
  → SM-10695  gap=2.136 eV  best=20.302 eV  top50=5  top10%=12
Cycle  47: GP refit  (56 labelled)
  → SM-10696  gap=1.430 eV  best=20.302 eV  top50=5  top10%=12
Cycle  48: GP refit  (57 labelled)
  → SM-19481  gap=3.185 eV  best=20.302 eV  top50=5  top10%=12
Cycle  49: GP refit  (58 labelled)
  → SM-18184  gap=0.704 eV  best=20.302 eV  top50=5  top10%=12
Cycle  50: GP refit  (59 labelled)
  → SM-4434  gap=0.879 eV  best=20.302 eV  top50=5  top10%=12
Cycle  51: full DKL retrain  (60 labelled)
GP warmup: 20 epochs on initial embeddings
Joint DKL training: 50 epochs
  Epoch 20/50  loss=1.1157
  Epoch 40/50  loss=0.6944
DKL training done in 0.4s
  → SM-16985  gap=0.237 eV  best=20.302 eV  top50=5  top10%=12
Cycle  52: GP refit  (61 labelled)
  → SM-8022  gap=3.555 eV  best=20.302 eV  top50=5  top10%=12
Cycle  53: GP refit  (62 labelled)
  → SM-20107  gap=3.013 eV  best=20.302 eV  top50=5  top10%=12
Cycle  54: GP refit  (63 labelled)
  → SM-7935  gap=1.394 eV  best=20.302 eV  top50=5  top10%=12
Cycle  55: GP refit  (64 labelled)
  → SM-19807  gap=1.474 eV  best=20.302 eV  top50=5  top10%=12
Cycle  56: full DKL retrain  (65 labelled)
GP warmup: 20 epochs on initial embeddings
Joint DKL training: 50 epochs
  Epoch 20/50  loss=1.3410
  Epoch 40/50  loss=0.9068
DKL training done in 0.7s
  → SM-2127  gap=2.450 eV  best=20.302 eV  top50=5  top10%=12
Cycle  57: GP refit  (66 labelled)
  → SM-13579  gap=1.013 eV  best=20.302 eV  top50=5  top10%=12
Cycle  58: GP refit  (67 labelled)
  → SM-12532  gap=3.647 eV  best=20.302 eV  top50=5  top10%=12
Cycle  59: GP refit  (68 labelled)
  → SM-4027  gap=3.387 eV  best=20.302 eV  top50=5  top10%=12
Cycle  60: GP refit  (69 labelled)
  → SM-10706  gap=1.068 eV  best=20.302 eV  top50=5  top10%=12
Cycle  61: full DKL retrain  (70 labelled)
GP warmup: 20 epochs on initial embeddings
Joint DKL training: 50 epochs
  Epoch 20/50  loss=0.7516
  Epoch 40/50  loss=0.4733
DKL training done in 0.3s
  → SM-17536  gap=0.552 eV  best=20.302 eV  top50=5  top10%=12
Cycle  62: GP refit  (71 labelled)
  → SM-16994  gap=4.042 eV  best=20.302 eV  top50=5  top10%=12
Cycle  63: GP refit  (72 labelled)
  → SM-16995  gap=3.951 eV  best=20.302 eV  top50=5  top10%=12
Cycle  64: GP refit  (73 labelled)
  → SM-5252  gap=1.201 eV  best=20.302 eV  top50=5  top10%=12
Cycle  65: GP refit  (74 labelled)
  → SM-1563  gap=0.181 eV  best=20.302 eV  top50=5  top10%=12
Cycle  66: full DKL retrain  (75 labelled)
GP warmup: 20 epochs on initial embeddings
Joint DKL training: 50 epochs
  Epoch 20/50  loss=1.4948
  Epoch 40/50  loss=1.1591
DKL training done in 0.4s
  → SM-17583  gap=2.793 eV  best=20.302 eV  top50=5  top10%=12
Cycle  67: GP refit  (76 labelled)
  → SM-193  gap=5.327 eV  best=20.302 eV  top50=5  top10%=13
Cycle  68: GP refit  (77 labelled)
  → SM-6894  gap=0.725 eV  best=20.302 eV  top50=5  top10%=13
Cycle  69: GP refit  (78 labelled)
  → SM-17549  gap=2.455 eV  best=20.302 eV  top50=5  top10%=13
Cycle  70: GP refit  (79 labelled)
  → SM-4424  gap=1.221 eV  best=20.302 eV  top50=5  top10%=13
Cycle  71: full DKL retrain  (80 labelled)
GP warmup: 20 epochs on initial embeddings
Joint DKL training: 50 epochs
  Epoch 20/50  loss=1.2934
  Epoch 40/50  loss=0.9487
DKL training done in 0.6s
  → SM-6586  gap=2.814 eV  best=20.302 eV  top50=5  top10%=13
Cycle  72: GP refit  (81 labelled)
  → SM-16996  gap=3.050 eV  best=20.302 eV  top50=5  top10%=13
Cycle  73: GP refit  (82 labelled)
  → SM-4895  gap=2.544 eV  best=20.302 eV  top50=5  top10%=13
Cycle  74: GP refit  (83 labelled)
  → SM-10709  gap=3.827 eV  best=20.302 eV  top50=5  top10%=13
Cycle  75: GP refit  (84 labelled)
  → SM-3942  gap=4.286 eV  best=20.302 eV  top50=5  top10%=13
Cycle  76: full DKL retrain  (85 labelled)
GP warmup: 20 epochs on initial embeddings
Joint DKL training: 50 epochs
  Epoch 20/50  loss=1.5269
  Epoch 40/50  loss=1.3050
DKL training done in 0.5s
  → SM-17806  gap=3.372 eV  best=20.302 eV  top50=5  top10%=13
Cycle  77: GP refit  (86 labelled)
  → SM-8957  gap=2.520 eV  best=20.302 eV  top50=5  top10%=13
Cycle  78: GP refit  (87 labelled)
  → SM-20316  gap=1.189 eV  best=20.302 eV  top50=5  top10%=13
Cycle  79: GP refit  (88 labelled)
  → SM-18465  gap=4.334 eV  best=20.302 eV  top50=5  top10%=13
Cycle  80: GP refit  (89 labelled)
  → SM-17568  gap=0.492 eV  best=20.302 eV  top50=5  top10%=13
Cycle  81: full DKL retrain  (90 labelled)
GP warmup: 20 epochs on initial embeddings
Joint DKL training: 50 epochs
  Epoch 20/50  loss=0.8519
  Epoch 40/50  loss=0.6029
DKL training done in 0.5s
  → SM-266  gap=1.330 eV  best=20.302 eV  top50=5  top10%=13
Cycle  82: GP refit  (91 labelled)
  → SM-19435  gap=0.898 eV  best=20.302 eV  top50=5  top10%=13
Cycle  83: GP refit  (92 labelled)
  → SM-5419  gap=2.057 eV  best=20.302 eV  top50=5  top10%=13
Cycle  84: GP refit  (93 labelled)
  → SM-5277  gap=3.022 eV  best=20.302 eV  top50=5  top10%=13
Cycle  85: GP refit  (94 labelled)
  → SM-3771  gap=2.183 eV  best=20.302 eV  top50=5  top10%=13
Cycle  86: full DKL retrain  (95 labelled)
GP warmup: 20 epochs on initial embeddings
Joint DKL training: 50 epochs
  Epoch 20/50  loss=0.8249
  Epoch 40/50  loss=0.5396
DKL training done in 0.5s
  → SM-4262  gap=2.209 eV  best=20.302 eV  top50=5  top10%=13
Cycle  87: GP refit  (96 labelled)
  → SM-2411  gap=4.924 eV  best=20.302 eV  top50=5  top10%=14
Cycle  88: GP refit  (97 labelled)
  → SM-7116  gap=2.604 eV  best=20.302 eV  top50=5  top10%=14
Cycle  89: GP refit  (98 labelled)
  → SM-17775  gap=1.076 eV  best=20.302 eV  top50=5  top10%=14
Cycle  90: GP refit  (99 labelled)
  → SM-4576  gap=2.792 eV  best=20.302 eV  top50=5  top10%=14
Cycle  91: full DKL retrain  (100 labelled)
GP warmup: 20 epochs on initial embeddings
Joint DKL training: 50 epochs
  Epoch 20/50  loss=1.4641
  Epoch 40/50  loss=1.0978
DKL training done in 0.6s
  → SM-236  gap=3.993 eV  best=20.302 eV  top50=5  top10%=14
Cycle  92: GP refit  (101 labelled)
  → SM-5111  gap=2.510 eV  best=20.302 eV  top50=5  top10%=14
Cycle  93: GP refit  (102 labelled)
  → SM-3001  gap=1.333 eV  best=20.302 eV  top50=5  top10%=14
Cycle  94: GP refit  (103 labelled)
  → SM-4401  gap=0.725 eV  best=20.302 eV  top50=5  top10%=14
Cycle  95: GP refit  (104 labelled)
  → SM-466  gap=3.176 eV  best=20.302 eV  top50=5  top10%=14
Cycle  96: full DKL retrain  (105 labelled)
GP warmup: 20 epochs on initial embeddings
Joint DKL training: 50 epochs
  Epoch 20/50  loss=0.9429
  Epoch 40/50  loss=0.6719
DKL training done in 0.4s
  → SM-588  gap=1.824 eV  best=20.302 eV  top50=5  top10%=14
Cycle  97: GP refit  (106 labelled)
  → SM-17809  gap=0.021 eV  best=20.302 eV  top50=5  top10%=14
Cycle  98: GP refit  (107 labelled)
  → SM-17126  gap=1.938 eV  best=20.302 eV  top50=5  top10%=14
Cycle  99: GP refit  (108 labelled)
  → SM-7023  gap=5.651 eV  best=20.302 eV  top50=5  top10%=15
Cycle 100: GP refit  (109 labelled)
  → SM-19116  gap=2.161 eV  best=20.302 eV  top50=5  top10%=15
  gap_max/seed4 → best=20.302 top50=5 top10%=15
BOLoop: 3131 materials  |  direction=max  |  top-50 internal threshold=7.50  top-10% internal threshold=4.43
Init: 10 random labels  |  best (max) = 3.811
Cycle   1: full DKL retrain  (10 labelled)
GP warmup: 20 epochs on initial embeddings
/home/roy/software/anaconda3/lib/python3.13/site-packages/torch/_compile.py:32: UserWarning: optimizer contains a parameter group with duplicate parameters; in future, this will cause an error; see github.com/pytorch/pytorch/issues/40967 for more information
  return disable_fn(*args, **kwargs)
Joint DKL training: 50 epochs
  Epoch 20/50  loss=1.4590
  Epoch 40/50  loss=1.3193
DKL training done in 0.4s
  → SM-11616  gap=4.086 eV  best=4.086 eV  top50=0  top10%=0
Cycle   2: GP refit  (11 labelled)
  → SM-20460  gap=4.929 eV  best=4.929 eV  top50=0  top10%=1
Cycle   3: GP refit  (12 labelled)
  → SM-7711  gap=3.039 eV  best=4.929 eV  top50=0  top10%=1
Cycle   4: GP refit  (13 labelled)
  → SM-7116  gap=2.604 eV  best=4.929 eV  top50=0  top10%=1
Cycle   5: GP refit  (14 labelled)
  → SM-955  gap=7.001 eV  best=7.001 eV  top50=0  top10%=2
Cycle   6: full DKL retrain  (15 labelled)
GP warmup: 20 epochs on initial embeddings
Joint DKL training: 50 epochs
  Epoch 20/50  loss=5.9278
  Epoch 40/50  loss=1.2828
DKL training done in 0.5s
  → SM-7136  gap=9.597 eV  best=9.597 eV  top50=1  top10%=3
Cycle   7: GP refit  (16 labelled)
  → SM-4560  gap=1.626 eV  best=9.597 eV  top50=1  top10%=3
Cycle   8: GP refit  (17 labelled)
  → SM-20451  gap=5.008 eV  best=9.597 eV  top50=1  top10%=4
Cycle   9: GP refit  (18 labelled)
  → SM-265  gap=2.525 eV  best=9.597 eV  top50=1  top10%=4
Cycle  10: GP refit  (19 labelled)
  → SM-874  gap=5.243 eV  best=9.597 eV  top50=1  top10%=5
Cycle  11: full DKL retrain  (20 labelled)
GP warmup: 20 epochs on initial embeddings
Joint DKL training: 50 epochs
  Epoch 20/50  loss=6.0148
  Epoch 40/50  loss=1.7456
DKL training done in 0.6s
  → SM-256  gap=2.577 eV  best=9.597 eV  top50=1  top10%=5
Cycle  12: GP refit  (21 labelled)
  → SM-6115  gap=3.579 eV  best=9.597 eV  top50=1  top10%=5
Cycle  13: GP refit  (22 labelled)
  → SM-6442  gap=8.542 eV  best=9.597 eV  top50=2  top10%=6
Cycle  14: GP refit  (23 labelled)
  → SM-20253  gap=5.285 eV  best=9.597 eV  top50=2  top10%=7
Cycle  15: GP refit  (24 labelled)
  → SM-2411  gap=4.924 eV  best=9.597 eV  top50=2  top10%=8
Cycle  16: full DKL retrain  (25 labelled)
GP warmup: 20 epochs on initial embeddings
Joint DKL training: 50 epochs
  Epoch 20/50  loss=1.8990
  Epoch 40/50  loss=0.5907
DKL training done in 0.5s
  → SM-19332  gap=6.548 eV  best=9.597 eV  top50=2  top10%=9
Cycle  17: GP refit  (26 labelled)
  → SM-4401  gap=0.725 eV  best=9.597 eV  top50=2  top10%=9
Cycle  18: GP refit  (27 labelled)
  → SM-20232  gap=4.135 eV  best=9.597 eV  top50=2  top10%=9
Cycle  19: GP refit  (28 labelled)
  → SM-15657  gap=4.766 eV  best=9.597 eV  top50=2  top10%=10
Cycle  20: GP refit  (29 labelled)
  → SM-1771  gap=2.811 eV  best=9.597 eV  top50=2  top10%=10
Cycle  21: full DKL retrain  (30 labelled)
GP warmup: 20 epochs on initial embeddings
Joint DKL training: 50 epochs
  Epoch 20/50  loss=3.0857
  Epoch 40/50  loss=1.2641
DKL training done in 0.5s
  → SM-19344  gap=4.048 eV  best=9.597 eV  top50=2  top10%=10
Cycle  22: GP refit  (31 labelled)
  → SM-19222  gap=8.028 eV  best=9.597 eV  top50=3  top10%=11
Cycle  23: GP refit  (32 labelled)
  → SM-968  gap=3.768 eV  best=9.597 eV  top50=3  top10%=11
Cycle  24: GP refit  (33 labelled)
  → SM-11095  gap=3.822 eV  best=9.597 eV  top50=3  top10%=11
Cycle  25: GP refit  (34 labelled)
  → SM-9983  gap=0.305 eV  best=9.597 eV  top50=3  top10%=11
Cycle  26: full DKL retrain  (35 labelled)
GP warmup: 20 epochs on initial embeddings
Joint DKL training: 50 epochs
  Epoch 20/50  loss=10.3859
  Epoch 40/50  loss=2.8289
DKL training done in 0.4s
  → SM-19225  gap=8.129 eV  best=9.597 eV  top50=4  top10%=12
Cycle  27: GP refit  (36 labelled)
  → SM-1891  gap=3.504 eV  best=9.597 eV  top50=4  top10%=12
Cycle  28: GP refit  (37 labelled)
  → SM-8745  gap=1.419 eV  best=9.597 eV  top50=4  top10%=12
Cycle  29: GP refit  (38 labelled)
  → SM-3574  gap=4.370 eV  best=9.597 eV  top50=4  top10%=12
Cycle  30: GP refit  (39 labelled)
  → SM-11686  gap=3.701 eV  best=9.597 eV  top50=4  top10%=12
Cycle  31: full DKL retrain  (40 labelled)
GP warmup: 20 epochs on initial embeddings
Joint DKL training: 50 epochs
  Epoch 20/50  loss=2.3703
  Epoch 40/50  loss=1.5067
DKL training done in 0.4s
  → SM-19481  gap=3.185 eV  best=9.597 eV  top50=4  top10%=12
Cycle  32: GP refit  (41 labelled)
  → SM-19329  gap=3.475 eV  best=9.597 eV  top50=4  top10%=12
Cycle  33: GP refit  (42 labelled)
  → SM-960  gap=5.651 eV  best=9.597 eV  top50=4  top10%=13
Cycle  34: GP refit  (43 labelled)
  → SM-19227  gap=8.198 eV  best=9.597 eV  top50=5  top10%=14
Cycle  35: GP refit  (44 labelled)
  → SM-16934  gap=5.092 eV  best=9.597 eV  top50=5  top10%=15
Cycle  36: full DKL retrain  (45 labelled)
GP warmup: 20 epochs on initial embeddings
Joint DKL training: 50 epochs
  Epoch 20/50  loss=1.9208
  Epoch 40/50  loss=1.3741
DKL training done in 0.6s
  → SM-11593  gap=2.568 eV  best=9.597 eV  top50=5  top10%=15
Cycle  37: GP refit  (46 labelled)
  → SM-6004  gap=2.983 eV  best=9.597 eV  top50=5  top10%=15
Cycle  38: GP refit  (47 labelled)
  → SM-19228  gap=9.023 eV  best=9.597 eV  top50=6  top10%=16
Cycle  39: GP refit  (48 labelled)
  → SM-19488  gap=0.061 eV  best=9.597 eV  top50=6  top10%=16
Cycle  40: GP refit  (49 labelled)
  → SM-18308  gap=6.295 eV  best=9.597 eV  top50=6  top10%=17
Cycle  41: full DKL retrain  (50 labelled)
GP warmup: 20 epochs on initial embeddings
Joint DKL training: 50 epochs
  Epoch 20/50  loss=1.9910
  Epoch 40/50  loss=1.6066
DKL training done in 0.5s
  → SM-11631  gap=3.893 eV  best=9.597 eV  top50=6  top10%=17
Cycle  42: GP refit  (51 labelled)
  → SM-7534  gap=1.341 eV  best=9.597 eV  top50=6  top10%=17
Cycle  43: GP refit  (52 labelled)
  → SM-4038  gap=2.731 eV  best=9.597 eV  top50=6  top10%=17
Cycle  44: GP refit  (53 labelled)
  → SM-2396  gap=2.652 eV  best=9.597 eV  top50=6  top10%=17
Cycle  45: GP refit  (54 labelled)
  → SM-16114  gap=0.761 eV  best=9.597 eV  top50=6  top10%=17
Cycle  46: full DKL retrain  (55 labelled)
GP warmup: 20 epochs on initial embeddings
Joint DKL training: 50 epochs
  Epoch 20/50  loss=1.5567
  Epoch 40/50  loss=1.2008
DKL training done in 0.5s
  → SM-19112  gap=7.731 eV  best=9.597 eV  top50=7  top10%=18
Cycle  47: GP refit  (56 labelled)
  → SM-996  gap=4.549 eV  best=9.597 eV  top50=7  top10%=19
Cycle  48: GP refit  (57 labelled)
  → SM-19188  gap=3.856 eV  best=9.597 eV  top50=7  top10%=19
Cycle  49: GP refit  (58 labelled)
  → SM-13728  gap=6.061 eV  best=9.597 eV  top50=7  top10%=20
Cycle  50: GP refit  (59 labelled)
  → SM-135  gap=2.080 eV  best=9.597 eV  top50=7  top10%=20
Cycle  51: full DKL retrain  (60 labelled)
GP warmup: 20 epochs on initial embeddings
Joint DKL training: 50 epochs
  Epoch 20/50  loss=1.4325
  Epoch 40/50  loss=1.0811
DKL training done in 0.5s
  → SM-16304  gap=8.070 eV  best=9.597 eV  top50=8  top10%=21
Cycle  52: GP refit  (61 labelled)
  → SM-6290  gap=3.200 eV  best=9.597 eV  top50=8  top10%=21
Cycle  53: GP refit  (62 labelled)
  → SM-19114  gap=0.715 eV  best=9.597 eV  top50=8  top10%=21
Cycle  54: GP refit  (63 labelled)
  → SM-11674  gap=3.141 eV  best=9.597 eV  top50=8  top10%=21
Cycle  55: GP refit  (64 labelled)
  → SM-16257  gap=6.376 eV  best=9.597 eV  top50=8  top10%=22
Cycle  56: full DKL retrain  (65 labelled)
GP warmup: 20 epochs on initial embeddings
Joint DKL training: 50 epochs
  Epoch 20/50  loss=1.5549
  Epoch 40/50  loss=1.1887
DKL training done in 0.6s
  → SM-19801  gap=3.948 eV  best=9.597 eV  top50=8  top10%=22
Cycle  57: GP refit  (66 labelled)
  → SM-10913  gap=4.086 eV  best=9.597 eV  top50=8  top10%=22
Cycle  58: GP refit  (67 labelled)
  → SM-11175  gap=4.105 eV  best=9.597 eV  top50=8  top10%=22
Cycle  59: GP refit  (68 labelled)
  → SM-9722  gap=3.179 eV  best=9.597 eV  top50=8  top10%=22
Cycle  60: GP refit  (69 labelled)
  → SM-4459  gap=4.140 eV  best=9.597 eV  top50=8  top10%=22
Cycle  61: full DKL retrain  (70 labelled)
GP warmup: 20 epochs on initial embeddings
Joint DKL training: 50 epochs
  Epoch 20/50  loss=1.2664
  Epoch 40/50  loss=0.9135
DKL training done in 0.5s
  → SM-1200  gap=7.089 eV  best=9.597 eV  top50=8  top10%=23
Cycle  62: GP refit  (71 labelled)
  → SM-13739  gap=1.882 eV  best=9.597 eV  top50=8  top10%=23
Cycle  63: GP refit  (72 labelled)
  → SM-19116  gap=2.161 eV  best=9.597 eV  top50=8  top10%=23
Cycle  64: GP refit  (73 labelled)
  → SM-9877  gap=3.407 eV  best=9.597 eV  top50=8  top10%=23
Cycle  65: GP refit  (74 labelled)
  → SM-3831  gap=0.582 eV  best=9.597 eV  top50=8  top10%=23
Cycle  66: full DKL retrain  (75 labelled)
GP warmup: 20 epochs on initial embeddings
Joint DKL training: 50 epochs
  Epoch 20/50  loss=1.8611
  Epoch 40/50  loss=1.6088
DKL training done in 0.5s
  → SM-1967  gap=3.347 eV  best=9.597 eV  top50=8  top10%=23
Cycle  67: GP refit  (76 labelled)
  → SM-19498  gap=4.814 eV  best=9.597 eV  top50=8  top10%=24
Cycle  68: GP refit  (77 labelled)
  → SM-20231  gap=0.113 eV  best=9.597 eV  top50=8  top10%=24
Cycle  69: GP refit  (78 labelled)
  → SM-19966  gap=1.530 eV  best=9.597 eV  top50=8  top10%=24
Cycle  70: GP refit  (79 labelled)
  → SM-19104  gap=4.708 eV  best=9.597 eV  top50=8  top10%=25
Cycle  71: full DKL retrain  (80 labelled)
GP warmup: 20 epochs on initial embeddings
Joint DKL training: 50 epochs
  Epoch 20/50  loss=1.8944
  Epoch 40/50  loss=1.6474
DKL training done in 0.5s
  → SM-20107  gap=3.013 eV  best=9.597 eV  top50=8  top10%=25
Cycle  72: GP refit  (81 labelled)
  → SM-10249  gap=3.192 eV  best=9.597 eV  top50=8  top10%=25
Cycle  73: GP refit  (82 labelled)
  → SM-5003  gap=19.720 eV  best=19.720 eV  top50=9  top10%=26
Cycle  74: GP refit  (83 labelled)
  → SM-16813  gap=4.363 eV  best=19.720 eV  top50=9  top10%=26
Cycle  75: GP refit  (84 labelled)
  → SM-14179  gap=5.683 eV  best=19.720 eV  top50=9  top10%=27
Cycle  76: full DKL retrain  (85 labelled)
GP warmup: 20 epochs on initial embeddings
Joint DKL training: 50 epochs
  Epoch 20/50  loss=2.0744
  Epoch 40/50  loss=1.8567
DKL training done in 0.6s
  → SM-1276  gap=4.556 eV  best=19.720 eV  top50=9  top10%=28
Cycle  77: GP refit  (86 labelled)
  → SM-4669  gap=3.441 eV  best=19.720 eV  top50=9  top10%=28
Cycle  78: GP refit  (87 labelled)
  → SM-19424  gap=4.172 eV  best=19.720 eV  top50=9  top10%=28
Cycle  79: GP refit  (88 labelled)
  → SM-17334  gap=1.905 eV  best=19.720 eV  top50=9  top10%=28
Cycle  80: GP refit  (89 labelled)
  → SM-3955  gap=6.861 eV  best=19.720 eV  top50=9  top10%=29
Cycle  81: full DKL retrain  (90 labelled)
GP warmup: 20 epochs on initial embeddings
Joint DKL training: 50 epochs
  Epoch 20/50  loss=1.5471
  Epoch 40/50  loss=1.1793
DKL training done in 0.5s
  → SM-15718  gap=3.381 eV  best=19.720 eV  top50=9  top10%=29
Cycle  82: GP refit  (91 labelled)
  → SM-4259  gap=3.068 eV  best=19.720 eV  top50=9  top10%=29
Cycle  83: GP refit  (92 labelled)
  → SM-13802  gap=6.641 eV  best=19.720 eV  top50=9  top10%=30
Cycle  84: GP refit  (93 labelled)
  → SM-19109  gap=2.690 eV  best=19.720 eV  top50=9  top10%=30
Cycle  85: GP refit  (94 labelled)
  → SM-13732  gap=4.403 eV  best=19.720 eV  top50=9  top10%=30
Cycle  86: full DKL retrain  (95 labelled)
GP warmup: 20 epochs on initial embeddings
Joint DKL training: 50 epochs
  Epoch 20/50  loss=2.8022
  Epoch 40/50  loss=2.0383
DKL training done in 0.6s
  → SM-3983  gap=0.473 eV  best=19.720 eV  top50=9  top10%=30
Cycle  87: GP refit  (96 labelled)
  → SM-15333  gap=3.746 eV  best=19.720 eV  top50=9  top10%=30
Cycle  88: GP refit  (97 labelled)
  → SM-15439  gap=4.756 eV  best=19.720 eV  top50=9  top10%=31
Cycle  89: GP refit  (98 labelled)
  → SM-2348  gap=4.345 eV  best=19.720 eV  top50=9  top10%=31
Cycle  90: GP refit  (99 labelled)
  → SM-14531  gap=0.551 eV  best=19.720 eV  top50=9  top10%=31
Cycle  91: full DKL retrain  (100 labelled)
GP warmup: 20 epochs on initial embeddings
Joint DKL training: 50 epochs
  Epoch 20/50  loss=1.4894
  Epoch 40/50  loss=1.0541
DKL training done in 0.4s
  → SM-268  gap=3.380 eV  best=19.720 eV  top50=9  top10%=31
Cycle  92: GP refit  (101 labelled)
  → SM-8950  gap=3.327 eV  best=19.720 eV  top50=9  top10%=31
Cycle  93: GP refit  (102 labelled)
  → SM-3507  gap=2.390 eV  best=19.720 eV  top50=9  top10%=31
Cycle  94: GP refit  (103 labelled)
  → SM-10681  gap=2.588 eV  best=19.720 eV  top50=9  top10%=31
Cycle  95: GP refit  (104 labelled)
  → SM-20105  gap=1.692 eV  best=19.720 eV  top50=9  top10%=31
Cycle  96: full DKL retrain  (105 labelled)
GP warmup: 20 epochs on initial embeddings
Joint DKL training: 50 epochs
  Epoch 20/50  loss=1.3250
  Epoch 40/50  loss=0.8300
DKL training done in 0.6s
  → SM-10685  gap=1.935 eV  best=19.720 eV  top50=9  top10%=31
Cycle  97: GP refit  (106 labelled)
  → SM-10686  gap=2.250 eV  best=19.720 eV  top50=9  top10%=31
Cycle  98: GP refit  (107 labelled)
  → SM-10689  gap=1.508 eV  best=19.720 eV  top50=9  top10%=31
Cycle  99: GP refit  (108 labelled)
  → SM-2125  gap=2.520 eV  best=19.720 eV  top50=9  top10%=31
Cycle 100: GP refit  (109 labelled)
  → SM-13831  gap=2.871 eV  best=19.720 eV  top50=9  top10%=31
  gap_max/seed5 → best=19.720 top50=9 top10%=31
BOLoop: 3131 materials  |  direction=max  |  top-50 internal threshold=7.50  top-10% internal threshold=4.43
Init: 10 random labels  |  best (max) = 5.106
Cycle   1: full DKL retrain  (10 labelled)
GP warmup: 20 epochs on initial embeddings
/home/roy/software/anaconda3/lib/python3.13/site-packages/torch/_compile.py:32: UserWarning: optimizer contains a parameter group with duplicate parameters; in future, this will cause an error; see github.com/pytorch/pytorch/issues/40967 for more information
  return disable_fn(*args, **kwargs)
Joint DKL training: 50 epochs
  Epoch 20/50  loss=1.6664
  Epoch 40/50  loss=1.5640
DKL training done in 0.5s
  → SM-19123  gap=3.073 eV  best=5.106 eV  top50=0  top10%=0
Cycle   2: GP refit  (11 labelled)
  → SM-17246  gap=3.396 eV  best=5.106 eV  top50=0  top10%=0
Cycle   3: GP refit  (12 labelled)
  → SM-18574  gap=1.621 eV  best=5.106 eV  top50=0  top10%=0
Cycle   4: GP refit  (13 labelled)
  → SM-20332  gap=8.573 eV  best=8.573 eV  top50=1  top10%=1
Cycle   5: GP refit  (14 labelled)
  → SM-12159  gap=3.625 eV  best=8.573 eV  top50=1  top10%=1
Cycle   6: full DKL retrain  (15 labelled)
GP warmup: 20 epochs on initial embeddings
Joint DKL training: 50 epochs
  Epoch 20/50  loss=1.9541
  Epoch 40/50  loss=1.8045
DKL training done in 0.5s
  → SM-3970  gap=2.362 eV  best=8.573 eV  top50=1  top10%=1
Cycle   7: GP refit  (16 labelled)
  → SM-2527  gap=4.401 eV  best=8.573 eV  top50=1  top10%=1
Cycle   8: GP refit  (17 labelled)
  → SM-19228  gap=9.023 eV  best=9.023 eV  top50=2  top10%=2
Cycle   9: GP refit  (18 labelled)
  → SM-15538  gap=0.606 eV  best=9.023 eV  top50=2  top10%=2
Cycle  10: GP refit  (19 labelled)
  → SM-5003  gap=19.720 eV  best=19.720 eV  top50=3  top10%=3
Cycle  11: full DKL retrain  (20 labelled)
GP warmup: 20 epochs on initial embeddings
Joint DKL training: 50 epochs
  Epoch 20/50  loss=2.8752
  Epoch 40/50  loss=2.5991
DKL training done in 0.5s
  → SM-19488  gap=0.061 eV  best=19.720 eV  top50=3  top10%=3
Cycle  12: GP refit  (21 labelled)
  → SM-19112  gap=7.731 eV  best=19.720 eV  top50=4  top10%=4
Cycle  13: GP refit  (22 labelled)
  → SM-1083  gap=6.710 eV  best=19.720 eV  top50=4  top10%=5
Cycle  14: GP refit  (23 labelled)
  → SM-19709  gap=2.756 eV  best=19.720 eV  top50=4  top10%=5
Cycle  15: GP refit  (24 labelled)
  → SM-19485  gap=0.019 eV  best=19.720 eV  top50=4  top10%=5
Cycle  16: full DKL retrain  (25 labelled)
GP warmup: 20 epochs on initial embeddings
Joint DKL training: 50 epochs
  Epoch 20/50  loss=2.3122
  Epoch 40/50  loss=2.1753
DKL training done in 0.4s
  → SM-135  gap=2.080 eV  best=19.720 eV  top50=4  top10%=5
Cycle  17: GP refit  (26 labelled)
  → SM-16487  gap=2.948 eV  best=19.720 eV  top50=4  top10%=5
Cycle  18: GP refit  (27 labelled)
  → SM-20222  gap=2.080 eV  best=19.720 eV  top50=4  top10%=5
Cycle  19: GP refit  (28 labelled)
  → SM-19165  gap=8.884 eV  best=19.720 eV  top50=5  top10%=6
Cycle  20: GP refit  (29 labelled)
  → SM-19163  gap=9.310 eV  best=19.720 eV  top50=6  top10%=7
Cycle  21: full DKL retrain  (30 labelled)
GP warmup: 20 epochs on initial embeddings
Joint DKL training: 50 epochs
  Epoch 20/50  loss=2.2478
  Epoch 40/50  loss=2.0804
DKL training done in 0.4s
  → SM-3842  gap=1.019 eV  best=19.720 eV  top50=6  top10%=7
Cycle  22: GP refit  (31 labelled)
  → SM-19816  gap=4.433 eV  best=19.720 eV  top50=6  top10%=8
Cycle  23: GP refit  (32 labelled)
  → SM-3955  gap=6.861 eV  best=19.720 eV  top50=6  top10%=9
Cycle  24: GP refit  (33 labelled)
  → SM-6542  gap=6.834 eV  best=19.720 eV  top50=6  top10%=10
Cycle  25: GP refit  (34 labelled)
  → SM-19498  gap=4.814 eV  best=19.720 eV  top50=6  top10%=11
Cycle  26: full DKL retrain  (35 labelled)
GP warmup: 20 epochs on initial embeddings
Joint DKL training: 50 epochs
  Epoch 20/50  loss=2.0964
  Epoch 40/50  loss=1.9606
DKL training done in 0.5s
  → SM-6239  gap=0.740 eV  best=19.720 eV  top50=6  top10%=11
Cycle  27: GP refit  (36 labelled)
  → SM-3951  gap=6.774 eV  best=19.720 eV  top50=6  top10%=12
Cycle  28: GP refit  (37 labelled)
  → SM-14145  gap=7.408 eV  best=19.720 eV  top50=6  top10%=13
Cycle  29: GP refit  (38 labelled)
  → SM-6115  gap=3.579 eV  best=19.720 eV  top50=6  top10%=13
Cycle  30: GP refit  (39 labelled)
  → SM-14179  gap=5.683 eV  best=19.720 eV  top50=6  top10%=14
Cycle  31: full DKL retrain  (40 labelled)
GP warmup: 20 epochs on initial embeddings
Joint DKL training: 50 epochs
  Epoch 20/50  loss=1.7657
  Epoch 40/50  loss=1.5966
DKL training done in 0.5s
  → SM-5002  gap=20.302 eV  best=20.302 eV  top50=7  top10%=15
Cycle  32: GP refit  (41 labelled)
  → SM-5126  gap=0.516 eV  best=20.302 eV  top50=7  top10%=15
Cycle  33: GP refit  (42 labelled)
  → SM-19770  gap=7.587 eV  best=20.302 eV  top50=8  top10%=16
Cycle  34: GP refit  (43 labelled)
  → SM-20549  gap=3.040 eV  best=20.302 eV  top50=8  top10%=16
Cycle  35: GP refit  (44 labelled)
  → SM-4883  gap=3.945 eV  best=20.302 eV  top50=8  top10%=16
Cycle  36: full DKL retrain  (45 labelled)
GP warmup: 20 epochs on initial embeddings
Joint DKL training: 50 epochs
  Epoch 20/50  loss=1.9142
  Epoch 40/50  loss=1.6794
DKL training done in 0.5s
  → SM-3507  gap=2.390 eV  best=20.302 eV  top50=8  top10%=16
Cycle  37: GP refit  (46 labelled)
  → SM-20105  gap=1.692 eV  best=20.302 eV  top50=8  top10%=16
Cycle  38: GP refit  (47 labelled)
  → SM-10685  gap=1.935 eV  best=20.302 eV  top50=8  top10%=16
Cycle  39: GP refit  (48 labelled)
  → SM-10686  gap=2.250 eV  best=20.302 eV  top50=8  top10%=16
Cycle  40: GP refit  (49 labelled)
  → SM-10689  gap=1.508 eV  best=20.302 eV  top50=8  top10%=16
Cycle  41: full DKL retrain  (50 labelled)
GP warmup: 20 epochs on initial embeddings
Joint DKL training: 50 epochs
  Epoch 20/50  loss=1.7880
  Epoch 40/50  loss=1.3558
DKL training done in 0.5s
  → SM-2125  gap=2.520 eV  best=20.302 eV  top50=8  top10%=16
Cycle  42: GP refit  (51 labelled)
  → SM-10691  gap=2.235 eV  best=20.302 eV  top50=8  top10%=16
Cycle  43: GP refit  (52 labelled)
  → SM-10692  gap=2.348 eV  best=20.302 eV  top50=8  top10%=16
Cycle  44: GP refit  (53 labelled)
  → SM-10693  gap=2.327 eV  best=20.302 eV  top50=8  top10%=16
Cycle  45: GP refit  (54 labelled)
  → SM-10694  gap=2.065 eV  best=20.302 eV  top50=8  top10%=16
Cycle  46: full DKL retrain  (55 labelled)
GP warmup: 20 epochs on initial embeddings
Joint DKL training: 50 epochs
  Epoch 20/50  loss=1.4798
  Epoch 40/50  loss=1.1787
DKL training done in 0.4s
  → SM-10695  gap=2.136 eV  best=20.302 eV  top50=8  top10%=16
Cycle  47: GP refit  (56 labelled)
  → SM-10696  gap=1.430 eV  best=20.302 eV  top50=8  top10%=16
Cycle  48: GP refit  (57 labelled)
  → SM-16985  gap=0.237 eV  best=20.302 eV  top50=8  top10%=16
Cycle  49: GP refit  (58 labelled)
  → SM-20107  gap=3.013 eV  best=20.302 eV  top50=8  top10%=16
Cycle  50: GP refit  (59 labelled)
  → SM-2127  gap=2.450 eV  best=20.302 eV  top50=8  top10%=16
Cycle  51: full DKL retrain  (60 labelled)
GP warmup: 20 epochs on initial embeddings
Joint DKL training: 50 epochs
  Epoch 20/50  loss=1.0552
  Epoch 40/50  loss=0.8561
DKL training done in 0.4s
  → SM-13579  gap=1.013 eV  best=20.302 eV  top50=8  top10%=16
Cycle  52: GP refit  (61 labelled)
  → SM-10706  gap=1.068 eV  best=20.302 eV  top50=8  top10%=16
Cycle  53: GP refit  (62 labelled)
  → SM-16994  gap=4.042 eV  best=20.302 eV  top50=8  top10%=16
Cycle  54: GP refit  (63 labelled)
  → SM-16995  gap=3.951 eV  best=20.302 eV  top50=8  top10%=16
Cycle  55: GP refit  (64 labelled)
  → SM-19552  gap=4.908 eV  best=20.302 eV  top50=8  top10%=17
Cycle  56: full DKL retrain  (65 labelled)
GP warmup: 20 epochs on initial embeddings
Joint DKL training: 50 epochs
  Epoch 20/50  loss=1.0674
  Epoch 40/50  loss=0.8682
DKL training done in 0.5s
  → SM-993  gap=5.201 eV  best=20.302 eV  top50=8  top10%=18
Cycle  57: GP refit  (66 labelled)
  → SM-16996  gap=3.050 eV  best=20.302 eV  top50=8  top10%=18
Cycle  58: GP refit  (67 labelled)
  → SM-4895  gap=2.544 eV  best=20.302 eV  top50=8  top10%=18
Cycle  59: GP refit  (68 labelled)
  → SM-10709  gap=3.827 eV  best=20.302 eV  top50=8  top10%=18
Cycle  60: GP refit  (69 labelled)
  → SM-3942  gap=4.286 eV  best=20.302 eV  top50=8  top10%=18
Cycle  61: full DKL retrain  (70 labelled)
GP warmup: 20 epochs on initial embeddings
Joint DKL training: 50 epochs
  Epoch 20/50  loss=1.0566
  Epoch 40/50  loss=0.8611
DKL training done in 0.4s
  → SM-1753  gap=0.022 eV  best=20.302 eV  top50=8  top10%=18
Cycle  62: GP refit  (71 labelled)
  → SM-6713  gap=0.192 eV  best=20.302 eV  top50=8  top10%=18
Cycle  63: GP refit  (72 labelled)
  → SM-256  gap=2.577 eV  best=20.302 eV  top50=8  top10%=18
Cycle  64: GP refit  (73 labelled)
  → SM-17806  gap=3.372 eV  best=20.302 eV  top50=8  top10%=18
Cycle  65: GP refit  (74 labelled)
  → SM-18465  gap=4.334 eV  best=20.302 eV  top50=8  top10%=18
Cycle  66: full DKL retrain  (75 labelled)
GP warmup: 20 epochs on initial embeddings
Joint DKL training: 50 epochs
  Epoch 20/50  loss=0.8710
  Epoch 40/50  loss=0.7035
DKL training done in 0.5s
  → SM-3771  gap=2.183 eV  best=20.302 eV  top50=8  top10%=18
Cycle  67: GP refit  (76 labelled)
  → SM-2411  gap=4.924 eV  best=20.302 eV  top50=8  top10%=19
Cycle  68: GP refit  (77 labelled)
  → SM-588  gap=1.824 eV  best=20.302 eV  top50=8  top10%=19
Cycle  69: GP refit  (78 labelled)
  → SM-17809  gap=0.021 eV  best=20.302 eV  top50=8  top10%=19
Cycle  70: GP refit  (79 labelled)
  → SM-15062  gap=1.575 eV  best=20.302 eV  top50=8  top10%=19
Cycle  71: full DKL retrain  (80 labelled)
GP warmup: 20 epochs on initial embeddings
Joint DKL training: 50 epochs
  Epoch 20/50  loss=0.7891
  Epoch 40/50  loss=0.5941
DKL training done in 0.4s
  → SM-17004  gap=4.404 eV  best=20.302 eV  top50=8  top10%=19
Cycle  72: GP refit  (81 labelled)
  → SM-10717  gap=4.439 eV  best=20.302 eV  top50=8  top10%=20
Cycle  73: GP refit  (82 labelled)
  → SM-17810  gap=2.749 eV  best=20.302 eV  top50=8  top10%=20
Cycle  74: GP refit  (83 labelled)
  → SM-10718  gap=2.313 eV  best=20.302 eV  top50=8  top10%=20
Cycle  75: GP refit  (84 labelled)
  → SM-17007  gap=2.052 eV  best=20.302 eV  top50=8  top10%=20
Cycle  76: full DKL retrain  (85 labelled)
GP warmup: 20 epochs on initial embeddings
Joint DKL training: 50 epochs
  Epoch 20/50  loss=0.6834
  Epoch 40/50  loss=0.5186
DKL training done in 0.5s
  → SM-17008  gap=3.746 eV  best=20.302 eV  top50=8  top10%=20
Cycle  77: GP refit  (86 labelled)
  → SM-10722  gap=2.491 eV  best=20.302 eV  top50=8  top10%=20
Cycle  78: GP refit  (87 labelled)
  → SM-17009  gap=3.754 eV  best=20.302 eV  top50=8  top10%=20
Cycle  79: GP refit  (88 labelled)
  → SM-17010  gap=1.282 eV  best=20.302 eV  top50=8  top10%=20
Cycle  80: GP refit  (89 labelled)
  → SM-15823  gap=1.399 eV  best=20.302 eV  top50=8  top10%=20
Cycle  81: full DKL retrain  (90 labelled)
GP warmup: 20 epochs on initial embeddings
Joint DKL training: 50 epochs
  Epoch 20/50  loss=0.7267
  Epoch 40/50  loss=0.5431
DKL training done in 0.6s
  → SM-10730  gap=2.780 eV  best=20.302 eV  top50=8  top10%=20
Cycle  82: GP refit  (91 labelled)
  → SM-2128  gap=2.811 eV  best=20.302 eV  top50=8  top10%=20
Cycle  83: GP refit  (92 labelled)
  → SM-1771  gap=2.811 eV  best=20.302 eV  top50=8  top10%=20
Cycle  84: GP refit  (93 labelled)
  → SM-10731  gap=2.312 eV  best=20.302 eV  top50=8  top10%=20
Cycle  85: GP refit  (94 labelled)
  → SM-13583  gap=2.040 eV  best=20.302 eV  top50=8  top10%=20
Cycle  86: full DKL retrain  (95 labelled)
GP warmup: 20 epochs on initial embeddings
Joint DKL training: 50 epochs
  Epoch 20/50  loss=0.2802
  Epoch 40/50  loss=0.0976
DKL training done in 0.4s
  → SM-10732  gap=2.138 eV  best=20.302 eV  top50=8  top10%=20
Cycle  87: GP refit  (96 labelled)
  → SM-12950  gap=1.751 eV  best=20.302 eV  top50=8  top10%=20
Cycle  88: GP refit  (97 labelled)
  → SM-2274  gap=3.719 eV  best=20.302 eV  top50=8  top10%=20
Cycle  89: GP refit  (98 labelled)
  → SM-2129  gap=2.897 eV  best=20.302 eV  top50=8  top10%=20
Cycle  90: GP refit  (99 labelled)
  → SM-1772  gap=3.338 eV  best=20.302 eV  top50=8  top10%=20
Cycle  91: full DKL retrain  (100 labelled)
GP warmup: 20 epochs on initial embeddings
Joint DKL training: 50 epochs
  Epoch 20/50  loss=0.0924
  Epoch 40/50  loss=-0.0630
DKL training done in 0.5s
  → SM-2130  gap=2.949 eV  best=20.302 eV  top50=8  top10%=20
Cycle  92: GP refit  (101 labelled)
  → SM-4853  gap=2.241 eV  best=20.302 eV  top50=8  top10%=20
Cycle  93: GP refit  (102 labelled)
  → SM-17014  gap=2.256 eV  best=20.302 eV  top50=8  top10%=20
Cycle  94: GP refit  (103 labelled)
  → SM-10733  gap=2.936 eV  best=20.302 eV  top50=8  top10%=20
Cycle  95: GP refit  (104 labelled)
  → SM-15953  gap=0.646 eV  best=20.302 eV  top50=8  top10%=20
Cycle  96: full DKL retrain  (105 labelled)
GP warmup: 20 epochs on initial embeddings
Joint DKL training: 50 epochs
  Epoch 20/50  loss=0.3894
  Epoch 40/50  loss=0.1011
DKL training done in 0.5s
  → SM-4884  gap=1.653 eV  best=20.302 eV  top50=8  top10%=20
Cycle  97: GP refit  (106 labelled)
  → SM-10735  gap=1.390 eV  best=20.302 eV  top50=8  top10%=20
Cycle  98: GP refit  (107 labelled)
  → SM-18959  gap=2.888 eV  best=20.302 eV  top50=8  top10%=20
Cycle  99: GP refit  (108 labelled)
  → SM-20112  gap=2.638 eV  best=20.302 eV  top50=8  top10%=20
Cycle 100: GP refit  (109 labelled)
  → SM-10741  gap=1.844 eV  best=20.302 eV  top50=8  top10%=20
  gap_max/seed6 → best=20.302 top50=8 top10%=20
BOLoop: 3131 materials  |  direction=max  |  top-50 internal threshold=7.50  top-10% internal threshold=4.43
Init: 10 random labels  |  best (max) = 6.964
Cycle   1: full DKL retrain  (10 labelled)
GP warmup: 20 epochs on initial embeddings
/home/roy/software/anaconda3/lib/python3.13/site-packages/torch/_compile.py:32: UserWarning: optimizer contains a parameter group with duplicate parameters; in future, this will cause an error; see github.com/pytorch/pytorch/issues/40967 for more information
  return disable_fn(*args, **kwargs)
Joint DKL training: 50 epochs
  Epoch 20/50  loss=2.2899
  Epoch 40/50  loss=2.1397
DKL training done in 0.5s
  → SM-16350  gap=6.996 eV  best=6.996 eV  top50=0  top10%=1
Cycle   2: GP refit  (11 labelled)
  → SM-14184  gap=5.042 eV  best=6.996 eV  top50=0  top10%=2
Cycle   3: GP refit  (12 labelled)
  → SM-16309  gap=5.736 eV  best=6.996 eV  top50=0  top10%=3
Cycle   4: GP refit  (13 labelled)
  → SM-3857  gap=3.402 eV  best=6.996 eV  top50=0  top10%=3
Cycle   5: GP refit  (14 labelled)
  → SM-13837  gap=5.623 eV  best=6.996 eV  top50=0  top10%=4
Cycle   6: full DKL retrain  (15 labelled)
GP warmup: 20 epochs on initial embeddings
Joint DKL training: 50 epochs
  Epoch 20/50  loss=1.4735
  Epoch 40/50  loss=1.2829
DKL training done in 0.6s
  → SM-2581  gap=4.121 eV  best=6.996 eV  top50=0  top10%=4
Cycle   7: GP refit  (16 labelled)
  → SM-12156  gap=2.545 eV  best=6.996 eV  top50=0  top10%=4
Cycle   8: GP refit  (17 labelled)
  → SM-12159  gap=3.625 eV  best=6.996 eV  top50=0  top10%=4
Cycle   9: GP refit  (18 labelled)
  → SM-2265  gap=2.390 eV  best=6.996 eV  top50=0  top10%=4
Cycle  10: GP refit  (19 labelled)
  → SM-19225  gap=8.129 eV  best=8.129 eV  top50=1  top10%=5
Cycle  11: full DKL retrain  (20 labelled)
GP warmup: 20 epochs on initial embeddings
Joint DKL training: 50 epochs
  Epoch 20/50  loss=1.1217
  Epoch 40/50  loss=0.8967
DKL training done in 0.5s
  → SM-13185  gap=3.251 eV  best=8.129 eV  top50=1  top10%=5
Cycle  12: GP refit  (21 labelled)
  → SM-15990  gap=4.107 eV  best=8.129 eV  top50=1  top10%=5
Cycle  13: GP refit  (22 labelled)
  → SM-4424  gap=1.221 eV  best=8.129 eV  top50=1  top10%=5
Cycle  14: GP refit  (23 labelled)
  → SM-3744  gap=3.256 eV  best=8.129 eV  top50=1  top10%=5
Cycle  15: GP refit  (24 labelled)
  → SM-12527  gap=4.539 eV  best=8.129 eV  top50=1  top10%=6
Cycle  16: full DKL retrain  (25 labelled)
GP warmup: 20 epochs on initial embeddings
Joint DKL training: 50 epochs
  Epoch 20/50  loss=1.5075
  Epoch 40/50  loss=0.8734
DKL training done in 0.5s
  → SM-19227  gap=8.198 eV  best=8.198 eV  top50=2  top10%=7
Cycle  17: GP refit  (26 labelled)
  → SM-15065  gap=6.743 eV  best=8.198 eV  top50=2  top10%=8
Cycle  18: GP refit  (27 labelled)
  → SM-6551  gap=4.554 eV  best=8.198 eV  top50=2  top10%=9
Cycle  19: GP refit  (28 labelled)
  → SM-8025  gap=2.788 eV  best=8.198 eV  top50=2  top10%=9
Cycle  20: GP refit  (29 labelled)
  → SM-4430  gap=1.240 eV  best=8.198 eV  top50=2  top10%=9
Cycle  21: full DKL retrain  (30 labelled)
GP warmup: 20 epochs on initial embeddings
Joint DKL training: 50 epochs
  Epoch 20/50  loss=1.8596
  Epoch 40/50  loss=0.6233
DKL training done in 0.3s
  → SM-19481  gap=3.185 eV  best=8.198 eV  top50=2  top10%=9
Cycle  22: GP refit  (31 labelled)
  → SM-15028  gap=5.376 eV  best=8.198 eV  top50=2  top10%=10
Cycle  23: GP refit  (32 labelled)
  → SM-16836  gap=2.694 eV  best=8.198 eV  top50=2  top10%=10
Cycle  24: GP refit  (33 labelled)
  → SM-4054  gap=0.343 eV  best=8.198 eV  top50=2  top10%=10
Cycle  25: GP refit  (34 labelled)
  → SM-3574  gap=4.370 eV  best=8.198 eV  top50=2  top10%=10
Cycle  26: full DKL retrain  (35 labelled)
GP warmup: 20 epochs on initial embeddings
Joint DKL training: 50 epochs
  Epoch 20/50  loss=2.6058
  Epoch 40/50  loss=1.2587
DKL training done in 0.4s
  → SM-13454  gap=3.460 eV  best=8.198 eV  top50=2  top10%=10
Cycle  27: GP refit  (36 labelled)
  → SM-16296  gap=4.889 eV  best=8.198 eV  top50=2  top10%=11
Cycle  28: GP refit  (37 labelled)
  → SM-17673  gap=3.825 eV  best=8.198 eV  top50=2  top10%=11
Cycle  29: GP refit  (38 labelled)
  → SM-19487  gap=0.024 eV  best=8.198 eV  top50=2  top10%=11
Cycle  30: GP refit  (39 labelled)
  → SM-12081  gap=3.697 eV  best=8.198 eV  top50=2  top10%=11
Cycle  31: full DKL retrain  (40 labelled)
GP warmup: 20 epochs on initial embeddings
Joint DKL training: 50 epochs
  Epoch 20/50  loss=11.5317
  Epoch 40/50  loss=2.4565
DKL training done in 0.4s
  → SM-12354  gap=3.947 eV  best=8.198 eV  top50=2  top10%=11
Cycle  32: GP refit  (41 labelled)
  → SM-3942  gap=4.286 eV  best=8.198 eV  top50=2  top10%=11
Cycle  33: GP refit  (42 labelled)
  → SM-20226  gap=0.057 eV  best=8.198 eV  top50=2  top10%=11
Cycle  34: GP refit  (43 labelled)
  → SM-15846  gap=1.742 eV  best=8.198 eV  top50=2  top10%=11
Cycle  35: GP refit  (44 labelled)
  → SM-8033  gap=1.980 eV  best=8.198 eV  top50=2  top10%=11
Cycle  36: full DKL retrain  (45 labelled)
GP warmup: 20 epochs on initial embeddings
Joint DKL training: 50 epochs
  Epoch 20/50  loss=2.5914
  Epoch 40/50  loss=1.6219
DKL training done in 0.4s
  → SM-15033  gap=5.151 eV  best=8.198 eV  top50=2  top10%=12
Cycle  37: GP refit  (46 labelled)
  → SM-20377  gap=4.244 eV  best=8.198 eV  top50=2  top10%=12
Cycle  38: GP refit  (47 labelled)
  → SM-19011  gap=3.814 eV  best=8.198 eV  top50=2  top10%=12
Cycle  39: GP refit  (48 labelled)
  → SM-15641  gap=4.121 eV  best=8.198 eV  top50=2  top10%=12
Cycle  40: GP refit  (49 labelled)
  → SM-19488  gap=0.061 eV  best=8.198 eV  top50=2  top10%=12
Cycle  41: full DKL retrain  (50 labelled)
GP warmup: 20 epochs on initial embeddings
Joint DKL training: 50 epochs
  Epoch 20/50  loss=1.8280
  Epoch 40/50  loss=1.5089
DKL training done in 0.6s
  → SM-11620  gap=3.041 eV  best=8.198 eV  top50=2  top10%=12
Cycle  42: GP refit  (51 labelled)
  → SM-16125  gap=3.026 eV  best=8.198 eV  top50=2  top10%=12
Cycle  43: GP refit  (52 labelled)
  → SM-5003  gap=19.720 eV  best=19.720 eV  top50=3  top10%=13
Cycle  44: GP refit  (53 labelled)
  → SM-1276  gap=4.556 eV  best=19.720 eV  top50=3  top10%=14
Cycle  45: GP refit  (54 labelled)
  → SM-159  gap=5.294 eV  best=19.720 eV  top50=3  top10%=15
Cycle  46: full DKL retrain  (55 labelled)
GP warmup: 20 epochs on initial embeddings
Joint DKL training: 50 epochs
  Epoch 20/50  loss=2.2053
  Epoch 40/50  loss=2.0038
DKL training done in 0.5s
  → SM-256  gap=2.577 eV  best=19.720 eV  top50=3  top10%=15
Cycle  47: GP refit  (56 labelled)
  → SM-7534  gap=1.341 eV  best=19.720 eV  top50=3  top10%=15
Cycle  48: GP refit  (57 labelled)
  → SM-3970  gap=2.362 eV  best=19.720 eV  top50=3  top10%=15
Cycle  49: GP refit  (58 labelled)
  → SM-19112  gap=7.731 eV  best=19.720 eV  top50=4  top10%=16
Cycle  50: GP refit  (59 labelled)
  → SM-18840  gap=3.594 eV  best=19.720 eV  top50=4  top10%=16
Cycle  51: full DKL retrain  (60 labelled)
GP warmup: 20 epochs on initial embeddings
Joint DKL training: 50 epochs
  Epoch 20/50  loss=1.4920
  Epoch 40/50  loss=1.1459
DKL training done in 0.5s
  → SM-19228  gap=9.023 eV  best=19.720 eV  top50=5  top10%=17
Cycle  52: GP refit  (61 labelled)
  → SM-6115  gap=3.579 eV  best=19.720 eV  top50=5  top10%=17
Cycle  53: GP refit  (62 labelled)
  → SM-19709  gap=2.756 eV  best=19.720 eV  top50=5  top10%=17
Cycle  54: GP refit  (63 labelled)
  → SM-3955  gap=6.861 eV  best=19.720 eV  top50=5  top10%=18
Cycle  55: GP refit  (64 labelled)
  → SM-3507  gap=2.390 eV  best=19.720 eV  top50=5  top10%=18
Cycle  56: full DKL retrain  (65 labelled)
GP warmup: 20 epochs on initial embeddings
Joint DKL training: 50 epochs
  Epoch 20/50  loss=1.6827
  Epoch 40/50  loss=1.2336
DKL training done in 0.4s
  → SM-5002  gap=20.302 eV  best=20.302 eV  top50=6  top10%=19
Cycle  57: GP refit  (66 labelled)
  → SM-960  gap=5.651 eV  best=20.302 eV  top50=6  top10%=20
Cycle  58: GP refit  (67 labelled)
  → SM-3842  gap=1.019 eV  best=20.302 eV  top50=6  top10%=20
Cycle  59: GP refit  (68 labelled)
  → SM-4038  gap=2.731 eV  best=20.302 eV  top50=6  top10%=20
Cycle  60: GP refit  (69 labelled)
  → SM-19557  gap=2.570 eV  best=20.302 eV  top50=6  top10%=20
Cycle  61: full DKL retrain  (70 labelled)
GP warmup: 20 epochs on initial embeddings
Joint DKL training: 50 epochs
  Epoch 20/50  loss=1.0946
  Epoch 40/50  loss=0.6723
DKL training done in 0.5s
  → SM-10681  gap=2.588 eV  best=20.302 eV  top50=6  top10%=20
Cycle  62: GP refit  (71 labelled)
  → SM-7178  gap=0.579 eV  best=20.302 eV  top50=6  top10%=20
Cycle  63: GP refit  (72 labelled)
  → SM-20105  gap=1.692 eV  best=20.302 eV  top50=6  top10%=20
Cycle  64: GP refit  (73 labelled)
  → SM-13802  gap=6.641 eV  best=20.302 eV  top50=6  top10%=21
Cycle  65: GP refit  (74 labelled)
  → SM-996  gap=4.549 eV  best=20.302 eV  top50=6  top10%=22
Cycle  66: full DKL retrain  (75 labelled)
GP warmup: 20 epochs on initial embeddings
Joint DKL training: 50 epochs
  Epoch 20/50  loss=1.1600
  Epoch 40/50  loss=0.7507
DKL training done in 0.6s
  → SM-10685  gap=1.935 eV  best=20.302 eV  top50=6  top10%=22
Cycle  67: GP refit  (76 labelled)
  → SM-10686  gap=2.250 eV  best=20.302 eV  top50=6  top10%=22
Cycle  68: GP refit  (77 labelled)
  → SM-10689  gap=1.508 eV  best=20.302 eV  top50=6  top10%=22
Cycle  69: GP refit  (78 labelled)
  → SM-19188  gap=3.856 eV  best=20.302 eV  top50=6  top10%=22
Cycle  70: GP refit  (79 labelled)
  → SM-888  gap=2.749 eV  best=20.302 eV  top50=6  top10%=22
Cycle  71: full DKL retrain  (80 labelled)
GP warmup: 20 epochs on initial embeddings
Joint DKL training: 50 epochs
  Epoch 20/50  loss=1.4081
  Epoch 40/50  loss=1.0622
DKL training done in 0.5s
  → SM-3923  gap=1.690 eV  best=20.302 eV  top50=6  top10%=22
Cycle  72: GP refit  (81 labelled)
  → SM-2125  gap=2.520 eV  best=20.302 eV  top50=6  top10%=22
Cycle  73: GP refit  (82 labelled)
  → SM-4883  gap=3.945 eV  best=20.302 eV  top50=6  top10%=22
Cycle  74: GP refit  (83 labelled)
  → SM-10691  gap=2.235 eV  best=20.302 eV  top50=6  top10%=22
Cycle  75: GP refit  (84 labelled)
  → SM-10692  gap=2.348 eV  best=20.302 eV  top50=6  top10%=22
Cycle  76: full DKL retrain  (85 labelled)
GP warmup: 20 epochs on initial embeddings
Joint DKL training: 50 epochs
  Epoch 20/50  loss=1.0468
  Epoch 40/50  loss=0.5221
DKL training done in 0.6s
  → SM-10693  gap=2.327 eV  best=20.302 eV  top50=6  top10%=22
Cycle  77: GP refit  (86 labelled)
  → SM-10694  gap=2.065 eV  best=20.302 eV  top50=6  top10%=22
Cycle  78: GP refit  (87 labelled)
  → SM-10695  gap=2.136 eV  best=20.302 eV  top50=6  top10%=22
Cycle  79: GP refit  (88 labelled)
  → SM-10696  gap=1.430 eV  best=20.302 eV  top50=6  top10%=22
Cycle  80: GP refit  (89 labelled)
  → SM-16985  gap=0.237 eV  best=20.302 eV  top50=6  top10%=22
Cycle  81: full DKL retrain  (90 labelled)
GP warmup: 20 epochs on initial embeddings
Joint DKL training: 50 epochs
  Epoch 20/50  loss=1.5904
  Epoch 40/50  loss=1.1625
DKL training done in 0.4s
  → SM-15646  gap=1.484 eV  best=20.302 eV  top50=6  top10%=22
Cycle  82: GP refit  (91 labelled)
  → SM-6281  gap=2.415 eV  best=20.302 eV  top50=6  top10%=22
Cycle  83: GP refit  (92 labelled)
  → SM-1734  gap=0.156 eV  best=20.302 eV  top50=6  top10%=22
Cycle  84: GP refit  (93 labelled)
  → SM-20107  gap=3.013 eV  best=20.302 eV  top50=6  top10%=22
Cycle  85: GP refit  (94 labelled)
  → SM-2127  gap=2.450 eV  best=20.302 eV  top50=6  top10%=22
Cycle  86: full DKL retrain  (95 labelled)
GP warmup: 20 epochs on initial embeddings
Joint DKL training: 50 epochs
  Epoch 20/50  loss=1.0199
  Epoch 40/50  loss=0.5413
DKL training done in 0.5s
  → SM-13579  gap=1.013 eV  best=20.302 eV  top50=6  top10%=22
Cycle  87: GP refit  (96 labelled)
  → SM-2411  gap=4.924 eV  best=20.302 eV  top50=6  top10%=23
Cycle  88: GP refit  (97 labelled)
  → SM-10706  gap=1.068 eV  best=20.302 eV  top50=6  top10%=23
Cycle  89: GP refit  (98 labelled)
  → SM-16994  gap=4.042 eV  best=20.302 eV  top50=6  top10%=23
Cycle  90: GP refit  (99 labelled)
  → SM-6443  gap=3.685 eV  best=20.302 eV  top50=6  top10%=23
Cycle  91: full DKL retrain  (100 labelled)
GP warmup: 20 epochs on initial embeddings
Joint DKL training: 50 epochs
  Epoch 20/50  loss=1.2038
  Epoch 40/50  loss=0.7648
DKL training done in 0.6s
  → SM-2838  gap=3.952 eV  best=20.302 eV  top50=6  top10%=23
Cycle  92: GP refit  (101 labelled)
  → SM-16995  gap=3.951 eV  best=20.302 eV  top50=6  top10%=23
Cycle  93: GP refit  (102 labelled)
  → SM-16996  gap=3.050 eV  best=20.302 eV  top50=6  top10%=23
Cycle  94: GP refit  (103 labelled)
  → SM-4895  gap=2.544 eV  best=20.302 eV  top50=6  top10%=23
Cycle  95: GP refit  (104 labelled)
  → SM-15718  gap=3.381 eV  best=20.302 eV  top50=6  top10%=23
Cycle  96: full DKL retrain  (105 labelled)
GP warmup: 20 epochs on initial embeddings
Joint DKL training: 50 epochs
  Epoch 20/50  loss=1.2787
  Epoch 40/50  loss=0.9577
DKL training done in 0.5s
  → SM-10709  gap=3.827 eV  best=20.302 eV  top50=6  top10%=23
Cycle  97: GP refit  (106 labelled)
  → SM-273  gap=3.090 eV  best=20.302 eV  top50=6  top10%=23
Cycle  98: GP refit  (107 labelled)
  → SM-17806  gap=3.372 eV  best=20.302 eV  top50=6  top10%=23
Cycle  99: GP refit  (108 labelled)
  → SM-18465  gap=4.334 eV  best=20.302 eV  top50=6  top10%=23
Cycle 100: GP refit  (109 labelled)
  → SM-3771  gap=2.183 eV  best=20.302 eV  top50=6  top10%=23
  gap_max/seed7 → best=20.302 top50=6 top10%=23
BOLoop: 3131 materials  |  direction=max  |  top-50 internal threshold=7.50  top-10% internal threshold=4.43
Init: 10 random labels  |  best (max) = 4.929
Cycle   1: full DKL retrain  (10 labelled)
GP warmup: 20 epochs on initial embeddings
/home/roy/software/anaconda3/lib/python3.13/site-packages/torch/_compile.py:32: UserWarning: optimizer contains a parameter group with duplicate parameters; in future, this will cause an error; see github.com/pytorch/pytorch/issues/40967 for more information
  return disable_fn(*args, **kwargs)
Joint DKL training: 50 epochs
  Epoch 20/50  loss=1.8336
  Epoch 40/50  loss=1.6992
DKL training done in 0.5s
  → SM-10607  gap=2.357 eV  best=4.929 eV  top50=0  top10%=0
Cycle   2: GP refit  (11 labelled)
  → SM-11571  gap=3.739 eV  best=4.929 eV  top50=0  top10%=0
Cycle   3: GP refit  (12 labelled)
  → SM-12050  gap=1.790 eV  best=4.929 eV  top50=0  top10%=0
Cycle   4: GP refit  (13 labelled)
  → SM-11517  gap=3.187 eV  best=4.929 eV  top50=0  top10%=0
Cycle   5: GP refit  (14 labelled)
  → SM-20531  gap=2.595 eV  best=4.929 eV  top50=0  top10%=0
Cycle   6: full DKL retrain  (15 labelled)
GP warmup: 20 epochs on initial embeddings
Joint DKL training: 50 epochs
  Epoch 20/50  loss=1.3722
  Epoch 40/50  loss=1.2312
DKL training done in 0.6s
  → SM-488  gap=4.198 eV  best=4.929 eV  top50=0  top10%=0
Cycle   7: GP refit  (16 labelled)
  → SM-16648  gap=3.673 eV  best=4.929 eV  top50=0  top10%=0
Cycle   8: GP refit  (17 labelled)
  → SM-13718  gap=6.302 eV  best=6.302 eV  top50=0  top10%=1
Cycle   9: GP refit  (18 labelled)
  → SM-13672  gap=4.739 eV  best=6.302 eV  top50=0  top10%=2
Cycle  10: GP refit  (19 labelled)
  → SM-1481  gap=1.673 eV  best=6.302 eV  top50=0  top10%=2
Cycle  11: full DKL retrain  (20 labelled)
GP warmup: 20 epochs on initial embeddings
Joint DKL training: 50 epochs
  Epoch 20/50  loss=0.7064
  Epoch 40/50  loss=0.2962
DKL training done in 0.5s
  → SM-5038  gap=9.232 eV  best=9.232 eV  top50=1  top10%=3
Cycle  12: GP refit  (21 labelled)
  → SM-8720  gap=3.482 eV  best=9.232 eV  top50=1  top10%=3
Cycle  13: GP refit  (22 labelled)
  → SM-7542  gap=1.543 eV  best=9.232 eV  top50=1  top10%=3
Cycle  14: GP refit  (23 labelled)
  → SM-7334  gap=0.767 eV  best=9.232 eV  top50=1  top10%=3
Cycle  15: GP refit  (24 labelled)
  → SM-20226  gap=0.057 eV  best=9.232 eV  top50=1  top10%=3
Cycle  16: full DKL retrain  (25 labelled)
GP warmup: 20 epochs on initial embeddings
Joint DKL training: 50 epochs
  Epoch 20/50  loss=3.6174
  Epoch 40/50  loss=1.2941
DKL training done in 0.4s
  → SM-3955  gap=6.861 eV  best=9.232 eV  top50=1  top10%=4
Cycle  17: GP refit  (26 labelled)
  → SM-8762  gap=3.624 eV  best=9.232 eV  top50=1  top10%=4
Cycle  18: GP refit  (27 labelled)
  → SM-6115  gap=3.579 eV  best=9.232 eV  top50=1  top10%=4
Cycle  19: GP refit  (28 labelled)
  → SM-14200  gap=4.027 eV  best=9.232 eV  top50=1  top10%=4
Cycle  20: GP refit  (29 labelled)
  → SM-13882  gap=2.703 eV  best=9.232 eV  top50=1  top10%=4
Cycle  21: full DKL retrain  (30 labelled)
GP warmup: 20 epochs on initial embeddings
Joint DKL training: 50 epochs
  Epoch 20/50  loss=2.8476
  Epoch 40/50  loss=1.2471
DKL training done in 0.5s
  → SM-8751  gap=2.365 eV  best=9.232 eV  top50=1  top10%=4
Cycle  22: GP refit  (31 labelled)
  → SM-19344  gap=4.048 eV  best=9.232 eV  top50=1  top10%=4
Cycle  23: GP refit  (32 labelled)
  → SM-2411  gap=4.924 eV  best=9.232 eV  top50=1  top10%=5
Cycle  24: GP refit  (33 labelled)
  → SM-13276  gap=2.523 eV  best=9.232 eV  top50=1  top10%=5
Cycle  25: GP refit  (34 labelled)
  → SM-256  gap=2.577 eV  best=9.232 eV  top50=1  top10%=5
Cycle  26: full DKL retrain  (35 labelled)
GP warmup: 20 epochs on initial embeddings
Joint DKL training: 50 epochs
  Epoch 20/50  loss=3.0015
  Epoch 40/50  loss=1.3794
DKL training done in 0.5s
  → SM-996  gap=4.549 eV  best=9.232 eV  top50=1  top10%=6
Cycle  27: GP refit  (36 labelled)
  → SM-15022  gap=5.307 eV  best=9.232 eV  top50=1  top10%=7
Cycle  28: GP refit  (37 labelled)
  → SM-19139  gap=2.672 eV  best=9.232 eV  top50=1  top10%=7
Cycle  29: GP refit  (38 labelled)
  → SM-5606  gap=2.807 eV  best=9.232 eV  top50=1  top10%=7
Cycle  30: GP refit  (39 labelled)
  → SM-17190  gap=3.009 eV  best=9.232 eV  top50=1  top10%=7
Cycle  31: full DKL retrain  (40 labelled)
GP warmup: 20 epochs on initial embeddings
Joint DKL training: 50 epochs
  Epoch 20/50  loss=1.3813
  Epoch 40/50  loss=1.1055
DKL training done in 0.5s
  → SM-16067  gap=7.224 eV  best=9.232 eV  top50=1  top10%=8
Cycle  32: GP refit  (41 labelled)
  → SM-13714  gap=5.929 eV  best=9.232 eV  top50=1  top10%=9
Cycle  33: GP refit  (42 labelled)
  → SM-8745  gap=1.419 eV  best=9.232 eV  top50=1  top10%=9
Cycle  34: GP refit  (43 labelled)
  → SM-13052  gap=3.171 eV  best=9.232 eV  top50=1  top10%=9
Cycle  35: GP refit  (44 labelled)
  → SM-13144  gap=3.600 eV  best=9.232 eV  top50=1  top10%=9
Cycle  36: full DKL retrain  (45 labelled)
GP warmup: 20 epochs on initial embeddings
Joint DKL training: 50 epochs
  Epoch 20/50  loss=2.1518
  Epoch 40/50  loss=1.4248
DKL training done in 0.4s
  → SM-12532  gap=3.647 eV  best=9.232 eV  top50=1  top10%=9
Cycle  37: GP refit  (46 labelled)
  → SM-18011  gap=1.109 eV  best=9.232 eV  top50=1  top10%=9
Cycle  38: GP refit  (47 labelled)
  → SM-7023  gap=5.651 eV  best=9.232 eV  top50=1  top10%=10
Cycle  39: GP refit  (48 labelled)
  → SM-11224  gap=2.637 eV  best=9.232 eV  top50=1  top10%=10
Cycle  40: GP refit  (49 labelled)
  → SM-8744  gap=2.952 eV  best=9.232 eV  top50=1  top10%=10
Cycle  41: full DKL retrain  (50 labelled)
GP warmup: 20 epochs on initial embeddings
Joint DKL training: 50 epochs
  Epoch 20/50  loss=1.4496
  Epoch 40/50  loss=1.1215
DKL training done in 0.4s
  → SM-4283  gap=3.141 eV  best=9.232 eV  top50=1  top10%=10
Cycle  42: GP refit  (51 labelled)
  → SM-15557  gap=4.099 eV  best=9.232 eV  top50=1  top10%=10
Cycle  43: GP refit  (52 labelled)
  → SM-8806  gap=0.790 eV  best=9.232 eV  top50=1  top10%=10
Cycle  44: GP refit  (53 labelled)
  → SM-16830  gap=2.634 eV  best=9.232 eV  top50=1  top10%=10
Cycle  45: GP refit  (54 labelled)
  → SM-17400  gap=3.339 eV  best=9.232 eV  top50=1  top10%=10
Cycle  46: full DKL retrain  (55 labelled)
GP warmup: 20 epochs on initial embeddings
Joint DKL training: 50 epochs
  Epoch 20/50  loss=1.3949
  Epoch 40/50  loss=1.1778
DKL training done in 0.3s
  → SM-16055  gap=4.625 eV  best=9.232 eV  top50=1  top10%=11
Cycle  47: GP refit  (56 labelled)
  → SM-6408  gap=0.971 eV  best=9.232 eV  top50=1  top10%=11
Cycle  48: GP refit  (57 labelled)
  → SM-1401  gap=2.500 eV  best=9.232 eV  top50=1  top10%=11
Cycle  49: GP refit  (58 labelled)
  → SM-5773  gap=3.686 eV  best=9.232 eV  top50=1  top10%=11
Cycle  50: GP refit  (59 labelled)
  → SM-15402  gap=3.111 eV  best=9.232 eV  top50=1  top10%=11
Cycle  51: full DKL retrain  (60 labelled)
GP warmup: 20 epochs on initial embeddings
Joint DKL training: 50 epochs
  Epoch 20/50  loss=1.3181
  Epoch 40/50  loss=1.0447
DKL training done in 0.4s
  → SM-6049  gap=2.881 eV  best=9.232 eV  top50=1  top10%=11
Cycle  52: GP refit  (61 labelled)
  → SM-17008  gap=3.746 eV  best=9.232 eV  top50=1  top10%=11
Cycle  53: GP refit  (62 labelled)
  → SM-16245  gap=2.789 eV  best=9.232 eV  top50=1  top10%=11
Cycle  54: GP refit  (63 labelled)
  → SM-1531  gap=2.707 eV  best=9.232 eV  top50=1  top10%=11
Cycle  55: GP refit  (64 labelled)
  → SM-6906  gap=0.442 eV  best=9.232 eV  top50=1  top10%=11
Cycle  56: full DKL retrain  (65 labelled)
GP warmup: 20 epochs on initial embeddings
Joint DKL training: 50 epochs
  Epoch 20/50  loss=0.9040
  Epoch 40/50  loss=0.6121
DKL training done in 1.2s
  → SM-17310  gap=0.868 eV  best=9.232 eV  top50=1  top10%=11
Cycle  57: GP refit  (66 labelled)
  → SM-13695  gap=2.744 eV  best=9.232 eV  top50=1  top10%=11
Cycle  58: GP refit  (67 labelled)
  → SM-17672  gap=3.775 eV  best=9.232 eV  top50=1  top10%=11
Cycle  59: GP refit  (68 labelled)
  → SM-239  gap=4.687 eV  best=9.232 eV  top50=1  top10%=12
Cycle  60: GP refit  (69 labelled)
  → SM-17582  gap=3.981 eV  best=9.232 eV  top50=1  top10%=12
Cycle  61: full DKL retrain  (70 labelled)
GP warmup: 20 epochs on initial embeddings
Joint DKL training: 50 epochs
  Epoch 20/50  loss=1.3900
  Epoch 40/50  loss=1.0676
DKL training done in 0.4s
  → SM-5774  gap=1.684 eV  best=9.232 eV  top50=1  top10%=12
Cycle  62: GP refit  (71 labelled)
  → SM-13654  gap=1.032 eV  best=9.232 eV  top50=1  top10%=12
Cycle  63: GP refit  (72 labelled)
  → SM-492  gap=3.040 eV  best=9.232 eV  top50=1  top10%=12
Cycle  64: GP refit  (73 labelled)
  → SM-16815  gap=0.985 eV  best=9.232 eV  top50=1  top10%=12
Cycle  65: GP refit  (74 labelled)
  → SM-15973  gap=3.362 eV  best=9.232 eV  top50=1  top10%=12
Cycle  66: full DKL retrain  (75 labelled)
GP warmup: 20 epochs on initial embeddings
Joint DKL training: 50 epochs
  Epoch 20/50  loss=0.7688
  Epoch 40/50  loss=0.4939
DKL training done in 1.3s
  → SM-5224  gap=0.427 eV  best=9.232 eV  top50=1  top10%=12
Cycle  67: GP refit  (76 labelled)
  → SM-6239  gap=0.740 eV  best=9.232 eV  top50=1  top10%=12
Cycle  68: GP refit  (77 labelled)
  → SM-4424  gap=1.221 eV  best=9.232 eV  top50=1  top10%=12
Cycle  69: GP refit  (78 labelled)
  → SM-4273  gap=2.402 eV  best=9.232 eV  top50=1  top10%=12
Cycle  70: GP refit  (79 labelled)
  → SM-19223  gap=8.002 eV  best=9.232 eV  top50=2  top10%=13
Cycle  71: full DKL retrain  (80 labelled)
GP warmup: 20 epochs on initial embeddings
Joint DKL training: 50 epochs
  Epoch 20/50  loss=0.9869
  Epoch 40/50  loss=0.7100
DKL training done in 0.4s
  → SM-19151  gap=3.267 eV  best=9.232 eV  top50=2  top10%=13
Cycle  72: GP refit  (81 labelled)
  → SM-19300  gap=3.566 eV  best=9.232 eV  top50=2  top10%=13
Cycle  73: GP refit  (82 labelled)
  → SM-17303  gap=0.343 eV  best=9.232 eV  top50=2  top10%=13
Cycle  74: GP refit  (83 labelled)
  → SM-19222  gap=8.028 eV  best=9.232 eV  top50=3  top10%=14
Cycle  75: GP refit  (84 labelled)
  → SM-4423  gap=1.045 eV  best=9.232 eV  top50=3  top10%=14
Cycle  76: full DKL retrain  (85 labelled)
GP warmup: 20 epochs on initial embeddings
Joint DKL training: 50 epochs
  Epoch 20/50  loss=0.7489
  Epoch 40/50  loss=0.5598
DKL training done in 0.4s
  → SM-6237  gap=0.454 eV  best=9.232 eV  top50=3  top10%=14
Cycle  77: GP refit  (86 labelled)
  → SM-33  gap=3.375 eV  best=9.232 eV  top50=3  top10%=14
Cycle  78: GP refit  (87 labelled)
  → SM-6741  gap=0.118 eV  best=9.232 eV  top50=3  top10%=14
Cycle  79: GP refit  (88 labelled)
  → SM-6232  gap=0.164 eV  best=9.232 eV  top50=3  top10%=14
Cycle  80: GP refit  (89 labelled)
  → SM-16084  gap=0.794 eV  best=9.232 eV  top50=3  top10%=14
Cycle  81: full DKL retrain  (90 labelled)
GP warmup: 20 epochs on initial embeddings
Joint DKL training: 50 epochs
  Epoch 20/50  loss=0.9798
  Epoch 40/50  loss=0.6445
DKL training done in 0.5s
  → SM-14753  gap=0.041 eV  best=9.232 eV  top50=3  top10%=14
Cycle  82: GP refit  (91 labelled)
  → SM-4260  gap=3.298 eV  best=9.232 eV  top50=3  top10%=14
Cycle  83: GP refit  (92 labelled)
  → SM-591  gap=1.878 eV  best=9.232 eV  top50=3  top10%=14
Cycle  84: GP refit  (93 labelled)
  → SM-7884  gap=3.643 eV  best=9.232 eV  top50=3  top10%=14
Cycle  85: GP refit  (94 labelled)
  → SM-4444  gap=1.211 eV  best=9.232 eV  top50=3  top10%=14
Cycle  86: full DKL retrain  (95 labelled)
GP warmup: 20 epochs on initial embeddings
Joint DKL training: 50 epochs
  Epoch 20/50  loss=0.7309
  Epoch 40/50  loss=0.4879
DKL training done in 0.5s
  → SM-461  gap=0.272 eV  best=9.232 eV  top50=3  top10%=14
Cycle  87: GP refit  (96 labelled)
  → SM-17433  gap=3.076 eV  best=9.232 eV  top50=3  top10%=14
Cycle  88: GP refit  (97 labelled)
  → SM-10875  gap=1.713 eV  best=9.232 eV  top50=3  top10%=14
Cycle  89: GP refit  (98 labelled)
  → SM-16228  gap=0.698 eV  best=9.232 eV  top50=3  top10%=14
Cycle  90: GP refit  (99 labelled)
  → SM-8553  gap=2.825 eV  best=9.232 eV  top50=3  top10%=14
Cycle  91: full DKL retrain  (100 labelled)
GP warmup: 20 epochs on initial embeddings
Joint DKL training: 50 epochs
  Epoch 20/50  loss=1.0451
  Epoch 40/50  loss=0.7735
DKL training done in 0.5s
  → SM-15672  gap=3.230 eV  best=9.232 eV  top50=3  top10%=14
Cycle  92: GP refit  (101 labelled)
  → SM-8939  gap=3.084 eV  best=9.232 eV  top50=3  top10%=14
Cycle  93: GP refit  (102 labelled)
  → SM-215  gap=2.406 eV  best=9.232 eV  top50=3  top10%=14
Cycle  94: GP refit  (103 labelled)
  → SM-17839  gap=1.999 eV  best=9.232 eV  top50=3  top10%=14
Cycle  95: GP refit  (104 labelled)
  → SM-702  gap=2.709 eV  best=9.232 eV  top50=3  top10%=14
Cycle  96: full DKL retrain  (105 labelled)
GP warmup: 20 epochs on initial embeddings
Joint DKL training: 50 epochs
  Epoch 20/50  loss=0.7375
  Epoch 40/50  loss=0.4872
DKL training done in 0.6s
  → SM-5386  gap=2.298 eV  best=9.232 eV  top50=3  top10%=14
Cycle  97: GP refit  (106 labelled)
  → SM-17587  gap=2.626 eV  best=9.232 eV  top50=3  top10%=14
Cycle  98: GP refit  (107 labelled)
  → SM-5439  gap=0.416 eV  best=9.232 eV  top50=3  top10%=14
Cycle  99: GP refit  (108 labelled)
  → SM-1474  gap=1.411 eV  best=9.232 eV  top50=3  top10%=14
Cycle 100: GP refit  (109 labelled)
  → SM-8944  gap=2.875 eV  best=9.232 eV  top50=3  top10%=14
  gap_max/seed8 → best=9.232 top50=3 top10%=14
BOLoop: 3131 materials  |  direction=max  |  top-50 internal threshold=7.50  top-10% internal threshold=4.43
Init: 10 random labels  |  best (max) = 5.736
Cycle   1: full DKL retrain  (10 labelled)
GP warmup: 20 epochs on initial embeddings
/home/roy/software/anaconda3/lib/python3.13/site-packages/torch/_compile.py:32: UserWarning: optimizer contains a parameter group with duplicate parameters; in future, this will cause an error; see github.com/pytorch/pytorch/issues/40967 for more information
  return disable_fn(*args, **kwargs)
Joint DKL training: 50 epochs
  Epoch 20/50  loss=1.9693
  Epoch 40/50  loss=1.8114
DKL training done in 0.5s
  → SM-12573  gap=0.275 eV  best=5.736 eV  top50=0  top10%=0
Cycle   2: GP refit  (11 labelled)
  → SM-13125  gap=5.077 eV  best=5.736 eV  top50=0  top10%=1
Cycle   3: GP refit  (12 labelled)
  → SM-11682  gap=3.995 eV  best=5.736 eV  top50=0  top10%=1
Cycle   4: GP refit  (13 labelled)
  → SM-12109  gap=4.158 eV  best=5.736 eV  top50=0  top10%=1
Cycle   5: GP refit  (14 labelled)
  → SM-13185  gap=3.251 eV  best=5.736 eV  top50=0  top10%=1
Cycle   6: full DKL retrain  (15 labelled)
GP warmup: 20 epochs on initial embeddings
Joint DKL training: 50 epochs
  Epoch 20/50  loss=1.4060
  Epoch 40/50  loss=1.3087
DKL training done in 0.3s
  → SM-1392  gap=4.817 eV  best=5.736 eV  top50=0  top10%=2
Cycle   7: GP refit  (16 labelled)
  → SM-13837  gap=5.623 eV  best=5.736 eV  top50=0  top10%=3
Cycle   8: GP refit  (17 labelled)
  → SM-19259  gap=2.664 eV  best=5.736 eV  top50=0  top10%=3
Cycle   9: GP refit  (18 labelled)
  → SM-7711  gap=3.039 eV  best=5.736 eV  top50=0  top10%=3
Cycle  10: GP refit  (19 labelled)
  → SM-16934  gap=5.092 eV  best=5.736 eV  top50=0  top10%=4
Cycle  11: full DKL retrain  (20 labelled)
GP warmup: 20 epochs on initial embeddings
Joint DKL training: 50 epochs
  Epoch 20/50  loss=1.9079
  Epoch 40/50  loss=0.4576
DKL training done in 0.3s
  → SM-1351  gap=5.045 eV  best=5.736 eV  top50=0  top10%=5
Cycle  12: GP refit  (21 labelled)
  → SM-16619  gap=2.419 eV  best=5.736 eV  top50=0  top10%=5
Cycle  13: GP refit  (22 labelled)
  → SM-1391  gap=4.874 eV  best=5.736 eV  top50=0  top10%=6
Cycle  14: GP refit  (23 labelled)
  → SM-4560  gap=1.626 eV  best=5.736 eV  top50=0  top10%=6
Cycle  15: GP refit  (24 labelled)
  → SM-14286  gap=2.814 eV  best=5.736 eV  top50=0  top10%=6
Cycle  16: full DKL retrain  (25 labelled)
GP warmup: 20 epochs on initial embeddings
Joint DKL training: 50 epochs
  Epoch 20/50  loss=0.9324
  Epoch 40/50  loss=0.4260
DKL training done in 0.4s
  → SM-841  gap=4.528 eV  best=5.736 eV  top50=0  top10%=7
Cycle  17: GP refit  (26 labelled)
  → SM-1316  gap=0.323 eV  best=5.736 eV  top50=0  top10%=7
Cycle  18: GP refit  (27 labelled)
  → SM-7136  gap=9.597 eV  best=9.597 eV  top50=1  top10%=8
Cycle  19: GP refit  (28 labelled)
  → SM-13714  gap=5.929 eV  best=9.597 eV  top50=1  top10%=9
Cycle  20: GP refit  (29 labelled)
  → SM-19680  gap=2.146 eV  best=9.597 eV  top50=1  top10%=9
Cycle  21: full DKL retrain  (30 labelled)
GP warmup: 20 epochs on initial embeddings
Joint DKL training: 50 epochs
  Epoch 20/50  loss=6.5472
  Epoch 40/50  loss=1.9196
DKL training done in 0.4s
  → SM-6442  gap=8.542 eV  best=9.597 eV  top50=2  top10%=10
Cycle  22: GP refit  (31 labelled)
  → SM-1276  gap=4.556 eV  best=9.597 eV  top50=2  top10%=11
Cycle  23: GP refit  (32 labelled)
  → SM-955  gap=7.001 eV  best=9.597 eV  top50=2  top10%=12
Cycle  24: GP refit  (33 labelled)
  → SM-256  gap=2.577 eV  best=9.597 eV  top50=2  top10%=12
Cycle  25: GP refit  (34 labelled)
  → SM-13263  gap=5.152 eV  best=9.597 eV  top50=2  top10%=13
Cycle  26: full DKL retrain  (35 labelled)
GP warmup: 20 epochs on initial embeddings
Joint DKL training: 50 epochs
  Epoch 20/50  loss=4.6092
  Epoch 40/50  loss=1.5426
DKL training done in 0.5s
  → SM-8751  gap=2.365 eV  best=9.597 eV  top50=2  top10%=13
Cycle  27: GP refit  (36 labelled)
  → SM-159  gap=5.294 eV  best=9.597 eV  top50=2  top10%=14
Cycle  28: GP refit  (37 labelled)
  → SM-894  gap=2.978 eV  best=9.597 eV  top50=2  top10%=14
Cycle  29: GP refit  (38 labelled)
  → SM-12527  gap=4.539 eV  best=9.597 eV  top50=2  top10%=15
Cycle  30: GP refit  (39 labelled)
  → SM-20460  gap=4.929 eV  best=9.597 eV  top50=2  top10%=16
Cycle  31: full DKL retrain  (40 labelled)
GP warmup: 20 epochs on initial embeddings
Joint DKL training: 50 epochs
  Epoch 20/50  loss=8.3557
  Epoch 40/50  loss=2.2113
DKL training done in 0.4s
  → SM-19332  gap=6.548 eV  best=9.597 eV  top50=2  top10%=17
Cycle  32: GP refit  (41 labelled)
  → SM-3955  gap=6.861 eV  best=9.597 eV  top50=2  top10%=18
Cycle  33: GP refit  (42 labelled)
  → SM-20253  gap=5.285 eV  best=9.597 eV  top50=2  top10%=19
Cycle  34: GP refit  (43 labelled)
  → SM-2407  gap=1.382 eV  best=9.597 eV  top50=2  top10%=19
Cycle  35: GP refit  (44 labelled)
  → SM-9235  gap=3.067 eV  best=9.597 eV  top50=2  top10%=19
Cycle  36: full DKL retrain  (45 labelled)
GP warmup: 20 epochs on initial embeddings
Joint DKL training: 50 epochs
  Epoch 20/50  loss=14.8953
  Epoch 40/50  loss=2.1937
DKL training done in 0.5s
  → SM-5003  gap=19.720 eV  best=19.720 eV  top50=3  top10%=20
Cycle  37: GP refit  (46 labelled)
  → SM-19188  gap=3.856 eV  best=19.720 eV  top50=3  top10%=20
Cycle  38: GP refit  (47 labelled)
  → SM-19222  gap=8.028 eV  best=19.720 eV  top50=4  top10%=21
Cycle  39: GP refit  (48 labelled)
  → SM-5249  gap=0.118 eV  best=19.720 eV  top50=4  top10%=21
Cycle  40: GP refit  (49 labelled)
  → SM-5606  gap=2.807 eV  best=19.720 eV  top50=4  top10%=21
Cycle  41: full DKL retrain  (50 labelled)
GP warmup: 20 epochs on initial embeddings
Joint DKL training: 50 epochs
  Epoch 20/50  loss=2.1124
  Epoch 40/50  loss=1.6708
DKL training done in 0.5s
  → SM-19346  gap=4.035 eV  best=19.720 eV  top50=4  top10%=21
Cycle  42: GP refit  (51 labelled)
  → SM-4038  gap=2.731 eV  best=19.720 eV  top50=4  top10%=21
Cycle  43: GP refit  (52 labelled)
  → SM-19340  gap=2.652 eV  best=19.720 eV  top50=4  top10%=21
Cycle  44: GP refit  (53 labelled)
  → SM-19228  gap=9.023 eV  best=19.720 eV  top50=5  top10%=22
Cycle  45: GP refit  (54 labelled)
  → SM-6004  gap=2.983 eV  best=19.720 eV  top50=5  top10%=22
Cycle  46: full DKL retrain  (55 labelled)
GP warmup: 20 epochs on initial embeddings
Joint DKL training: 50 epochs
  Epoch 20/50  loss=2.9530
  Epoch 40/50  loss=1.8425
DKL training done in 0.4s
  → SM-5002  gap=20.302 eV  best=20.302 eV  top50=6  top10%=23
Cycle  47: GP refit  (56 labelled)
  → SM-4700  gap=3.585 eV  best=20.302 eV  top50=6  top10%=23
Cycle  48: GP refit  (57 labelled)
  → SM-2411  gap=4.924 eV  best=20.302 eV  top50=6  top10%=24
Cycle  49: GP refit  (58 labelled)
  → SM-19816  gap=4.433 eV  best=20.302 eV  top50=6  top10%=25
Cycle  50: GP refit  (59 labelled)
  → SM-3842  gap=1.019 eV  best=20.302 eV  top50=6  top10%=25
Cycle  51: full DKL retrain  (60 labelled)
GP warmup: 20 epochs on initial embeddings
Joint DKL training: 50 epochs
  Epoch 20/50  loss=9.4910
  Epoch 40/50  loss=3.0355
DKL training done in 0.5s
  → SM-628  gap=2.946 eV  best=20.302 eV  top50=6  top10%=25
Cycle  52: GP refit  (61 labelled)
  → SM-239  gap=4.687 eV  best=20.302 eV  top50=6  top10%=26
Cycle  53: GP refit  (62 labelled)
  → SM-5013  gap=14.425 eV  best=20.302 eV  top50=7  top10%=27
Cycle  54: GP refit  (63 labelled)
  → SM-7457  gap=0.461 eV  best=20.302 eV  top50=7  top10%=27
Cycle  55: GP refit  (64 labelled)
  → SM-1481  gap=1.673 eV  best=20.302 eV  top50=7  top10%=27
Cycle  56: full DKL retrain  (65 labelled)
GP warmup: 20 epochs on initial embeddings
Joint DKL training: 50 epochs
  Epoch 20/50  loss=1.4952
  Epoch 40/50  loss=1.0065
DKL training done in 0.5s
  → SM-19481  gap=3.185 eV  best=20.302 eV  top50=7  top10%=27
Cycle  57: GP refit  (66 labelled)
  → SM-6906  gap=0.442 eV  best=20.302 eV  top50=7  top10%=27
Cycle  58: GP refit  (67 labelled)
  → SM-4992  gap=10.281 eV  best=20.302 eV  top50=8  top10%=28
Cycle  59: GP refit  (68 labelled)
  → SM-2897  gap=4.229 eV  best=20.302 eV  top50=8  top10%=28
Cycle  60: GP refit  (69 labelled)
  → SM-580  gap=3.264 eV  best=20.302 eV  top50=8  top10%=28
Cycle  61: full DKL retrain  (70 labelled)
GP warmup: 20 epochs on initial embeddings
Joint DKL training: 50 epochs
  Epoch 20/50  loss=1.7741
  Epoch 40/50  loss=1.4025
DKL training done in 0.4s
  → SM-5014  gap=15.496 eV  best=20.302 eV  top50=9  top10%=29
Cycle  62: GP refit  (71 labelled)
  → SM-15769  gap=0.135 eV  best=20.302 eV  top50=9  top10%=29
Cycle  63: GP refit  (72 labelled)
  → SM-1015  gap=1.289 eV  best=20.302 eV  top50=9  top10%=29
Cycle  64: GP refit  (73 labelled)
  → SM-1401  gap=2.500 eV  best=20.302 eV  top50=9  top10%=29
Cycle  65: GP refit  (74 labelled)
  → SM-4273  gap=2.402 eV  best=20.302 eV  top50=9  top10%=29
Cycle  66: full DKL retrain  (75 labelled)
GP warmup: 20 epochs on initial embeddings
Joint DKL training: 50 epochs
  Epoch 20/50  loss=1.0489
  Epoch 40/50  loss=0.6194
DKL training done in 0.5s
  → SM-19487  gap=0.024 eV  best=20.302 eV  top50=9  top10%=29
Cycle  67: GP refit  (76 labelled)
  → SM-19485  gap=0.019 eV  best=20.302 eV  top50=9  top10%=29
Cycle  68: GP refit  (77 labelled)
  → SM-19225  gap=8.129 eV  best=20.302 eV  top50=10  top10%=30
Cycle  69: GP refit  (78 labelled)
  → SM-15441  gap=2.490 eV  best=20.302 eV  top50=10  top10%=30
Cycle  70: GP refit  (79 labelled)
  → SM-3507  gap=2.390 eV  best=20.302 eV  top50=10  top10%=30
Cycle  71: full DKL retrain  (80 labelled)
GP warmup: 20 epochs on initial embeddings
Joint DKL training: 50 epochs
  Epoch 20/50  loss=1.2346
  Epoch 40/50  loss=0.6881
DKL training done in 0.5s
  → SM-10681  gap=2.588 eV  best=20.302 eV  top50=10  top10%=30
Cycle  72: GP refit  (81 labelled)
  → SM-20105  gap=1.692 eV  best=20.302 eV  top50=10  top10%=30
Cycle  73: GP refit  (82 labelled)
  → SM-10685  gap=1.935 eV  best=20.302 eV  top50=10  top10%=30
Cycle  74: GP refit  (83 labelled)
  → SM-10686  gap=2.250 eV  best=20.302 eV  top50=10  top10%=30
Cycle  75: GP refit  (84 labelled)
  → SM-20377  gap=4.244 eV  best=20.302 eV  top50=10  top10%=30
Cycle  76: full DKL retrain  (85 labelled)
GP warmup: 20 epochs on initial embeddings
Joint DKL training: 50 epochs
  Epoch 20/50  loss=1.4344
  Epoch 40/50  loss=0.9568
DKL training done in 0.4s
  → SM-14094  gap=0.268 eV  best=20.302 eV  top50=10  top10%=30
Cycle  77: GP refit  (86 labelled)
  → SM-10689  gap=1.508 eV  best=20.302 eV  top50=10  top10%=30
Cycle  78: GP refit  (87 labelled)
  → SM-2125  gap=2.520 eV  best=20.302 eV  top50=10  top10%=30
Cycle  79: GP refit  (88 labelled)
  → SM-9983  gap=0.305 eV  best=20.302 eV  top50=10  top10%=30
Cycle  80: GP refit  (89 labelled)
  → SM-15301  gap=1.536 eV  best=20.302 eV  top50=10  top10%=30
Cycle  81: full DKL retrain  (90 labelled)
GP warmup: 20 epochs on initial embeddings
Joint DKL training: 50 epochs
  Epoch 20/50  loss=0.8672
  Epoch 40/50  loss=0.4913
DKL training done in 0.5s
  → SM-4883  gap=3.945 eV  best=20.302 eV  top50=10  top10%=30
Cycle  82: GP refit  (91 labelled)
  → SM-10691  gap=2.235 eV  best=20.302 eV  top50=10  top10%=30
Cycle  83: GP refit  (92 labelled)
  → SM-10692  gap=2.348 eV  best=20.302 eV  top50=10  top10%=30
Cycle  84: GP refit  (93 labelled)
  → SM-19227  gap=8.198 eV  best=20.302 eV  top50=11  top10%=31
Cycle  85: GP refit  (94 labelled)
  → SM-19544  gap=4.669 eV  best=20.302 eV  top50=11  top10%=32
Cycle  86: full DKL retrain  (95 labelled)
GP warmup: 20 epochs on initial embeddings
Joint DKL training: 50 epochs
  Epoch 20/50  loss=0.9457
  Epoch 40/50  loss=0.4595
DKL training done in 0.5s
  → SM-10693  gap=2.327 eV  best=20.302 eV  top50=11  top10%=32
Cycle  87: GP refit  (96 labelled)
  → SM-10694  gap=2.065 eV  best=20.302 eV  top50=11  top10%=32
Cycle  88: GP refit  (97 labelled)
  → SM-10695  gap=2.136 eV  best=20.302 eV  top50=11  top10%=32
Cycle  89: GP refit  (98 labelled)
  → SM-10696  gap=1.430 eV  best=20.302 eV  top50=11  top10%=32
Cycle  90: GP refit  (99 labelled)
  → SM-16985  gap=0.237 eV  best=20.302 eV  top50=11  top10%=32
Cycle  91: full DKL retrain  (100 labelled)
GP warmup: 20 epochs on initial embeddings
Joint DKL training: 50 epochs
  Epoch 20/50  loss=0.8938
  Epoch 40/50  loss=0.4148
DKL training done in 0.6s
  → SM-20107  gap=3.013 eV  best=20.302 eV  top50=11  top10%=32
Cycle  92: GP refit  (101 labelled)
  → SM-2127  gap=2.450 eV  best=20.302 eV  top50=11  top10%=32
Cycle  93: GP refit  (102 labelled)
  → SM-13579  gap=1.013 eV  best=20.302 eV  top50=11  top10%=32
Cycle  94: GP refit  (103 labelled)
  → SM-10706  gap=1.068 eV  best=20.302 eV  top50=11  top10%=32
Cycle  95: GP refit  (104 labelled)
  → SM-16994  gap=4.042 eV  best=20.302 eV  top50=11  top10%=32
Cycle  96: full DKL retrain  (105 labelled)
GP warmup: 20 epochs on initial embeddings
Joint DKL training: 50 epochs
  Epoch 20/50  loss=1.2961
  Epoch 40/50  loss=1.0017
DKL training done in 0.5s
  → SM-16995  gap=3.951 eV  best=20.302 eV  top50=11  top10%=32
Cycle  97: GP refit  (106 labelled)
  → SM-20573  gap=0.110 eV  best=20.302 eV  top50=11  top10%=32
Cycle  98: GP refit  (107 labelled)
  → SM-16996  gap=3.050 eV  best=20.302 eV  top50=11  top10%=32
Cycle  99: GP refit  (108 labelled)
  → SM-4895  gap=2.544 eV  best=20.302 eV  top50=11  top10%=32
Cycle 100: GP refit  (109 labelled)
  → SM-10709  gap=3.827 eV  best=20.302 eV  top50=11  top10%=32
  gap_max/seed9 → best=20.302 top50=11 top10%=32
  [gap_max] done
BOLoop: 3131 materials  |  direction=min  |  top-50 internal threshold=-0.19  top-10% internal threshold=-0.96
Init: 10 random labels  |  best (min) = 0.430
Cycle   1: full DKL retrain  (10 labelled)
GP warmup: 20 epochs on initial embeddings
/home/roy/software/anaconda3/lib/python3.13/site-packages/torch/_compile.py:32: UserWarning: optimizer contains a parameter group with duplicate parameters; in future, this will cause an error; see github.com/pytorch/pytorch/issues/40967 for more information
  return disable_fn(*args, **kwargs)
Joint DKL training: 50 epochs
  Epoch 20/50  loss=1.7968
  Epoch 40/50  loss=1.6675
DKL training done in 0.6s
  → SM-1509  gap=0.986 eV  best=0.430 eV  top50=0  top10%=0
Cycle   2: GP refit  (11 labelled)
  → SM-19222  gap=8.028 eV  best=0.430 eV  top50=0  top10%=0
Cycle   3: GP refit  (12 labelled)
  → SM-8918  gap=1.236 eV  best=0.430 eV  top50=0  top10%=0
Cycle   4: GP refit  (13 labelled)
  → SM-4440  gap=0.363 eV  best=0.363 eV  top50=0  top10%=1
Cycle   5: GP refit  (14 labelled)
  → SM-5031  gap=0.694 eV  best=0.363 eV  top50=0  top10%=2
Cycle   6: full DKL retrain  (15 labelled)
GP warmup: 20 epochs on initial embeddings
Joint DKL training: 50 epochs
  Epoch 20/50  loss=1.4343
  Epoch 40/50  loss=1.0991
DKL training done in 0.4s
  → SM-19299  gap=3.218 eV  best=0.363 eV  top50=0  top10%=2
Cycle   7: GP refit  (16 labelled)
  → SM-3574  gap=4.370 eV  best=0.363 eV  top50=0  top10%=2
Cycle   8: GP refit  (17 labelled)
  → SM-16838  gap=4.616 eV  best=0.363 eV  top50=0  top10%=2
Cycle   9: GP refit  (18 labelled)
  → SM-1627  gap=1.242 eV  best=0.363 eV  top50=0  top10%=2
Cycle  10: GP refit  (19 labelled)
  → SM-8657  gap=0.092 eV  best=0.092 eV  top50=1  top10%=3
Cycle  11: full DKL retrain  (20 labelled)
GP warmup: 20 epochs on initial embeddings
Joint DKL training: 50 epochs
  Epoch 20/50  loss=2.0573
  Epoch 40/50  loss=0.9338
DKL training done in 0.4s
  → SM-19478  gap=0.568 eV  best=0.092 eV  top50=1  top10%=4
Cycle  12: GP refit  (21 labelled)
  → SM-16813  gap=4.363 eV  best=0.092 eV  top50=1  top10%=4
Cycle  13: GP refit  (22 labelled)
  → SM-256  gap=2.577 eV  best=0.092 eV  top50=1  top10%=4
Cycle  14: GP refit  (23 labelled)
  → SM-10629  gap=0.154 eV  best=0.092 eV  top50=2  top10%=5
Cycle  15: GP refit  (24 labelled)
  → SM-17394  gap=0.225 eV  best=0.092 eV  top50=2  top10%=6
Cycle  16: full DKL retrain  (25 labelled)
GP warmup: 20 epochs on initial embeddings
Joint DKL training: 50 epochs
  Epoch 20/50  loss=1.2651
  Epoch 40/50  loss=0.6371
DKL training done in 0.4s
  → SM-10439  gap=0.047 eV  best=0.047 eV  top50=3  top10%=7
Cycle  17: GP refit  (26 labelled)
  → SM-14405  gap=0.960 eV  best=0.047 eV  top50=3  top10%=7
Cycle  18: GP refit  (27 labelled)
  → SM-13119  gap=4.700 eV  best=0.047 eV  top50=3  top10%=7
Cycle  19: GP refit  (28 labelled)
  → SM-7334  gap=0.767 eV  best=0.047 eV  top50=3  top10%=8
Cycle  20: GP refit  (29 labelled)
  → SM-8573  gap=0.710 eV  best=0.047 eV  top50=3  top10%=9
Cycle  21: full DKL retrain  (30 labelled)
GP warmup: 20 epochs on initial embeddings
Joint DKL training: 50 epochs
  Epoch 20/50  loss=0.8611
  Epoch 40/50  loss=0.4724
DKL training done in 0.6s
  → SM-18526  gap=1.491 eV  best=0.047 eV  top50=3  top10%=9
Cycle  22: GP refit  (31 labelled)
  → SM-1617  gap=1.111 eV  best=0.047 eV  top50=3  top10%=9
Cycle  23: GP refit  (32 labelled)
  → SM-1734  gap=0.156 eV  best=0.047 eV  top50=4  top10%=10
Cycle  24: GP refit  (33 labelled)
  → SM-4426  gap=0.612 eV  best=0.047 eV  top50=4  top10%=11
Cycle  25: GP refit  (34 labelled)
  → SM-4428  gap=0.507 eV  best=0.047 eV  top50=4  top10%=12
Cycle  26: full DKL retrain  (35 labelled)
GP warmup: 20 epochs on initial embeddings
Joint DKL training: 50 epochs
  Epoch 20/50  loss=0.6206
  Epoch 40/50  loss=0.3601
DKL training done in 0.6s
  → SM-8806  gap=0.790 eV  best=0.047 eV  top50=4  top10%=13
Cycle  27: GP refit  (36 labelled)
  → SM-7092  gap=0.749 eV  best=0.047 eV  top50=4  top10%=14
Cycle  28: GP refit  (37 labelled)
  → SM-8597  gap=0.892 eV  best=0.047 eV  top50=4  top10%=15
Cycle  29: GP refit  (38 labelled)
  → SM-1431  gap=0.056 eV  best=0.047 eV  top50=5  top10%=16
Cycle  30: GP refit  (39 labelled)
  → SM-6265  gap=0.023 eV  best=0.023 eV  top50=6  top10%=17
Cycle  31: full DKL retrain  (40 labelled)
GP warmup: 20 epochs on initial embeddings
Joint DKL training: 50 epochs
  Epoch 20/50  loss=0.2062
  Epoch 40/50  loss=-0.0073
DKL training done in 0.5s
  → SM-4450  gap=0.681 eV  best=0.023 eV  top50=6  top10%=18
Cycle  32: GP refit  (41 labelled)
  → SM-16171  gap=0.940 eV  best=0.023 eV  top50=6  top10%=19
Cycle  33: GP refit  (42 labelled)
  → SM-4424  gap=1.221 eV  best=0.023 eV  top50=6  top10%=19
Cycle  34: GP refit  (43 labelled)
  → SM-10630  gap=0.908 eV  best=0.023 eV  top50=6  top10%=20
Cycle  35: GP refit  (44 labelled)
  → SM-10631  gap=0.655 eV  best=0.023 eV  top50=6  top10%=21
Cycle  36: full DKL retrain  (45 labelled)
GP warmup: 20 epochs on initial embeddings
Joint DKL training: 50 epochs
  Epoch 20/50  loss=0.1507
  Epoch 40/50  loss=-0.0646
DKL training done in 0.5s
  → SM-17393  gap=0.289 eV  best=0.023 eV  top50=6  top10%=22
Cycle  37: GP refit  (46 labelled)
  → SM-14493  gap=0.611 eV  best=0.023 eV  top50=6  top10%=23
Cycle  38: GP refit  (47 labelled)
  → SM-1514  gap=0.856 eV  best=0.023 eV  top50=6  top10%=24
Cycle  39: GP refit  (48 labelled)
  → SM-4350  gap=0.593 eV  best=0.023 eV  top50=6  top10%=25
Cycle  40: GP refit  (49 labelled)
  → SM-16084  gap=0.794 eV  best=0.023 eV  top50=6  top10%=26
Cycle  41: full DKL retrain  (50 labelled)
GP warmup: 20 epochs on initial embeddings
Joint DKL training: 50 epochs
  Epoch 20/50  loss=-0.0527
  Epoch 40/50  loss=-0.4095
DKL training done in 0.4s
  → SM-14406  gap=1.499 eV  best=0.023 eV  top50=6  top10%=26
Cycle  42: GP refit  (51 labelled)
  → SM-1690  gap=0.022 eV  best=0.022 eV  top50=7  top10%=27
Cycle  43: GP refit  (52 labelled)
  → SM-11317  gap=1.548 eV  best=0.022 eV  top50=7  top10%=27
Cycle  44: GP refit  (53 labelled)
  → SM-1400  gap=0.601 eV  best=0.022 eV  top50=7  top10%=28
Cycle  45: GP refit  (54 labelled)
  → SM-8448  gap=0.838 eV  best=0.022 eV  top50=7  top10%=29
Cycle  46: full DKL retrain  (55 labelled)
GP warmup: 20 epochs on initial embeddings
Joint DKL training: 50 epochs
  Epoch 20/50  loss=0.1171
  Epoch 40/50  loss=-0.0955
DKL training done in 0.4s
  → SM-5249  gap=0.118 eV  best=0.022 eV  top50=8  top10%=30
Cycle  47: GP refit  (56 labelled)
  → SM-18537  gap=1.554 eV  best=0.022 eV  top50=8  top10%=30
Cycle  48: GP refit  (57 labelled)
  → SM-8265  gap=0.622 eV  best=0.022 eV  top50=8  top10%=31
Cycle  49: GP refit  (58 labelled)
  → SM-14979  gap=0.909 eV  best=0.022 eV  top50=8  top10%=32
Cycle  50: GP refit  (59 labelled)
  → SM-17583  gap=2.793 eV  best=0.022 eV  top50=8  top10%=32
Cycle  51: full DKL retrain  (60 labelled)
GP warmup: 20 epochs on initial embeddings
Joint DKL training: 50 epochs
  Epoch 20/50  loss=0.1057
  Epoch 40/50  loss=-0.0726
DKL training done in 0.5s
  → SM-17536  gap=0.552 eV  best=0.022 eV  top50=8  top10%=33
Cycle  52: GP refit  (61 labelled)
  → SM-10640  gap=0.035 eV  best=0.022 eV  top50=9  top10%=34
Cycle  53: GP refit  (62 labelled)
  → SM-11213  gap=1.778 eV  best=0.022 eV  top50=9  top10%=34
Cycle  54: GP refit  (63 labelled)
  → SM-17118  gap=0.859 eV  best=0.022 eV  top50=9  top10%=35
Cycle  55: GP refit  (64 labelled)
  → SM-18389  gap=0.863 eV  best=0.022 eV  top50=9  top10%=36
Cycle  56: full DKL retrain  (65 labelled)
GP warmup: 20 epochs on initial embeddings
Joint DKL training: 50 epochs
  Epoch 20/50  loss=-0.0594
  Epoch 40/50  loss=-0.3093
DKL training done in 0.6s
  → SM-6906  gap=0.442 eV  best=0.022 eV  top50=9  top10%=37
Cycle  57: GP refit  (66 labelled)
  → SM-6239  gap=0.740 eV  best=0.022 eV  top50=9  top10%=38
Cycle  58: GP refit  (67 labelled)
  → SM-10673  gap=0.417 eV  best=0.022 eV  top50=9  top10%=39
Cycle  59: GP refit  (68 labelled)
  → SM-18267  gap=0.848 eV  best=0.022 eV  top50=9  top10%=40
Cycle  60: GP refit  (69 labelled)
  → SM-4421  gap=0.700 eV  best=0.022 eV  top50=9  top10%=41
Cycle  61: full DKL retrain  (70 labelled)
GP warmup: 20 epochs on initial embeddings
Joint DKL training: 50 epochs
  Epoch 20/50  loss=-0.1400
  Epoch 40/50  loss=-0.7778
DKL training done in 0.6s
  → SM-14868  gap=1.126 eV  best=0.022 eV  top50=9  top10%=41
Cycle  62: GP refit  (71 labelled)
  → SM-10672  gap=0.219 eV  best=0.022 eV  top50=9  top10%=42
Cycle  63: GP refit  (72 labelled)
  → SM-4448  gap=0.736 eV  best=0.022 eV  top50=9  top10%=43
Cycle  64: GP refit  (73 labelled)
  → SM-6970  gap=0.423 eV  best=0.022 eV  top50=9  top10%=44
Cycle  65: GP refit  (74 labelled)
  → SM-17241  gap=0.331 eV  best=0.022 eV  top50=9  top10%=45
Cycle  66: full DKL retrain  (75 labelled)
GP warmup: 20 epochs on initial embeddings
Joint DKL training: 50 epochs
  Epoch 20/50  loss=-0.5942
  Epoch 40/50  loss=-0.7363
DKL training done in 0.6s
  → SM-17990  gap=0.627 eV  best=0.022 eV  top50=9  top10%=46
Cycle  67: GP refit  (76 labelled)
  → SM-20313  gap=0.189 eV  best=0.022 eV  top50=9  top10%=47
Cycle  68: GP refit  (77 labelled)
  → SM-17055  gap=0.819 eV  best=0.022 eV  top50=9  top10%=48
Cycle  69: GP refit  (78 labelled)
  → SM-10397  gap=0.228 eV  best=0.022 eV  top50=9  top10%=49
Cycle  70: GP refit  (79 labelled)
  → SM-4434  gap=0.879 eV  best=0.022 eV  top50=9  top10%=50
Cycle  71: full DKL retrain  (80 labelled)
GP warmup: 20 epochs on initial embeddings
Joint DKL training: 50 epochs
  Epoch 20/50  loss=-0.8061
  Epoch 40/50  loss=-0.9878
DKL training done in 0.4s
  → SM-20318  gap=1.098 eV  best=0.022 eV  top50=9  top10%=50
Cycle  72: GP refit  (81 labelled)
  → SM-17557  gap=0.465 eV  best=0.022 eV  top50=9  top10%=51
Cycle  73: GP refit  (82 labelled)
  → SM-20316  gap=1.189 eV  best=0.022 eV  top50=9  top10%=51
Cycle  74: GP refit  (83 labelled)
  → SM-5216  gap=1.161 eV  best=0.022 eV  top50=9  top10%=51
Cycle  75: GP refit  (84 labelled)
  → SM-4337  gap=1.661 eV  best=0.022 eV  top50=9  top10%=51
Cycle  76: full DKL retrain  (85 labelled)
GP warmup: 20 epochs on initial embeddings
Joint DKL training: 50 epochs
  Epoch 20/50  loss=-0.4868
  Epoch 40/50  loss=-0.5640
DKL training done in 0.5s
  → SM-14529  gap=0.568 eV  best=0.022 eV  top50=9  top10%=52
Cycle  77: GP refit  (86 labelled)
  → SM-14428  gap=0.790 eV  best=0.022 eV  top50=9  top10%=53
Cycle  78: GP refit  (87 labelled)
  → SM-4291  gap=0.683 eV  best=0.022 eV  top50=9  top10%=54
Cycle  79: GP refit  (88 labelled)
  → SM-17551  gap=1.434 eV  best=0.022 eV  top50=9  top10%=54
Cycle  80: GP refit  (89 labelled)
  → SM-12639  gap=1.120 eV  best=0.022 eV  top50=9  top10%=54
Cycle  81: full DKL retrain  (90 labelled)
GP warmup: 20 epochs on initial embeddings
Joint DKL training: 50 epochs
  Epoch 20/50  loss=-0.5618
  Epoch 40/50  loss=-0.7740
DKL training done in 0.5s
  → SM-7457  gap=0.461 eV  best=0.022 eV  top50=9  top10%=55
Cycle  82: GP refit  (91 labelled)
  → SM-14540  gap=1.468 eV  best=0.022 eV  top50=9  top10%=55
Cycle  83: GP refit  (92 labelled)
  → SM-656  gap=1.106 eV  best=0.022 eV  top50=9  top10%=55
Cycle  84: GP refit  (93 labelled)
  → SM-16919  gap=0.680 eV  best=0.022 eV  top50=9  top10%=56
Cycle  85: GP refit  (94 labelled)
  → SM-13785  gap=0.789 eV  best=0.022 eV  top50=9  top10%=57
Cycle  86: full DKL retrain  (95 labelled)
GP warmup: 20 epochs on initial embeddings
Joint DKL training: 50 epochs
  Epoch 20/50  loss=-0.2144
  Epoch 40/50  loss=-0.6080
DKL training done in 0.6s
  → SM-17556  gap=0.673 eV  best=0.022 eV  top50=9  top10%=58
Cycle  87: GP refit  (96 labelled)
  → SM-6237  gap=0.454 eV  best=0.022 eV  top50=9  top10%=59
Cycle  88: GP refit  (97 labelled)
  → SM-17600  gap=3.183 eV  best=0.022 eV  top50=9  top10%=59
Cycle  89: GP refit  (98 labelled)
  → SM-10032  gap=0.458 eV  best=0.022 eV  top50=9  top10%=60
Cycle  90: GP refit  (99 labelled)
  → SM-4438  gap=0.534 eV  best=0.022 eV  top50=9  top10%=61
Cycle  91: full DKL retrain  (100 labelled)
GP warmup: 20 epochs on initial embeddings
Joint DKL training: 50 epochs
  Epoch 20/50  loss=-0.2848
  Epoch 40/50  loss=-0.5028
DKL training done in 0.5s
  → SM-10646  gap=1.177 eV  best=0.022 eV  top50=9  top10%=61
Cycle  92: GP refit  (101 labelled)
  → SM-10564  gap=1.109 eV  best=0.022 eV  top50=9  top10%=61
Cycle  93: GP refit  (102 labelled)
  → SM-14291  gap=1.157 eV  best=0.022 eV  top50=9  top10%=61
Cycle  94: GP refit  (103 labelled)
  → SM-14081  gap=0.291 eV  best=0.022 eV  top50=9  top10%=62
Cycle  95: GP refit  (104 labelled)
  → SM-14094  gap=0.268 eV  best=0.022 eV  top50=9  top10%=63
Cycle  96: full DKL retrain  (105 labelled)
GP warmup: 20 epochs on initial embeddings
Joint DKL training: 50 epochs
  Epoch 20/50  loss=-0.5450
  Epoch 40/50  loss=-0.7532
DKL training done in 0.5s
  → SM-1015  gap=1.289 eV  best=0.022 eV  top50=9  top10%=63
Cycle  97: GP refit  (106 labelled)
  → SM-8534  gap=0.273 eV  best=0.022 eV  top50=9  top10%=64
Cycle  98: GP refit  (107 labelled)
  → SM-11231  gap=2.527 eV  best=0.022 eV  top50=9  top10%=64
Cycle  99: GP refit  (108 labelled)
  → SM-683  gap=1.981 eV  best=0.022 eV  top50=9  top10%=64
Cycle 100: GP refit  (109 labelled)
  → SM-17535  gap=1.302 eV  best=0.022 eV  top50=9  top10%=64
  gap_min/seed0 → best=0.022 top50=9 top10%=64
BOLoop: 3131 materials  |  direction=min  |  top-50 internal threshold=-0.19  top-10% internal threshold=-0.96
Init: 10 random labels  |  best (min) = 0.219
Cycle   1: full DKL retrain  (10 labelled)
GP warmup: 20 epochs on initial embeddings
/home/roy/software/anaconda3/lib/python3.13/site-packages/torch/_compile.py:32: UserWarning: optimizer contains a parameter group with duplicate parameters; in future, this will cause an error; see github.com/pytorch/pytorch/issues/40967 for more information
  return disable_fn(*args, **kwargs)
Joint DKL training: 50 epochs
  Epoch 20/50  loss=3.0319
  Epoch 40/50  loss=2.7776
DKL training done in 0.5s
  → SM-8806  gap=0.790 eV  best=0.219 eV  top50=0  top10%=1
Cycle   2: GP refit  (11 labelled)
  → SM-10397  gap=0.228 eV  best=0.219 eV  top50=0  top10%=2
Cycle   3: GP refit  (12 labelled)
  → SM-17556  gap=0.673 eV  best=0.219 eV  top50=0  top10%=3
Cycle   4: GP refit  (13 labelled)
  → SM-17055  gap=0.819 eV  best=0.219 eV  top50=0  top10%=4
Cycle   5: GP refit  (14 labelled)
  → SM-18011  gap=1.109 eV  best=0.219 eV  top50=0  top10%=4
Cycle   6: full DKL retrain  (15 labelled)
GP warmup: 20 epochs on initial embeddings
Joint DKL training: 50 epochs
  Epoch 20/50  loss=1.2409
  Epoch 40/50  loss=1.1569
DKL training done in 0.4s
  → SM-5439  gap=0.416 eV  best=0.219 eV  top50=0  top10%=5
Cycle   7: GP refit  (16 labelled)
  → SM-17303  gap=0.343 eV  best=0.219 eV  top50=0  top10%=6
Cycle   8: GP refit  (17 labelled)
  → SM-6232  gap=0.164 eV  best=0.164 eV  top50=1  top10%=7
Cycle   9: GP refit  (18 labelled)
  → SM-6239  gap=0.740 eV  best=0.164 eV  top50=1  top10%=8
Cycle  10: GP refit  (19 labelled)
  → SM-17557  gap=0.465 eV  best=0.164 eV  top50=1  top10%=9
Cycle  11: full DKL retrain  (20 labelled)
GP warmup: 20 epochs on initial embeddings
Joint DKL training: 50 epochs
  Epoch 20/50  loss=0.3804
  Epoch 40/50  loss=0.0871
DKL training done in 0.4s
  → SM-13654  gap=1.032 eV  best=0.164 eV  top50=1  top10%=9
Cycle  12: GP refit  (21 labelled)
  → SM-4444  gap=1.211 eV  best=0.164 eV  top50=1  top10%=9
Cycle  13: GP refit  (22 labelled)
  → SM-6741  gap=0.118 eV  best=0.118 eV  top50=2  top10%=10
Cycle  14: GP refit  (23 labelled)
  → SM-580  gap=3.264 eV  best=0.118 eV  top50=2  top10%=10
Cycle  15: GP refit  (24 labelled)
  → SM-16228  gap=0.698 eV  best=0.118 eV  top50=2  top10%=11
Cycle  16: full DKL retrain  (25 labelled)
GP warmup: 20 epochs on initial embeddings
Joint DKL training: 50 epochs
  Epoch 20/50  loss=1.4355
  Epoch 40/50  loss=0.5851
DKL training done in 0.5s
  → SM-1627  gap=1.242 eV  best=0.118 eV  top50=2  top10%=11
Cycle  17: GP refit  (26 labelled)
  → SM-7448  gap=0.566 eV  best=0.118 eV  top50=2  top10%=12
Cycle  18: GP refit  (27 labelled)
  → SM-1642  gap=0.640 eV  best=0.118 eV  top50=2  top10%=13
Cycle  19: GP refit  (28 labelled)
  → SM-7027  gap=3.278 eV  best=0.118 eV  top50=2  top10%=13
Cycle  20: GP refit  (29 labelled)
  → SM-19725  gap=0.373 eV  best=0.118 eV  top50=2  top10%=14
Cycle  21: full DKL retrain  (30 labelled)
GP warmup: 20 epochs on initial embeddings
Joint DKL training: 50 epochs
  Epoch 20/50  loss=1.2369
  Epoch 40/50  loss=0.7022
DKL training done in 0.4s
  → SM-20578  gap=0.370 eV  best=0.118 eV  top50=2  top10%=15
Cycle  22: GP refit  (31 labelled)
  → SM-16065  gap=3.016 eV  best=0.118 eV  top50=2  top10%=15
Cycle  23: GP refit  (32 labelled)
  → SM-17308  gap=0.696 eV  best=0.118 eV  top50=2  top10%=16
Cycle  24: GP refit  (33 labelled)
  → SM-14081  gap=0.291 eV  best=0.118 eV  top50=2  top10%=17
Cycle  25: GP refit  (34 labelled)
  → SM-1576  gap=0.075 eV  best=0.075 eV  top50=3  top10%=18
Cycle  26: full DKL retrain  (35 labelled)
GP warmup: 20 epochs on initial embeddings
Joint DKL training: 50 epochs
  Epoch 20/50  loss=0.9074
  Epoch 40/50  loss=0.6510
DKL training done in 0.5s
  → SM-256  gap=2.577 eV  best=0.075 eV  top50=3  top10%=18
Cycle  27: GP refit  (36 labelled)
  → SM-9983  gap=0.305 eV  best=0.075 eV  top50=3  top10%=19
Cycle  28: GP refit  (37 labelled)
  → SM-4401  gap=0.725 eV  best=0.075 eV  top50=3  top10%=20
Cycle  29: GP refit  (38 labelled)
  → SM-16027  gap=1.232 eV  best=0.075 eV  top50=3  top10%=20
Cycle  30: GP refit  (39 labelled)
  → SM-17263  gap=1.010 eV  best=0.075 eV  top50=3  top10%=20
Cycle  31: full DKL retrain  (40 labelled)
GP warmup: 20 epochs on initial embeddings
Joint DKL training: 50 epochs
  Epoch 20/50  loss=0.5690
  Epoch 40/50  loss=0.3855
DKL training done in 0.6s
  → SM-10404  gap=2.305 eV  best=0.075 eV  top50=3  top10%=20
Cycle  32: GP refit  (41 labelled)
  → SM-16170  gap=2.778 eV  best=0.075 eV  top50=3  top10%=20
Cycle  33: GP refit  (42 labelled)
  → SM-9037  gap=1.273 eV  best=0.075 eV  top50=3  top10%=20
Cycle  34: GP refit  (43 labelled)
  → SM-10673  gap=0.417 eV  best=0.075 eV  top50=3  top10%=21
Cycle  35: GP refit  (44 labelled)
  → SM-4288  gap=0.958 eV  best=0.075 eV  top50=3  top10%=21
Cycle  36: full DKL retrain  (45 labelled)
GP warmup: 20 epochs on initial embeddings
Joint DKL training: 50 epochs
  Epoch 20/50  loss=0.8755
  Epoch 40/50  loss=0.6951
DKL training done in 0.4s
  → SM-12730  gap=2.338 eV  best=0.075 eV  top50=3  top10%=21
Cycle  37: GP refit  (46 labelled)
  → SM-14094  gap=0.268 eV  best=0.075 eV  top50=3  top10%=22
Cycle  38: GP refit  (47 labelled)
  → SM-9287  gap=3.100 eV  best=0.075 eV  top50=3  top10%=22
Cycle  39: GP refit  (48 labelled)
  → SM-5224  gap=0.427 eV  best=0.075 eV  top50=3  top10%=23
Cycle  40: GP refit  (49 labelled)
  → SM-18032  gap=3.002 eV  best=0.075 eV  top50=3  top10%=23
Cycle  41: full DKL retrain  (50 labelled)
GP warmup: 20 epochs on initial embeddings
Joint DKL training: 50 epochs
  Epoch 20/50  loss=1.0783
  Epoch 40/50  loss=0.8381
DKL training done in 0.3s
  → SM-407  gap=1.662 eV  best=0.075 eV  top50=3  top10%=23
Cycle  42: GP refit  (51 labelled)
  → SM-8920  gap=1.219 eV  best=0.075 eV  top50=3  top10%=23
Cycle  43: GP refit  (52 labelled)
  → SM-10653  gap=1.488 eV  best=0.075 eV  top50=3  top10%=23
Cycle  44: GP refit  (53 labelled)
  → SM-8927  gap=2.971 eV  best=0.075 eV  top50=3  top10%=23
Cycle  45: GP refit  (54 labelled)
  → SM-1556  gap=0.550 eV  best=0.075 eV  top50=3  top10%=24
Cycle  46: full DKL retrain  (55 labelled)
GP warmup: 20 epochs on initial embeddings
Joint DKL training: 50 epochs
  Epoch 20/50  loss=0.8688
  Epoch 40/50  loss=0.7374
DKL training done in 0.5s
  → SM-7092  gap=0.749 eV  best=0.075 eV  top50=3  top10%=25
Cycle  47: GP refit  (56 labelled)
  → SM-14619  gap=1.000 eV  best=0.075 eV  top50=3  top10%=25
Cycle  48: GP refit  (57 labelled)
  → SM-16919  gap=0.680 eV  best=0.075 eV  top50=3  top10%=26
Cycle  49: GP refit  (58 labelled)
  → SM-14405  gap=0.960 eV  best=0.075 eV  top50=3  top10%=26
Cycle  50: GP refit  (59 labelled)
  → SM-14979  gap=0.909 eV  best=0.075 eV  top50=3  top10%=27
Cycle  51: full DKL retrain  (60 labelled)
GP warmup: 20 epochs on initial embeddings
Joint DKL training: 50 epochs
  Epoch 20/50  loss=0.5008
  Epoch 40/50  loss=0.3484
DKL training done in 0.5s
  → SM-1690  gap=0.022 eV  best=0.022 eV  top50=4  top10%=28
Cycle  52: GP refit  (61 labelled)
  → SM-1400  gap=0.601 eV  best=0.022 eV  top50=4  top10%=29
Cycle  53: GP refit  (62 labelled)
  → SM-17155  gap=0.731 eV  best=0.022 eV  top50=4  top10%=30
Cycle  54: GP refit  (63 labelled)
  → SM-4448  gap=0.736 eV  best=0.022 eV  top50=4  top10%=31
Cycle  55: GP refit  (64 labelled)
  → SM-1643  gap=0.798 eV  best=0.022 eV  top50=4  top10%=32
Cycle  56: full DKL retrain  (65 labelled)
GP warmup: 20 epochs on initial embeddings
Joint DKL training: 50 epochs
  Epoch 20/50  loss=0.2891
  Epoch 40/50  loss=0.1346
DKL training done in 0.5s
  → SM-18184  gap=0.704 eV  best=0.022 eV  top50=4  top10%=33
Cycle  57: GP refit  (66 labelled)
  → SM-4423  gap=1.045 eV  best=0.022 eV  top50=4  top10%=33
Cycle  58: GP refit  (67 labelled)
  → SM-14631  gap=0.136 eV  best=0.022 eV  top50=5  top10%=34
Cycle  59: GP refit  (68 labelled)
  → SM-4435  gap=0.924 eV  best=0.022 eV  top50=5  top10%=35
Cycle  60: GP refit  (69 labelled)
  → SM-8265  gap=0.622 eV  best=0.022 eV  top50=5  top10%=36
Cycle  61: full DKL retrain  (70 labelled)
GP warmup: 20 epochs on initial embeddings
Joint DKL training: 50 epochs
  Epoch 20/50  loss=0.3128
  Epoch 40/50  loss=0.1272
DKL training done in 0.4s
  → SM-5210  gap=3.787 eV  best=0.022 eV  top50=5  top10%=36
Cycle  62: GP refit  (71 labelled)
  → SM-12472  gap=1.218 eV  best=0.022 eV  top50=5  top10%=36
Cycle  63: GP refit  (72 labelled)
  → SM-11202  gap=1.280 eV  best=0.022 eV  top50=5  top10%=36
Cycle  64: GP refit  (73 labelled)
  → SM-10890  gap=1.289 eV  best=0.022 eV  top50=5  top10%=36
Cycle  65: GP refit  (74 labelled)
  → SM-8341  gap=1.056 eV  best=0.022 eV  top50=5  top10%=36
Cycle  66: full DKL retrain  (75 labelled)
GP warmup: 20 epochs on initial embeddings
Joint DKL training: 50 epochs
  Epoch 20/50  loss=0.4091
  Epoch 40/50  loss=0.2773
DKL training done in 0.4s
  → SM-17571  gap=2.773 eV  best=0.022 eV  top50=5  top10%=36
Cycle  67: GP refit  (76 labelled)
  → SM-4421  gap=0.700 eV  best=0.022 eV  top50=5  top10%=37
Cycle  68: GP refit  (77 labelled)
  → SM-10631  gap=0.655 eV  best=0.022 eV  top50=5  top10%=38
Cycle  69: GP refit  (78 labelled)
  → SM-9277  gap=0.584 eV  best=0.022 eV  top50=5  top10%=39
Cycle  70: GP refit  (79 labelled)
  → SM-10630  gap=0.908 eV  best=0.022 eV  top50=5  top10%=40
Cycle  71: full DKL retrain  (80 labelled)
GP warmup: 20 epochs on initial embeddings
Joint DKL training: 50 epochs
  Epoch 20/50  loss=0.2559
  Epoch 40/50  loss=0.0689
DKL training done in 0.5s
  → SM-4426  gap=0.612 eV  best=0.022 eV  top50=5  top10%=41
Cycle  72: GP refit  (81 labelled)
  → SM-1734  gap=0.156 eV  best=0.022 eV  top50=6  top10%=42
Cycle  73: GP refit  (82 labelled)
  → SM-1006  gap=1.597 eV  best=0.022 eV  top50=6  top10%=42
Cycle  74: GP refit  (83 labelled)
  → SM-17209  gap=1.660 eV  best=0.022 eV  top50=6  top10%=42
Cycle  75: GP refit  (84 labelled)
  → SM-19849  gap=1.961 eV  best=0.022 eV  top50=6  top10%=42
Cycle  76: full DKL retrain  (85 labelled)
GP warmup: 20 epochs on initial embeddings
Joint DKL training: 50 epochs
  Epoch 20/50  loss=0.1979
  Epoch 40/50  loss=-0.0080
DKL training done in 0.4s
  → SM-10629  gap=0.154 eV  best=0.022 eV  top50=7  top10%=43
Cycle  77: GP refit  (86 labelled)
  → SM-14916  gap=0.394 eV  best=0.022 eV  top50=7  top10%=44
Cycle  78: GP refit  (87 labelled)
  → SM-9094  gap=1.096 eV  best=0.022 eV  top50=7  top10%=44
Cycle  79: GP refit  (88 labelled)
  → SM-14529  gap=0.568 eV  best=0.022 eV  top50=7  top10%=45
Cycle  80: GP refit  (89 labelled)
  → SM-4428  gap=0.507 eV  best=0.022 eV  top50=7  top10%=46
Cycle  81: full DKL retrain  (90 labelled)
GP warmup: 20 epochs on initial embeddings
Joint DKL training: 50 epochs
  Epoch 20/50  loss=-0.0949
  Epoch 40/50  loss=-0.3195
DKL training done in 0.5s
  → SM-17118  gap=0.859 eV  best=0.022 eV  top50=7  top10%=47
Cycle  82: GP refit  (91 labelled)
  → SM-4292  gap=1.133 eV  best=0.022 eV  top50=7  top10%=47
Cycle  83: GP refit  (92 labelled)
  → SM-8918  gap=1.236 eV  best=0.022 eV  top50=7  top10%=47
Cycle  84: GP refit  (93 labelled)
  → SM-12639  gap=1.120 eV  best=0.022 eV  top50=7  top10%=47
Cycle  85: GP refit  (94 labelled)
  → SM-10564  gap=1.109 eV  best=0.022 eV  top50=7  top10%=47
Cycle  86: full DKL retrain  (95 labelled)
GP warmup: 20 epochs on initial embeddings
Joint DKL training: 50 epochs
  Epoch 20/50  loss=-0.0424
  Epoch 40/50  loss=-0.4460
DKL training done in 0.5s
  → SM-13749  gap=2.463 eV  best=0.022 eV  top50=7  top10%=47
Cycle  87: GP refit  (96 labelled)
  → SM-4446  gap=0.430 eV  best=0.022 eV  top50=7  top10%=48
Cycle  88: GP refit  (97 labelled)
  → SM-11231  gap=2.527 eV  best=0.022 eV  top50=7  top10%=48
Cycle  89: GP refit  (98 labelled)
  → SM-15032  gap=1.088 eV  best=0.022 eV  top50=7  top10%=48
Cycle  90: GP refit  (99 labelled)
  → SM-4440  gap=0.363 eV  best=0.022 eV  top50=7  top10%=49
Cycle  91: full DKL retrain  (100 labelled)
GP warmup: 20 epochs on initial embeddings
Joint DKL training: 50 epochs
  Epoch 20/50  loss=-0.0081
  Epoch 40/50  loss=-0.2408
DKL training done in 0.6s
  → SM-1509  gap=0.986 eV  best=0.022 eV  top50=7  top10%=49
Cycle  92: GP refit  (101 labelled)
  → SM-9351  gap=1.030 eV  best=0.022 eV  top50=7  top10%=49
Cycle  93: GP refit  (102 labelled)
  → SM-16171  gap=0.940 eV  best=0.022 eV  top50=7  top10%=50
Cycle  94: GP refit  (103 labelled)
  → SM-4438  gap=0.534 eV  best=0.022 eV  top50=7  top10%=51
Cycle  95: GP refit  (104 labelled)
  → SM-4434  gap=0.879 eV  best=0.022 eV  top50=7  top10%=52
Cycle  96: full DKL retrain  (105 labelled)
GP warmup: 20 epochs on initial embeddings
Joint DKL training: 50 epochs
  Epoch 20/50  loss=-0.2575
  Epoch 40/50  loss=-0.5762
DKL training done in 0.4s
  → SM-13750  gap=2.117 eV  best=0.022 eV  top50=7  top10%=52
Cycle  97: GP refit  (106 labelled)
  → SM-14428  gap=0.790 eV  best=0.022 eV  top50=7  top10%=53
Cycle  98: GP refit  (107 labelled)
  → SM-10295  gap=1.462 eV  best=0.022 eV  top50=7  top10%=53
Cycle  99: GP refit  (108 labelled)
  → SM-4450  gap=0.681 eV  best=0.022 eV  top50=7  top10%=54
Cycle 100: GP refit  (109 labelled)
  → SM-17288  gap=1.087 eV  best=0.022 eV  top50=7  top10%=54
  gap_min/seed1 → best=0.022 top50=7 top10%=54
BOLoop: 3131 materials  |  direction=min  |  top-50 internal threshold=-0.19  top-10% internal threshold=-0.96
Init: 10 random labels  |  best (min) = 0.427
Cycle   1: full DKL retrain  (10 labelled)
GP warmup: 20 epochs on initial embeddings
/home/roy/software/anaconda3/lib/python3.13/site-packages/torch/_compile.py:32: UserWarning: optimizer contains a parameter group with duplicate parameters; in future, this will cause an error; see github.com/pytorch/pytorch/issues/40967 for more information
  return disable_fn(*args, **kwargs)
Joint DKL training: 50 epochs
  Epoch 20/50  loss=2.8444
  Epoch 40/50  loss=2.6204
DKL training done in 0.5s
  → SM-16171  gap=0.940 eV  best=0.427 eV  top50=0  top10%=1
Cycle   2: GP refit  (11 labelled)
  → SM-6237  gap=0.454 eV  best=0.427 eV  top50=0  top10%=2
Cycle   3: GP refit  (12 labelled)
  → SM-833  gap=1.520 eV  best=0.427 eV  top50=0  top10%=2
Cycle   4: GP refit  (13 labelled)
  → SM-16653  gap=3.591 eV  best=0.427 eV  top50=0  top10%=2
Cycle   5: GP refit  (14 labelled)
  → SM-645  gap=1.354 eV  best=0.427 eV  top50=0  top10%=2
Cycle   6: full DKL retrain  (15 labelled)
GP warmup: 20 epochs on initial embeddings
Joint DKL training: 50 epochs
  Epoch 20/50  loss=1.7879
  Epoch 40/50  loss=1.6511
DKL training done in 0.5s
  → SM-5003  gap=19.720 eV  best=0.427 eV  top50=0  top10%=2
Cycle   7: GP refit  (16 labelled)
  → SM-256  gap=2.577 eV  best=0.427 eV  top50=0  top10%=2
Cycle   8: GP refit  (17 labelled)
  → SM-1690  gap=0.022 eV  best=0.022 eV  top50=1  top10%=3
Cycle   9: GP refit  (18 labelled)
  → SM-10880  gap=1.258 eV  best=0.022 eV  top50=1  top10%=3
Cycle  10: GP refit  (19 labelled)
  → SM-4450  gap=0.681 eV  best=0.022 eV  top50=1  top10%=4
Cycle  11: full DKL retrain  (20 labelled)
GP warmup: 20 epochs on initial embeddings
Joint DKL training: 50 epochs
  Epoch 20/50  loss=2.1255
  Epoch 40/50  loss=2.0209
DKL training done in 0.5s
  → SM-11686  gap=3.701 eV  best=0.022 eV  top50=1  top10%=4
Cycle  12: GP refit  (21 labelled)
  → SM-20226  gap=0.057 eV  best=0.022 eV  top50=2  top10%=5
Cycle  13: GP refit  (22 labelled)
  → SM-5031  gap=0.694 eV  best=0.022 eV  top50=2  top10%=6
Cycle  14: GP refit  (23 labelled)
  → SM-1509  gap=0.986 eV  best=0.022 eV  top50=2  top10%=6
Cycle  15: GP refit  (24 labelled)
  → SM-4259  gap=3.068 eV  best=0.022 eV  top50=2  top10%=6
Cycle  16: full DKL retrain  (25 labelled)
GP warmup: 20 epochs on initial embeddings
Joint DKL training: 50 epochs
  Epoch 20/50  loss=1.8658
  Epoch 40/50  loss=1.5044
DKL training done in 0.5s
  → SM-9235  gap=3.067 eV  best=0.022 eV  top50=2  top10%=6
Cycle  17: GP refit  (26 labelled)
  → SM-4448  gap=0.736 eV  best=0.022 eV  top50=2  top10%=7
Cycle  18: GP refit  (27 labelled)
  → SM-4421  gap=0.700 eV  best=0.022 eV  top50=2  top10%=8
Cycle  19: GP refit  (28 labelled)
  → SM-4428  gap=0.507 eV  best=0.022 eV  top50=2  top10%=9
Cycle  20: GP refit  (29 labelled)
  → SM-4444  gap=1.211 eV  best=0.022 eV  top50=2  top10%=9
Cycle  21: full DKL retrain  (30 labelled)
GP warmup: 20 epochs on initial embeddings
Joint DKL training: 50 epochs
  Epoch 20/50  loss=1.1556
  Epoch 40/50  loss=1.0057
DKL training done in 0.4s
  → SM-6515  gap=0.263 eV  best=0.022 eV  top50=2  top10%=10
Cycle  22: GP refit  (31 labelled)
  → SM-105  gap=0.138 eV  best=0.022 eV  top50=3  top10%=11
Cycle  23: GP refit  (32 labelled)
  → SM-16949  gap=2.998 eV  best=0.022 eV  top50=3  top10%=11
Cycle  24: GP refit  (33 labelled)
  → SM-19064  gap=0.153 eV  best=0.022 eV  top50=4  top10%=12
Cycle  25: GP refit  (34 labelled)
  → SM-20258  gap=1.208 eV  best=0.022 eV  top50=4  top10%=12
Cycle  26: full DKL retrain  (35 labelled)
GP warmup: 20 epochs on initial embeddings
Joint DKL training: 50 epochs
  Epoch 20/50  loss=0.8803
  Epoch 40/50  loss=0.7354
DKL training done in 0.4s
  → SM-5015  gap=15.528 eV  best=0.022 eV  top50=4  top10%=12
Cycle  27: GP refit  (36 labelled)
  → SM-19488  gap=0.061 eV  best=0.022 eV  top50=5  top10%=13
Cycle  28: GP refit  (37 labelled)
  → SM-15799  gap=3.620 eV  best=0.022 eV  top50=5  top10%=13
Cycle  29: GP refit  (38 labelled)
  → SM-4288  gap=0.958 eV  best=0.022 eV  top50=5  top10%=13
Cycle  30: GP refit  (39 labelled)
  → SM-4401  gap=0.725 eV  best=0.022 eV  top50=5  top10%=14
Cycle  31: full DKL retrain  (40 labelled)
GP warmup: 20 epochs on initial embeddings
Joint DKL training: 50 epochs
  Epoch 20/50  loss=1.6656
  Epoch 40/50  loss=1.4348
DKL training done in 0.4s
  → SM-7178  gap=0.579 eV  best=0.022 eV  top50=5  top10%=15
Cycle  32: GP refit  (41 labelled)
  → SM-159  gap=5.294 eV  best=0.022 eV  top50=5  top10%=15
Cycle  33: GP refit  (42 labelled)
  → SM-8722  gap=3.127 eV  best=0.022 eV  top50=5  top10%=15
Cycle  34: GP refit  (43 labelled)
  → SM-18777  gap=0.274 eV  best=0.022 eV  top50=5  top10%=16
Cycle  35: GP refit  (44 labelled)
  → SM-5013  gap=14.425 eV  best=0.022 eV  top50=5  top10%=16
Cycle  36: full DKL retrain  (45 labelled)
GP warmup: 20 epochs on initial embeddings
Joint DKL training: 50 epochs
  Epoch 20/50  loss=1.4703
  Epoch 40/50  loss=1.2333
DKL training done in 0.4s
  → SM-16214  gap=0.891 eV  best=0.022 eV  top50=5  top10%=17
Cycle  37: GP refit  (46 labelled)
  → SM-12577  gap=3.231 eV  best=0.022 eV  top50=5  top10%=17
Cycle  38: GP refit  (47 labelled)
  → SM-1753  gap=0.022 eV  best=0.022 eV  top50=6  top10%=18
Cycle  39: GP refit  (48 labelled)
  → SM-480  gap=0.707 eV  best=0.022 eV  top50=6  top10%=19
Cycle  40: GP refit  (49 labelled)
  → SM-17540  gap=2.507 eV  best=0.022 eV  top50=6  top10%=19
Cycle  41: full DKL retrain  (50 labelled)
GP warmup: 20 epochs on initial embeddings
Joint DKL training: 50 epochs
  Epoch 20/50  loss=1.3660
  Epoch 40/50  loss=1.1234
DKL training done in 0.5s
  → SM-17327  gap=2.822 eV  best=0.022 eV  top50=6  top10%=19
Cycle  42: GP refit  (51 labelled)
  → SM-14004  gap=0.459 eV  best=0.022 eV  top50=6  top10%=20
Cycle  43: GP refit  (52 labelled)
  → SM-6115  gap=3.579 eV  best=0.022 eV  top50=6  top10%=20
Cycle  44: GP refit  (53 labelled)
  → SM-19112  gap=7.731 eV  best=0.022 eV  top50=6  top10%=20
Cycle  45: GP refit  (54 labelled)
  → SM-19485  gap=0.019 eV  best=0.019 eV  top50=7  top10%=21
Cycle  46: full DKL retrain  (55 labelled)
GP warmup: 20 epochs on initial embeddings
Joint DKL training: 50 epochs
  Epoch 20/50  loss=0.8788
  Epoch 40/50  loss=0.7512
DKL training done in 0.5s
  → SM-1525  gap=1.407 eV  best=0.019 eV  top50=7  top10%=21
Cycle  47: GP refit  (56 labelled)
  → SM-1563  gap=0.181 eV  best=0.019 eV  top50=8  top10%=22
Cycle  48: GP refit  (57 labelled)
  → SM-13591  gap=0.360 eV  best=0.019 eV  top50=8  top10%=23
Cycle  49: GP refit  (58 labelled)
  → SM-10647  gap=0.087 eV  best=0.019 eV  top50=9  top10%=24
Cycle  50: GP refit  (59 labelled)
  → SM-17065  gap=0.892 eV  best=0.019 eV  top50=9  top10%=25
Cycle  51: full DKL retrain  (60 labelled)
GP warmup: 20 epochs on initial embeddings
Joint DKL training: 50 epochs
  Epoch 20/50  loss=0.5836
  Epoch 40/50  loss=0.4575
DKL training done in 0.5s
  → SM-17051  gap=0.415 eV  best=0.019 eV  top50=9  top10%=26
Cycle  52: GP refit  (61 labelled)
  → SM-1015  gap=1.289 eV  best=0.019 eV  top50=9  top10%=26
Cycle  53: GP refit  (62 labelled)
  → SM-14253  gap=2.979 eV  best=0.019 eV  top50=9  top10%=26
Cycle  54: GP refit  (63 labelled)
  → SM-265  gap=2.525 eV  best=0.019 eV  top50=9  top10%=26
Cycle  55: GP refit  (64 labelled)
  → SM-1364  gap=0.323 eV  best=0.019 eV  top50=9  top10%=27
Cycle  56: full DKL retrain  (65 labelled)
GP warmup: 20 epochs on initial embeddings
Joint DKL training: 50 epochs
  Epoch 20/50  loss=1.1955
  Epoch 40/50  loss=0.9252
DKL training done in 0.4s
  → SM-19709  gap=2.756 eV  best=0.019 eV  top50=9  top10%=27
Cycle  57: GP refit  (66 labelled)
  → SM-4426  gap=0.612 eV  best=0.019 eV  top50=9  top10%=28
Cycle  58: GP refit  (67 labelled)
  → SM-19104  gap=4.708 eV  best=0.019 eV  top50=9  top10%=28
Cycle  59: GP refit  (68 labelled)
  → SM-17726  gap=2.694 eV  best=0.019 eV  top50=9  top10%=28
Cycle  60: GP refit  (69 labelled)
  → SM-4434  gap=0.879 eV  best=0.019 eV  top50=9  top10%=29
Cycle  61: full DKL retrain  (70 labelled)
GP warmup: 20 epochs on initial embeddings
Joint DKL training: 50 epochs
  Epoch 20/50  loss=0.7492
  Epoch 40/50  loss=0.5290
DKL training done in 0.5s
  → SM-4254  gap=0.354 eV  best=0.019 eV  top50=9  top10%=30
Cycle  62: GP refit  (71 labelled)
  → SM-13564  gap=0.410 eV  best=0.019 eV  top50=9  top10%=31
Cycle  63: GP refit  (72 labelled)
  → SM-6232  gap=0.164 eV  best=0.019 eV  top50=10  top10%=32
Cycle  64: GP refit  (73 labelled)
  → SM-435  gap=0.246 eV  best=0.019 eV  top50=10  top10%=33
Cycle  65: GP refit  (74 labelled)
  → SM-15769  gap=0.135 eV  best=0.019 eV  top50=11  top10%=34
Cycle  66: full DKL retrain  (75 labelled)
GP warmup: 20 epochs on initial embeddings
Joint DKL training: 50 epochs
  Epoch 20/50  loss=0.3245
  Epoch 40/50  loss=0.1829
DKL training done in 0.5s
  → SM-15785  gap=0.160 eV  best=0.019 eV  top50=12  top10%=35
Cycle  67: GP refit  (76 labelled)
  → SM-14406  gap=1.499 eV  best=0.019 eV  top50=12  top10%=35
Cycle  68: GP refit  (77 labelled)
  → SM-14372  gap=2.218 eV  best=0.019 eV  top50=12  top10%=35
Cycle  69: GP refit  (78 labelled)
  → SM-16130  gap=0.871 eV  best=0.019 eV  top50=12  top10%=36
Cycle  70: GP refit  (79 labelled)
  → SM-14300  gap=1.525 eV  best=0.019 eV  top50=12  top10%=36
Cycle  71: full DKL retrain  (80 labelled)
GP warmup: 20 epochs on initial embeddings
Joint DKL training: 50 epochs
  Epoch 20/50  loss=0.6839
  Epoch 40/50  loss=0.4395
DKL training done in 0.5s
  → SM-4348  gap=0.970 eV  best=0.019 eV  top50=12  top10%=36
Cycle  72: GP refit  (81 labelled)
  → SM-319  gap=1.340 eV  best=0.019 eV  top50=12  top10%=36
Cycle  73: GP refit  (82 labelled)
  → SM-19123  gap=3.073 eV  best=0.019 eV  top50=12  top10%=36
Cycle  74: GP refit  (83 labelled)
  → SM-20332  gap=8.573 eV  best=0.019 eV  top50=12  top10%=36
Cycle  75: GP refit  (84 labelled)
  → SM-17979  gap=1.768 eV  best=0.019 eV  top50=12  top10%=36
Cycle  76: full DKL retrain  (85 labelled)
GP warmup: 20 epochs on initial embeddings
Joint DKL training: 50 epochs
  Epoch 20/50  loss=0.7266
  Epoch 40/50  loss=0.5719
DKL training done in 0.5s
  → SM-1652  gap=1.253 eV  best=0.019 eV  top50=12  top10%=36
Cycle  77: GP refit  (86 labelled)
  → SM-1734  gap=0.156 eV  best=0.019 eV  top50=13  top10%=37
Cycle  78: GP refit  (87 labelled)
  → SM-14753  gap=0.041 eV  best=0.019 eV  top50=14  top10%=38
Cycle  79: GP refit  (88 labelled)
  → SM-1648  gap=0.649 eV  best=0.019 eV  top50=14  top10%=39
Cycle  80: GP refit  (89 labelled)
  → SM-1655  gap=1.686 eV  best=0.019 eV  top50=14  top10%=39
Cycle  81: full DKL retrain  (90 labelled)
GP warmup: 20 epochs on initial embeddings
Joint DKL training: 50 epochs
  Epoch 20/50  loss=0.4397
  Epoch 40/50  loss=0.2757
DKL training done in 0.6s
  → SM-19487  gap=0.024 eV  best=0.019 eV  top50=15  top10%=40
Cycle  82: GP refit  (91 labelled)
  → SM-4423  gap=1.045 eV  best=0.019 eV  top50=15  top10%=40
Cycle  83: GP refit  (92 labelled)
  → SM-10262  gap=2.577 eV  best=0.019 eV  top50=15  top10%=40
Cycle  84: GP refit  (93 labelled)
  → SM-19481  gap=3.185 eV  best=0.019 eV  top50=15  top10%=40
Cycle  85: GP refit  (94 labelled)
  → SM-9277  gap=0.584 eV  best=0.019 eV  top50=15  top10%=41
Cycle  86: full DKL retrain  (95 labelled)
GP warmup: 20 epochs on initial embeddings
Joint DKL training: 50 epochs
  Epoch 20/50  loss=0.5522
  Epoch 40/50  loss=0.3821
DKL training done in 0.4s
  → SM-6081  gap=0.588 eV  best=0.019 eV  top50=15  top10%=42
Cycle  87: GP refit  (96 labelled)
  → SM-4302  gap=1.806 eV  best=0.019 eV  top50=15  top10%=42
Cycle  88: GP refit  (97 labelled)
  → SM-16919  gap=0.680 eV  best=0.019 eV  top50=15  top10%=43
Cycle  89: GP refit  (98 labelled)
  → SM-11005  gap=1.389 eV  best=0.019 eV  top50=15  top10%=43
Cycle  90: GP refit  (99 labelled)
  → SM-287  gap=2.665 eV  best=0.019 eV  top50=15  top10%=43
Cycle  91: full DKL retrain  (100 labelled)
GP warmup: 20 epochs on initial embeddings
Joint DKL training: 50 epochs
  Epoch 20/50  loss=0.5506
  Epoch 40/50  loss=0.3880
DKL training done in 0.5s
  → SM-3068  gap=0.818 eV  best=0.019 eV  top50=15  top10%=44
Cycle  92: GP refit  (101 labelled)
  → SM-4440  gap=0.363 eV  best=0.019 eV  top50=15  top10%=45
Cycle  93: GP refit  (102 labelled)
  → SM-4446  gap=0.430 eV  best=0.019 eV  top50=15  top10%=46
Cycle  94: GP refit  (103 labelled)
  → SM-6741  gap=0.118 eV  best=0.019 eV  top50=16  top10%=47
Cycle  95: GP refit  (104 labelled)
  → SM-8657  gap=0.092 eV  best=0.019 eV  top50=17  top10%=48
Cycle  96: full DKL retrain  (105 labelled)
GP warmup: 20 epochs on initial embeddings
Joint DKL training: 50 epochs
  Epoch 20/50  loss=0.1753
  Epoch 40/50  loss=0.0475
DKL training done in 0.5s
  → SM-17086  gap=0.685 eV  best=0.019 eV  top50=17  top10%=49
Cycle  97: GP refit  (106 labelled)
  → SM-19641  gap=1.828 eV  best=0.019 eV  top50=17  top10%=49
Cycle  98: GP refit  (107 labelled)
  → SM-12730  gap=2.338 eV  best=0.019 eV  top50=17  top10%=49
Cycle  99: GP refit  (108 labelled)
  → SM-8473  gap=2.650 eV  best=0.019 eV  top50=17  top10%=49
Cycle 100: GP refit  (109 labelled)
  → SM-10640  gap=0.035 eV  best=0.019 eV  top50=18  top10%=50
  gap_min/seed2 → best=0.019 top50=18 top10%=50
BOLoop: 3131 materials  |  direction=min  |  top-50 internal threshold=-0.19  top-10% internal threshold=-0.96
Init: 10 random labels  |  best (min) = 0.072
Cycle   1: full DKL retrain  (10 labelled)
GP warmup: 20 epochs on initial embeddings
/home/roy/software/anaconda3/lib/python3.13/site-packages/torch/_compile.py:32: UserWarning: optimizer contains a parameter group with duplicate parameters; in future, this will cause an error; see github.com/pytorch/pytorch/issues/40967 for more information
  return disable_fn(*args, **kwargs)
Joint DKL training: 50 epochs
  Epoch 20/50  loss=2.8519
  Epoch 40/50  loss=2.6426
DKL training done in 0.5s
  → SM-14003  gap=1.028 eV  best=0.072 eV  top50=0  top10%=0
Cycle   2: GP refit  (11 labelled)
  → SM-1655  gap=1.686 eV  best=0.072 eV  top50=0  top10%=0
Cycle   3: GP refit  (12 labelled)
  → SM-11005  gap=1.389 eV  best=0.072 eV  top50=0  top10%=0
Cycle   4: GP refit  (13 labelled)
  → SM-9986  gap=3.280 eV  best=0.072 eV  top50=0  top10%=0
Cycle   5: GP refit  (14 labelled)
  → SM-20313  gap=0.189 eV  best=0.072 eV  top50=0  top10%=1
Cycle   6: full DKL retrain  (15 labelled)
GP warmup: 20 epochs on initial embeddings
Joint DKL training: 50 epochs
  Epoch 20/50  loss=1.4890
  Epoch 40/50  loss=1.3051
DKL training done in 0.5s
  → SM-17556  gap=0.673 eV  best=0.072 eV  top50=0  top10%=2
Cycle   7: GP refit  (16 labelled)
  → SM-20316  gap=1.189 eV  best=0.072 eV  top50=0  top10%=2
Cycle   8: GP refit  (17 labelled)
  → SM-10756  gap=2.444 eV  best=0.072 eV  top50=0  top10%=2
Cycle   9: GP refit  (18 labelled)
  → SM-20318  gap=1.098 eV  best=0.072 eV  top50=0  top10%=2
Cycle  10: GP refit  (19 labelled)
  → SM-4430  gap=1.240 eV  best=0.072 eV  top50=0  top10%=2
Cycle  11: full DKL retrain  (20 labelled)
GP warmup: 20 epochs on initial embeddings
Joint DKL training: 50 epochs
  Epoch 20/50  loss=1.2150
  Epoch 40/50  loss=1.0059
DKL training done in 0.5s
  → SM-705  gap=2.461 eV  best=0.072 eV  top50=0  top10%=2
Cycle  12: GP refit  (21 labelled)
  → SM-682  gap=1.046 eV  best=0.072 eV  top50=0  top10%=2
Cycle  13: GP refit  (22 labelled)
  → SM-16214  gap=0.891 eV  best=0.072 eV  top50=0  top10%=3
Cycle  14: GP refit  (23 labelled)
  → SM-5126  gap=0.516 eV  best=0.072 eV  top50=0  top10%=4
Cycle  15: GP refit  (24 labelled)
  → SM-688  gap=1.470 eV  best=0.072 eV  top50=0  top10%=4
Cycle  16: full DKL retrain  (25 labelled)
GP warmup: 20 epochs on initial embeddings
Joint DKL training: 50 epochs
  Epoch 20/50  loss=0.8988
  Epoch 40/50  loss=0.6835
DKL training done in 0.4s
  → SM-4348  gap=0.970 eV  best=0.072 eV  top50=0  top10%=4
Cycle  17: GP refit  (26 labelled)
  → SM-17979  gap=1.768 eV  best=0.072 eV  top50=0  top10%=4
Cycle  18: GP refit  (27 labelled)
  → SM-1015  gap=1.289 eV  best=0.072 eV  top50=0  top10%=4
Cycle  19: GP refit  (28 labelled)
  → SM-4352  gap=0.719 eV  best=0.072 eV  top50=0  top10%=5
Cycle  20: GP refit  (29 labelled)
  → SM-5276  gap=3.553 eV  best=0.072 eV  top50=0  top10%=5
Cycle  21: full DKL retrain  (30 labelled)
GP warmup: 20 epochs on initial embeddings
Joint DKL training: 50 epochs
  Epoch 20/50  loss=1.1399
  Epoch 40/50  loss=0.7636
DKL training done in 0.5s
  → SM-7377  gap=0.271 eV  best=0.072 eV  top50=0  top10%=6
Cycle  22: GP refit  (31 labelled)
  → SM-7534  gap=1.341 eV  best=0.072 eV  top50=0  top10%=6
Cycle  23: GP refit  (32 labelled)
  → SM-4349  gap=1.588 eV  best=0.072 eV  top50=0  top10%=6
Cycle  24: GP refit  (33 labelled)
  → SM-7457  gap=0.461 eV  best=0.072 eV  top50=0  top10%=7
Cycle  25: GP refit  (34 labelled)
  → SM-4337  gap=1.661 eV  best=0.072 eV  top50=0  top10%=7
Cycle  26: full DKL retrain  (35 labelled)
GP warmup: 20 epochs on initial embeddings
Joint DKL training: 50 epochs
  Epoch 20/50  loss=0.6430
  Epoch 40/50  loss=0.5081
DKL training done in 0.4s
  → SM-4345  gap=1.307 eV  best=0.072 eV  top50=0  top10%=7
Cycle  27: GP refit  (36 labelled)
  → SM-679  gap=1.011 eV  best=0.072 eV  top50=0  top10%=7
Cycle  28: GP refit  (37 labelled)
  → SM-19883  gap=1.032 eV  best=0.072 eV  top50=0  top10%=7
Cycle  29: GP refit  (38 labelled)
  → SM-11003  gap=1.398 eV  best=0.072 eV  top50=0  top10%=7
Cycle  30: GP refit  (39 labelled)
  → SM-7939  gap=1.889 eV  best=0.072 eV  top50=0  top10%=7
Cycle  31: full DKL retrain  (40 labelled)
GP warmup: 20 epochs on initial embeddings
Joint DKL training: 50 epochs
  Epoch 20/50  loss=0.4854
  Epoch 40/50  loss=0.3887
DKL training done in 0.6s
  → SM-14529  gap=0.568 eV  best=0.072 eV  top50=0  top10%=8
Cycle  32: GP refit  (41 labelled)
  → SM-11916  gap=4.085 eV  best=0.072 eV  top50=0  top10%=8
Cycle  33: GP refit  (42 labelled)
  → SM-10439  gap=0.047 eV  best=0.047 eV  top50=1  top10%=9
Cycle  34: GP refit  (43 labelled)
  → SM-20180  gap=1.872 eV  best=0.047 eV  top50=1  top10%=9
Cycle  35: GP refit  (44 labelled)
  → SM-18201  gap=0.435 eV  best=0.047 eV  top50=1  top10%=10
Cycle  36: full DKL retrain  (45 labelled)
GP warmup: 20 epochs on initial embeddings
Joint DKL training: 50 epochs
  Epoch 20/50  loss=0.8337
  Epoch 40/50  loss=0.6362
DKL training done in 0.5s
  → SM-4303  gap=0.422 eV  best=0.047 eV  top50=1  top10%=11
Cycle  37: GP refit  (46 labelled)
  → SM-1525  gap=1.407 eV  best=0.047 eV  top50=1  top10%=11
Cycle  38: GP refit  (47 labelled)
  → SM-1550  gap=1.753 eV  best=0.047 eV  top50=1  top10%=11
Cycle  39: GP refit  (48 labelled)
  → SM-12177  gap=1.298 eV  best=0.047 eV  top50=1  top10%=11
Cycle  40: GP refit  (49 labelled)
  → SM-6616  gap=0.572 eV  best=0.047 eV  top50=1  top10%=12
Cycle  41: full DKL retrain  (50 labelled)
GP warmup: 20 epochs on initial embeddings
Joint DKL training: 50 epochs
  Epoch 20/50  loss=0.5139
  Epoch 40/50  loss=0.4230
DKL training done in 0.5s
  → SM-8069  gap=0.985 eV  best=0.047 eV  top50=1  top10%=12
Cycle  42: GP refit  (51 labelled)
  → SM-3120  gap=2.636 eV  best=0.047 eV  top50=1  top10%=12
Cycle  43: GP refit  (52 labelled)
  → SM-16930  gap=1.306 eV  best=0.047 eV  top50=1  top10%=12
Cycle  44: GP refit  (53 labelled)
  → SM-18574  gap=1.621 eV  best=0.047 eV  top50=1  top10%=12
Cycle  45: GP refit  (54 labelled)
  → SM-4426  gap=0.612 eV  best=0.047 eV  top50=1  top10%=13
Cycle  46: full DKL retrain  (55 labelled)
GP warmup: 20 epochs on initial embeddings
Joint DKL training: 50 epochs
  Epoch 20/50  loss=0.3443
  Epoch 40/50  loss=0.2365
DKL training done in 0.4s
  → SM-12198  gap=2.420 eV  best=0.047 eV  top50=1  top10%=13
Cycle  47: GP refit  (56 labelled)
  → SM-14094  gap=0.268 eV  best=0.047 eV  top50=1  top10%=14
Cycle  48: GP refit  (57 labelled)
  → SM-14081  gap=0.291 eV  best=0.047 eV  top50=1  top10%=15
Cycle  49: GP refit  (58 labelled)
  → SM-19904  gap=0.550 eV  best=0.047 eV  top50=1  top10%=16
Cycle  50: GP refit  (59 labelled)
  → SM-1556  gap=0.550 eV  best=0.047 eV  top50=1  top10%=17
Cycle  51: full DKL retrain  (60 labelled)
GP warmup: 20 epochs on initial embeddings
Joint DKL training: 50 epochs
  Epoch 20/50  loss=0.3489
  Epoch 40/50  loss=0.1860
DKL training done in 0.5s
  → SM-5210  gap=3.787 eV  best=0.047 eV  top50=1  top10%=17
Cycle  52: GP refit  (61 labelled)
  → SM-10589  gap=2.077 eV  best=0.047 eV  top50=1  top10%=17
Cycle  53: GP refit  (62 labelled)
  → SM-422  gap=0.992 eV  best=0.047 eV  top50=1  top10%=17
Cycle  54: GP refit  (63 labelled)
  → SM-419  gap=1.006 eV  best=0.047 eV  top50=1  top10%=17
Cycle  55: GP refit  (64 labelled)
  → SM-8920  gap=1.219 eV  best=0.047 eV  top50=1  top10%=17
Cycle  56: full DKL retrain  (65 labelled)
GP warmup: 20 epochs on initial embeddings
Joint DKL training: 50 epochs
  Epoch 20/50  loss=0.6937
  Epoch 40/50  loss=0.4651
DKL training done in 0.6s
  → SM-1753  gap=0.022 eV  best=0.022 eV  top50=2  top10%=18
Cycle  57: GP refit  (66 labelled)
  → SM-1551  gap=0.158 eV  best=0.022 eV  top50=3  top10%=19
Cycle  58: GP refit  (67 labelled)
  → SM-1734  gap=0.156 eV  best=0.022 eV  top50=4  top10%=20
Cycle  59: GP refit  (68 labelled)
  → SM-659  gap=0.729 eV  best=0.022 eV  top50=4  top10%=21
Cycle  60: GP refit  (69 labelled)
  → SM-17557  gap=0.465 eV  best=0.022 eV  top50=4  top10%=22
Cycle  61: full DKL retrain  (70 labelled)
GP warmup: 20 epochs on initial embeddings
Joint DKL training: 50 epochs
  Epoch 20/50  loss=-0.0116
  Epoch 40/50  loss=-0.1915
DKL training done in 0.6s
  → SM-14632  gap=0.480 eV  best=0.022 eV  top50=4  top10%=23
Cycle  62: GP refit  (71 labelled)
  → SM-6713  gap=0.192 eV  best=0.022 eV  top50=4  top10%=24
Cycle  63: GP refit  (72 labelled)
  → SM-17180  gap=1.016 eV  best=0.022 eV  top50=4  top10%=24
Cycle  64: GP refit  (73 labelled)
  → SM-7092  gap=0.749 eV  best=0.022 eV  top50=4  top10%=25
Cycle  65: GP refit  (74 labelled)
  → SM-476  gap=2.712 eV  best=0.022 eV  top50=4  top10%=25
Cycle  66: full DKL retrain  (75 labelled)
GP warmup: 20 epochs on initial embeddings
Joint DKL training: 50 epochs
  Epoch 20/50  loss=-0.0226
  Epoch 40/50  loss=-0.2690
DKL training done in 0.5s
  → SM-10672  gap=0.219 eV  best=0.022 eV  top50=4  top10%=26
Cycle  67: GP refit  (76 labelled)
  → SM-11011  gap=1.232 eV  best=0.022 eV  top50=4  top10%=26
Cycle  68: GP refit  (77 labelled)
  → SM-10397  gap=0.228 eV  best=0.022 eV  top50=4  top10%=27
Cycle  69: GP refit  (78 labelled)
  → SM-4438  gap=0.534 eV  best=0.022 eV  top50=4  top10%=28
Cycle  70: GP refit  (79 labelled)
  → SM-5031  gap=0.694 eV  best=0.022 eV  top50=4  top10%=29
Cycle  71: full DKL retrain  (80 labelled)
GP warmup: 20 epochs on initial embeddings
Joint DKL training: 50 epochs
  Epoch 20/50  loss=-0.3028
  Epoch 40/50  loss=-0.4894
DKL training done in 0.5s
  → SM-4291  gap=0.683 eV  best=0.022 eV  top50=4  top10%=30
Cycle  72: GP refit  (81 labelled)
  → SM-14091  gap=1.497 eV  best=0.022 eV  top50=4  top10%=30
Cycle  73: GP refit  (82 labelled)
  → SM-20179  gap=2.247 eV  best=0.022 eV  top50=4  top10%=30
Cycle  74: GP refit  (83 labelled)
  → SM-8573  gap=0.710 eV  best=0.022 eV  top50=4  top10%=31
Cycle  75: GP refit  (84 labelled)
  → SM-8806  gap=0.790 eV  best=0.022 eV  top50=4  top10%=32
Cycle  76: full DKL retrain  (85 labelled)
GP warmup: 20 epochs on initial embeddings
Joint DKL training: 50 epochs
  Epoch 20/50  loss=-0.3699
  Epoch 40/50  loss=-0.5823
DKL training done in 0.4s
  → SM-15785  gap=0.160 eV  best=0.022 eV  top50=5  top10%=33
Cycle  77: GP refit  (86 labelled)
  → SM-5673  gap=1.179 eV  best=0.022 eV  top50=5  top10%=33
Cycle  78: GP refit  (87 labelled)
  → SM-8685  gap=0.885 eV  best=0.022 eV  top50=5  top10%=34
Cycle  79: GP refit  (88 labelled)
  → SM-19520  gap=2.182 eV  best=0.022 eV  top50=5  top10%=34
Cycle  80: GP refit  (89 labelled)
  → SM-9094  gap=1.096 eV  best=0.022 eV  top50=5  top10%=34
Cycle  81: full DKL retrain  (90 labelled)
GP warmup: 20 epochs on initial embeddings
Joint DKL training: 50 epochs
  Epoch 20/50  loss=-0.6364
  Epoch 40/50  loss=-0.8157
DKL training done in 0.6s
  → SM-15769  gap=0.135 eV  best=0.022 eV  top50=6  top10%=35
Cycle  82: GP refit  (91 labelled)
  → SM-4283  gap=3.141 eV  best=0.022 eV  top50=6  top10%=35
Cycle  83: GP refit  (92 labelled)
  → SM-412  gap=1.881 eV  best=0.022 eV  top50=6  top10%=35
Cycle  84: GP refit  (93 labelled)
  → SM-17055  gap=0.819 eV  best=0.022 eV  top50=6  top10%=36
Cycle  85: GP refit  (94 labelled)
  → SM-4416  gap=1.311 eV  best=0.022 eV  top50=6  top10%=36
Cycle  86: full DKL retrain  (95 labelled)
GP warmup: 20 epochs on initial embeddings
Joint DKL training: 50 epochs
  Epoch 20/50  loss=-0.3934
  Epoch 40/50  loss=-0.5865
DKL training done in 0.5s
  → SM-15751  gap=0.039 eV  best=0.022 eV  top50=7  top10%=37
Cycle  87: GP refit  (96 labelled)
  → SM-10032  gap=0.458 eV  best=0.022 eV  top50=7  top10%=38
Cycle  88: GP refit  (97 labelled)
  → SM-4292  gap=1.133 eV  best=0.022 eV  top50=7  top10%=38
Cycle  89: GP refit  (98 labelled)
  → SM-4350  gap=0.593 eV  best=0.022 eV  top50=7  top10%=39
Cycle  90: GP refit  (99 labelled)
  → SM-14764  gap=0.452 eV  best=0.022 eV  top50=7  top10%=40
Cycle  91: full DKL retrain  (100 labelled)
GP warmup: 20 epochs on initial embeddings
Joint DKL training: 50 epochs
  Epoch 20/50  loss=-0.6551
  Epoch 40/50  loss=-0.8654
DKL training done in 0.5s
  → SM-3507  gap=2.390 eV  best=0.022 eV  top50=7  top10%=40
Cycle  92: GP refit  (101 labelled)
  → SM-17990  gap=0.627 eV  best=0.022 eV  top50=7  top10%=41
Cycle  93: GP refit  (102 labelled)
  → SM-1622  gap=0.350 eV  best=0.022 eV  top50=7  top10%=42
Cycle  94: GP refit  (103 labelled)
  → SM-8534  gap=0.273 eV  best=0.022 eV  top50=7  top10%=43
Cycle  95: GP refit  (104 labelled)
  → SM-16089  gap=0.796 eV  best=0.022 eV  top50=7  top10%=44
Cycle  96: full DKL retrain  (105 labelled)
GP warmup: 20 epochs on initial embeddings
Joint DKL training: 50 epochs
  Epoch 20/50  loss=-0.1495
  Epoch 40/50  loss=-0.3962
DKL training done in 0.5s
  → SM-17241  gap=0.331 eV  best=0.022 eV  top50=7  top10%=45
Cycle  97: GP refit  (106 labelled)
  → SM-14645  gap=0.802 eV  best=0.022 eV  top50=7  top10%=46
Cycle  98: GP refit  (107 labelled)
  → SM-11545  gap=1.517 eV  best=0.022 eV  top50=7  top10%=46
Cycle  99: GP refit  (108 labelled)
  → SM-14979  gap=0.909 eV  best=0.022 eV  top50=7  top10%=47
Cycle 100: GP refit  (109 labelled)
  → SM-10327  gap=0.841 eV  best=0.022 eV  top50=7  top10%=48
  gap_min/seed3 → best=0.022 top50=7 top10%=48
BOLoop: 3131 materials  |  direction=min  |  top-50 internal threshold=-0.19  top-10% internal threshold=-0.96
Init: 10 random labels  |  best (min) = 0.856
Cycle   1: full DKL retrain  (10 labelled)
GP warmup: 20 epochs on initial embeddings
/home/roy/software/anaconda3/lib/python3.13/site-packages/torch/_compile.py:32: UserWarning: optimizer contains a parameter group with duplicate parameters; in future, this will cause an error; see github.com/pytorch/pytorch/issues/40967 for more information
  return disable_fn(*args, **kwargs)
Joint DKL training: 50 epochs
  Epoch 20/50  loss=2.8406
  Epoch 40/50  loss=2.6221
DKL training done in 0.5s
  → SM-17076  gap=2.090 eV  best=0.856 eV  top50=0  top10%=0
Cycle   2: GP refit  (11 labelled)
  → SM-10847  gap=1.377 eV  best=0.856 eV  top50=0  top10%=0
Cycle   3: GP refit  (12 labelled)
  → SM-11916  gap=4.085 eV  best=0.856 eV  top50=0  top10%=0
Cycle   4: GP refit  (13 labelled)
  → SM-17077  gap=2.206 eV  best=0.856 eV  top50=0  top10%=0
Cycle   5: GP refit  (14 labelled)
  → SM-788  gap=1.732 eV  best=0.856 eV  top50=0  top10%=0
Cycle   6: full DKL retrain  (15 labelled)
GP warmup: 20 epochs on initial embeddings
Joint DKL training: 50 epochs
  Epoch 20/50  loss=1.3331
  Epoch 40/50  loss=1.1803
DKL training done in 0.4s
  → SM-1563  gap=0.181 eV  best=0.181 eV  top50=1  top10%=1
Cycle   7: GP refit  (16 labelled)
  → SM-17065  gap=0.892 eV  best=0.181 eV  top50=1  top10%=2
Cycle   8: GP refit  (17 labelled)
  → SM-17095  gap=0.757 eV  best=0.181 eV  top50=1  top10%=3
Cycle   9: GP refit  (18 labelled)
  → SM-17094  gap=0.672 eV  best=0.181 eV  top50=1  top10%=4
Cycle  10: GP refit  (19 labelled)
  → SM-17086  gap=0.685 eV  best=0.181 eV  top50=1  top10%=5
Cycle  11: full DKL retrain  (20 labelled)
GP warmup: 20 epochs on initial embeddings
Joint DKL training: 50 epochs
  Epoch 20/50  loss=0.5303
  Epoch 40/50  loss=0.3754
DKL training done in 0.4s
  → SM-833  gap=1.520 eV  best=0.181 eV  top50=1  top10%=5
Cycle  12: GP refit  (21 labelled)
  → SM-645  gap=1.354 eV  best=0.181 eV  top50=1  top10%=5
Cycle  13: GP refit  (22 labelled)
  → SM-636  gap=1.426 eV  best=0.181 eV  top50=1  top10%=5
Cycle  14: GP refit  (23 labelled)
  → SM-15556  gap=2.283 eV  best=0.181 eV  top50=1  top10%=5
Cycle  15: GP refit  (24 labelled)
  → SM-797  gap=2.420 eV  best=0.181 eV  top50=1  top10%=5
Cycle  16: full DKL retrain  (25 labelled)
GP warmup: 20 epochs on initial embeddings
Joint DKL training: 50 epochs
  Epoch 20/50  loss=0.8134
  Epoch 40/50  loss=0.6766
DKL training done in 0.6s
  → SM-435  gap=0.246 eV  best=0.181 eV  top50=1  top10%=6
Cycle  17: GP refit  (26 labelled)
  → SM-16985  gap=0.237 eV  best=0.181 eV  top50=1  top10%=7
Cycle  18: GP refit  (27 labelled)
  → SM-17536  gap=0.552 eV  best=0.181 eV  top50=1  top10%=8
Cycle  19: GP refit  (28 labelled)
  → SM-1565  gap=1.213 eV  best=0.181 eV  top50=1  top10%=8
Cycle  20: GP refit  (29 labelled)
  → SM-1527  gap=0.233 eV  best=0.181 eV  top50=1  top10%=9
Cycle  21: full DKL retrain  (30 labelled)
GP warmup: 20 epochs on initial embeddings
Joint DKL training: 50 epochs
  Epoch 20/50  loss=0.4015
  Epoch 40/50  loss=0.2140
DKL training done in 0.5s
  → SM-20226  gap=0.057 eV  best=0.057 eV  top50=2  top10%=10
Cycle  22: GP refit  (31 labelled)
  → SM-1617  gap=1.111 eV  best=0.057 eV  top50=2  top10%=10
Cycle  23: GP refit  (32 labelled)
  → SM-5251  gap=1.172 eV  best=0.057 eV  top50=2  top10%=10
Cycle  24: GP refit  (33 labelled)
  → SM-5111  gap=2.510 eV  best=0.057 eV  top50=2  top10%=10
Cycle  25: GP refit  (34 labelled)
  → SM-17395  gap=0.057 eV  best=0.057 eV  top50=3  top10%=11
Cycle  26: full DKL retrain  (35 labelled)
GP warmup: 20 epochs on initial embeddings
Joint DKL training: 50 epochs
  Epoch 20/50  loss=0.3847
  Epoch 40/50  loss=0.2332
DKL training done in 0.6s
  → SM-4401  gap=0.725 eV  best=0.057 eV  top50=3  top10%=12
Cycle  27: GP refit  (36 labelled)
  → SM-20222  gap=2.080 eV  best=0.057 eV  top50=3  top10%=12
Cycle  28: GP refit  (37 labelled)
  → SM-476  gap=2.712 eV  best=0.057 eV  top50=3  top10%=12
Cycle  29: GP refit  (38 labelled)
  → SM-135  gap=2.080 eV  best=0.057 eV  top50=3  top10%=12
Cycle  30: GP refit  (39 labelled)
  → SM-18389  gap=0.863 eV  best=0.057 eV  top50=3  top10%=13
Cycle  31: full DKL retrain  (40 labelled)
GP warmup: 20 epochs on initial embeddings
Joint DKL training: 50 epochs
  Epoch 20/50  loss=0.4567
  Epoch 40/50  loss=0.3473
DKL training done in 0.5s
  → SM-17810  gap=2.749 eV  best=0.057 eV  top50=3  top10%=13
Cycle  32: GP refit  (41 labelled)
  → SM-16084  gap=0.794 eV  best=0.057 eV  top50=3  top10%=14
Cycle  33: GP refit  (42 labelled)
  → SM-17535  gap=1.302 eV  best=0.057 eV  top50=3  top10%=14
Cycle  34: GP refit  (43 labelled)
  → SM-18187  gap=1.688 eV  best=0.057 eV  top50=3  top10%=14
Cycle  35: GP refit  (44 labelled)
  → SM-17078  gap=1.312 eV  best=0.057 eV  top50=3  top10%=14
Cycle  36: full DKL retrain  (45 labelled)
GP warmup: 20 epochs on initial embeddings
Joint DKL training: 50 epochs
  Epoch 20/50  loss=0.4877
  Epoch 40/50  loss=0.3339
DKL training done in 0.4s
  → SM-14493  gap=0.611 eV  best=0.057 eV  top50=3  top10%=15
Cycle  37: GP refit  (46 labelled)
  → SM-14610  gap=0.696 eV  best=0.057 eV  top50=3  top10%=16
Cycle  38: GP refit  (47 labelled)
  → SM-3500  gap=1.187 eV  best=0.057 eV  top50=3  top10%=16
Cycle  39: GP refit  (48 labelled)
  → SM-19178  gap=1.932 eV  best=0.057 eV  top50=3  top10%=16
Cycle  40: GP refit  (49 labelled)
  → SM-18740  gap=0.525 eV  best=0.057 eV  top50=3  top10%=17
Cycle  41: full DKL retrain  (50 labelled)
GP warmup: 20 epochs on initial embeddings
Joint DKL training: 50 epochs
  Epoch 20/50  loss=0.2488
  Epoch 40/50  loss=0.1217
DKL training done in 0.4s
  → SM-13579  gap=1.013 eV  best=0.057 eV  top50=3  top10%=17
Cycle  42: GP refit  (51 labelled)
  → SM-17505  gap=1.121 eV  best=0.057 eV  top50=3  top10%=17
Cycle  43: GP refit  (52 labelled)
  → SM-13599  gap=1.005 eV  best=0.057 eV  top50=3  top10%=17
Cycle  44: GP refit  (53 labelled)
  → SM-17069  gap=1.947 eV  best=0.057 eV  top50=3  top10%=17
Cycle  45: GP refit  (54 labelled)
  → SM-17367  gap=3.435 eV  best=0.057 eV  top50=3  top10%=17
Cycle  46: full DKL retrain  (55 labelled)
GP warmup: 20 epochs on initial embeddings
Joint DKL training: 50 epochs
  Epoch 20/50  loss=0.7286
  Epoch 40/50  loss=0.5271
DKL training done in 0.5s
  → SM-17066  gap=0.630 eV  best=0.057 eV  top50=3  top10%=18
Cycle  47: GP refit  (56 labelled)
  → SM-17515  gap=1.309 eV  best=0.057 eV  top50=3  top10%=18
Cycle  48: GP refit  (57 labelled)
  → SM-13092  gap=0.907 eV  best=0.057 eV  top50=3  top10%=19
Cycle  49: GP refit  (58 labelled)
  → SM-4335  gap=1.083 eV  best=0.057 eV  top50=3  top10%=19
Cycle  50: GP refit  (59 labelled)
  → SM-5777  gap=1.595 eV  best=0.057 eV  top50=3  top10%=19
Cycle  51: full DKL retrain  (60 labelled)
GP warmup: 20 epochs on initial embeddings
Joint DKL training: 50 epochs
  Epoch 20/50  loss=0.4188
  Epoch 40/50  loss=0.2315
DKL training done in 0.5s
  → SM-5224  gap=0.427 eV  best=0.057 eV  top50=3  top10%=20
Cycle  52: GP refit  (61 labelled)
  → SM-17263  gap=1.010 eV  best=0.057 eV  top50=3  top10%=20
Cycle  53: GP refit  (62 labelled)
  → SM-9982  gap=1.675 eV  best=0.057 eV  top50=3  top10%=20
Cycle  54: GP refit  (63 labelled)
  → SM-10846  gap=1.368 eV  best=0.057 eV  top50=3  top10%=20
Cycle  55: GP refit  (64 labelled)
  → SM-671  gap=1.575 eV  best=0.057 eV  top50=3  top10%=20
Cycle  56: full DKL retrain  (65 labelled)
GP warmup: 20 epochs on initial embeddings
Joint DKL training: 50 epochs
  Epoch 20/50  loss=0.4143
  Epoch 40/50  loss=0.1573
DKL training done in 0.5s
  → SM-6239  gap=0.740 eV  best=0.057 eV  top50=3  top10%=21
Cycle  57: GP refit  (66 labelled)
  → SM-6741  gap=0.118 eV  best=0.057 eV  top50=4  top10%=22
Cycle  58: GP refit  (67 labelled)
  → SM-17088  gap=0.954 eV  best=0.057 eV  top50=4  top10%=23
Cycle  59: GP refit  (68 labelled)
  → SM-6970  gap=0.423 eV  best=0.057 eV  top50=4  top10%=24
Cycle  60: GP refit  (69 labelled)
  → SM-10816  gap=1.646 eV  best=0.057 eV  top50=4  top10%=24
Cycle  61: full DKL retrain  (70 labelled)
GP warmup: 20 epochs on initial embeddings
Joint DKL training: 50 epochs
  Epoch 20/50  loss=0.2275
  Epoch 40/50  loss=0.1004
DKL training done in 0.5s
  → SM-9923  gap=1.022 eV  best=0.057 eV  top50=4  top10%=24
Cycle  62: GP refit  (71 labelled)
  → SM-17310  gap=0.868 eV  best=0.057 eV  top50=4  top10%=25
Cycle  63: GP refit  (72 labelled)
  → SM-17303  gap=0.343 eV  best=0.057 eV  top50=4  top10%=26
Cycle  64: GP refit  (73 labelled)
  → SM-9983  gap=0.305 eV  best=0.057 eV  top50=4  top10%=27
Cycle  65: GP refit  (74 labelled)
  → SM-17369  gap=3.441 eV  best=0.057 eV  top50=4  top10%=27
Cycle  66: full DKL retrain  (75 labelled)
GP warmup: 20 epochs on initial embeddings
Joint DKL training: 50 epochs
  Epoch 20/50  loss=0.3455
  Epoch 40/50  loss=0.2038
DKL training done in 0.5s
  → SM-17313  gap=3.055 eV  best=0.057 eV  top50=4  top10%=27
Cycle  67: GP refit  (76 labelled)
  → SM-17312  gap=3.050 eV  best=0.057 eV  top50=4  top10%=27
Cycle  68: GP refit  (77 labelled)
  → SM-1190  gap=2.066 eV  best=0.057 eV  top50=4  top10%=27
Cycle  69: GP refit  (78 labelled)
  → SM-17523  gap=1.337 eV  best=0.057 eV  top50=4  top10%=27
Cycle  70: GP refit  (79 labelled)
  → SM-16228  gap=0.698 eV  best=0.057 eV  top50=4  top10%=28
Cycle  71: full DKL retrain  (80 labelled)
GP warmup: 20 epochs on initial embeddings
Joint DKL training: 50 epochs
  Epoch 20/50  loss=0.3789
  Epoch 40/50  loss=0.2463
DKL training done in 0.4s
  → SM-18000  gap=1.375 eV  best=0.057 eV  top50=4  top10%=28
Cycle  72: GP refit  (81 labelled)
  → SM-17055  gap=0.819 eV  best=0.057 eV  top50=4  top10%=29
Cycle  73: GP refit  (82 labelled)
  → SM-15092  gap=1.406 eV  best=0.057 eV  top50=4  top10%=29
Cycle  74: GP refit  (83 labelled)
  → SM-6237  gap=0.454 eV  best=0.057 eV  top50=4  top10%=30
Cycle  75: GP refit  (84 labelled)
  → SM-17260  gap=1.097 eV  best=0.057 eV  top50=4  top10%=30
Cycle  76: full DKL retrain  (85 labelled)
GP warmup: 20 epochs on initial embeddings
Joint DKL training: 50 epochs
  Epoch 20/50  loss=0.0179
  Epoch 40/50  loss=-0.0712
DKL training done in 0.5s
  → SM-14094  gap=0.268 eV  best=0.057 eV  top50=4  top10%=31
Cycle  77: GP refit  (86 labelled)
  → SM-8920  gap=1.219 eV  best=0.057 eV  top50=4  top10%=31
Cycle  78: GP refit  (87 labelled)
  → SM-10672  gap=0.219 eV  best=0.057 eV  top50=4  top10%=32
Cycle  79: GP refit  (88 labelled)
  → SM-4448  gap=0.736 eV  best=0.057 eV  top50=4  top10%=33
Cycle  80: GP refit  (89 labelled)
  → SM-1642  gap=0.640 eV  best=0.057 eV  top50=4  top10%=34
Cycle  81: full DKL retrain  (90 labelled)
GP warmup: 20 epochs on initial embeddings
Joint DKL training: 50 epochs
  Epoch 20/50  loss=-0.0323
  Epoch 40/50  loss=-0.1724
DKL training done in 0.5s
  → SM-7448  gap=0.566 eV  best=0.057 eV  top50=4  top10%=35
Cycle  82: GP refit  (91 labelled)
  → SM-1556  gap=0.550 eV  best=0.057 eV  top50=4  top10%=36
Cycle  83: GP refit  (92 labelled)
  → SM-19904  gap=0.550 eV  best=0.057 eV  top50=4  top10%=37
Cycle  84: GP refit  (93 labelled)
  → SM-4421  gap=0.700 eV  best=0.057 eV  top50=4  top10%=38
Cycle  85: GP refit  (94 labelled)
  → SM-1690  gap=0.022 eV  best=0.022 eV  top50=5  top10%=39
Cycle  86: full DKL retrain  (95 labelled)
GP warmup: 20 epochs on initial embeddings
Joint DKL training: 50 epochs
  Epoch 20/50  loss=-0.3344
  Epoch 40/50  loss=-0.4786
DKL training done in 0.5s
  → SM-1509  gap=0.986 eV  best=0.022 eV  top50=5  top10%=39
Cycle  87: GP refit  (96 labelled)
  → SM-10445  gap=2.254 eV  best=0.022 eV  top50=5  top10%=39
Cycle  88: GP refit  (97 labelled)
  → SM-10653  gap=1.488 eV  best=0.022 eV  top50=5  top10%=39
Cycle  89: GP refit  (98 labelled)
  → SM-8035  gap=2.412 eV  best=0.022 eV  top50=5  top10%=39
Cycle  90: GP refit  (99 labelled)
  → SM-4303  gap=0.422 eV  best=0.022 eV  top50=5  top10%=40
Cycle  91: full DKL retrain  (100 labelled)
GP warmup: 20 epochs on initial embeddings
Joint DKL training: 50 epochs
  Epoch 20/50  loss=-0.0288
  Epoch 40/50  loss=-0.2076
DKL training done in 0.6s
  → SM-11455  gap=1.148 eV  best=0.022 eV  top50=5  top10%=40
Cycle  92: GP refit  (101 labelled)
  → SM-4428  gap=0.507 eV  best=0.022 eV  top50=5  top10%=41
Cycle  93: GP refit  (102 labelled)
  → SM-14631  gap=0.136 eV  best=0.022 eV  top50=6  top10%=42
Cycle  94: GP refit  (103 labelled)
  → SM-10439  gap=0.047 eV  best=0.022 eV  top50=7  top10%=43
Cycle  95: GP refit  (104 labelled)
  → SM-5216  gap=1.161 eV  best=0.022 eV  top50=7  top10%=43
Cycle  96: full DKL retrain  (105 labelled)
GP warmup: 20 epochs on initial embeddings
Joint DKL training: 50 epochs
  Epoch 20/50  loss=-0.2025
  Epoch 40/50  loss=-0.3892
DKL training done in 0.5s
  → SM-4426  gap=0.612 eV  best=0.022 eV  top50=7  top10%=44
Cycle  97: GP refit  (106 labelled)
  → SM-431  gap=1.662 eV  best=0.022 eV  top50=7  top10%=44
Cycle  98: GP refit  (107 labelled)
  → SM-18184  gap=0.704 eV  best=0.022 eV  top50=7  top10%=45
Cycle  99: GP refit  (108 labelled)
  → SM-4434  gap=0.879 eV  best=0.022 eV  top50=7  top10%=46
Cycle 100: GP refit  (109 labelled)
  → SM-14507  gap=1.359 eV  best=0.022 eV  top50=7  top10%=46
  gap_min/seed4 → best=0.022 top50=7 top10%=46
BOLoop: 3131 materials  |  direction=min  |  top-50 internal threshold=-0.19  top-10% internal threshold=-0.96
Init: 10 random labels  |  best (min) = 1.281
Cycle   1: full DKL retrain  (10 labelled)
GP warmup: 20 epochs on initial embeddings
/home/roy/software/anaconda3/lib/python3.13/site-packages/torch/_compile.py:32: UserWarning: optimizer contains a parameter group with duplicate parameters; in future, this will cause an error; see github.com/pytorch/pytorch/issues/40967 for more information
  return disable_fn(*args, **kwargs)
Joint DKL training: 50 epochs
  Epoch 20/50  loss=1.4590
  Epoch 40/50  loss=1.3193
DKL training done in 0.5s
  → SM-12953  gap=2.785 eV  best=1.281 eV  top50=0  top10%=0
Cycle   2: GP refit  (11 labelled)
  → SM-5314  gap=3.773 eV  best=1.281 eV  top50=0  top10%=0
Cycle   3: GP refit  (12 labelled)
  → SM-15446  gap=3.916 eV  best=1.281 eV  top50=0  top10%=0
Cycle   4: GP refit  (13 labelled)
  → SM-527  gap=1.560 eV  best=1.281 eV  top50=0  top10%=0
Cycle   5: GP refit  (14 labelled)
  → SM-4883  gap=3.945 eV  best=1.281 eV  top50=0  top10%=0
Cycle   6: full DKL retrain  (15 labelled)
GP warmup: 20 epochs on initial embeddings
Joint DKL training: 50 epochs
  Epoch 20/50  loss=1.2934
  Epoch 40/50  loss=0.8222
DKL training done in 0.5s
  → SM-16089  gap=0.796 eV  best=0.796 eV  top50=0  top10%=1
Cycle   7: GP refit  (16 labelled)
  → SM-8573  gap=0.710 eV  best=0.710 eV  top50=0  top10%=2
Cycle   8: GP refit  (17 labelled)
  → SM-6515  gap=0.263 eV  best=0.263 eV  top50=0  top10%=3
Cycle   9: GP refit  (18 labelled)
  → SM-19478  gap=0.568 eV  best=0.263 eV  top50=0  top10%=4
Cycle  10: GP refit  (19 labelled)
  → SM-7178  gap=0.579 eV  best=0.263 eV  top50=0  top10%=5
Cycle  11: full DKL retrain  (20 labelled)
GP warmup: 20 epochs on initial embeddings
Joint DKL training: 50 epochs
  Epoch 20/50  loss=6.5138
  Epoch 40/50  loss=0.5380
DKL training done in 0.5s
  → SM-105  gap=0.138 eV  best=0.138 eV  top50=1  top10%=6
Cycle  12: GP refit  (21 labelled)
  → SM-20258  gap=1.208 eV  best=0.138 eV  top50=1  top10%=6
Cycle  13: GP refit  (22 labelled)
  → SM-381  gap=4.902 eV  best=0.138 eV  top50=1  top10%=6
Cycle  14: GP refit  (23 labelled)
  → SM-1753  gap=0.022 eV  best=0.022 eV  top50=2  top10%=7
Cycle  15: GP refit  (24 labelled)
  → SM-16762  gap=1.137 eV  best=0.022 eV  top50=2  top10%=7
Cycle  16: full DKL retrain  (25 labelled)
GP warmup: 20 epochs on initial embeddings
Joint DKL training: 50 epochs
  Epoch 20/50  loss=18.0764
  Epoch 40/50  loss=3.3998
DKL training done in 0.5s
  → SM-19725  gap=0.373 eV  best=0.022 eV  top50=2  top10%=8
Cycle  17: GP refit  (26 labelled)
  → SM-19412  gap=6.526 eV  best=0.022 eV  top50=2  top10%=8
Cycle  18: GP refit  (27 labelled)
  → SM-5013  gap=14.425 eV  best=0.022 eV  top50=2  top10%=8
Cycle  19: GP refit  (28 labelled)
  → SM-7515  gap=4.071 eV  best=0.022 eV  top50=2  top10%=8
Cycle  20: GP refit  (29 labelled)
  → SM-265  gap=2.525 eV  best=0.022 eV  top50=2  top10%=8
Cycle  21: full DKL retrain  (30 labelled)
GP warmup: 20 epochs on initial embeddings
Joint DKL training: 50 epochs
  Epoch 20/50  loss=24.5172
  Epoch 40/50  loss=8.3465
DKL training done in 0.5s
  → SM-11465  gap=3.100 eV  best=0.022 eV  top50=2  top10%=8
Cycle  22: GP refit  (31 labelled)
  → SM-10706  gap=1.068 eV  best=0.022 eV  top50=2  top10%=8
Cycle  23: GP refit  (32 labelled)
  → SM-8471  gap=1.662 eV  best=0.022 eV  top50=2  top10%=8
Cycle  24: GP refit  (33 labelled)
  → SM-17219  gap=1.555 eV  best=0.022 eV  top50=2  top10%=8
Cycle  25: GP refit  (34 labelled)
  → SM-700  gap=2.352 eV  best=0.022 eV  top50=2  top10%=8
Cycle  26: full DKL retrain  (35 labelled)
GP warmup: 20 epochs on initial embeddings
Joint DKL training: 50 epochs
  Epoch 20/50  loss=1.6536
  Epoch 40/50  loss=1.0720
DKL training done in 0.6s
  → SM-17990  gap=0.627 eV  best=0.022 eV  top50=2  top10%=9
Cycle  27: GP refit  (36 labelled)
  → SM-1007  gap=2.822 eV  best=0.022 eV  top50=2  top10%=9
Cycle  28: GP refit  (37 labelled)
  → SM-1481  gap=1.673 eV  best=0.022 eV  top50=2  top10%=9
Cycle  29: GP refit  (38 labelled)
  → SM-1502  gap=0.318 eV  best=0.022 eV  top50=2  top10%=10
Cycle  30: GP refit  (39 labelled)
  → SM-15971  gap=1.823 eV  best=0.022 eV  top50=2  top10%=10
Cycle  31: full DKL retrain  (40 labelled)
GP warmup: 20 epochs on initial embeddings
Joint DKL training: 50 epochs
  Epoch 20/50  loss=2.6041
  Epoch 40/50  loss=1.4373
DKL training done in 0.4s
  → SM-492  gap=3.040 eV  best=0.022 eV  top50=2  top10%=10
Cycle  32: GP refit  (41 labelled)
  → SM-5584  gap=0.733 eV  best=0.022 eV  top50=2  top10%=11
Cycle  33: GP refit  (42 labelled)
  → SM-380  gap=3.306 eV  best=0.022 eV  top50=2  top10%=11
Cycle  34: GP refit  (43 labelled)
  → SM-3068  gap=0.818 eV  best=0.022 eV  top50=2  top10%=12
Cycle  35: GP refit  (44 labelled)
  → SM-4986  gap=1.024 eV  best=0.022 eV  top50=2  top10%=12
Cycle  36: full DKL retrain  (45 labelled)
GP warmup: 20 epochs on initial embeddings
Joint DKL training: 50 epochs
  Epoch 20/50  loss=1.9820
  Epoch 40/50  loss=1.5245
DKL training done in 0.4s
  → SM-4444  gap=1.211 eV  best=0.022 eV  top50=2  top10%=12
Cycle  37: GP refit  (46 labelled)
  → SM-14568  gap=3.278 eV  best=0.022 eV  top50=2  top10%=12
Cycle  38: GP refit  (47 labelled)
  → SM-5283  gap=3.948 eV  best=0.022 eV  top50=2  top10%=12
Cycle  39: GP refit  (48 labelled)
  → SM-11855  gap=3.530 eV  best=0.022 eV  top50=2  top10%=12
Cycle  40: GP refit  (49 labelled)
  → SM-4426  gap=0.612 eV  best=0.022 eV  top50=2  top10%=13
Cycle  41: full DKL retrain  (50 labelled)
GP warmup: 20 epochs on initial embeddings
Joint DKL training: 50 epochs
  Epoch 20/50  loss=1.2947
  Epoch 40/50  loss=0.9085
DKL training done in 0.5s
  → SM-1006  gap=1.597 eV  best=0.022 eV  top50=2  top10%=13
Cycle  42: GP refit  (51 labelled)
  → SM-19708  gap=4.455 eV  best=0.022 eV  top50=2  top10%=13
Cycle  43: GP refit  (52 labelled)
  → SM-14531  gap=0.551 eV  best=0.022 eV  top50=2  top10%=14
Cycle  44: GP refit  (53 labelled)
  → SM-16652  gap=3.633 eV  best=0.022 eV  top50=2  top10%=14
Cycle  45: GP refit  (54 labelled)
  → SM-10171  gap=0.639 eV  best=0.022 eV  top50=2  top10%=15
Cycle  46: full DKL retrain  (55 labelled)
GP warmup: 20 epochs on initial embeddings
Joint DKL training: 50 epochs
  Epoch 20/50  loss=1.5433
  Epoch 40/50  loss=0.9749
DKL training done in 0.5s
  → SM-20187  gap=1.277 eV  best=0.022 eV  top50=2  top10%=15
Cycle  47: GP refit  (56 labelled)
  → SM-5003  gap=19.720 eV  best=0.022 eV  top50=2  top10%=15
Cycle  48: GP refit  (57 labelled)
  → SM-4753  gap=2.921 eV  best=0.022 eV  top50=2  top10%=15
Cycle  49: GP refit  (58 labelled)
  → SM-12933  gap=2.991 eV  best=0.022 eV  top50=2  top10%=15
Cycle  50: GP refit  (59 labelled)
  → SM-4726  gap=3.076 eV  best=0.022 eV  top50=2  top10%=15
Cycle  51: full DKL retrain  (60 labelled)
GP warmup: 20 epochs on initial embeddings
Joint DKL training: 50 epochs
  Epoch 20/50  loss=1.5611
  Epoch 40/50  loss=1.2429
DKL training done in 0.5s
  → SM-9345  gap=2.094 eV  best=0.022 eV  top50=2  top10%=15
Cycle  52: GP refit  (61 labelled)
  → SM-19479  gap=2.568 eV  best=0.022 eV  top50=2  top10%=15
Cycle  53: GP refit  (62 labelled)
  → SM-8180  gap=3.189 eV  best=0.022 eV  top50=2  top10%=15
Cycle  54: GP refit  (63 labelled)
  → SM-1734  gap=0.156 eV  best=0.022 eV  top50=3  top10%=16
Cycle  55: GP refit  (64 labelled)
  → SM-6437  gap=5.791 eV  best=0.022 eV  top50=3  top10%=16
Cycle  56: full DKL retrain  (65 labelled)
GP warmup: 20 epochs on initial embeddings
Joint DKL training: 50 epochs
  Epoch 20/50  loss=1.1796
  Epoch 40/50  loss=0.7962
DKL training done in 0.5s
  → SM-20384  gap=2.053 eV  best=0.022 eV  top50=3  top10%=16
Cycle  57: GP refit  (66 labelled)
  → SM-996  gap=4.549 eV  best=0.022 eV  top50=3  top10%=16
Cycle  58: GP refit  (67 labelled)
  → SM-4440  gap=0.363 eV  best=0.022 eV  top50=3  top10%=17
Cycle  59: GP refit  (68 labelled)
  → SM-14578  gap=4.027 eV  best=0.022 eV  top50=3  top10%=17
Cycle  60: GP refit  (69 labelled)
  → SM-19810  gap=1.374 eV  best=0.022 eV  top50=3  top10%=17
Cycle  61: full DKL retrain  (70 labelled)
GP warmup: 20 epochs on initial embeddings
Joint DKL training: 50 epochs
  Epoch 20/50  loss=0.6143
  Epoch 40/50  loss=0.0943
DKL training done in 0.4s
  → SM-15596  gap=3.254 eV  best=0.022 eV  top50=3  top10%=17
Cycle  62: GP refit  (71 labelled)
  → SM-13772  gap=1.245 eV  best=0.022 eV  top50=3  top10%=17
Cycle  63: GP refit  (72 labelled)
  → SM-488  gap=4.198 eV  best=0.022 eV  top50=3  top10%=17
Cycle  64: GP refit  (73 labelled)
  → SM-5606  gap=2.807 eV  best=0.022 eV  top50=3  top10%=17
Cycle  65: GP refit  (74 labelled)
  → SM-135  gap=2.080 eV  best=0.022 eV  top50=3  top10%=17
Cycle  66: full DKL retrain  (75 labelled)
GP warmup: 20 epochs on initial embeddings
Joint DKL training: 50 epochs
  Epoch 20/50  loss=0.6627
  Epoch 40/50  loss=0.1926
DKL training done in 0.5s
  → SM-1276  gap=4.556 eV  best=0.022 eV  top50=3  top10%=17
Cycle  67: GP refit  (76 labelled)
  → SM-3955  gap=6.861 eV  best=0.022 eV  top50=3  top10%=17
Cycle  68: GP refit  (77 labelled)
  → SM-7329  gap=1.451 eV  best=0.022 eV  top50=3  top10%=17
Cycle  69: GP refit  (78 labelled)
  → SM-6115  gap=3.579 eV  best=0.022 eV  top50=3  top10%=17
Cycle  70: GP refit  (79 labelled)
  → SM-12808  gap=3.338 eV  best=0.022 eV  top50=3  top10%=17
Cycle  71: full DKL retrain  (80 labelled)
GP warmup: 20 epochs on initial embeddings
Joint DKL training: 50 epochs
  Epoch 20/50  loss=0.7870
  Epoch 40/50  loss=0.2335
DKL training done in 0.5s
  → SM-3023  gap=0.740 eV  best=0.022 eV  top50=3  top10%=18
Cycle  72: GP refit  (81 labelled)
  → SM-3510  gap=2.430 eV  best=0.022 eV  top50=3  top10%=18
Cycle  73: GP refit  (82 labelled)
  → SM-15718  gap=3.381 eV  best=0.022 eV  top50=3  top10%=18
Cycle  74: GP refit  (83 labelled)
  → SM-13712  gap=3.402 eV  best=0.022 eV  top50=3  top10%=18
Cycle  75: GP refit  (84 labelled)
  → SM-20043  gap=3.107 eV  best=0.022 eV  top50=3  top10%=18
Cycle  76: full DKL retrain  (85 labelled)
GP warmup: 20 epochs on initial embeddings
Joint DKL training: 50 epochs
  Epoch 20/50  loss=-0.0112
  Epoch 40/50  loss=-0.2341
DKL training done in 0.5s
  → SM-15538  gap=0.606 eV  best=0.022 eV  top50=3  top10%=19
Cycle  77: GP refit  (86 labelled)
  → SM-15973  gap=3.362 eV  best=0.022 eV  top50=3  top10%=19
Cycle  78: GP refit  (87 labelled)
  → SM-3970  gap=2.362 eV  best=0.022 eV  top50=3  top10%=19
Cycle  79: GP refit  (88 labelled)
  → SM-17726  gap=2.694 eV  best=0.022 eV  top50=3  top10%=19
Cycle  80: GP refit  (89 labelled)
  → SM-13718  gap=6.302 eV  best=0.022 eV  top50=3  top10%=19
Cycle  81: full DKL retrain  (90 labelled)
GP warmup: 20 epochs on initial embeddings
Joint DKL training: 50 epochs
  Epoch 20/50  loss=0.3535
  Epoch 40/50  loss=-0.2255
DKL training done in 0.5s
  → SM-12652  gap=3.087 eV  best=0.022 eV  top50=3  top10%=19
Cycle  82: GP refit  (91 labelled)
  → SM-1220  gap=1.420 eV  best=0.022 eV  top50=3  top10%=19
Cycle  83: GP refit  (92 labelled)
  → SM-2411  gap=4.924 eV  best=0.022 eV  top50=3  top10%=19
Cycle  84: GP refit  (93 labelled)
  → SM-955  gap=7.001 eV  best=0.022 eV  top50=3  top10%=19
Cycle  85: GP refit  (94 labelled)
  → SM-256  gap=2.577 eV  best=0.022 eV  top50=3  top10%=19
Cycle  86: full DKL retrain  (95 labelled)
GP warmup: 20 epochs on initial embeddings
Joint DKL training: 50 epochs
  Epoch 20/50  loss=0.3219
  Epoch 40/50  loss=-0.2357
DKL training done in 0.5s
  → SM-7334  gap=0.767 eV  best=0.022 eV  top50=3  top10%=20
Cycle  87: GP refit  (96 labelled)
  → SM-16815  gap=0.985 eV  best=0.022 eV  top50=3  top10%=20
Cycle  88: GP refit  (97 labelled)
  → SM-17571  gap=2.773 eV  best=0.022 eV  top50=3  top10%=20
Cycle  89: GP refit  (98 labelled)
  → SM-17368  gap=2.687 eV  best=0.022 eV  top50=3  top10%=20
Cycle  90: GP refit  (99 labelled)
  → SM-5002  gap=20.302 eV  best=0.022 eV  top50=3  top10%=20
Cycle  91: full DKL retrain  (100 labelled)
GP warmup: 20 epochs on initial embeddings
Joint DKL training: 50 epochs
  Epoch 20/50  loss=0.4294
  Epoch 40/50  loss=-0.0974
DKL training done in 0.4s
  → SM-15333  gap=3.746 eV  best=0.022 eV  top50=3  top10%=20
Cycle  92: GP refit  (101 labelled)
  → SM-13672  gap=4.739 eV  best=0.022 eV  top50=3  top10%=20
Cycle  93: GP refit  (102 labelled)
  → SM-15050  gap=1.928 eV  best=0.022 eV  top50=3  top10%=20
Cycle  94: GP refit  (103 labelled)
  → SM-17288  gap=1.087 eV  best=0.022 eV  top50=3  top10%=20
Cycle  95: GP refit  (104 labelled)
  → SM-20215  gap=1.819 eV  best=0.022 eV  top50=3  top10%=20
Cycle  96: full DKL retrain  (105 labelled)
GP warmup: 20 epochs on initial embeddings
Joint DKL training: 50 epochs
  Epoch 20/50  loss=-0.2462
  Epoch 40/50  loss=-0.6611
DKL training done in 0.6s
  → SM-222  gap=1.838 eV  best=0.022 eV  top50=3  top10%=20
Cycle  97: GP refit  (106 labelled)
  → SM-5780  gap=1.377 eV  best=0.022 eV  top50=3  top10%=20
Cycle  98: GP refit  (107 labelled)
  → SM-16830  gap=2.634 eV  best=0.022 eV  top50=3  top10%=20
Cycle  99: GP refit  (108 labelled)
  → SM-17836  gap=1.403 eV  best=0.022 eV  top50=3  top10%=20
Cycle 100: GP refit  (109 labelled)
  → SM-17246  gap=3.396 eV  best=0.022 eV  top50=3  top10%=20
  gap_min/seed5 → best=0.022 top50=3 top10%=20
BOLoop: 3131 materials  |  direction=min  |  top-50 internal threshold=-0.19  top-10% internal threshold=-0.96
Init: 10 random labels  |  best (min) = 1.269
Cycle   1: full DKL retrain  (10 labelled)
GP warmup: 20 epochs on initial embeddings
/home/roy/software/anaconda3/lib/python3.13/site-packages/torch/_compile.py:32: UserWarning: optimizer contains a parameter group with duplicate parameters; in future, this will cause an error; see github.com/pytorch/pytorch/issues/40967 for more information
  return disable_fn(*args, **kwargs)
Joint DKL training: 50 epochs
  Epoch 20/50  loss=1.6664
  Epoch 40/50  loss=1.5640
DKL training done in 0.5s
  → SM-8265  gap=0.622 eV  best=0.622 eV  top50=0  top10%=1
Cycle   2: GP refit  (11 labelled)
  → SM-4435  gap=0.924 eV  best=0.622 eV  top50=0  top10%=2
Cycle   3: GP refit  (12 labelled)
  → SM-10640  gap=0.035 eV  best=0.035 eV  top50=1  top10%=3
Cycle   4: GP refit  (13 labelled)
  → SM-17365  gap=1.357 eV  best=0.035 eV  top50=1  top10%=3
Cycle   5: GP refit  (14 labelled)
  → SM-503  gap=4.218 eV  best=0.035 eV  top50=1  top10%=3
Cycle   6: full DKL retrain  (15 labelled)
GP warmup: 20 epochs on initial embeddings
Joint DKL training: 50 epochs
  Epoch 20/50  loss=1.3994
  Epoch 40/50  loss=0.6011
DKL training done in 0.6s
  → SM-1563  gap=0.181 eV  best=0.035 eV  top50=2  top10%=4
Cycle   7: GP refit  (16 labelled)
  → SM-6232  gap=0.164 eV  best=0.035 eV  top50=3  top10%=5
Cycle   8: GP refit  (17 labelled)
  → SM-17066  gap=0.630 eV  best=0.035 eV  top50=3  top10%=6
Cycle   9: GP refit  (18 labelled)
  → SM-6239  gap=0.740 eV  best=0.035 eV  top50=3  top10%=7
Cycle  10: GP refit  (19 labelled)
  → SM-16985  gap=0.237 eV  best=0.035 eV  top50=3  top10%=8
Cycle  11: full DKL retrain  (20 labelled)
GP warmup: 20 epochs on initial embeddings
Joint DKL training: 50 epochs
  Epoch 20/50  loss=0.2350
  Epoch 40/50  loss=-0.1574
DKL training done in 0.4s
  → SM-6906  gap=0.442 eV  best=0.035 eV  top50=3  top10%=9
Cycle  12: GP refit  (21 labelled)
  → SM-18389  gap=0.863 eV  best=0.035 eV  top50=3  top10%=10
Cycle  13: GP refit  (22 labelled)
  → SM-20313  gap=0.189 eV  best=0.035 eV  top50=3  top10%=11
Cycle  14: GP refit  (23 labelled)
  → SM-20318  gap=1.098 eV  best=0.035 eV  top50=3  top10%=11
Cycle  15: GP refit  (24 labelled)
  → SM-14610  gap=0.696 eV  best=0.035 eV  top50=3  top10%=12
Cycle  16: full DKL retrain  (25 labelled)
GP warmup: 20 epochs on initial embeddings
Joint DKL training: 50 epochs
  Epoch 20/50  loss=0.0812
  Epoch 40/50  loss=-0.1166
DKL training done in 0.5s
  → SM-18777  gap=0.274 eV  best=0.035 eV  top50=3  top10%=13
Cycle  17: GP refit  (26 labelled)
  → SM-13591  gap=0.360 eV  best=0.035 eV  top50=3  top10%=14
Cycle  18: GP refit  (27 labelled)
  → SM-435  gap=0.246 eV  best=0.035 eV  top50=3  top10%=15
Cycle  19: GP refit  (28 labelled)
  → SM-7448  gap=0.566 eV  best=0.035 eV  top50=3  top10%=16
Cycle  20: GP refit  (29 labelled)
  → SM-1642  gap=0.640 eV  best=0.035 eV  top50=3  top10%=17
Cycle  21: full DKL retrain  (30 labelled)
GP warmup: 20 epochs on initial embeddings
Joint DKL training: 50 epochs
  Epoch 20/50  loss=-0.1123
  Epoch 40/50  loss=-0.2516
DKL training done in 0.3s
  → SM-4438  gap=0.534 eV  best=0.035 eV  top50=3  top10%=18
Cycle  22: GP refit  (31 labelled)
  → SM-16130  gap=0.871 eV  best=0.035 eV  top50=3  top10%=19
Cycle  23: GP refit  (32 labelled)
  → SM-17536  gap=0.552 eV  best=0.035 eV  top50=3  top10%=20
Cycle  24: GP refit  (33 labelled)
  → SM-17095  gap=0.757 eV  best=0.035 eV  top50=3  top10%=21
Cycle  25: GP refit  (34 labelled)
  → SM-12352  gap=1.528 eV  best=0.035 eV  top50=3  top10%=21
Cycle  26: full DKL retrain  (35 labelled)
GP warmup: 20 epochs on initial embeddings
Joint DKL training: 50 epochs
  Epoch 20/50  loss=-0.0792
  Epoch 40/50  loss=-0.2633
DKL training done in 0.5s
  → SM-1655  gap=1.686 eV  best=0.035 eV  top50=3  top10%=21
Cycle  27: GP refit  (36 labelled)
  → SM-9277  gap=0.584 eV  best=0.035 eV  top50=3  top10%=22
Cycle  28: GP refit  (37 labelled)
  → SM-17303  gap=0.343 eV  best=0.035 eV  top50=3  top10%=23
Cycle  29: GP refit  (38 labelled)
  → SM-4428  gap=0.507 eV  best=0.035 eV  top50=3  top10%=24
Cycle  30: GP refit  (39 labelled)
  → SM-5251  gap=1.172 eV  best=0.035 eV  top50=3  top10%=24
Cycle  31: full DKL retrain  (40 labelled)
GP warmup: 20 epochs on initial embeddings
Joint DKL training: 50 epochs
  Epoch 20/50  loss=0.0039
  Epoch 40/50  loss=-0.2624
DKL training done in 0.5s
  → SM-4352  gap=0.719 eV  best=0.035 eV  top50=3  top10%=25
Cycle  32: GP refit  (41 labelled)
  → SM-480  gap=0.707 eV  best=0.035 eV  top50=3  top10%=26
Cycle  33: GP refit  (42 labelled)
  → SM-4335  gap=1.083 eV  best=0.035 eV  top50=3  top10%=26
Cycle  34: GP refit  (43 labelled)
  → SM-10032  gap=0.458 eV  best=0.035 eV  top50=3  top10%=27
Cycle  35: GP refit  (44 labelled)
  → SM-5126  gap=0.516 eV  best=0.035 eV  top50=3  top10%=28
Cycle  36: full DKL retrain  (45 labelled)
GP warmup: 20 epochs on initial embeddings
Joint DKL training: 50 epochs
  Epoch 20/50  loss=-0.3020
  Epoch 40/50  loss=-0.4597
DKL training done in 0.5s
  → SM-4336  gap=1.133 eV  best=0.035 eV  top50=3  top10%=28
Cycle  37: GP refit  (46 labelled)
  → SM-18574  gap=1.621 eV  best=0.035 eV  top50=3  top10%=28
Cycle  38: GP refit  (47 labelled)
  → SM-14428  gap=0.790 eV  best=0.035 eV  top50=3  top10%=29
Cycle  39: GP refit  (48 labelled)
  → SM-17265  gap=0.586 eV  best=0.035 eV  top50=3  top10%=30
Cycle  40: GP refit  (49 labelled)
  → SM-17258  gap=1.535 eV  best=0.035 eV  top50=3  top10%=30
Cycle  41: full DKL retrain  (50 labelled)
GP warmup: 20 epochs on initial embeddings
Joint DKL training: 50 epochs
  Epoch 20/50  loss=-0.0433
  Epoch 40/50  loss=-0.3550
DKL training done in 0.5s
  → SM-1652  gap=1.253 eV  best=0.035 eV  top50=3  top10%=30
Cycle  42: GP refit  (51 labelled)
  → SM-4345  gap=1.307 eV  best=0.035 eV  top50=3  top10%=30
Cycle  43: GP refit  (52 labelled)
  → SM-17065  gap=0.892 eV  best=0.035 eV  top50=3  top10%=31
Cycle  44: GP refit  (53 labelled)
  → SM-13654  gap=1.032 eV  best=0.035 eV  top50=3  top10%=31
Cycle  45: GP refit  (54 labelled)
  → SM-14619  gap=1.000 eV  best=0.035 eV  top50=3  top10%=31
Cycle  46: full DKL retrain  (55 labelled)
GP warmup: 20 epochs on initial embeddings
Joint DKL training: 50 epochs
  Epoch 20/50  loss=-0.1651
  Epoch 40/50  loss=-0.2946
DKL training done in 0.4s
  → SM-10463  gap=0.408 eV  best=0.035 eV  top50=3  top10%=32
Cycle  47: GP refit  (56 labelled)
  → SM-8534  gap=0.273 eV  best=0.035 eV  top50=3  top10%=33
Cycle  48: GP refit  (57 labelled)
  → SM-13092  gap=0.907 eV  best=0.035 eV  top50=3  top10%=34
Cycle  49: GP refit  (58 labelled)
  → SM-17086  gap=0.685 eV  best=0.035 eV  top50=3  top10%=35
Cycle  50: GP refit  (59 labelled)
  → SM-14645  gap=0.802 eV  best=0.035 eV  top50=3  top10%=36
Cycle  51: full DKL retrain  (60 labelled)
GP warmup: 20 epochs on initial embeddings
Joint DKL training: 50 epochs
  Epoch 20/50  loss=-0.4649
  Epoch 40/50  loss=-0.5806
DKL training done in 0.4s
  → SM-375  gap=3.016 eV  best=0.035 eV  top50=3  top10%=36
Cycle  52: GP refit  (61 labelled)
  → SM-4349  gap=1.588 eV  best=0.035 eV  top50=3  top10%=36
Cycle  53: GP refit  (62 labelled)
  → SM-10474  gap=0.635 eV  best=0.035 eV  top50=3  top10%=37
Cycle  54: GP refit  (63 labelled)
  → SM-1643  gap=0.798 eV  best=0.035 eV  top50=3  top10%=38
Cycle  55: GP refit  (64 labelled)
  → SM-7457  gap=0.461 eV  best=0.035 eV  top50=3  top10%=39
Cycle  56: full DKL retrain  (65 labelled)
GP warmup: 20 epochs on initial embeddings
Joint DKL training: 50 epochs
  Epoch 20/50  loss=-0.0463
  Epoch 40/50  loss=-0.1968
DKL training done in 0.4s
  → SM-1661  gap=0.080 eV  best=0.035 eV  top50=4  top10%=40
Cycle  57: GP refit  (66 labelled)
  → SM-942  gap=3.187 eV  best=0.035 eV  top50=4  top10%=40
Cycle  58: GP refit  (67 labelled)
  → SM-9351  gap=1.030 eV  best=0.035 eV  top50=4  top10%=40
Cycle  59: GP refit  (68 labelled)
  → SM-1690  gap=0.022 eV  best=0.022 eV  top50=5  top10%=41
Cycle  60: GP refit  (69 labelled)
  → SM-4421  gap=0.700 eV  best=0.022 eV  top50=5  top10%=42
Cycle  61: full DKL retrain  (70 labelled)
GP warmup: 20 epochs on initial embeddings
Joint DKL training: 50 epochs
  Epoch 20/50  loss=0.1981
  Epoch 40/50  loss=0.0471
DKL training done in 0.5s
  → SM-4401  gap=0.725 eV  best=0.022 eV  top50=5  top10%=43
Cycle  62: GP refit  (71 labelled)
  → SM-4448  gap=0.736 eV  best=0.022 eV  top50=5  top10%=44
Cycle  63: GP refit  (72 labelled)
  → SM-7178  gap=0.579 eV  best=0.022 eV  top50=5  top10%=45
Cycle  64: GP refit  (73 labelled)
  → SM-17241  gap=0.331 eV  best=0.022 eV  top50=5  top10%=46
Cycle  65: GP refit  (74 labelled)
  → SM-17990  gap=0.627 eV  best=0.022 eV  top50=5  top10%=47
Cycle  66: full DKL retrain  (75 labelled)
GP warmup: 20 epochs on initial embeddings
Joint DKL training: 50 epochs
  Epoch 20/50  loss=-0.1572
  Epoch 40/50  loss=-0.2452
DKL training done in 0.6s
  → SM-4337  gap=1.661 eV  best=0.022 eV  top50=5  top10%=47
Cycle  67: GP refit  (76 labelled)
  → SM-1595  gap=1.474 eV  best=0.022 eV  top50=5  top10%=47
Cycle  68: GP refit  (77 labelled)
  → SM-14753  gap=0.041 eV  best=0.022 eV  top50=6  top10%=48
Cycle  69: GP refit  (78 labelled)
  → SM-1753  gap=0.022 eV  best=0.022 eV  top50=7  top10%=49
Cycle  70: GP refit  (79 labelled)
  → SM-16228  gap=0.698 eV  best=0.022 eV  top50=7  top10%=50
Cycle  71: full DKL retrain  (80 labelled)
GP warmup: 20 epochs on initial embeddings
Joint DKL training: 50 epochs
  Epoch 20/50  loss=-0.0407
  Epoch 40/50  loss=-0.1567
DKL training done in 0.4s
  → SM-17586  gap=3.951 eV  best=0.022 eV  top50=7  top10%=50
Cycle  72: GP refit  (81 labelled)
  → SM-840  gap=6.769 eV  best=0.022 eV  top50=7  top10%=50
Cycle  73: GP refit  (82 labelled)
  → SM-894  gap=2.978 eV  best=0.022 eV  top50=7  top10%=50
Cycle  74: GP refit  (83 labelled)
  → SM-4992  gap=10.281 eV  best=0.022 eV  top50=7  top10%=50
Cycle  75: GP refit  (84 labelled)
  → SM-256  gap=2.577 eV  best=0.022 eV  top50=7  top10%=50
Cycle  76: full DKL retrain  (85 labelled)
GP warmup: 20 epochs on initial embeddings
Joint DKL training: 50 epochs
  Epoch 20/50  loss=0.1635
  Epoch 40/50  loss=0.0413
DKL training done in 0.5s
  → SM-19384  gap=4.847 eV  best=0.022 eV  top50=7  top10%=50
Cycle  77: GP refit  (86 labelled)
  → SM-17260  gap=1.097 eV  best=0.022 eV  top50=7  top10%=50
Cycle  78: GP refit  (87 labelled)
  → SM-700  gap=2.352 eV  best=0.022 eV  top50=7  top10%=50
Cycle  79: GP refit  (88 labelled)
  → SM-955  gap=7.001 eV  best=0.022 eV  top50=7  top10%=50
Cycle  80: GP refit  (89 labelled)
  → SM-17189  gap=1.754 eV  best=0.022 eV  top50=7  top10%=50
Cycle  81: full DKL retrain  (90 labelled)
GP warmup: 20 epochs on initial embeddings
Joint DKL training: 50 epochs
  Epoch 20/50  loss=0.5221
  Epoch 40/50  loss=0.3063
DKL training done in 0.4s
  → SM-8945  gap=3.061 eV  best=0.022 eV  top50=7  top10%=50
Cycle  82: GP refit  (91 labelled)
  → SM-473  gap=2.537 eV  best=0.022 eV  top50=7  top10%=50
Cycle  83: GP refit  (92 labelled)
  → SM-836  gap=1.763 eV  best=0.022 eV  top50=7  top10%=50
Cycle  84: GP refit  (93 labelled)
  → SM-3955  gap=6.861 eV  best=0.022 eV  top50=7  top10%=50
Cycle  85: GP refit  (94 labelled)
  → SM-19125  gap=2.011 eV  best=0.022 eV  top50=7  top10%=50
Cycle  86: full DKL retrain  (95 labelled)
GP warmup: 20 epochs on initial embeddings
Joint DKL training: 50 epochs
  Epoch 20/50  loss=0.4879
  Epoch 40/50  loss=0.2767
DKL training done in 0.5s
  → SM-529  gap=2.783 eV  best=0.022 eV  top50=7  top10%=50
Cycle  87: GP refit  (96 labelled)
  → SM-4353  gap=1.408 eV  best=0.022 eV  top50=7  top10%=50
Cycle  88: GP refit  (97 labelled)
  → SM-1648  gap=0.649 eV  best=0.022 eV  top50=7  top10%=51
Cycle  89: GP refit  (98 labelled)
  → SM-4350  gap=0.593 eV  best=0.022 eV  top50=7  top10%=52
Cycle  90: GP refit  (99 labelled)
  → SM-1481  gap=1.673 eV  best=0.022 eV  top50=7  top10%=52
Cycle  91: full DKL retrain  (100 labelled)
GP warmup: 20 epochs on initial embeddings
Joint DKL training: 50 epochs
  Epoch 20/50  loss=0.2313
  Epoch 40/50  loss=-0.1160
DKL training done in 0.5s
  → SM-11005  gap=1.389 eV  best=0.022 eV  top50=7  top10%=52
Cycle  92: GP refit  (101 labelled)
  → SM-4417  gap=0.541 eV  best=0.022 eV  top50=7  top10%=53
Cycle  93: GP refit  (102 labelled)
  → SM-17242  gap=0.674 eV  best=0.022 eV  top50=7  top10%=54
Cycle  94: GP refit  (103 labelled)
  → SM-17411  gap=2.771 eV  best=0.022 eV  top50=7  top10%=54
Cycle  95: GP refit  (104 labelled)
  → SM-17434  gap=1.667 eV  best=0.022 eV  top50=7  top10%=54
Cycle  96: full DKL retrain  (105 labelled)
GP warmup: 20 epochs on initial embeddings
Joint DKL training: 50 epochs
  Epoch 20/50  loss=0.2752
  Epoch 40/50  loss=0.0163
DKL training done in 0.5s
  → SM-5584  gap=0.733 eV  best=0.022 eV  top50=7  top10%=55
Cycle  97: GP refit  (106 labelled)
  → SM-17999  gap=0.878 eV  best=0.022 eV  top50=7  top10%=56
Cycle  98: GP refit  (107 labelled)
  → SM-4331  gap=1.230 eV  best=0.022 eV  top50=7  top10%=56
Cycle  99: GP refit  (108 labelled)
  → SM-14889  gap=0.139 eV  best=0.022 eV  top50=8  top10%=57
Cycle 100: GP refit  (109 labelled)
  → SM-11034  gap=1.042 eV  best=0.022 eV  top50=8  top10%=57
  gap_min/seed6 → best=0.022 top50=8 top10%=57
BOLoop: 3131 materials  |  direction=min  |  top-50 internal threshold=-0.19  top-10% internal threshold=-0.96
Init: 10 random labels  |  best (min) = 0.315
Cycle   1: full DKL retrain  (10 labelled)
GP warmup: 20 epochs on initial embeddings
/home/roy/software/anaconda3/lib/python3.13/site-packages/torch/_compile.py:32: UserWarning: optimizer contains a parameter group with duplicate parameters; in future, this will cause an error; see github.com/pytorch/pytorch/issues/40967 for more information
  return disable_fn(*args, **kwargs)
Joint DKL training: 50 epochs
  Epoch 20/50  loss=2.2899
  Epoch 40/50  loss=2.1397
DKL training done in 0.5s
  → SM-6311  gap=0.756 eV  best=0.315 eV  top50=0  top10%=1
Cycle   2: GP refit  (11 labelled)
  → SM-17265  gap=0.586 eV  best=0.315 eV  top50=0  top10%=2
Cycle   3: GP refit  (12 labelled)
  → SM-18574  gap=1.621 eV  best=0.315 eV  top50=0  top10%=2
Cycle   4: GP refit  (13 labelled)
  → SM-105  gap=0.138 eV  best=0.138 eV  top50=1  top10%=3
Cycle   5: GP refit  (14 labelled)
  → SM-7178  gap=0.579 eV  best=0.138 eV  top50=1  top10%=4
Cycle   6: full DKL retrain  (15 labelled)
GP warmup: 20 epochs on initial embeddings
Joint DKL training: 50 epochs
  Epoch 20/50  loss=0.9890
  Epoch 40/50  loss=0.8782
DKL training done in 0.5s
  → SM-256  gap=2.577 eV  best=0.138 eV  top50=1  top10%=4
Cycle   7: GP refit  (16 labelled)
  → SM-20258  gap=1.208 eV  best=0.138 eV  top50=1  top10%=4
Cycle   8: GP refit  (17 labelled)
  → SM-1753  gap=0.022 eV  best=0.022 eV  top50=2  top10%=5
Cycle   9: GP refit  (18 labelled)
  → SM-17839  gap=1.999 eV  best=0.022 eV  top50=2  top10%=5
Cycle  10: GP refit  (19 labelled)
  → SM-3955  gap=6.861 eV  best=0.022 eV  top50=2  top10%=5
Cycle  11: full DKL retrain  (20 labelled)
GP warmup: 20 epochs on initial embeddings
Joint DKL training: 50 epochs
  Epoch 20/50  loss=0.9283
  Epoch 40/50  loss=0.6053
DKL training done in 0.4s
  → SM-1734  gap=0.156 eV  best=0.022 eV  top50=3  top10%=6
Cycle  12: GP refit  (21 labelled)
  → SM-8265  gap=0.622 eV  best=0.022 eV  top50=3  top10%=7
Cycle  13: GP refit  (22 labelled)
  → SM-4435  gap=0.924 eV  best=0.022 eV  top50=3  top10%=8
Cycle  14: GP refit  (23 labelled)
  → SM-4438  gap=0.534 eV  best=0.022 eV  top50=3  top10%=9
Cycle  15: GP refit  (24 labelled)
  → SM-8069  gap=0.985 eV  best=0.022 eV  top50=3  top10%=9
Cycle  16: full DKL retrain  (25 labelled)
GP warmup: 20 epochs on initial embeddings
Joint DKL training: 50 epochs
  Epoch 20/50  loss=0.5065
  Epoch 40/50  loss=0.3578
DKL training done in 0.5s
  → SM-7092  gap=0.749 eV  best=0.022 eV  top50=3  top10%=10
Cycle  17: GP refit  (26 labelled)
  → SM-1661  gap=0.080 eV  best=0.022 eV  top50=4  top10%=11
Cycle  18: GP refit  (27 labelled)
  → SM-8573  gap=0.710 eV  best=0.022 eV  top50=4  top10%=12
Cycle  19: GP refit  (28 labelled)
  → SM-4348  gap=0.970 eV  best=0.022 eV  top50=4  top10%=12
Cycle  20: GP refit  (29 labelled)
  → SM-1652  gap=1.253 eV  best=0.022 eV  top50=4  top10%=12
Cycle  21: full DKL retrain  (30 labelled)
GP warmup: 20 epochs on initial embeddings
Joint DKL training: 50 epochs
  Epoch 20/50  loss=0.4063
  Epoch 40/50  loss=0.1768
DKL training done in 0.5s
  → SM-1481  gap=1.673 eV  best=0.022 eV  top50=4  top10%=12
Cycle  22: GP refit  (31 labelled)
  → SM-18267  gap=0.848 eV  best=0.022 eV  top50=4  top10%=13
Cycle  23: GP refit  (32 labelled)
  → SM-4426  gap=0.612 eV  best=0.022 eV  top50=4  top10%=14
Cycle  24: GP refit  (33 labelled)
  → SM-712  gap=0.647 eV  best=0.022 eV  top50=4  top10%=15
Cycle  25: GP refit  (34 labelled)
  → SM-14631  gap=0.136 eV  best=0.022 eV  top50=5  top10%=16
Cycle  26: full DKL retrain  (35 labelled)
GP warmup: 20 epochs on initial embeddings
Joint DKL training: 50 epochs
  Epoch 20/50  loss=0.3156
  Epoch 40/50  loss=0.1264
DKL training done in 0.5s
  → SM-18184  gap=0.704 eV  best=0.022 eV  top50=5  top10%=17
Cycle  27: GP refit  (36 labelled)
  → SM-20226  gap=0.057 eV  best=0.022 eV  top50=6  top10%=18
Cycle  28: GP refit  (37 labelled)
  → SM-4421  gap=0.700 eV  best=0.022 eV  top50=6  top10%=19
Cycle  29: GP refit  (38 labelled)
  → SM-4448  gap=0.736 eV  best=0.022 eV  top50=6  top10%=20
Cycle  30: GP refit  (39 labelled)
  → SM-791  gap=0.748 eV  best=0.022 eV  top50=6  top10%=21
Cycle  31: full DKL retrain  (40 labelled)
GP warmup: 20 epochs on initial embeddings
Joint DKL training: 50 epochs
  Epoch 20/50  loss=-0.0262
  Epoch 40/50  loss=-0.1349
DKL training done in 0.5s
  → SM-19064  gap=0.153 eV  best=0.022 eV  top50=7  top10%=22
Cycle  32: GP refit  (41 labelled)
  → SM-1690  gap=0.022 eV  best=0.022 eV  top50=8  top10%=23
Cycle  33: GP refit  (42 labelled)
  → SM-14916  gap=0.394 eV  best=0.022 eV  top50=8  top10%=24
Cycle  34: GP refit  (43 labelled)
  → SM-6237  gap=0.454 eV  best=0.022 eV  top50=8  top10%=25
Cycle  35: GP refit  (44 labelled)
  → SM-16867  gap=2.930 eV  best=0.022 eV  top50=8  top10%=25
Cycle  36: full DKL retrain  (45 labelled)
GP warmup: 20 epochs on initial embeddings
Joint DKL training: 50 epochs
  Epoch 20/50  loss=0.2775
  Epoch 40/50  loss=0.1492
DKL training done in 0.5s
  → SM-4430  gap=1.240 eV  best=0.022 eV  top50=8  top10%=25
Cycle  37: GP refit  (46 labelled)
  → SM-14397  gap=0.073 eV  best=0.022 eV  top50=9  top10%=26
Cycle  38: GP refit  (47 labelled)
  → SM-14428  gap=0.790 eV  best=0.022 eV  top50=9  top10%=27
Cycle  39: GP refit  (48 labelled)
  → SM-16130  gap=0.871 eV  best=0.022 eV  top50=9  top10%=28
Cycle  40: GP refit  (49 labelled)
  → SM-11212  gap=1.626 eV  best=0.022 eV  top50=9  top10%=28
Cycle  41: full DKL retrain  (50 labelled)
GP warmup: 20 epochs on initial embeddings
Joint DKL training: 50 epochs
  Epoch 20/50  loss=0.2079
  Epoch 40/50  loss=0.1028
DKL training done in 0.4s
  → SM-5224  gap=0.427 eV  best=0.022 eV  top50=9  top10%=29
Cycle  42: GP refit  (51 labelled)
  → SM-3023  gap=0.740 eV  best=0.022 eV  top50=9  top10%=30
Cycle  43: GP refit  (52 labelled)
  → SM-20222  gap=2.080 eV  best=0.022 eV  top50=9  top10%=30
Cycle  44: GP refit  (53 labelled)
  → SM-13631  gap=1.219 eV  best=0.022 eV  top50=9  top10%=30
Cycle  45: GP refit  (54 labelled)
  → SM-13632  gap=1.250 eV  best=0.022 eV  top50=9  top10%=30
Cycle  46: full DKL retrain  (55 labelled)
GP warmup: 20 epochs on initial embeddings
Joint DKL training: 50 epochs
  Epoch 20/50  loss=0.0408
  Epoch 40/50  loss=-0.0506
DKL training done in 0.8s
  → SM-6232  gap=0.164 eV  best=0.022 eV  top50=10  top10%=31
Cycle  47: GP refit  (56 labelled)
  → SM-6239  gap=0.740 eV  best=0.022 eV  top50=10  top10%=32
Cycle  48: GP refit  (57 labelled)
  → SM-10640  gap=0.035 eV  best=0.022 eV  top50=11  top10%=33
Cycle  49: GP refit  (58 labelled)
  → SM-11576  gap=1.298 eV  best=0.022 eV  top50=11  top10%=33
Cycle  50: GP refit  (59 labelled)
  → SM-5330  gap=0.375 eV  best=0.022 eV  top50=11  top10%=34
Cycle  51: full DKL retrain  (60 labelled)
GP warmup: 20 epochs on initial embeddings
Joint DKL training: 50 epochs
  Epoch 20/50  loss=0.0925
  Epoch 40/50  loss=0.0176
DKL training done in 1.1s
  → SM-18777  gap=0.274 eV  best=0.022 eV  top50=11  top10%=35
Cycle  52: GP refit  (61 labelled)
  → SM-6741  gap=0.118 eV  best=0.022 eV  top50=12  top10%=36
Cycle  53: GP refit  (62 labelled)
  → SM-14753  gap=0.041 eV  best=0.022 eV  top50=13  top10%=37
Cycle  54: GP refit  (63 labelled)
  → SM-1648  gap=0.649 eV  best=0.022 eV  top50=13  top10%=38
Cycle  55: GP refit  (64 labelled)
  → SM-13591  gap=0.360 eV  best=0.022 eV  top50=13  top10%=39
Cycle  56: full DKL retrain  (65 labelled)
GP warmup: 20 epochs on initial embeddings
Joint DKL training: 50 epochs
  Epoch 20/50  loss=0.0429
  Epoch 40/50  loss=-0.0321
DKL training done in 0.7s
  → SM-9983  gap=0.305 eV  best=0.022 eV  top50=13  top10%=40
Cycle  57: GP refit  (66 labelled)
  → SM-19517  gap=1.192 eV  best=0.022 eV  top50=13  top10%=40
Cycle  58: GP refit  (67 labelled)
  → SM-16985  gap=0.237 eV  best=0.022 eV  top50=13  top10%=41
Cycle  59: GP refit  (68 labelled)
  → SM-4416  gap=1.311 eV  best=0.022 eV  top50=13  top10%=41
Cycle  60: GP refit  (69 labelled)
  → SM-6906  gap=0.442 eV  best=0.022 eV  top50=13  top10%=42
Cycle  61: full DKL retrain  (70 labelled)
GP warmup: 20 epochs on initial embeddings
Joint DKL training: 50 epochs
  Epoch 20/50  loss=-0.0347
  Epoch 40/50  loss=-0.1475
DKL training done in 0.7s
  → SM-17155  gap=0.731 eV  best=0.022 eV  top50=13  top10%=43
Cycle  62: GP refit  (71 labelled)
  → SM-17263  gap=1.010 eV  best=0.022 eV  top50=13  top10%=43
Cycle  63: GP refit  (72 labelled)
  → SM-4401  gap=0.725 eV  best=0.022 eV  top50=13  top10%=44
Cycle  64: GP refit  (73 labelled)
  → SM-4335  gap=1.083 eV  best=0.022 eV  top50=13  top10%=44
Cycle  65: GP refit  (74 labelled)
  → SM-17256  gap=1.126 eV  best=0.022 eV  top50=13  top10%=44
Cycle  66: full DKL retrain  (75 labelled)
GP warmup: 20 epochs on initial embeddings
Joint DKL training: 50 epochs
  Epoch 20/50  loss=-0.2241
  Epoch 40/50  loss=-0.4169
DKL training done in 0.4s
  → SM-7334  gap=0.767 eV  best=0.022 eV  top50=13  top10%=45
Cycle  67: GP refit  (76 labelled)
  → SM-4352  gap=0.719 eV  best=0.022 eV  top50=13  top10%=46
Cycle  68: GP refit  (77 labelled)
  → SM-14583  gap=1.423 eV  best=0.022 eV  top50=13  top10%=46
Cycle  69: GP refit  (78 labelled)
  → SM-5584  gap=0.733 eV  best=0.022 eV  top50=13  top10%=47
Cycle  70: GP refit  (79 labelled)
  → SM-5780  gap=1.377 eV  best=0.022 eV  top50=13  top10%=47
Cycle  71: full DKL retrain  (80 labelled)
GP warmup: 20 epochs on initial embeddings
Joint DKL training: 50 epochs
  Epoch 20/50  loss=-0.2368
  Epoch 40/50  loss=-0.3750
DKL training done in 0.4s
  → SM-5126  gap=0.516 eV  best=0.022 eV  top50=13  top10%=48
Cycle  72: GP refit  (81 labelled)
  → SM-9277  gap=0.584 eV  best=0.022 eV  top50=13  top10%=49
Cycle  73: GP refit  (82 labelled)
  → SM-4428  gap=0.507 eV  best=0.022 eV  top50=13  top10%=50
Cycle  74: GP refit  (83 labelled)
  → SM-1015  gap=1.289 eV  best=0.022 eV  top50=13  top10%=50
Cycle  75: GP refit  (84 labelled)
  → SM-19505  gap=2.386 eV  best=0.022 eV  top50=13  top10%=50
Cycle  76: full DKL retrain  (85 labelled)
GP warmup: 20 epochs on initial embeddings
Joint DKL training: 50 epochs
  Epoch 20/50  loss=-0.3233
  Epoch 40/50  loss=-0.4868
DKL training done in 0.4s
  → SM-17055  gap=0.819 eV  best=0.022 eV  top50=13  top10%=51
Cycle  77: GP refit  (86 labelled)
  → SM-16652  gap=3.633 eV  best=0.022 eV  top50=13  top10%=51
Cycle  78: GP refit  (87 labelled)
  → SM-14764  gap=0.452 eV  best=0.022 eV  top50=13  top10%=52
Cycle  79: GP refit  (88 labelled)
  → SM-12639  gap=1.120 eV  best=0.022 eV  top50=13  top10%=52
Cycle  80: GP refit  (89 labelled)
  → SM-9543  gap=0.988 eV  best=0.022 eV  top50=13  top10%=52
Cycle  81: full DKL retrain  (90 labelled)
GP warmup: 20 epochs on initial embeddings
Joint DKL training: 50 epochs
  Epoch 20/50  loss=-0.0112
  Epoch 40/50  loss=-0.1877
DKL training done in 0.5s
  → SM-6970  gap=0.423 eV  best=0.022 eV  top50=13  top10%=53
Cycle  82: GP refit  (91 labelled)
  → SM-16228  gap=0.698 eV  best=0.022 eV  top50=13  top10%=54
Cycle  83: GP refit  (92 labelled)
  → SM-5272  gap=1.791 eV  best=0.022 eV  top50=13  top10%=54
Cycle  84: GP refit  (93 labelled)
  → SM-17303  gap=0.343 eV  best=0.022 eV  top50=13  top10%=55
Cycle  85: GP refit  (94 labelled)
  → SM-14094  gap=0.268 eV  best=0.022 eV  top50=13  top10%=56
Cycle  86: full DKL retrain  (95 labelled)
GP warmup: 20 epochs on initial embeddings
Joint DKL training: 50 epochs
  Epoch 20/50  loss=-0.2783
  Epoch 40/50  loss=-0.4790
DKL training done in 0.7s
  → SM-8920  gap=1.219 eV  best=0.022 eV  top50=13  top10%=56
Cycle  87: GP refit  (96 labelled)
  → SM-14081  gap=0.291 eV  best=0.022 eV  top50=13  top10%=57
Cycle  88: GP refit  (97 labelled)
  → SM-1556  gap=0.550 eV  best=0.022 eV  top50=13  top10%=58
Cycle  89: GP refit  (98 labelled)
  → SM-10672  gap=0.219 eV  best=0.022 eV  top50=13  top10%=59
Cycle  90: GP refit  (99 labelled)
  → SM-19904  gap=0.550 eV  best=0.022 eV  top50=13  top10%=60
Cycle  91: full DKL retrain  (100 labelled)
GP warmup: 20 epochs on initial embeddings
Joint DKL training: 50 epochs
  Epoch 20/50  loss=-0.3997
  Epoch 40/50  loss=-0.6061
DKL training done in 0.7s
  → SM-10397  gap=0.228 eV  best=0.022 eV  top50=13  top10%=61
Cycle  92: GP refit  (101 labelled)
  → SM-17557  gap=0.465 eV  best=0.022 eV  top50=13  top10%=62
Cycle  93: GP refit  (102 labelled)
  → SM-14889  gap=0.139 eV  best=0.022 eV  top50=14  top10%=63
Cycle  94: GP refit  (103 labelled)
  → SM-17310  gap=0.868 eV  best=0.022 eV  top50=14  top10%=64
Cycle  95: GP refit  (104 labelled)
  → SM-419  gap=1.006 eV  best=0.022 eV  top50=14  top10%=64
Cycle  96: full DKL retrain  (105 labelled)
GP warmup: 20 epochs on initial embeddings
Joint DKL training: 50 epochs
  Epoch 20/50  loss=-0.5976
  Epoch 40/50  loss=-0.8418
DKL training done in 0.4s
  → SM-14645  gap=0.802 eV  best=0.022 eV  top50=14  top10%=65
Cycle  97: GP refit  (106 labelled)
  → SM-4417  gap=0.541 eV  best=0.022 eV  top50=14  top10%=66
Cycle  98: GP refit  (107 labelled)
  → SM-4418  gap=0.581 eV  best=0.022 eV  top50=14  top10%=67
Cycle  99: GP refit  (108 labelled)
  → SM-1655  gap=1.686 eV  best=0.022 eV  top50=14  top10%=67
Cycle 100: GP refit  (109 labelled)
  → SM-14610  gap=0.696 eV  best=0.022 eV  top50=14  top10%=68
  gap_min/seed7 → best=0.022 top50=14 top10%=68
BOLoop: 3131 materials  |  direction=min  |  top-50 internal threshold=-0.19  top-10% internal threshold=-0.96
Init: 10 random labels  |  best (min) = 0.100
Cycle   1: full DKL retrain  (10 labelled)
GP warmup: 20 epochs on initial embeddings
/home/roy/software/anaconda3/lib/python3.13/site-packages/torch/_compile.py:32: UserWarning: optimizer contains a parameter group with duplicate parameters; in future, this will cause an error; see github.com/pytorch/pytorch/issues/40967 for more information
  return disable_fn(*args, **kwargs)
Joint DKL training: 50 epochs
  Epoch 20/50  loss=1.8336
  Epoch 40/50  loss=1.6992
DKL training done in 0.4s
  → SM-19874  gap=0.184 eV  best=0.100 eV  top50=1  top10%=1
Cycle   2: GP refit  (11 labelled)
  → SM-20231  gap=0.113 eV  best=0.100 eV  top50=2  top10%=2
Cycle   3: GP refit  (12 labelled)
  → SM-19346  gap=4.035 eV  best=0.100 eV  top50=2  top10%=2
Cycle   4: GP refit  (13 labelled)
  → SM-682  gap=1.046 eV  best=0.100 eV  top50=2  top10%=2
Cycle   5: GP refit  (14 labelled)
  → SM-159  gap=5.294 eV  best=0.100 eV  top50=2  top10%=2
Cycle   6: full DKL retrain  (15 labelled)
GP warmup: 20 epochs on initial embeddings
Joint DKL training: 50 epochs
  Epoch 20/50  loss=2.4275
  Epoch 40/50  loss=1.3403
DKL training done in 0.5s
  → SM-19171  gap=4.028 eV  best=0.100 eV  top50=2  top10%=2
Cycle   7: GP refit  (16 labelled)
  → SM-17334  gap=1.905 eV  best=0.100 eV  top50=2  top10%=2
Cycle   8: GP refit  (17 labelled)
  → SM-7901  gap=4.102 eV  best=0.100 eV  top50=2  top10%=2
Cycle   9: GP refit  (18 labelled)
  → SM-3805  gap=2.583 eV  best=0.100 eV  top50=2  top10%=2
Cycle  10: GP refit  (19 labelled)
  → SM-6115  gap=3.579 eV  best=0.100 eV  top50=2  top10%=2
Cycle  11: full DKL retrain  (20 labelled)
GP warmup: 20 epochs on initial embeddings
Joint DKL training: 50 epochs
  Epoch 20/50  loss=1.5935
  Epoch 40/50  loss=1.3369
DKL training done in 0.5s
  → SM-19456  gap=1.845 eV  best=0.100 eV  top50=2  top10%=2
Cycle  12: GP refit  (21 labelled)
  → SM-5038  gap=9.232 eV  best=0.100 eV  top50=2  top10%=2
Cycle  13: GP refit  (22 labelled)
  → SM-19966  gap=1.530 eV  best=0.100 eV  top50=2  top10%=2
Cycle  14: GP refit  (23 labelled)
  → SM-15921  gap=3.796 eV  best=0.100 eV  top50=2  top10%=2
Cycle  15: GP refit  (24 labelled)
  → SM-256  gap=2.577 eV  best=0.100 eV  top50=2  top10%=2
Cycle  16: full DKL retrain  (25 labelled)
GP warmup: 20 epochs on initial embeddings
Joint DKL training: 50 epochs
  Epoch 20/50  loss=1.6443
  Epoch 40/50  loss=1.4502
DKL training done in 0.4s
  → SM-7534  gap=1.341 eV  best=0.100 eV  top50=2  top10%=2
Cycle  17: GP refit  (26 labelled)
  → SM-5174  gap=6.565 eV  best=0.100 eV  top50=2  top10%=2
Cycle  18: GP refit  (27 labelled)
  → SM-5003  gap=19.720 eV  best=0.100 eV  top50=2  top10%=2
Cycle  19: GP refit  (28 labelled)
  → SM-5606  gap=2.807 eV  best=0.100 eV  top50=2  top10%=2
Cycle  20: GP refit  (29 labelled)
  → SM-5126  gap=0.516 eV  best=0.100 eV  top50=2  top10%=3
Cycle  21: full DKL retrain  (30 labelled)
GP warmup: 20 epochs on initial embeddings
Joint DKL training: 50 epochs
  Epoch 20/50  loss=4.2513
  Epoch 40/50  loss=1.8862
DKL training done in 0.5s
  → SM-19116  gap=2.161 eV  best=0.100 eV  top50=2  top10%=3
Cycle  22: GP refit  (31 labelled)
  → SM-1117  gap=3.708 eV  best=0.100 eV  top50=2  top10%=3
Cycle  23: GP refit  (32 labelled)
  → SM-5002  gap=20.302 eV  best=0.100 eV  top50=2  top10%=3
Cycle  24: GP refit  (33 labelled)
  → SM-19807  gap=1.474 eV  best=0.100 eV  top50=2  top10%=3
Cycle  25: GP refit  (34 labelled)
  → SM-694  gap=1.110 eV  best=0.100 eV  top50=2  top10%=3
Cycle  26: full DKL retrain  (35 labelled)
GP warmup: 20 epochs on initial embeddings
Joint DKL training: 50 epochs
  Epoch 20/50  loss=6.3073
  Epoch 40/50  loss=3.0217
DKL training done in 0.4s
  → SM-4038  gap=2.731 eV  best=0.100 eV  top50=2  top10%=3
Cycle  27: GP refit  (36 labelled)
  → SM-20350  gap=2.385 eV  best=0.100 eV  top50=2  top10%=3
Cycle  28: GP refit  (37 labelled)
  → SM-659  gap=0.729 eV  best=0.100 eV  top50=2  top10%=4
Cycle  29: GP refit  (38 labelled)
  → SM-17180  gap=1.016 eV  best=0.100 eV  top50=2  top10%=4
Cycle  30: GP refit  (39 labelled)
  → SM-6442  gap=8.542 eV  best=0.100 eV  top50=2  top10%=4
Cycle  31: full DKL retrain  (40 labelled)
GP warmup: 20 epochs on initial embeddings
Joint DKL training: 50 epochs
  Epoch 20/50  loss=2.8138
  Epoch 40/50  loss=2.1825
DKL training done in 0.4s
  → SM-7998  gap=0.513 eV  best=0.100 eV  top50=2  top10%=5
Cycle  32: GP refit  (41 labelled)
  → SM-16761  gap=1.152 eV  best=0.100 eV  top50=2  top10%=5
Cycle  33: GP refit  (42 labelled)
  → SM-19816  gap=4.433 eV  best=0.100 eV  top50=2  top10%=5
Cycle  34: GP refit  (43 labelled)
  → SM-15538  gap=0.606 eV  best=0.100 eV  top50=2  top10%=6
Cycle  35: GP refit  (44 labelled)
  → SM-894  gap=2.978 eV  best=0.100 eV  top50=2  top10%=6
Cycle  36: full DKL retrain  (45 labelled)
GP warmup: 20 epochs on initial embeddings
Joint DKL training: 50 epochs
  Epoch 20/50  loss=4.4819
  Epoch 40/50  loss=2.3277
DKL training done in 0.4s
  → SM-13884  gap=1.613 eV  best=0.100 eV  top50=2  top10%=6
Cycle  37: GP refit  (46 labelled)
  → SM-1247  gap=5.106 eV  best=0.100 eV  top50=2  top10%=6
Cycle  38: GP refit  (47 labelled)
  → SM-11686  gap=3.701 eV  best=0.100 eV  top50=2  top10%=6
Cycle  39: GP refit  (48 labelled)
  → SM-7092  gap=0.749 eV  best=0.100 eV  top50=2  top10%=7
Cycle  40: GP refit  (49 labelled)
  → SM-15973  gap=3.362 eV  best=0.100 eV  top50=2  top10%=7
Cycle  41: full DKL retrain  (50 labelled)
GP warmup: 20 epochs on initial embeddings
Joint DKL training: 50 epochs
  Epoch 20/50  loss=1.7485
  Epoch 40/50  loss=1.2283
DKL training done in 0.4s
  → SM-16648  gap=3.673 eV  best=0.100 eV  top50=2  top10%=7
Cycle  42: GP refit  (51 labelled)
  → SM-2838  gap=3.952 eV  best=0.100 eV  top50=2  top10%=7
Cycle  43: GP refit  (52 labelled)
  → SM-4424  gap=1.221 eV  best=0.100 eV  top50=2  top10%=7
Cycle  44: GP refit  (53 labelled)
  → SM-9717  gap=2.698 eV  best=0.100 eV  top50=2  top10%=7
Cycle  45: GP refit  (54 labelled)
  → SM-7935  gap=1.394 eV  best=0.100 eV  top50=2  top10%=7
Cycle  46: full DKL retrain  (55 labelled)
GP warmup: 20 epochs on initial embeddings
Joint DKL training: 50 epochs
  Epoch 20/50  loss=1.8679
  Epoch 40/50  loss=1.6637
DKL training done in 0.4s
  → SM-236  gap=3.993 eV  best=0.100 eV  top50=2  top10%=7
Cycle  47: GP refit  (56 labelled)
  → SM-16841  gap=1.299 eV  best=0.100 eV  top50=2  top10%=7
Cycle  48: GP refit  (57 labelled)
  → SM-14930  gap=0.072 eV  best=0.072 eV  top50=3  top10%=8
Cycle  49: GP refit  (58 labelled)
  → SM-266  gap=1.330 eV  best=0.072 eV  top50=3  top10%=8
Cycle  50: GP refit  (59 labelled)
  → SM-6311  gap=0.756 eV  best=0.072 eV  top50=3  top10%=9
Cycle  51: full DKL retrain  (60 labelled)
GP warmup: 20 epochs on initial embeddings
Joint DKL training: 50 epochs
  Epoch 20/50  loss=2.3329
  Epoch 40/50  loss=1.5919
DKL training done in 0.5s
  → SM-7511  gap=0.215 eV  best=0.072 eV  top50=3  top10%=10
Cycle  52: GP refit  (61 labelled)
  → SM-1391  gap=4.874 eV  best=0.072 eV  top50=3  top10%=10
Cycle  53: GP refit  (62 labelled)
  → SM-12201  gap=2.993 eV  best=0.072 eV  top50=3  top10%=10
Cycle  54: GP refit  (63 labelled)
  → SM-19259  gap=2.664 eV  best=0.072 eV  top50=3  top10%=10
Cycle  55: GP refit  (64 labelled)
  → SM-19801  gap=3.948 eV  best=0.072 eV  top50=3  top10%=10
Cycle  56: full DKL retrain  (65 labelled)
GP warmup: 20 epochs on initial embeddings
Joint DKL training: 50 epochs
  Epoch 20/50  loss=1.6843
  Epoch 40/50  loss=1.2695
DKL training done in 0.6s
  → SM-19372  gap=1.190 eV  best=0.072 eV  top50=3  top10%=10
Cycle  57: GP refit  (66 labelled)
  → SM-1276  gap=4.556 eV  best=0.072 eV  top50=3  top10%=10
Cycle  58: GP refit  (67 labelled)
  → SM-15566  gap=0.103 eV  best=0.072 eV  top50=4  top10%=11
Cycle  59: GP refit  (68 labelled)
  → SM-16843  gap=1.987 eV  best=0.072 eV  top50=4  top10%=11
Cycle  60: GP refit  (69 labelled)
  → SM-1734  gap=0.156 eV  best=0.072 eV  top50=5  top10%=12
Cycle  61: full DKL retrain  (70 labelled)
GP warmup: 20 epochs on initial embeddings
Joint DKL training: 50 epochs
  Epoch 20/50  loss=1.0895
  Epoch 40/50  loss=0.6164
DKL training done in 0.5s
  → SM-14632  gap=0.480 eV  best=0.072 eV  top50=5  top10%=13
Cycle  62: GP refit  (71 labelled)
  → SM-10290  gap=1.634 eV  best=0.072 eV  top50=5  top10%=13
Cycle  63: GP refit  (72 labelled)
  → SM-6081  gap=0.588 eV  best=0.072 eV  top50=5  top10%=14
Cycle  64: GP refit  (73 labelled)
  → SM-4462  gap=1.302 eV  best=0.072 eV  top50=5  top10%=14
Cycle  65: GP refit  (74 labelled)
  → SM-799  gap=1.440 eV  best=0.072 eV  top50=5  top10%=14
Cycle  66: full DKL retrain  (75 labelled)
GP warmup: 20 epochs on initial embeddings
Joint DKL training: 50 epochs
  Epoch 20/50  loss=1.0996
  Epoch 40/50  loss=0.5930
DKL training done in 0.6s
  → SM-4336  gap=1.133 eV  best=0.072 eV  top50=5  top10%=14
Cycle  67: GP refit  (76 labelled)
  → SM-19481  gap=3.185 eV  best=0.072 eV  top50=5  top10%=14
Cycle  68: GP refit  (77 labelled)
  → SM-19446  gap=9.069 eV  best=0.072 eV  top50=5  top10%=14
Cycle  69: GP refit  (78 labelled)
  → SM-8069  gap=0.985 eV  best=0.072 eV  top50=5  top10%=14
Cycle  70: GP refit  (79 labelled)
  → SM-12932  gap=4.088 eV  best=0.072 eV  top50=5  top10%=14
Cycle  71: full DKL retrain  (80 labelled)
GP warmup: 20 epochs on initial embeddings
Joint DKL training: 50 epochs
  Epoch 20/50  loss=1.6915
  Epoch 40/50  loss=1.4975
DKL training done in 0.4s
  → SM-8685  gap=0.885 eV  best=0.072 eV  top50=5  top10%=15
Cycle  72: GP refit  (81 labelled)
  → SM-4426  gap=0.612 eV  best=0.072 eV  top50=5  top10%=16
Cycle  73: GP refit  (82 labelled)
  → SM-14619  gap=1.000 eV  best=0.072 eV  top50=5  top10%=16
Cycle  74: GP refit  (83 labelled)
  → SM-17757  gap=4.367 eV  best=0.072 eV  top50=5  top10%=16
Cycle  75: GP refit  (84 labelled)
  → SM-6906  gap=0.442 eV  best=0.072 eV  top50=5  top10%=17
Cycle  76: full DKL retrain  (85 labelled)
GP warmup: 20 epochs on initial embeddings
Joint DKL training: 50 epochs
  Epoch 20/50  loss=1.3236
  Epoch 40/50  loss=1.0066
DKL training done in 0.5s
  → SM-20226  gap=0.057 eV  best=0.057 eV  top50=6  top10%=18
Cycle  77: GP refit  (86 labelled)
  → SM-480  gap=0.707 eV  best=0.057 eV  top50=6  top10%=19
Cycle  78: GP refit  (87 labelled)
  → SM-8745  gap=1.419 eV  best=0.057 eV  top50=6  top10%=19
Cycle  79: GP refit  (88 labelled)
  → SM-246  gap=4.832 eV  best=0.057 eV  top50=6  top10%=19
Cycle  80: GP refit  (89 labelled)
  → SM-239  gap=4.687 eV  best=0.057 eV  top50=6  top10%=19
Cycle  81: full DKL retrain  (90 labelled)
GP warmup: 20 epochs on initial embeddings
Joint DKL training: 50 epochs
  Epoch 20/50  loss=0.9656
  Epoch 40/50  loss=0.7204
DKL training done in 0.5s
  → SM-14583  gap=1.423 eV  best=0.057 eV  top50=6  top10%=19
Cycle  82: GP refit  (91 labelled)
  → SM-14753  gap=0.041 eV  best=0.041 eV  top50=7  top10%=20
Cycle  83: GP refit  (92 labelled)
  → SM-5439  gap=0.416 eV  best=0.041 eV  top50=7  top10%=21
Cycle  84: GP refit  (93 labelled)
  → SM-18389  gap=0.863 eV  best=0.041 eV  top50=7  top10%=22
Cycle  85: GP refit  (94 labelled)
  → SM-1401  gap=2.500 eV  best=0.041 eV  top50=7  top10%=22
Cycle  86: full DKL retrain  (95 labelled)
GP warmup: 20 epochs on initial embeddings
Joint DKL training: 50 epochs
  Epoch 20/50  loss=0.8458
  Epoch 40/50  loss=0.6082
DKL training done in 0.4s
  → SM-4450  gap=0.681 eV  best=0.041 eV  top50=7  top10%=23
Cycle  87: GP refit  (96 labelled)
  → SM-17999  gap=0.878 eV  best=0.041 eV  top50=7  top10%=24
Cycle  88: GP refit  (97 labelled)
  → SM-13654  gap=1.032 eV  best=0.041 eV  top50=7  top10%=24
Cycle  89: GP refit  (98 labelled)
  → SM-5777  gap=1.595 eV  best=0.041 eV  top50=7  top10%=24
Cycle  90: GP refit  (99 labelled)
  → SM-10754  gap=2.875 eV  best=0.041 eV  top50=7  top10%=24
Cycle  91: full DKL retrain  (100 labelled)
GP warmup: 20 epochs on initial embeddings
Joint DKL training: 50 epochs
  Epoch 20/50  loss=0.7022
  Epoch 40/50  loss=0.4788
DKL training done in 0.6s
  → SM-17308  gap=0.696 eV  best=0.041 eV  top50=7  top10%=25
Cycle  92: GP refit  (101 labelled)
  → SM-18777  gap=0.274 eV  best=0.041 eV  top50=7  top10%=26
Cycle  93: GP refit  (102 labelled)
  → SM-20313  gap=0.189 eV  best=0.041 eV  top50=7  top10%=27
Cycle  94: GP refit  (103 labelled)
  → SM-294  gap=2.759 eV  best=0.041 eV  top50=7  top10%=27
Cycle  95: GP refit  (104 labelled)
  → SM-4423  gap=1.045 eV  best=0.041 eV  top50=7  top10%=27
Cycle  96: full DKL retrain  (105 labelled)
GP warmup: 20 epochs on initial embeddings
Joint DKL training: 50 epochs
  Epoch 20/50  loss=0.7404
  Epoch 40/50  loss=0.3957
DKL training done in 0.6s
  → SM-11916  gap=4.085 eV  best=0.041 eV  top50=7  top10%=27
Cycle  97: GP refit  (106 labelled)
  → SM-4269  gap=1.151 eV  best=0.041 eV  top50=7  top10%=27
Cycle  98: GP refit  (107 labelled)
  → SM-16639  gap=2.570 eV  best=0.041 eV  top50=7  top10%=27
Cycle  99: GP refit  (108 labelled)
  → SM-1481  gap=1.673 eV  best=0.041 eV  top50=7  top10%=27
Cycle 100: GP refit  (109 labelled)
  → SM-14969  gap=0.315 eV  best=0.041 eV  top50=7  top10%=28
  gap_min/seed8 → best=0.041 top50=7 top10%=28
BOLoop: 3131 materials  |  direction=min  |  top-50 internal threshold=-0.19  top-10% internal threshold=-0.96
Init: 10 random labels  |  best (min) = 0.525
Cycle   1: full DKL retrain  (10 labelled)
GP warmup: 20 epochs on initial embeddings
/home/roy/software/anaconda3/lib/python3.13/site-packages/torch/_compile.py:32: UserWarning: optimizer contains a parameter group with duplicate parameters; in future, this will cause an error; see github.com/pytorch/pytorch/issues/40967 for more information
  return disable_fn(*args, **kwargs)
Joint DKL training: 50 epochs
  Epoch 20/50  loss=1.9693
  Epoch 40/50  loss=1.8114
DKL training done in 0.5s
  → SM-14493  gap=0.611 eV  best=0.525 eV  top50=0  top10%=1
Cycle   2: GP refit  (11 labelled)
  → SM-17368  gap=2.687 eV  best=0.525 eV  top50=0  top10%=1
Cycle   3: GP refit  (12 labelled)
  → SM-5013  gap=14.425 eV  best=0.525 eV  top50=0  top10%=1
Cycle   4: GP refit  (13 labelled)
  → SM-1250  gap=1.819 eV  best=0.525 eV  top50=0  top10%=1
Cycle   5: GP refit  (14 labelled)
  → SM-19182  gap=1.770 eV  best=0.525 eV  top50=0  top10%=1
Cycle   6: full DKL retrain  (15 labelled)
GP warmup: 20 epochs on initial embeddings
Joint DKL training: 50 epochs
  Epoch 20/50  loss=2.5187
  Epoch 40/50  loss=2.3377
DKL training done in 0.4s
  → SM-17066  gap=0.630 eV  best=0.525 eV  top50=0  top10%=2
Cycle   7: GP refit  (16 labelled)
  → SM-10732  gap=2.138 eV  best=0.525 eV  top50=0  top10%=2
Cycle   8: GP refit  (17 labelled)
  → SM-16985  gap=0.237 eV  best=0.237 eV  top50=0  top10%=3
Cycle   9: GP refit  (18 labelled)
  → SM-5015  gap=15.528 eV  best=0.237 eV  top50=0  top10%=3
Cycle  10: GP refit  (19 labelled)
  → SM-14610  gap=0.696 eV  best=0.237 eV  top50=0  top10%=4
Cycle  11: full DKL retrain  (20 labelled)
GP warmup: 20 epochs on initial embeddings
Joint DKL training: 50 epochs
  Epoch 20/50  loss=1.9140
  Epoch 40/50  loss=1.5900
DKL training done in 0.4s
  → SM-17069  gap=1.947 eV  best=0.237 eV  top50=0  top10%=4
Cycle  12: GP refit  (21 labelled)
  → SM-17088  gap=0.954 eV  best=0.237 eV  top50=0  top10%=5
Cycle  13: GP refit  (22 labelled)
  → SM-15751  gap=0.039 eV  best=0.039 eV  top50=1  top10%=6
Cycle  14: GP refit  (23 labelled)
  → SM-13591  gap=0.360 eV  best=0.039 eV  top50=1  top10%=7
Cycle  15: GP refit  (24 labelled)
  → SM-588  gap=1.824 eV  best=0.039 eV  top50=1  top10%=7
Cycle  16: full DKL retrain  (25 labelled)
GP warmup: 20 epochs on initial embeddings
Joint DKL training: 50 epochs
  Epoch 20/50  loss=1.3301
  Epoch 40/50  loss=1.1373
DKL training done in 0.5s
  → SM-5329  gap=0.638 eV  best=0.039 eV  top50=1  top10%=8
Cycle  17: GP refit  (26 labelled)
  → SM-4418  gap=0.581 eV  best=0.039 eV  top50=1  top10%=9
Cycle  18: GP refit  (27 labelled)
  → SM-14619  gap=1.000 eV  best=0.039 eV  top50=1  top10%=9
Cycle  19: GP refit  (28 labelled)
  → SM-6713  gap=0.192 eV  best=0.039 eV  top50=1  top10%=10
Cycle  20: GP refit  (29 labelled)
  → SM-4417  gap=0.541 eV  best=0.039 eV  top50=1  top10%=11
Cycle  21: full DKL retrain  (30 labelled)
GP warmup: 20 epochs on initial embeddings
Joint DKL training: 50 epochs
  Epoch 20/50  loss=0.8408
  Epoch 40/50  loss=0.6302
DKL training done in 0.5s
  → SM-15769  gap=0.135 eV  best=0.039 eV  top50=2  top10%=12
Cycle  22: GP refit  (31 labelled)
  → SM-1563  gap=0.181 eV  best=0.039 eV  top50=3  top10%=13
Cycle  23: GP refit  (32 labelled)
  → SM-17065  gap=0.892 eV  best=0.039 eV  top50=3  top10%=14
Cycle  24: GP refit  (33 labelled)
  → SM-1550  gap=1.753 eV  best=0.039 eV  top50=3  top10%=14
Cycle  25: GP refit  (34 labelled)
  → SM-4303  gap=0.422 eV  best=0.039 eV  top50=3  top10%=15
Cycle  26: full DKL retrain  (35 labelled)
GP warmup: 20 epochs on initial embeddings
Joint DKL training: 50 epochs
  Epoch 20/50  loss=0.4309
  Epoch 40/50  loss=0.1862
DKL training done in 0.6s
  → SM-20012  gap=2.052 eV  best=0.039 eV  top50=3  top10%=15
Cycle  27: GP refit  (36 labelled)
  → SM-435  gap=0.246 eV  best=0.039 eV  top50=3  top10%=16
Cycle  28: GP refit  (37 labelled)
  → SM-15785  gap=0.160 eV  best=0.039 eV  top50=4  top10%=17
Cycle  29: GP refit  (38 labelled)
  → SM-20138  gap=1.808 eV  best=0.039 eV  top50=4  top10%=17
Cycle  30: GP refit  (39 labelled)
  → SM-20011  gap=2.023 eV  best=0.039 eV  top50=4  top10%=17
Cycle  31: full DKL retrain  (40 labelled)
GP warmup: 20 epochs on initial embeddings
Joint DKL training: 50 epochs
  Epoch 20/50  loss=0.4348
  Epoch 40/50  loss=0.2430
DKL training done in 0.5s
  → SM-17665  gap=0.178 eV  best=0.039 eV  top50=5  top10%=18
Cycle  32: GP refit  (41 labelled)
  → SM-7457  gap=0.461 eV  best=0.039 eV  top50=5  top10%=19
Cycle  33: GP refit  (42 labelled)
  → SM-5774  gap=1.684 eV  best=0.039 eV  top50=5  top10%=19
Cycle  34: GP refit  (43 labelled)
  → SM-10032  gap=0.458 eV  best=0.039 eV  top50=5  top10%=20
Cycle  35: GP refit  (44 labelled)
  → SM-14930  gap=0.072 eV  best=0.039 eV  top50=6  top10%=21
Cycle  36: full DKL retrain  (45 labelled)
GP warmup: 20 epochs on initial embeddings
Joint DKL training: 50 epochs
  Epoch 20/50  loss=0.4386
  Epoch 40/50  loss=-0.0832
DKL training done in 0.4s
  → SM-679  gap=1.011 eV  best=0.039 eV  top50=6  top10%=21
Cycle  37: GP refit  (46 labelled)
  → SM-19883  gap=1.032 eV  best=0.039 eV  top50=6  top10%=21
Cycle  38: GP refit  (47 labelled)
  → SM-10439  gap=0.047 eV  best=0.039 eV  top50=7  top10%=22
Cycle  39: GP refit  (48 labelled)
  → SM-8534  gap=0.273 eV  best=0.039 eV  top50=7  top10%=23
Cycle  40: GP refit  (49 labelled)
  → SM-17999  gap=0.878 eV  best=0.039 eV  top50=7  top10%=24
Cycle  41: full DKL retrain  (50 labelled)
GP warmup: 20 epochs on initial embeddings
Joint DKL training: 50 epochs
  Epoch 20/50  loss=-0.1840
  Epoch 40/50  loss=-0.3606
DKL training done in 0.4s
  → SM-7334  gap=0.767 eV  best=0.039 eV  top50=7  top10%=25
Cycle  42: GP refit  (51 labelled)
  → SM-7178  gap=0.579 eV  best=0.039 eV  top50=7  top10%=26
Cycle  43: GP refit  (52 labelled)
  → SM-10463  gap=0.408 eV  best=0.039 eV  top50=7  top10%=27
Cycle  44: GP refit  (53 labelled)
  → SM-8573  gap=0.710 eV  best=0.039 eV  top50=7  top10%=28
Cycle  45: GP refit  (54 labelled)
  → SM-6311  gap=0.756 eV  best=0.039 eV  top50=7  top10%=29
Cycle  46: full DKL retrain  (55 labelled)
GP warmup: 20 epochs on initial embeddings
Joint DKL training: 50 epochs
  Epoch 20/50  loss=-0.5892
  Epoch 40/50  loss=-0.9812
DKL training done in 0.5s
  → SM-3507  gap=2.390 eV  best=0.039 eV  top50=7  top10%=29
Cycle  47: GP refit  (56 labelled)
  → SM-17367  gap=3.435 eV  best=0.039 eV  top50=7  top10%=29
Cycle  48: GP refit  (57 labelled)
  → SM-20134  gap=1.296 eV  best=0.039 eV  top50=7  top10%=29
Cycle  49: GP refit  (58 labelled)
  → SM-5780  gap=1.377 eV  best=0.039 eV  top50=7  top10%=29
Cycle  50: GP refit  (59 labelled)
  → SM-10474  gap=0.635 eV  best=0.039 eV  top50=7  top10%=30
Cycle  51: full DKL retrain  (60 labelled)
GP warmup: 20 epochs on initial embeddings
Joint DKL training: 50 epochs
  Epoch 20/50  loss=1.6118
  Epoch 40/50  loss=1.1620
DKL training done in 0.5s
  → SM-4348  gap=0.970 eV  best=0.039 eV  top50=7  top10%=30
Cycle  52: GP refit  (61 labelled)
  → SM-17055  gap=0.819 eV  best=0.039 eV  top50=7  top10%=31
Cycle  53: GP refit  (62 labelled)
  → SM-10489  gap=0.053 eV  best=0.039 eV  top50=8  top10%=32
Cycle  54: GP refit  (63 labelled)
  → SM-17219  gap=1.555 eV  best=0.039 eV  top50=8  top10%=32
Cycle  55: GP refit  (64 labelled)
  → SM-4345  gap=1.307 eV  best=0.039 eV  top50=8  top10%=32
Cycle  56: full DKL retrain  (65 labelled)
GP warmup: 20 epochs on initial embeddings
Joint DKL training: 50 epochs
  Epoch 20/50  loss=0.4080
  Epoch 40/50  loss=0.3625
DKL training done in 0.5s
  → SM-5002  gap=20.302 eV  best=0.039 eV  top50=8  top10%=32
Cycle  57: GP refit  (66 labelled)
  → SM-17227  gap=1.669 eV  best=0.039 eV  top50=8  top10%=32
Cycle  58: GP refit  (67 labelled)
  → SM-16840  gap=1.859 eV  best=0.039 eV  top50=8  top10%=32
Cycle  59: GP refit  (68 labelled)
  → SM-14382  gap=1.840 eV  best=0.039 eV  top50=8  top10%=32
Cycle  60: GP refit  (69 labelled)
  → SM-10483  gap=1.377 eV  best=0.039 eV  top50=8  top10%=32
Cycle  61: full DKL retrain  (70 labelled)
GP warmup: 20 epochs on initial embeddings
Joint DKL training: 50 epochs
  Epoch 20/50  loss=1.3640
  Epoch 40/50  loss=1.1153
DKL training done in 0.5s
  → SM-4291  gap=0.683 eV  best=0.039 eV  top50=8  top10%=33
Cycle  62: GP refit  (71 labelled)
  → SM-10171  gap=0.639 eV  best=0.039 eV  top50=8  top10%=34
Cycle  63: GP refit  (72 labelled)
  → SM-14632  gap=0.480 eV  best=0.039 eV  top50=8  top10%=35
Cycle  64: GP refit  (73 labelled)
  → SM-14979  gap=0.909 eV  best=0.039 eV  top50=8  top10%=36
Cycle  65: GP refit  (74 labelled)
  → SM-10485  gap=0.936 eV  best=0.039 eV  top50=8  top10%=37
Cycle  66: full DKL retrain  (75 labelled)
GP warmup: 20 epochs on initial embeddings
Joint DKL training: 50 epochs
  Epoch 20/50  loss=1.7681
  Epoch 40/50  loss=0.7138
DKL training done in 0.4s
  → SM-16059  gap=1.557 eV  best=0.039 eV  top50=8  top10%=37
Cycle  67: GP refit  (76 labelled)
  → SM-19449  gap=8.323 eV  best=0.039 eV  top50=8  top10%=37
Cycle  68: GP refit  (77 labelled)
  → SM-6449  gap=1.144 eV  best=0.039 eV  top50=8  top10%=37
Cycle  69: GP refit  (78 labelled)
  → SM-8001  gap=0.505 eV  best=0.039 eV  top50=8  top10%=38
Cycle  70: GP refit  (79 labelled)
  → SM-14645  gap=0.802 eV  best=0.039 eV  top50=8  top10%=39
Cycle  71: full DKL retrain  (80 labelled)
GP warmup: 20 epochs on initial embeddings
Joint DKL training: 50 epochs
  Epoch 20/50  loss=0.6059
  Epoch 40/50  loss=0.4524
DKL training done in 0.5s
  → SM-6515  gap=0.263 eV  best=0.039 eV  top50=8  top10%=40
Cycle  72: GP refit  (81 labelled)
  → SM-12734  gap=1.240 eV  best=0.039 eV  top50=8  top10%=40
Cycle  73: GP refit  (82 labelled)
  → SM-20494  gap=2.661 eV  best=0.039 eV  top50=8  top10%=40
Cycle  74: GP refit  (83 labelled)
  → SM-17556  gap=0.673 eV  best=0.039 eV  top50=8  top10%=41
Cycle  75: GP refit  (84 labelled)
  → SM-20539  gap=2.147 eV  best=0.039 eV  top50=8  top10%=41
Cycle  76: full DKL retrain  (85 labelled)
GP warmup: 20 epochs on initial embeddings
Joint DKL training: 50 epochs
  Epoch 20/50  loss=0.4816
  Epoch 40/50  loss=0.3234
DKL training done in 0.6s
  → SM-1015  gap=1.289 eV  best=0.039 eV  top50=8  top10%=41
Cycle  77: GP refit  (86 labelled)
  → SM-5280  gap=4.324 eV  best=0.039 eV  top50=8  top10%=41
Cycle  78: GP refit  (87 labelled)
  → SM-4352  gap=0.719 eV  best=0.039 eV  top50=8  top10%=42
Cycle  79: GP refit  (88 labelled)
  → SM-8017  gap=1.133 eV  best=0.039 eV  top50=8  top10%=42
Cycle  80: GP refit  (89 labelled)
  → SM-15968  gap=0.831 eV  best=0.039 eV  top50=8  top10%=43
Cycle  81: full DKL retrain  (90 labelled)
GP warmup: 20 epochs on initial embeddings
Joint DKL training: 50 epochs
  Epoch 20/50  loss=0.5168
  Epoch 40/50  loss=0.2839
DKL training done in 0.5s
  → SM-5003  gap=19.720 eV  best=0.039 eV  top50=8  top10%=43
Cycle  82: GP refit  (91 labelled)
  → SM-7377  gap=0.271 eV  best=0.039 eV  top50=8  top10%=44
Cycle  83: GP refit  (92 labelled)
  → SM-20412  gap=0.405 eV  best=0.039 eV  top50=8  top10%=45
Cycle  84: GP refit  (93 labelled)
  → SM-14529  gap=0.568 eV  best=0.039 eV  top50=8  top10%=46
Cycle  85: GP refit  (94 labelled)
  → SM-14889  gap=0.139 eV  best=0.039 eV  top50=9  top10%=47
Cycle  86: full DKL retrain  (95 labelled)
GP warmup: 20 epochs on initial embeddings
Joint DKL training: 50 epochs
  Epoch 20/50  loss=-0.0625
  Epoch 40/50  loss=-0.3656
DKL training done in 0.6s
  → SM-5210  gap=3.787 eV  best=0.039 eV  top50=9  top10%=47
Cycle  87: GP refit  (96 labelled)
  → SM-13751  gap=0.397 eV  best=0.039 eV  top50=9  top10%=48
Cycle  88: GP refit  (97 labelled)
  → SM-11264  gap=3.169 eV  best=0.039 eV  top50=9  top10%=48
Cycle  89: GP refit  (98 labelled)
  → SM-3016  gap=0.340 eV  best=0.039 eV  top50=9  top10%=49
Cycle  90: GP refit  (99 labelled)
  → SM-14748  gap=1.148 eV  best=0.039 eV  top50=9  top10%=49
Cycle  91: full DKL retrain  (100 labelled)
GP warmup: 20 epochs on initial embeddings
Joint DKL training: 50 epochs
  Epoch 20/50  loss=0.6887
  Epoch 40/50  loss=0.4806
DKL training done in 0.6s
  → SM-14081  gap=0.291 eV  best=0.039 eV  top50=9  top10%=50
Cycle  92: GP refit  (101 labelled)
  → SM-4269  gap=1.151 eV  best=0.039 eV  top50=9  top10%=50
Cycle  93: GP refit  (102 labelled)
  → SM-14959  gap=4.018 eV  best=0.039 eV  top50=9  top10%=50
Cycle  94: GP refit  (103 labelled)
  → SM-4260  gap=3.298 eV  best=0.039 eV  top50=9  top10%=50
Cycle  95: GP refit  (104 labelled)
  → SM-10892  gap=3.014 eV  best=0.039 eV  top50=9  top10%=50
Cycle  96: full DKL retrain  (105 labelled)
GP warmup: 20 epochs on initial embeddings
Joint DKL training: 50 epochs
  Epoch 20/50  loss=0.6208
  Epoch 40/50  loss=0.4805
DKL training done in 0.4s
  → SM-1655  gap=1.686 eV  best=0.039 eV  top50=9  top10%=50
Cycle  97: GP refit  (106 labelled)
  → SM-11862  gap=4.019 eV  best=0.039 eV  top50=9  top10%=50
Cycle  98: GP refit  (107 labelled)
  → SM-4353  gap=1.408 eV  best=0.039 eV  top50=9  top10%=50
Cycle  99: GP refit  (108 labelled)
  → SM-3028  gap=0.687 eV  best=0.039 eV  top50=9  top10%=51
Cycle 100: GP refit  (109 labelled)
  → SM-19329  gap=3.475 eV  best=0.039 eV  top50=9  top10%=51
  gap_min/seed9 → best=0.039 top50=9 top10%=51
  [gap_min] done
Runs written=20 skipped=0. Summarizing…

======================================================================
SNUMAT — DKL variants vs Std-GP vs Random (mean over seeds)
======================================================================

  gap_max
    method        |     best   top50  top10%
    ------------------------------------------
    std_gp        |   14.937    17.0    39.0
    dkl_frozen    |   20.302    20.5    44.5
    dkl_finetune  |   20.244     9.3    25.3
    dkl_cold_live |   19.137     8.5    23.7
    random        |   10.223     1.9    10.6

  gap_min
    method        |     best   top50  top10%
    ------------------------------------------
    std_gp        |    0.028     9.9    52.0
    dkl_frozen    |    0.020    11.0    44.7
    dkl_finetune  |    0.027     9.5    53.1
    dkl_cold_live |    0.025     8.9    48.6
    random        |    0.113     1.8    10.7

Saved → /home/roy/Desktop/DKL-BO/snumat_generalization/results/bo_finetune_summary.csv
